timestamp,angle_roll,angle_pitch,angle_yaw,gyro_x,gyro_y,gyro_z,acc_x,acc_y,acc_z,target_roll,target_pitch,target_yaw,target_wx,target_wy,target_wz,rudder1,rudder2,rudder3,rudder4
2026-01-25 22:50:50.255,1.315,-6.607,29.250,-0.004,0.001,-0.031,-0.167,-1.067,-9.829,0.000,0.000,0.000,0.000,0.000,0.000,4.915,-5.085,-1.257,-7.214
2026-01-25 22:50:50.275,1.316,-6.611,29.275,0.005,-0.009,-0.021,-0.220,-1.053,-9.776,0.000,0.000,0.000,0.000,0.000,0.000,5.107,-4.893,-0.682,-7.023
2026-01-25 22:50:50.296,1.322,-6.613,29.290,0.009,-0.004,-0.011,-0.201,-1.043,-9.733,0.000,0.000,0.000,0.000,0.000,0.000,5.170,-4.830,-0.341,-6.511
2026-01-25 22:50:50.319,1.330,-6.605,29.318,0.007,0.003,-0.016,-0.201,-1.043,-9.690,0.000,0.000,0.000,0.000,0.000,0.000,5.149,-4.851,-0.703,-6.575
2026-01-25 22:50:50.340,1.343,-6.595,29.333,0.016,0.003,-0.015,-0.234,-1.067,-9.685,0.000,0.000,0.000,0.000,0.000,0.000,5.320,-4.680,-0.660,-6.533
2026-01-25 22:50:50.361,1.361,-6.578,29.353,0.016,0.012,-0.016,-0.239,-1.048,-9.704,0.000,0.000,0.000,0.000,0.000,0.000,5.320,-4.680,-0.874,-6.405
2026-01-25 22:50:50.382,1.376,-6.557,29.367,0.023,0.021,-0.016,-0.239,-1.048,-9.685,0.000,0.000,0.000,0.000,0.000,0.000,5.469,-4.531,-1.065,-6.213
2026-01-25 22:50:50.392,1.438,-6.527,29.385,0.050,0.017,-0.010,-0.215,-1.058,-9.723,0.000,0.000,0.000,0.000,0.000,0.000,6.001,-3.999,-0.724,-6.043
2026-01-25 22:50:50.413,1.483,-6.503,29.393,0.056,0.025,-0.009,-0.215,-1.058,-9.747,0.000,0.000,0.000,0.000,0.000,0.000,6.129,-3.871,-0.831,-5.851
2026-01-25 22:50:50.433,1.530,-6.461,29.405,0.030,0.028,-0.006,-0.239,-1.024,-9.738,0.000,0.000,0.000,0.000,0.000,0.000,5.597,-4.403,-0.810,-5.702
2026-01-25 22:50:50.454,1.531,-6.440,29.409,0.003,0.014,0.000,-0.239,-1.024,-9.752,0.000,0.000,0.000,0.000,0.000,0.000,5.064,-4.936,-0.277,-5.723
2026-01-25 22:50:50.485,1.529,-6.435,29.409,-0.000,0.004,0.001,-0.234,-0.995,-9.781,0.000,0.000,0.000,0.000,0.000,0.000,5.000,-5.000,-0.043,-5.872
2026-01-25 22:50:50.495,1.568,-6.427,29.399,0.025,0.005,0.009,-0.292,-1.019,-9.781,0.000,0.000,0.000,0.000,0.000,0.000,5.490,-4.510,0.234,-5.553
2026-01-25 22:50:50.516,1.608,-6.401,29.394,0.045,0.015,0.012,-0.297,-1.043,-9.776,0.000,0.000,0.000,0.000,0.000,0.000,5.895,-4.105,0.170,-5.233
2026-01-25 22:50:50.537,1.657,-6.378,29.387,0.044,0.017,0.004,-0.330,-0.995,-9.747,0.000,0.000,0.000,0.000,0.000,0.000,5.874,-4.126,-0.170,-5.489
2026-01-25 22:50:50.558,1.699,-6.371,29.385,0.037,0.002,0.000,-0.340,-1.019,-9.747,0.000,0.000,0.000,0.000,0.000,0.000,5.746,-4.254,-0.043,-5.957
2026-01-25 22:50:50.579,1.714,-6.371,29.381,0.018,-0.002,0.002,-0.340,-1.019,-9.723,0.000,0.000,0.000,0.000,0.000,0.000,5.362,-4.638,0.128,-5.957
2026-01-25 22:50:50.610,1.708,-6.355,29.370,-0.012,0.010,0.002,-0.282,-1.019,-9.719,0.000,0.000,0.000,0.000,0.000,0.000,4.766,-5.234,-0.107,-5.723
2026-01-25 22:50:50.610,1.682,-6.341,29.372,-0.021,0.010,-0.001,-0.282,-1.019,-9.719,0.000,0.000,0.000,0.000,0.000,0.000,4.574,-5.426,-0.234,-5.851
2026-01-25 22:50:50.631,1.682,-6.330,29.372,-0.001,0.009,-0.004,-0.278,-1.029,-9.728,0.000,0.000,0.000,0.000,0.000,0.000,4.979,-5.021,-0.341,-6.000
2026-01-25 22:50:50.652,1.703,-6.303,29.370,0.019,0.018,0.000,-0.258,-1.005,-9.714,0.000,0.000,0.000,0.000,0.000,0.000,5.383,-4.617,-0.362,-5.638
2026-01-25 22:50:50.673,1.749,-6.279,29.372,0.033,0.021,0.002,-0.297,-1.005,-9.714,0.000,0.000,0.000,0.000,0.000,0.000,5.660,-4.340,-0.341,-5.489
2026-01-25 22:50:50.704,1.781,-6.258,29.352,0.037,0.020,0.025,-0.297,-1.005,-9.743,0.000,0.000,0.000,0.000,0.000,0.000,5.746,-4.254,0.575,-4.615
2026-01-25 22:50:50.714,1.837,-6.220,29.302,0.044,0.020,0.038,-0.273,-0.986,-9.733,0.000,0.000,0.000,0.000,0.000,0.000,5.874,-4.126,1.129,-4.061
2026-01-25 22:50:50.735,1.883,-6.202,29.278,0.040,0.021,0.029,-0.273,-0.986,-9.743,0.000,0.000,0.000,0.000,0.000,0.000,5.810,-4.190,0.724,-4.423
2026-01-25 22:50:50.755,1.931,-6.163,29.247,0.038,0.022,0.026,-0.378,-0.947,-9.762,0.000,0.000,0.000,0.000,0.000,0.000,5.767,-4.233,0.575,-4.530
2026-01-25 22:50:50.777,1.984,-6.144,29.223,0.049,0.022,0.034,-0.378,-0.947,-9.738,0.000,0.000,0.000,0.000,0.000,0.000,5.980,-4.020,0.916,-4.189
2026-01-25 22:50:50.808,2.051,-6.117,29.173,0.054,0.012,0.039,-0.373,-0.967,-9.709,0.000,0.000,0.000,0.000,0.000,0.000,6.087,-3.913,1.342,-4.189
2026-01-25 22:50:50.819,2.103,-6.104,29.151,0.046,0.014,0.029,-0.373,-0.967,-9.752,0.000,0.000,0.000,0.000,0.000,0.000,5.916,-4.084,0.874,-4.573
2026-01-25 22:50:50.829,2.171,-6.067,29.134,0.055,0.021,0.016,-0.435,-0.971,-9.795,0.000,0.000,0.000,0.000,0.000,0.000,6.108,-3.892,0.213,-4.935
2026-01-25 22:50:50.850,2.242,-6.063,29.120,0.056,0.001,0.010,-0.435,-0.971,-9.800,0.000,0.000,0.000,0.000,0.000,0.000,6.129,-3.871,0.362,-5.595
2026-01-25 22:50:50.871,2.263,-6.065,29.108,0.027,-0.004,0.015,-0.440,-0.976,-9.800,0.000,0.000,0.000,0.000,0.000,0.000,5.533,-4.467,0.682,-5.489
2026-01-25 22:50:50.892,2.275,-6.056,29.075,0.006,0.001,0.022,-0.459,-0.962,-9.776,0.000,0.000,0.000,0.000,0.000,0.000,5.128,-4.872,0.874,-5.084
2026-01-25 22:50:50.912,2.295,-6.053,29.045,0.014,0.003,0.028,-0.459,-0.962,-9.771,0.000,0.000,0.000,0.000,0.000,0.000,5.277,-4.723,1.044,-4.828
2026-01-25 22:50:50.933,2.345,-6.047,29.017,0.040,-0.003,0.011,-0.421,-0.981,-9.709,0.000,0.000,0.000,0.000,0.000,0.000,5.810,-4.190,0.490,-5.638
2026-01-25 22:50:50.954,2.392,-6.045,29.019,0.043,-0.001,-0.005,-0.412,-1.014,-9.709,0.000,0.000,0.000,0.000,0.000,0.000,5.852,-4.148,-0.192,-6.234
2026-01-25 22:50:50.975,2.418,-6.030,29.025,0.025,0.017,-0.013,-0.412,-1.014,-9.709,0.000,0.000,0.000,0.000,0.000,0.000,5.490,-4.510,-0.852,-6.170
2026-01-25 22:50:50.996,2.457,-5.989,29.027,0.034,0.028,-0.003,-0.455,-0.947,-9.709,0.000,0.000,0.000,0.000,0.000,0.000,5.682,-4.318,-0.682,-5.574
2026-01-25 22:50:51.016,2.576,-5.951,29.015,0.078,0.037,0.007,-0.455,-0.947,-9.709,0.000,0.000,0.000,0.000,0.000,0.000,6.555,-3.445,-0.447,-4.956
2026-01-25 22:50:51.027,2.685,-5.881,29.007,0.120,0.050,0.013,-0.493,-0.919,-9.733,0.000,0.000,0.000,0.000,0.000,0.000,7.407,-2.593,-0.490,-4.487
2026-01-25 22:50:51.048,2.829,-5.814,29.001,0.128,0.056,0.010,-0.536,-0.952,-9.733,0.000,0.000,0.000,0.000,0.000,0.000,7.557,-2.443,-0.746,-4.487
2026-01-25 22:50:51.069,2.933,-5.790,29.001,0.096,0.035,0.004,-0.536,-0.952,-9.795,0.000,0.000,0.000,0.000,0.000,0.000,6.917,-3.083,-0.533,-5.126
2026-01-25 22:50:51.089,3.025,-5.750,29.026,0.080,0.019,-0.014,-0.546,-0.900,-9.810,0.000,0.000,0.000,0.000,0.000,0.000,6.598,-3.402,-0.937,-6.170
2026-01-25 22:50:51.110,3.103,-5.696,29.056,0.064,0.034,-0.021,-0.546,-0.900,-9.814,0.000,0.000,0.000,0.000,0.000,0.000,6.278,-3.722,-1.534,-6.170
2026-01-25 22:50:51.131,3.139,-5.654,29.058,0.044,0.048,0.000,-0.632,-0.924,-9.848,0.000,0.000,0.000,0.000,0.000,0.000,5.874,-4.126,-0.959,-5.041
2026-01-25 22:50:51.152,3.269,-5.630,29.043,0.082,0.018,0.018,-0.632,-0.924,-9.848,0.000,0.000,0.000,0.000,0.000,0.000,6.641,-3.359,0.362,-4.913
2026-01-25 22:50:51.172,3.374,-5.632,29.042,0.125,-0.004,0.005,-0.617,-0.890,-9.695,0.000,0.000,0.000,0.000,0.000,0.000,7.493,-2.507,0.298,-5.872
2026-01-25 22:50:51.193,3.493,-5.627,29.066,0.107,0.002,-0.016,-0.627,-0.890,-9.695,0.000,0.000,0.000,0.000,0.000,0.000,7.131,-2.869,-0.682,-6.597
2026-01-25 22:50:51.214,3.528,-5.610,29.112,0.047,0.013,-0.028,-0.627,-0.890,-9.642,0.000,0.000,0.000,0.000,0.000,0.000,5.937,-4.063,-1.364,-6.852
2026-01-25 22:50:51.235,3.491,-5.597,29.139,-0.037,0.012,-0.029,-0.574,-0.924,-9.676,0.000,0.000,0.000,0.000,0.000,0.000,4.254,-5.746,-1.385,-6.916
2026-01-25 22:50:51.245,3.255,-5.586,29.138,-0.208,0.010,0.002,-0.459,-0.938,-9.709,0.000,0.000,0.000,0.000,0.000,0.000,0.845,-9.155,-0.107,-5.723
2026-01-25 22:50:51.266,2.804,-5.539,29.062,-0.409,0.015,0.067,-0.459,-0.938,-9.733,0.000,0.000,0.000,0.000,0.000,0.000,-3.181,-13.181,2.386,-3.017
2026-01-25 22:50:51.287,2.157,-5.525,28.939,-0.575,0.026,0.109,0.244,-0.866,-9.671,0.000,0.000,0.000,0.000,0.000,0.000,-6.505,-16.505,3.835,-1.142
2026-01-25 22:50:51.308,1.259,-5.425,28.809,-0.812,0.047,0.130,0.244,-0.866,-9.642,0.000,0.000,0.000,0.000,0.000,0.000,-11.235,-21.235,4.261,0.136
2026-01-25 22:50:51.329,-0.217,-5.342,28.526,-1.318,0.107,0.259,0.110,-0.818,-9.719,0.000,0.000,0.000,0.000,0.000,0.000,-21.355,-31.355,8.224,6.485
2026-01-25 22:50:51.350,-2.261,-5.221,27.980,-1.859,0.114,0.474,0.512,-0.790,-9.719,0.000,0.000,0.000,0.000,0.000,0.000,-25.000,-35.000,16.682,15.241
2026-01-25 22:50:51.371,-4.268,-5.133,27.318,-1.872,0.003,0.566,0.512,-0.790,-9.776,0.000,0.000,0.000,0.000,0.000,0.000,-25.000,-35.000,22.562,16.690
2026-01-25 22:50:51.391,-5.988,-5.344,26.713,-1.577,-0.034,0.510,1.048,-0.828,-9.709,0.000,0.000,0.000,0.000,0.000,0.000,-25.000,-35.000,21.092,13.729
2026-01-25 22:50:51.412,-7.412,-5.293,26.151,-1.358,0.027,0.447,1.048,-0.828,-9.647,0.000,0.000,0.000,0.000,0.000,0.000,-22.164,-32.164,17.364,12.429
2026-01-25 22:50:51.433,-8.920,-5.392,25.634,-1.401,0.038,0.391,1.493,-1.019,-9.934,0.000,0.000,0.000,0.000,0.000,0.000,-23.016,-33.016,14.871,10.405
2026-01-25 22:50:51.453,-10.475,-5.451,25.160,-1.248,-0.044,0.284,1.579,-0.971,-9.934,0.000,0.000,0.000,0.000,0.000,0.000,-19.970,-29.970,12.251,4.504
2026-01-25 22:50:51.474,-11.366,-5.663,24.968,-0.960,-0.095,0.133,1.579,-0.971,-9.996,0.000,0.000,0.000,0.000,0.000,0.000,-14.196,-24.196,7.222,-2.570
2026-01-25 22:50:51.494,-11.706,-5.754,24.898,-0.462,-0.109,-0.005,1.392,-0.761,-10.111,0.000,0.000,0.000,0.000,0.000,0.000,-4.246,-14.246,1.960,-8.386
2026-01-25 22:50:51.505,-11.126,-5.776,24.970,0.463,-0.056,-0.168,1.019,-0.837,-10.140,0.000,0.000,0.000,0.000,0.000,0.000,14.268,4.268,-5.603,-13.862
2026-01-25 22:50:51.536,-9.208,-5.752,25.295,1.690,0.063,-0.388,1.019,-0.837,-10.092,0.000,0.000,0.000,0.000,0.000,0.000,35.000,25.000,-16.767,-20.253
2026-01-25 22:50:51.546,-6.269,-5.338,25.826,2.858,0.201,-0.618,0.933,-0.785,-10.111,0.000,0.000,0.000,0.000,0.000,0.000,35.000,25.000,-28.741,-26.687
2026-01-25 22:50:51.567,-2.535,-5.281,26.634,3.582,0.278,-0.762,0.622,-0.708,-9.915,0.000,0.000,0.000,0.000,0.000,0.000,35.000,25.000,-30.000,-30.906
2026-01-25 22:50:51.588,1.672,-4.694,27.606,3.780,0.226,-0.816,0.005,-0.593,-9.671,0.000,0.000,0.000,0.000,0.000,0.000,35.000,25.000,-30.000,-34.123
2026-01-25 22:50:51.609,5.469,-4.850,28.550,3.429,0.088,-0.742,-0.354,-0.679,-9.757,0.000,0.000,0.000,0.000,0.000,0.000,35.000,25.000,-30.000,-33.931
2026-01-25 22:50:51.641,8.629,-4.631,29.514,2.675,0.077,-0.668,-0.560,-0.737,-9.671,0.000,0.000,0.000,0.000,0.000,0.000,35.000,25.000,-28.251,-31.183
2026-01-25 22:50:51.652,10.541,-4.780,30.294,1.592,0.066,-0.524,-1.019,-0.799,-9.561,0.000,0.000,0.000,0.000,0.000,0.000,35.000,25.000,-22.285,-25.643
2026-01-25 22:50:51.672,11.204,-4.745,30.891,0.392,0.001,-0.290,-1.101,-0.952,-9.465,0.000,0.000,0.000,0.000,0.000,0.000,12.840,2.840,-11.611,-17.569
2026-01-25 22:50:51.693,10.430,-4.819,31.235,-0.660,-0.097,-0.062,-0.890,-1.000,-9.278,0.000,0.000,0.000,0.000,0.000,0.000,-8.209,-18.209,-0.533,-10.410
2026-01-25 22:50:51.714,9.056,-4.825,31.205,-1.556,-0.094,0.166,-0.727,-0.986,-9.140,0.000,0.000,0.000,0.000,0.000,0.000,-25.000,-35.000,8.522,-1.228
2026-01-25 22:50:51.725,6.557,-5.003,30.928,-2.308,-0.064,0.383,-0.426,-1.005,-8.939,0.000,0.000,0.000,0.000,0.000,0.000,-25.000,-35.000,16.618,8.061
2026-01-25 22:50:51.745,3.669,-4.769,30.534,-2.665,0.049,0.477,-0.230,-0.804,-8.929,0.000,0.000,0.000,0.000,0.000,0.000,-25.000,-35.000,18.109,14.070
2026-01-25 22:50:51.765,0.436,-4.730,29.984,-2.878,0.213,0.543,-0.191,-0.746,-9.116,0.000,0.000,0.000,0.000,0.000,0.000,-25.000,-35.000,17.470,19.992
2026-01-25 22:50:51.786,-2.499,-4.393,29.385,-2.601,0.194,0.542,0.311,-0.718,-9.561,0.000,0.000,0.000,0.000,0.000,0.000,-25.000,-35.000,17.811,19.566
2026-01-25 22:50:51.806,-4.593,-4.496,28.901,-1.638,0.006,0.355,0.766,-0.646,-10.212,0.000,0.000,0.000,0.000,0.000,0.000,-25.000,-35.000,14.061,8.317
2026-01-25 22:50:51.827,-5.515,-4.471,28.596,-0.633,0.015,0.194,0.880,-0.613,-10.192,0.000,0.000,0.000,0.000,0.000,0.000,-7.655,-17.655,7.457,2.053
2026-01-25 22:50:51.858,-5.680,-4.427,28.381,-0.049,0.110,0.115,1.110,-0.579,-10.346,0.000,0.000,0.000,0.000,0.000,0.000,4.020,-5.980,2.407,0.796
2026-01-25 22:50:51.868,-5.382,-4.322,28.151,0.218,0.078,0.124,1.000,-0.502,-10.623,0.000,0.000,0.000,0.000,0.000,0.000,9.368,-0.632,3.388,0.498
2026-01-25 22:50:51.889,-4.850,-4.352,27.967,0.580,-0.027,0.193,0.766,-0.536,-10.853,0.000,0.000,0.000,0.000,0.000,0.000,16.590,6.590,8.245,1.180
2026-01-25 22:50:51.910,-3.297,-4.571,27.768,1.189,-0.144,0.141,0.172,-0.565,-10.867,0.000,0.000,0.000,0.000,0.000,0.000,28.777,18.777,8.501,-3.252
2026-01-25 22:50:51.931,-0.946,-4.840,27.803,2.054,-0.288,-0.050,-0.067,-0.598,-10.599,0.000,0.000,0.000,0.000,0.000,0.000,35.000,25.000,3.750,-13.755
2026-01-25 22:50:51.962,1.481,-5.049,28.117,2.876,-0.255,-0.339,-0.268,-0.651,-10.192,0.000,0.000,0.000,0.000,0.000,0.000,35.000,25.000,-8.458,-24.642
2026-01-25 22:50:51.993,5.529,-5.431,28.660,2.963,-0.115,-0.508,-0.613,-0.713,-9.728,0.000,0.000,0.000,0.000,0.000,0.000,35.000,25.000,-18.024,-28.626
2026-01-25 22:50:52.014,8.017,-5.588,29.470,2.283,-0.128,-0.455,-0.924,-0.904,-9.585,0.000,0.000,0.000,0.000,0.000,0.000,35.000,25.000,-15.638,-26.751
2026-01-25 22:50:52.025,9.172,-5.728,29.769,1.419,-0.232,-0.273,-1.172,-1.062,-9.422,0.000,0.000,0.000,0.000,0.000,0.000,33.379,23.379,-6.264,-21.553
2026-01-25 22:50:52.056,10.087,-6.074,29.926,0.529,-0.314,-0.018,-1.134,-1.120,-8.996,0.000,0.000,0.000,0.000,0.000,0.000,15.589,5.589,5.561,-13.009
2026-01-25 22:50:52.066,9.647,-6.313,29.839,-0.350,-0.288,0.179,-0.957,-1.144,-8.647,0.000,0.000,0.000,0.000,0.000,0.000,-2.009,-12.009,12.911,-4.594
2026-01-25 22:50:52.087,8.584,-6.353,29.637,-1.224,-0.123,0.330,-1.005,-1.153,-8.326,0.000,0.000,0.000,0.000,0.000,0.000,-19.480,-29.480,15.659,4.759
2026-01-25 22:50:52.109,5.654,-6.201,29.295,-2.270,0.085,0.460,-0.914,-1.220,-8.187,0.000,0.000,0.000,0.000,0.000,0.000,-25.000,-35.000,16.703,14.112
2026-01-25 22:50:52.129,2.188,-5.938,28.718,-3.054,0.308,0.439,-0.670,-1.010,-8.408,0.000,0.000,0.000,0.000,0.000,0.000,-25.000,-35.000,11.398,17.713
2026-01-25 22:50:52.150,-0.492,-5.603,28.417,-3.196,0.391,0.357,-0.364,-0.919,-8.872,0.000,0.000,0.000,0.000,0.000,0.000,-25.000,-35.000,6.456,16.094
2026-01-25 22:50:52.171,-4.420,-5.059,27.949,-2.748,0.406,0.238,0.187,-0.957,-9.546,0.000,0.000,0.000,0.000,0.000,0.000,-25.000,-35.000,1.385,11.619
2026-01-25 22:50:52.192,-5.885,-4.829,27.813,-1.789,0.292,0.049,0.565,-0.766,-10.212,0.000,0.000,0.000,0.000,0.000,0.000,-25.000,-35.000,-3.878,1.798
2026-01-25 22:50:52.213,-7.033,-4.519,27.720,-0.649,0.228,-0.070,0.837,-0.646,-10.566,0.000,0.000,0.000,0.000,0.000,0.000,-7.975,-17.975,-7.372,-4.253
2026-01-25 22:50:52.233,-6.579,-4.334,27.710,0.350,0.216,-0.130,0.933,-0.512,-10.972,0.000,0.000,0.000,0.000,0.000,0.000,12.009,2.009,-9.523,-6.874
2026-01-25 22:50:52.254,-5.321,-4.047,27.793,1.044,0.165,-0.172,1.081,-0.450,-11.255,0.000,0.000,0.000,0.000,0.000,0.000,25.879,15.879,-10.163,-9.558
2026-01-25 22:50:52.264,-3.900,-4.007,27.929,1.643,0.032,-0.208,0.928,-0.479,-11.437,0.000,0.000,0.000,0.000,0.000,0.000,35.000,25.000,-8.948,-13.670
2026-01-25 22:50:52.285,-0.768,-4.179,28.282,2.350,-0.175,-0.268,0.378,-0.431,-11.231,0.000,0.000,0.000,0.000,0.000,0.000,35.000,25.000,-7.244,-20.232
2026-01-25 22:50:52.306,1.662,-4.445,28.610,2.883,-0.319,-0.358,-0.005,-0.565,-10.752,0.000,0.000,0.000,0.000,0.000,0.000,35.000,25.000,-7.947,-26.687
2026-01-25 22:50:52.327,5.447,-4.915,29.193,2.691,-0.314,-0.366,-0.340,-0.660,-10.226,0.000,0.000,0.000,0.000,0.000,0.000,35.000,25.000,-8.373,-26.943
2026-01-25 22:50:52.348,7.078,-5.187,29.538,2.004,-0.292,-0.338,-0.679,-0.708,-9.546,0.000,0.000,0.000,0.000,0.000,0.000,35.000,25.000,-7.670,-25.345
2026-01-25 22:50:52.368,8.774,-5.645,29.965,1.104,-0.305,-0.198,-1.005,-0.952,-9.221,0.000,0.000,0.000,0.000,0.000,0.000,27.072,17.072,-1.832,-20.019
2026-01-25 22:50:52.389,8.903,-5.905,30.039,0.225,-0.312,-0.010,-1.019,-1.125,-8.738,0.000,0.000,0.000,0.000,0.000,0.000,9.495,-0.505,5.859,-12.626
2026-01-25 22:50:52.410,8.207,-6.212,30.018,-0.595,-0.218,0.121,-0.852,-1.211,-8.336,0.000,0.000,0.000,0.000,0.000,0.000,-6.910,-16.910,9.225,-5.510
2026-01-25 22:50:52.431,6.877,-6.092,29.888,-1.562,-0.030,0.261,-0.708,-1.139,-8.034,0.000,0.000,0.000,0.000,0.000,0.000,-25.000,-35.000,11.036,3.843
2026-01-25 22:50:52.451,3.516,-5.841,29.639,-2.558,0.175,0.375,-0.469,-1.101,-8.178,0.000,0.000,0.000,0.000,0.000,0.000,-25.000,-35.000,11.505,12.493
2026-01-25 22:50:52.482,-0.095,-5.509,29.086,-3.187,0.390,0.419,-0.278,-0.919,-8.379,0.000,0.000,0.000,0.000,0.000,0.000,-25.000,-35.000,8.948,18.544
2026-01-25 22:50:52.493,-2.697,-5.103,28.760,-3.106,0.491,0.366,0.148,-0.847,-9.001,0.000,0.000,0.000,0.000,0.000,0.000,-25.000,-35.000,4.836,18.480
2026-01-25 22:50:52.514,-6.143,-4.517,28.281,-2.347,0.430,0.227,0.440,-0.790,-9.877,0.000,0.000,0.000,0.000,0.000,0.000,-25.000,-35.000,0.469,11.683
2026-01-25 22:50:52.534,-7.251,-4.263,28.059,-1.380,0.330,0.135,0.565,-0.660,-10.346,0.000,0.000,0.000,0.000,0.000,0.000,-22.590,-32.590,-1.193,6.016
2026-01-25 22:50:52.545,-8.023,-3.950,27.810,-0.425,0.261,0.051,1.024,-0.569,-10.652,0.000,0.000,0.000,0.000,0.000,0.000,-3.501,-13.501,-3.174,1.265
2026-01-25 22:50:52.576,-7.669,-3.777,27.672,0.255,0.182,-0.063,1.373,-0.469,-10.901,0.000,0.000,0.000,0.000,0.000,0.000,10.092,0.092,-6.157,-4.871
2026-01-25 22:50:52.587,-6.992,-3.593,27.659,0.535,0.098,-0.095,1.364,-0.325,-11.087,0.000,0.000,0.000,0.000,0.000,0.000,15.695,5.695,-5.752,-7.832
2026-01-25 22:50:52.607,-6.085,-3.650,27.715,1.034,-0.080,-0.120,1.163,-0.321,-11.489,0.000,0.000,0.000,0.000,0.000,0.000,25.687,15.687,-3.217,-12.413
2026-01-25 22:50:52.628,-3.436,-3.977,27.966,2.058,-0.294,-0.208,0.780,-0.354,-11.312,0.000,0.000,0.000,0.000,0.000,0.000,35.000,25.000,-2.429,-20.189
2026-01-25 22:50:52.649,-0.895,-4.255,28.253,3.004,-0.352,-0.312,0.392,-0.435,-10.470,0.000,0.000,0.000,0.000,0.000,0.000,35.000,25.000,-5.454,-25.516
2026-01-25 22:50:52.680,3.614,-4.742,28.825,3.325,-0.195,-0.380,-0.057,-0.541,-9.790,0.000,0.000,0.000,0.000,0.000,0.000,35.000,25.000,-11.313,-25.111
2026-01-25 22:50:52.691,6.804,-4.779,29.359,2.854,-0.159,-0.369,-0.565,-0.670,-9.561,0.000,0.000,0.000,0.000,0.000,0.000,35.000,25.000,-11.569,-23.918
2026-01-25 22:50:52.711,8.473,-4.964,29.659,2.059,-0.190,-0.261,-1.043,-0.914,-9.178,0.000,0.000,0.000,0.000,0.000,0.000,35.000,25.000,-6.647,-20.232
2026-01-25 22:50:52.722,10.439,-5.274,30.051,1.340,-0.193,-0.157,-1.244,-0.995,-8.843,0.000,0.000,0.000,0.000,0.000,0.000,31.802,21.802,-2.407,-16.120
2026-01-25 22:50:52.742,10.967,-5.402,30.208,0.713,-0.138,-0.076,-1.335,-0.971,-8.680,0.000,0.000,0.000,0.000,0.000,0.000,19.253,9.253,-0.256,-11.795
2026-01-25 22:50:52.763,11.004,-5.470,30.333,-0.042,-0.033,0.062,-1.402,-0.986,-8.570,0.000,0.000,0.000,0.000,0.000,0.000,4.169,-5.831,3.132,-4.189
2026-01-25 22:50:52.784,10.071,-5.353,30.243,-1.042,0.094,0.241,-1.273,-0.957,-8.561,0.000,0.000,0.000,0.000,0.000,0.000,-15.837,-25.837,7.755,5.505
2026-01-25 22:50:52.805,7.193,-5.046,29.862,-2.242,0.179,0.427,-1.062,-0.914,-8.680,0.000,0.000,0.000,0.000,0.000,0.000,-25.000,-35.000,13.508,14.666
2026-01-25 22:50:52.825,4.565,-4.755,29.536,-3.089,0.296,0.478,-0.785,-0.842,-8.853,0.000,0.000,0.000,0.000,0.000,0.000,-25.000,-35.000,13.209,19.055
2026-01-25 22:50:52.846,-0.249,-4.052,28.908,-3.545,0.409,0.484,-0.469,-0.699,-9.101,0.000,0.000,0.000,0.000,0.000,0.000,-25.000,-35.000,11.164,21.526
2026-01-25 22:50:52.867,-3.124,-3.842,28.489,-3.402,0.424,0.431,-0.005,-0.622,-9.723,0.000,0.000,0.000,0.000,0.000,0.000,-25.000,-35.000,8.778,19.737
2026-01-25 22:50:52.899,-6.673,-3.423,27.922,-2.403,0.228,0.254,0.493,-0.555,-10.360,0.000,0.000,0.000,0.000,0.000,0.000,-25.000,-35.000,5.582,8.701
2026-01-25 22:50:52.909,-7.878,-3.363,27.701,-1.126,0.164,0.065,0.933,-0.488,-10.499,0.000,0.000,0.000,0.000,0.000,0.000,-17.520,-27.520,-0.682,-0.120
2026-01-25 22:50:52.930,-8.023,-3.188,27.629,-0.249,0.211,-0.070,1.134,-0.335,-10.685,0.000,0.000,0.000,0.000,0.000,0.000,0.015,-9.985,-7.031,-4.594
2026-01-25 22:50:52.941,-7.657,-3.026,27.596,0.315,0.143,-0.118,1.239,-0.201,-11.116,0.000,0.000,0.000,0.000,0.000,0.000,11.306,1.306,-7.585,-7.875
2026-01-25 22:50:52.961,-6.738,-2.928,27.614,0.882,-0.025,-0.116,1.043,-0.263,-11.259,0.000,0.000,0.000,0.000,0.000,0.000,22.641,12.641,-4.155,-11.135
2026-01-25 22:50:52.992,-4.804,-3.089,27.776,1.931,-0.208,-0.214,0.660,-0.359,-11.346,0.000,0.000,0.000,0.000,0.000,0.000,35.000,25.000,-4.410,-18.719
2026-01-25 22:50:53.013,-2.445,-3.334,28.058,3.171,-0.373,-0.401,0.182,-0.263,-11.054,0.000,0.000,0.000,0.000,0.000,0.000,35.000,25.000,-8.565,-29.478
2026-01-25 22:50:53.023,2.531,-3.876,28.812,3.782,-0.403,-0.581,-0.134,-0.340,-10.250,0.000,0.000,0.000,0.000,0.000,0.000,35.000,25.000,-15.169,-36.000
2026-01-25 22:50:53.044,6.259,-4.293,29.544,3.223,-0.312,-0.594,-0.488,-0.546,-9.747,0.000,0.000,0.000,0.000,0.000,0.000,35.000,25.000,-17.534,-36.000
2026-01-25 22:50:53.065,8.722,-4.725,30.149,1.957,-0.338,-0.414,-0.890,-0.799,-9.417,0.000,0.000,0.000,0.000,0.000,0.000,35.000,25.000,-9.822,-29.329
2026-01-25 22:50:53.086,9.868,-5.099,30.441,1.191,-0.445,-0.208,-1.306,-1.038,-9.106,0.000,0.000,0.000,0.000,0.000,0.000,28.819,18.819,0.597,-23.215
2026-01-25 22:50:53.106,11.188,-5.689,30.715,0.896,-0.441,-0.097,-1.359,-1.038,-8.719,0.000,0.000,0.000,0.000,0.000,0.000,22.918,12.918,4.932,-18.687
2026-01-25 22:50:53.127,11.665,-6.039,30.847,0.544,-0.294,-0.060,-1.316,-0.919,-8.331,0.000,0.000,0.000,0.000,0.000,0.000,15.887,5.887,3.494,-14.266
2026-01-25 22:50:53.148,11.775,-6.230,30.970,-0.189,-0.061,0.058,-1.325,-0.957,-8.202,0.000,0.000,0.000,0.000,0.000,0.000,1.229,-8.771,3.515,-4.913
2026-01-25 22:50:53.168,10.472,-6.063,30.927,-1.303,0.169,0.252,-1.206,-1.086,-8.183,0.000,0.000,0.000,0.000,0.000,0.000,-21.056,-31.056,6.711,7.486
2026-01-25 22:50:53.179,8.597,-5.757,30.736,-2.610,0.358,0.432,-0.962,-1.086,-8.302,0.000,0.000,0.000,0.000,0.000,0.000,-25.000,-35.000,10.141,18.458
2026-01-25 22:50:53.199,4.015,-4.945,30.214,-3.694,0.474,0.532,-0.708,-0.904,-8.680,0.000,0.000,0.000,0.000,0.000,0.000,-25.000,-35.000,11.987,24.000
2026-01-25 22:50:53.220,0.663,-4.661,29.743,-4.058,0.469,0.550,-0.421,-0.670,-9.269,0.000,0.000,0.000,0.000,0.000,0.000,-25.000,-35.000,12.613,24.000
2026-01-25 22:50:53.240,-4.343,-3.966,28.957,-3.344,0.399,0.440,0.230,-0.718,-10.063,0.000,0.000,0.000,0.000,0.000,0.000,-25.000,-35.000,9.233,18.866
2026-01-25 22:50:53.261,-6.413,-3.846,28.584,-2.061,0.299,0.233,0.613,-0.550,-10.633,0.000,0.000,0.000,0.000,0.000,0.000,-25.000,-35.000,3.345,9.319
2026-01-25 22:50:53.281,-8.123,-3.541,28.168,-0.791,0.238,0.049,0.885,-0.459,-10.948,0.000,0.000,0.000,0.000,0.000,0.000,-7.655,-17.655,-3.558,-0.365
2026-01-25 22:50:53.313,-8.057,-3.373,28.061,0.226,0.110,-0.111,1.144,-0.354,-11.207,0.000,0.000,0.000,0.000,0.000,0.000,9.517,-0.483,-6.626,-8.237
2026-01-25 22:50:53.334,-7.308,-3.331,28.125,0.718,-0.007,-0.200,1.278,-0.297,-11.188,0.000,0.000,0.000,0.000,0.000,0.000,19.360,9.360,-7.862,-14.160
2026-01-25 22:50:53.344,-6.488,-3.386,28.214,1.021,-0.121,-0.185,1.144,-0.359,-11.087,0.000,0.000,0.000,0.000,0.000,0.000,25.410,15.410,-4.985,-15.843
2026-01-25 22:50:53.365,-4.378,-3.711,28.445,1.762,-0.287,-0.214,0.689,-0.359,-11.020,0.000,0.000,0.000,0.000,0.000,0.000,35.000,25.000,-2.565,-20.852
2026-01-25 22:50:53.385,-2.173,-3.962,28.700,2.975,-0.424,-0.350,0.287,-0.364,-10.838,0.000,0.000,0.000,0.000,0.000,0.000,35.000,25.000,-5.539,-28.498
2026-01-25 22:50:53.406,1.649,-4.396,29.237,3.825,-0.366,-0.543,0.134,-0.493,-9.939,0.000,0.000,0.000,0.000,0.000,0.000,35.000,25.000,-14.402,-35.060
2026-01-25 22:50:53.416,6.754,-4.820,30.172,3.587,-0.205,-0.623,-0.297,-0.546,-9.465,0.000,0.000,0.000,0.000,0.000,0.000,35.000,25.000,-20.837,-35.018
2026-01-25 22:50:53.437,9.069,-5.033,30.657,2.460,-0.193,-0.394,-0.919,-0.861,-9.240,0.000,0.000,0.000,0.000,0.000,0.000,35.000,25.000,-11.910,-25.622
2026-01-25 22:50:53.458,11.316,-5.396,31.085,1.184,-0.249,-0.065,-1.311,-1.120,-8.910,0.000,0.000,0.000,0.000,0.000,0.000,28.670,18.670,2.386,-13.585
2026-01-25 22:50:53.479,11.679,-5.603,31.104,0.186,-0.275,0.142,-1.282,-1.158,-8.542,0.000,0.000,0.000,0.000,0.000,0.000,8.728,-1.272,11.164,-5.830
2026-01-25 22:50:53.500,11.180,-5.832,30.993,-0.584,-0.154,0.211,-1.407,-1.038,-8.250,0.000,0.000,0.000,0.000,0.000,0.000,-6.675,-16.675,11.526,-0.652
2026-01-25 22:50:53.520,10.105,-5.796,30.855,-1.523,0.058,0.323,-1.455,-0.943,-8.173,0.000,0.000,0.000,0.000,0.000,0.000,-25.000,-35.000,11.761,8.061
2026-01-25 22:50:53.542,7.012,-5.462,30.501,-2.578,0.260,0.404,-1.158,-0.890,-8.336,0.000,0.000,0.000,0.000,0.000,0.000,-25.000,-35.000,10.951,15.348
2026-01-25 22:50:53.562,4.356,-5.077,30.209,-3.395,0.479,0.450,-0.689,-0.842,-8.690,0.000,0.000,0.000,0.000,0.000,0.000,-25.000,-35.000,8.394,21.569
2026-01-25 22:50:53.583,-0.772,-4.322,29.561,-3.830,0.550,0.488,-0.263,-0.699,-9.345,0.000,0.000,0.000,0.000,0.000,0.000,-25.000,-35.000,8.522,24.000
2026-01-25 22:50:53.604,-3.780,-3.961,29.110,-3.498,0.402,0.440,0.330,-0.742,-10.197,0.000,0.000,0.000,0.000,0.000,0.000,-25.000,-35.000,9.566,19.630
2026-01-25 22:50:53.625,-7.676,-3.646,28.403,-2.404,0.199,0.316,0.541,-0.603,-10.494,0.000,0.000,0.000,0.000,0.000,0.000,-25.000,-35.000,8.671,10.639
2026-01-25 22:50:53.635,-8.808,-3.529,28.135,-0.941,0.170,0.067,1.383,-0.402,-10.432,0.000,0.000,0.000,0.000,0.000,0.000,-13.813,-23.813,-0.724,0.093
2026-01-25 22:50:53.656,-9.198,-3.225,27.995,0.027,0.255,-0.167,1.680,-0.187,-10.566,0.000,0.000,0.000,0.000,0.000,0.000,5.533,-4.467,-11.782,-7.598
2026-01-25 22:50:53.677,-8.616,-2.957,28.035,0.587,0.202,-0.183,1.598,-0.105,-10.896,0.000,0.000,0.000,0.000,0.000,0.000,16.739,6.739,-11.377,-9.281
2026-01-25 22:50:53.698,-7.809,-2.863,28.054,1.050,0.043,-0.092,1.302,-0.225,-11.025,0.000,0.000,0.000,0.000,0.000,0.000,26.007,16.007,-4.517,-8.812
2026-01-25 22:50:53.718,-5.693,-2.976,28.081,1.717,-0.176,-0.061,0.818,-0.359,-10.948,0.000,0.000,0.000,0.000,0.000,0.000,35.000,25.000,1.087,-11.944
2026-01-25 22:50:53.739,-3.670,-3.235,28.202,2.681,-0.397,-0.197,0.215,-0.311,-10.704,0.000,0.000,0.000,0.000,0.000,0.000,35.000,25.000,0.064,-21.830
2026-01-25 22:50:53.760,0.831,-3.794,28.708,3.527,-0.421,-0.438,-0.244,-0.349,-10.082,0.000,0.000,0.000,0.000,0.000,0.000,35.000,25.000,-9.097,-31.929
2026-01-25 22:50:53.781,3.735,-4.061,29.188,3.437,-0.249,-0.570,-0.737,-0.455,-9.671,0.000,0.000,0.000,0.000,0.000,0.000,35.000,25.000,-17.811,-33.782
2026-01-25 22:50:53.801,7.702,-4.546,30.061,2.558,-0.182,-0.556,-0.928,-0.713,-9.365,0.000,0.000,0.000,0.000,0.000,0.000,35.000,25.000,-18.767,-31.718
2026-01-25 22:50:53.822,9.188,-4.643,30.491,1.444,-0.223,-0.363,-1.120,-0.971,-9.188,0.000,0.000,0.000,0.000,0.000,0.000,33.890,23.890,-10.077,-24.983
2026-01-25 22:50:53.843,10.317,-4.971,30.898,0.519,-0.222,-0.104,-1.120,-1.024,-8.829,0.000,0.000,0.000,0.000,0.000,0.000,13.061,3.061,0.253,-14.605
2026-01-25 22:50:53.864,10.244,-5.179,30.993,-0.144,-0.146,0.048,-0.904,-0.900,-8.585,0.000,0.000,0.000,0.000,0.000,0.000,2.124,-7.876,4.836,-7.001
2026-01-25 22:50:53.875,9.239,-5.178,30.924,-1.048,0.003,0.226,-0.617,-0.804,-8.455,0.000,0.000,0.000,0.000,0.000,0.000,-15.964,-25.964,8.970,3.097
2026-01-25 22:50:53.895,7.487,-5.048,30.694,-2.500,0.138,0.493,-0.493,-0.766,-8.637,0.000,0.000,0.000,0.000,0.000,0.000,-25.000,-35.000,16.959,16.498
2026-01-25 22:50:53.927,-5.644,-3.774,28.208,-3.600,0.307,0.750,0.287,-0.603,-10.427,0.000,0.000,0.000,0.000,0.000,0.000,-25.000,-35.000,23.862,24.000
2026-01-25 22:50:53.947,-7.963,-3.685,27.651,-2.439,0.117,0.484,0.632,-0.522,-10.599,0.000,0.000,0.000,0.000,0.000,0.000,-25.000,-35.000,17.002,15.689
2026-01-25 22:50:53.957,-10.132,-3.625,27.003,-1.121,0.022,0.224,1.029,-0.493,-10.700,0.000,0.000,0.000,0.000,0.000,0.000,-17.413,-27.413,8.501,3.396
2026-01-25 22:50:53.978,-10.318,-3.700,26.835,0.108,0.002,-0.021,1.297,-0.421,-10.700,0.000,0.000,0.000,0.000,0.000,0.000,7.152,-2.848,-0.895,-6.810
2026-01-25 22:50:53.999,-9.456,-3.755,26.837,0.826,-0.033,-0.200,1.263,-0.345,-10.599,0.000,0.000,0.000,0.000,0.000,0.000,21.512,11.512,-7.350,-14.671
2026-01-25 22:50:54.020,-8.016,-3.816,26.971,1.325,-0.172,-0.223,1.005,-0.412,-10.546,0.000,0.000,0.000,0.000,0.000,0.000,31.504,21.504,-5.475,-18.336
2026-01-25 22:50:54.041,-6.346,-4.027,27.156,2.225,-0.347,-0.280,0.737,-0.608,-10.274,0.000,0.000,0.000,0.000,0.000,0.000,35.000,25.000,-4.261,-24.152
2026-01-25 22:50:54.102,-2.238,-4.519,27.666,3.336,-0.410,-0.431,0.579,-0.598,-9.939,0.000,0.000,0.000,0.000,0.000,0.000,35.000,25.000,-9.055,-31.460
2026-01-25 22:50:54.123,0.797,-4.783,28.119,3.741,-0.291,-0.543,0.244,-0.603,-9.633,0.000,0.000,0.000,0.000,0.000,0.000,35.000,25.000,-15.915,-33.548
2026-01-25 22:50:54.143,5.419,-5.070,28.945,3.076,-0.118,-0.499,-0.206,-0.723,-9.254,0.000,0.000,0.000,0.000,0.000,0.000,35.000,25.000,-18.008,-27.875
2026-01-25 22:50:54.164,7.787,-5.226,29.422,1.891,-0.103,-0.262,-0.727,-0.861,-9.326,0.000,0.000,0.000,0.000,0.000,0.000,35.000,25.000,-8.416,-18.549
2026-01-25 22:50:54.174,8.715,-5.339,29.597,0.833,-0.133,-0.006,-0.876,-1.000,-9.288,0.000,0.000,0.000,0.000,0.000,0.000,21.661,11.661,2.407,-8.919
2026-01-25 22:50:54.195,9.037,-5.493,29.625,-0.046,-0.125,0.166,-1.038,-1.010,-8.996,0.000,0.000,0.000,0.000,0.000,0.000,4.084,-5.916,9.140,-1.845
2026-01-25 22:50:54.215,8.440,-5.493,29.540,-0.934,0.014,0.259,-0.971,-0.876,-8.728,0.000,0.000,0.000,0.000,0.000,0.000,-13.685,-23.685,10.077,4.631
2026-01-25 22:50:54.236,6.071,-5.268,29.272,-2.094,0.180,0.358,-0.852,-0.766,-8.742,0.000,0.000,0.000,0.000,0.000,0.000,-25.000,-35.000,10.717,11.918
2026-01-25 22:50:54.256,3.700,-4.991,28.994,-3.116,0.339,0.471,-0.565,-0.785,-9.068,0.000,0.000,0.000,0.000,0.000,0.000,-25.000,-35.000,12.059,19.609
2026-01-25 22:50:54.277,-1.150,-4.429,28.320,-3.674,0.412,0.554,-0.120,-0.751,-9.561,0.000,0.000,0.000,0.000,0.000,0.000,-25.000,-35.000,13.729,24.000
2026-01-25 22:50:54.298,-4.168,-4.146,27.832,-3.574,0.336,0.540,0.574,-0.742,-10.250,0.000,0.000,0.000,0.000,0.000,0.000,-25.000,-35.000,14.892,22.315
2026-01-25 22:50:54.318,-8.494,-3.938,27.008,-2.850,0.129,0.466,0.766,-0.694,-10.666,0.000,0.000,0.000,0.000,0.000,0.000,-25.000,-35.000,16.560,14.682
2026-01-25 22:50:54.349,-10.206,-3.976,26.603,-1.748,-0.018,0.321,1.617,-0.660,-10.752,0.000,0.000,0.000,0.000,0.000,0.000,-25.000,-35.000,13.188,6.464
2026-01-25 22:50:54.359,-11.674,-4.108,26.175,-0.722,-0.067,0.094,1.828,-0.340,-10.599,0.000,0.000,0.000,0.000,0.000,0.000,-9.445,-19.445,5.214,-3.715
2026-01-25 22:50:54.380,-11.841,-4.229,26.022,0.255,-0.132,-0.046,1.790,-0.364,-10.556,0.000,0.000,0.000,0.000,0.000,0.000,-9.445,-19.445,5.092,-3.593
2026-01-25 22:50:54.401,-11.211,-4.357,26.030,1.502,-0.245,-0.156,1.507,-0.469,-10.518,0.000,0.000,0.000,0.000,0.000,0.000,35.000,25.000,-1.321,-17.121
2026-01-25 22:50:54.421,-8.133,-4.690,26.279,3.055,-0.337,-0.274,1.206,-0.660,-10.240,0.000,0.000,0.000,0.000,0.000,0.000,35.000,25.000,-1.321,-17.121
2026-01-25 22:50:54.442,-5.178,-4.941,26.560,4.269,-0.370,-0.394,0.924,-0.694,-9.838,0.000,0.000,0.000,0.000,0.000,0.000,35.000,25.000,-8.373,-29.159
2026-01-25 22:50:54.463,0.862,-5.342,27.260,4.353,-0.231,-0.464,0.565,-0.708,-9.460,0.000,0.000,0.000,0.000,0.000,0.000,35.000,25.000,-8.373,-29.159
2026-01-25 22:50:54.484,4.150,-5.522,27.690,3.140,-0.146,-0.244,-0.110,-0.885,-9.111,0.000,0.000,0.000,0.000,0.000,0.000,35.000,25.000,-6.839,-18.677
2026-01-25 22:50:54.504,7.587,-5.718,28.063,1.597,-0.109,0.074,-0.967,-1.019,-9.054,0.000,0.000,0.000,0.000,0.000,0.000,35.000,25.000,-6.839,-18.677
2026-01-25 22:50:54.525,8.515,-5.787,28.072,0.337,-0.089,0.289,-1.101,-1.129,-8.963,0.000,0.000,0.000,0.000,0.000,0.000,11.732,1.732,13.337,3.758
2026-01-25 22:50:54.546,8.357,-5.837,27.860,-0.610,-0.061,0.316,-1.292,-0.995,-8.786,0.000,0.000,0.000,0.000,0.000,0.000,-9.575,-19.575,13.936,5.651
2026-01-25 22:50:54.567,7.127,-5.775,27.678,-1.460,0.089,0.292,-1.297,-0.818,-8.757,0.000,0.000,0.000,0.000,0.000,0.000,-7.208,-17.208,13.870,5.441
2026-01-25 22:50:54.577,5.589,-5.628,27.520,-2.396,0.234,0.343,-0.967,-0.794,-8.776,0.000,0.000,0.000,0.000,0.000,0.000,-25.000,-35.000,9.033,12.408
2026-01-25 22:50:54.598,1.842,-5.155,27.121,-3.014,0.409,0.405,-0.287,-0.708,-8.915,0.000,0.000,0.000,0.000,0.000,0.000,-25.000,-35.000,9.033,12.408
2026-01-25 22:50:54.619,-1.702,-4.558,26.807,-3.334,0.499,0.489,0.297,-0.651,-9.355,0.000,0.000,0.000,0.000,0.000,0.000,-25.000,-35.000,9.587,23.529
2026-01-25 22:50:54.640,-5.332,-4.150,25.956,-3.184,0.437,0.575,0.660,-0.770,-10.307,0.000,0.000,0.000,0.000,0.000,0.000,-25.000,-35.000,9.587,23.529
2026-01-25 22:50:54.672,-8.543,-3.726,25.395,-2.699,0.267,0.511,1.330,-0.675,-10.408,0.000,0.000,0.000,0.000,0.000,0.000,-25.000,-35.000,15.105,19.801
2026-01-25 22:50:54.693,-11.126,-3.709,24.538,-2.027,0.146,0.354,1.440,-0.440,-10.556,0.000,0.000,0.000,0.000,0.000,0.000,-25.000,-35.000,15.105,19.801
2026-01-25 22:50:54.703,-12.657,-3.643,24.160,-0.896,0.014,0.144,1.680,-0.388,-10.676,0.000,0.000,0.000,0.000,0.000,0.000,-12.918,-22.918,5.475,0.029
2026-01-25 22:50:54.723,-12.917,-3.733,23.856,0.263,-0.037,-0.067,1.651,-0.354,-10.475,0.000,0.000,0.000,0.000,0.000,0.000,13.160,3.160,-2.866,-10.613
2026-01-25 22:50:54.744,-12.051,-3.757,23.832,1.100,-0.046,-0.164,1.416,-0.397,-10.460,0.000,0.000,0.000,0.000,0.000,0.000,10.262,0.262,-1.939,-9.430
2026-01-25 22:50:54.754,-9.720,-3.963,23.930,1.924,-0.190,-0.236,0.928,-0.479,-10.676,0.000,0.000,0.000,0.000,0.000,0.000,27.008,17.008,-8.543,-16.376
2026-01-25 22:50:54.775,-7.317,-4.220,24.117,3.227,-0.410,-0.403,0.723,-0.569,-10.657,0.000,0.000,0.000,0.000,0.000,0.000,35.000,25.000,-7.904,-30.309
2026-01-25 22:50:54.795,-2.991,-4.530,24.835,4.380,-0.428,-0.637,0.526,-0.550,-10.073,0.000,0.000,0.000,0.000,0.000,0.000,35.000,25.000,-7.904,-30.309
2026-01-25 22:50:54.815,0.670,-4.838,25.426,4.319,-0.303,-0.674,0.258,-0.598,-9.259,0.000,0.000,0.000,0.000,0.000,0.000,35.000,25.000,-20.922,-36.000
2026-01-25 22:50:54.836,5.944,-5.332,26.427,3.149,-0.044,-0.520,-0.100,-0.737,-8.891,0.000,0.000,0.000,0.000,0.000,0.000,35.000,25.000,-19.920,-27.667
2026-01-25 22:50:54.856,8.439,-5.183,27.020,1.429,0.079,-0.185,-0.474,-0.947,-8.910,0.000,0.000,0.000,0.000,0.000,0.000,35.000,25.000,-19.920,-27.667
2026-01-25 22:50:54.877,9.105,-5.142,27.247,-0.032,-0.000,0.133,-0.756,-1.053,-9.058,0.000,0.000,0.000,0.000,0.000,0.000,4.361,-5.639,5.326,-0.674
2026-01-25 22:50:54.898,8.471,-5.120,27.207,-0.904,-0.007,0.303,-0.861,-0.962,-8.819,0.000,0.000,0.000,0.000,0.000,0.000,4.361,-5.639,5.326,-0.674
2026-01-25 22:50:54.919,7.041,-4.957,27.090,-1.523,0.113,0.378,-0.909,-0.790,-8.623,0.000,0.000,0.000,0.000,0.000,0.000,-25.000,-35.000,12.868,11.385
2026-01-25 22:50:54.940,4.888,-4.750,26.740,-2.176,0.277,0.386,-0.723,-0.608,-8.786,0.000,0.000,0.000,0.000,0.000,0.000,-25.000,-35.000,12.868,11.385
2026-01-25 22:50:54.961,2.835,-4.435,26.497,-2.176,0.277,0.448,-0.407,-0.589,-9.077,0.000,0.000,0.000,0.000,0.000,0.000,-25.000,-35.000,12.400,17.478
2026-01-25 22:50:54.981,-1.378,-3.711,25.903,-3.220,0.536,0.506,-0.100,-0.517,-9.790,0.000,0.000,0.000,0.000,0.000,0.000,-25.000,-35.000,9.678,24.000
2026-01-25 22:50:55.002,-4.033,-3.323,25.445,-3.220,0.536,0.491,0.105,-0.531,-10.456,0.000,0.000,0.000,0.000,0.000,0.000,-25.000,-35.000,8.927,24.000
2026-01-25 22:50:55.023,-7.811,-3.027,24.672,-2.238,0.107,0.376,0.493,-0.292,-10.838,0.000,0.000,0.000,0.000,0.000,0.000,-25.000,-35.000,13.007,9.926
2026-01-25 22:50:55.034,-9.281,-3.008,24.317,-2.238,0.107,0.092,1.105,-0.301,-10.585,0.000,0.000,0.000,0.000,0.000,0.000,-25.000,-35.000,1.534,-0.205
2026-01-25 22:50:55.054,-10.010,-2.952,24.106,-0.029,0.079,-0.157,1.397,-0.258,-10.441,0.000,0.000,0.000,0.000,0.000,0.000,6.816,-3.184,-9.199,-11.811
2026-01-25 22:50:55.075,-9.785,-2.885,24.148,-0.029,0.079,-0.276,1.340,-0.234,-10.757,0.000,0.000,0.000,0.000,0.000,0.000,4.425,-5.575,-12.613,-15.460
2026-01-25 22:50:55.096,-8.336,-2.938,24.407,1.485,-0.208,-0.296,1.220,-0.211,-10.685,0.000,0.000,0.000,0.000,0.000,0.000,35.000,25.000,-7.273,-22.621
2026-01-25 22:50:55.127,-6.709,-3.110,24.636,1.485,-0.208,-0.339,1.038,-0.325,-10.690,0.000,0.000,0.000,0.000,0.000,0.000,34.700,24.700,-9.396,-23.705
2026-01-25 22:50:55.138,-2.432,-3.540,25.165,3.520,-0.369,-0.406,0.694,-0.388,-10.135,0.000,0.000,0.000,0.000,0.000,0.000,35.000,25.000,-9.097,-30.043
2026-01-25 22:50:55.158,0.602,-3.813,25.568,3.520,-0.369,-0.466,0.072,-0.359,-9.886,0.000,0.000,0.000,0.000,0.000,0.000,35.000,25.000,-11.249,-31.992
2026-01-25 22:50:55.179,5.428,-4.207,26.298,3.031,-0.226,-0.377,-0.412,-0.627,-9.355,0.000,0.000,0.000,0.000,0.000,0.000,35.000,25.000,-10.288,-24.996
2026-01-25 22:50:55.190,7.575,-4.400,26.684,3.031,-0.226,-0.250,-0.756,-0.813,-9.116,0.000,0.000,0.000,0.000,0.000,0.000,35.000,25.000,-5.497,-20.530
2026-01-25 22:50:55.210,9.211,-4.617,27.103,0.447,-0.124,-0.023,-1.105,-0.852,-8.910,0.000,0.000,0.000,0.000,0.000,0.000,10.566,0.566,2.626,-8.232
2026-01-25 22:50:55.231,8.985,-4.709,27.174,-0.667,-0.069,0.182,-1.192,-0.837,-8.647,0.000,0.000,0.000,0.000,0.000,0.000,13.948,3.948,1.534,-9.409
2026-01-25 22:50:55.252,8.088,-4.704,27.105,-0.667,-0.069,0.304,-1.053,-0.699,-8.800,0.000,0.000,0.000,0.000,0.000,0.000,-8.337,-18.337,13.529,4.759
2026-01-25 22:50:55.273,5.164,-4.486,26.832,-2.611,0.191,0.358,-0.713,-0.713,-8.551,0.000,0.000,0.000,0.000,0.000,0.000,-25.000,-35.000,10.437,12.741
2026-01-25 22:50:55.294,2.726,-4.258,26.608,-2.611,0.191,0.381,-0.402,-0.660,-8.690,0.000,0.000,0.000,0.000,0.000,0.000,-25.000,-35.000,11.441,13.068
2026-01-25 22:50:55.314,-2.177,-3.755,26.066,-3.711,0.362,0.470,0.091,-0.646,-9.503,0.000,0.000,0.000,0.000,0.000,0.000,-25.000,-35.000,11.939,20.528
2026-01-25 22:50:55.335,-5.261,-3.499,25.638,-3.711,0.362,0.429,0.861,-0.541,-9.810,0.000,0.000,0.000,0.000,0.000,0.000,-25.000,-35.000,9.928,18.416
2026-01-25 22:50:55.356,-9.915,-3.268,24.987,-2.961,0.150,0.247,1.603,-0.316,-10.135,0.000,0.000,0.000,0.000,0.000,0.000,-25.000,-35.000,6.272,5.678
2026-01-25 22:50:55.366,-12.624,-3.155,24.628,-2.006,0.137,0.092,1.804,-0.163,-10.140,0.000,0.000,0.000,0.000,0.000,0.000,-25.000,-35.000,6.882,6.890
2026-01-25 22:50:55.398,-14.145,-3.009,24.424,-0.878,0.161,0.006,1.885,-0.148,-10.456,0.000,0.000,0.000,0.000,0.000,0.000,-12.556,-22.556,-2.961,-2.527
2026-01-25 22:50:55.414,-14.357,-2.883,24.183,0.304,0.083,-0.072,1.933,-0.196,-11.025,0.000,0.000,0.000,0.000,0.000,0.000,-12.556,-22.556,-2.961,-2.527
2026-01-25 22:50:55.435,-13.165,-2.951,24.134,1.655,-0.117,-0.191,1.660,-0.163,-11.192,0.000,0.000,0.000,0.000,0.000,0.000,35.000,25.000,-5.284,-15.971
2026-01-25 22:50:55.455,-10.366,-3.028,24.396,3.114,-0.300,-0.441,1.282,-0.278,-11.159,0.000,0.000,0.000,0.000,0.000,0.000,35.000,25.000,-5.284,-15.971
2026-01-25 22:50:55.476,-6.166,-3.503,24.788,4.299,-0.424,-0.690,1.129,-0.349,-10.728,0.000,0.000,0.000,0.000,0.000,0.000,35.000,25.000,-19.132,-36.000
2026-01-25 22:50:55.486,-1.117,-3.753,25.877,4.616,-0.442,-0.811,0.498,-0.335,-10.317,0.000,0.000,0.000,0.000,0.000,0.000,35.000,25.000,-24.142,-36.000
2026-01-25 22:50:55.507,3.586,-4.235,26.776,3.862,-0.411,-0.646,0.378,-0.569,-9.518,0.000,0.000,0.000,0.000,0.000,0.000,35.000,25.000,-16.850,-36.000
2026-01-25 22:50:55.528,6.999,-4.660,27.478,2.398,-0.261,-0.370,-0.225,-0.732,-8.958,0.000,0.000,0.000,0.000,0.000,0.000,35.000,25.000,-17.598,-36.000
2026-01-25 22:50:55.549,8.502,-4.898,27.821,2.398,-0.261,-0.043,-0.522,-0.938,-8.814,0.000,0.000,0.000,0.000,0.000,0.000,35.000,25.000,3.515,-12.924
2026-01-25 22:50:55.570,9.013,-5.143,27.995,-0.187,-0.240,0.161,-0.670,-0.981,-8.632,0.000,0.000,0.000,0.000,0.000,0.000,1.250,-8.750,11.228,-4.359
2026-01-25 22:50:55.590,8.341,-5.377,27.936,-0.782,-0.108,0.258,-0.785,-0.962,-8.345,0.000,0.000,0.000,0.000,0.000,0.000,1.250,-8.750,11.228,-4.359
2026-01-25 22:50:55.611,7.081,-5.280,27.866,-1.326,0.113,0.325,-0.828,-0.785,-8.570,0.000,0.000,0.000,0.000,0.000,0.000,-21.525,-31.525,10.738,9.255
2026-01-25 22:50:55.632,5.095,-5.051,27.582,-2.069,0.293,0.397,-0.512,-0.737,-8.561,0.000,0.000,0.000,0.000,0.000,0.000,-25.000,-35.000,9.947,16.565
2026-01-25 22:50:55.653,2.315,-4.582,27.230,-2.803,0.467,0.497,-0.230,-0.713,-8.819,0.000,0.000,0.000,0.000,0.000,0.000,-25.000,-35.000,10.035,15.753
2026-01-25 22:50:55.674,-0.235,-4.162,26.846,-3.430,0.517,0.608,0.115,-0.641,-9.355,0.000,0.000,0.000,0.000,0.000,0.000,-25.000,-35.000,13.998,24.000
2026-01-25 22:50:55.694,-11.631,-3.080,24.673,-1.975,0.165,0.268,1.091,-0.254,-10.690,0.000,0.000,0.000,0.000,0.000,0.000,-25.000,-35.000,6.661,6.749
2026-01-25 22:50:55.725,-12.817,-3.012,24.369,-0.568,0.165,-0.034,1.459,-0.249,-10.791,0.000,0.000,0.000,0.000,0.000,0.000,-6.356,-16.356,-4.666,-4.061
2026-01-25 22:50:55.726,-13.155,-2.918,24.202,-0.568,0.071,-0.034,1.704,-0.254,-10.791,0.000,0.000,0.000,0.000,0.000,0.000,-6.356,-16.356,-2.791,-5.936
2026-01-25 22:50:55.746,-11.930,-2.907,24.392,1.142,-0.033,-0.345,1.885,-0.239,-10.293,0.000,0.000,0.000,0.000,0.000,0.000,16.398,6.398,-10.717,-15.566
2026-01-25 22:50:55.767,-11.229,-2.812,24.503,1.142,-0.033,-0.345,1.904,-0.368,-10.140,0.000,0.000,0.000,0.000,0.000,0.000,27.839,17.839,-13.145,-20.466
2026-01-25 22:50:55.788,-9.611,-2.836,24.775,1.196,-0.055,-0.296,1.637,-0.426,-9.790,0.000,0.000,0.000,0.000,0.000,0.000,28.926,18.926,-10.738,-18.954
2026-01-25 22:50:55.808,-8.887,-2.940,24.925,0.715,-0.123,-0.190,1.756,-0.397,-9.790,0.000,0.000,0.000,0.000,0.000,0.000,19.296,9.296,-5.135,-16.035
2026-01-25 22:50:55.839,-8.572,-3.074,25.027,0.016,-0.141,-0.048,1.641,-0.397,-9.403,0.000,0.000,0.000,0.000,0.000,0.000,11.732,1.732,-1.321,-12.775
2026-01-25 22:50:55.849,-8.602,-3.168,25.074,0.016,-0.141,-0.048,1.608,-0.488,-9.307,0.000,0.000,0.000,0.000,0.000,0.000,5.320,-4.680,0.895,-10.730
2026-01-25 22:50:55.870,-8.740,-3.224,25.130,-0.058,0.013,-0.035,1.608,-0.488,-9.345,0.000,0.000,0.000,0.000,0.000,0.000,2.230,-7.770,-0.170,-8.727
2026-01-25 22:50:55.891,-8.787,-3.204,25.163,-0.058,0.013,-0.035,1.507,-0.517,-9.637,0.000,0.000,0.000,0.000,0.000,0.000,3.850,-6.150,-1.662,-7.150
2026-01-25 22:50:55.912,-8.348,-3.125,25.223,0.280,0.051,-0.046,1.455,-0.407,-9.767,0.000,0.000,0.000,0.000,0.000,0.000,10.603,0.603,-2.855,-6.810
2026-01-25 22:50:55.933,-7.880,-3.096,25.269,0.424,0.015,-0.032,1.402,-0.321,-9.790,0.000,0.000,0.000,0.000,0.000,0.000,13.480,3.480,-1.577,-6.980
2026-01-25 22:50:55.954,-7.480,-3.067,25.318,0.263,0.025,-0.019,1.402,-0.321,-9.695,0.000,0.000,0.000,0.000,0.000,0.000,12.862,2.862,-1.513,-6.874
2026-01-25 22:50:55.974,-7.233,-3.029,25.370,0.069,0.026,-0.007,1.206,-0.459,-9.719,0.000,0.000,0.000,0.000,0.000,0.000,10.262,0.262,-1.257,-6.277
2026-01-25 22:50:55.985,-7.212,-2.997,25.384,0.069,0.026,-0.007,1.072,-0.455,-9.771,0.000,0.000,0.000,0.000,0.000,0.000,6.385,-3.615,-0.810,-5.787
2026-01-25 22:50:56.005,-7.256,-2.980,25.389,0.002,0.012,0.009,1.000,-0.388,-9.771,0.000,0.000,0.000,0.000,0.000,0.000,5.154,-4.846,0.112,-5.419
2026-01-25 22:50:56.026,-7.214,-2.971,25.394,0.145,0.017,-0.028,1.000,-0.388,-9.747,0.000,0.000,0.000,0.000,0.000,0.000,5.043,-4.957,0.362,-5.680
2026-01-25 22:50:56.047,-7.020,-2.947,25.442,0.132,0.016,-0.056,1.034,-0.368,-9.781,0.000,0.000,0.000,0.000,0.000,0.000,7.898,-2.102,-1.449,-6.767
2026-01-25 22:50:56.067,-6.922,-2.920,25.490,0.132,0.016,-0.056,1.096,-0.373,-9.790,0.000,0.000,0.000,0.000,0.000,0.000,7.642,-2.358,-2.578,-7.939
2026-01-25 22:50:56.088,-6.819,-2.860,25.572,0.089,0.038,-0.099,1.096,-0.373,-9.824,0.000,0.000,0.000,0.000,0.000,0.000,6.854,-3.146,-3.665,-8.898
2026-01-25 22:50:56.109,-6.708,-2.819,25.661,0.089,0.038,-0.099,1.096,-0.383,-9.814,0.000,0.000,0.000,0.000,0.000,0.000,6.790,-3.210,-4.730,-9.196
2026-01-25 22:50:56.141,-6.527,-2.798,25.733,0.210,-0.035,-0.070,1.096,-0.383,-9.728,0.000,0.000,0.000,0.000,0.000,0.000,7.898,-2.102,-3.089,-9.047
2026-01-25 22:50:56.152,-6.296,-2.829,25.805,0.210,-0.035,-0.070,1.091,-0.388,-9.580,0.000,0.000,0.000,0.000,0.000,0.000,9.197,-0.803,-2.109,-9.515
2026-01-25 22:50:56.172,-6.106,-2.790,25.872,0.065,-0.002,-0.051,1.110,-0.402,-9.580,0.000,0.000,0.000,0.000,0.000,0.000,5.940,-4.060,-1.928,-8.013
2026-01-25 22:50:56.193,-6.058,-2.745,25.913,0.065,0.043,-0.051,1.010,-0.388,-9.700,0.000,0.000,0.000,0.000,0.000,0.000,6.300,-3.700,-2.898,-7.193
2026-01-25 22:50:56.214,-6.216,-2.698,25.916,-0.107,0.034,-0.012,1.077,-0.392,-9.700,0.000,0.000,0.000,0.000,0.000,0.000,2.869,-7.131,-1.150,-5.787
2026-01-25 22:50:56.224,-6.291,-2.700,25.898,0.042,-0.011,0.001,1.048,-0.354,-9.781,0.000,0.000,0.000,0.000,0.000,0.000,2.763,-7.237,0.405,-5.553
2026-01-25 22:50:56.245,-6.236,-2.709,25.904,0.042,-0.011,0.001,1.048,-0.325,-9.738,0.000,0.000,0.000,0.000,0.000,0.000,5.831,-4.169,0.256,-6.170
2026-01-25 22:50:56.265,-6.085,-2.674,25.925,0.131,0.035,-0.014,1.048,-0.325,-9.805,0.000,0.000,0.000,0.000,0.000,0.000,7.642,-2.358,-0.788,-6.490
2026-01-25 22:50:56.286,-5.969,-2.639,25.933,0.131,0.035,-0.014,0.962,-0.364,-9.929,0.000,0.000,0.000,0.000,0.000,0.000,7.621,-2.379,-1.257,-5.851
2026-01-25 22:50:56.307,-5.946,-2.620,25.910,-0.025,-0.012,0.033,0.962,-0.364,-9.886,0.000,0.000,0.000,0.000,0.000,0.000,5.639,-4.361,0.298,-5.190
2026-01-25 22:50:56.327,-5.976,-2.630,25.872,-0.025,-0.012,0.033,0.943,-0.287,-9.695,0.000,0.000,0.000,0.000,0.000,0.000,4.510,-5.490,1.555,-4.913
2026-01-25 22:50:56.349,-5.989,-2.580,25.859,0.027,0.121,-0.034,0.943,-0.287,-9.240,0.000,0.000,0.000,0.000,0.000,0.000,4.510,-5.490,0.426,-5.318
2026-01-25 22:50:56.369,-5.957,-2.467,25.904,0.027,0.121,-0.034,0.574,0.196,-8.819,0.000,0.000,0.000,0.000,0.000,0.000,5.533,-4.467,-3.792,-4.935
2026-01-25 22:50:56.390,-5.736,-1.653,26.026,0.274,0.979,-0.326,0.617,0.072,-8.819,0.000,0.000,0.000,0.000,0.000,0.000,10.827,0.827,-30.000,0.938
2026-01-25 22:50:56.411,-5.437,-0.371,26.318,0.227,1.417,-0.558,0.617,-0.335,-9.427,0.000,0.000,0.000,0.000,0.000,0.000,10.475,0.475,-30.000,0.541
2026-01-25 22:50:56.432,-5.241,0.872,26.661,0.227,1.417,-0.558,0.378,0.091,-9.307,0.000,0.000,0.000,0.000,0.000,0.000,9.538,-0.462,-30.000,0.008
2026-01-25 22:50:56.453,-5.206,3.216,27.066,0.091,1.602,-0.297,0.488,0.541,-9.307,0.000,0.000,0.000,0.000,0.000,0.000,6.811,-3.189,-30.000,13.220
2026-01-25 22:50:56.473,-5.439,4.717,27.125,-0.288,1.775,-0.297,0.900,0.995,-9.336,0.000,0.000,0.000,0.000,0.000,0.000,-0.752,-10.752,-30.000,12.112
2026-01-25 22:50:56.494,-5.902,6.824,26.920,-0.343,1.625,-0.048,1.196,1.321,-9.336,0.000,0.000,0.000,0.000,0.000,0.000,-1.860,-11.860,-30.000,22.264
2026-01-25 22:50:56.504,-6.205,7.926,26.797,-0.126,0.610,-0.101,1.029,1.402,-10.551,0.000,0.000,0.000,0.000,0.000,0.000,0.249,-9.751,-24.586,14.751
2026-01-25 22:50:56.525,-6.203,8.387,26.782,-0.126,0.610,-0.101,1.010,1.814,-11.111,0.000,0.000,0.000,0.000,0.000,0.000,2.486,-7.514,-16.256,2.160
2026-01-25 22:50:56.587,-5.910,8.578,26.811,0.209,-0.032,-0.069,1.010,1.847,-11.054,0.000,0.000,0.000,0.000,0.000,0.000,8.068,-1.932,-8.543,-5.467
2026-01-25 22:50:56.608,-5.781,8.544,26.820,0.209,-0.032,-0.069,0.818,1.957,-11.183,0.000,0.000,0.000,0.000,0.000,0.000,9.176,-0.824,-2.131,-9.409
2026-01-25 22:50:56.628,-5.384,7.856,26.984,0.193,-0.378,-0.160,1.038,1.211,-11.183,0.000,0.000,0.000,0.000,0.000,0.000,8.856,-1.144,0.884,-20.243
2026-01-25 22:50:56.649,-4.302,6.582,27.272,0.941,-1.622,-0.209,1.038,1.383,-11.671,0.000,0.000,0.000,0.000,0.000,0.000,14.481,4.481,10.717,-29.500
2026-01-25 22:50:56.670,-2.862,4.503,27.695,1.452,-2.347,-0.196,0.502,1.957,-11.063,0.000,0.000,0.000,0.000,0.000,0.000,23.813,13.813,21.648,-36.000
2026-01-25 22:50:56.691,-1.631,2.532,27.905,1.452,-2.347,-0.196,0.407,0.421,-10.398,0.000,0.000,0.000,0.000,0.000,0.000,34.039,24.039,22.160,-36.000
2026-01-25 22:50:56.711,-0.340,-0.250,28.116,1.438,-2.273,-0.070,0.024,0.349,-8.967,0.000,0.000,0.000,0.000,0.000,0.000,33.762,23.762,27.188,-36.000
2026-01-25 22:50:56.732,0.282,-1.535,28.172,0.763,-1.380,0.069,0.522,-0.081,-8.967,0.000,0.000,0.000,0.000,0.000,0.000,20.255,10.255,30.000,-30.757
2026-01-25 22:50:56.753,0.301,-2.016,28.227,0.066,-0.625,0.069,0.435,-0.455,-7.848,0.000,0.000,0.000,0.000,0.000,0.000,6.321,-3.679,15.276,-15.737
2026-01-25 22:50:56.764,0.014,-2.093,28.470,-0.143,-0.149,-0.035,0.172,-0.522,-8.063,0.000,0.000,0.000,0.000,0.000,0.000,2.145,-7.855,1.577,-10.389
2026-01-25 22:50:56.795,-0.209,-1.950,28.610,-0.209,0.043,0.045,0.206,-0.368,-8.302,0.000,0.000,0.000,0.000,0.000,0.000,0.824,-9.176,1.209,-3.087
2026-01-25 22:50:56.805,-0.133,-1.663,28.680,0.420,0.324,0.058,0.005,-0.211,-8.302,0.000,0.000,0.000,0.000,0.000,0.000,14.478,4.478,-4.461,3.191
2026-01-25 22:50:56.825,0.207,-1.363,28.714,0.420,0.324,0.058,-0.029,-0.201,-9.465,0.000,0.000,0.000,0.000,0.000,0.000,13.394,3.394,-4.176,2.778
2026-01-25 22:50:56.846,0.994,-0.756,28.706,0.602,0.417,0.094,-0.311,-0.072,-9.465,0.000,0.000,0.000,0.000,0.000,0.000,17.037,7.037,-4.591,6.069
2026-01-25 22:50:56.867,1.377,-0.432,28.693,0.472,0.368,0.094,-0.718,0.038,-11.274,0.000,0.000,0.000,0.000,0.000,0.000,14.438,4.438,-3.601,5.100
2026-01-25 22:50:56.898,1.798,-0.509,28.599,0.259,0.059,0.115,-0.880,-0.120,-12.863,0.000,0.000,0.000,0.000,0.000,0.000,10.177,0.177,3.430,-0.226
2026-01-25 22:50:56.908,2.511,-1.409,28.462,0.534,-0.550,0.138,-2.555,-0.589,-27.333,0.000,0.000,0.000,0.000,0.000,0.000,15.674,5.674,16.639,-11.348
2026-01-25 22:50:56.930,3.549,-3.384,28.178,0.772,-2.356,0.231,-1.431,0.325,-54.297,0.000,0.000,0.000,0.000,0.000,0.000,20.023,10.023,30.000,-26.290
2026-01-25 22:50:56.950,4.232,-5.353,27.868,0.772,-2.356,0.231,-0.828,-0.761,-9.810,0.000,0.000,0.000,0.000,0.000,0.000,20.446,10.446,30.000,-26.754
2026-01-25 22:50:56.961,4.467,-7.910,27.492,0.236,-2.053,0.068,-0.723,-0.790,-9.810,0.000,0.000,0.000,0.000,0.000,0.000,9.730,-0.270,30.000,-33.997
2026-01-25 22:50:56.992,4.266,-8.829,27.436,-0.246,-1.152,0.068,-0.632,-1.373,-8.269,0.000,0.000,0.000,0.000,0.000,0.000,0.078,-9.922,25.758,-26.304
2026-01-25 22:50:57.002,3.747,-9.703,27.681,-0.345,-0.717,-0.110,-0.766,-1.641,-7.517,0.000,0.000,0.000,0.000,0.000,0.000,-1.903,-11.903,9.950,-24.727
2026-01-25 22:50:57.023,3.384,-10.186,27.933,-0.141,-0.536,-0.136,-0.479,-1.785,-7.517,0.000,0.000,0.000,0.000,0.000,0.000,2.696,-7.304,5.449,-21.984
2026-01-25 22:50:57.044,3.251,-10.411,28.092,-0.141,-0.314,-0.136,-0.435,-1.766,-7.288,0.000,0.000,0.000,0.000,0.000,0.000,2.188,-7.812,0.831,-17.739
2026-01-25 22:50:57.065,3.358,-10.281,28.279,0.087,-0.006,-0.006,-0.230,-1.775,-7.288,0.000,0.000,0.000,0.000,0.000,0.000,6.750,-3.250,0.314,-5.941
2026-01-25 22:50:57.086,3.433,-10.023,28.325,0.087,0.264,-0.006,-0.273,-1.756,-8.312,0.000,0.000,0.000,0.000,0.000,0.000,6.747,-3.253,-5.539,-0.972
2026-01-25 22:50:57.107,3.451,-9.329,28.312,-0.015,0.444,0.111,-0.325,-1.622,-9.259,0.000,0.000,0.000,0.000,0.000,0.000,4.638,-5.362,-4.176,7.593
2026-01-25 22:50:57.127,3.384,-8.686,28.221,-0.015,0.537,0.111,-0.325,-1.622,-9.259,0.000,0.000,0.000,0.000,0.000,0.000,4.702,-5.298,-6.306,9.169
2026-01-25 22:50:57.148,3.325,-8.148,28.115,-0.121,0.475,0.158,-0.675,-1.402,-9.944,0.000,0.000,0.000,0.000,0.000,0.000,2.571,-7.429,-3.196,9.809
2026-01-25 22:50:57.168,3.321,-7.756,27.939,-0.026,0.336,0.178,-0.909,-1.268,-10.551,0.000,0.000,0.000,0.000,0.000,0.000,4.489,-5.511,0.405,7.827
2026-01-25 22:50:57.189,3.390,-7.563,27.830,0.062,0.221,0.133,-0.909,-1.268,-10.700,0.000,0.000,0.000,0.000,0.000,0.000,6.236,-3.764,0.916,3.737
2026-01-25 22:50:57.209,3.571,-7.295,27.707,0.126,0.175,0.068,-0.957,-1.268,-10.714,0.000,0.000,0.000,0.000,0.000,0.000,7.514,-2.486,-0.767,0.221
2026-01-25 22:50:57.230,3.632,-7.226,27.680,0.066,0.082,0.017,-0.957,-1.268,-10.527,0.000,0.000,0.000,0.000,0.000,0.000,6.321,-3.679,-0.959,-3.678
2026-01-25 22:50:57.240,3.513,-7.205,27.636,-0.128,0.001,-0.002,-0.981,-1.225,-10.212,0.000,0.000,0.000,0.000,0.000,0.000,2.443,-7.557,-0.107,-6.064
2026-01-25 22:50:57.261,3.326,-7.258,27.599,-0.233,-0.059,-0.005,-0.981,-1.225,-9.915,0.000,0.000,0.000,0.000,0.000,0.000,0.334,-9.666,0.959,-7.385
2026-01-25 22:50:57.282,3.128,-7.367,27.565,-0.130,-0.078,-0.043,-0.804,-1.311,-9.647,0.000,0.000,0.000,0.000,0.000,0.000,2.401,-7.599,-0.149,-9.260
2026-01-25 22:50:57.302,3.118,-7.404,27.576,-0.018,-0.042,-0.077,-0.804,-1.311,-9.475,0.000,0.000,0.000,0.000,0.000,0.000,4.638,-5.362,-2.237,-9.899
2026-01-25 22:50:57.323,3.087,-7.399,27.632,-0.029,0.026,-0.107,-0.636,-1.330,-9.326,0.000,0.000,0.000,0.000,0.000,0.000,4.425,-5.575,-4.772,-9.750
2026-01-25 22:50:57.343,2.915,-7.299,27.715,-0.110,0.088,-0.113,-0.636,-1.330,-9.326,0.000,0.000,0.000,0.000,0.000,0.000,2.806,-7.194,-6.285,-8.748
2026-01-25 22:50:57.364,2.800,-7.185,27.759,-0.144,0.118,-0.110,-0.459,-1.306,-9.192,0.000,0.000,0.000,0.000,0.000,0.000,2.124,-7.876,-6.754,-8.024
2026-01-25 22:50:57.385,2.676,-6.995,27.837,-0.103,0.180,-0.117,-0.373,-1.244,-8.977,0.000,0.000,0.000,0.000,0.000,0.000,2.933,-7.067,-8.288,-7.087
2026-01-25 22:50:57.406,2.619,-6.791,27.888,-0.063,0.254,-0.101,-0.373,-1.244,-8.776,0.000,0.000,0.000,0.000,0.000,0.000,3.743,-6.257,-9.119,-4.977
2026-01-25 22:50:57.426,2.456,-6.284,27.955,-0.126,0.401,-0.078,-0.297,-1.029,-8.814,0.000,0.000,0.000,0.000,0.000,0.000,2.486,-7.514,-11.121,-1.100
2026-01-25 22:50:57.447,2.261,-5.799,27.972,-0.225,0.586,-0.048,-0.297,-1.029,-9.178,0.000,0.000,0.000,0.000,0.000,0.000,0.505,-9.495,-13.635,3.800
2026-01-25 22:50:57.468,2.004,-4.916,27.956,-0.174,0.652,-0.002,-0.445,-0.775,-9.833,0.000,0.000,0.000,0.000,0.000,0.000,1.527,-8.473,-13.124,6.954
2026-01-25 22:50:57.478,2.042,-4.451,27.914,0.037,0.564,0.026,-0.445,-0.775,-10.393,0.000,0.000,0.000,0.000,0.000,0.000,5.746,-4.254,-10.248,6.293
2026-01-25 22:50:57.499,2.225,-3.884,27.803,0.141,0.377,0.060,-0.560,-0.531,-10.795,0.000,0.000,0.000,0.000,0.000,0.000,7.812,-2.188,-5.156,3.928
2026-01-25 22:50:57.520,2.274,-3.615,27.651,0.047,0.247,0.078,-0.560,-0.531,-10.795,0.000,0.000,0.000,0.000,0.000,0.000,5.937,-4.063,-1.832,2.053
2026-01-25 22:50:57.541,2.239,-3.520,27.554,-0.053,0.099,0.082,-0.550,-0.536,-10.570,0.000,0.000,0.000,0.000,0.000,0.000,3.935,-6.065,1.300,-0.738
2026-01-25 22:50:57.562,2.088,-3.603,27.430,-0.145,-0.063,0.065,-0.589,-0.656,-10.570,0.000,0.000,0.000,0.000,0.000,0.000,2.102,-7.898,3.856,-4.658
2026-01-25 22:50:57.583,1.918,-3.854,27.336,-0.137,-0.173,0.027,-0.589,-0.656,-10.159,0.000,0.000,0.000,0.000,0.000,0.000,2.252,-7.748,4.517,-8.386
2026-01-25 22:50:57.614,1.861,-3.944,27.316,-0.095,-0.158,-0.031,-0.603,-0.656,-9.676,0.000,0.000,0.000,0.000,0.000,0.000,3.104,-6.896,1.917,-10.389
2026-01-25 22:50:57.625,1.788,-4.096,27.328,-0.063,-0.083,-0.068,-0.526,-0.766,-9.403,0.000,0.000,0.000,0.000,0.000,0.000,3.743,-6.257,-1.065,-10.389
2026-01-25 22:50:57.645,1.686,-4.115,27.341,-0.068,-0.018,-0.070,-0.526,-0.766,-9.288,0.000,0.000,0.000,0.000,0.000,0.000,3.636,-6.364,-2.450,-9.174
2026-01-25 22:50:57.666,1.577,-4.088,27.345,-0.137,0.032,-0.066,-0.388,-0.766,-9.288,0.000,0.000,0.000,0.000,0.000,0.000,2.252,-7.748,-3.281,-8.003
2026-01-25 22:50:57.677,1.419,-4.021,27.368,-0.145,0.066,-0.080,-0.282,-0.603,-9.499,0.000,0.000,0.000,0.000,0.000,0.000,2.102,-7.898,-4.517,-7.875
2026-01-25 22:50:57.708,1.276,-3.911,27.391,-0.105,0.097,-0.075,-0.263,-0.603,-9.499,0.000,0.000,0.000,0.000,0.000,0.000,2.891,-7.109,-4.922,-7.044
2026-01-25 22:50:57.729,1.192,-3.812,27.401,-0.110,0.099,-0.056,-0.158,-0.560,-9.747,0.000,0.000,0.000,0.000,0.000,0.000,2.806,-7.194,-4.240,-6.277
2026-01-25 22:50:57.739,1.053,-3.713,27.413,-0.127,0.091,-0.053,-0.120,-0.636,-9.747,0.000,0.000,0.000,0.000,0.000,0.000,2.465,-7.535,-3.941,-6.320
2026-01-25 22:50:57.760,0.741,-3.594,27.397,-0.216,0.093,-0.038,-0.120,-0.636,-9.843,0.000,0.000,0.000,0.000,0.000,0.000,0.675,-9.325,-3.388,-5.680
2026-01-25 22:50:57.781,0.524,-3.512,27.367,-0.262,0.097,-0.010,-0.182,-0.660,-9.996,0.000,0.000,0.000,0.000,0.000,0.000,-0.241,-10.241,-2.322,-4.445
2026-01-25 22:50:57.802,0.374,-3.410,27.317,-0.147,0.087,-0.002,-0.316,-0.646,-10.068,0.000,0.000,0.000,0.000,0.000,0.000,2.060,-7.940,-1.832,-4.338
2026-01-25 22:50:57.833,0.343,-3.337,27.256,-0.040,0.071,0.001,-0.316,-0.646,-10.068,0.000,0.000,0.000,0.000,0.000,0.000,4.190,-5.810,-1.385,-4.530
2026-01-25 22:50:57.844,0.363,-3.284,27.238,0.011,0.068,-0.025,-0.292,-0.593,-10.006,0.000,0.000,0.000,0.000,0.000,0.000,5.213,-4.787,-2.344,-5.617
2026-01-25 22:50:57.864,0.432,-3.268,27.236,0.047,0.003,-0.061,-0.282,-0.517,-9.700,0.000,0.000,0.000,0.000,0.000,0.000,5.937,-4.063,-2.493,-8.365
2026-01-25 22:50:57.875,0.407,-3.295,27.273,-0.007,-0.027,-0.088,-0.177,-0.498,-9.700,0.000,0.000,0.000,0.000,0.000,0.000,4.851,-5.149,-3.004,-10.069
2026-01-25 22:50:57.896,0.296,-3.305,27.417,-0.099,-0.006,-0.140,-0.177,-0.498,-9.561,0.000,0.000,0.000,0.000,0.000,0.000,3.019,-6.981,-5.454,-11.710
2026-01-25 22:50:57.916,0.204,-3.280,27.548,-0.107,0.031,-0.199,-0.057,-0.421,-9.786,0.000,0.000,0.000,0.000,0.000,0.000,2.869,-7.131,-8.586,-13.350
2026-01-25 22:50:57.937,0.045,-3.203,27.744,-0.104,0.059,-0.189,-0.057,-0.421,-9.786,0.000,0.000,0.000,0.000,0.000,0.000,2.912,-7.088,-8.714,-12.370
2026-01-25 22:50:57.972,-0.065,-3.126,27.832,-0.134,0.077,-0.142,0.053,-0.608,-9.996,0.000,0.000,0.000,0.000,0.000,0.000,2.316,-7.684,-7.201,-10.133
2026-01-25 22:50:57.993,-0.211,-3.069,27.908,-0.120,0.047,-0.105,-0.014,-0.603,-9.996,0.000,0.000,0.000,0.000,0.000,0.000,2.593,-7.407,-5.156,-9.281
2026-01-25 22:50:58.003,-0.244,-3.064,27.974,-0.044,0.009,-0.078,-0.014,-0.603,-9.915,0.000,0.000,0.000,0.000,0.000,0.000,4.126,-5.874,-3.281,-8.940
2026-01-25 22:50:58.023,-0.243,-3.054,28.031,-0.000,0.010,-0.098,0.100,-0.479,-9.637,0.000,0.000,0.000,0.000,0.000,0.000,5.000,-5.000,-4.112,-9.728
2026-01-25 22:50:58.044,-0.263,-3.046,28.162,-0.015,0.009,-0.142,-0.038,-0.536,-9.637,0.000,0.000,0.000,0.000,0.000,0.000,4.702,-5.298,-5.838,-11.497
2026-01-25 22:50:58.054,-0.348,-3.025,28.305,-0.059,0.014,-0.135,-0.038,-0.536,-9.599,0.000,0.000,0.000,0.000,0.000,0.000,3.828,-6.172,-5.689,-11.135
2026-01-25 22:50:58.075,-0.399,-3.005,28.374,-0.060,0.022,-0.113,-0.077,-0.622,-9.647,0.000,0.000,0.000,0.000,0.000,0.000,3.807,-6.193,-4.964,-10.069
2026-01-25 22:50:58.096,-0.411,-2.916,28.472,-0.013,0.082,-0.125,-0.043,-0.517,-9.819,0.000,0.000,0.000,0.000,0.000,0.000,4.744,-5.256,-6.626,-9.345
2026-01-25 22:50:58.126,-0.435,-2.780,28.606,-0.005,0.117,-0.135,-0.120,-0.435,-9.819,0.000,0.000,0.000,0.000,0.000,0.000,4.893,-5.107,-7.755,-9.068
2026-01-25 22:50:58.147,-0.487,-2.648,28.719,-0.038,0.103,-0.143,-0.120,-0.435,-9.948,0.000,0.000,0.000,0.000,0.000,0.000,4.233,-5.767,-7.776,-9.643
2026-01-25 22:50:58.157,-0.557,-2.576,28.810,-0.087,0.087,-0.153,0.067,-0.306,-10.063,0.000,0.000,0.000,0.000,0.000,0.000,3.253,-6.747,-7.883,-10.389
2026-01-25 22:50:58.178,-0.693,-2.523,29.037,-0.098,0.043,-0.203,0.067,-0.306,-10.063,0.000,0.000,0.000,0.000,0.000,0.000,3.040,-6.960,-8.991,-13.286
2026-01-25 22:50:58.198,-0.779,-2.504,29.187,-0.098,0.016,-0.217,1.019,-0.230,-9.183,0.000,0.000,0.000,0.000,0.000,0.000,3.040,-6.960,-9.012,-14.373
2026-01-25 22:50:58.219,-1.353,-2.402,29.088,-0.415,0.063,0.036,1.019,-0.230,-9.183,0.000,0.000,0.000,0.000,0.000,0.000,-3.309,-13.309,0.192,-3.294
2026-01-25 22:50:58.250,-1.681,-2.308,29.003,-0.386,0.112,0.094,-0.211,-0.335,-9.743,0.000,0.000,0.000,0.000,0.000,0.000,-2.713,-12.713,1.513,-0.013
2026-01-25 22:50:58.260,-2.010,-2.131,29.317,-0.235,0.131,-0.190,-0.249,-0.536,-9.743,0.000,0.000,0.000,0.000,0.000,0.000,0.292,-9.708,-10.205,-10.964
2026-01-25 22:50:58.281,-2.091,-1.936,29.873,-0.174,0.138,-0.458,-0.249,-0.536,-10.106,0.000,0.000,0.000,0.000,0.000,0.000,1.527,-8.473,-21.092,-21.553
2026-01-25 22:50:58.302,-1.905,-1.820,30.453,0.232,0.117,-0.716,0.560,-0.445,-10.427,0.000,0.000,0.000,0.000,0.000,0.000,9.645,-0.355,-30.000,-32.291
2026-01-25 22:50:58.323,-1.896,-1.842,31.878,-0.000,-0.040,-0.929,0.139,-0.244,-10.427,0.000,0.000,0.000,0.000,0.000,0.000,5.000,-5.000,-30.000,-36.000
2026-01-25 22:50:58.344,-1.834,-2.152,33.753,0.103,-0.252,-1.520,0.139,-0.244,-10.542,0.000,0.000,0.000,0.000,0.000,0.000,7.067,-2.933,-30.000,-36.000
2026-01-25 22:50:58.354,-1.732,-2.377,35.429,0.189,-0.328,-1.975,0.010,-0.029,-10.039,0.000,0.000,0.000,0.000,0.000,0.000,8.771,-1.229,-30.000,-36.000
2026-01-25 22:50:58.375,-1.655,-2.654,37.780,0.156,-0.309,-2.083,-0.014,-0.354,-9.685,0.000,0.000,0.000,0.000,0.000,0.000,8.111,-1.889,-30.000,-36.000
2026-01-25 22:50:58.396,-1.602,-2.920,39.855,0.131,-0.294,-1.846,-0.024,-0.483,-9.628,0.000,0.000,0.000,0.000,0.000,0.000,7.621,-2.379,-30.000,-36.000
2026-01-25 22:50:58.417,-1.450,-3.194,41.387,0.152,-0.272,-1.275,0.555,-0.498,-9.628,0.000,0.000,0.000,0.000,0.000,0.000,8.047,-1.953,-30.000,-36.000
2026-01-25 22:50:58.438,-1.306,-3.347,41.736,0.154,-0.166,-0.515,0.555,-0.498,-9.168,0.000,0.000,0.000,0.000,0.000,0.000,8.089,-1.911,-17.257,-29.905
2026-01-25 22:50:58.458,-1.187,-3.369,41.505,0.138,-0.030,0.267,1.273,-0.292,-9.025,0.000,0.000,0.000,0.000,0.000,0.000,7.770,-2.230,11.292,4.099
2026-01-25 22:50:58.479,-1.105,-3.257,40.390,0.036,0.109,1.002,1.498,-0.292,-9.025,0.000,0.000,0.000,0.000,0.000,0.000,5.724,-4.276,30.000,24.000
2026-01-25 22:50:58.499,-1.188,-3.064,38.708,-0.156,0.288,1.694,1.292,-0.349,-9.269,0.000,0.000,0.000,0.000,0.000,0.000,1.889,-8.111,30.000,24.000
2026-01-25 22:50:58.520,-1.593,-2.532,36.480,-0.376,0.460,2.116,0.842,-0.182,-9.446,0.000,0.000,0.000,0.000,0.000,0.000,-2.521,-12.521,30.000,24.000
2026-01-25 22:50:58.541,-1.961,-2.146,34.139,-0.497,0.539,2.112,0.368,-0.412,-9.738,0.000,0.000,0.000,0.000,0.000,0.000,-4.950,-14.950,30.000,24.000
2026-01-25 22:50:58.572,-2.596,-1.562,32.058,-0.481,0.445,1.793,0.349,-0.455,-10.101,0.000,0.000,0.000,0.000,0.000,0.000,-4.630,-14.630,30.000,24.000
2026-01-25 22:50:58.583,-2.971,-1.295,30.105,-0.375,0.252,1.309,0.124,-0.421,-10.298,0.000,0.000,0.000,0.000,0.000,0.000,-2.499,-12.499,30.000,24.000
2026-01-25 22:50:58.604,-3.216,-1.305,29.545,-0.308,0.037,0.672,-0.345,-0.608,-10.427,0.000,0.000,0.000,0.000,0.000,0.000,-1.157,-11.157,26.142,21.633
2026-01-25 22:50:58.624,-3.541,-1.386,29.518,-0.225,-0.065,-0.162,-0.010,-0.455,-10.149,0.000,0.000,0.000,0.000,0.000,0.000,0.505,-9.495,-5.177,-13.776
2026-01-25 22:50:58.634,-3.602,-1.422,30.263,-0.066,-0.087,-0.902,0.230,-0.005,-9.996,0.000,0.000,0.000,0.000,0.000,0.000,3.679,-6.321,-30.000,-36.000
2026-01-25 22:50:58.655,-3.515,-1.467,31.722,0.100,-0.118,-1.449,-0.019,0.019,-10.039,0.000,0.000,0.000,0.000,0.000,0.000,7.003,-2.997,-30.000,-36.000
2026-01-25 22:50:58.676,-3.321,-1.558,34.097,0.198,-0.183,-1.770,-0.258,-0.067,-9.944,0.000,0.000,0.000,0.000,0.000,0.000,8.963,-1.037,-30.000,-36.000
2026-01-25 22:50:58.696,-3.081,-1.712,36.070,0.232,-0.236,-1.783,-0.287,-0.062,-9.939,0.000,0.000,0.000,0.000,0.000,0.000,9.645,-0.355,-30.000,-36.000
2026-01-25 22:50:58.717,-2.945,-1.845,37.325,0.178,-0.245,-1.524,-0.033,0.086,-9.934,0.000,0.000,0.000,0.000,0.000,0.000,8.558,-1.442,-30.000,-36.000
2026-01-25 22:50:58.748,-2.837,-2.023,38.658,0.086,-0.218,-1.122,0.225,-0.287,-9.810,0.000,0.000,0.000,0.000,0.000,0.000,6.726,-3.274,-30.000,-36.000
2026-01-25 22:50:58.758,-2.759,-2.146,39.511,0.046,-0.126,-0.695,0.713,-0.368,-9.599,0.000,0.000,0.000,0.000,0.000,0.000,5.916,-4.084,-25.268,-36.000
2026-01-25 22:50:58.779,-2.657,-2.166,39.865,0.098,-0.012,-0.180,1.091,-0.474,-9.637,0.000,0.000,0.000,0.000,0.000,0.000,6.960,-3.040,-6.967,-13.436
2026-01-25 22:50:58.820,-2.539,-2.150,39.564,0.132,0.042,0.338,1.498,-0.455,-9.647,0.000,0.000,0.000,0.000,0.000,0.000,7.642,-2.358,12.677,8.338
2026-01-25 22:50:58.851,-2.433,-2.078,38.746,0.049,0.085,0.854,1.498,-0.349,-9.599,0.000,0.000,0.000,0.000,0.000,0.000,5.980,-4.020,30.000,24.000
2026-01-25 22:50:58.862,-2.481,-1.987,37.342,-0.084,0.183,1.389,0.976,-0.230,-9.580,0.000,0.000,0.000,0.000,0.000,0.000,3.317,-6.683,30.000,24.000
2026-01-25 22:50:58.882,-2.698,-1.716,35.050,-0.203,0.303,1.741,0.512,-0.163,-9.546,0.000,0.000,0.000,0.000,0.000,0.000,0.931,-9.069,30.000,24.000
2026-01-25 22:50:58.903,-2.866,-1.527,33.478,-0.238,0.303,1.814,0.426,-0.196,-9.537,0.000,0.000,0.000,0.000,0.000,0.000,0.249,-9.751,30.000,24.000
2026-01-25 22:50:58.924,-3.117,-1.309,31.161,-0.198,0.210,1.652,0.646,-0.498,-9.585,0.000,0.000,0.000,0.000,0.000,0.000,1.037,-8.963,30.000,24.000
2026-01-25 22:50:58.935,-3.235,-1.261,29.646,-0.142,0.098,1.324,0.062,-0.440,-9.795,0.000,0.000,0.000,0.000,0.000,0.000,2.166,-7.834,30.000,24.000
2026-01-25 22:50:58.956,-3.369,-1.261,28.853,-0.134,0.047,0.706,-0.019,-0.129,-5.206,0.000,0.000,0.000,0.000,0.000,0.000,2.316,-7.684,27.313,23.188
2026-01-25 22:50:58.988,-3.456,-1.235,28.857,-0.110,0.036,-0.005,0.263,-0.029,-9.987,0.000,0.000,0.000,0.000,0.000,0.000,2.806,-7.194,-0.937,-5.489
2026-01-25 22:50:59.012,-3.529,-1.165,29.652,-0.033,0.011,-0.711,0.359,0.048,-9.991,0.000,0.000,0.000,0.000,0.000,0.000,4.340,-5.660,-28.634,-34.208
2026-01-25 22:50:59.022,-3.507,-1.118,31.140,0.035,-0.042,-1.320,0.412,-0.134,-10.078,0.000,0.000,0.000,0.000,0.000,0.000,5.703,-4.297,-30.000,-36.000
2026-01-25 22:50:59.033,-3.466,-1.137,32.580,0.069,-0.125,-1.701,0.383,-0.230,-10.101,0.000,0.000,0.000,0.000,0.000,0.000,6.385,-3.615,-30.000,-36.000
2026-01-25 22:50:59.053,-3.408,-1.225,34.604,0.078,-0.206,-1.829,0.005,-0.124,-9.929,0.000,0.000,0.000,0.000,0.000,0.000,6.555,-3.445,-30.000,-36.000
2026-01-25 22:50:59.075,-3.329,-1.364,36.943,0.066,-0.235,-1.680,0.196,-0.029,-9.704,0.000,0.000,0.000,0.000,0.000,0.000,6.321,-3.679,-30.000,-36.000
2026-01-25 22:50:59.096,-3.284,-1.562,38.340,0.070,-0.214,-1.221,0.292,-0.311,-9.623,0.000,0.000,0.000,0.000,0.000,0.000,6.406,-3.594,-30.000,-36.000
2026-01-25 22:50:59.117,-3.196,-1.660,39.127,0.084,-0.129,-0.727,0.770,-0.469,-9.408,0.000,0.000,0.000,0.000,0.000,0.000,6.683,-3.317,-26.482,-36.000
2026-01-25 22:50:59.138,-3.068,-1.659,39.231,0.152,-0.007,-0.151,1.349,-0.498,-9.336,0.000,0.000,0.000,0.000,0.000,0.000,8.047,-1.953,-5.902,-12.200
2026-01-25 22:50:59.169,-2.871,-1.600,38.815,0.150,0.107,0.412,1.632,-0.325,-9.360,0.000,0.000,0.000,0.000,0.000,0.000,8.004,-1.996,14.360,12.621
2026-01-25 22:50:59.179,-2.762,-1.446,38.007,0.110,0.185,0.945,1.565,-0.177,-9.432,0.000,0.000,0.000,0.000,0.000,0.000,7.194,-2.806,30.000,24.000
2026-01-25 22:50:59.200,-2.684,-1.248,36.199,0.061,0.264,1.426,1.058,-0.067,-9.637,0.000,0.000,0.000,0.000,0.000,0.000,6.214,-3.786,30.000,24.000
2026-01-25 22:50:59.210,-2.650,-0.953,34.707,0.007,0.355,1.739,0.584,0.158,-9.877,0.000,0.000,0.000,0.000,0.000,0.000,5.149,-4.851,30.000,24.000
2026-01-25 22:50:59.231,-2.699,-0.605,32.677,-0.021,0.391,1.850,0.321,0.129,-10.188,0.000,0.000,0.000,0.000,0.000,0.000,4.574,-5.426,30.000,24.000
2026-01-25 22:50:59.252,-2.918,-0.549,27.818,-0.109,-0.088,0.798,-0.043,-0.330,-10.298,0.000,0.000,0.000,0.000,0.000,0.000,2.827,-7.173,30.000,24.000
2026-01-25 22:50:59.272,-3.025,-0.636,27.768,-0.129,-0.092,0.060,0.148,-0.292,-10.015,0.000,0.000,0.000,0.000,0.000,0.000,2.422,-7.578,4.218,-5.446
2026-01-25 22:50:59.293,-3.186,-0.707,28.494,-0.117,-0.096,-0.663,0.349,-0.081,-9.948,0.000,0.000,0.000,0.000,0.000,0.000,2.656,-7.344,-24.586,-34.421
2026-01-25 22:50:59.313,-3.309,-0.809,29.988,-0.095,-0.136,-1.322,0.282,-0.043,-9.819,0.000,0.000,0.000,0.000,0.000,0.000,3.104,-6.896,-30.000,-36.000
2026-01-25 22:50:59.334,-3.375,-0.931,32.025,-0.044,-0.214,-1.802,0.172,0.029,-9.676,0.000,0.000,0.000,0.000,0.000,0.000,4.126,-5.874,-30.000,-36.000
2026-01-25 22:50:59.355,-3.377,-1.081,34.166,0.014,-0.247,-1.905,0.096,0.077,-9.609,0.000,0.000,0.000,0.000,0.000,0.000,5.277,-4.723,-30.000,-36.000
2026-01-25 22:50:59.376,-3.333,-1.214,35.655,0.064,-0.267,-1.781,-0.378,-0.010,-9.704,0.000,0.000,0.000,0.000,0.000,0.000,6.278,-3.722,-30.000,-36.000
2026-01-25 22:50:59.397,-3.192,-1.408,37.297,0.102,-0.245,-1.398,0.072,-0.081,-9.561,0.000,0.000,0.000,0.000,0.000,0.000,7.045,-2.955,-30.000,-36.000
2026-01-25 22:50:59.418,-3.072,-1.511,38.638,0.121,-0.132,-0.895,0.555,-0.340,-9.412,0.000,0.000,0.000,0.000,0.000,0.000,7.429,-2.571,-30.000,-36.000
2026-01-25 22:50:59.429,-2.877,-1.484,38.947,0.172,0.012,-0.313,1.105,-0.412,-9.494,0.000,0.000,0.000,0.000,0.000,0.000,8.430,-1.570,-12.762,-18.293
2026-01-25 22:50:59.449,-2.707,-1.407,38.700,0.193,0.100,0.267,1.507,-0.330,-9.700,0.000,0.000,0.000,0.000,0.000,0.000,8.856,-1.144,8.693,6.698
2026-01-25 22:50:59.470,-2.530,-1.317,37.683,0.115,0.124,0.835,1.503,-0.105,-9.795,0.000,0.000,0.000,0.000,0.000,0.000,7.301,-2.699,30.000,24.000
2026-01-25 22:50:59.501,-2.520,-1.183,36.551,-0.011,0.172,1.349,1.048,-0.163,-9.848,0.000,0.000,0.000,0.000,0.000,0.000,4.787,-5.213,30.000,24.000
2026-01-25 22:50:59.522,-2.618,-0.975,34.289,-0.093,0.230,1.696,0.732,-0.043,-9.819,0.000,0.000,0.000,0.000,0.000,0.000,3.146,-6.854,30.000,24.000
2026-01-25 22:50:59.532,-2.717,-0.871,32.768,-0.124,0.207,1.826,0.636,-0.129,-9.857,0.000,0.000,0.000,0.000,0.000,0.000,2.529,-7.471,30.000,24.000
2026-01-25 22:50:59.553,-2.946,-0.813,30.367,-0.180,0.109,1.714,0.794,-0.278,-10.054,0.000,0.000,0.000,0.000,0.000,0.000,1.399,-8.601,30.000,24.000
2026-01-25 22:50:59.584,-3.146,-0.895,29.145,-0.242,-0.013,1.486,0.479,-0.148,-9.867,0.000,0.000,0.000,0.000,0.000,0.000,0.164,-9.836,30.000,24.000
2026-01-25 22:50:59.595,-3.566,-1.076,27.512,-0.323,-0.066,1.125,0.301,-0.163,-9.700,0.000,0.000,0.000,0.000,0.000,0.000,-1.456,-11.456,30.000,24.000
2026-01-25 22:50:59.615,-3.883,-1.144,27.012,-0.381,-0.040,0.623,0.517,-0.244,-9.580,0.000,0.000,0.000,0.000,0.000,0.000,-2.627,-12.627,25.737,18.118
2026-01-25 22:50:59.636,-4.418,-1.150,26.872,-0.383,0.013,-0.011,0.464,-0.187,-9.656,0.000,0.000,0.000,0.000,0.000,0.000,-2.670,-12.670,-0.682,-6.170
2026-01-25 22:50:59.646,-4.808,-1.076,27.668,-0.341,0.010,-0.707,0.148,-0.158,-9.972,0.000,0.000,0.000,0.000,0.000,0.000,-1.818,-11.818,-28.485,-34.102
2026-01-25 22:50:59.667,-4.994,-1.038,28.782,-0.215,-0.070,-1.329,0.077,-0.148,-10.068,0.000,0.000,0.000,0.000,0.000,0.000,0.696,-9.304,-30.000,-36.000
2026-01-25 22:50:59.687,-5.127,-1.008,31.100,-0.075,-0.165,-1.792,-0.014,-0.249,-10.034,0.000,0.000,0.000,0.000,0.000,0.000,3.509,-6.491,-30.000,-36.000
2026-01-25 22:50:59.728,-5.058,-1.087,33.319,0.074,-0.223,-1.982,-0.019,-0.062,-9.781,0.000,0.000,0.000,0.000,0.000,0.000,6.470,-3.530,-30.000,-36.000
2026-01-25 22:50:59.728,-4.826,-1.201,35.378,0.207,-0.261,-1.878,0.254,-0.043,-9.680,0.000,0.000,0.000,0.000,0.000,0.000,9.133,-0.867,-30.000,-36.000
2026-01-25 22:50:59.749,-4.460,-1.332,37.044,0.321,-0.243,-1.530,0.450,-0.258,-9.752,0.000,0.000,0.000,0.000,0.000,0.000,11.413,1.413,-30.000,-36.000
2026-01-25 22:50:59.801,-3.978,-1.419,38.159,0.429,-0.157,-1.032,1.249,0.000,-9.685,0.000,0.000,0.000,0.000,0.000,0.000,13.586,3.586,-30.000,-36.000
2026-01-25 22:50:59.811,-3.580,-1.455,38.513,0.472,-0.078,-0.442,1.493,-0.077,-9.762,0.000,0.000,0.000,0.000,0.000,0.000,14.438,4.438,-16.128,-25.239
2026-01-25 22:50:59.822,-2.959,-1.506,38.460,0.437,-0.032,0.163,1.608,0.043,-9.762,0.000,0.000,0.000,0.000,0.000,0.000,13.735,3.735,7.159,-0.120
2026-01-25 22:50:59.832,-2.667,-1.472,37.806,0.347,0.069,0.794,1.617,0.043,-9.795,0.000,0.000,0.000,0.000,0.000,0.000,11.946,1.946,30.000,24.000
2026-01-25 22:50:59.853,-2.310,-1.323,36.256,0.200,0.198,1.373,1.091,-0.105,-9.857,0.000,0.000,0.000,0.000,0.000,0.000,9.005,-0.995,30.000,24.000
2026-01-25 22:50:59.874,-2.241,-1.169,34.885,0.023,0.258,1.809,0.742,-0.081,-9.733,0.000,0.000,0.000,0.000,0.000,0.000,5.469,-4.531,30.000,24.000
2026-01-25 22:50:59.884,-2.355,-0.932,32.229,-0.152,0.228,2.008,0.234,-0.177,-9.829,0.000,0.000,0.000,0.000,0.000,0.000,1.953,-8.047,30.000,24.000
2026-01-25 22:50:59.905,-2.573,-0.855,30.602,-0.313,0.147,1.945,0.239,-0.426,-9.843,0.000,0.000,0.000,0.000,0.000,0.000,-1.264,-11.264,30.000,24.000
2026-01-25 22:50:59.926,-3.046,-0.888,28.147,-0.362,0.012,1.659,0.287,-0.373,-9.757,0.000,0.000,0.000,0.000,0.000,0.000,-2.244,-12.244,30.000,24.000
2026-01-25 22:50:59.947,-3.352,-0.986,27.045,-0.377,-0.060,1.169,0.225,-0.364,-9.695,0.000,0.000,0.000,0.000,0.000,0.000,-2.542,-12.542,30.000,24.000
2026-01-25 22:50:59.968,-3.842,-1.112,25.925,-0.350,-0.018,0.560,0.311,-0.359,-9.570,0.000,0.000,0.000,0.000,0.000,0.000,-2.009,-12.009,22.775,16.051
2026-01-25 22:50:59.999,-4.103,-1.102,25.829,-0.303,0.045,-0.123,0.249,-0.340,-9.575,0.000,0.000,0.000,0.000,0.000,0.000,-1.051,-11.051,-5.795,-10.005
2026-01-25 22:51:00.009,-4.462,-0.983,26.517,-0.222,0.066,-0.771,0.249,-0.167,-9.690,0.000,0.000,0.000,0.000,0.000,0.000,0.569,-9.431,-30.000,-35.529
2026-01-25 22:51:00.030,-4.613,-0.820,27.783,-0.111,0.038,-1.286,0.488,-0.048,-9.738,0.000,0.000,0.000,0.000,0.000,0.000,2.784,-7.216,-30.000,-36.000
2026-01-25 22:51:00.051,-4.647,-0.686,29.443,-0.002,-0.011,-1.580,0.469,0.072,-9.853,0.000,0.000,0.000,0.000,0.000,0.000,4.957,-5.043,-30.000,-36.000
2026-01-25 22:51:00.072,-4.587,-0.612,30.725,0.096,-0.047,-1.540,0.249,0.234,-9.991,0.000,0.000,0.000,0.000,0.000,0.000,6.917,-3.083,-30.000,-36.000
2026-01-25 22:51:00.093,-4.393,-0.578,32.595,0.147,-0.111,-1.247,0.402,0.273,-10.101,0.000,0.000,0.000,0.000,0.000,0.000,7.940,-2.060,-30.000,-36.000
2026-01-25 22:51:00.123,-4.203,-0.647,33.580,0.162,-0.142,-0.796,0.675,-0.005,-10.168,0.000,0.000,0.000,0.000,0.000,0.000,8.238,-1.762,-28.996,-36.000
2026-01-25 22:51:00.134,-3.997,-0.761,34.001,0.175,-0.132,-0.270,1.096,0.029,-9.987,0.000,0.000,0.000,0.000,0.000,0.000,8.494,-1.506,-8.139,-19.422
2026-01-25 22:51:00.144,-3.813,-0.862,33.852,0.151,-0.075,0.257,1.388,-0.062,-9.853,0.000,0.000,0.000,0.000,0.000,0.000,8.025,-1.975,11.761,2.778
2026-01-25 22:51:00.165,-3.706,-0.930,33.182,0.074,-0.011,0.736,1.498,-0.014,-9.719,0.000,0.000,0.000,0.000,0.000,0.000,6.470,-3.530,29.657,23.231
2026-01-25 22:51:00.186,-3.715,-0.976,32.022,-0.037,0.029,1.145,1.282,-0.124,-9.594,0.000,0.000,0.000,0.000,0.000,0.000,4.254,-5.746,30.000,24.000
2026-01-25 22:51:00.207,-3.841,-1.001,30.576,-0.138,0.069,1.406,1.005,-0.201,-9.556,0.000,0.000,0.000,0.000,0.000,0.000,2.230,-7.770,30.000,24.000
2026-01-25 22:51:00.228,-4.066,-1.044,28.919,-0.230,0.060,1.504,0.780,-0.459,-9.566,0.000,0.000,0.000,0.000,0.000,0.000,0.398,-9.602,30.000,24.000
2026-01-25 22:51:00.259,-4.371,-1.113,27.355,-0.306,-0.002,1.421,0.880,-0.560,-9.723,0.000,0.000,0.000,0.000,0.000,0.000,-1.115,-11.115,30.000,24.000
2026-01-25 22:51:00.269,-4.701,-1.322,25.874,-0.303,-0.059,1.300,0.813,-0.330,-9.599,0.000,0.000,0.000,0.000,0.000,0.000,-1.051,-11.051,30.000,24.000
2026-01-25 22:51:00.289,-5.093,-1.504,24.301,-0.306,-0.062,1.117,0.866,-0.062,-9.580,0.000,0.000,0.000,0.000,0.000,0.000,-1.115,-11.115,30.000,24.000
2026-01-25 22:51:00.310,-5.328,-1.572,23.626,-0.288,0.020,0.819,1.072,-0.354,-9.661,0.000,0.000,0.000,0.000,0.000,0.000,-0.752,-10.752,30.000,24.000
2026-01-25 22:51:00.331,-5.561,-1.594,23.084,-0.189,0.053,0.372,0.909,-0.378,-9.819,0.000,0.000,0.000,0.000,0.000,0.000,1.229,-8.771,13.806,9.936
2026-01-25 22:51:00.352,-5.633,-1.553,23.040,-0.027,0.051,-0.077,0.632,-0.244,-9.948,0.000,0.000,0.000,0.000,0.000,0.000,4.467,-5.533,-4.091,-8.045
2026-01-25 22:51:00.373,-5.460,-1.471,23.400,0.209,0.016,-0.419,0.330,-0.120,-10.015,0.000,0.000,0.000,0.000,0.000,0.000,9.176,-0.824,-17.066,-22.426
2026-01-25 22:51:00.394,-4.952,-1.421,24.224,0.403,-0.002,-0.659,0.263,-0.239,-10.030,0.000,0.000,0.000,0.000,0.000,0.000,13.053,3.053,-26.333,-32.419
2026-01-25 22:51:00.414,-4.657,-1.354,24.637,0.516,-0.000,-0.749,0.167,-0.163,-9.905,0.000,0.000,0.000,0.000,0.000,0.000,15.312,5.312,-29.955,-35.955
2026-01-25 22:51:00.425,-3.936,-1.280,25.617,0.508,-0.005,-0.705,0.450,-0.148,-9.719,0.000,0.000,0.000,0.000,0.000,0.000,15.163,5.163,-28.102,-34.315
2026-01-25 22:51:00.455,-3.555,-1.240,26.122,0.423,0.013,-0.574,0.632,-0.077,-9.570,0.000,0.000,0.000,0.000,0.000,0.000,13.458,3.458,-23.223,-28.711
2026-01-25 22:51:00.466,-3.051,-1.172,26.794,0.322,0.021,-0.435,0.703,-0.230,-9.690,0.000,0.000,0.000,0.000,0.000,0.000,11.434,1.434,-17.811,-22.959
2026-01-25 22:51:00.487,-2.812,-1.129,27.101,0.192,0.023,-0.221,0.928,-0.234,-9.594,0.000,0.000,0.000,0.000,0.000,0.000,8.835,-1.165,-9.289,-14.352
2026-01-25 22:51:00.507,-2.662,-1.108,27.235,0.135,0.030,-0.065,0.866,-0.196,-9.623,0.000,0.000,0.000,0.000,0.000,0.000,7.706,-2.294,-3.196,-8.003
2026-01-25 22:51:00.528,-2.528,-1.028,27.286,0.103,0.071,-0.004,0.613,-0.067,-9.738,0.000,0.000,0.000,0.000,0.000,0.000,7.067,-2.933,-1.598,-4.743
2026-01-25 22:51:00.549,-2.446,-0.942,27.349,0.116,0.115,-0.036,0.679,-0.201,-9.881,0.000,0.000,0.000,0.000,0.000,0.000,7.322,-2.678,-3.750,-5.148
2026-01-25 22:51:00.580,-2.324,-0.803,27.493,0.117,0.077,-0.116,0.593,-0.153,-9.934,0.000,0.000,0.000,0.000,0.000,0.000,7.344,-2.656,-6.179,-9.111
2026-01-25 22:51:00.590,-2.284,-0.765,27.579,0.037,0.031,-0.046,0.498,-0.077,-9.800,0.000,0.000,0.000,0.000,0.000,0.000,5.746,-4.254,-2.450,-7.214
2026-01-25 22:51:00.616,-2.288,-0.738,27.614,-0.004,0.015,0.034,0.335,-0.053,-9.762,0.000,0.000,0.000,0.000,0.000,0.000,4.915,-5.085,1.065,-4.338
2026-01-25 22:51:00.626,-2.291,-0.705,27.589,0.013,0.053,0.053,0.345,-0.129,-9.747,0.000,0.000,0.000,0.000,0.000,0.000,5.256,-4.744,1.065,-2.804
2026-01-25 22:51:00.647,-2.252,-0.622,27.543,0.047,0.067,0.040,0.321,-0.158,-9.814,0.000,0.000,0.000,0.000,0.000,0.000,5.937,-4.063,0.277,-3.039
2026-01-25 22:51:00.668,-2.168,-0.574,27.545,0.074,0.039,-0.006,0.258,-0.163,-9.900,0.000,0.000,0.000,0.000,0.000,0.000,6.470,-3.530,-1.044,-5.467
2026-01-25 22:51:00.689,-2.105,-0.549,27.583,0.056,0.017,-0.035,0.196,-0.057,-9.877,0.000,0.000,0.000,0.000,0.000,0.000,6.129,-3.871,-1.747,-7.065
2026-01-25 22:51:00.710,-2.092,-0.541,27.605,0.014,0.006,-0.044,0.206,-0.057,-9.896,0.000,0.000,0.000,0.000,0.000,0.000,5.277,-4.723,-1.875,-7.619
2026-01-25 22:51:00.731,-2.111,-0.529,27.644,-0.025,0.007,-0.035,0.258,-0.053,-9.853,0.000,0.000,0.000,0.000,0.000,0.000,4.510,-5.490,-1.555,-7.257
2026-01-25 22:51:00.752,-2.169,-0.514,27.655,-0.045,0.010,-0.025,0.359,-0.115,-9.829,0.000,0.000,0.000,0.000,0.000,0.000,4.105,-5.895,-1.172,-6.788
2026-01-25 22:51:00.773,-2.193,-0.512,27.662,-0.033,0.002,-0.020,0.306,-0.096,-9.795,0.000,0.000,0.000,0.000,0.000,0.000,4.340,-5.660,-0.852,-6.767
2026-01-25 22:51:00.794,-2.215,-0.511,27.645,-0.015,0.007,0.005,0.335,-0.124,-9.805,0.000,0.000,0.000,0.000,0.000,0.000,4.702,-5.298,0.064,-5.638
2026-01-25 22:51:00.805,-2.232,-0.510,27.609,-0.017,-0.001,0.019,0.412,-0.129,-9.776,0.000,0.000,0.000,0.000,0.000,0.000,4.659,-5.341,0.788,-5.254
2026-01-25 22:51:00.826,-2.247,-0.515,27.577,-0.021,-0.005,0.023,0.426,-0.067,-9.676,0.000,0.000,0.000,0.000,0.000,0.000,4.574,-5.426,1.044,-5.169
2026-01-25 22:51:00.846,-2.268,-0.499,27.529,-0.014,0.026,0.018,0.507,-0.062,-9.647,0.000,0.000,0.000,0.000,0.000,0.000,4.723,-5.277,0.213,-4.764
2026-01-25 22:51:00.867,-2.286,-0.453,27.504,-0.013,0.049,0.009,0.598,-0.105,-9.733,0.000,0.000,0.000,0.000,0.000,0.000,4.744,-5.256,-0.639,-4.679
2026-01-25 22:51:00.888,-2.308,-0.426,27.500,-0.027,0.025,-0.009,0.493,-0.053,-10.011,0.000,0.000,0.000,0.000,0.000,0.000,4.467,-5.533,-0.831,-5.851
2026-01-25 22:51:00.908,-2.341,-0.475,27.515,-0.021,-0.076,-0.023,0.100,-0.014,-11.092,0.000,0.000,0.000,0.000,0.000,0.000,4.574,-5.426,0.575,-8.450
2026-01-25 22:51:00.930,-2.288,-0.782,27.572,0.102,-0.506,-0.097,-0.550,0.029,-12.700,0.000,0.000,0.000,0.000,0.000,0.000,7.045,-2.955,6.242,-19.998
2026-01-25 22:51:00.950,-2.165,-2.229,27.740,0.058,-1.372,-0.132,-0.541,-0.483,-13.389,0.000,0.000,0.000,0.000,0.000,0.000,6.150,-3.850,22.158,-36.000
2026-01-25 22:51:00.971,-2.450,-4.506,27.736,-0.378,-2.231,0.101,0.301,-0.053,-11.949,0.000,0.000,0.000,0.000,0.000,0.000,-2.563,-12.563,30.000,-31.952
2026-01-25 22:51:00.991,-3.041,-6.405,27.572,-0.900,-2.264,0.380,0.780,-0.679,-9.929,0.000,0.000,0.000,0.000,0.000,0.000,-13.003,-23.003,30.000,-20.788
2026-01-25 22:51:01.012,-4.474,-9.004,27.241,-1.164,-1.595,0.365,1.062,-1.215,-8.163,0.000,0.000,0.000,0.000,0.000,0.000,-18.287,-28.287,30.000,-21.385
2026-01-25 22:51:01.022,-5.347,-9.952,27.144,-1.018,-0.949,0.200,1.105,-1.732,-7.087,0.000,0.000,0.000,0.000,0.000,0.000,-15.368,-25.368,26.994,-16.972
2026-01-25 22:51:01.043,-6.441,-10.782,27.181,-0.643,-0.437,0.000,0.971,-1.933,-6.694,0.000,0.000,0.000,0.000,0.000,0.000,-7.868,-17.868,8.735,-14.735
2026-01-25 22:51:01.063,-6.749,-10.937,27.266,-0.238,-0.145,-0.067,0.943,-1.828,-6.934,0.000,0.000,0.000,0.000,0.000,0.000,0.249,-9.751,0.213,-11.582
2026-01-25 22:51:01.083,-6.810,-10.857,27.382,0.065,0.114,-0.062,1.077,-1.866,-7.345,0.000,0.000,0.000,0.000,0.000,0.000,6.300,-3.700,-4.751,-6.192
2026-01-25 22:51:01.104,-6.634,-10.626,27.424,0.258,0.298,-0.052,1.330,-1.871,-8.479,0.000,0.000,0.000,0.000,0.000,0.000,10.156,0.156,-8.053,-2.122
2026-01-25 22:51:01.125,-6.210,-10.106,27.473,0.315,0.379,-0.043,1.311,-1.771,-9.441,0.000,0.000,0.000,0.000,0.000,0.000,11.306,1.306,-9.289,-0.120
2026-01-25 22:51:01.156,-5.911,-9.691,27.503,0.247,0.345,-0.028,1.335,-1.761,-10.293,0.000,0.000,0.000,0.000,0.000,0.000,9.943,-0.057,-8.011,-0.205
2026-01-25 22:51:01.167,-5.792,-9.477,27.501,0.085,0.198,0.022,1.311,-1.622,-10.599,0.000,0.000,0.000,0.000,0.000,0.000,6.704,-3.296,-3.068,-1.142
2026-01-25 22:51:01.187,-5.835,-9.316,27.458,-0.109,0.061,0.068,1.311,-1.622,-10.298,0.000,0.000,0.000,0.000,0.000,0.000,2.827,-7.173,1.513,-2.059
2026-01-25 22:51:01.208,-5.965,-9.290,27.414,-0.256,-0.015,0.101,1.392,-1.646,-9.647,0.000,0.000,0.000,0.000,0.000,0.000,-0.113,-10.113,4.346,-2.250
2026-01-25 22:51:01.228,-6.350,-9.302,27.332,-0.304,0.030,0.086,1.258,-1.732,-8.934,0.000,0.000,0.000,0.000,0.000,0.000,-1.192,-11.192,2.668,-1.915
2026-01-25 22:51:01.259,-6.575,-9.221,27.281,-0.200,0.256,0.062,0.981,-1.560,-7.575,0.000,0.000,0.000,0.000,0.000,0.000,0.995,-9.005,-2.642,1.585
2026-01-25 22:51:01.270,-6.750,-8.575,27.187,-0.027,0.784,-0.018,1.067,-1.192,-5.776,0.000,0.000,0.000,0.000,0.000,0.000,4.901,-5.099,-18.125,9.878
2026-01-25 22:51:01.280,-6.721,-7.661,27.143,0.161,1.683,-0.148,1.311,-0.641,-5.958,0.000,0.000,0.000,0.000,0.000,0.000,8.217,-1.783,-30.000,18.077
2026-01-25 22:51:01.301,-6.380,-4.868,27.129,0.385,2.411,-0.262,1.024,-0.459,-8.278,0.000,0.000,0.000,0.000,0.000,0.000,13.250,3.250,-30.000,12.948
2026-01-25 22:51:01.321,-5.951,-2.844,27.182,0.687,2.357,-0.401,0.589,-0.656,-11.054,0.000,0.000,0.000,0.000,0.000,0.000,18.742,8.742,-30.000,7.978
2026-01-25 22:51:01.343,-4.962,0.089,27.468,0.797,1.658,-0.438,0.215,0.000,-12.499,0.000,0.000,0.000,0.000,0.000,0.000,21.211,11.211,-30.000,6.301
2026-01-25 22:51:01.363,-4.218,1.219,27.668,0.633,0.859,-0.282,0.325,0.785,-13.250,0.000,0.000,0.000,0.000,0.000,0.000,17.655,7.655,-28.464,-0.120
2026-01-25 22:51:01.384,-3.660,2.161,27.814,0.236,0.410,-0.076,0.670,0.790,-13.365,0.000,0.000,0.000,0.000,0.000,0.000,9.730,-0.270,-11.228,-0.823
2026-01-25 22:51:01.405,-3.660,2.399,27.721,-0.149,0.069,0.062,0.957,0.555,-12.188,0.000,0.000,0.000,0.000,0.000,0.000,9.730,-0.270,-5.731,4.674
2026-01-25 22:51:01.426,-3.914,2.267,27.635,-0.349,-0.206,0.083,0.876,0.383,-10.891,0.000,0.000,0.000,0.000,0.000,0.000,-1.988,-11.988,7.436,-6.788
2026-01-25 22:51:01.447,-4.381,1.953,27.546,-0.342,-0.314,0.031,0.507,0.220,-9.661,0.000,0.000,0.000,0.000,0.000,0.000,-1.988,-11.988,5.348,-8.876
2026-01-25 22:51:01.467,-4.609,1.623,27.528,-0.185,-0.196,-0.001,0.613,0.225,-8.747,0.000,0.000,0.000,0.000,0.000,0.000,1.293,-8.707,3.878,-9.963
2026-01-25 22:51:01.478,-4.705,1.481,27.533,-0.003,-0.027,-0.050,0.679,0.120,-8.551,0.000,0.000,0.000,0.000,0.000,0.000,5.391,-4.609,-1.894,-8.112
2026-01-25 22:51:01.508,-4.582,1.529,27.589,0.151,0.136,-0.099,0.598,0.024,-9.159,0.000,0.000,0.000,0.000,0.000,0.000,8.025,-1.975,-6.690,-7.236
2026-01-25 22:51:01.529,-4.393,1.708,27.642,0.219,0.172,-0.114,0.613,0.330,-10.422,0.000,0.000,0.000,0.000,0.000,0.000,9.389,-0.611,-7.989,-7.129
2026-01-25 22:51:01.539,-4.113,1.834,27.748,0.179,0.078,-0.116,0.402,0.708,-13.403,0.000,0.000,0.000,0.000,0.000,0.000,9.389,-0.611,-8.075,-7.214
2026-01-25 22:51:01.560,-4.053,1.578,27.835,-0.023,-0.552,-0.132,-0.086,1.493,-63.958,0.000,0.000,0.000,0.000,0.000,0.000,4.531,-5.469,5.752,-22.320
2026-01-25 22:51:01.581,-4.303,0.087,27.867,-0.494,-2.066,0.061,0.694,1.345,-15.016,0.000,0.000,0.000,0.000,0.000,0.000,-4.886,-14.886,13.465,-14.607
2026-01-25 22:51:01.602,-5.450,-3.593,27.713,-1.054,-2.948,0.429,1.306,0.603,-11.283,0.000,0.000,0.000,0.000,0.000,0.000,-16.071,-26.071,30.000,-18.828
2026-01-25 22:51:01.623,-6.472,-5.903,27.551,-1.345,-2.619,0.469,1.086,-0.526,-7.541,0.000,0.000,0.000,0.000,0.000,0.000,-21.909,-31.909,30.000,-17.251
2026-01-25 22:51:01.643,-8.091,-8.695,27.387,-1.093,-1.609,0.307,0.833,-1.340,-5.158,0.000,0.000,0.000,0.000,0.000,0.000,-16.859,-26.859,30.000,-23.728
2026-01-25 22:51:01.664,-8.632,-9.444,27.390,-0.473,-0.633,0.058,1.215,-1.723,-4.024,0.000,0.000,0.000,0.000,0.000,0.000,-4.460,-14.460,14.956,-16.354
2026-01-25 22:51:01.685,-8.745,-9.657,27.508,0.211,0.069,-0.161,1.388,-2.115,-4.244,0.000,0.000,0.000,0.000,0.000,0.000,10.928,0.928,-10.666,-10.386
2026-01-25 22:51:01.706,-8.066,-9.325,27.786,0.691,0.386,-0.227,1.335,-1.952,-5.556,0.000,0.000,0.000,0.000,0.000,0.000,18.827,8.827,-17.580,-6.573
2026-01-25 22:51:01.716,-7.031,-8.442,27.956,0.934,0.631,-0.200,1.096,-1.617,-7.436,0.000,0.000,0.000,0.000,0.000,0.000,23.685,13.685,-20.624,-1.398
2026-01-25 22:51:01.737,-5.941,-7.470,28.068,0.972,0.882,-0.138,1.072,-1.311,-9.408,0.000,0.000,0.000,0.000,0.000,0.000,24.430,14.430,-23.180,6.101
2026-01-25 22:51:01.758,-5.212,-6.726,28.122,0.803,0.837,-0.088,1.067,-1.105,-10.963,0.000,0.000,0.000,0.000,0.000,0.000,21.064,11.064,-20.283,7.209
2026-01-25 22:51:01.778,-4.363,-5.778,28.202,0.481,0.543,-0.059,1.072,-0.914,-12.106,0.000,0.000,0.000,0.000,0.000,0.000,14.630,4.630,-19.090,8.402
2026-01-25 22:51:01.799,-4.213,-5.518,28.256,0.053,0.181,-0.036,1.048,-0.713,-12.494,0.000,0.000,0.000,0.000,0.000,0.000,6.065,-3.935,-5.071,-3.827
2026-01-25 22:51:01.819,-4.398,-5.546,28.322,-0.347,-0.239,0.015,0.909,-0.718,-11.695,0.000,0.000,0.000,0.000,0.000,0.000,-2.947,-12.947,6.674,-10.969
2026-01-25 22:51:01.840,-5.106,-6.127,28.336,-0.586,-0.525,0.096,0.555,-0.952,-9.063,0.000,0.000,0.000,0.000,0.000,0.000,-6.718,-16.718,14.338,-12.669
2026-01-25 22:51:01.861,-5.616,-6.429,28.279,-0.617,-0.267,0.150,0.818,-1.153,-5.757,0.000,0.000,0.000,0.000,0.000,0.000,-7.336,-17.336,11.356,-5.340
2026-01-25 22:51:01.903,-6.154,-5.937,28.186,-0.234,0.758,-0.013,1.192,-1.268,-4.197,0.000,0.000,0.000,0.000,0.000,0.000,0.313,-9.687,4.836,-11.859
2026-01-25 22:51:01.913,-5.917,-4.647,28.248,0.539,1.881,-0.307,0.880,-0.464,-4.943,0.000,0.000,0.000,0.000,0.000,0.000,15.780,5.780,-30.000,11.728
2026-01-25 22:51:01.924,-4.965,-2.215,28.457,1.173,2.381,-0.431,0.651,-0.301,-8.235,0.000,0.000,0.000,0.000,0.000,0.000,30.042,20.042,-30.000,6.120
2026-01-25 22:51:01.944,-3.738,-0.301,28.793,1.308,2.152,-0.453,0.100,-0.153,-11.714,0.000,0.000,0.000,0.000,0.000,0.000,31.163,21.163,-30.000,5.891
2026-01-25 22:51:01.985,-2.264,2.322,29.085,1.007,1.376,-0.296,0.172,0.627,-13.781,0.000,0.000,0.000,0.000,0.000,0.000,24.380,14.380,-30.000,8.525
2026-01-25 22:51:01.985,-1.478,3.211,29.167,0.477,0.587,0.044,-0.115,1.258,-15.265,0.000,0.000,0.000,0.000,0.000,0.000,14.545,4.545,-9.992,7.486
2026-01-25 22:51:01.996,-1.231,3.656,28.977,-0.072,-0.022,0.218,0.751,1.292,-14.198,0.000,0.000,0.000,0.000,0.000,0.000,3.551,-6.449,9.183,2.288
2026-01-25 22:51:02.017,-1.682,3.391,28.698,-0.476,-0.417,0.259,0.770,0.933,-12.283,0.000,0.000,0.000,0.000,0.000,0.000,-5.533,-15.533,19.670,-4.961
2026-01-25 22:51:02.038,-2.403,2.605,28.464,-0.614,-0.570,0.142,0.459,0.435,-10.240,0.000,0.000,0.000,0.000,0.000,0.000,-7.272,-17.272,17.066,-11.731
2026-01-25 22:51:02.059,-2.982,2.045,28.449,-0.466,-0.453,0.002,0.072,0.263,-8.915,0.000,0.000,0.000,0.000,0.000,0.000,-4.310,-14.310,9.140,-14.970
2026-01-25 22:51:02.079,-3.223,1.747,28.504,-0.206,-0.291,-0.094,0.263,0.211,-8.326,0.000,0.000,0.000,0.000,0.000,0.000,0.888,-9.112,2.067,-15.566
2026-01-25 22:51:02.110,-3.260,1.526,28.638,0.072,-0.076,-0.114,0.517,0.091,-8.044,0.000,0.000,0.000,0.000,0.000,0.000,6.449,-3.551,-3.047,-12.072
2026-01-25 22:51:02.121,-2.968,1.705,28.788,0.304,0.226,-0.175,0.469,0.024,-8.479,0.000,0.000,0.000,0.000,0.000,0.000,11.072,1.072,-11.505,-8.471
2026-01-25 22:51:02.141,-2.658,1.990,28.944,0.381,0.378,-0.242,0.172,0.215,-10.154,0.000,0.000,0.000,0.000,0.000,0.000,12.627,2.627,-17.236,-8.109
2026-01-25 22:51:02.162,-2.258,2.395,29.174,0.196,0.225,-0.174,0.091,0.531,-12.188,0.000,0.000,0.000,0.000,0.000,0.000,8.920,-1.080,-11.441,-8.450
2026-01-25 22:51:02.183,-2.434,2.354,29.183,-0.414,-0.175,0.022,0.483,0.397,-14.312,0.000,0.000,0.000,0.000,0.000,0.000,-3.288,-13.288,4.389,-8.599
2026-01-25 22:51:02.204,-3.824,1.295,28.863,-1.348,-1.094,0.377,1.019,1.086,-14.140,0.000,0.000,0.000,0.000,0.000,0.000,-21.951,-31.951,30.000,-12.796
2026-01-25 22:51:02.215,-5.427,-0.224,28.436,-2.154,-2.071,0.755,1.670,1.038,-12.417,0.000,0.000,0.000,0.000,0.000,0.000,-25.000,-35.000,30.000,-5.789
2026-01-25 22:51:02.246,-8.800,-3.309,27.680,-2.577,-2.154,0.834,1.694,0.115,-9.719,0.000,0.000,0.000,0.000,0.000,0.000,-25.000,-35.000,30.000,-2.636
2026-01-25 22:51:02.256,-10.967,-4.874,27.391,-2.616,-1.623,0.574,1.766,-0.675,-7.666,0.000,0.000,0.000,0.000,0.000,0.000,-25.000,-35.000,30.000,-13.033
2026-01-25 22:51:02.277,-14.302,-6.724,27.251,-2.273,-1.114,0.228,1.488,-1.426,-6.034,0.000,0.000,0.000,0.000,0.000,0.000,-25.000,-35.000,30.000,-19.167
2026-01-25 22:51:02.310,-15.859,-7.347,27.328,-1.691,-0.646,-0.039,1.637,-1.613,-5.264,0.000,0.000,0.000,0.000,0.000,0.000,-25.000,-35.000,11.334,-20.488
2026-01-25 22:51:02.322,-17.580,-7.703,27.520,-0.984,-0.156,-0.223,2.010,-1.694,-5.536,0.000,0.000,0.000,0.000,0.000,0.000,-14.686,-24.686,-5.795,-18.016
2026-01-25 22:51:02.354,-17.989,-7.522,27.630,-0.308,0.228,-0.328,2.201,-1.617,-6.498,0.000,0.000,0.000,0.000,0.000,0.000,-1.157,-11.157,-17.683,-14.565
2026-01-25 22:51:02.364,-17.843,-6.823,27.768,0.296,0.499,-0.365,2.153,-1.235,-7.422,0.000,0.000,0.000,0.000,0.000,0.000,10.923,0.923,-24.586,-10.645
2026-01-25 22:51:02.375,-16.971,-5.950,27.836,0.867,0.748,-0.382,2.498,-1.125,-8.503,0.000,0.000,0.000,0.000,0.000,0.000,22.343,12.343,-30.000,-6.341
2026-01-25 22:51:02.395,-15.849,-5.193,27.907,1.495,0.837,-0.419,2.809,-0.900,-9.082,0.000,0.000,0.000,0.000,0.000,0.000,34.891,24.891,-30.000,-6.000
2026-01-25 22:51:02.416,-13.158,-3.932,28.199,2.160,0.789,-0.493,2.929,-0.665,-9.800,0.000,0.000,0.000,0.000,0.000,0.000,35.000,25.000,-30.000,-9.941
2026-01-25 22:51:02.437,-10.951,-3.194,28.525,2.842,0.778,-0.583,2.297,-0.287,-10.350,0.000,0.000,0.000,0.000,0.000,0.000,35.000,25.000,-30.000,-13.755
2026-01-25 22:51:02.458,-7.108,-2.054,29.258,2.696,0.697,-0.642,0.971,-0.105,-11.283,0.000,0.000,0.000,0.000,0.000,0.000,35.000,25.000,-30.000,-17.761
2026-01-25 22:51:02.479,-5.219,-1.520,29.790,2.064,0.521,-0.666,1.244,-0.273,-11.542,0.000,0.000,0.000,0.000,0.000,0.000,35.000,25.000,-30.000,-22.213
2026-01-25 22:51:02.500,-2.851,-1.135,30.563,1.573,0.290,-0.431,1.522,-0.038,-11.738,0.000,0.000,0.000,0.000,0.000,0.000,35.000,25.000,-22.474,-18.040
2026-01-25 22:51:02.521,-1.892,-0.850,30.793,0.923,0.058,-0.087,1.627,-0.091,-11.508,0.000,0.000,0.000,0.000,0.000,0.000,23.450,13.450,-4.645,-8.344
2026-01-25 22:51:02.541,-1.920,-0.917,30.665,-0.550,-0.199,0.375,1.464,-0.033,-10.633,0.000,0.000,0.000,0.000,0.000,0.000,-9.674,-19.674,21.936,6.685
2026-01-25 22:51:02.562,-3.354,-1.298,30.203,-2.098,-0.320,0.785,1.086,-0.091,-9.609,0.000,0.000,0.000,0.000,0.000,0.000,-25.000,-35.000,30.000,19.012
2026-01-25 22:51:02.583,-6.884,-1.511,29.135,-3.114,-0.199,0.962,0.555,-0.249,-4.493,0.000,0.000,0.000,0.000,0.000,0.000,-25.000,-35.000,30.000,24.000
2026-01-25 22:51:02.604,-9.701,-1.990,28.436,-3.114,-0.199,0.962,1.464,-0.483,-8.685,0.000,0.000,0.000,0.000,0.000,0.000,-25.000,-35.000,30.000,24.000
2026-01-25 22:51:02.624,-13.977,-1.880,27.438,-2.523,0.165,0.477,1.503,-0.450,-8.934,0.000,0.000,0.000,0.000,0.000,0.000,-25.000,-35.000,13.886,14.789
2026-01-25 22:51:02.634,-15.585,-1.966,27.097,-2.523,0.165,0.477,1.756,-0.330,-9.508,0.000,0.000,0.000,0.000,0.000,0.000,-25.000,-35.000,15.787,16.392
2026-01-25 22:51:02.655,-15.724,-1.887,26.849,0.643,0.185,-0.029,1.881,-0.388,-9.676,0.000,0.000,0.000,0.000,0.000,0.000,21.187,11.187,-5.944,-4.274
2026-01-25 22:51:02.676,-14.961,-1.639,26.757,0.643,0.185,-0.029,2.043,-0.345,-9.829,0.000,0.000,0.000,0.000,0.000,0.000,17.868,7.868,-4.858,-3.443
2026-01-25 22:51:02.697,-13.345,-1.522,26.724,1.094,0.107,-0.065,1.809,-0.153,-9.934,0.000,0.000,0.000,0.000,0.000,0.000,26.881,16.881,-4.730,-6.469
2026-01-25 22:51:02.718,-12.001,-1.369,26.754,1.155,-0.040,-0.112,1.995,-0.148,-10.101,0.000,0.000,0.000,0.000,0.000,0.000,26.881,16.881,-4.730,-6.469
2026-01-25 22:51:02.739,-10.857,-1.419,26.870,1.660,-0.177,-0.202,1.737,-0.153,-10.135,0.000,0.000,0.000,0.000,0.000,0.000,35.000,25.000,-4.559,-17.633
2026-01-25 22:51:02.760,-8.066,-1.648,27.324,2.428,-0.259,-0.402,1.536,-0.177,-10.288,0.000,0.000,0.000,0.000,0.000,0.000,35.000,25.000,-4.559,-17.633
2026-01-25 22:51:02.780,-5.865,-1.800,27.748,2.428,-0.259,-0.489,1.187,-0.201,-9.891,0.000,0.000,0.000,0.000,0.000,0.000,35.000,25.000,-14.381,-30.735
2026-01-25 22:51:02.801,0.062,-2.017,28.866,2.699,-0.075,-0.393,0.368,-0.435,-9.527,0.000,0.000,0.000,0.000,0.000,0.000,35.000,25.000,-14.232,-23.215
2026-01-25 22:51:02.822,1.539,-2.148,29.047,0.284,-0.143,0.176,0.105,-0.502,-9.144,0.000,0.000,0.000,0.000,0.000,0.000,7.226,-2.774,11.563,-0.455
2026-01-25 22:51:02.843,1.011,-2.301,28.900,-1.064,-0.084,0.329,0.077,-0.598,-8.742,0.000,0.000,0.000,0.000,0.000,0.000,10.689,0.689,9.886,-1.824
2026-01-25 22:51:02.863,-0.241,-2.325,28.686,-1.064,-0.084,0.329,0.091,-0.498,-8.800,0.000,0.000,0.000,0.000,0.000,0.000,-16.284,-26.284,14.850,5.484
2026-01-25 22:51:02.884,-3.633,-2.014,28.175,-2.807,0.208,0.444,0.297,-0.517,-8.618,0.000,0.000,0.000,0.000,0.000,0.000,-25.000,-35.000,13.460,16.333
2026-01-25 22:51:02.894,-6.159,-1.968,27.856,-2.807,0.208,0.444,0.392,-0.483,-9.058,0.000,0.000,0.000,0.000,0.000,0.000,-25.000,-35.000,13.614,15.923
2026-01-25 22:51:02.915,-10.346,-1.473,27.353,-2.755,0.292,0.243,0.790,-0.263,-9.680,0.000,0.000,0.000,0.000,0.000,0.000,-25.000,-35.000,3.662,9.044
2026-01-25 22:51:02.936,-12.546,-1.415,27.109,-1.212,0.077,-0.011,1.373,-0.359,-10.164,0.000,0.000,0.000,0.000,0.000,0.000,-25.000,-35.000,3.878,9.553
2026-01-25 22:51:02.956,-13.030,-1.361,27.133,-1.212,0.077,-0.011,1.727,-0.191,-10.159,0.000,0.000,0.000,0.000,0.000,0.000,-19.245,-29.245,-1.960,-4.892
2026-01-25 22:51:02.977,-11.762,-1.323,27.658,1.402,0.085,-0.584,1.919,0.077,-9.987,0.000,0.000,0.000,0.000,0.000,0.000,35.000,25.000,-26.200,-28.344
2026-01-25 22:51:02.997,-10.461,-1.029,28.041,1.402,0.085,-0.584,2.220,0.110,-10.341,0.000,0.000,0.000,0.000,0.000,0.000,33.038,23.038,-25.055,-27.646
2026-01-25 22:51:03.018,-8.466,-0.842,28.644,1.174,0.001,-0.387,1.928,-0.105,-10.317,0.000,0.000,0.000,0.000,0.000,0.000,27.608,17.608,-14.514,-20.940
2026-01-25 22:51:03.039,-7.515,-0.831,28.927,1.174,0.001,-0.387,1.847,-0.163,-10.427,0.000,0.000,0.000,0.000,0.000,0.000,28.478,18.478,-15.489,-21.446
2026-01-25 22:51:03.060,-6.103,-0.996,29.209,1.034,-0.189,-0.056,1.761,-0.172,-10.183,0.000,0.000,0.000,0.000,0.000,0.000,25.783,15.783,2.610,-11.390
2026-01-25 22:51:03.080,-5.270,-1.169,29.293,1.034,-0.189,-0.056,1.048,-0.096,-9.853,0.000,0.000,0.000,0.000,0.000,0.000,25.687,15.687,1.513,-12.029
2026-01-25 22:51:03.101,-4.023,-1.485,29.360,0.865,-0.159,0.062,0.871,-0.177,-9.365,0.000,0.000,0.000,0.000,0.000,0.000,22.300,12.300,5.646,-6.703
2026-01-25 22:51:03.121,-3.072,-1.607,29.393,0.878,-0.079,0.035,0.483,-0.220,-9.408,0.000,0.000,0.000,0.000,0.000,0.000,22.588,12.588,2.650,-6.104
2026-01-25 22:51:03.132,-2.153,-1.680,29.496,0.820,-0.052,-0.048,0.502,-0.388,-9.446,0.000,0.000,0.000,0.000,0.000,0.000,22.556,12.556,2.983,-6.170
2026-01-25 22:51:03.153,-1.521,-1.714,29.618,0.716,-0.036,-0.086,0.163,-0.464,-9.369,0.000,0.000,0.000,0.000,0.000,0.000,19.317,9.317,-2.727,-10.176
2026-01-25 22:51:03.173,-0.589,-1.761,29.833,0.671,-0.026,-0.058,0.024,-0.383,-9.484,0.000,0.000,0.000,0.000,0.000,0.000,18.310,8.310,-1.672,-8.642
2026-01-25 22:51:03.194,0.065,-1.762,29.946,0.566,0.026,0.003,-0.038,-0.263,-9.589,0.000,0.000,0.000,0.000,0.000,0.000,18.422,8.422,-1.790,-8.812
2026-01-25 22:51:03.215,0.475,-1.728,29.994,0.412,0.067,0.034,-0.043,-0.354,-9.594,0.000,0.000,0.000,0.000,0.000,0.000,13.245,3.245,0.021,-3.294
2026-01-25 22:51:03.246,0.935,-1.642,30.054,0.283,0.055,0.013,0.005,-0.373,-9.685,0.000,0.000,0.000,0.000,0.000,0.000,10.345,0.345,-0.674,-4.517
2026-01-25 22:51:03.256,1.170,-1.590,30.117,0.192,0.048,0.010,-0.244,-0.225,-9.566,0.000,0.000,0.000,0.000,0.000,0.000,8.606,-1.394,-0.573,-4.692
2026-01-25 22:51:03.277,1.285,-1.538,30.148,0.192,0.048,0.010,-0.325,-0.144,-9.546,0.000,0.000,0.000,0.000,0.000,0.000,8.835,-1.165,-0.575,-4.658
2026-01-25 22:51:03.297,1.362,-1.370,30.153,0.038,0.152,0.059,-0.263,-0.134,-9.656,0.000,0.000,0.000,0.000,0.000,0.000,5.605,-4.395,-0.762,-0.370
2026-01-25 22:51:03.318,1.375,-1.229,30.140,0.038,0.152,0.059,-0.330,-0.120,-10.006,0.000,0.000,0.000,0.000,0.000,0.000,5.767,-4.233,-0.703,-0.610
2026-01-25 22:51:03.339,1.375,-0.960,30.088,-0.011,0.176,0.089,-0.479,-0.134,-10.240,0.000,0.000,0.000,0.000,0.000,0.000,4.691,-5.309,0.288,1.212
2026-01-25 22:51:03.370,1.387,-0.781,30.010,0.047,0.143,0.083,-0.498,-0.134,-10.346,0.000,0.000,0.000,0.000,0.000,0.000,4.787,-5.213,0.064,1.095
2026-01-25 22:51:03.370,1.482,-0.686,29.960,0.142,0.076,0.035,-0.546,-0.053,-10.379,0.000,0.000,0.000,0.000,0.000,0.000,7.834,-2.166,-0.107,-3.081
2026-01-25 22:51:03.391,1.658,-0.610,29.924,0.153,0.012,0.002,-0.627,0.000,-10.317,0.000,0.000,0.000,0.000,0.000,0.000,8.097,-1.903,-0.154,-6.005
2026-01-25 22:51:03.411,1.804,-0.631,29.927,0.066,-0.034,-0.023,-0.589,-0.005,-10.145,0.000,0.000,0.000,0.000,0.000,0.000,8.068,-1.932,-1.172,-6.703
2026-01-25 22:51:03.432,1.840,-0.673,29.948,0.018,-0.084,-0.066,-0.435,-0.057,-9.886,0.000,0.000,0.000,0.000,0.000,0.000,5.362,-4.638,-0.959,-10.325
2026-01-25 22:51:03.463,1.846,-0.800,30.037,0.001,-0.098,-0.103,-0.321,-0.182,-9.585,0.000,0.000,0.000,0.000,0.000,0.000,5.362,-4.638,-0.959,-10.325
2026-01-25 22:51:03.484,1.848,-0.870,30.119,-0.002,-0.048,-0.118,-0.206,-0.225,-9.417,0.000,0.000,0.000,0.000,0.000,0.000,4.957,-5.043,-3.771,-11.689
2026-01-25 22:51:03.494,1.834,-0.909,30.249,-0.017,0.010,-0.076,-0.211,-0.120,-9.427,0.000,0.000,0.000,0.000,0.000,0.000,4.622,-5.378,-3.148,-8.477
2026-01-25 22:51:03.515,1.806,-0.891,30.289,-0.017,0.010,0.009,-0.096,-0.120,-9.561,0.000,0.000,0.000,0.000,0.000,0.000,4.659,-5.341,0.149,-5.467
2026-01-25 22:51:03.536,1.711,-0.828,30.247,-0.069,0.045,0.066,-0.067,-0.072,-9.642,0.000,0.000,0.000,0.000,0.000,0.000,3.605,-6.395,2.024,-2.165
2026-01-25 22:51:03.557,1.671,-0.788,30.197,-0.069,0.045,0.076,-0.019,-0.072,-5.039,0.000,0.000,0.000,0.000,0.000,0.000,3.615,-6.385,2.131,-2.080
2026-01-25 22:51:03.568,1.683,-0.717,30.104,0.028,0.077,0.079,-0.177,-0.067,-9.833,0.000,0.000,0.000,0.000,0.000,0.000,5.554,-4.446,1.619,-1.313
2026-01-25 22:51:03.599,1.722,-0.599,30.010,0.038,0.082,0.111,-0.445,-0.062,-9.948,0.000,0.000,0.000,0.000,0.000,0.000,5.554,-4.446,1.619,-1.313
2026-01-25 22:51:03.620,1.760,-0.539,29.914,0.037,0.051,0.133,-0.526,-0.081,-10.125,0.000,0.000,0.000,0.000,0.000,0.000,5.746,-4.254,4.304,0.349
2026-01-25 22:51:03.630,1.801,-0.482,29.723,0.021,0.007,0.125,-0.670,-0.033,-10.106,0.000,0.000,0.000,0.000,0.000,0.000,5.746,-4.254,4.304,0.349
2026-01-25 22:51:03.651,1.840,-0.486,29.580,0.036,-0.022,0.091,-0.775,-0.115,-10.015,0.000,0.000,0.000,0.000,0.000,0.000,5.724,-4.276,4.069,-2.826
2026-01-25 22:51:03.682,1.894,-0.513,29.473,0.044,-0.021,0.020,-0.718,-0.158,-9.900,0.000,0.000,0.000,0.000,0.000,0.000,5.892,-4.108,0.882,-5.965
2026-01-25 22:51:03.692,1.929,-0.532,29.440,0.005,-0.021,-0.045,-0.708,-0.019,-9.714,0.000,0.000,0.000,0.000,0.000,0.000,5.107,-4.893,-1.364,-8.216
2026-01-25 22:51:03.714,1.923,-0.567,29.461,-0.049,-0.020,-0.081,-0.598,-0.048,-9.704,0.000,0.000,0.000,0.000,0.000,0.000,4.020,-5.980,-2.834,-9.643
2026-01-25 22:51:03.726,1.865,-0.582,29.515,-0.077,-0.003,-0.101,-0.373,-0.057,-9.656,0.000,0.000,0.000,0.000,0.000,0.000,4.020,-5.980,-2.834,-9.643
2026-01-25 22:51:03.747,1.811,-0.579,29.566,-0.077,0.020,-0.093,-0.311,-0.096,-9.642,0.000,0.000,0.000,0.000,0.000,0.000,3.466,-6.534,-4.112,-9.302
2026-01-25 22:51:03.768,1.722,-0.546,29.642,-0.061,0.032,-0.067,-0.144,-0.148,-9.728,0.000,0.000,0.000,0.000,0.000,0.000,3.786,-6.214,-3.324,-8.045
2026-01-25 22:51:03.789,1.684,-0.511,29.679,-0.018,0.034,-0.043,-0.129,-0.048,-9.767,0.000,0.000,0.000,0.000,0.000,0.000,3.786,-6.214,-3.324,-8.045
2026-01-25 22:51:03.820,1.712,-0.490,29.694,0.058,0.021,-0.010,-0.120,-0.038,-9.857,0.000,0.000,0.000,0.000,0.000,0.000,6.150,-3.850,-0.810,-5.957
2026-01-25 22:51:03.830,1.785,-0.459,29.680,0.068,0.023,0.017,-0.139,0.000,-9.881,0.000,0.000,0.000,0.000,0.000,0.000,6.390,-3.610,0.341,-4.711
2026-01-25 22:51:03.851,1.835,-0.435,29.627,0.015,0.017,0.054,-0.239,-0.005,-9.877,0.000,0.000,0.000,0.000,0.000,0.000,5.298,-4.702,1.704,-3.358
2026-01-25 22:51:03.872,1.825,-0.417,29.566,-0.020,0.002,0.083,-0.321,-0.048,-9.896,0.000,0.000,0.000,0.000,0.000,0.000,4.595,-5.405,3.281,-2.634
2026-01-25 22:51:03.892,1.822,-0.414,29.467,0.012,-0.005,0.084,-0.469,-0.033,-9.872,0.000,0.000,0.000,0.000,0.000,0.000,4.595,-5.405,3.281,-2.634
2026-01-25 22:51:03.923,1.853,-0.421,29.370,0.012,-0.005,0.084,-0.560,-0.062,-9.814,0.000,0.000,0.000,0.000,0.000,0.000,5.234,-4.766,3.473,-2.740
2026-01-25 22:51:03.933,1.935,-0.426,29.294,0.070,-0.010,0.026,-0.679,-0.053,-9.814,0.000,0.000,0.000,0.000,0.000,0.000,6.406,-3.594,1.023,-5.361
2026-01-25 22:51:03.954,1.989,-0.439,29.239,-0.007,-0.005,-0.001,-0.699,-0.043,-9.771,0.000,0.000,0.000,0.000,0.000,0.000,6.214,-3.786,1.342,-5.297
2026-01-25 22:51:03.974,1.981,-0.441,29.221,-0.007,-0.005,-0.001,-0.603,-0.124,-9.786,0.000,0.000,0.000,0.000,0.000,0.000,4.851,-5.149,0.064,-6.149
2026-01-25 22:51:03.985,1.947,-0.461,29.257,-0.045,-0.011,-0.097,-0.488,-0.120,-9.786,0.000,0.000,0.000,0.000,0.000,0.000,4.105,-5.895,-3.899,-10.325
2026-01-25 22:51:04.005,1.937,-0.474,29.307,-0.020,-0.011,-0.097,-0.431,-0.077,-9.652,0.000,0.000,0.000,0.000,0.000,0.000,4.595,-5.405,-3.665,-10.091
2026-01-25 22:51:04.026,1.945,-0.456,29.391,-0.001,0.012,-0.093,-0.373,-0.043,-9.666,0.000,0.000,0.000,0.000,0.000,0.000,4.979,-5.021,-3.941,-9.473
2026-01-25 22:51:04.047,1.933,-0.432,29.441,-0.002,0.035,-0.056,-0.373,-0.057,-9.767,0.000,0.000,0.000,0.000,0.000,0.000,4.617,-5.383,-3.643,-8.748
2026-01-25 22:51:04.068,1.941,-0.402,29.478,-0.002,0.035,-0.056,-0.177,-0.033,-9.848,0.000,0.000,0.000,0.000,0.000,0.000,4.957,-5.043,-2.961,-7.555
2026-01-25 22:51:04.089,1.959,-0.361,29.508,0.002,0.025,-0.020,-0.148,-0.024,-9.848,0.000,0.000,0.000,0.000,0.000,0.000,5.013,-4.987,-1.140,-6.192
2026-01-25 22:51:04.109,1.958,-0.339,29.512,-0.003,0.010,0.003,-0.148,-0.033,-9.886,0.000,0.000,0.000,0.000,0.000,0.000,5.043,-4.957,-1.300,-6.320
2026-01-25 22:51:04.141,1.960,-0.332,29.508,-0.003,0.010,0.003,-0.268,-0.033,-9.848,0.000,0.000,0.000,0.000,0.000,0.000,4.936,-5.064,-0.064,-5.680
2026-01-25 22:51:04.151,1.973,-0.337,29.439,0.011,-0.007,0.079,-0.388,-0.005,-9.848,0.000,0.000,0.000,0.000,0.000,0.000,5.213,-4.787,3.515,-2.783
2026-01-25 22:51:04.172,2.009,-0.335,29.346,0.034,-0.003,0.080,-0.431,-0.024,-9.872,0.000,0.000,0.000,0.000,0.000,0.000,5.469,-4.531,3.153,-2.847
2026-01-25 22:51:04.203,2.042,-0.334,29.274,0.034,-0.003,0.080,-0.426,-0.024,-9.810,0.000,0.000,0.000,0.000,0.000,0.000,5.682,-4.318,3.260,-2.868
2026-01-25 22:51:04.213,2.085,-0.348,29.197,0.017,-0.010,0.015,-0.546,-0.024,-9.810,0.000,0.000,0.000,0.000,0.000,0.000,5.274,-4.726,0.591,-5.792
