packet_timestamp,statemachine,angle_roll,angle_pitch,angle_yaw,gyro_x,gyro_y,gyro_z,acc_x,acc_y,acc_z,rudder1,rudder2,rudder3,rudder4
1,1,9.205,-2.310,-57.421,-0.626,-0.103,-0.627,-2.326,-1.345,-10.317,3.767,-3.767,29.520,8.144
2,1,8.854,-2.438,-57.069,-0.626,-0.103,-0.627,-2.110,-1.345,-10.326,-1.237,1.237,31.767,28.328
3,1,8.544,-2.608,-56.704,-0.533,-0.156,-0.691,-2.110,-1.345,-10.326,-0.538,0.538,34.504,27.083
4,1,8.298,-2.742,-56.340,-0.533,-0.156,-0.691,-1.861,-1.148,-10.125,-0.242,0.242,34.821,26.765
5,1,8.151,-2.901,-55.990,-0.251,-0.148,-0.655,-1.861,-1.148,-10.125,-1.945,1.945,33.964,27.410
6,1,8.054,-3.030,-55.658,-0.251,-0.148,-0.655,-1.723,-0.967,-9.910,-1.850,1.850,34.053,27.321
7,1,8.046,-3.185,-55.366,-0.013,-0.164,-0.551,-1.723,-0.967,-9.910,-4.384,4.384,31.607,30.223
8,1,8.051,-3.328,-55.095,-0.013,-0.164,-0.551,-1.632,-0.790,-9.604,-4.434,4.434,31.528,30.302
9,1,8.106,-3.522,-54.866,0.099,-0.248,-0.464,-1.632,-0.790,-9.604,-6.207,6.207,30.388,33.846
10,1,8.135,-3.728,-54.655,0.099,-0.248,-0.464,-1.622,-0.656,-8.853,-6.311,6.311,30.237,33.997
11,1,8.141,-3.947,-54.486,0.010,-0.313,-0.369,-1.622,-0.656,-8.853,-7.140,7.140,28.646,37.445
12,1,8.127,-4.171,-54.334,0.010,-0.313,-0.369,-1.555,-0.675,-8.326,-7.189,7.189,28.555,37.536
13,1,8.073,-4.359,-54.205,-0.098,-0.278,-0.288,-1.555,-0.675,-8.326,-7.645,7.645,26.024,39.063
14,1,8.049,-4.530,-54.096,-0.098,-0.278,-0.288,-1.459,-0.713,-8.001,-7.664,7.664,25.976,39.111
15,1,8.040,-4.661,-54.012,-0.025,-0.194,-0.197,-1.459,-0.713,-8.001,-9.190,9.190,22.459,40.223
16,1,8.077,-4.766,-53.955,-0.025,-0.194,-0.197,-1.302,-0.746,-7.671,-9.277,9.277,22.342,40.340
17,1,8.142,-4.829,-53.926,0.101,-0.091,-0.089,-1.302,-0.746,-7.671,-11.366,11.366,18.033,41.697
18,1,8.236,-4.876,-53.918,0.101,-0.091,-0.089,-1.268,-0.579,-7.393,-11.517,11.517,17.848,41.882
19,1,8.345,-4.887,-53.934,0.172,-0.015,0.005,-1.268,-0.579,-7.393,-13.216,13.216,14.206,43.363
20,1,8.466,-4.891,-53.959,0.172,-0.015,0.005,-1.211,-0.249,-7.632,-13.395,13.395,13.996,43.573
21,1,8.571,-4.837,-53.986,0.166,0.093,0.028,-1.211,-0.249,-7.632,-13.782,13.782,11.750,42.745
22,1,8.640,-4.802,-53.989,0.166,0.093,0.028,-1.172,0.201,-8.264,-13.870,13.870,11.653,42.842
23,1,8.629,-4.714,-53.969,-0.022,0.153,-0.038,-1.172,0.201,-8.264,-12.056,12.056,12.504,40.256
24,1,8.541,-4.666,-53.926,-0.022,0.153,-0.038,-0.737,0.517,-8.920,-11.914,11.914,12.678,40.082
25,1,8.377,-4.662,-53.853,-0.283,0.016,-0.159,-0.737,0.517,-8.920,-8.864,8.864,17.931,38.755
26,1,8.143,-4.686,-53.776,-0.283,0.016,-0.159,-0.115,1.115,-9.231,-8.534,8.534,18.314,38.372
27,1,7.858,-4.771,-53.690,-0.488,-0.150,-0.212,-0.115,1.115,-9.231,-6.457,6.457,22.462,38.973
28,1,7.576,-4.840,-53.648,-0.488,-0.150,-0.212,0.191,1.402,-9.202,-6.067,6.067,22.909,38.526
29,1,7.317,-4.939,-53.658,-0.437,-0.217,-0.063,0.191,1.402,-9.202,-7.837,7.837,20.536,42.815
30,1,7.141,-4.986,-53.719,-0.437,-0.217,-0.063,0.086,1.148,-8.896,-7.592,7.592,20.817,42.535
31,1,7.065,-5.019,-53.839,-0.130,-0.150,0.135,0.086,1.148,-8.896,-11.501,11.501,15.021,46.414
32,1,7.078,-5.003,-53.975,-0.130,-0.150,0.135,-0.273,0.617,-8.599,-11.517,11.517,15.005,46.430
33,1,7.186,-4.930,-54.127,0.196,0.021,0.211,-0.273,0.617,-8.599,-14.230,14.230,10.511,46.023
34,1,7.326,-4.838,-54.254,0.196,0.021,0.211,-0.397,0.239,-8.460,-14.407,14.407,10.315,46.219
35,1,7.477,-4.690,-54.350,0.289,0.166,0.138,-0.397,0.239,-8.460,-14.142,14.142,9.869,42.526
36,1,7.579,-4.567,-54.408,0.289,0.166,0.138,-0.383,-0.067,-8.522,-14.255,14.255,9.754,42.641
37,1,7.593,-4.409,-54.425,0.071,0.206,0.013,-0.383,-0.067,-8.522,-11.571,11.571,12.385,38.884
38,1,7.548,-4.282,-54.434,0.071,0.206,0.013,-0.349,-0.182,-8.795,-11.468,11.468,12.522,38.746
39,1,7.407,-4.125,-54.426,-0.202,0.216,-0.030,-0.349,-0.182,-8.795,-9.320,9.320,13.744,37.220
40,1,7.240,-3.986,-54.414,-0.202,0.216,-0.030,-0.402,-0.397,-9.278,-9.041,9.041,14.086,36.878
41,1,7.020,-3.820,-54.395,-0.333,0.243,-0.043,-0.402,-0.397,-9.278,-7.866,7.866,14.465,35.738
42,1,6.839,-3.642,-54.357,-0.333,0.243,-0.043,-0.555,-0.790,-9.695,-7.563,7.563,14.840,35.363
43,1,6.702,-3.474,-54.310,-0.192,0.266,-0.088,-0.555,-0.790,-9.695,-7.462,7.462,15.945,33.589
44,1,6.610,-3.287,-54.240,-0.192,0.266,-0.088,-0.598,-1.230,-9.915,-7.285,7.285,16.172,33.362
45,1,6.574,-3.120,-54.151,-0.017,0.291,-0.142,-0.598,-1.230,-9.915,-7.401,7.401,17.279,31.555
46,1,6.548,-2.949,-54.048,-0.017,0.291,-0.142,-0.565,-1.359,-9.891,-7.322,7.322,17.391,31.443
47,1,6.545,-2.795,-53.931,0.040,0.290,-0.186,-0.565,-1.359,-9.891,-7.009,7.009,18.591,30.273
48,1,6.509,-2.657,-53.817,0.040,0.290,-0.186,-0.412,-1.258,-9.738,-6.925,6.925,18.704,30.160
49,1,6.441,-2.543,-53.707,-0.076,0.230,-0.172,-0.412,-1.258,-9.738,-6.410,6.410,19.336,31.233
50,1,6.340,-2.444,-53.634,-0.076,0.230,-0.172,-0.278,-0.962,-9.489,-6.248,6.248,19.533,31.036
51,1,6.201,-2.359,-53.598,-0.201,0.176,-0.046,-0.278,-0.962,-9.489,-6.980,6.980,17.417,34.704
52,1,6.054,-2.274,-53.636,-0.201,0.176,-0.046,-0.325,-0.675,-9.197,-6.759,6.759,17.679,34.442
53,1,5.883,-2.167,-53.743,-0.272,0.187,0.214,-0.325,-0.675,-9.197,-9.399,9.399,11.319,40.468
54,1,5.713,-2.058,-53.909,-0.272,0.187,0.214,-0.435,-0.445,-9.144,-9.144,9.144,11.621,40.165
55,1,5.515,-1.891,-54.126,-0.329,0.274,0.421,-0.435,-0.445,-9.144,-11.136,11.136,5.585,43.736
56,1,5.331,-1.719,-54.377,-0.329,0.274,0.421,-0.502,-0.201,-9.144,-10.852,10.852,5.924,43.396
57,1,5.127,-1.479,-54.652,-0.344,0.394,0.528,-0.502,-0.201,-9.144,-11.802,11.802,1.902,43.980
58,1,4.948,-1.229,-54.952,-0.344,0.394,0.528,-0.541,0.091,-8.881,-11.517,11.517,2.247,43.634
59,1,4.750,-0.874,-55.269,-0.336,0.586,0.616,-0.541,0.091,-8.881,-12.326,12.326,-2.277,42.680
60,1,4.580,-0.512,-55.592,-0.336,0.586,0.616,-0.359,0.301,-8.886,-12.043,12.043,-1.927,42.330
61,1,4.375,-0.006,-55.916,-0.346,0.856,0.644,-0.359,0.301,-8.886,-12.003,12.003,-6.083,38.755
62,1,4.180,0.505,-56.236,-0.346,0.856,0.644,-0.426,0.263,-9.207,-11.676,11.676,-5.679,38.351
63,1,3.966,1.089,-56.541,-0.354,1.006,0.618,-0.426,0.263,-9.207,-10.954,10.954,-6.710,35.121
64,1,3.716,1.653,-56.835,-0.354,1.006,0.618,-0.234,0.349,-9.111,-10.568,10.568,-6.247,34.658
65,1,3.401,2.241,-57.113,-0.523,1.034,0.562,-0.234,0.349,-9.111,-8.571,8.571,-4.737,32.327
66,1,3.028,2.798,-57.385,-0.523,1.034,0.562,0.053,0.656,-8.934,-8.061,8.061,-4.154,31.744
67,1,2.546,3.394,-57.650,-0.807,1.056,0.527,0.053,0.656,-8.934,-5.570,5.570,-2.879,29.859
68,1,1.978,3.941,-57.922,-0.807,1.056,0.527,0.268,0.627,-9.164,-4.863,4.863,-2.110,29.090
69,1,1.264,4.535,-58.206,-1.210,1.066,0.540,0.268,0.627,-9.164,-2.153,2.153,-1.669,28.345
70,1,0.486,5.092,-58.483,-1.210,1.066,0.540,0.488,0.603,-9.958,-1.250,1.250,-0.728,27.405
71,1,-0.591,6.032,-58.772,-1.458,1.010,0.506,0.488,0.603,-9.958,1.618,-1.618,2.151,26.138
72,1,-1.399,6.528,-59.062,-1.458,1.010,0.506,0.330,0.885,-10.709,2.489,-2.489,3.013,25.276
73,1,-2.163,6.971,-59.364,-1.288,0.839,0.528,0.330,0.885,-10.709,2.159,-2.159,5.668,27.491
74,1,-2.835,7.347,-59.655,-1.288,0.839,0.528,0.526,1.258,-11.312,2.849,-2.849,6.327,26.832
75,1,-3.421,7.665,-59.932,-0.985,0.631,0.477,0.526,1.258,-11.312,2.566,-2.566,11.142,27.982
76,1,-3.977,7.946,-60.175,-0.985,0.631,0.477,0.809,1.369,-11.637,3.119,-3.119,11.655,27.469
77,1,-4.504,8.191,-60.380,-0.903,0.502,0.357,0.809,1.369,-11.637,4.730,-4.730,16.981,25.826
78,1,-5.136,8.370,-60.559,-0.903,0.502,0.357,1.125,1.230,-12.135,5.359,-5.359,17.565,25.243
79,1,-5.873,8.473,-60.704,-1.287,0.258,0.262,1.125,1.230,-12.135,9.203,-9.203,24.116,25.662
80,1,-6.764,8.430,-60.810,-1.287,0.258,0.262,1.498,1.067,-12.580,10.125,-10.125,25.002,24.775
81,1,-7.809,8.226,-60.873,-1.854,-0.289,0.181,1.498,1.067,-12.580,15.088,-15.088,35.935,29.456
82,1,-9.031,7.847,-60.899,-1.854,-0.289,0.181,2.077,1.053,-12.417,16.444,-16.444,37.310,28.081
83,1,-10.426,7.287,-60.884,-2.500,-0.933,0.166,2.077,1.053,-12.417,21.479,-21.479,48.578,35.227
84,1,-11.898,6.602,-60.851,-2.500,-0.933,0.166,2.799,0.885,-11.738,23.260,-23.260,50.492,33.313
85,1,-13.442,5.796,-60.794,-2.782,-1.373,0.239,2.799,0.885,-11.738,25.728,-25.728,57.135,39.240
86,1,-14.881,4.971,-60.746,-2.782,-1.373,0.239,3.039,0.723,-11.164,27.649,-27.649,59.317,37.058
87,1,-16.213,4.121,-60.714,-2.420,-1.439,0.361,3.039,0.723,-11.164,26.185,-26.185,59.388,38.874
88,1,-17.284,3.338,-60.674,-2.420,-1.439,0.361,3.144,0.254,-10.542,27.792,-27.792,61.316,36.946
89,1,-18.091,2.622,-60.638,-1.509,-1.218,0.338,3.144,0.254,-10.542,24.746,-24.746,60.362,31.569
90,1,-18.650,2.020,-60.589,-1.509,-1.218,0.338,3.211,0.287,-9.924,25.378,-25.378,61.628,30.303
91,1,-18.957,1.526,-60.529,-0.629,-0.864,0.186,3.211,0.287,-9.924,23.302,-23.302,61.233,20.593
92,1,-18.925,1.186,-60.482,-0.629,-0.864,0.186,2.938,0.024,-9.709,23.456,-23.456,61.541,20.286
93,1,-18.551,0.995,-60.448,0.576,-0.355,0.060,2.938,0.024,-9.709,18.877,-18.877,57.157,10.121
94,1,-17.753,0.958,-60.422,0.576,-0.355,0.060,2.354,-0.278,-9.637,18.385,-18.385,56.172,11.106
95,1,-16.531,1.073,-60.404,2.079,0.170,-0.086,2.354,-0.278,-9.637,11.218,-11.218,50.634,1.639
96,1,-14.892,1.336,-60.359,2.079,0.170,-0.086,1.751,-0.321,-9.312,9.109,-9.109,48.287,3.986
97,1,-12.833,1.741,-60.275,3.576,0.652,-0.305,1.751,-0.321,-9.312,1.688,-1.688,43.895,-5.379
98,1,-10.416,2.279,-60.162,3.576,0.652,-0.305,1.263,0.105,-8.853,-1.422,1.422,40.443,-1.927
99,1,-7.642,2.953,-60.011,4.866,1.140,-0.427,1.263,0.105,-8.853,-9.852,9.852,32.678,-8.102
100,1,-4.643,3.753,-59.845,4.866,1.140,-0.427,0.450,0.397,-8.752,-13.547,13.547,28.682,-4.106
101,1,-1.420,4.671,-59.652,5.693,1.622,-0.392,0.450,0.397,-8.752,-21.938,21.938,16.875,-6.086
102,1,1.799,5.642,-59.402,5.693,1.622,-0.392,-0.474,0.756,-9.317,-25.568,25.568,13.160,-2.371
103,1,5.018,6.664,-59.090,5.694,1.861,-0.383,-0.474,0.756,-9.317,-27.908,27.908,6.170,-2.199
104,1,8.015,7.596,-58.712,5.694,1.861,-0.383,-1.608,1.177,-10.106,-29.319,29.319,3.348,0.623
105,1,10.805,8.439,-58.281,4.930,1.632,-0.426,-1.608,1.177,-10.106,-29.970,29.970,5.318,5.197
106,1,13.597,9.261,-57.805,4.930,1.632,-0.426,-1.608,1.177,-10.393,-31.032,31.032,3.193,7.321
107,1,15.836,9.696,-57.376,3.982,0.981,-0.439,-2.369,1.373,-10.393,-30.044,30.044,10.403,17.285
108,1,18.080,10.116,-56.925,3.982,0.981,-0.439,-2.369,1.373,-10.001,-32.001,32.001,7.895,17.972
109,1,19.632,10.141,-56.610,2.818,0.260,-0.414,-2.402,1.479,-10.001,-27.557,27.557,16.007,29.882
110,1,21.183,10.161,-56.293,2.818,0.260,-0.414,-2.402,1.479,-9.455,-28.193,28.193,14.431,30.851
111,1,21.744,9.869,-56.225,1.161,-0.395,-0.213,-2.321,1.890,-9.455,-22.809,22.809,18.273,46.286
112,1,22.307,9.586,-56.159,1.161,-0.395,-0.213,-2.321,1.890,-9.006,-23.193,23.193,17.765,47.316
113,1,21.724,9.068,-56.348,-0.777,-0.944,0.032,-2.761,1.579,-9.006,-16.590,16.590,20.229,62.120
114,1,21.157,8.555,-56.536,-0.777,-0.944,0.032,-2.761,1.579,-8.790,-16.603,16.603,20.991,62.935
115,1,19.583,7.801,-56.815,-2.534,-1.403,0.052,-2.900,0.991,-8.790,-7.717,7.717,27.837,69.390
116,1,18.036,7.042,-57.075,-2.534,-1.403,0.052,-2.900,0.991,-8.795,-7.059,7.059,28.628,68.599
117,1,15.638,6.081,-57.295,-4.065,-1.726,-0.083,-2.570,0.641,-8.795,4.328,-4.328,38.257,68.192
118,1,13.263,5.116,-57.479,-4.065,-1.726,-0.083,-2.570,0.512,-9.077,6.488,-6.488,40.116,66.333
119,1,10.288,3.973,-57.561,-5.171,-2.005,-0.246,-1.617,0.512,-9.077,16.990,-16.990,50.904,63.520
120,1,7.334,2.831,-57.586,-5.171,-2.005,-0.246,-1.617,0.598,-9.144,20.129,-20.129,53.993,60.430
121,1,3.919,1.556,-57.579,-6.008,-2.255,-0.233,-0.498,0.598,-9.144,28.078,-28.078,61.319,60.257
122,1,0.524,0.288,-57.498,-6.008,-2.255,-0.233,-0.498,0.392,-8.896,32.281,-32.281,65.872,55.704
123,1,-3.082,-1.014,-57.400,-6.404,-2.330,-0.145,0.593,0.392,-8.896,34.125,-34.125,70.103,53.603
124,1,-6.678,-2.297,-57.225,-6.404,-2.330,-0.145,0.593,-0.177,-8.991,37.066,-37.066,75.985,47.722
125,1,-9.874,-3.384,-57.007,-5.708,-2.009,-0.148,1.464,-0.177,-8.991,39.910,-39.910,77.092,37.453
126,1,-13.065,-4.448,-56.732,-5.708,-2.009,-0.148,1.464,-0.708,-8.829,42.869,-42.869,83.011,31.535
127,1,-15.336,-5.201,-56.466,-4.099,-1.476,-0.176,2.254,-0.708,-8.829,45.180,-45.180,80.479,18.848
128,1,-17.605,-5.942,-56.175,-4.099,-1.476,-0.176,2.254,-0.924,-8.451,47.657,-47.657,84.979,14.349
129,1,-18.927,-6.371,-55.946,-2.446,-0.929,-0.194,2.857,-0.924,-8.451,41.447,-41.447,80.276,3.407
130,1,-20.255,-6.795,-55.705,-2.446,-0.929,-0.194,2.857,-1.005,-8.350,42.799,-42.799,82.981,0.702
131,1,-20.680,-6.913,-55.547,-0.872,-0.377,-0.234,3.062,-1.005,-8.350,35.863,-35.863,76.961,-9.044
132,1,-21.112,-7.032,-55.384,-0.872,-0.377,-0.234,3.062,-1.115,-8.661,36.295,-36.295,77.823,-9.906
133,1,-20.593,-6.831,-55.286,0.786,0.193,-0.329,2.952,-1.115,-8.661,28.631,-28.631,70.940,-19.306
134,1,-20.087,-6.636,-55.180,0.786,0.193,-0.329,2.952,-1.062,-9.001,28.093,-28.093,69.865,-18.231
135,1,-18.454,-6.120,-55.099,2.763,0.749,-0.467,2.440,-1.062,-9.001,18.274,-18.274,62.055,-26.309
136,1,-16.838,-5.612,-54.999,2.763,0.749,-0.467,2.440,-0.818,-8.948,16.667,-16.667,58.841,-23.095
137,1,-14.034,-4.757,-54.929,4.861,1.374,-0.555,2.153,-0.818,-8.948,3.034,-3.034,46.694,-28.814
138,1,-11.250,-3.913,-54.808,4.861,1.374,-0.555,2.153,-0.383,-9.097,-1.287,1.287,41.496,-23.616
139,1,-7.749,-2.801,-54.741,6.138,1.893,-0.455,1.378,-0.383,-9.097,-14.198,14.198,25.317,-22.259
140,1,-4.267,-1.703,-54.602,6.138,1.893,-0.455,1.378,-0.115,-9.757,-19.209,19.209,19.479,-16.421
141,1,-0.323,-0.497,-54.485,6.975,2.110,-0.293,0.182,-0.115,-9.757,-26.101,26.101,6.223,-9.374
142,1,3.602,0.687,-54.273,6.975,2.110,-0.293,0.182,0.177,-10.140,-28.864,28.864,0.697,-3.848
143,1,7.746,1.832,-53.998,7.365,2.079,-0.248,-1.120,0.177,-10.140,-32.057,32.057,-5.249,2.981
144,1,11.882,2.949,-53.635,7.365,2.079,-0.248,-1.120,0.364,-10.197,-34.400,34.400,-9.934,7.665
145,1,15.658,3.838,-53.243,6.754,1.720,-0.227,-1.603,0.364,-10.197,-36.604,36.604,-9.214,17.202
146,1,19.433,4.699,-52.784,6.754,1.720,-0.227,-1.603,0.603,-9.771,-38.336,38.336,-12.678,20.666
147,1,22.058,5.214,-52.506,4.777,1.061,-0.042,-1.823,0.603,-9.771,-41.778,41.778,-10.143,36.971
148,1,24.677,5.717,-52.199,4.777,1.061,-0.042,-1.823,0.660,-9.010,-42.815,42.815,-12.215,39.044
149,1,25.443,5.858,-52.256,1.606,0.217,0.306,-2.306,0.660,-9.010,-35.477,35.477,-9.424,60.357
150,1,26.214,6.003,-52.310,1.606,0.217,0.306,-2.306,0.464,-8.546,-35.760,35.760,-9.989,60.923
151,1,25.056,5.837,-52.615,-1.737,-0.466,0.461,-2.948,0.464,-8.546,-20.526,20.526,-3.205,73.648
152,1,23.914,5.668,-52.916,-1.737,-0.466,0.461,-2.948,0.282,-8.656,-20.062,20.062,-2.278,72.721
153,1,21.493,5.196,-53.181,-4.012,-0.915,0.201,-3.168,0.282,-8.656,-4.471,4.471,12.585,70.703
154,1,19.101,4.718,-53.431,-4.012,-0.915,0.201,-3.168,0.402,-8.948,-3.440,3.440,14.645,68.642
155,1,15.826,3.964,-53.506,-5.620,-1.277,-0.200,-2.254,0.402,-8.948,12.365,-12.365,32.853,60.782
156,1,12.575,3.215,-53.546,-5.620,-1.277,-0.200,-2.254,0.713,-9.073,15.751,-15.751,36.145,57.490
157,1,8.412,2.264,-53.509,-7.262,-1.618,-0.324,-0.598,0.713,-9.073,28.550,-28.550,48.788,54.588
158,1,4.272,1.324,-53.416,-7.262,-1.618,-0.324,-0.598,0.646,-9.259,31.131,-31.131,53.950,49.425
159,1,-0.268,0.323,-53.356,-8.002,-1.757,-0.159,0.785,0.646,-9.259,32.175,-32.175,58.016,49.316
160,1,-4.795,-0.661,-53.226,-8.002,-1.757,-0.159,0.785,0.100,-9.503,35.530,-35.530,64.726,42.606
161,1,-8.868,-1.539,-53.111,-7.241,-1.585,-0.036,1.809,0.100,-9.503,37.209,-37.209,65.634,36.798
162,1,-12.933,-2.405,-52.944,-7.241,-1.585,-0.036,1.809,-0.392,-9.623,40.559,-40.559,72.334,30.097
163,1,-15.836,-3.067,-52.768,-5.221,-1.248,-0.051,2.541,-0.392,-9.623,43.232,-43.232,72.871,19.943
164,1,-18.736,-3.718,-52.561,-5.221,-1.248,-0.051,2.541,-0.464,-9.106,45.763,-45.763,77.932,14.882
165,1,-20.151,-4.063,-52.397,-2.634,-0.729,-0.116,3.173,-0.464,-9.106,41.012,-41.012,74.661,3.300
166,1,-21.569,-4.408,-52.225,-2.634,-0.729,-0.116,3.173,-0.579,-8.800,42.289,-42.289,77.215,0.746
167,1,-21.561,-4.338,-52.173,-0.141,0.021,-0.177,3.484,-0.579,-8.800,30.528,-30.528,67.918,-11.384
168,1,-21.560,-4.267,-52.121,-0.141,0.021,-0.177,3.484,-0.546,-9.154,30.483,-30.483,67.828,-11.293
169,1,-20.184,-3.761,-52.201,2.269,0.828,-0.230,3.407,-0.546,-9.154,17.766,-17.766,54.968,-21.474
170,1,-18.822,-3.258,-52.266,2.269,0.828,-0.230,3.407,-0.258,-9.580,16.465,-16.465,52.367,-18.873
171,1,-16.130,-2.409,-52.471,4.617,1.494,-0.146,2.852,-0.258,-9.580,0.698,-0.698,35.890,-21.419
172,1,-13.463,-1.553,-52.627,4.617,1.494,-0.146,1.751,-0.153,-10.044,-3.244,3.244,31.225,-16.754
173,1,-9.717,-0.459,-52.896,6.534,1.968,0.045,1.751,-0.153,-10.044,-20.527,20.527,13.517,-12.590
174,1,-5.999,0.649,-53.084,6.534,1.968,0.045,0.325,0.187,-10.561,-25.589,25.589,7.754,-6.826
175,1,-1.745,1.801,-53.286,7.513,2.055,0.212,0.325,0.187,-10.561,-31.481,31.481,-3.745,2.177
176,1,2.489,2.955,-53.393,7.513,2.055,0.212,-1.192,0.388,-10.307,-34.237,34.237,-9.259,7.690
177,1,6.692,3.972,-53.448,7.490,1.809,0.261,-1.192,0.388,-10.307,-37.334,37.334,-11.937,17.399
178,1,10.886,4.990,-53.415,7.490,1.809,0.261,-2.397,0.512,-9.805,-39.556,39.556,-16.381,21.843
179,1,14.565,5.800,-53.302,6.596,1.471,0.189,-2.397,0.512,-9.805,-40.417,40.417,-13.279,28.389
180,1,18.240,6.597,-53.131,6.596,1.471,0.189,-2.694,0.574,-9.522,-42.000,42.000,-16.446,31.556
181,1,21.052,7.116,-52.952,5.097,1.012,0.101,-2.694,0.574,-9.522,-42.042,42.042,-9.970,38.198
182,1,23.860,7.626,-52.742,5.097,1.012,0.101,-2.905,0.976,-9.034,-43.082,43.082,-12.050,40.279
183,1,25.350,7.854,-52.717,2.837,0.426,0.229,-2.905,0.976,-9.034,-39.403,39.403,-8.071,52.805
184,1,26.841,8.082,-52.678,2.837,0.426,0.229,-3.531,1.058,-8.321,-39.918,39.918,-9.763,53.173
185,1,26.561,8.058,-52.926,-0.205,-0.201,0.471,-3.531,1.058,-8.321,-27.627,27.627,-6.529,68.070
186,1,26.286,8.036,-53.176,-0.205,-0.201,0.471,-3.862,0.813,-8.599,-27.521,27.521,-6.220,67.953
187,1,24.385,7.723,-53.428,-3.082,-0.655,0.256,-3.862,0.813,-8.599,-9.786,9.786,7.540,68.321
188,1,22.503,7.409,-53.680,-3.082,-0.655,0.256,-3.579,1.034,-9.025,-9.097,9.097,8.918,66.943
189,1,19.431,6.744,-53.816,-5.235,-1.148,-0.128,-3.579,1.034,-9.025,7.601,-7.601,27.832,62.121
190,1,16.388,6.078,-53.927,-5.235,-1.148,-0.128,-2.235,1.335,-9.106,9.937,-9.937,30.338,59.615
191,1,12.531,5.122,-53.911,-6.727,-1.607,-0.407,-2.235,1.335,-9.106,24.658,-24.658,47.346,55.725
192,1,8.699,4.176,-53.840,-6.727,-1.607,-0.407,-0.670,1.010,-9.092,28.667,-28.667,51.244,51.827
193,1,4.286,3.140,-53.723,-7.787,-1.780,-0.406,-0.670,1.010,-9.092,32.364,-32.364,58.729,49.273
194,1,-0.101,2.127,-53.536,-7.787,-1.780,-0.406,0.986,0.660,-9.585,35.140,-35.140,64.282,43.720
195,1,-4.694,1.125,-53.292,-8.174,-1.805,-0.380,0.986,0.660,-9.585,37.983,-37.983,70.318,38.384
196,1,-9.274,0.147,-52.976,-8.174,-1.805,-0.380,2.273,0.378,-10.054,41.359,-41.359,77.069,31.633
197,1,-13.352,-0.794,-52.645,-7.315,-1.783,-0.297,2.273,0.378,-10.054,43.510,-43.510,81.067,27.026
198,1,-17.427,-1.709,-52.253,-7.315,-1.783,-0.297,3.196,0.010,-9.752,46.819,-46.819,87.685,20.408
199,1,-20.204,-2.450,-51.920,-5.050,-1.490,-0.197,3.196,0.010,-9.752,47.945,-47.945,85.752,13.971
200,1,-22.981,-3.172,-51.551,-5.050,-1.490,-0.197,3.752,-0.211,-8.953,50.360,-50.360,90.581,9.142
201,1,-24.036,-3.547,-51.338,-2.045,-0.833,-0.149,3.752,-0.211,-8.953,40.983,-40.983,81.984,-1.041
202,1,-25.100,-3.916,-51.116,-2.045,-0.833,-0.149,3.962,-0.536,-8.561,41.990,-41.990,84.000,-3.056
203,1,-24.527,-3.804,-51.095,0.811,0.079,-0.183,3.962,-0.536,-8.561,27.653,-27.653,70.858,-15.967
204,1,-23.968,-3.694,-51.069,0.811,0.079,-0.183,3.780,-0.383,-8.475,27.181,-27.181,69.914,-15.023
205,1,-21.945,-3.129,-51.242,3.377,0.958,-0.167,3.780,-0.383,-8.475,12.339,-12.339,53.337,-23.556
206,1,-19.945,-2.564,-51.389,3.377,0.958,-0.167,3.268,-0.345,-8.451,10.569,-10.569,49.796,-20.016
207,1,-16.869,-1.654,-51.743,5.290,1.662,0.039,3.268,-0.345,-8.451,-4.461,4.461,29.203,-19.540
208,1,-13.820,-0.735,-52.044,5.290,1.662,0.039,2.158,-0.158,-8.809,-8.853,8.853,24.055,-14.393
209,1,-10.316,0.390,-52.479,6.138,2.075,0.300,2.158,-0.158,-8.809,-21.270,21.270,5.944,-8.090
210,1,-6.839,1.536,-52.833,6.138,2.075,0.300,0.967,0.057,-9.321,-25.944,25.944,0.650,-2.797
211,1,-3.617,2.638,-53.188,5.728,1.995,0.438,0.967,0.057,-9.321,-29.739,29.739,-6.202,6.338
212,1,-0.420,3.748,-53.469,5.728,1.995,0.438,0.110,0.426,-9.518,-33.620,33.620,-10.360,10.496
213,1,1.851,4.613,-53.668,4.116,1.554,0.397,0.110,0.426,-9.518,-27.669,27.669,-5.760,18.497
214,1,4.112,5.483,-53.826,4.116,1.554,0.397,-0.684,0.809,-9.833,-30.148,30.148,-8.249,20.985
215,1,5.044,6.023,-53.929,1.788,0.977,0.305,-0.684,0.809,-9.833,-18.303,18.303,1.402,27.831
216,1,5.977,6.562,-54.023,1.788,0.977,0.305,-1.373,1.120,-10.590,-19.232,19.232,0.538,28.695
217,1,5.871,6.705,-54.071,-0.048,0.290,0.162,-1.373,1.120,-10.590,-8.131,8.131,14.079,34.785
218,1,5.777,6.849,-54.122,-0.048,0.290,0.162,-1.349,1.225,-10.154,-8.004,8.004,14.223,34.641
219,1,5.212,6.667,-54.081,-0.902,-0.266,-0.063,-1.349,1.225,-10.154,-0.345,0.345,28.337,36.415
220,1,4.656,6.493,-54.037,-0.902,-0.266,-0.063,-0.852,1.215,-9.503,0.232,-0.232,28.892,35.860
221,1,4.019,6.190,-53.897,-1.079,-0.481,-0.254,-0.852,1.215,-9.503,4.154,-4.154,37.359,33.541
222,1,3.389,5.892,-53.753,-1.079,-0.481,-0.254,-0.100,1.292,-9.121,4.815,-4.815,38.000,32.900
223,1,2.868,5.682,-53.600,-0.900,-0.333,-0.267,-0.100,1.292,-9.121,4.651,-4.651,36.781,29.888
224,1,2.348,5.479,-53.447,-0.900,-0.333,-0.267,0.206,1.144,-9.063,5.215,-5.215,37.343,29.327
225,1,2.030,5.453,-53.375,-0.542,-0.037,-0.119,0.206,1.144,-9.063,1.928,-1.928,29.769,28.439
226,1,1.713,5.428,-53.306,-0.542,-0.037,-0.119,0.191,0.943,-9.432,2.282,-2.282,30.130,28.079
227,1,1.571,5.524,-53.285,-0.226,0.177,-0.031,0.191,0.943,-9.432,-0.241,0.241,25.030,27.060
228,1,1.432,5.622,-53.268,-0.226,0.177,-0.031,0.110,0.895,-9.604,-0.082,0.082,25.195,26.895
229,1,1.435,5.749,-53.266,0.028,0.224,-0.007,0.110,0.895,-9.604,-1.641,1.641,23.946,26.806
230,1,1.440,5.873,-53.268,0.028,0.224,-0.007,0.177,0.947,-9.661,-1.640,1.640,23.950,26.801
231,1,1.541,6.006,-53.276,0.198,0.239,0.007,0.177,0.947,-9.661,-2.785,2.785,23.261,27.064
232,1,1.639,6.138,-53.288,0.198,0.239,0.007,0.244,1.134,-9.709,-2.886,2.886,23.164,27.161
233,1,1.701,6.261,-53.332,0.138,0.222,0.065,0.244,1.134,-9.709,-3.369,3.369,21.912,28.900
234,1,1.761,6.387,-53.376,0.138,0.222,0.065,0.187,1.225,-9.829,-3.428,3.428,21.857,28.955
235,1,1.692,6.470,-53.459,-0.081,0.153,0.124,0.187,1.225,-9.829,-2.983,2.983,21.449,31.311
236,1,1.625,6.557,-53.538,-0.081,0.153,0.124,0.038,1.168,-9.934,-2.906,2.906,21.530,31.230
237,1,1.515,6.603,-53.619,-0.149,0.085,0.121,0.038,1.168,-9.934,-2.417,2.417,22.680,32.028
238,1,1.408,6.651,-53.697,-0.149,0.085,0.121,-0.005,1.153,-10.011,-2.299,2.299,22.798,31.910
239,1,1.342,6.667,-53.755,-0.082,0.031,0.076,-0.005,1.153,-10.011,-1.990,1.990,24.792,31.468
240,1,1.279,6.684,-53.811,-0.082,0.031,0.076,0.177,1.158,-10.044,-1.921,1.921,24.861,31.399
241,1,1.258,6.675,-53.850,-0.011,-0.011,0.043,0.177,1.158,-10.044,-1.843,1.843,26.302,31.145
242,1,1.240,6.667,-53.890,-0.011,-0.011,0.043,0.431,1.182,-10.097,-1.824,1.824,26.321,31.126
243,1,1.160,6.633,-53.950,-0.109,-0.056,0.069,0.431,1.182,-10.097,-1.581,1.581,26.394,32.362
244,1,1.081,6.599,-54.008,-0.109,-0.056,0.069,0.541,1.187,-10.231,-1.495,1.495,26.478,32.278
245,1,0.870,6.510,-54.091,-0.336,-0.158,0.111,0.541,1.187,-10.231,-0.654,0.654,27.109,34.538
246,1,0.656,6.419,-54.176,-0.336,-0.158,0.111,0.522,1.148,-10.302,-0.423,0.423,27.339,34.309
247,1,0.453,6.295,-54.289,-0.313,-0.219,0.161,0.522,1.148,-10.302,-0.941,0.941,27.188,36.225
248,1,0.251,6.171,-54.399,-0.313,-0.219,0.161,0.421,1.105,-10.279,-0.721,0.721,27.408,36.005
249,1,0.243,6.073,-54.536,0.028,-0.175,0.203,0.421,1.105,-10.279,-2.950,2.950,25.711,36.424
250,1,0.234,5.978,-54.672,0.028,-0.175,0.203,0.316,1.019,-10.130,-2.941,2.941,25.719,36.415
251,1,0.398,5.913,-54.823,0.329,-0.119,0.226,0.316,1.019,-10.130,-4.909,4.909,24.185,36.367
252,1,0.559,5.848,-54.972,0.329,-0.119,0.226,0.196,0.928,-10.049,-5.088,5.088,24.003,36.548
253,1,0.745,5.788,-55.124,0.376,-0.111,0.232,0.196,0.928,-10.049,-5.610,5.610,23.511,36.797
254,1,0.931,5.728,-55.271,0.376,-0.111,0.232,0.024,0.880,-9.939,-5.819,5.819,23.299,37.010
255,1,1.093,5.656,-55.425,0.328,-0.132,0.240,0.024,0.880,-9.939,-5.854,5.854,23.231,37.686
256,1,1.250,5.586,-55.576,0.328,-0.132,0.240,-0.144,0.790,-9.848,-6.032,6.032,23.049,37.868
257,1,1.415,5.513,-55.746,0.343,-0.136,0.276,-0.144,0.790,-9.848,-6.747,6.747,22.011,39.028
258,1,1.581,5.441,-55.916,0.343,-0.136,0.276,-0.301,0.713,-9.857,-6.936,6.936,21.816,39.223
259,1,1.787,5.368,-56.099,0.419,-0.136,0.301,-0.301,0.713,-9.857,-7.869,7.869,20.934,40.104
260,1,1.997,5.297,-56.281,0.419,-0.136,0.301,-0.445,0.665,-9.924,-8.109,8.109,20.687,40.352
261,1,2.212,5.171,-56.479,0.434,-0.229,0.328,-0.445,0.665,-9.924,-8.767,8.767,21.083,42.604
262,1,2.430,5.051,-56.678,0.434,-0.229,0.328,-0.426,0.622,-9.991,-9.021,9.021,20.816,42.870
263,1,2.572,4.846,-56.947,0.312,-0.379,0.450,-0.426,0.622,-9.991,-10.109,10.109,19.733,48.245
264,1,2.715,4.641,-57.219,0.312,-0.379,0.450,-0.445,0.742,-9.963,-10.289,10.289,19.535,48.443
265,1,2.794,4.385,-57.572,0.206,-0.477,0.590,-0.445,0.742,-9.963,-11.627,11.627,17.289,53.490
266,1,2.872,4.133,-57.925,0.206,-0.477,0.590,-0.981,0.589,-10.034,-11.741,11.741,17.156,53.623
267,1,2.925,3.860,-58.245,0.148,-0.508,0.534,-0.981,0.589,-10.034,-10.833,10.833,18.902,52.759
268,1,2.982,3.590,-58.568,0.148,-0.508,0.534,-1.239,0.493,-10.149,-10.926,10.926,18.788,52.873
269,1,2.936,3.258,-58.743,-0.050,-0.603,0.272,-1.239,0.493,-10.149,-6.637,6.637,26.698,47.672
270,1,2.897,2.930,-58.920,-0.050,-0.603,0.272,-1.110,0.651,-10.216,-6.622,6.622,26.694,47.675
271,1,2.780,2.540,-58.953,-0.206,-0.699,0.021,-1.110,0.651,-10.216,-2.609,2.609,34.412,42.697
272,1,2.666,2.151,-58.991,-0.206,-0.699,0.021,-1.144,0.718,-9.967,-2.505,2.505,34.503,42.606
273,1,2.606,1.738,-58.960,-0.113,-0.737,-0.107,-1.144,0.718,-9.967,-1.333,1.333,38.266,39.939
274,1,2.550,1.332,-58.928,-0.113,-0.737,-0.107,-0.919,0.282,-9.666,-1.298,1.298,38.282,39.923
275,1,2.526,0.947,-58.833,-0.060,-0.695,-0.217,-0.919,0.282,-9.666,-0.183,0.183,40.420,36.567
276,1,2.506,0.560,-58.735,-0.060,-0.695,-0.217,-0.919,0.282,-9.666,-0.191,0.191,40.392,36.595
277,1,2.467,0.206,-58.614,-0.060,-0.695,-0.217,-0.746,0.206,-9.216,-0.172,0.172,40.396,36.591
278,1,2.411,-0.118,-58.467,-0.121,-0.587,-0.310,-0.746,0.206,-9.216,1.342,-1.342,41.212,32.701
279,1,2.348,-0.396,-58.324,-0.121,-0.587,-0.310,-0.660,-0.043,-9.149,1.401,-1.401,41.265,32.648
280,1,2.285,-0.626,-58.192,-0.130,-0.425,-0.292,-0.660,-0.043,-9.149,1.280,-1.280,38.560,30.727
281,1,2.280,-0.799,-58.077,-0.130,-0.425,-0.292,-0.507,-0.167,-9.063,1.274,-1.274,38.545,30.742
282,1,2.332,-0.911,-57.976,0.074,-0.223,-0.224,-0.507,-0.167,-9.063,-0.675,0.675,33.855,29.649
283,1,2.445,-0.966,-57.892,0.074,-0.223,-0.224,-0.349,-0.349,-8.977,-0.829,0.829,33.679,29.825
284,1,2.613,-0.962,-57.826,0.285,-0.010,-0.153,-0.349,-0.349,-8.977,-2.992,2.992,28.626,28.791
285,1,2.796,-0.934,-57.779,0.285,-0.010,-0.153,-0.349,-0.287,-8.939,-3.233,3.233,28.357,29.060
286,1,2.990,-0.880,-57.753,0.328,0.080,-0.091,-0.349,-0.287,-8.939,-4.483,4.483,25.228,29.632
287,1,3.200,-0.812,-57.768,0.328,0.080,-0.091,-0.330,-0.167,-8.872,-4.754,4.754,24.927,29.933
288,1,3.429,-0.731,-57.851,0.402,0.132,-0.028,-0.330,-0.167,-8.872,-6.201,6.201,22.286,31.083
289,1,3.718,-0.603,-58.012,0.402,0.132,-0.028,-0.502,0.144,-8.800,-6.566,6.566,21.886,31.483
290,1,4.068,-0.425,-58.222,0.611,0.294,0.036,-0.502,0.144,-8.800,-8.850,8.850,17.501,31.241
291,1,4.392,-0.220,-58.467,0.611,0.294,0.036,-0.780,0.388,-8.872,-9.243,9.243,17.080,31.662
292,1,4.695,0.016,-58.722,0.538,0.399,0.066,-0.780,0.388,-8.872,-9.603,9.603,14.454,31.276
293,1,4.917,0.231,-58.954,0.538,0.399,0.066,-1.038,0.483,-9.101,-9.853,9.853,14.197,31.532
294,1,5.056,0.420,-59.162,0.251,0.323,-0.034,-1.038,0.483,-9.101,-7.314,7.314,17.654,30.267
295,1,5.077,0.565,-59.330,0.251,0.323,-0.034,-1.081,0.550,-9.144,-7.317,7.317,17.665,30.255
296,1,4.980,0.669,-59.460,-0.169,0.185,-0.175,-1.081,0.550,-9.144,-3.314,3.314,23.310,28.537
297,1,4.777,0.739,-59.560,-0.169,0.185,-0.175,-0.947,0.455,-9.312,-3.044,3.044,23.612,28.235
298,1,4.472,0.781,-59.629,-0.544,0.082,-0.282,-0.947,0.455,-9.312,0.569,-0.569,28.215,26.585
299,1,4.123,0.793,-59.688,-0.544,0.082,-0.282,-0.742,0.383,-9.494,1.013,-1.013,28.703,26.096
300,1,3.733,0.776,-59.728,-0.698,-0.009,-0.330,-0.742,0.383,-9.494,2.871,-2.871,31.734,25.652
301,1,3.371,0.747,-59.768,-0.698,-0.009,-0.330,-0.421,0.215,-9.575,3.328,-3.328,32.233,25.153
302,1,3.036,0.705,-59.807,-0.607,-0.068,-0.323,-0.421,0.215,-9.575,3.203,-3.203,33.359,25.731
303,1,2.736,0.667,-59.845,-0.607,-0.068,-0.323,-0.091,0.000,-9.475,3.581,-3.581,33.774,25.317
304,1,2.474,0.638,-59.885,-0.479,-0.039,-0.310,-0.091,0.000,-9.475,3.114,-3.114,33.406,24.863
305,1,2.239,0.633,-59.941,-0.479,-0.039,-0.310,0.115,-0.024,-9.561,3.413,-3.413,33.736,24.533
306,1,2.031,0.652,-60.020,-0.377,0.036,-0.235,0.115,-0.024,-9.561,2.237,-2.237,31.086,25.022
307,1,1.833,0.693,-60.119,-0.377,0.036,-0.235,0.278,-0.105,-9.613,2.491,-2.491,31.368,24.741
308,1,1.645,0.760,-60.242,-0.338,0.121,-0.146,0.278,-0.105,-9.613,1.419,-1.419,28.183,25.490
309,1,1.464,0.843,-60.373,-0.338,0.121,-0.146,0.278,-0.254,-9.800,1.654,-1.654,28.444,25.229
310,1,1.297,0.935,-60.509,-0.299,0.175,-0.110,0.278,-0.254,-9.800,1.225,-1.225,27.017,25.135
311,1,1.186,1.042,-60.650,-0.299,0.175,-0.110,0.349,-0.244,-10.073,1.371,-1.371,27.179,24.972
312,1,1.130,1.157,-60.795,-0.092,0.211,-0.087,0.349,-0.244,-10.073,0.128,-0.128,26.187,24.929
313,1,1.125,1.267,-60.954,-0.092,0.211,-0.087,0.407,-0.258,-10.302,0.137,-0.137,26.200,24.917
314,1,1.173,1.371,-61.123,0.096,0.195,-0.036,0.407,-0.258,-10.302,-1.495,1.495,25.092,26.481
315,1,1.219,1.442,-61.306,0.096,0.195,-0.036,0.426,-0.201,-10.255,-1.550,1.550,25.034,26.539
316,1,1.263,1.488,-61.509,0.095,0.092,0.022,0.426,-0.201,-10.255,-2.330,2.330,24.988,29.537
317,1,1.262,1.508,-61.722,0.095,0.092,0.022,0.383,-0.072,-10.092,-2.328,2.328,24.991,29.535
318,1,1.223,1.497,-61.953,-0.043,-0.001,0.081,0.383,-0.072,-10.092,-2.324,2.324,24.903,32.270
319,1,1.166,1.487,-62.183,-0.043,-0.001,0.081,0.321,0.019,-10.034,-2.254,2.254,24.980,32.194
320,1,1.090,1.474,-62.408,-0.103,-0.013,0.079,0.321,0.019,-10.034,-1.830,1.830,25.302,32.206
321,1,1.039,1.475,-62.633,-0.103,-0.013,0.079,0.230,0.158,-10.044,-1.766,1.766,25.372,32.136
322,1,1.007,1.484,-62.855,-0.027,0.032,0.077,0.230,0.158,-10.044,-2.083,2.083,24.830,31.400
323,1,1.018,1.503,-63.084,-0.027,0.032,0.077,0.120,0.278,-10.034,-2.096,2.096,24.815,31.414
324,1,1.068,1.526,-63.319,0.114,0.045,0.096,0.120,0.278,-10.034,-3.100,3.100,24.087,31.778
325,1,1.128,1.546,-63.557,0.114,0.045,0.096,0.038,0.325,-9.896,-3.174,3.174,24.007,31.857
326,1,1.199,1.562,-63.789,0.149,0.035,0.096,0.038,0.325,-9.896,-3.437,3.437,24.049,32.089
327,1,1.256,1.581,-64.021,0.149,0.035,0.096,-0.005,0.359,-9.709,-3.507,3.507,23.974,32.164
328,1,1.304,1.600,-64.251,0.107,0.034,0.085,-0.005,0.359,-9.709,-3.221,3.221,24.191,31.978
329,1,1.328,1.619,-64.484,0.107,0.034,0.085,-0.048,0.392,-9.628,-3.249,3.249,24.161,32.008
330,1,1.332,1.643,-64.722,0.031,0.038,0.111,-0.048,0.392,-9.628,-3.194,3.194,23.457,32.590
331,1,1.306,1.661,-64.963,0.031,0.038,0.111,-0.191,0.316,-9.652,-3.162,3.162,23.493,32.554
332,1,1.253,1.669,-65.209,-0.075,0.015,0.120,-0.191,0.316,-9.652,-2.688,2.688,23.660,33.057
333,1,1.190,1.667,-65.446,-0.075,0.015,0.120,-0.282,0.297,-9.719,-2.610,2.610,23.744,32.972
334,1,1.123,1.653,-65.670,-0.105,-0.025,0.089,-0.282,0.297,-9.719,-1.986,1.986,25.170,32.673
335,1,1.078,1.636,-65.880,-0.105,-0.025,0.089,-0.282,0.282,-9.628,-1.931,1.931,25.230,32.613
336,1,1.062,1.613,-66.081,-0.018,-0.042,0.050,-0.282,0.282,-9.628,-1.856,1.856,26.478,31.851
337,1,1.069,1.600,-66.281,-0.018,-0.042,0.050,-0.211,0.330,-9.604,-1.865,1.865,26.469,31.861
338,1,1.093,1.599,-66.475,0.053,-0.001,0.043,-0.211,0.330,-9.604,-2.159,2.159,26.044,31.130
339,1,1.137,1.606,-66.673,0.053,-0.001,0.043,-0.206,0.292,-9.642,-2.214,2.214,25.985,31.188
340,1,1.202,1.620,-66.877,0.115,0.022,0.060,-0.206,0.292,-9.642,-2.816,2.816,25.137,31.367
341,1,1.257,1.630,-67.080,0.115,0.022,0.060,-0.187,0.292,-9.585,-2.883,2.883,25.064,31.440
342,1,1.308,1.639,-67.284,0.095,0.013,0.061,-0.187,0.292,-9.585,-2.859,2.859,25.106,31.672
343,1,1.329,1.644,-67.482,0.095,0.013,0.061,-0.215,0.196,-9.508,-2.884,2.884,25.079,31.699
344,1,1.322,1.640,-67.679,-0.004,-0.005,0.053,-0.215,0.196,-9.508,-2.287,2.287,25.532,31.763
345,1,1.310,1.636,-67.869,-0.004,-0.005,0.053,-0.153,0.215,-9.479,-2.273,2.273,25.548,31.748
346,1,1.288,1.630,-68.055,-0.028,-0.012,0.040,-0.153,0.215,-9.479,-1.969,1.969,25.988,31.490
347,1,1.289,1.634,-68.245,-0.028,-0.012,0.040,-0.158,0.325,-9.494,-1.969,1.969,25.988,31.490
348,1,1.306,1.650,-68.435,0.035,0.026,0.054,-0.158,0.325,-9.494,-2.478,2.478,25.086,31.326
349,1,1.343,1.674,-68.621,0.035,0.026,0.054,-0.249,0.273,-9.594,-2.522,2.522,25.039,31.374
350,1,1.404,1.707,-68.803,0.112,0.058,0.039,-0.249,0.273,-9.594,-2.794,2.794,24.875,30.624
351,1,1.468,1.743,-68.977,0.112,0.058,0.039,-0.215,0.311,-9.609,-2.871,2.871,24.792,30.707
352,1,1.529,1.776,-69.137,0.115,0.063,0.005,-0.215,0.311,-9.609,-2.535,2.535,25.489,29.858
353,1,1.586,1.815,-69.303,0.115,0.063,0.005,-0.187,0.364,-9.661,-2.604,2.604,25.416,29.931
354,1,1.632,1.851,-69.468,0.089,0.066,0.020,-0.187,0.364,-9.661,-2.717,2.717,24.939,30.317
355,1,1.683,1.887,-69.647,0.089,0.066,0.020,-0.163,0.364,-9.642,-2.778,2.778,24.874,30.381
356,1,1.731,1.921,-69.834,0.098,0.055,0.056,-0.163,0.364,-9.642,-3.330,3.330,24.061,31.499
357,1,1.778,1.955,-70.029,0.098,0.055,0.056,-0.234,0.335,-9.613,-3.387,3.387,24.001,31.559
358,1,1.820,1.985,-70.226,0.080,0.054,0.082,-0.234,0.335,-9.613,-3.665,3.665,23.325,32.266
359,1,1.846,2.013,-70.418,0.080,0.054,0.082,-0.321,0.306,-9.647,-3.696,3.696,23.293,32.298
360,1,1.857,2.039,-70.603,0.034,0.042,0.065,-0.321,0.306,-9.647,-3.265,3.265,23.890,32.066
361,1,1.874,2.061,-70.773,0.034,0.042,0.065,-0.306,0.321,-9.719,-3.286,3.286,23.869,32.087
362,1,1.894,2.080,-70.932,0.042,0.033,0.030,-0.306,0.321,-9.719,-2.907,2.907,24.845,31.354
363,1,1.915,2.103,-71.087,0.042,0.033,0.030,-0.258,0.345,-9.666,-2.931,2.931,24.820,31.379
364,1,1.941,2.131,-71.241,0.048,0.049,0.026,-0.258,0.345,-9.666,-2.940,2.940,24.667,31.076
365,1,1.956,2.164,-71.404,0.048,0.049,0.026,-0.225,0.354,-9.719,-2.956,2.956,24.651,31.092
366,1,1.965,2.197,-71.568,0.021,0.062,0.050,-0.225,0.354,-9.719,-3.138,3.138,23.847,31.530
367,1,1.962,2.230,-71.733,0.021,0.062,0.050,-0.287,0.325,-9.805,-3.132,3.132,23.855,31.522
368,1,1.952,2.254,-71.898,-0.010,0.046,0.051,-0.287,0.325,-9.805,-2.977,2.977,24.072,31.762
369,1,1.937,2.273,-72.056,-0.010,0.046,0.051,-0.321,0.335,-9.867,-2.957,2.957,24.095,31.739
370,1,1.915,2.284,-72.208,-0.031,0.021,0.029,-0.321,0.335,-9.867,-2.544,2.544,25.034,31.500
371,1,1.892,2.289,-72.352,-0.031,0.021,0.029,-0.287,0.364,-9.886,-2.516,2.516,25.064,31.470
372,1,1.866,2.288,-72.495,-0.039,0.001,0.013,-0.287,0.364,-9.886,-2.242,2.242,25.786,31.326
373,1,1.861,2.288,-72.638,-0.039,0.001,0.013,-0.297,0.397,-9.862,-2.235,2.235,25.794,31.319
374,1,1.874,2.285,-72.785,0.030,0.001,0.025,-0.297,0.397,-9.862,-2.745,2.745,25.483,31.630
375,1,1.900,2.291,-72.932,0.030,0.001,0.025,-0.325,0.407,-9.790,-2.775,2.775,25.450,31.662
376,1,1.937,2.297,-73.076,0.070,0.014,0.021,-0.325,0.407,-9.790,-2.983,2.983,25.299,31.448
377,1,1.955,2.302,-73.216,0.070,0.014,0.021,-0.287,0.364,-9.762,-3.004,3.004,25.276,31.471
378,1,1.954,2.301,-73.346,0.000,0.001,-0.003,-0.287,0.364,-9.762,-2.346,2.346,26.072,31.040
379,1,1.940,2.290,-73.474,0.000,0.001,-0.003,-0.254,0.383,-9.733,-2.329,2.329,26.090,31.023
380,1,1.912,2.273,-73.600,-0.045,-0.030,-0.007,-0.254,0.383,-9.733,-2.019,2.019,26.672,31.323
381,1,1.900,2.260,-73.732,-0.045,-0.030,-0.007,-0.244,0.407,-9.652,-2.005,2.005,26.687,31.308
382,1,1.905,2.246,-73.872,0.011,-0.023,0.016,-0.244,0.407,-9.652,-2.581,2.581,26.002,31.811
383,1,1.921,2.240,-74.015,0.011,-0.023,0.016,-0.234,0.421,-9.628,-2.601,2.601,25.980,31.832
384,1,1.949,2.249,-74.161,0.055,0.010,0.026,-0.234,0.421,-9.628,-2.979,2.979,25.233,31.636
385,1,1.981,2.256,-74.300,0.055,0.010,0.026,-0.244,0.397,-9.671,-3.018,3.018,25.191,31.678
386,1,2.013,2.271,-74.437,0.064,0.022,0.013,-0.244,0.397,-9.671,-2.939,2.939,25.288,31.216
387,1,2.039,2.282,-74.568,0.064,0.022,0.013,-0.182,0.383,-9.709,-2.970,2.970,25.255,31.249
388,1,2.057,2.287,-74.695,0.035,0.010,0.000,-0.182,0.383,-9.709,-2.687,2.687,25.734,31.135
389,1,2.059,2.288,-74.825,0.035,0.010,0.000,-0.057,0.383,-9.733,-2.690,2.690,25.731,31.138
390,1,2.046,2.287,-74.957,-0.014,-0.003,0.013,-0.057,0.383,-9.733,-2.589,2.589,25.611,31.623
391,1,2.028,2.287,-75.097,-0.014,-0.003,0.013,-0.053,0.392,-9.704,-2.567,2.567,25.635,31.599
392,1,2.004,2.282,-75.248,-0.031,-0.010,0.046,-0.053,0.392,-9.704,-2.866,2.866,24.932,32.485
393,1,1.997,2.278,-75.402,-0.031,-0.010,0.046,-0.144,0.383,-9.685,-2.858,2.858,24.940,32.477
394,1,2.008,2.274,-75.562,0.031,-0.012,0.066,-0.144,0.383,-9.685,-3.433,3.433,24.449,33.028
395,1,2.044,2.272,-75.726,0.031,-0.012,0.066,-0.268,0.330,-9.642,-3.478,3.478,24.402,33.076
396,1,2.108,2.274,-75.889,0.124,-0.001,0.078,-0.268,0.330,-9.642,-4.165,4.165,23.873,33.300
397,1,2.180,2.278,-76.049,0.124,-0.001,0.078,-0.359,0.345,-9.532,-4.253,4.253,23.779,33.394
398,1,2.260,2.288,-76.204,0.154,0.010,0.067,-0.359,0.345,-9.532,-4.371,4.371,23.790,33.079
399,1,2.328,2.297,-76.354,0.154,0.010,0.067,-0.378,0.349,-9.532,-4.453,4.453,23.703,33.166
400,1,2.381,2.314,-76.497,0.104,0.026,0.053,-0.378,0.349,-9.532,-4.093,4.093,23.752,32.660
401,1,2.415,2.327,-76.636,0.104,0.026,0.053,-0.416,0.364,-9.537,-4.133,4.133,23.711,32.702
402,1,2.437,2.337,-76.777,0.046,0.016,0.052,-0.416,0.364,-9.537,-3.853,3.853,23.846,32.841
403,1,2.444,2.339,-76.919,0.046,0.016,0.052,-0.493,0.392,-9.542,-3.862,3.862,23.837,32.849
404,1,2.438,2.335,-77.063,0.001,-0.010,0.063,-0.493,0.392,-9.542,-3.764,3.764,23.943,33.473
405,1,2.432,2.331,-77.208,0.001,-0.010,0.063,-0.536,0.368,-9.532,-3.757,3.757,23.951,33.466
406,1,2.418,2.325,-77.350,-0.015,-0.010,0.058,-0.536,0.368,-9.532,-3.594,3.594,24.101,33.315
407,1,2.418,2.330,-77.485,-0.015,-0.010,0.058,-0.560,0.359,-9.465,-3.593,3.593,24.102,33.315
408,1,2.426,2.342,-77.616,0.018,0.017,0.037,-0.560,0.359,-9.465,-3.515,3.515,24.218,32.437
409,1,2.438,2.360,-77.740,0.018,0.017,0.037,-0.507,0.354,-9.503,-3.527,3.527,24.206,32.450
410,1,2.451,2.394,-77.863,0.026,0.056,0.029,-0.507,0.354,-9.503,-3.472,3.472,23.843,31.687
411,1,2.460,2.433,-77.989,0.026,0.056,0.029,-0.512,0.378,-9.680,-3.479,3.479,23.837,31.693
412,1,2.459,2.482,-78.114,0.004,0.086,0.040,-0.512,0.378,-9.680,-3.515,3.515,23.125,31.552
413,1,2.461,2.529,-78.240,0.004,0.086,0.040,-0.579,0.397,-9.810,-3.513,3.513,23.129,31.548
414,1,2.458,2.572,-78.366,-0.004,0.080,0.044,-0.579,0.397,-9.810,-3.502,3.502,23.151,31.709
415,1,2.456,2.612,-78.492,-0.004,0.080,0.044,-0.593,0.435,-9.848,-3.497,3.497,23.159,31.702
416,1,2.454,2.646,-78.610,-0.006,0.063,0.031,-0.593,0.435,-9.848,-3.322,3.322,23.729,31.618
417,1,2.460,2.683,-78.722,-0.006,0.063,0.031,-0.555,0.531,-9.972,-3.326,3.326,23.726,31.621
418,1,2.481,2.723,-78.827,0.029,0.076,0.003,-0.555,0.531,-9.972,-3.178,3.178,24.214,30.768
419,1,2.515,2.768,-78.922,0.029,0.076,0.003,-0.469,0.579,-10.116,-3.215,3.215,24.176,30.805
420,1,2.562,2.815,-79.011,0.078,0.087,-0.022,-0.469,0.579,-10.116,-3.193,3.193,24.595,30.052
421,1,2.606,2.850,-79.094,0.078,0.087,-0.022,-0.426,0.517,-10.192,-3.243,3.243,24.544,30.103
422,1,2.650,2.867,-79.174,0.071,0.038,-0.038,-0.426,0.517,-10.192,-3.062,3.062,25.589,30.458
423,1,2.672,2.857,-79.253,0.071,0.038,-0.038,-0.388,0.469,-10.020,-3.089,3.089,25.560,30.487
424,1,2.673,2.821,-79.334,0.002,-0.063,-0.042,-0.388,0.469,-10.020,-2.709,2.709,27.078,31.861
425,1,2.654,2.773,-79.412,0.002,-0.063,-0.042,-0.335,0.402,-9.805,-2.690,2.690,27.095,31.843
426,1,2.612,2.709,-79.492,-0.076,-0.103,-0.043,-0.335,0.402,-9.805,-2.242,2.242,27.746,32.349
427,1,2.572,2.657,-79.572,-0.076,-0.103,-0.043,-0.249,0.345,-9.690,-2.199,2.199,27.789,32.306
428,1,2.544,2.609,-79.648,-0.054,-0.080,-0.040,-0.249,0.345,-9.690,-2.301,2.301,27.431,31.994
429,1,2.533,2.567,-79.731,-0.054,-0.080,-0.040,-0.187,0.340,-9.623,-2.292,2.292,27.439,31.986
430,1,2.537,2.528,-79.819,0.015,-0.065,-0.020,-0.187,0.340,-9.623,-2.900,2.900,26.709,32.290
431,1,2.551,2.489,-79.914,0.015,-0.065,-0.020,-0.163,0.268,-9.513,-2.920,2.920,26.685,32.314
432,1,2.575,2.444,-80.011,0.043,-0.075,0.000,-0.163,0.268,-9.513,-3.344,3.344,26.279,32.994
433,1,2.584,2.406,-80.121,0.043,-0.075,0.000,-0.129,0.316,-9.388,-3.358,3.358,26.262,33.011
434,1,2.591,2.371,-80.239,0.018,-0.064,0.034,-0.129,0.316,-9.388,-3.673,3.673,25.244,33.725
435,1,2.588,2.346,-80.371,0.018,-0.064,0.034,-0.177,0.373,-9.403,-3.672,3.672,25.244,33.725
436,1,2.579,2.335,-80.518,-0.003,-0.021,0.086,-0.177,0.373,-9.403,-4.207,4.207,23.340,34.411
437,1,2.579,2.341,-80.667,-0.003,-0.021,0.086,-0.273,0.354,-9.537,-4.206,4.206,23.342,34.410
438,1,2.591,2.358,-80.822,0.036,0.025,0.109,-0.273,0.354,-9.537,-4.697,4.697,22.114,34.329
439,1,2.612,2.372,-80.971,0.036,0.025,0.109,-0.383,0.421,-9.585,-4.721,4.721,22.089,34.353
440,1,2.636,2.381,-81.116,0.059,0.015,0.099,-0.383,0.421,-9.585,-4.742,4.742,22.435,34.282
441,1,2.659,2.387,-81.250,0.059,0.015,0.099,-0.445,0.450,-9.580,-4.769,4.769,22.407,34.310
442,1,2.678,2.391,-81.383,0.046,0.001,0.081,-0.445,0.450,-9.580,-4.502,4.502,23.033,34.080
443,1,2.698,2.395,-81.514,0.046,0.001,0.081,-0.474,0.488,-9.527,-4.525,4.525,23.007,34.105
444,1,2.718,2.408,-81.637,0.051,0.019,0.074,-0.474,0.488,-9.527,-4.482,4.482,22.910,33.685
445,1,2.744,2.422,-81.763,0.051,0.019,0.074,-0.541,0.455,-9.566,-4.512,4.512,22.879,33.716
446,1,2.765,2.440,-81.888,0.045,0.030,0.076,-0.541,0.455,-9.566,-4.530,4.530,22.650,33.641
447,1,2.788,2.461,-82.016,0.045,0.030,0.076,-0.656,0.479,-9.599,-4.557,4.557,22.623,33.668
448,1,2.808,2.470,-82.130,0.043,0.013,0.056,-0.656,0.479,-9.599,-4.330,4.330,23.320,33.457
449,1,2.828,2.479,-82.245,0.043,0.013,0.056,-0.651,0.483,-9.642,-4.354,4.354,23.295,33.482
450,1,2.844,2.487,-82.342,0.034,0.002,0.022,-0.651,0.483,-9.642,-3.904,3.904,24.281,32.801
451,1,2.862,2.488,-82.435,0.034,0.002,0.022,-0.632,0.522,-9.647,-3.925,3.925,24.258,32.824
452,1,2.877,2.492,-82.519,0.026,0.005,0.005,-0.632,0.522,-9.647,-3.688,3.688,24.619,32.372
453,1,2.893,2.495,-82.603,0.026,0.005,0.005,-0.584,0.541,-9.695,-3.707,3.707,24.599,32.392
454,1,2.921,2.506,-82.691,0.047,0.013,0.004,-0.584,0.541,-9.695,-3.833,3.833,24.484,32.294
455,1,2.950,2.516,-82.775,0.047,0.013,0.004,-0.579,0.479,-9.771,-3.867,3.867,24.448,32.329
456,1,2.993,2.525,-82.860,0.078,0.016,0.003,-0.579,0.479,-9.771,-4.059,4.059,24.375,32.311
457,1,3.039,2.537,-82.943,0.078,0.016,0.003,-0.550,0.421,-9.771,-4.114,4.114,24.317,32.369
458,1,3.089,2.533,-83.019,0.083,-0.004,-0.018,-0.550,0.421,-9.771,-3.935,3.935,25.074,32.191
459,1,3.137,2.532,-83.090,0.083,-0.004,-0.018,-0.445,0.388,-9.752,-3.993,3.993,25.011,32.253
4369,1,7.714,-9.115,145.717,-0.104,-0.054,-0.052,-0.885,-1.474,-9.369,-11.563,11.563,15.080,43.615
4370,1,7.642,-9.135,145.738,-0.104,-0.054,-0.052,-1.096,-1.196,-9.700,-11.452,11.452,15.214,43.481
4371,1,7.584,-9.118,145.713,-0.108,0.036,0.050,-1.096,-1.196,-9.700,-12.614,12.614,11.488,44.620
4372,1,7.518,-9.076,145.691,-0.108,0.036,0.050,-1.345,-0.924,-10.082,-12.492,12.492,11.642,44.466
4373,1,7.532,-8.976,145.607,0.004,0.157,0.183,-1.345,-0.924,-10.082,-14.704,14.704,6.620,46.049
4374,1,7.555,-8.896,145.525,0.004,0.157,0.183,-1.651,-1.273,-10.389,-14.716,14.716,6.616,46.053
4375,1,7.622,-8.822,145.397,0.079,0.096,0.261,-1.651,-1.273,-10.389,-16.144,16.144,5.448,48.956
4376,1,7.703,-8.795,145.262,0.079,0.096,0.261,-1.967,-1.268,-10.566,-16.267,16.267,5.302,49.102
4377,1,7.816,-8.806,145.128,0.159,-0.058,0.242,-1.967,-1.268,-10.566,-16.613,16.613,7.745,51.042
4378,1,7.945,-8.858,144.989,0.159,-0.058,0.242,-1.952,-0.412,-10.221,-16.840,16.840,7.461,51.325
4379,1,8.070,-8.960,144.916,0.193,-0.212,0.125,-1.952,-0.412,-10.221,-15.784,15.784,12.293,50.906
4380,1,8.202,-9.075,144.844,0.193,-0.212,0.125,-1.613,-0.340,-9.599,-16.040,16.040,11.965,51.234
4381,1,8.293,-9.214,144.793,0.131,-0.287,0.086,-1.613,-0.340,-9.599,-15.451,15.451,13.728,51.603
4382,1,8.370,-9.310,144.743,0.131,-0.287,0.086,-1.282,0.057,-9.144,-15.613,15.613,13.516,51.814
4383,1,8.421,-9.367,144.640,0.052,-0.166,0.194,-1.282,0.057,-9.144,-16.669,16.669,8.970,52.921
4384,1,8.443,-9.335,144.549,0.052,-0.166,0.194,-1.053,-0.708,-9.159,-16.693,16.693,8.946,52.945
4385,1,8.514,-9.194,144.388,0.070,0.151,0.342,-1.053,-0.708,-9.159,-18.696,18.696,0.654,52.167
4386,1,8.551,-8.965,144.236,0.070,0.151,0.342,-1.407,-1.383,-9.747,-18.671,18.671,0.718,52.103
4387,1,8.686,-8.602,143.986,0.165,0.524,0.540,-1.407,-1.383,-9.747,-21.701,21.701,-9.605,51.773
4388,1,8.799,-8.190,143.738,0.165,0.524,0.540,-1.895,-0.813,-10.441,-21.724,21.724,-9.571,51.740
4389,1,8.957,-7.711,143.509,0.222,0.744,0.509,-1.895,-0.813,-10.441,-21.687,21.687,-11.941,47.839
4390,1,9.102,-7.214,143.282,0.222,0.744,0.509,-1.938,0.096,-11.149,-21.723,21.723,-11.907,47.805
4391,1,9.141,-6.747,143.193,0.055,0.761,0.244,-1.938,0.096,-11.149,-17.459,17.459,-5.304,40.716
4392,1,9.183,-6.296,143.107,0.055,0.761,0.244,-1.598,0.617,-11.537,-17.354,17.354,-5.106,40.518
4393,1,9.062,-5.918,143.124,-0.202,0.630,0.049,-1.598,0.617,-11.537,-13.307,13.307,2.081,37.074
4394,1,8.950,-5.566,143.140,-0.202,0.630,0.049,-1.101,0.507,-11.628,-13.014,13.014,2.484,36.671
4395,1,8.721,-5.288,143.115,-0.399,0.442,0.104,-1.101,0.507,-11.628,-12.286,12.286,4.333,40.179
4396,1,8.509,-5.050,143.068,-0.399,0.442,0.104,-0.938,0.565,-11.341,-11.893,11.893,4.832,39.680
4397,1,8.247,-4.867,142.906,-0.475,0.236,0.297,-0.938,0.565,-11.341,-13.483,13.483,3.494,46.892
4398,1,8.010,-4.751,142.720,-0.475,0.236,0.297,-0.991,0.627,-10.613,-13.101,13.101,3.958,46.428
4399,1,7.849,-4.682,142.470,-0.305,0.017,0.426,-0.991,0.627,-10.613,-15.309,15.309,4.180,52.476
4400,1,7.711,-4.674,142.214,-0.305,0.017,0.426,-0.995,0.426,-9.853,-15.106,15.106,4.419,52.237
4401,1,7.631,-4.716,141.946,-0.173,-0.186,0.437,-0.995,0.426,-9.853,-15.796,15.796,7.174,55.296
4402,1,7.564,-4.804,141.680,-0.173,-0.186,0.437,-0.876,-0.033,-9.039,-15.724,15.724,7.246,55.223
4403,1,7.606,-4.910,141.435,0.044,-0.298,0.396,-0.876,-0.033,-9.039,-16.393,16.393,9.732,55.933
4404,1,7.648,-5.024,141.185,0.044,-0.298,0.396,-0.675,-0.555,-8.556,-16.489,16.489,9.604,56.061
4405,1,7.772,-5.117,140.939,0.193,-0.268,0.401,-0.675,-0.555,-8.556,-17.498,17.498,8.812,56.001
4406,1,7.880,-5.163,140.688,0.193,-0.268,0.401,-0.603,-0.751,-8.341,-17.671,17.671,8.601,56.212
4407,1,7.968,-5.165,140.414,0.129,-0.113,0.450,-0.603,-0.751,-8.341,-18.093,18.093,5.002,55.367
4408,1,8.028,-5.092,140.138,0.129,-0.113,0.450,-0.679,-0.737,-8.364,-18.159,18.159,4.936,55.433
4409,1,7.953,-4.983,139.836,-0.151,0.087,0.495,-0.679,-0.737,-8.364,-17.186,17.186,1.115,53.532
4410,1,7.863,-4.835,139.533,-0.151,0.087,0.495,-1.201,-0.622,-8.479,-17.009,17.009,1.344,53.303
4411,1,7.657,-4.688,139.211,-0.386,0.156,0.515,-1.201,-0.622,-8.479,-15.733,15.733,0.314,52.385
4412,1,7.456,-4.566,138.891,-0.386,0.156,0.515,-1.680,-0.684,-8.542,-15.405,15.405,0.713,51.986
4413,1,7.248,-4.467,138.571,-0.397,0.084,0.507,-1.680,-0.684,-8.542,-14.924,14.924,2.318,52.420
4414,1,7.061,-4.425,138.253,-0.397,0.084,0.507,-2.034,-0.770,-8.661,-14.641,14.641,2.654,52.085
4415,1,6.956,-4.417,137.957,-0.226,-0.060,0.471,-2.034,-0.770,-8.661,-14.892,14.892,5.794,53.053
4416,1,6.874,-4.458,137.663,-0.226,-0.060,0.471,-2.225,-1.038,-8.910,-14.784,14.784,5.915,52.932
4420,1,6.765,-4.964,136.723,-0.152,-0.339,0.320,-2.359,-1.053,-9.178,-13.237,13.237,13.649,53.172
4576,1,21.322,-12.955,131.926,0.011,-0.007,-0.217,-4.020,-1.794,-9.848,-30.716,30.716,-12.647,70.003
4594,1,-6.266,-11.472,133.890,-4.776,0.004,-0.973,-1.024,-2.168,-9.532,47.091,-47.091,66.600,-9.579
4595,1,-8.876,-11.324,134.738,-4.776,0.004,-0.973,0.244,-1.541,-8.733,51.566,-51.566,72.140,-15.119
4596,1,-11.387,-11.100,135.733,-4.370,0.071,-1.311,0.244,-1.541,-8.733,57.937,-57.937,84.766,-29.662
4597,1,-13.651,-10.790,136.850,-4.370,0.071,-1.311,0.861,-1.723,-8.130,60.780,-60.780,89.111,-34.007
4610,1,-2.140,-6.403,150.196,5.827,-0.468,-0.896,1.306,-0.512,-8.848,-14.635,14.635,61.593,8.912
4611,1,0.753,-6.755,150.722,5.827,-0.468,-0.896,0.383,-0.947,-8.862,-19.109,19.109,56.244,14.260
4612,1,3.269,-7.188,151.057,4.515,-0.721,-0.430,0.383,-0.947,-8.862,-22.340,22.340,43.441,34.307
4613,1,5.223,-7.628,151.228,4.515,-0.721,-0.430,-0.129,-1.550,-8.393,-25.503,25.503,39.598,38.150
4623,1,8.043,-8.766,152.426,-0.277,0.423,-0.469,-1.373,-1.110,-9.259,-5.906,5.906,18.220,26.840
4665,1,-33.556,6.105,166.279,0.505,-0.053,0.068,6.192,1.483,-7.479,23.823,-23.823,61.639,-3.753
4668,1,-32.006,5.880,166.548,1.052,-0.194,0.013,5.958,1.416,-7.498,21.265,-21.265,64.395,-1.713
4673,1,-29.482,5.788,167.129,0.780,-0.089,-0.086,5.139,1.493,-8.742,22.778,-22.778,63.204,-3.505
4674,1,-29.196,5.810,167.149,0.567,0.020,0.031,5.139,1.493,-8.742,22.229,-22.229,58.408,-1.843
4675,1,-28.906,5.831,167.174,0.567,0.020,0.031,4.532,1.014,-8.853,22.079,-22.079,58.108,-1.543
4676,1,-28.647,5.835,167.234,0.504,-0.032,-0.007,4.532,1.014,-8.853,22.748,-22.748,59.563,-1.507
4677,1,-28.387,5.835,167.305,0.504,-0.032,-0.007,4.302,1.048,-8.599,22.626,-22.626,59.319,-1.263
4678,1,-28.061,5.738,167.475,0.598,-0.263,-0.076,4.302,1.048,-8.599,22.921,-22.921,64.148,0.512
4679,1,-27.731,5.638,167.649,0.598,-0.263,-0.076,4.407,0.938,-8.187,22.831,-22.831,63.968,0.692
4680,1,-27.308,5.437,167.901,0.753,-0.478,-0.113,4.407,0.938,-8.187,22.449,-22.449,67.834,2.975
4693,1,-21.885,2.651,170.957,0.460,-0.329,-0.325,3.019,1.024,-8.881,25.401,-25.401,68.677,-2.129
4694,1,-21.779,2.612,171.294,0.209,-0.226,-0.365,3.019,1.024,-8.881,27.125,-27.125,68.135,-4.539
4695,1,-21.667,2.578,171.637,0.209,-0.226,-0.365,2.766,1.192,-8.613,27.079,-27.079,68.043,-4.448
4696,1,-21.645,2.552,172.017,0.046,-0.233,-0.426,2.766,1.192,-8.613,28.654,-28.654,69.671,-5.863
4697,1,-21.619,2.530,172.404,0.046,-0.233,-0.426,2.804,1.072,-8.245,28.652,-28.652,69.665,-5.857
4705,1,-19.632,2.433,175.773,0.716,-0.124,-0.402,2.622,1.407,-9.589,23.877,-23.877,65.248,-4.575
4706,1,-19.145,2.531,176.089,0.863,0.012,-0.366,2.622,1.407,-9.589,22.361,-22.361,61.755,-4.947
4707,1,-18.653,2.629,176.406,0.863,0.012,-0.366,2.498,1.565,-9.905,22.019,-22.019,61.070,-4.262
4713,1,-16.888,3.332,178.886,0.234,-0.091,-0.605,2.742,0.072,-8.805,26.150,-26.150,65.744,-6.014
4714,1,-16.723,3.399,179.430,0.258,-0.119,-0.713,2.742,0.072,-8.805,27.156,-27.156,68.593,-8.041
4715,1,-16.559,3.460,179.974,0.258,-0.119,-0.713,2.761,-0.263,-8.723,26.938,-26.938,68.346,-7.794
4716,1,-16.255,3.552,-179.451,0.500,-0.079,-0.783,2.761,-0.263,-8.723,26.217,-26.217,69.090,-9.695
4717,1,-15.948,3.633,-178.873,0.500,-0.079,-0.783,3.101,-0.172,-9.762,25.828,-25.828,68.661,-9.266
4728,1,-11.111,4.939,-174.661,0.213,0.757,-0.376,0.947,-0.062,-9.293,16.187,-16.187,40.025,-4.522
4733,1,-10.692,6.986,-172.353,0.011,0.551,-0.769,1.440,0.823,-10.503,20.990,-20.990,51.197,-9.790
4734,1,-10.620,7.027,-171.732,0.018,-0.016,-0.746,1.440,0.823,-10.503,20.571,-20.571,58.610,-1.011
4735,1,-10.548,7.071,-171.114,0.018,-0.016,-0.746,1.354,1.024,-9.264,20.481,-20.481,58.512,-0.913
4736,1,-10.332,6.859,-170.480,0.272,-0.458,-0.689,1.354,1.024,-9.264,18.344,-18.344,63.304,6.926
4737,1,-10.116,6.652,-169.851,0.272,-0.458,-0.689,1.163,1.306,-9.188,18.175,-18.175,63.185,7.045
4738,1,-9.707,6.316,-169.274,0.626,-0.664,-0.573,1.163,1.306,-9.188,14.609,-14.609,62.954,13.150
4739,1,-9.302,5.983,-168.707,0.626,-0.664,-0.573,-0.397,2.216,-13.274,14.264,-14.264,62.679,13.426
4740,1,-9.026,5.317,-167.981,0.378,-1.291,-0.748,-0.397,2.216,-13.274,17.570,-17.570,76.022,18.010
4741,1,-8.752,4.657,-167.259,0.378,-1.291,-0.748,2.287,0.349,-9.685,17.443,-17.443,76.016,18.015
4742,1,-9.035,3.879,-166.559,-0.573,-1.496,-0.684,2.287,0.349,-9.685,21.940,-21.940,78.044,21.832
4743,1,-9.324,3.107,-165.863,-0.573,-1.496,-0.684,2.096,1.010,-9.790,22.502,-22.502,78.779,21.096
4744,1,-9.944,2.515,-165.444,-1.115,-1.120,-0.263,2.096,1.010,-9.790,20.872,-20.872,63.977,25.154
4745,1,-10.568,1.928,-165.023,-1.115,-1.120,-0.263,1.488,0.010,-9.948,21.818,-21.818,65.110,24.021
4746,1,-11.094,1.457,-164.686,-0.944,-0.905,-0.137,1.488,0.010,-9.948,20.197,-20.197,59.880,23.134
4747,1,-11.619,0.989,-164.344,-0.944,-0.905,-0.137,1.914,-0.493,-10.188,21.019,-21.019,60.875,22.139
4748,1,-11.895,0.524,-164.032,-0.511,-0.882,-0.080,1.914,-0.493,-10.188,18.663,-18.663,59.782,22.562
4749,1,-12.175,0.057,-163.717,-0.511,-0.882,-0.080,2.393,-0.373,-9.929,19.204,-19.204,60.485,21.859
4750,1,-12.285,-0.457,-163.489,-0.219,-0.941,0.083,2.393,-0.373,-9.929,16.062,-16.062,57.761,26.257
4751,1,-12.401,-0.974,-163.259,-0.219,-0.941,0.083,2.713,-0.790,-9.613,16.432,-16.432,58.295,25.723
4752,1,-12.367,-1.569,-163.092,0.045,-1.049,0.213,2.713,-0.790,-9.613,13.700,-13.700,56.977,30.146
4753,1,-12.337,-2.165,-162.931,0.045,-1.049,0.213,2.206,-1.426,-9.704,13.923,-13.923,57.367,29.755
4754,1,-12.226,-2.836,-162.857,0.183,-1.147,0.393,2.206,-1.426,-9.704,11.128,-11.128,54.589,35.334
4755,1,-12.116,-3.510,-162.783,0.183,-1.147,0.393,2.211,-1.952,-9.264,11.279,-11.279,54.914,35.008
4756,1,-11.863,-4.226,-162.799,0.419,-1.189,0.552,2.211,-1.952,-9.264,8.087,-8.087,51.661,39.448
4757,1,-11.611,-4.944,-162.817,0.419,-1.189,0.552,1.584,-1.814,-8.805,8.051,-8.051,51.773,39.337
4758,1,-11.561,-5.873,-162.961,0.047,-1.506,0.835,1.584,-1.814,-8.805,6.718,-6.718,49.827,50.353
4759,1,-11.502,-6.800,-163.102,0.047,-1.506,0.835,1.656,-1.263,-9.800,7.061,-7.061,50.422,49.758
4760,1,-11.565,-7.712,-163.313,-0.187,-1.458,0.946,1.656,-1.263,-9.800,7.380,-7.380,47.786,51.024
4761,1,-11.625,-8.618,-163.527,-0.187,-1.458,0.946,2.129,-2.153,-10.379,7.919,-7.919,48.617,50.193
4762,1,-11.561,-9.208,-163.687,0.032,-0.942,0.737,2.129,-2.153,-10.379,9.628,-9.628,46.810,37.239
4763,1,-11.492,-9.799,-163.851,0.032,-0.942,0.737,2.397,-2.847,-10.389,9.817,-9.817,47.156,36.892
4764,1,-11.469,-10.122,-163.960,-0.028,-0.499,0.550,2.397,-2.847,-10.389,12.588,-12.588,45.733,25.654
4765,1,-11.442,-10.449,-164.072,-0.028,-0.499,0.550,2.613,-3.077,-9.814,12.714,-12.714,45.950,25.437
4768,1,-11.382,-11.107,-164.563,-0.018,-0.382,0.706,2.632,-2.723,-8.776,10.955,-10.955,40.805,27.265
4773,1,-10.445,-13.449,-165.967,0.349,-0.804,0.902,2.924,-3.536,-9.231,6.278,-6.278,41.864,38.258
4774,1,-10.202,-14.029,-166.258,0.297,-0.888,0.844,2.924,-3.536,-9.231,7.140,-7.140,44.462,38.065
4775,1,-9.960,-14.609,-166.555,0.297,-0.888,0.844,3.043,-3.565,-9.910,6.999,-6.999,44.377,38.150
4776,1,-9.867,-15.099,-166.675,0.119,-0.782,0.500,3.043,-3.565,-9.910,12.276,-12.276,51.644,27.839
4777,1,-9.772,-15.585,-166.799,0.119,-0.782,0.500,2.579,-3.823,-10.121,12.356,-12.356,51.821,27.662
4778,1,-9.941,-15.806,-166.741,-0.254,-0.376,0.117,2.579,-3.823,-10.121,19.445,-19.445,56.185,11.702
4779,1,-10.106,-16.028,-166.686,-0.254,-0.376,0.117,2.067,-3.560,-9.063,19.887,-19.887,56.785,11.102
4780,1,-10.451,-16.131,-166.541,-0.531,-0.192,-0.069,2.067,-3.560,-9.063,24.329,-24.329,59.759,2.863
4781,1,-10.795,-16.234,-166.391,-0.531,-0.192,-0.069,2.158,-2.991,-8.977,25.053,-25.053,60.702,1.920
4782,1,-11.205,-16.434,-166.216,-0.642,-0.363,-0.082,2.158,-2.991,-8.977,26.689,-26.689,64.679,2.843
4783,1,-11.617,-16.633,-166.039,-0.642,-0.363,-0.082,2.330,-2.766,-8.728,27.615,-27.615,65.899,1.623
4784,1,-11.939,-17.025,-165.822,-0.473,-0.713,-0.069,2.330,-2.766,-8.728,27.494,-27.494,71.779,5.726
4785,1,-12.262,-17.413,-165.606,-0.473,-0.713,-0.069,2.723,-2.656,-9.589,28.396,-28.396,73.010,4.495
4786,1,-12.488,-17.844,-165.437,-0.327,-0.771,0.023,2.723,-2.656,-9.589,27.265,-27.265,72.586,6.592
4787,1,-12.715,-18.268,-165.271,-0.327,-0.771,0.023,3.297,-3.441,-9.843,28.032,-28.032,73.657,5.522
4788,1,-12.879,-18.589,-165.157,-0.243,-0.578,0.070,3.297,-3.441,-9.843,27.598,-27.598,70.534,3.136
4813,1,-16.077,-15.189,-158.332,0.487,0.251,-0.515,2.723,-2.153,-8.805,33.468,-33.468,76.785,-26.825
4814,1,-15.882,-14.978,-157.983,0.487,0.251,-0.515,2.239,-1.976,-8.254,33.115,-33.115,76.078,-26.118
4815,1,-15.689,-14.778,-157.612,0.502,0.212,-0.569,2.239,-1.976,-8.254,33.377,-33.377,77.314,-26.228
4816,1,-15.585,-14.612,-157.228,0.502,0.212,-0.569,1.440,-1.684,-7.867,33.159,-33.159,76.878,-25.792
4817,1,-15.568,-14.483,-156.832,0.189,0.081,-0.570,1.440,-1.684,-7.867,34.639,-34.639,78.579,-23.749
4818,1,-15.588,-14.343,-156.425,0.189,0.081,-0.570,1.254,-2.000,-8.293,34.575,-34.575,78.451,-23.622
4819,1,-15.637,-14.196,-156.006,0.056,0.104,-0.600,1.254,-2.000,-8.293,35.572,-35.572,78.789,-24.629
4820,1,-15.705,-14.009,-155.591,0.056,0.104,-0.600,1.431,-1.976,-8.585,35.531,-35.531,78.707,-24.547
4821,1,-15.782,-13.783,-155.185,-0.016,0.243,-0.605,1.431,-1.976,-8.585,35.906,-35.906,76.754,-26.550
4822,1,-15.838,-13.508,-154.791,-0.016,0.243,-0.605,1.991,-2.139,-8.920,35.798,-35.798,76.537,-26.334
4841,1,-12.107,-7.644,-148.844,0.221,0.620,-0.599,0.971,-1.014,-8.637,25.447,-25.447,57.656,-18.227
4842,1,-12.105,-7.209,-148.442,0.221,0.620,-0.599,1.565,-0.904,-9.039,25.225,-25.225,57.299,-17.870
4845,1,-12.740,-5.846,-147.201,-0.542,0.680,-0.656,1.857,-1.201,-9.111,30.021,-30.021,57.897,-20.172
4849,1,-14.156,-4.225,-145.606,-0.557,0.554,-0.633,1.895,-1.048,-9.087,30.984,-30.984,60.091,-18.775
4852,1,-14.458,-3.297,-144.440,-0.187,0.446,-0.608,2.144,-0.196,-9.188,28.753,-28.753,60.683,-16.293
4853,1,-14.348,-3.076,-144.122,0.168,0.319,-0.434,2.144,-0.196,-9.188,24.526,-24.526,57.782,-9.739
4854,1,-14.152,-2.913,-143.872,0.168,0.319,-0.434,2.196,-0.397,-9.336,24.178,-24.178,57.342,-9.300
4855,1,-13.870,-2.817,-143.688,0.468,0.163,-0.165,2.196,-0.397,-9.336,18.896,-18.896,52.340,0.147
4856,1,-13.484,-2.778,-143.547,0.468,0.163,-0.165,2.091,-0.431,-9.097,18.358,-18.358,51.718,0.768
4857,1,-12.999,-2.804,-143.455,0.829,-0.013,0.038,2.091,-0.431,-9.097,13.367,-13.367,48.419,9.089
4858,1,-12.469,-2.872,-143.395,0.829,-0.013,0.038,2.062,-0.675,-9.350,12.681,-12.681,47.653,9.855
4862,1,-10.172,-3.463,-143.215,1.028,-0.255,0.160,1.766,-0.756,-9.546,7.254,-7.254,44.859,19.558
4878,1,-7.911,-3.899,-138.652,0.246,-0.070,-0.319,1.321,-1.158,-9.786,14.108,-14.108,50.749,8.403
4881,1,-7.438,-3.997,-137.978,0.317,-0.053,-0.207,1.325,-1.125,-9.714,11.708,-11.708,46.973,11.691
4882,1,-7.266,-4.038,-137.784,0.317,-0.053,-0.207,1.192,-1.120,-9.656,11.474,-11.474,46.707,11.958
4883,1,-7.089,-4.086,-137.602,0.328,-0.077,-0.153,1.192,-1.120,-9.656,10.515,-10.515,45.437,13.897
4884,1,-6.927,-4.144,-137.427,0.328,-0.077,-0.153,1.029,-1.158,-9.661,10.298,-10.298,45.192,14.142
4885,1,-6.778,-4.210,-137.266,0.278,-0.101,-0.117,1.029,-1.158,-9.661,9.898,-9.898,44.416,15.619
4886,1,-6.647,-4.272,-137.103,0.278,-0.101,-0.117,1.014,-1.091,-9.704,9.726,-9.726,44.222,15.812
4887,1,-6.533,-4.329,-136.941,0.215,-0.089,-0.113,1.014,-1.091,-9.704,9.836,-9.836,43.779,15.921
4888,1,-6.427,-4.371,-136.778,0.215,-0.089,-0.113,1.005,-0.857,-9.628,9.694,-9.694,43.619,16.081
4889,1,-6.335,-4.397,-136.612,0.181,-0.034,-0.123,1.005,-0.857,-9.628,9.857,-9.857,42.921,15.196
4892,1,-6.079,-4.420,-136.121,0.166,-0.004,-0.128,1.148,-0.991,-9.503,9.633,-9.633,42.204,15.060
4893,1,-6.007,-4.412,-135.952,0.147,0.013,-0.143,1.148,-0.991,-9.503,9.809,-9.809,42.208,14.569
4896,1,-5.856,-4.368,-135.453,0.102,0.030,-0.147,0.991,-0.746,-9.379,9.857,-9.857,41.799,14.492
4903,1,-5.649,-4.365,-134.435,0.068,-0.081,-0.095,1.263,-0.909,-9.111,9.075,-9.075,41.726,17.730
4904,1,-5.621,-4.442,-134.306,0.068,-0.081,-0.095,0.613,-1.421,-8.604,9.050,-9.050,41.705,17.751
4905,1,-5.592,-4.552,-134.172,0.069,-0.184,-0.080,0.613,-1.421,-8.604,8.841,-8.841,42.799,19.610
4906,1,-5.536,-4.651,-134.028,0.069,-0.184,-0.080,1.804,-0.531,-9.757,8.781,-8.781,42.739,19.670
4907,1,-5.455,-4.741,-133.871,0.166,-0.162,-0.126,1.804,-0.531,-9.757,8.770,-8.770,43.457,18.312
4908,1,-5.442,-4.762,-133.733,0.166,-0.162,-0.126,1.952,-1.086,-10.049,8.755,-8.755,43.442,18.327
4909,1,-5.497,-4.712,-133.607,-0.064,0.086,-0.112,1.952,-1.086,-10.049,9.802,-9.802,39.626,15.051
4910,1,-5.519,-4.664,-133.464,-0.064,0.086,-0.112,1.570,-1.254,-9.719,9.824,-9.824,39.648,15.030
4945,1,-7.388,-4.305,-128.974,0.056,-0.079,0.012,1.397,-0.670,-9.685,10.300,-10.300,41.940,17.455
4946,1,-7.355,-4.349,-128.923,0.056,-0.079,0.012,1.431,-0.646,-9.738,10.264,-10.264,41.905,17.490
4947,1,-7.322,-4.394,-128.868,0.067,-0.080,0.006,1.431,-0.646,-9.738,10.242,-10.242,42.018,17.408
4948,1,-7.284,-4.437,-128.811,0.067,-0.080,0.006,1.541,-0.718,-9.814,10.200,-10.200,41.974,17.451
4965,1,-5.998,-4.935,-127.729,0.216,-0.045,-0.127,1.651,-0.555,-9.795,9.373,-9.373,42.816,15.605
4966,1,-5.897,-4.945,-127.621,0.216,-0.045,-0.127,1.560,-0.431,-9.733,9.228,-9.228,42.646,15.775
4967,1,-5.807,-4.950,-127.484,0.211,-0.042,-0.184,1.560,-0.431,-9.733,9.842,-9.842,43.885,14.445
4968,1,-5.715,-4.956,-127.345,0.211,-0.042,-0.184,1.507,-0.234,-9.723,9.707,-9.707,43.727,14.603
4969,1,-5.648,-4.965,-127.180,0.170,-0.059,-0.238,1.507,-0.234,-9.723,10.479,-10.479,45.190,13.627
4998,1,-3.647,-5.239,-120.080,0.135,-0.017,-0.506,1.014,-0.847,-9.637,11.096,-11.096,47.898,9.732
5002,1,-3.442,-5.134,-118.842,0.189,0.020,-0.513,0.790,-0.904,-9.479,10.602,-10.602,47.166,9.398
5006,1,-3.187,-4.993,-117.556,0.175,0.012,-0.535,0.498,-1.014,-9.422,10.542,-10.542,47.345,9.463
5007,1,-3.155,-4.975,-117.232,0.127,0.003,-0.531,0.498,-1.014,-9.422,10.678,-10.678,47.301,9.751
5008,1,-3.123,-4.958,-116.902,0.127,0.003,-0.531,0.555,-1.010,-9.532,10.628,-10.628,47.241,9.810
5021,1,-3.176,-4.198,-113.264,0.049,0.049,-0.434,0.895,-0.598,-9.475,9.789,-9.789,44.101,11.642
5022,1,-3.177,-4.159,-112.999,0.049,0.049,-0.434,0.919,-0.598,-9.575,9.785,-9.785,44.095,11.648
5023,1,-3.174,-4.151,-112.726,0.056,-0.005,-0.441,0.919,-0.598,-9.575,9.836,-9.836,45.051,12.244
5024,1,-3.170,-4.141,-112.454,0.056,-0.005,-0.441,1.010,-0.651,-9.747,9.828,-9.828,45.041,12.254
5035,1,-2.820,-4.044,-109.252,0.110,-0.049,-0.516,0.809,-0.622,-9.800,9.978,-9.978,46.921,11.621
5036,1,-2.793,-4.055,-108.944,0.110,-0.049,-0.516,0.727,-0.469,-9.838,9.939,-9.939,46.877,11.666
5037,1,-2.767,-4.049,-108.626,0.107,-0.019,-0.534,0.727,-0.469,-9.838,10.143,-10.143,46.858,10.833
5038,1,-2.740,-4.043,-108.309,0.107,-0.019,-0.534,0.732,-0.335,-9.833,10.103,-10.103,46.812,10.879
5039,1,-2.729,-4.017,-107.991,0.080,0.014,-0.539,0.732,-0.335,-9.833,10.285,-10.285,46.450,10.297
5040,1,-2.718,-3.990,-107.678,0.080,0.014,-0.539,0.737,-0.364,-9.848,10.266,-10.266,46.427,10.320
5041,1,-2.724,-3.965,-107.353,0.047,0.009,-0.551,0.737,-0.364,-9.848,10.584,-10.584,46.803,10.097
5042,1,-2.730,-3.939,-107.036,0.047,0.009,-0.551,0.761,-0.426,-9.958,10.590,-10.590,46.809,10.091
3958,1,-3.675,-19.002,145.303,0.340,-0.218,-0.421,-1.397,-3.254,-10.704,11.628,-11.628,52.754,10.629
3959,1,-3.559,-19.002,145.533,0.330,-0.010,-0.485,-1.397,-3.254,-10.704,12.221,-12.221,51.037,6.379
3960,1,-3.434,-18.999,145.775,0.330,-0.010,-0.485,-1.531,-3.240,-10.695,11.948,-11.948,50.680,6.736
3961,1,-3.343,-18.959,146.058,0.285,0.050,-0.540,-1.531,-3.240,-10.695,12.655,-12.655,50.938,4.775
3981,1,3.624,-17.158,152.594,1.429,0.021,-0.440,-0.057,-1.570,-7.178,-9.178,9.178,29.518,27.016
4022,1,17.069,-17.869,155.412,1.544,-0.010,-0.042,-4.187,-1.952,-10.202,-39.672,39.672,-15.199,72.616
4023,1,17.718,-17.836,155.507,1.544,-0.010,-0.042,-3.943,-1.503,-10.087,-40.417,40.417,-16.690,74.107
4024,1,18.145,-17.771,155.616,0.791,0.092,-0.061,-3.943,-1.503,-10.087,-36.870,36.870,-18.562,73.087
4025,1,18.331,-17.677,155.709,0.791,0.092,-0.061,-3.531,-1.445,-9.685,-37.014,37.014,-18.850,73.376
4026,1,18.274,-17.547,155.788,-0.074,0.177,0.017,-3.531,-1.445,-9.685,-33.495,33.495,-21.679,73.770
4047,1,-0.170,-16.637,152.089,-2.409,-0.138,0.261,0.316,-2.790,-7.364,9.130,-9.130,24.475,36.624
4048,1,-1.371,-16.768,151.971,-2.266,-0.235,0.235,0.316,-2.790,-7.364,11.208,-11.208,29.692,34.177
4049,1,-2.467,-16.945,151.863,-2.266,-0.235,0.235,0.761,-2.967,-7.345,13.489,-13.489,32.644,31.225
4050,1,-3.462,-17.160,151.766,-1.890,-0.369,0.214,0.761,-2.967,-7.345,13.973,-13.973,37.799,29.874
4053,1,-5.481,-17.853,151.403,-1.299,-0.389,0.221,1.771,-3.795,-8.178,15.336,-15.336,43.674,24.578
4054,1,-5.885,-18.076,151.210,-0.865,-0.336,0.315,1.771,-3.795,-8.178,12.911,-12.911,41.768,24.963
4055,1,-6.295,-18.306,150.965,-0.865,-0.336,0.315,1.938,-4.187,-8.455,13.863,-13.863,43.025,23.705
4056,1,-6.705,-18.551,150.676,-0.897,-0.348,0.451,1.938,-4.187,-8.455,13.302,-13.302,41.111,25.985
4057,1,-7.133,-18.826,150.388,-0.897,-0.348,0.451,1.771,-4.551,-8.714,14.335,-14.335,42.485,24.611
4058,1,-7.588,-19.132,150.104,-0.952,-0.446,0.445,1.771,-4.551,-8.714,15.795,-15.795,45.508,24.388
4059,1,-8.016,-19.448,149.859,-0.952,-0.446,0.445,1.632,-4.517,-8.728,16.876,-16.876,46.956,22.940
4060,1,-8.425,-19.775,149.657,-0.826,-0.489,0.314,1.632,-4.517,-8.728,18.943,-18.943,52.269,18.844
4061,1,-8.842,-20.088,149.505,-0.826,-0.489,0.314,1.967,-4.273,-8.809,20.030,-20.030,53.732,17.381
4069,1,-11.948,-21.585,148.716,-0.697,-0.138,0.084,1.632,-4.737,-9.939,30.123,-30.123,65.022,-3.923
4070,1,-12.210,-21.593,148.621,-0.495,0.027,0.034,1.632,-4.737,-9.939,30.325,-30.325,64.683,-8.301
4071,1,-12.422,-21.610,148.566,-0.495,0.027,0.034,1.646,-4.455,-10.245,30.801,-30.801,65.312,-8.930
4072,1,-12.590,-21.630,148.549,-0.292,-0.017,-0.068,1.646,-4.455,-10.245,31.446,-31.446,69.000,-11.370
4107,1,8.293,-19.819,155.395,2.826,-0.153,-0.190,-0.766,-2.790,-7.053,-30.241,30.241,11.272,50.253
4108,1,9.630,-19.879,155.430,2.502,-0.092,-0.176,-0.766,-2.790,-7.053,-31.725,31.725,6.205,53.556
4109,1,10.953,-19.925,155.488,2.502,-0.092,-0.176,-1.129,-2.842,-7.029,-34.588,34.588,2.459,57.301
4110,1,12.268,-19.950,155.567,2.508,-0.009,-0.259,-1.129,-2.842,-7.029,-36.370,36.370,-0.299,57.686
4111,1,13.579,-19.967,155.659,2.508,-0.009,-0.259,-1.325,-2.656,-7.264,-38.820,38.820,-3.870,61.256
4112,1,14.892,-19.971,155.765,2.528,0.054,-0.279,-1.325,-2.656,-7.264,-40.416,40.416,-7.757,63.348
4116,1,18.827,-19.641,155.770,1.325,0.200,0.082,-2.206,-2.900,-8.063,-42.651,42.651,-26.340,77.761
4121,1,19.718,-19.393,155.791,0.208,0.084,-0.109,-2.675,-3.972,-9.044,-34.680,34.680,-19.914,74.653
4122,1,19.716,-19.435,155.936,0.182,0.040,-0.284,-2.675,-3.972,-9.044,-32.355,32.355,-14.896,70.883
4123,1,19.700,-19.487,156.074,0.182,0.040,-0.284,-2.302,-3.780,-9.302,-32.355,32.355,-14.896,70.883
4124,1,19.669,-19.552,156.210,0.114,-0.002,-0.274,-2.302,-3.780,-9.302,-32.148,32.148,-14.554,71.758
4125,1,19.576,-19.582,156.304,0.114,-0.002,-0.274,-2.321,-3.417,-9.580,-32.148,32.148,-14.554,71.758
4126,1,19.426,-19.579,156.357,-0.154,0.051,-0.085,-2.321,-3.417,-9.580,-33.162,33.162,-20.029,75.710
4127,1,19.228,-19.532,156.371,-0.154,0.051,-0.085,-2.680,-3.106,-9.886,-33.162,33.162,-20.029,75.710
4128,1,18.981,-19.437,156.347,-0.382,0.151,0.097,-2.680,-3.106,-9.886,-34.300,34.300,-26.013,78.834
4129,1,18.768,-19.329,156.302,-0.382,0.151,0.097,-3.340,-2.799,-10.159,-34.300,34.300,-26.013,78.834
4139,1,19.412,-18.038,154.614,-0.095,0.148,0.705,-4.278,-2.230,-10.551,-43.341,43.341,-41.174,94.086
4142,1,20.135,-16.661,153.675,0.432,0.578,0.732,-5.120,-1.436,-11.121,-46.310,46.310,-47.988,88.604
4146,1,21.218,-15.344,153.605,0.332,0.346,0.042,-4.838,-0.933,-11.446,-37.181,37.181,-27.413,74.664
4147,1,21.298,-15.173,153.713,0.332,0.346,0.042,-4.350,-0.785,-11.082,-37.181,37.181,-27.413,74.664
4148,1,21.290,-15.049,153.828,0.027,0.179,-0.058,-4.350,-0.785,-11.082,-34.398,34.398,-22.515,74.545
4149,1,21.267,-14.930,153.935,0.027,0.179,-0.058,-3.847,-0.531,-10.685,-34.279,34.279,-22.276,74.306
4150,1,21.225,-14.817,154.030,-0.037,0.154,-0.047,-3.847,-0.531,-10.685,-33.959,33.959,-21.926,74.655
4151,1,21.177,-14.705,154.103,-0.037,0.154,-0.047,-3.211,-0.479,-10.484,-33.820,33.820,-21.649,74.379
4152,1,21.127,-14.597,154.152,-0.068,0.108,0.009,-3.211,-0.479,-10.484,-34.222,34.222,-22.092,76.161
4153,1,21.057,-14.528,154.139,-0.068,0.108,0.009,-2.641,-0.928,-10.240,-34.096,34.096,-21.840,75.909
4157,1,20.659,-14.708,153.304,-0.277,-0.376,0.370,-2.067,-2.105,-8.757,-37.300,37.300,-23.426,91.312
4160,1,20.400,-15.219,151.972,-0.310,-0.666,0.632,-2.062,-2.493,-7.862,-40.538,40.538,-26.094,102.260
4170,1,18.684,-15.940,148.365,-1.024,-0.075,0.231,-2.278,-2.608,-7.666,-30.666,30.666,-21.933,81.206
4171,1,18.131,-15.927,148.196,-1.024,-0.075,0.231,-2.278,-2.957,-7.838,-30.044,30.044,-20.689,79.962
4172,1,17.422,-15.968,148.064,-1.288,-0.129,0.137,-1.957,-2.957,-7.838,-26.788,26.788,-16.042,76.867
4173,1,16.709,-16.010,147.932,-1.288,-0.129,0.137,-1.957,-3.039,-7.862,-26.009,26.009,-14.484,75.309
4174,1,15.934,-16.116,147.805,-1.404,-0.222,0.088,-1.565,-3.039,-7.862,-23.998,23.998,-10.299,73.773
4175,1,15.156,-16.225,147.679,-1.404,-0.222,0.088,-1.565,-3.421,-7.986,-23.164,23.164,-8.631,72.104
4176,1,14.408,-16.410,147.538,-1.365,-0.348,0.079,-1.388,-3.421,-7.986,-22.472,22.472,-5.043,72.139
4177,1,13.658,-16.600,147.396,-1.365,-0.348,0.079,-1.388,-4.058,-7.939,-21.426,21.426,-3.473,70.568
4178,1,13.014,-16.828,147.246,-1.184,-0.411,0.071,-1.196,-4.058,-7.939,-21.179,21.179,-1.083,69.974
4179,1,12.369,-17.065,147.094,-1.184,-0.411,0.071,-1.196,-4.733,-8.025,-20.104,20.104,0.248,68.644
4180,1,11.880,-17.328,146.962,-0.898,-0.443,0.021,-1.091,-4.733,-8.025,-20.134,20.134,2.898,66.906
4181,1,11.391,-17.597,146.824,-0.898,-0.443,0.021,-1.091,-4.393,-8.163,-19.348,19.348,3.861,65.943
4182,1,10.984,-17.863,146.698,-0.745,-0.423,-0.004,-1.215,-4.393,-8.163,-19.156,19.156,4.990,64.236
4183,1,10.574,-18.131,146.570,-0.745,-0.423,-0.004,-1.215,-4.393,-8.580,-18.500,18.500,5.793,63.433
4184,1,10.167,-18.335,146.518,-0.705,-0.296,-0.100,-1.407,-4.024,-8.580,-16.796,16.796,7.256,58.348
4185,1,9.760,-18.540,146.470,-0.705,-0.296,-0.100,-1.407,-4.024,-9.106,-16.080,16.080,8.152,57.452
4186,1,9.315,-18.658,146.513,-0.728,-0.121,-0.213,-1.665,-3.905,-9.106,-13.703,13.703,9.571,51.042
4189,1,8.162,-18.882,146.763,-0.546,-0.009,-0.277,-1.838,-3.981,-10.221,-11.505,11.505,12.522,44.864
4199,1,5.473,-20.847,147.329,-0.407,-0.406,0.034,-2.182,-4.340,-9.274,-11.057,11.057,16.814,51.925
4200,1,5.517,-20.943,147.255,-0.044,-0.170,0.141,-2.670,-4.584,-9.274,-14.342,14.342,10.600,51.413
4201,1,5.566,-21.040,147.191,-0.044,-0.170,0.141,-2.670,-4.584,-9.417,-14.495,14.495,10.391,51.622
4202,1,5.897,-20.983,147.156,0.459,0.099,0.125,-3.110,-4.752,-9.417,-17.544,17.544,5.975,48.337
4203,1,6.227,-20.930,147.125,0.459,0.099,0.125,-3.110,-4.752,-9.551,-18.278,18.278,5.014,49.298
4215,1,8.189,-19.270,149.803,0.022,0.688,-0.121,-2.254,-3.106,-8.829,-16.553,16.553,-1.705,39.186
4216,1,8.403,-18.938,149.982,0.359,0.616,-0.094,-2.115,-2.952,-8.829,-18.864,18.864,-1.688,41.239
4217,1,8.612,-18.606,150.158,0.359,0.616,-0.094,-2.115,-2.952,-8.714,-19.126,19.126,-1.986,41.537
4218,1,9.083,-18.426,150.318,0.800,0.352,-0.099,-2.139,-2.412,-8.714,-22.148,22.148,0.799,46.300
4219,1,9.545,-18.246,150.483,0.800,0.352,-0.099,-2.139,-2.412,-8.752,-23.001,23.001,-0.282,47.381
4220,1,10.202,-18.134,150.586,1.119,0.208,-0.026,-2.163,-2.105,-8.752,-26.794,26.794,-1.707,52.915
4221,1,10.859,-18.024,150.694,1.119,0.208,-0.026,-2.163,-2.105,-8.642,-28.059,28.059,-3.325,54.533
4222,1,11.391,-17.872,150.720,0.878,0.249,0.102,-2.182,-2.110,-8.642,-29.424,29.424,-8.341,58.362
4223,1,11.920,-17.721,150.744,0.878,0.249,0.102,-2.182,-2.110,-8.226,-30.375,30.375,-9.541,59.562
4226,1,12.057,-17.331,150.870,-0.284,0.135,-0.047,-1.962,-2.469,-7.666,-22.698,22.698,-4.109,57.387
4232,1,9.478,-17.075,151.943,-0.904,0.230,-0.290,-1.340,-2.326,-7.551,-11.292,11.292,7.429,43.139
4242,1,5.627,-17.098,153.747,-0.218,-0.169,-0.205,0.019,-3.665,-8.546,-7.997,7.997,21.048,40.934
4243,1,5.474,-17.221,153.866,-0.218,-0.169,-0.205,0.019,-3.665,-8.546,-7.724,7.724,21.390,40.592
4244,1,5.339,-17.344,153.980,-0.156,-0.158,-0.201,0.230,-3.503,-8.795,-7.841,7.841,21.440,40.208
4245,1,5.214,-17.460,154.093,-0.156,-0.158,-0.201,0.230,-3.503,-8.795,-7.619,7.619,21.717,39.930
4252,1,3.992,-17.181,154.086,-0.201,0.174,0.110,-1.005,-2.192,-10.709,-8.667,8.667,12.606,39.576
4253,1,3.891,-17.077,154.066,-0.201,0.174,0.110,-1.005,-2.192,-10.709,-8.433,8.433,12.915,39.267
4254,1,3.819,-17.079,154.091,-0.109,-0.013,0.039,-0.947,-1.565,-10.570,-7.869,7.869,17.528,39.980
4255,1,3.763,-17.077,154.122,-0.109,-0.013,0.039,-0.947,-1.565,-10.570,-7.752,7.752,17.678,39.830
4256,1,3.722,-17.166,154.140,-0.103,-0.189,0.048,-0.507,-1.608,-10.212,-7.823,7.823,20.053,42.477
4262,1,3.485,-17.100,153.246,0.016,0.312,0.517,-1.000,-2.493,-10.197,-13.772,13.772,1.840,46.385
4279,1,5.355,-12.276,150.661,-0.068,-0.133,0.442,0.014,-1.158,-8.714,-14.857,14.857,7.297,53.650
4280,1,5.382,-12.260,150.371,-0.009,-0.079,0.516,0.086,-1.718,-8.159,-16.118,16.118,4.630,54.765
4281,1,5.428,-12.242,150.069,-0.009,-0.079,0.516,0.086,-1.718,-8.159,-16.196,16.196,4.534,54.861
4282,1,5.526,-12.166,149.713,0.172,0.052,0.619,-0.167,-2.144,-7.900,-18.543,18.543,-0.108,55.759
4290,1,7.906,-10.861,147.429,0.362,0.194,0.114,-0.469,-2.015,-8.604,-16.920,16.920,5.988,45.615
4291,1,8.094,-10.743,147.305,0.362,0.194,0.114,-0.469,-2.015,-8.604,-17.196,17.196,5.663,45.941
4292,1,8.162,-10.647,147.166,-0.054,0.096,0.101,-0.220,-2.077,-8.757,-15.032,15.032,7.299,47.104
4293,1,8.112,-10.590,147.030,-0.054,0.096,0.101,-0.220,-2.077,-8.757,-14.926,14.926,7.438,46.966
4294,1,7.980,-10.575,146.831,-0.371,-0.042,0.177,-0.225,-2.230,-8.690,-14.059,14.059,7.795,50.534
4295,1,7.758,-10.591,146.631,-0.371,-0.042,0.177,-0.225,-2.230,-8.690,-13.689,13.689,8.250,50.080
4296,1,7.550,-10.677,146.397,-0.362,-0.169,0.217,-0.340,-2.613,-8.532,-13.915,13.915,9.452,52.530
4297,1,7.341,-10.767,146.159,-0.362,-0.169,0.217,-0.340,-2.613,-8.532,-13.590,13.590,9.843,52.139
4298,1,7.226,-10.923,145.944,-0.060,-0.239,0.165,-0.316,-3.000,-8.575,-14.308,14.308,12.294,51.667
4308,1,8.058,-12.441,143.966,-0.059,-0.124,-0.064,-1.287,-2.938,-9.767,-13.469,13.469,13.673,47.001
4354,1,8.612,-8.686,144.860,-0.170,-0.003,-0.165,-1.273,-1.302,-7.905,-11.121,11.121,15.652,41.583
4355,1,8.487,-8.688,145.013,-0.224,0.037,-0.200,-1.273,-1.302,-7.905,-10.215,10.215,16.195,39.883
4356,1,8.355,-8.667,145.163,-0.224,0.037,-0.200,-1.158,-1.249,-8.168,-9.994,9.994,16.465,39.612
4362,1,7.894,-8.612,145.652,-0.102,-0.027,-0.030,-0.981,-2.158,-8.661,-11.971,11.971,14.049,43.854
4363,1,7.865,-8.705,145.647,-0.068,-0.141,-0.005,-0.981,-2.158,-8.661,-12.433,12.433,15.070,46.090
4364,1,7.836,-8.798,145.642,-0.068,-0.141,-0.005,-1.038,-2.096,-8.920,-12.418,12.418,15.076,46.085
4365,1,7.827,-8.890,145.645,-0.023,-0.131,-0.028,-1.038,-2.096,-8.920,-12.380,12.380,15.464,45.422
4366,1,7.810,-8.965,145.648,-0.023,-0.131,-0.028,-0.976,-1.909,-9.250,-12.378,12.378,15.457,45.430
4367,1,7.796,-9.022,145.673,-0.021,-0.067,-0.058,-0.976,-1.909,-9.250,-12.013,12.013,15.285,43.775
4368,1,7.779,-9.069,145.696,-0.021,-0.067,-0.058,-0.885,-1.474,-9.369,-12.002,12.002,15.293,43.768
4369,1,7.714,-9.115,145.717,-0.104,-0.054,-0.052,-0.885,-1.474,-9.369,-11.563,11.563,15.080,43.615
4370,1,7.642,-9.135,145.738,-0.104,-0.054,-0.052,-1.096,-1.196,-9.700,-11.452,11.452,15.214,43.481
4371,1,7.584,-9.118,145.713,-0.108,0.036,0.050,-1.096,-1.196,-9.700,-12.614,12.614,11.488,44.620
4372,1,7.518,-9.076,145.691,-0.108,0.036,0.050,-1.345,-0.924,-10.082,-12.492,12.492,11.642,44.466
4373,1,7.532,-8.976,145.607,0.004,0.157,0.183,-1.345,-0.924,-10.082,-14.704,14.704,6.620,46.049
4374,1,7.555,-8.896,145.525,0.004,0.157,0.183,-1.651,-1.273,-10.389,-14.716,14.716,6.616,46.053
4375,1,7.622,-8.822,145.397,0.079,0.096,0.261,-1.651,-1.273,-10.389,-16.144,16.144,5.448,48.956
4376,1,7.703,-8.795,145.262,0.079,0.096,0.261,-1.967,-1.268,-10.566,-16.267,16.267,5.302,49.102
4377,1,7.816,-8.806,145.128,0.159,-0.058,0.242,-1.967,-1.268,-10.566,-16.613,16.613,7.745,51.042
4378,1,7.945,-8.858,144.989,0.159,-0.058,0.242,-1.952,-0.412,-10.221,-16.840,16.840,7.461,51.325
4379,1,8.070,-8.960,144.916,0.193,-0.212,0.125,-1.952,-0.412,-10.221,-15.784,15.784,12.293,50.906
4380,1,8.202,-9.075,144.844,0.193,-0.212,0.125,-1.613,-0.340,-9.599,-16.040,16.040,11.965,51.234
4381,1,8.293,-9.214,144.793,0.131,-0.287,0.086,-1.613,-0.340,-9.599,-15.451,15.451,13.728,51.603
4382,1,8.370,-9.310,144.743,0.131,-0.287,0.086,-1.282,0.057,-9.144,-15.613,15.613,13.516,51.814
4383,1,8.421,-9.367,144.640,0.052,-0.166,0.194,-1.282,0.057,-9.144,-16.669,16.669,8.970,52.921
4384,1,8.443,-9.335,144.549,0.052,-0.166,0.194,-1.053,-0.708,-9.159,-16.693,16.693,8.946,52.945
4385,1,8.514,-9.194,144.388,0.070,0.151,0.342,-1.053,-0.708,-9.159,-18.696,18.696,0.654,52.167
4386,1,8.551,-8.965,144.236,0.070,0.151,0.342,-1.407,-1.383,-9.747,-18.671,18.671,0.718,52.103
4387,1,8.686,-8.602,143.986,0.165,0.524,0.540,-1.407,-1.383,-9.747,-21.701,21.701,-9.605,51.773
4388,1,8.799,-8.190,143.738,0.165,0.524,0.540,-1.895,-0.813,-10.441,-21.724,21.724,-9.571,51.740
4389,1,8.957,-7.711,143.509,0.222,0.744,0.509,-1.895,-0.813,-10.441,-21.687,21.687,-11.941,47.839
4390,1,9.102,-7.214,143.282,0.222,0.744,0.509,-1.938,0.096,-11.149,-21.723,21.723,-11.907,47.805
4391,1,9.141,-6.747,143.193,0.055,0.761,0.244,-1.938,0.096,-11.149,-17.459,17.459,-5.304,40.716
4392,1,9.183,-6.296,143.107,0.055,0.761,0.244,-1.598,0.617,-11.537,-17.354,17.354,-5.106,40.518
4393,1,9.062,-5.918,143.124,-0.202,0.630,0.049,-1.598,0.617,-11.537,-13.307,13.307,2.081,37.074
4394,1,8.950,-5.566,143.140,-0.202,0.630,0.049,-1.101,0.507,-11.628,-13.014,13.014,2.484,36.671
4395,1,8.721,-5.288,143.115,-0.399,0.442,0.104,-1.101,0.507,-11.628,-12.286,12.286,4.333,40.179
4396,1,8.509,-5.050,143.068,-0.399,0.442,0.104,-0.938,0.565,-11.341,-11.893,11.893,4.832,39.680
4397,1,8.247,-4.867,142.906,-0.475,0.236,0.297,-0.938,0.565,-11.341,-13.483,13.483,3.494,46.892
4398,1,8.010,-4.751,142.720,-0.475,0.236,0.297,-0.991,0.627,-10.613,-13.101,13.101,3.958,46.428
4399,1,7.849,-4.682,142.470,-0.305,0.017,0.426,-0.991,0.627,-10.613,-15.309,15.309,4.180,52.476
4400,1,7.711,-4.674,142.214,-0.305,0.017,0.426,-0.995,0.426,-9.853,-15.106,15.106,4.419,52.237
4401,1,7.631,-4.716,141.946,-0.173,-0.186,0.437,-0.995,0.426,-9.853,-15.796,15.796,7.174,55.296
4402,1,7.564,-4.804,141.680,-0.173,-0.186,0.437,-0.876,-0.033,-9.039,-15.724,15.724,7.246,55.223
4403,1,7.606,-4.910,141.435,0.044,-0.298,0.396,-0.876,-0.033,-9.039,-16.393,16.393,9.732,55.933
4404,1,7.648,-5.024,141.185,0.044,-0.298,0.396,-0.675,-0.555,-8.556,-16.489,16.489,9.604,56.061
4405,1,7.772,-5.117,140.939,0.193,-0.268,0.401,-0.675,-0.555,-8.556,-17.498,17.498,8.812,56.001
4406,1,7.880,-5.163,140.688,0.193,-0.268,0.401,-0.603,-0.751,-8.341,-17.671,17.671,8.601,56.212
4407,1,7.968,-5.165,140.414,0.129,-0.113,0.450,-0.603,-0.751,-8.341,-18.093,18.093,5.002,55.367
4408,1,8.028,-5.092,140.138,0.129,-0.113,0.450,-0.679,-0.737,-8.364,-18.159,18.159,4.936,55.433
4409,1,7.953,-4.983,139.836,-0.151,0.087,0.495,-0.679,-0.737,-8.364,-17.186,17.186,1.115,53.532
4410,1,7.863,-4.835,139.533,-0.151,0.087,0.495,-1.201,-0.622,-8.479,-17.009,17.009,1.344,53.303
4411,1,7.657,-4.688,139.211,-0.386,0.156,0.515,-1.201,-0.622,-8.479,-15.733,15.733,0.314,52.385
4412,1,7.456,-4.566,138.891,-0.386,0.156,0.515,-1.680,-0.684,-8.542,-15.405,15.405,0.713,51.986
4413,1,7.248,-4.467,138.571,-0.397,0.084,0.507,-1.680,-0.684,-8.542,-14.924,14.924,2.318,52.420
4414,1,7.061,-4.425,138.253,-0.397,0.084,0.507,-2.034,-0.770,-8.661,-14.641,14.641,2.654,52.085
4415,1,6.956,-4.417,137.957,-0.226,-0.060,0.471,-2.034,-0.770,-8.661,-14.892,14.892,5.794,53.053
4416,1,6.874,-4.458,137.663,-0.226,-0.060,0.471,-2.225,-1.038,-8.910,-14.784,14.784,5.915,52.932
4417,1,6.861,-4.530,137.407,-0.072,-0.183,0.401,-2.225,-1.038,-8.910,-14.673,14.673,9.428,52.950
4418,1,6.866,-4.633,137.147,-0.072,-0.183,0.401,-2.397,-1.153,-9.092,-14.708,14.708,9.375,53.003
4419,1,6.813,-4.799,136.935,-0.152,-0.339,0.320,-2.397,-1.153,-9.092,-13.264,13.264,13.638,53.184
4420,1,6.765,-4.964,136.723,-0.152,-0.339,0.320,-2.359,-1.053,-9.178,-13.237,13.237,13.649,53.172
4421,1,6.545,-5.192,136.581,-0.441,-0.431,0.196,-2.359,-1.053,-9.178,-9.986,9.986,18.345,51.125
4422,1,6.325,-5.399,136.440,-0.441,-0.431,0.196,-2.067,-1.215,-9.101,-9.712,9.712,18.643,50.826
4423,1,5.861,-5.676,136.358,-0.878,-0.504,0.081,-2.067,-1.215,-9.101,-5.465,5.465,23.263,48.276
4424,1,5.394,-5.935,136.278,-0.878,-0.504,0.081,-1.785,-1.302,-9.010,-4.821,4.821,24.001,47.538
4425,1,4.716,-6.251,136.244,-1.256,-0.559,-0.020,-1.785,-1.302,-9.010,-0.700,0.700,28.442,44.680
4426,1,4.035,-6.560,136.215,-1.256,-0.559,-0.020,-1.459,-1.120,-9.068,0.289,-0.289,29.599,43.523
4427,1,3.320,-6.874,136.270,-1.313,-0.548,-0.168,-1.459,-1.120,-9.068,3.489,-3.489,34.384,38.403
4428,1,2.617,-7.200,136.324,-1.313,-0.548,-0.168,-0.995,-0.976,-9.298,4.548,-4.548,35.640,37.147
4429,1,1.998,-7.499,136.471,-1.126,-0.526,-0.320,-0.995,-0.976,-9.298,6.451,-6.451,40.248,31.930
4430,1,1.389,-7.807,136.628,-1.126,-0.526,-0.320,-0.474,-0.962,-9.446,7.399,-7.399,41.385,30.793
4431,1,0.844,-8.095,136.831,-0.986,-0.517,-0.393,-0.474,-0.962,-9.446,8.483,-8.483,44.126,27.778
4432,1,0.301,-8.390,137.031,-0.986,-0.517,-0.393,-0.048,-0.646,-9.369,9.355,-9.355,45.183,26.722
4433,1,-0.136,-8.647,137.225,-0.787,-0.478,-0.378,-0.048,-0.646,-9.369,8.887,-8.887,45.131,25.678
4434,1,-0.566,-8.914,137.416,-0.787,-0.478,-0.378,0.278,-0.584,-9.365,9.598,-9.598,46.001,24.808
4435,1,-0.846,-9.134,137.564,-0.517,-0.424,-0.296,0.278,-0.584,-9.365,7.690,-7.690,43.752,25.504
4436,1,-1.118,-9.377,137.719,-0.517,-0.424,-0.296,0.397,-0.464,-9.140,8.155,-8.155,44.325,24.931
4437,1,-1.203,-9.583,137.801,-0.185,-0.408,-0.165,0.397,-0.464,-9.140,5.014,-5.014,41.013,27.786
4438,1,-1.284,-9.810,137.886,-0.185,-0.408,-0.165,0.392,-0.794,-9.264,5.164,-5.164,41.203,27.597
4439,1,-1.171,-9.994,137.917,0.161,-0.377,-0.061,0.392,-0.794,-9.264,1.946,-1.946,37.932,29.986
4440,1,-1.063,-10.173,137.950,0.161,-0.377,-0.061,0.220,-1.139,-9.455,1.773,-1.773,37.721,30.196
4441,1,-0.791,-10.275,137.946,0.442,-0.236,0.002,0.220,-1.139,-9.455,-0.882,0.882,33.571,30.328
4442,1,-0.531,-10.352,137.943,0.442,-0.236,0.002,0.019,-1.062,-9.628,-1.324,1.324,33.025,30.875
4459,1,6.938,-8.515,137.207,0.099,0.006,-0.299,-2.134,-2.096,-9.987,-8.037,8.037,22.236,34.724
4475,1,5.175,-8.251,137.397,-0.369,-0.224,-0.086,-1.062,-1.900,-9.298,-5.452,5.452,23.756,39.778
4480,1,3.502,-9.005,137.404,-0.701,-0.236,-0.088,-0.967,-2.316,-8.876,-1.181,1.181,27.080,36.819
4481,1,3.142,-9.163,137.404,-0.701,-0.236,-0.088,-0.813,-2.488,-8.771,-0.610,0.610,27.769,36.130
4482,1,2.810,-9.326,137.414,-0.597,-0.240,-0.148,-0.813,-2.488,-8.771,0.144,-0.144,29.948,34.043
4483,1,2.481,-9.492,137.437,-0.597,-0.240,-0.148,-0.574,-2.613,-8.685,0.673,-0.673,30.590,33.401
4484,1,2.150,-9.665,137.470,-0.582,-0.250,-0.210,-0.574,-2.613,-8.685,1.908,-1.908,32.939,31.356
4485,1,1.781,-9.837,137.507,-0.582,-0.250,-0.210,-0.412,-2.641,-8.608,2.515,-2.515,33.681,30.615
4490,1,-0.352,-10.586,137.710,-0.739,-0.189,-0.239,-0.057,-2.881,-8.479,7.289,-7.289,37.985,24.545
4496,1,-2.630,-11.240,137.840,-0.670,-0.097,-0.259,0.483,-2.996,-8.896,11.213,-11.213,42.187,17.726
4507,1,-6.884,-11.618,138.113,-0.493,0.154,-0.219,1.469,-2.335,-10.671,17.393,-17.393,47.046,5.684
4508,1,-7.204,-11.579,138.201,-0.531,0.078,-0.297,1.469,-2.335,-10.671,19.098,-19.098,50.761,4.160
4509,1,-7.604,-11.572,138.307,-0.531,0.078,-0.297,1.814,-1.546,-10.633,19.794,-19.794,51.626,3.295
4522,1,-14.076,-10.280,139.225,-0.578,0.361,0.048,3.436,-0.924,-9.939,25.948,-25.948,51.330,-4.505
4530,1,-15.001,-9.353,138.585,-0.127,0.097,0.137,3.742,-0.818,-8.766,23.452,-23.452,53.709,0.664
4535,1,-14.537,-8.911,137.663,0.278,0.216,0.250,2.728,-1.407,-8.446,19.013,-19.013,47.859,3.106
4536,1,-14.086,-8.771,137.462,0.793,0.271,0.206,2.728,-1.407,-8.446,16.213,-16.213,47.217,2.195
4537,1,-13.456,-8.645,137.283,0.793,0.271,0.206,2.388,-1.732,-8.451,15.157,-15.157,45.915,3.497
4544,1,-3.396,-8.980,136.568,3.389,-0.359,0.055,1.694,-2.115,-7.824,-12.022,12.022,39.176,28.224
4558,1,10.313,-10.773,132.795,1.963,-0.358,-0.040,-0.857,-3.292,-8.087,-27.036,27.036,12.757,54.613
4559,1,11.381,-10.963,132.590,1.963,-0.358,-0.040,-1.177,-3.177,-8.192,-28.925,28.925,10.394,56.976
4567,1,19.119,-11.974,131.520,1.665,-0.052,-0.202,-3.359,-2.412,-9.652,-36.316,36.316,-6.666,65.300
4571,1,20.505,-12.263,131.575,0.565,-0.015,-0.293,-4.182,-1.814,-9.676,-31.233,31.233,-8.035,65.604
4575,1,21.366,-12.907,131.886,0.629,-0.167,-0.414,-4.020,-1.794,-9.848,-31.347,31.347,-5.448,67.370
4583,1,15.756,-11.335,131.253,-1.671,0.569,0.374,-4.790,-2.378,-11.647,-23.108,23.108,-22.486,63.376
4584,1,14.861,-11.075,131.131,-1.656,0.393,0.281,-4.790,-2.378,-11.647,-20.679,20.679,-15.576,61.488
4585,1,13.784,-10.937,131.052,-1.656,0.393,0.281,-4.517,-2.297,-11.733,-18.824,18.824,-13.266,59.178
4586,1,12.532,-10.919,131.015,-2.284,0.017,0.065,-4.517,-2.297,-11.733,-10.904,10.904,0.072,56.583
4589,1,6.946,-11.216,131.364,-3.342,-0.169,-0.213,-2.991,-2.417,-10.948,7.213,-7.213,21.200,40.782
4590,1,4.506,-11.359,131.669,-4.323,-0.207,-0.516,-2.991,-2.417,-10.948,20.116,-20.116,34.522,28.525
4591,1,1.914,-11.471,132.080,-4.323,-0.207,-0.516,-2.000,-2.263,-10.197,24.669,-24.669,40.187,22.861
4592,1,-0.819,-11.545,132.599,-4.810,-0.140,-0.796,-2.000,-2.263,-10.197,35.449,-35.449,52.273,8.857
4593,1,-3.549,-11.548,133.198,-4.810,-0.140,-0.796,-1.024,-2.168,-9.532,40.289,-40.289,58.308,2.822
4594,1,-6.266,-11.472,133.890,-4.776,0.004,-0.973,-1.024,-2.168,-9.532,47.091,-47.091,66.600,-9.579
4595,1,-8.876,-11.324,134.738,-4.776,0.004,-0.973,0.244,-1.541,-8.733,51.566,-51.566,72.140,-15.119
4596,1,-11.387,-11.100,135.733,-4.370,0.071,-1.311,0.244,-1.541,-8.733,57.937,-57.937,84.766,-29.662
4597,1,-13.651,-10.790,136.850,-4.370,0.071,-1.311,0.861,-1.723,-8.130,60.780,-60.780,89.111,-34.007
4607,1,-11.587,-6.078,147.880,3.554,0.262,-0.989,1.560,-0.287,-8.542,12.113,-12.113,70.356,-20.701
4610,1,-2.140,-6.403,150.196,5.827,-0.468,-0.896,1.306,-0.512,-8.848,-14.635,14.635,61.593,8.912
4611,1,0.753,-6.755,150.722,5.827,-0.468,-0.896,0.383,-0.947,-8.862,-19.109,19.109,56.244,14.260
4612,1,3.269,-7.188,151.057,4.515,-0.721,-0.430,0.383,-0.947,-8.862,-22.340,22.340,43.441,34.307
4613,1,5.223,-7.628,151.228,4.515,-0.721,-0.430,-0.129,-1.550,-8.393,-25.503,25.503,39.598,38.150
4614,1,6.624,-8.064,151.244,2.546,-0.757,-0.046,-0.129,-1.550,-8.393,-22.804,22.804,27.633,51.150
4615,1,7.578,-8.455,151.229,2.546,-0.757,-0.046,-0.857,-1.627,-7.800,-24.452,24.452,25.589,53.194
4616,1,8.089,-8.804,151.199,0.992,-0.608,-0.038,-0.857,-1.627,-7.800,-17.717,17.717,22.080,52.442
4655,1,-31.713,5.278,163.401,-1.588,0.087,-0.454,6.120,2.594,-7.900,40.620,-40.620,72.681,-18.034
4671,1,-30.319,5.782,166.913,1.005,-0.129,-0.094,5.340,1.383,-8.250,22.140,-22.140,64.738,-3.912
4673,1,-29.482,5.788,167.129,0.780,-0.089,-0.086,5.139,1.493,-8.742,22.778,-22.778,63.204,-3.505
4675,1,-28.906,5.831,167.174,0.567,0.020,0.031,4.532,1.014,-8.853,22.079,-22.079,58.108,-1.543
4676,1,-28.647,5.835,167.234,0.504,-0.032,-0.007,4.532,1.014,-8.853,22.748,-22.748,59.563,-1.507
4680,1,-27.308,5.437,167.901,0.753,-0.478,-0.113,4.407,0.938,-8.187,22.449,-22.449,67.834,2.975
4681,1,-26.888,5.239,168.153,0.753,-0.478,-0.113,4.374,0.574,-7.848,22.374,-22.374,67.684,3.125
4682,1,-26.411,4.973,168.395,0.854,-0.565,-0.055,4.374,0.574,-7.848,21.086,-21.086,67.352,5.922
4685,1,-25.017,4.206,168.956,0.843,-0.488,0.038,3.737,0.086,-8.216,19.746,-19.746,63.459,7.624
4686,1,-24.562,3.959,169.109,0.838,-0.472,0.044,3.737,0.086,-8.216,19.613,-19.613,62.923,7.703
4687,1,-24.108,3.709,169.267,0.838,-0.472,0.044,3.546,0.163,-8.446,19.523,-19.523,62.743,7.883
4688,1,-23.648,3.464,169.486,0.837,-0.503,-0.060,3.546,0.163,-8.446,20.718,-20.718,65.563,5.945
4689,1,-23.190,3.214,169.708,0.837,-0.503,-0.060,3.575,0.211,-8.475,20.614,-20.614,65.355,6.154
4700,1,-21.287,2.403,173.769,0.352,-0.301,-0.538,3.153,1.206,-8.283,28.399,-28.399,73.191,-7.434
4701,1,-21.082,2.371,174.238,0.352,-0.301,-0.538,3.249,1.120,-8.522,28.295,-28.295,72.984,-7.228
4704,1,-20.039,2.400,175.419,0.716,-0.124,-0.402,3.019,1.392,-8.900,24.136,-24.136,65.767,-5.093
4705,1,-19.632,2.433,175.773,0.716,-0.124,-0.402,2.622,1.407,-9.589,23.877,-23.877,65.248,-4.575
4706,1,-19.145,2.531,176.089,0.863,0.012,-0.366,2.622,1.407,-9.589,22.361,-22.361,61.755,-4.947
4707,1,-18.653,2.629,176.406,0.863,0.012,-0.366,2.498,1.565,-9.905,22.019,-22.019,61.070,-4.262
4708,1,-18.195,2.786,176.751,0.805,0.097,-0.445,2.498,1.565,-9.905,22.942,-22.942,61.125,-6.752
4709,1,-17.736,2.941,177.105,0.805,0.097,-0.445,2.488,1.235,-9.618,22.474,-22.474,60.432,-6.058
4710,1,-17.458,3.065,177.512,0.478,0.021,-0.521,2.488,1.235,-9.618,24.669,-24.669,62.957,-6.423
4711,1,-17.176,3.189,177.926,0.478,0.021,-0.521,2.493,0.646,-9.216,24.281,-24.281,62.510,-5.976
4712,1,-17.032,3.263,178.404,0.234,-0.091,-0.605,2.493,0.646,-9.216,26.350,-26.350,65.976,-6.246
4713,1,-16.888,3.332,178.886,0.234,-0.091,-0.605,2.742,0.072,-8.805,26.150,-26.150,65.744,-6.014
4714,1,-16.723,3.399,179.430,0.258,-0.119,-0.713,2.742,0.072,-8.805,27.156,-27.156,68.593,-8.041
4715,1,-16.559,3.460,179.974,0.258,-0.119,-0.713,2.761,-0.263,-8.723,26.938,-26.938,68.346,-7.794
4716,1,-16.255,3.552,-179.451,0.500,-0.079,-0.783,2.761,-0.263,-8.723,26.217,-26.217,69.090,-9.695
4717,1,-15.948,3.633,-178.873,0.500,-0.079,-0.783,3.101,-0.172,-9.762,25.828,-25.828,68.661,-9.266
4718,1,-15.459,3.684,-178.272,0.820,-0.134,-0.806,3.101,-0.172,-9.762,23.940,-23.940,69.425,-8.447
4719,1,-14.975,3.725,-177.673,0.820,-0.134,-0.806,3.192,-0.153,-10.494,23.371,-23.371,68.823,-7.846
4720,1,-14.339,3.612,-177.107,1.092,-0.369,-0.690,3.192,-0.153,-10.494,19.889,-19.889,68.607,-0.934
4721,1,-13.706,3.492,-176.543,1.092,-0.369,-0.690,2.694,0.077,-10.264,19.216,-19.216,67.943,-0.269
4722,1,-13.096,3.393,-176.156,1.076,-0.255,-0.399,2.694,0.077,-10.264,15.000,-15.000,58.383,6.034
4723,1,-12.487,3.290,-175.773,1.076,-0.255,-0.399,2.263,-0.005,-9.341,14.336,-14.336,57.718,6.700
4724,1,-12.066,3.480,-175.550,0.771,0.313,-0.234,2.263,-0.005,-9.341,13.235,-13.235,44.844,3.350
4725,1,-11.641,3.665,-175.325,0.771,0.313,-0.234,1.574,0.153,-9.637,12.676,-12.676,44.216,3.979
4726,1,-11.437,4.083,-175.139,0.390,0.731,-0.234,1.574,0.153,-9.637,14.198,-14.198,37.750,-1.486
4727,1,-11.231,4.498,-174.944,0.390,0.731,-0.234,0.947,-0.062,-9.293,13.818,-13.818,37.260,-0.997
4728,1,-11.111,4.939,-174.661,0.213,0.757,-0.376,0.947,-0.062,-9.293,16.187,-16.187,40.025,-4.522
4729,1,-10.988,5.380,-174.367,0.213,0.757,-0.376,0.737,0.378,-9.049,15.903,-15.903,39.632,-4.129
4730,1,-10.899,5.820,-173.932,0.116,0.719,-0.599,0.737,0.378,-9.049,18.928,-18.928,45.398,-8.799
4731,1,-10.803,6.259,-173.485,0.116,0.719,-0.599,1.024,0.737,-9.628,18.681,-18.681,45.048,-8.449
4732,1,-10.751,6.621,-172.919,0.011,0.551,-0.769,1.024,0.737,-9.628,21.167,-21.167,51.458,-10.051
4733,1,-10.692,6.986,-172.353,0.011,0.551,-0.769,1.440,0.823,-10.503,20.990,-20.990,51.197,-9.790
4734,1,-10.620,7.027,-171.732,0.018,-0.016,-0.746,1.440,0.823,-10.503,20.571,-20.571,58.610,-1.011
4735,1,-10.548,7.071,-171.114,0.018,-0.016,-0.746,1.354,1.024,-9.264,20.481,-20.481,58.512,-0.913
4736,1,-10.332,6.859,-170.480,0.272,-0.458,-0.689,1.354,1.024,-9.264,18.344,-18.344,63.304,6.926
4737,1,-10.116,6.652,-169.851,0.272,-0.458,-0.689,1.163,1.306,-9.188,18.175,-18.175,63.185,7.045
4738,1,-9.707,6.316,-169.274,0.626,-0.664,-0.573,1.163,1.306,-9.188,14.609,-14.609,62.954,13.150
4739,1,-9.302,5.983,-168.707,0.626,-0.664,-0.573,-0.397,2.216,-13.274,14.264,-14.264,62.679,13.426
4740,1,-9.026,5.317,-167.981,0.378,-1.291,-0.748,-0.397,2.216,-13.274,17.570,-17.570,76.022,18.010
4741,1,-8.752,4.657,-167.259,0.378,-1.291,-0.748,2.287,0.349,-9.685,17.443,-17.443,76.016,18.015
4742,1,-9.035,3.879,-166.559,-0.573,-1.496,-0.684,2.287,0.349,-9.685,21.940,-21.940,78.044,21.832
4743,1,-9.324,3.107,-165.863,-0.573,-1.496,-0.684,2.096,1.010,-9.790,22.502,-22.502,78.779,21.096
4744,1,-9.944,2.515,-165.444,-1.115,-1.120,-0.263,2.096,1.010,-9.790,20.872,-20.872,63.977,25.154
4745,1,-10.568,1.928,-165.023,-1.115,-1.120,-0.263,1.488,0.010,-9.948,21.818,-21.818,65.110,24.021
4746,1,-11.094,1.457,-164.686,-0.944,-0.905,-0.137,1.488,0.010,-9.948,20.197,-20.197,59.880,23.134
4747,1,-11.619,0.989,-164.344,-0.944,-0.905,-0.137,1.914,-0.493,-10.188,21.019,-21.019,60.875,22.139
4748,1,-11.895,0.524,-164.032,-0.511,-0.882,-0.080,1.914,-0.493,-10.188,18.663,-18.663,59.782,22.562
4749,1,-12.175,0.057,-163.717,-0.511,-0.882,-0.080,2.393,-0.373,-9.929,19.204,-19.204,60.485,21.859
4750,1,-12.285,-0.457,-163.489,-0.219,-0.941,0.083,2.393,-0.373,-9.929,16.062,-16.062,57.761,26.257
4751,1,-12.401,-0.974,-163.259,-0.219,-0.941,0.083,2.713,-0.790,-9.613,16.432,-16.432,58.295,25.723
4752,1,-12.367,-1.569,-163.092,0.045,-1.049,0.213,2.713,-0.790,-9.613,13.700,-13.700,56.977,30.146
4753,1,-12.337,-2.165,-162.931,0.045,-1.049,0.213,2.206,-1.426,-9.704,13.923,-13.923,57.367,29.755
4754,1,-12.226,-2.836,-162.857,0.183,-1.147,0.393,2.206,-1.426,-9.704,11.128,-11.128,54.589,35.334
4755,1,-12.116,-3.510,-162.783,0.183,-1.147,0.393,2.211,-1.952,-9.264,11.279,-11.279,54.914,35.008
4756,1,-11.863,-4.226,-162.799,0.419,-1.189,0.552,2.211,-1.952,-9.264,8.087,-8.087,51.661,39.448
4757,1,-11.611,-4.944,-162.817,0.419,-1.189,0.552,1.584,-1.814,-8.805,8.051,-8.051,51.773,39.337
4758,1,-11.561,-5.873,-162.961,0.047,-1.506,0.835,1.584,-1.814,-8.805,6.718,-6.718,49.827,50.353
4759,1,-11.502,-6.800,-163.102,0.047,-1.506,0.835,1.656,-1.263,-9.800,7.061,-7.061,50.422,49.758
4763,1,-11.492,-9.799,-163.851,0.032,-0.942,0.737,2.397,-2.847,-10.389,9.817,-9.817,47.156,36.892
4764,1,-11.469,-10.122,-163.960,-0.028,-0.499,0.550,2.397,-2.847,-10.389,12.588,-12.588,45.733,25.654
4765,1,-11.442,-10.449,-164.072,-0.028,-0.499,0.550,2.613,-3.077,-9.814,12.714,-12.714,45.950,25.437
4766,1,-11.437,-10.630,-164.205,-0.074,-0.234,0.532,2.613,-3.077,-9.814,13.255,-13.255,42.768,21.071
4767,1,-11.432,-10.817,-164.341,-0.074,-0.234,0.532,2.632,-2.723,-8.776,13.345,-13.345,42.915,20.923
4777,1,-9.772,-15.585,-166.799,0.119,-0.782,0.500,2.579,-3.823,-10.121,12.356,-12.356,51.821,27.662
4790,1,-13.240,-19.088,-164.945,-0.293,-0.324,0.031,3.646,-4.431,-9.929,29.463,-29.463,69.434,-3.039
4791,1,-13.436,-19.265,-164.844,-0.293,-0.324,0.031,3.618,-4.307,-9.752,29.953,-29.953,70.174,-3.779
4792,1,-13.679,-19.283,-164.675,-0.336,-0.074,-0.147,3.618,-4.307,-9.752,32.720,-32.720,71.706,-12.463
4793,1,-13.923,-19.303,-164.501,-0.336,-0.074,-0.147,3.560,-3.661,-9.542,33.053,-33.053,72.372,-13.129
4794,1,-14.253,-19.195,-164.239,-0.436,0.111,-0.349,3.560,-3.661,-9.542,36.442,-36.442,75.516,-21.539
4797,1,-15.231,-18.787,-163.321,-0.386,0.145,-0.483,3.426,-3.043,-9.317,38.831,-38.831,80.307,-27.304
4801,1,-16.198,-18.188,-161.943,-0.200,0.159,-0.506,3.326,-3.168,-9.403,38.977,-38.977,82.256,-29.648
4816,1,-15.585,-14.612,-157.228,0.502,0.212,-0.569,1.440,-1.684,-7.867,33.159,-33.159,76.878,-25.792
4822,1,-15.838,-13.508,-154.791,-0.016,0.243,-0.605,1.991,-2.139,-8.920,35.798,-35.798,76.537,-26.334
4841,1,-12.107,-7.644,-148.844,0.221,0.620,-0.599,0.971,-1.014,-8.637,25.447,-25.447,57.656,-18.227
4842,1,-12.105,-7.209,-148.442,0.221,0.620,-0.599,1.565,-0.904,-9.039,25.225,-25.225,57.299,-17.870
4843,1,-12.207,-6.747,-148.021,-0.150,0.702,-0.684,1.565,-0.904,-9.039,28.068,-28.068,58.068,-20.983
4844,1,-12.420,-6.292,-147.605,-0.150,0.702,-0.684,1.857,-1.201,-9.111,28.161,-28.161,58.079,-20.994
4847,1,-13.488,-5.001,-146.405,-0.682,0.626,-0.637,2.048,-1.058,-9.144,31.127,-31.127,58.739,-19.493
4848,1,-13.842,-4.602,-146.007,-0.682,0.626,-0.637,1.895,-1.048,-9.087,31.419,-31.419,58.979,-19.733
4849,1,-14.156,-4.225,-145.606,-0.557,0.554,-0.633,1.895,-1.048,-9.087,30.984,-30.984,60.091,-18.775
4850,1,-14.365,-3.882,-145.203,-0.557,0.554,-0.633,1.785,-0.684,-9.006,31.091,-31.091,60.124,-18.808
4851,1,-14.463,-3.564,-144.803,-0.187,0.446,-0.608,1.785,-0.684,-9.006,28.902,-28.902,60.924,-16.534
4852,1,-14.458,-3.297,-144.440,-0.187,0.446,-0.608,2.144,-0.196,-9.188,28.753,-28.753,60.683,-16.293
4853,1,-14.348,-3.076,-144.122,0.168,0.319,-0.434,2.144,-0.196,-9.188,24.526,-24.526,57.782,-9.739
4854,1,-14.152,-2.913,-143.872,0.168,0.319,-0.434,2.196,-0.397,-9.336,24.178,-24.178,57.342,-9.300
4855,1,-13.870,-2.817,-143.688,0.468,0.163,-0.165,2.196,-0.397,-9.336,18.896,-18.896,52.340,0.147
4856,1,-13.484,-2.778,-143.547,0.468,0.163,-0.165,2.091,-0.431,-9.097,18.358,-18.358,51.718,0.768
4857,1,-12.999,-2.804,-143.455,0.829,-0.013,0.038,2.091,-0.431,-9.097,13.367,-13.367,48.419,9.089
4858,1,-12.469,-2.872,-143.395,0.829,-0.013,0.038,2.062,-0.675,-9.350,12.681,-12.681,47.653,9.855
4859,1,-11.898,-2.985,-143.362,0.990,-0.147,0.165,2.062,-0.675,-9.350,9.565,-9.565,45.598,15.745
4860,1,-11.315,-3.129,-143.325,0.990,-0.147,0.165,1.828,-0.799,-9.388,8.828,-8.828,44.786,16.557
4863,1,-9.645,-3.627,-143.119,0.936,-0.264,0.048,1.766,-0.756,-9.546,8.434,-8.434,47.042,17.649
4870,1,-8.266,-3.977,-141.232,0.074,-0.012,-0.440,1.431,-1.421,-9.810,17.018,-17.018,53.573,3.905
4871,1,-8.328,-3.921,-140.861,-0.060,0.052,-0.489,1.431,-1.421,-9.810,18.367,-18.367,53.959,1.693
4872,1,-8.362,-3.872,-140.498,-0.060,0.052,-0.489,1.325,-1.220,-9.618,18.400,-18.400,53.989,1.662
4873,1,-8.371,-3.829,-140.143,0.026,0.042,-0.467,1.325,-1.220,-9.618,17.693,-17.693,53.574,2.382
4878,1,-7.911,-3.899,-138.652,0.246,-0.070,-0.319,1.321,-1.158,-9.786,14.108,-14.108,50.749,8.403
4879,1,-7.766,-3.933,-138.414,0.277,-0.063,-0.256,1.321,-1.158,-9.786,12.972,-12.972,48.848,10.090
4880,1,-7.609,-3.966,-138.188,0.277,-0.063,-0.256,1.325,-1.125,-9.714,12.757,-12.757,48.603,10.336
4881,1,-7.438,-3.997,-137.978,0.317,-0.053,-0.207,1.325,-1.125,-9.714,11.708,-11.708,46.973,11.691
4882,1,-7.266,-4.038,-137.784,0.317,-0.053,-0.207,1.192,-1.120,-9.656,11.474,-11.474,46.707,11.958
4883,1,-7.089,-4.086,-137.602,0.328,-0.077,-0.153,1.192,-1.120,-9.656,10.515,-10.515,45.437,13.897
4884,1,-6.927,-4.144,-137.427,0.328,-0.077,-0.153,1.029,-1.158,-9.661,10.298,-10.298,45.192,14.142
4885,1,-6.778,-4.210,-137.266,0.278,-0.101,-0.117,1.029,-1.158,-9.661,9.898,-9.898,44.416,15.619
4886,1,-6.647,-4.272,-137.103,0.278,-0.101,-0.117,1.014,-1.091,-9.704,9.726,-9.726,44.222,15.812
4887,1,-6.533,-4.329,-136.941,0.215,-0.089,-0.113,1.014,-1.091,-9.704,9.836,-9.836,43.779,15.921
4888,1,-6.427,-4.371,-136.778,0.215,-0.089,-0.113,1.005,-0.857,-9.628,9.694,-9.694,43.619,16.081
4889,1,-6.335,-4.397,-136.612,0.181,-0.034,-0.123,1.005,-0.857,-9.628,9.857,-9.857,42.921,15.196
4890,1,-6.245,-4.412,-136.451,0.181,-0.034,-0.123,1.091,-0.890,-9.537,9.730,-9.730,42.774,15.342
4891,1,-6.159,-4.417,-136.286,0.166,-0.004,-0.128,1.091,-0.890,-9.537,9.748,-9.748,42.338,14.927
4892,1,-6.079,-4.420,-136.121,0.166,-0.004,-0.128,1.148,-0.991,-9.503,9.633,-9.633,42.204,15.060
4893,1,-6.007,-4.412,-135.952,0.147,0.013,-0.143,1.148,-0.991,-9.503,9.809,-9.809,42.208,14.569
4894,1,-5.945,-4.404,-135.786,0.147,0.013,-0.143,1.101,-0.947,-9.489,9.718,-9.718,42.101,14.676
4895,1,-5.901,-4.390,-135.619,0.102,0.030,-0.147,1.101,-0.947,-9.489,9.927,-9.927,41.883,14.408
4896,1,-5.856,-4.368,-135.453,0.102,0.030,-0.147,0.991,-0.746,-9.379,9.857,-9.857,41.799,14.492
4897,1,-5.820,-4.340,-135.291,0.085,0.053,-0.146,0.991,-0.746,-9.379,9.870,-9.870,41.365,14.256
4903,1,-5.649,-4.365,-134.435,0.068,-0.081,-0.095,1.263,-0.909,-9.111,9.075,-9.075,41.726,17.730
4908,1,-5.442,-4.762,-133.733,0.166,-0.162,-0.126,1.952,-1.086,-10.049,8.755,-8.755,43.442,18.327
4909,1,-5.497,-4.712,-133.607,-0.064,0.086,-0.112,1.952,-1.086,-10.049,9.802,-9.802,39.626,15.051
4910,1,-5.519,-4.664,-133.464,-0.064,0.086,-0.112,1.570,-1.254,-9.719,9.824,-9.824,39.648,15.030
4911,1,-5.508,-4.614,-133.304,0.060,0.082,-0.170,1.570,-1.254,-9.719,9.911,-9.911,41.136,13.663
4912,1,-5.616,-4.570,-133.143,0.060,0.082,-0.170,1.182,-0.909,-9.896,10.060,-10.060,41.306,13.493
4913,1,-5.846,-4.523,-132.980,-0.362,0.077,-0.174,1.182,-0.909,-9.896,12.533,-12.533,41.836,13.115
4914,1,-6.053,-4.453,-132.797,-0.362,0.077,-0.174,1.182,-1.105,-9.915,12.817,-12.817,42.161,12.791
4915,1,-6.240,-4.356,-132.593,-0.295,0.160,-0.255,1.182,-1.105,-9.915,13.743,-13.743,43.278,9.300
4916,1,-6.382,-4.240,-132.375,-0.295,0.160,-0.255,1.354,-1.000,-9.795,13.919,-13.919,43.470,9.107
4917,1,-6.473,-4.102,-132.142,-0.129,0.225,-0.311,1.354,-1.000,-9.795,13.890,-13.890,44.050,6.671
4918,1,-6.560,-3.974,-131.920,-0.129,0.225,-0.311,1.407,-0.885,-9.690,13.982,-13.982,44.141,6.579
4919,1,-6.642,-3.855,-131.708,-0.115,0.198,-0.276,1.407,-0.885,-9.690,13.561,-13.561,43.731,7.751
4920,1,-6.706,-3.749,-131.509,-0.115,0.198,-0.276,1.230,-0.727,-9.460,13.624,-13.624,43.791,7.691
4921,1,-6.755,-3.657,-131.325,-0.059,0.153,-0.233,1.230,-0.727,-9.460,12.857,-12.857,43.408,9.352
4922,1,-6.791,-3.586,-131.148,-0.059,0.153,-0.233,1.067,-0.603,-9.331,12.889,-12.889,43.437,9.323
4923,1,-6.815,-3.533,-130.984,-0.026,0.086,-0.192,1.067,-0.603,-9.331,12.225,-12.225,43.374,11.303
4924,1,-6.849,-3.511,-130.830,-0.026,0.086,-0.192,0.900,-0.632,-9.245,12.266,-12.266,43.419,11.258
4925,1,-6.886,-3.514,-130.685,-0.055,-0.006,-0.143,0.900,-0.632,-9.245,11.856,-11.856,43.580,13.745
4926,1,-6.923,-3.538,-130.557,-0.055,-0.006,-0.143,0.986,-0.569,-9.360,11.915,-11.915,43.651,13.674
4927,1,-6.961,-3.581,-130.443,-0.060,-0.074,-0.084,0.986,-0.569,-9.360,11.270,-11.270,43.226,16.017
4928,1,-6.993,-3.620,-130.351,-0.060,-0.074,-0.084,1.148,-0.632,-9.503,11.324,-11.324,43.295,15.948
4929,1,-7.021,-3.653,-130.273,-0.046,-0.055,-0.019,1.148,-0.632,-9.503,10.492,-10.492,41.472,17.253
4930,1,-7.045,-3.682,-130.207,-0.046,-0.055,-0.019,1.235,-0.694,-9.460,10.534,-10.534,41.525,17.200
4931,1,-7.067,-3.696,-130.148,-0.042,-0.021,0.007,1.235,-0.694,-9.460,10.215,-10.215,40.414,17.337
4935,1,-7.243,-3.832,-129.841,-0.095,-0.087,-0.043,1.340,-0.790,-9.551,11.393,-11.393,42.959,16.679
4936,1,-7.298,-3.887,-129.740,-0.095,-0.087,-0.043,1.416,-0.813,-9.738,11.487,-11.487,43.076,16.563
4937,1,-7.352,-3.945,-129.631,-0.088,-0.104,-0.067,1.416,-0.813,-9.738,11.855,-11.855,44.048,16.077
4938,1,-7.398,-3.996,-129.522,-0.088,-0.104,-0.067,1.392,-0.770,-9.752,11.936,-11.936,44.149,15.977
4939,1,-7.439,-4.042,-129.415,-0.064,-0.086,-0.072,1.392,-0.770,-9.752,11.951,-11.951,44.112,15.497
4940,1,-7.463,-4.087,-129.317,-0.064,-0.086,-0.072,1.369,-0.675,-9.690,11.999,-11.999,44.174,15.435
4941,1,-7.473,-4.129,-129.227,-0.011,-0.075,-0.044,1.369,-0.675,-9.690,11.399,-11.399,43.324,15.950
4942,1,-7.467,-4.171,-129.151,-0.011,-0.075,-0.044,1.416,-0.694,-9.690,11.403,-11.403,43.333,15.940
4943,1,-7.442,-4.214,-129.083,0.044,-0.076,-0.006,1.416,-0.694,-9.690,10.642,-10.642,42.395,16.909
4944,1,-7.417,-4.259,-129.026,0.044,-0.076,-0.006,1.397,-0.670,-9.685,10.618,-10.618,42.374,16.930
4945,1,-7.388,-4.305,-128.974,0.056,-0.079,0.012,1.397,-0.670,-9.685,10.300,-10.300,41.940,17.455
4946,1,-7.355,-4.349,-128.923,0.056,-0.079,0.012,1.431,-0.646,-9.738,10.264,-10.264,41.905,17.490
4947,1,-7.322,-4.394,-128.868,0.067,-0.080,0.006,1.431,-0.646,-9.738,10.242,-10.242,42.018,17.408
4948,1,-7.284,-4.437,-128.811,0.067,-0.080,0.006,1.541,-0.718,-9.814,10.200,-10.200,41.974,17.451
4949,1,-7.242,-4.478,-128.757,0.080,-0.075,0.001,1.541,-0.718,-9.814,10.153,-10.153,41.978,17.295
4950,1,-7.191,-4.519,-128.703,0.080,-0.075,0.001,1.503,-0.723,-9.819,10.092,-10.092,41.912,17.361
4951,1,-7.130,-4.554,-128.650,0.120,-0.068,-0.001,1.503,-0.723,-9.819,9.837,-9.837,41.786,17.304
4952,1,-7.061,-4.588,-128.597,0.120,-0.068,-0.001,1.445,-0.646,-9.810,9.746,-9.746,41.685,17.406
4953,1,-6.985,-4.623,-128.545,0.149,-0.064,-0.001,1.445,-0.646,-9.810,9.501,-9.501,41.509,17.460
4954,1,-6.901,-4.661,-128.494,0.149,-0.064,-0.001,1.479,-0.617,-9.790,9.390,-9.390,41.384,17.585
4955,1,-6.817,-4.696,-128.450,0.164,-0.072,0.004,1.479,-0.617,-9.790,9.134,-9.134,41.244,17.969
4956,1,-6.733,-4.734,-128.402,0.164,-0.072,0.004,1.459,-0.569,-9.824,9.023,-9.023,41.118,18.095
4957,1,-6.646,-4.762,-128.348,0.175,-0.058,-0.012,1.459,-0.569,-9.824,9.049,-9.049,41.167,17.620
4958,1,-6.557,-4.788,-128.297,0.175,-0.058,-0.012,1.550,-0.589,-9.833,8.926,-8.926,41.025,17.761
4959,1,-6.485,-4.808,-128.231,0.147,-0.050,-0.039,1.550,-0.589,-9.833,9.311,-9.311,41.497,17.076
4960,1,-6.416,-4.832,-128.167,0.147,-0.050,-0.039,1.675,-0.660,-9.848,9.216,-9.216,41.388,17.186
4961,1,-6.352,-4.856,-128.088,0.144,-0.065,-0.060,1.675,-0.660,-9.848,9.396,-9.396,42.006,16.994
4962,1,-6.285,-4.886,-128.014,0.144,-0.065,-0.060,1.680,-0.598,-9.833,9.307,-9.307,41.904,17.096
4963,1,-6.192,-4.905,-127.925,0.202,-0.055,-0.089,1.680,-0.598,-9.833,9.254,-9.254,42.359,16.366
4964,1,-6.098,-4.924,-127.837,0.202,-0.055,-0.089,1.651,-0.555,-9.795,9.121,-9.121,42.205,16.520
4965,1,-5.998,-4.935,-127.729,0.216,-0.045,-0.127,1.651,-0.555,-9.795,9.373,-9.373,42.816,15.605
4966,1,-5.897,-4.945,-127.621,0.216,-0.045,-0.127,1.560,-0.431,-9.733,9.228,-9.228,42.646,15.775
4967,1,-5.807,-4.950,-127.484,0.211,-0.042,-0.184,1.560,-0.431,-9.733,9.842,-9.842,43.885,14.445
4968,1,-5.715,-4.956,-127.345,0.211,-0.042,-0.184,1.507,-0.234,-9.723,9.707,-9.707,43.727,14.603
4969,1,-5.648,-4.965,-127.180,0.170,-0.059,-0.238,1.507,-0.234,-9.723,10.479,-10.479,45.190,13.627
4970,1,-5.586,-4.976,-127.016,0.170,-0.059,-0.238,1.613,-0.201,-9.800,10.390,-10.390,45.087,13.730
4971,1,-5.536,-4.984,-126.831,0.144,-0.063,-0.273,1.613,-0.201,-9.800,10.891,-10.891,45.943,12.996
4972,1,-5.491,-4.994,-126.649,0.144,-0.063,-0.273,1.641,-0.211,-9.795,10.827,-10.827,45.868,13.071
4973,1,-5.421,-4.992,-126.455,0.187,-0.055,-0.300,1.641,-0.211,-9.795,10.851,-10.851,46.332,12.394
4976,1,-5.178,-5.006,-125.854,0.223,-0.069,-0.326,1.474,-0.263,-9.690,10.639,-10.639,46.752,12.369
4977,1,-5.081,-5.019,-125.632,0.241,-0.085,-0.359,1.474,-0.263,-9.690,10.821,-10.821,47.642,11.936
4978,1,-4.988,-5.031,-125.411,0.241,-0.085,-0.359,1.340,-0.282,-9.676,10.686,-10.686,47.484,12.094
4979,1,-4.899,-5.056,-125.171,0.232,-0.105,-0.395,1.340,-0.282,-9.676,11.054,-11.054,48.531,11.625
4996,1,-3.707,-5.277,-120.689,0.156,-0.006,-0.496,1.081,-0.809,-9.609,10.970,-10.970,47.620,9.705
4997,1,-3.680,-5.259,-120.386,0.135,-0.017,-0.506,1.081,-0.809,-9.609,11.147,-11.147,47.959,9.671
4998,1,-3.647,-5.239,-120.080,0.135,-0.017,-0.506,1.014,-0.847,-9.637,11.096,-11.096,47.898,9.732
4999,1,-3.608,-5.220,-119.771,0.154,-0.015,-0.515,1.014,-0.847,-9.637,11.045,-11.045,48.006,9.563
5000,1,-3.565,-5.203,-119.458,0.154,-0.015,-0.515,0.943,-0.871,-9.652,10.979,-10.979,47.927,9.642
5003,1,-3.373,-5.088,-118.526,0.201,0.038,-0.522,0.790,-0.904,-9.479,10.537,-10.537,46.990,9.057
5004,1,-3.301,-5.045,-118.212,0.201,0.038,-0.522,0.608,-1.062,-9.365,10.424,-10.424,46.855,9.192
5005,1,-3.243,-5.017,-117.886,0.175,0.012,-0.535,0.608,-1.062,-9.365,10.628,-10.628,47.448,9.360
5006,1,-3.187,-4.993,-117.556,0.175,0.012,-0.535,0.498,-1.014,-9.422,10.542,-10.542,47.345,9.463
5007,1,-3.155,-4.975,-117.232,0.127,0.003,-0.531,0.498,-1.014,-9.422,10.678,-10.678,47.301,9.751
5008,1,-3.123,-4.958,-116.902,0.127,0.003,-0.531,0.555,-1.010,-9.532,10.628,-10.628,47.241,9.810
5009,1,-3.119,-4.915,-116.595,0.068,0.048,-0.500,0.555,-1.010,-9.532,10.524,-10.524,45.814,9.959
5010,1,-3.117,-4.875,-116.285,0.068,0.048,-0.500,0.617,-1.058,-9.513,10.516,-10.516,45.802,9.971
5011,1,-3.139,-4.803,-115.996,0.019,0.102,-0.469,0.617,-1.058,-9.513,10.398,-10.398,44.277,9.944
5012,1,-3.159,-4.736,-115.704,0.019,0.102,-0.469,0.660,-0.919,-9.446,10.420,-10.420,44.299,9.922
5013,1,-3.172,-4.657,-115.415,0.032,0.119,-0.460,0.660,-0.919,-9.446,10.258,-10.258,43.848,9.886
5014,1,-3.181,-4.580,-115.127,0.032,0.119,-0.460,0.746,-0.766,-9.384,10.262,-10.262,43.848,9.886
5015,1,-3.192,-4.514,-114.854,0.029,0.097,-0.438,0.746,-0.766,-9.384,10.006,-10.006,43.614,10.759
5016,1,-3.205,-4.451,-114.581,0.029,0.097,-0.438,0.756,-0.703,-9.455,10.016,-10.016,43.623,10.750
5017,1,-3.207,-4.399,-114.321,0.040,0.077,-0.415,0.756,-0.703,-9.455,9.675,-9.675,43.345,11.606
5018,1,-3.211,-4.345,-114.058,0.040,0.077,-0.415,0.818,-0.603,-9.494,9.675,-9.675,43.342,11.609
5019,1,-3.196,-4.292,-113.794,0.075,0.080,-0.423,0.818,-0.603,-9.494,9.568,-9.568,43.445,11.415
5038,1,-2.740,-4.043,-108.309,0.107,-0.019,-0.534,0.732,-0.335,-9.833,10.103,-10.103,46.812,10.879
5039,1,-2.729,-4.017,-107.991,0.080,0.014,-0.539,0.732,-0.335,-9.833,10.285,-10.285,46.450,10.297
5042,1,-2.730,-3.939,-107.036,0.047,0.009,-0.551,0.761,-0.426,-9.958,10.590,-10.590,46.809,10.091
3967,1,-2.959,-18.498,148.281,0.157,0.180,-0.656,-0.900,-2.297,-9.963,13.824,-13.824,50.753,1.247
3972,1,-2.394,-17.527,150.057,0.480,0.358,-0.473,-0.053,-2.139,-8.934,8.547,-8.547,41.814,5.102
3973,1,-1.915,-17.349,150.341,0.905,0.276,-0.418,-0.053,-2.139,-8.934,4.703,-4.703,40.264,8.996
3974,1,-1.439,-17.174,150.623,0.905,0.276,-0.418,0.120,-2.077,-8.422,3.691,-3.691,38.950,10.310
3975,1,-0.766,-17.094,150.903,1.257,0.119,-0.405,0.120,-2.077,-8.422,0.368,-0.368,39.048,14.686
3976,1,-0.099,-17.012,151.182,1.257,0.119,-0.405,0.220,-1.823,-7.800,-1.021,1.021,37.251,16.483
3977,1,0.652,-17.032,151.470,1.418,-0.054,-0.426,0.220,-1.823,-7.800,-3.116,3.116,38.251,20.444
3978,1,1.391,-17.057,151.754,1.418,-0.054,-0.426,0.000,-1.469,-7.474,-4.652,4.652,36.264,22.432
3979,1,2.146,-17.115,152.035,1.449,-0.111,-0.431,0.000,-1.469,-7.474,-6.313,6.313,35.167,25.141
3980,1,2.893,-17.172,152.316,1.449,-0.111,-0.431,-0.057,-1.570,-7.178,-7.872,7.872,33.149,27.159
3981,1,3.624,-17.158,152.594,1.429,0.021,-0.440,-0.057,-1.570,-7.178,-9.178,9.178,29.518,27.016
3982,1,4.345,-17.147,152.870,1.429,0.021,-0.440,-0.187,-1.512,-6.991,-10.665,10.665,27.595,28.939
3983,1,4.986,-17.030,153.133,1.287,0.208,-0.420,-0.187,-1.512,-6.991,-11.498,11.498,22.770,28.438
3984,1,5.622,-16.915,153.389,1.287,0.208,-0.420,-0.502,-1.526,-7.206,-12.762,12.762,21.148,30.059
3985,1,6.231,-16.715,153.657,1.248,0.362,-0.420,-0.502,-1.526,-7.206,-13.738,13.738,17.455,29.339
3986,1,6.841,-16.519,153.927,1.248,0.362,-0.420,-0.828,-1.775,-7.628,-14.890,14.890,15.992,30.803
3987,1,7.504,-16.297,154.216,1.356,0.413,-0.439,-0.828,-1.775,-7.628,-16.417,16.417,14.187,31.147
3988,1,8.168,-16.082,154.506,1.356,0.413,-0.439,-1.053,-2.110,-8.173,-17.632,17.632,12.655,32.679
3989,1,8.899,-15.963,154.792,1.478,0.252,-0.448,-1.053,-2.110,-8.173,-19.490,19.490,13.453,36.476
3990,1,9.630,-15.844,155.077,1.478,0.252,-0.448,-1.192,-2.105,-8.656,-20.846,20.846,11.737,38.193
3991,1,10.325,-15.866,155.319,1.398,0.012,-0.415,-1.192,-2.105,-8.656,-22.209,22.209,12.624,44.184
3992,1,11.020,-15.892,155.561,1.398,0.012,-0.415,-1.134,-2.345,-8.781,-23.554,23.554,10.903,45.905
3993,1,11.515,-16.030,155.738,1.019,-0.202,-0.357,-1.134,-2.345,-8.781,-23.427,23.427,11.157,51.769
3994,1,12.003,-16.171,155.915,1.019,-0.202,-0.357,-1.067,-2.680,-8.905,-24.450,24.450,9.825,53.101
3995,1,12.259,-16.362,156.035,0.578,-0.306,-0.278,-1.067,-2.680,-8.905,-23.847,23.847,8.506,57.372
3996,1,12.514,-16.554,156.151,0.578,-0.306,-0.278,-1.091,-3.015,-9.058,-24.468,24.468,7.675,58.203
3997,1,12.578,-16.727,156.181,0.199,-0.303,-0.115,-1.091,-3.015,-9.058,-24.852,24.852,3.211,62.575
3998,1,12.640,-16.900,156.214,0.199,-0.303,-0.115,-1.206,-3.206,-9.403,-25.095,25.095,2.866,62.921
3999,1,12.525,-17.003,156.176,-0.156,-0.206,0.034,-1.206,-3.206,-9.403,-25.037,25.037,-2.077,65.094
4000,1,12.410,-17.107,156.141,-0.156,-0.206,0.034,-1.421,-3.369,-9.819,-24.886,24.886,-1.904,64.921
4001,1,12.085,-17.148,156.083,-0.536,-0.101,0.092,-1.421,-3.369,-9.819,-23.100,23.100,-4.066,64.100
4002,1,11.763,-17.189,156.028,-0.536,-0.101,0.092,-1.421,-3.369,-9.819,-22.498,22.498,-3.301,63.336
4003,1,11.384,-17.231,155.972,-0.536,-0.101,0.092,-1.493,-3.326,-10.044,-21.780,21.780,-2.386,62.420
4004,1,10.942,-17.271,155.920,-0.761,-0.096,0.100,-1.493,-3.326,-10.044,-19.915,19.915,-1.592,61.474
4005,1,10.480,-17.317,155.866,-0.761,-0.096,0.100,-1.775,-3.216,-10.240,-19.025,19.025,-0.454,60.336
4006,1,9.999,-17.370,155.804,-0.862,-0.119,0.138,-1.775,-3.216,-10.240,-18.070,18.070,0.110,60.442
4007,1,9.580,-17.382,155.752,-0.862,-0.119,0.138,-2.326,-3.326,-10.733,-17.235,17.235,1.183,59.368
4008,1,9.226,-17.364,155.698,-0.657,0.005,0.167,-2.326,-3.326,-10.733,-17.896,17.896,-0.383,57.373
4009,1,9.019,-17.325,155.669,-0.657,0.005,0.167,-2.637,-2.967,-11.011,-17.457,17.457,0.189,56.802
4010,1,8.959,-17.264,155.664,-0.137,0.082,0.115,-2.637,-2.967,-11.011,-19.250,19.250,0.605,54.194
4011,1,9.024,-17.251,155.669,-0.137,0.082,0.115,-2.531,-2.713,-11.006,-19.374,19.374,0.447,54.352
4012,1,9.215,-17.289,155.683,0.298,-0.089,0.074,-2.531,-2.713,-11.006,-21.438,21.438,3.408,56.291
4013,1,9.546,-17.375,155.686,0.298,-0.089,0.074,-2.393,-3.101,-10.566,-22.151,22.151,2.476,57.223
4014,1,10.008,-17.514,155.670,0.756,-0.280,0.103,-2.393,-3.101,-10.566,-25.824,25.824,3.132,62.016
4015,1,10.603,-17.642,155.624,0.756,-0.280,0.103,-2.775,-3.110,-10.231,-27.099,27.099,1.467,63.680
4016,1,11.329,-17.757,155.542,1.188,-0.264,0.213,-2.775,-3.110,-10.231,-32.158,32.158,-3.497,68.188
4017,1,12.174,-17.829,155.458,1.188,-0.264,0.213,-3.646,-3.177,-10.255,-33.891,33.891,-5.744,70.435
4018,1,13.139,-17.862,155.366,1.601,-0.133,0.240,-3.646,-3.177,-10.255,-38.222,38.222,-10.776,71.723
4019,1,14.156,-17.881,155.316,1.601,-0.133,0.240,-4.168,-2.641,-10.379,-39.920,39.920,-13.356,74.303
4022,1,17.069,-17.869,155.412,1.544,-0.010,-0.042,-4.187,-1.952,-10.202,-39.672,39.672,-15.199,72.616
4023,1,17.718,-17.836,155.507,1.544,-0.010,-0.042,-3.943,-1.503,-10.087,-40.417,40.417,-16.690,74.107
4024,1,18.145,-17.771,155.616,0.791,0.092,-0.061,-3.943,-1.503,-10.087,-36.870,36.870,-18.562,73.087
4025,1,18.331,-17.677,155.709,0.791,0.092,-0.061,-3.531,-1.445,-9.685,-37.014,37.014,-18.850,73.376
4028,1,17.786,-17.299,155.920,-0.525,0.154,0.033,-2.986,-1.378,-9.259,-30.681,30.681,-20.249,72.979
4029,1,17.390,-17.204,155.970,-0.525,0.154,0.033,-2.249,-1.369,-8.637,-30.150,30.150,-19.187,71.916
4030,1,16.907,-17.138,156.001,-0.855,0.046,0.044,-2.249,-1.369,-8.637,-28.018,28.018,-16.674,72.508
4031,1,16.363,-17.079,156.015,-0.855,0.046,0.044,-1.627,-1.335,-8.274,-27.337,27.337,-15.310,71.144
4032,1,15.759,-17.037,156.007,-1.082,-0.012,0.096,-1.627,-1.335,-8.274,-26.109,26.109,-14.302,71.779
4033,1,15.147,-16.994,155.941,-1.082,-0.012,0.096,-1.062,-1.603,-7.862,-25.350,25.350,-12.783,70.261
4034,1,14.519,-16.965,155.817,-1.186,-0.081,0.270,-1.062,-1.603,-7.862,-26.228,26.228,-14.585,74.041
4035,1,13.882,-16.932,155.599,-1.186,-0.081,0.270,-0.914,-2.067,-7.532,-25.382,25.382,-12.998,72.454
4041,1,7.968,-16.507,153.170,-2.468,-0.026,0.863,-1.426,-2.177,-7.403,-14.584,14.584,-13.418,71.291
4045,1,2.351,-16.473,152.335,-2.617,-0.081,0.357,-0.201,-2.780,-7.412,3.829,-3.829,14.624,44.833
4046,1,1.073,-16.537,152.209,-2.409,-0.138,0.261,-0.201,-2.780,-7.412,6.587,-6.587,21.196,39.903
4047,1,-0.170,-16.637,152.089,-2.409,-0.138,0.261,0.316,-2.790,-7.364,9.130,-9.130,24.475,36.624
4048,1,-1.371,-16.768,151.971,-2.266,-0.235,0.235,0.316,-2.790,-7.364,11.208,-11.208,29.692,34.177
4049,1,-2.467,-16.945,151.863,-2.266,-0.235,0.235,0.761,-2.967,-7.345,13.489,-13.489,32.644,31.225
4050,1,-3.462,-17.160,151.766,-1.890,-0.369,0.214,0.761,-2.967,-7.345,13.973,-13.973,37.799,29.874
4051,1,-4.286,-17.390,151.664,-1.890,-0.369,0.214,1.340,-3.354,-7.632,15.737,-15.737,40.097,27.577
4052,1,-4.948,-17.625,151.554,-1.299,-0.389,0.221,1.340,-3.354,-7.632,14.147,-14.147,42.115,26.137
4053,1,-5.481,-17.853,151.403,-1.299,-0.389,0.221,1.771,-3.795,-8.178,15.336,-15.336,43.674,24.578
4054,1,-5.885,-18.076,151.210,-0.865,-0.336,0.315,1.771,-3.795,-8.178,12.911,-12.911,41.768,24.963
4055,1,-6.295,-18.306,150.965,-0.865,-0.336,0.315,1.938,-4.187,-8.455,13.863,-13.863,43.025,23.705
4056,1,-6.705,-18.551,150.676,-0.897,-0.348,0.451,1.938,-4.187,-8.455,13.302,-13.302,41.111,25.985
4057,1,-7.133,-18.826,150.388,-0.897,-0.348,0.451,1.771,-4.551,-8.714,14.335,-14.335,42.485,24.611
4058,1,-7.588,-19.132,150.104,-0.952,-0.446,0.445,1.771,-4.551,-8.714,15.795,-15.795,45.508,24.388
4059,1,-8.016,-19.448,149.859,-0.952,-0.446,0.445,1.632,-4.517,-8.728,16.876,-16.876,46.956,22.940
4060,1,-8.425,-19.775,149.657,-0.826,-0.489,0.314,1.632,-4.517,-8.728,18.943,-18.943,52.269,18.844
4061,1,-8.842,-20.088,149.505,-0.826,-0.489,0.314,1.967,-4.273,-8.809,20.030,-20.030,53.732,17.381
4062,1,-9.266,-20.392,149.399,-0.788,-0.474,0.149,1.967,-4.273,-8.809,23.017,-23.017,59.142,11.545
4063,1,-9.683,-20.660,149.311,-0.788,-0.474,0.149,1.928,-4.479,-9.030,24.106,-24.106,60.607,10.080
4064,1,-10.095,-20.889,149.236,-0.737,-0.357,0.068,1.928,-4.479,-9.030,25.922,-25.922,62.382,4.957
4065,1,-10.488,-21.094,149.144,-0.737,-0.357,0.068,2.120,-4.560,-9.183,26.934,-26.934,63.741,3.598
4066,1,-10.868,-21.275,149.042,-0.695,-0.267,0.086,2.120,-4.560,-9.183,27.464,-27.464,63.313,1.469
4067,1,-11.249,-21.419,148.931,-0.695,-0.267,0.086,1.924,-4.445,-9.350,28.415,-28.415,64.586,0.196
4068,1,-11.628,-21.526,148.818,-0.697,-0.138,0.084,1.924,-4.445,-9.350,29.373,-29.373,64.026,-2.927
4069,1,-11.948,-21.585,148.716,-0.697,-0.138,0.084,1.632,-4.737,-9.939,30.123,-30.123,65.022,-3.923
4070,1,-12.210,-21.593,148.621,-0.495,0.027,0.034,1.632,-4.737,-9.939,30.325,-30.325,64.683,-8.301
4071,1,-12.422,-21.610,148.566,-0.495,0.027,0.034,1.646,-4.455,-10.245,30.801,-30.801,65.312,-8.930
4072,1,-12.590,-21.630,148.549,-0.292,-0.017,-0.068,1.646,-4.455,-10.245,31.446,-31.446,69.000,-11.370
4073,1,-12.791,-21.699,148.563,-0.292,-0.017,-0.068,1.689,-4.613,-10.283,31.886,-31.886,69.669,-12.039
4074,1,-13.030,-21.822,148.616,-0.375,-0.215,-0.134,1.689,-4.613,-10.283,33.552,-33.552,74.999,-11.708
4075,1,-13.266,-21.934,148.658,-0.375,-0.215,-0.134,1.517,-4.977,-10.006,33.967,-33.967,75.829,-12.538
4081,1,-13.533,-22.220,148.840,0.124,-0.006,-0.077,0.488,-4.723,-9.733,31.339,-31.339,72.577,-15.251
4082,1,-13.205,-22.248,148.964,0.589,-0.067,-0.184,0.488,-4.723,-9.733,29.903,-29.903,75.228,-16.168
4083,1,-12.778,-22.282,149.153,0.589,-0.067,-0.184,0.445,-4.555,-9.317,29.308,-29.308,74.037,-14.977
4084,1,-12.250,-22.316,149.399,1.011,-0.112,-0.355,0.445,-4.555,-9.317,28.355,-28.355,77.435,-17.097
4085,1,-11.697,-22.346,149.684,1.011,-0.112,-0.355,0.493,-4.139,-8.910,27.141,-27.141,75.840,-15.502
4091,1,-9.165,-21.588,151.369,0.618,0.373,-0.395,0.450,-2.818,-8.786,23.326,-23.326,61.519,-15.029
4092,1,-9.006,-21.209,151.556,0.315,0.631,-0.321,0.450,-2.818,-8.786,23.306,-23.306,55.131,-16.006
4093,1,-8.780,-20.821,151.746,0.315,0.631,-0.321,0.225,-2.823,-8.920,22.561,-22.561,54.099,-14.974
4094,1,-8.488,-20.423,151.952,0.553,0.660,-0.338,0.225,-2.823,-8.920,20.703,-20.703,52.889,-14.616
4095,1,-8.007,-20.068,152.196,0.553,0.660,-0.338,0.081,-2.790,-9.077,19.447,-19.447,51.198,-12.926
4096,1,-7.336,-19.755,152.478,1.256,0.504,-0.424,0.081,-2.790,-9.077,15.377,-15.377,53.419,-10.672
4097,1,-6.464,-19.506,152.794,1.256,0.504,-0.424,0.148,-2.804,-8.943,13.357,-13.357,50.750,-8.003
4098,1,-5.391,-19.323,153.146,2.009,0.280,-0.504,0.148,-2.804,-8.943,8.170,-8.170,52.762,-3.623
4099,1,-4.153,-19.209,153.517,2.009,0.280,-0.504,0.397,-2.766,-8.546,5.422,-5.422,49.160,-0.022
4100,1,-2.757,-19.169,153.915,2.637,0.040,-0.574,0.397,-2.766,-8.546,0.083,-0.083,50.312,5.674
4101,1,-1.244,-19.196,154.295,2.637,0.040,-0.574,0.603,-2.555,-8.087,-3.254,3.254,45.948,10.039
4102,1,0.378,-19.285,154.655,3.056,-0.156,-0.551,0.603,-2.555,-8.087,-9.236,9.236,43.463,18.124
4103,1,2.033,-19.397,154.941,3.056,-0.156,-0.551,0.431,-2.680,-7.819,-12.920,12.920,38.637,22.949
4104,1,3.727,-19.533,155.145,3.148,-0.219,-0.366,0.431,-2.680,-7.819,-19.471,19.471,29.974,33.439
4105,1,5.334,-19.649,155.281,3.148,-0.219,-0.366,-0.081,-2.617,-7.350,-23.066,23.066,25.257,38.156
4106,1,6.865,-19.744,155.345,2.826,-0.153,-0.190,-0.081,-2.617,-7.350,-27.082,27.082,15.415,46.111
4107,1,8.293,-19.819,155.395,2.826,-0.153,-0.190,-0.766,-2.790,-7.053,-30.241,30.241,11.272,50.253
4108,1,9.630,-19.879,155.430,2.502,-0.092,-0.176,-0.766,-2.790,-7.053,-31.725,31.725,6.205,53.556
4109,1,10.953,-19.925,155.488,2.502,-0.092,-0.176,-1.129,-2.842,-7.029,-34.588,34.588,2.459,57.301
4110,1,12.268,-19.950,155.567,2.508,-0.009,-0.259,-1.129,-2.842,-7.029,-36.370,36.370,-0.299,57.686
4111,1,13.579,-19.967,155.659,2.508,-0.009,-0.259,-1.325,-2.656,-7.264,-38.820,38.820,-3.870,61.256
4112,1,14.892,-19.971,155.765,2.528,0.054,-0.279,-1.325,-2.656,-7.264,-40.416,40.416,-7.757,63.348
4113,1,16.111,-19.935,155.825,2.528,0.054,-0.279,-1.713,-2.814,-7.618,-41.976,41.976,-10.877,66.468
4114,1,17.239,-19.868,155.850,2.161,0.148,-0.104,-1.713,-2.814,-7.618,-43.712,43.712,-19.355,72.267
4115,1,18.144,-19.770,155.831,2.161,0.148,-0.104,-2.206,-2.900,-8.063,-44.502,44.502,-20.934,73.846
4116,1,18.827,-19.641,155.770,1.325,0.200,0.082,-2.206,-2.900,-8.063,-42.651,42.651,-26.340,77.761
4117,1,19.290,-19.536,155.710,1.325,0.200,0.082,-2.723,-3.378,-8.274,-42.651,42.651,-26.340,77.761
4118,1,19.531,-19.452,155.649,0.528,0.128,0.080,-2.723,-3.378,-8.274,-38.641,38.641,-25.252,78.743
4119,1,19.666,-19.400,155.642,0.528,0.128,0.080,-2.909,-3.895,-8.752,-38.641,38.641,-25.252,78.743
4120,1,19.703,-19.381,155.690,0.208,0.084,-0.109,-2.909,-3.895,-8.752,-34.680,34.680,-19.914,74.653
4121,1,19.718,-19.393,155.791,0.208,0.084,-0.109,-2.675,-3.972,-9.044,-34.680,34.680,-19.914,74.653
4122,1,19.716,-19.435,155.936,0.182,0.040,-0.284,-2.675,-3.972,-9.044,-32.355,32.355,-14.896,70.883
4123,1,19.700,-19.487,156.074,0.182,0.040,-0.284,-2.302,-3.780,-9.302,-32.355,32.355,-14.896,70.883
4124,1,19.669,-19.552,156.210,0.114,-0.002,-0.274,-2.302,-3.780,-9.302,-32.148,32.148,-14.554,71.758
4125,1,19.576,-19.582,156.304,0.114,-0.002,-0.274,-2.321,-3.417,-9.580,-32.148,32.148,-14.554,71.758
4126,1,19.426,-19.579,156.357,-0.154,0.051,-0.085,-2.321,-3.417,-9.580,-33.162,33.162,-20.029,75.710
4127,1,19.228,-19.532,156.371,-0.154,0.051,-0.085,-2.680,-3.106,-9.886,-33.162,33.162,-20.029,75.710
4128,1,18.981,-19.437,156.347,-0.382,0.151,0.097,-2.680,-3.106,-9.886,-34.300,34.300,-26.013,78.834
4129,1,18.768,-19.329,156.302,-0.382,0.151,0.097,-3.340,-2.799,-10.159,-34.300,34.300,-26.013,78.834
4130,1,18.593,-19.212,156.233,-0.304,0.153,0.196,-3.340,-2.799,-10.159,-35.932,35.932,-28.520,81.280
4131,1,18.533,-19.099,156.162,-0.304,0.153,0.196,-3.598,-2.527,-10.365,-35.932,35.932,-28.520,81.280
4136,1,19.185,-18.750,155.578,0.101,-0.076,0.398,-2.976,-2.000,-9.747,-40.486,40.486,-30.308,89.612
4137,1,19.267,-18.608,155.305,0.101,-0.076,0.398,-3.244,-2.388,-9.967,-40.486,40.486,-30.308,89.612
4138,1,19.308,-18.374,154.972,-0.095,0.148,0.705,-3.244,-2.388,-9.967,-43.341,43.341,-41.174,94.086
4167,1,19.905,-16.055,148.993,-0.394,-0.209,0.474,-2.541,-2.536,-7.494,-38.274,38.274,-28.936,92.044
4168,1,19.571,-16.002,148.764,-0.668,-0.064,0.356,-2.460,-2.536,-7.494,-35.022,35.022,-27.238,86.207
4169,1,19.237,-15.953,148.533,-0.668,-0.064,0.356,-2.460,-2.608,-7.666,-34.620,34.620,-26.434,85.403
4170,1,18.684,-15.940,148.365,-1.024,-0.075,0.231,-2.278,-2.608,-7.666,-30.666,30.666,-21.933,81.206
4171,1,18.131,-15.927,148.196,-1.024,-0.075,0.231,-2.278,-2.957,-7.838,-30.044,30.044,-20.689,79.962
4172,1,17.422,-15.968,148.064,-1.288,-0.129,0.137,-1.957,-2.957,-7.838,-26.788,26.788,-16.042,76.867
4173,1,16.709,-16.010,147.932,-1.288,-0.129,0.137,-1.957,-3.039,-7.862,-26.009,26.009,-14.484,75.309
4174,1,15.934,-16.116,147.805,-1.404,-0.222,0.088,-1.565,-3.039,-7.862,-23.998,23.998,-10.299,73.773
4175,1,15.156,-16.225,147.679,-1.404,-0.222,0.088,-1.565,-3.421,-7.986,-23.164,23.164,-8.631,72.104
4176,1,14.408,-16.410,147.538,-1.365,-0.348,0.079,-1.388,-3.421,-7.986,-22.472,22.472,-5.043,72.139
4177,1,13.658,-16.600,147.396,-1.365,-0.348,0.079,-1.388,-4.058,-7.939,-21.426,21.426,-3.473,70.568
4178,1,13.014,-16.828,147.246,-1.184,-0.411,0.071,-1.196,-4.058,-7.939,-21.179,21.179,-1.083,69.974
4179,1,12.369,-17.065,147.094,-1.184,-0.411,0.071,-1.196,-4.733,-8.025,-20.104,20.104,0.248,68.644
4180,1,11.880,-17.328,146.962,-0.898,-0.443,0.021,-1.091,-4.733,-8.025,-20.134,20.134,2.898,66.906
4181,1,11.391,-17.597,146.824,-0.898,-0.443,0.021,-1.091,-4.393,-8.163,-19.348,19.348,3.861,65.943
4182,1,10.984,-17.863,146.698,-0.745,-0.423,-0.004,-1.215,-4.393,-8.163,-19.156,19.156,4.990,64.236
4183,1,10.574,-18.131,146.570,-0.745,-0.423,-0.004,-1.215,-4.393,-8.580,-18.500,18.500,5.793,63.433
4184,1,10.167,-18.335,146.518,-0.705,-0.296,-0.100,-1.407,-4.024,-8.580,-16.796,16.796,7.256,58.348
4185,1,9.760,-18.540,146.470,-0.705,-0.296,-0.100,-1.407,-4.024,-9.106,-16.080,16.080,8.152,57.452
4186,1,9.315,-18.658,146.513,-0.728,-0.121,-0.213,-1.665,-3.905,-9.106,-13.703,13.703,9.571,51.042
4187,1,8.869,-18.774,146.560,-0.728,-0.121,-0.213,-1.665,-3.905,-9.747,-12.833,12.833,10.685,49.928
4188,1,8.517,-18.830,146.659,-0.546,-0.009,-0.277,-1.838,-3.981,-9.747,-12.227,12.227,11.589,45.798
4189,1,8.162,-18.882,146.763,-0.546,-0.009,-0.277,-1.838,-3.981,-10.221,-11.505,11.505,12.522,44.864
4190,1,7.888,-18.962,146.838,-0.434,-0.068,-0.224,-1.904,-4.015,-10.221,-12.194,12.194,12.738,46.353
4191,1,7.616,-19.042,146.924,-0.434,-0.068,-0.224,-1.904,-4.015,-10.422,-11.652,11.652,13.435,45.656
4192,1,7.350,-19.193,146.994,-0.444,-0.207,-0.196,-2.010,-3.665,-10.422,-11.447,11.447,15.353,47.694
4193,1,7.084,-19.341,147.079,-0.444,-0.207,-0.196,-2.010,-3.665,-10.111,-10.941,10.941,15.997,47.051
4194,1,6.773,-19.576,147.185,-0.515,-0.361,-0.235,-1.833,-3.522,-10.111,-9.528,9.528,19.908,47.552
4195,1,6.466,-19.806,147.300,-0.515,-0.361,-0.235,-1.833,-3.522,-9.771,-8.955,8.955,20.636,46.825
4196,1,6.151,-20.092,147.349,-0.568,-0.474,-0.133,-1.900,-4.072,-9.771,-9.391,9.391,20.420,50.267
4197,1,5.842,-20.374,147.401,-0.568,-0.474,-0.133,-1.900,-4.072,-9.417,-8.813,8.813,21.154,49.533
4198,1,5.654,-20.609,147.362,-0.407,-0.406,0.034,-2.182,-4.340,-9.417,-11.377,11.377,16.414,52.325
4199,1,5.473,-20.847,147.329,-0.407,-0.406,0.034,-2.182,-4.340,-9.274,-11.057,11.057,16.814,51.925
4200,1,5.517,-20.943,147.255,-0.044,-0.170,0.141,-2.670,-4.584,-9.274,-14.342,14.342,10.600,51.413
4201,1,5.566,-21.040,147.191,-0.044,-0.170,0.141,-2.670,-4.584,-9.417,-14.495,14.495,10.391,51.622
4202,1,5.897,-20.983,147.156,0.459,0.099,0.125,-3.110,-4.752,-9.417,-17.544,17.544,5.975,48.337
4203,1,6.227,-20.930,147.125,0.459,0.099,0.125,-3.110,-4.752,-9.551,-18.278,18.278,5.014,49.298
4208,1,8.171,-20.676,148.018,0.415,0.080,-0.427,-2.890,-3.996,-9.015,-15.425,15.425,13.501,41.359
4209,1,8.360,-20.679,148.330,0.415,0.080,-0.427,-2.890,-3.996,-8.776,-15.848,15.848,12.945,41.915
4210,1,8.337,-20.599,148.621,0.023,0.212,-0.357,-2.641,-3.417,-8.776,-14.670,14.670,9.438,41.648
4211,1,8.313,-20.519,148.916,0.023,0.212,-0.357,-2.641,-3.417,-8.714,-14.572,14.572,9.577,41.509
4212,1,8.235,-20.263,149.158,-0.110,0.500,-0.219,-2.440,-3.235,-8.714,-15.308,15.308,2.479,40.390
4213,1,8.159,-20.008,149.398,-0.110,0.500,-0.219,-2.440,-3.235,-8.752,-15.000,15.000,2.914,39.954
4214,1,8.173,-19.638,149.601,0.022,0.688,-0.121,-2.254,-3.106,-8.752,-16.716,16.716,-1.963,39.444
4215,1,8.189,-19.270,149.803,0.022,0.688,-0.121,-2.254,-3.106,-8.829,-16.553,16.553,-1.705,39.186
4216,1,8.403,-18.938,149.982,0.359,0.616,-0.094,-2.115,-2.952,-8.829,-18.864,18.864,-1.688,41.239
4217,1,8.612,-18.606,150.158,0.359,0.616,-0.094,-2.115,-2.952,-8.714,-19.126,19.126,-1.986,41.537
4218,1,9.083,-18.426,150.318,0.800,0.352,-0.099,-2.139,-2.412,-8.714,-22.148,22.148,0.799,46.300
4219,1,9.545,-18.246,150.483,0.800,0.352,-0.099,-2.139,-2.412,-8.752,-23.001,23.001,-0.282,47.381
4220,1,10.202,-18.134,150.586,1.119,0.208,-0.026,-2.163,-2.105,-8.752,-26.794,26.794,-1.707,52.915
4221,1,10.859,-18.024,150.694,1.119,0.208,-0.026,-2.163,-2.105,-8.642,-28.059,28.059,-3.325,54.533
4222,1,11.391,-17.872,150.720,0.878,0.249,0.102,-2.182,-2.110,-8.642,-29.424,29.424,-8.341,58.362
4223,1,11.920,-17.721,150.744,0.878,0.249,0.102,-2.182,-2.110,-8.226,-30.375,30.375,-9.541,59.562
4226,1,12.057,-17.331,150.870,-0.284,0.135,-0.047,-1.962,-2.469,-7.666,-22.698,22.698,-4.109,57.387
4239,1,6.419,-16.757,153.367,-0.631,-0.040,-0.243,-0.225,-3.034,-8.336,-6.947,6.947,18.275,40.025
4240,1,6.104,-16.865,153.498,-0.442,-0.130,-0.197,-0.134,-3.512,-8.336,-7.864,7.864,19.168,41.688
4241,1,5.832,-16.961,153.620,-0.442,-0.130,-0.197,-0.134,-3.512,-8.336,-7.345,7.345,19.829,41.027
4242,1,5.627,-17.098,153.747,-0.218,-0.169,-0.205,0.019,-3.665,-8.546,-7.997,7.997,21.048,40.934
4243,1,5.474,-17.221,153.866,-0.218,-0.169,-0.205,0.019,-3.665,-8.546,-7.724,7.724,21.390,40.592
4244,1,5.339,-17.344,153.980,-0.156,-0.158,-0.201,0.230,-3.503,-8.795,-7.841,7.841,21.440,40.208
4245,1,5.214,-17.460,154.093,-0.156,-0.158,-0.201,0.230,-3.503,-8.795,-7.619,7.619,21.717,39.930
4246,1,5.066,-17.527,154.162,-0.240,-0.083,-0.127,0.301,-3.115,-9.144,-7.844,7.844,19.154,40.363
4247,1,4.900,-17.597,154.235,-0.240,-0.083,-0.127,0.301,-3.115,-9.144,-7.519,7.519,19.568,39.949
4248,1,4.708,-17.556,154.222,-0.355,0.084,0.035,-0.077,-2.909,-9.661,-8.554,8.554,13.670,41.068
4249,1,4.501,-17.519,154.212,-0.355,0.084,0.035,-0.077,-2.909,-9.661,-8.113,8.113,14.245,40.494
4250,1,4.303,-17.399,154.162,-0.328,0.221,0.137,-0.627,-2.488,-10.259,-9.080,9.080,10.324,40.519
4251,1,4.126,-17.275,154.112,-0.328,0.221,0.137,-0.627,-2.488,-10.259,-8.680,8.680,10.849,39.993
4252,1,3.992,-17.181,154.086,-0.201,0.174,0.110,-1.005,-2.192,-10.709,-8.667,8.667,12.606,39.576
4253,1,3.891,-17.077,154.066,-0.201,0.174,0.110,-1.005,-2.192,-10.709,-8.433,8.433,12.915,39.267
4254,1,3.819,-17.079,154.091,-0.109,-0.013,0.039,-0.947,-1.565,-10.570,-7.869,7.869,17.528,39.980
4255,1,3.763,-17.077,154.122,-0.109,-0.013,0.039,-0.947,-1.565,-10.570,-7.752,7.752,17.678,39.830
4256,1,3.722,-17.166,154.140,-0.103,-0.189,0.048,-0.507,-1.608,-10.212,-7.823,7.823,20.053,42.477
4257,1,3.669,-17.250,154.165,-0.103,-0.189,0.048,-0.507,-1.608,-10.212,-7.732,7.732,20.165,42.365
4258,1,3.622,-17.323,154.048,-0.197,-0.187,0.279,-0.383,-1.866,-9.857,-10.070,10.070,14.474,48.025
4259,1,3.560,-17.396,153.929,-0.197,-0.187,0.279,-0.383,-1.866,-9.857,-9.957,9.957,14.616,47.883
4260,1,3.505,-17.351,153.705,-0.200,0.017,0.473,-0.541,-2.388,-9.843,-12.241,12.241,7.010,49.646
4261,1,3.472,-17.302,153.477,-0.200,0.017,0.473,-0.541,-2.388,-9.843,-12.160,12.160,7.117,49.539
4262,1,3.485,-17.100,153.246,0.016,0.312,0.517,-1.000,-2.493,-10.197,-13.772,13.772,1.840,46.385
4263,1,3.580,-16.882,152.998,0.016,0.312,0.517,-1.000,-2.493,-10.197,-13.922,13.922,1.659,46.566
4264,1,3.708,-16.565,152.818,0.212,0.520,0.430,-1.258,-1.660,-10.436,-14.016,14.016,0.618,41.672
4265,1,3.896,-16.229,152.635,0.212,0.520,0.430,-1.258,-1.660,-10.436,-14.322,14.322,0.244,42.047
4266,1,4.056,-15.808,152.542,0.241,0.684,0.289,-1.383,-1.005,-10.752,-12.918,12.918,1.181,36.422
4267,1,4.234,-15.379,152.454,0.241,0.684,0.289,-1.383,-1.005,-10.752,-13.169,13.169,0.887,36.716
4268,1,4.395,-14.875,152.401,0.250,0.823,0.245,-1.287,-0.536,-11.216,-12.863,12.863,-0.226,33.841
4269,1,4.568,-14.363,152.348,0.250,0.823,0.245,-1.287,-0.536,-11.216,-13.070,13.070,-0.453,34.068
4270,1,4.743,-13.869,152.284,0.249,0.786,0.263,-0.967,-0.268,-11.437,-13.499,13.499,-0.599,35.280
4271,1,4.909,-13.374,152.225,0.249,0.786,0.263,-0.967,-0.268,-11.437,-13.682,13.682,-0.793,35.474
4272,1,5.064,-13.011,152.105,0.121,0.523,0.338,-0.766,0.000,-11.245,-14.168,14.168,0.888,41.311
4280,1,5.382,-12.260,150.371,-0.009,-0.079,0.516,0.086,-1.718,-8.159,-16.118,16.118,4.630,54.765
4281,1,5.428,-12.242,150.069,-0.009,-0.079,0.516,0.086,-1.718,-8.159,-16.196,16.196,4.534,54.861
4296,1,7.550,-10.677,146.397,-0.362,-0.169,0.217,-0.340,-2.613,-8.532,-13.915,13.915,9.452,52.530
4302,1,7.554,-11.596,145.070,0.379,-0.279,0.135,-0.440,-3.718,-9.044,-16.935,16.935,12.536,52.581
4303,1,7.757,-11.769,144.830,0.379,-0.279,0.135,-0.440,-3.718,-9.044,-17.354,17.354,11.993,53.124
4304,1,7.917,-11.922,144.598,0.251,-0.262,0.124,-0.799,-3.024,-9.298,-16.908,16.908,11.600,53.031
4313,1,7.678,-12.788,143.684,-0.078,-0.052,-0.079,-1.632,-2.445,-10.259,-12.643,12.643,13.663,44.971
4314,1,7.614,-12.856,143.644,-0.075,-0.082,-0.074,-1.670,-1.818,-10.264,-12.636,12.636,14.060,45.426
4344,1,8.562,-8.804,144.161,-0.074,0.218,-0.084,-1.426,-1.230,-8.829,-12.582,12.582,10.488,40.416
4345,1,8.628,-8.758,144.243,0.056,0.096,-0.039,-1.426,-1.230,-8.829,-13.879,13.879,11.019,43.384
4346,1,8.693,-8.720,144.317,0.056,0.096,-0.039,-1.512,-1.244,-8.589,-13.969,13.969,10.916,43.488
4347,1,8.758,-8.697,144.360,0.058,0.042,0.011,-1.512,-1.244,-8.589,-14.697,14.697,10.325,45.630
4348,1,8.820,-8.672,144.397,0.058,0.042,0.011,-1.622,-1.464,-8.317,-14.787,14.787,10.220,45.736
4349,1,8.843,-8.659,144.426,-0.009,0.023,0.022,-1.622,-1.464,-8.317,-14.634,14.634,10.151,46.323
4350,1,8.864,-8.646,144.456,-0.009,0.023,0.022,-1.603,-1.593,-8.053,-14.664,14.664,10.116,46.357
4361,1,7.935,-8.551,145.637,-0.102,-0.027,-0.030,-0.904,-1.967,-8.561,-12.015,12.015,14.004,43.900
4362,1,7.894,-8.612,145.652,-0.102,-0.027,-0.030,-0.981,-2.158,-8.661,-11.971,11.971,14.049,43.854
4366,1,7.810,-8.965,145.648,-0.023,-0.131,-0.028,-0.976,-1.909,-9.250,-12.378,12.378,15.457,45.430
4370,1,7.642,-9.135,145.738,-0.104,-0.054,-0.052,-1.096,-1.196,-9.700,-11.452,11.452,15.214,43.481
4376,1,7.703,-8.795,145.262,0.079,0.096,0.261,-1.967,-1.268,-10.566,-16.267,16.267,5.302,49.102
4385,1,8.514,-9.194,144.388,0.070,0.151,0.342,-1.053,-0.708,-9.159,-18.696,18.696,0.654,52.167
4386,1,8.551,-8.965,144.236,0.070,0.151,0.342,-1.407,-1.383,-9.747,-18.671,18.671,0.718,52.103
4387,1,8.686,-8.602,143.986,0.165,0.524,0.540,-1.407,-1.383,-9.747,-21.701,21.701,-9.605,51.773
4388,1,8.799,-8.190,143.738,0.165,0.524,0.540,-1.895,-0.813,-10.441,-21.724,21.724,-9.571,51.740
4393,1,9.062,-5.918,143.124,-0.202,0.630,0.049,-1.598,0.617,-11.537,-13.307,13.307,2.081,37.074
4394,1,8.950,-5.566,143.140,-0.202,0.630,0.049,-1.101,0.507,-11.628,-13.014,13.014,2.484,36.671
4398,1,8.010,-4.751,142.720,-0.475,0.236,0.297,-0.991,0.627,-10.613,-13.101,13.101,3.958,46.428
4407,1,7.968,-5.165,140.414,0.129,-0.113,0.450,-0.603,-0.751,-8.341,-18.093,18.093,5.002,55.367
4408,1,8.028,-5.092,140.138,0.129,-0.113,0.450,-0.679,-0.737,-8.364,-18.159,18.159,4.936,55.433
4409,1,7.953,-4.983,139.836,-0.151,0.087,0.495,-0.679,-0.737,-8.364,-17.186,17.186,1.115,53.532
4410,1,7.863,-4.835,139.533,-0.151,0.087,0.495,-1.201,-0.622,-8.479,-17.009,17.009,1.344,53.303
4411,1,7.657,-4.688,139.211,-0.386,0.156,0.515,-1.201,-0.622,-8.479,-15.733,15.733,0.314,52.385
4412,1,7.456,-4.566,138.891,-0.386,0.156,0.515,-1.680,-0.684,-8.542,-15.405,15.405,0.713,51.986
4413,1,7.248,-4.467,138.571,-0.397,0.084,0.507,-1.680,-0.684,-8.542,-14.924,14.924,2.318,52.420
4414,1,7.061,-4.425,138.253,-0.397,0.084,0.507,-2.034,-0.770,-8.661,-14.641,14.641,2.654,52.085
4415,1,6.956,-4.417,137.957,-0.226,-0.060,0.471,-2.034,-0.770,-8.661,-14.892,14.892,5.794,53.053
4416,1,6.874,-4.458,137.663,-0.226,-0.060,0.471,-2.225,-1.038,-8.910,-14.784,14.784,5.915,52.932
4417,1,6.861,-4.530,137.407,-0.072,-0.183,0.401,-2.225,-1.038,-8.910,-14.673,14.673,9.428,52.950
4418,1,6.866,-4.633,137.147,-0.072,-0.183,0.401,-2.397,-1.153,-9.092,-14.708,14.708,9.375,53.003
4419,1,6.813,-4.799,136.935,-0.152,-0.339,0.320,-2.397,-1.153,-9.092,-13.264,13.264,13.638,53.184
4420,1,6.765,-4.964,136.723,-0.152,-0.339,0.320,-2.359,-1.053,-9.178,-13.237,13.237,13.649,53.172
4421,1,6.545,-5.192,136.581,-0.441,-0.431,0.196,-2.359,-1.053,-9.178,-9.986,9.986,18.345,51.125
4422,1,6.325,-5.399,136.440,-0.441,-0.431,0.196,-2.067,-1.215,-9.101,-9.712,9.712,18.643,50.826
4444,1,0.155,-10.315,137.929,0.594,-0.064,0.004,-0.206,-1.407,-9.790,-3.292,3.292,29.049,29.920
4454,1,5.193,-8.598,137.120,1.163,0.266,0.040,-2.340,-2.326,-10.594,-14.805,14.805,13.424,36.110
4458,1,6.901,-8.485,137.111,0.583,0.000,-0.206,-2.134,-2.096,-9.987,-11.559,11.559,20.070,37.073
4463,1,6.362,-8.344,137.566,-0.434,0.234,-0.206,-1.579,-1.986,-9.833,-5.569,5.569,17.841,32.606
4464,1,6.111,-8.238,137.632,-0.434,0.234,-0.206,-1.426,-1.627,-9.857,-5.137,5.137,18.375,32.072
4465,1,5.912,-8.135,137.679,-0.349,0.234,-0.164,-1.426,-1.627,-9.857,-5.731,5.731,17.767,32.680
4466,1,5.712,-8.028,137.720,-0.349,0.234,-0.164,-1.287,-1.526,-9.953,-5.385,5.385,18.197,32.250
4467,1,5.622,-7.942,137.723,-0.172,0.185,-0.099,-1.287,-1.526,-9.953,-6.922,6.922,17.480,34.367
4468,1,5.533,-7.859,137.730,-0.172,0.185,-0.099,-1.220,-1.780,-9.838,-6.760,6.760,17.684,34.163
4469,1,5.511,-7.821,137.682,-0.063,0.092,0.000,-1.220,-1.780,-9.838,-8.498,8.498,16.603,37.923
4470,1,5.491,-7.787,137.633,-0.063,0.092,0.000,-1.349,-1.751,-9.700,-8.457,8.457,16.655,37.870
4471,1,5.489,-7.831,137.555,-0.038,-0.058,0.043,-1.349,-1.751,-9.700,-9.119,9.119,17.708,41.078
4472,1,5.486,-7.876,137.481,-0.038,-0.058,0.043,-1.345,-1.737,-9.455,-9.126,9.126,17.696,41.091
4473,1,5.430,-7.991,137.436,-0.124,-0.175,-0.015,-1.345,-1.737,-9.455,-7.918,7.918,20.873,41.262
4474,1,5.377,-8.105,137.397,-0.124,-0.175,-0.015,-1.062,-1.900,-9.298,-7.860,7.860,20.932,41.202
4475,1,5.175,-8.251,137.397,-0.369,-0.224,-0.086,-1.062,-1.900,-9.298,-5.452,5.452,23.756,39.778
4476,1,4.975,-8.397,137.405,-0.369,-0.224,-0.086,-0.957,-2.211,-9.073,-5.162,5.162,24.096,39.439
4477,1,4.623,-8.548,137.415,-0.636,-0.231,-0.087,-0.957,-2.211,-9.073,-3.274,3.274,24.870,38.877
4484,1,2.150,-9.665,137.470,-0.582,-0.250,-0.210,-0.574,-2.613,-8.685,1.908,-1.908,32.939,31.356
4490,1,-0.352,-10.586,137.710,-0.739,-0.189,-0.239,-0.057,-2.881,-8.479,7.289,-7.289,37.985,24.545
4510,1,-8.080,-11.599,138.440,-0.797,-0.056,-0.324,1.814,-1.546,-10.633,22.298,-22.298,55.256,3.500
4511,1,-8.602,-11.634,138.574,-0.797,-0.056,-0.324,2.082,-1.512,-10.393,23.220,-23.220,56.407,2.349
4512,1,-9.168,-11.683,138.704,-0.963,-0.110,-0.276,2.082,-1.512,-10.393,24.455,-24.455,57.224,3.054
4513,1,-9.746,-11.709,138.833,-0.963,-0.110,-0.276,2.369,-0.890,-10.020,25.467,-25.467,58.486,1.791
4514,1,-10.335,-11.716,138.957,-1.011,-0.049,-0.218,2.369,-0.890,-10.020,26.007,-26.007,57.447,1.096
4515,1,-10.915,-11.671,139.070,-1.011,-0.049,-0.218,2.565,-0.584,-9.838,26.980,-26.980,58.647,-0.104
4516,1,-11.485,-11.569,139.177,-0.998,0.129,-0.180,2.565,-0.584,-9.838,27.356,-27.356,56.267,-2.807
4517,1,-12.024,-11.411,139.254,-0.998,0.129,-0.180,2.857,-0.402,-9.848,28.182,-28.182,57.257,-3.797
4518,1,-12.532,-11.195,139.299,-0.903,0.337,-0.099,2.857,-0.402,-9.848,27.426,-27.426,53.124,-5.599
4519,1,-12.991,-10.965,139.318,-0.903,0.337,-0.099,3.259,-0.541,-9.881,28.055,-28.055,53.850,-6.325
4520,1,-13.404,-10.723,139.305,-0.757,0.397,-0.013,3.259,-0.541,-9.881,26.781,-26.781,51.428,-5.638
4521,1,-13.765,-10.496,139.276,-0.757,0.397,-0.013,3.436,-0.924,-9.939,27.232,-27.232,51.929,-6.139
4522,1,-14.076,-10.280,139.225,-0.578,0.361,0.048,3.436,-0.924,-9.939,25.948,-25.948,51.330,-4.505
4525,1,-14.627,-9.742,139.016,-0.340,0.323,0.081,3.584,-0.813,-9.489,24.883,-24.883,51.580,-3.659
4526,1,-14.712,-9.614,138.938,-0.167,0.218,0.100,3.584,-0.813,-9.489,23.834,-23.834,52.625,-1.722
4527,1,-14.788,-9.523,138.863,-0.167,0.218,0.100,3.689,-0.727,-9.068,23.896,-23.896,52.678,-1.775
4528,1,-14.857,-9.464,138.788,-0.127,0.097,0.102,3.689,-0.727,-9.068,23.736,-23.736,54.429,-0.056
4535,1,-14.537,-8.911,137.663,0.278,0.216,0.250,2.728,-1.407,-8.446,19.013,-19.013,47.859,3.106
4536,1,-14.086,-8.771,137.462,0.793,0.271,0.206,2.728,-1.407,-8.446,16.213,-16.213,47.217,2.195
4537,1,-13.456,-8.645,137.283,0.793,0.271,0.206,2.388,-1.732,-8.451,15.157,-15.157,45.915,3.497
4538,1,-12.646,-8.532,137.131,1.446,0.211,0.120,2.388,-1.732,-8.451,11.632,-11.632,47.273,3.843
4543,1,-5.265,-8.780,136.699,3.069,-0.201,0.002,1.694,-2.115,-7.824,-6.730,6.730,41.936,20.960
4544,1,-3.396,-8.980,136.568,3.389,-0.359,0.055,1.694,-2.115,-7.824,-12.022,12.022,39.176,28.224
4545,1,-1.528,-9.159,136.388,3.389,-0.359,0.055,1.158,-1.962,-8.293,-15.096,15.096,35.425,31.975
4546,1,0.340,-9.313,136.169,3.396,-0.283,0.146,1.158,-1.962,-8.293,-19.372,19.372,28.275,36.964
4547,1,2.012,-9.403,135.888,3.396,-0.283,0.146,0.641,-1.957,-8.656,-22.171,22.171,24.841,40.398
4548,1,3.487,-9.434,135.550,2.698,-0.089,0.313,0.641,-1.957,-8.656,-23.241,23.241,14.861,44.838
4549,1,4.617,-9.440,135.182,2.698,-0.089,0.313,0.182,-2.110,-8.819,-25.126,25.126,12.550,47.150
4550,1,5.406,-9.416,134.787,1.486,-0.014,0.407,0.182,-2.110,-8.819,-21.543,21.543,7.527,50.012
4551,1,5.970,-9.428,134.420,1.486,-0.014,0.407,-0.345,-2.397,-8.465,-22.481,22.481,6.377,51.162
4555,1,7.619,-10.045,133.348,0.793,-0.360,0.083,-0.766,-3.067,-7.963,-17.905,17.905,15.742,51.688
4562,1,14.616,-11.440,131.995,2.007,-0.228,-0.052,-1.675,-3.225,-8.274,-34.672,34.672,1.735,61.921
4563,1,15.644,-11.584,131.841,2.007,-0.228,-0.052,-2.263,-2.914,-8.537,-36.203,36.203,-0.509,64.165
4564,1,16.638,-11.726,131.716,1.901,-0.183,-0.146,-2.263,-2.914,-8.537,-35.588,35.588,-0.972,63.350
4565,1,17.565,-11.837,131.618,1.901,-0.183,-0.146,-2.962,-2.632,-9.130,-36.583,36.583,-2.962,65.339
4566,1,18.421,-11.920,131.554,1.665,-0.052,-0.202,-2.962,-2.632,-9.130,-35.595,35.595,-5.223,63.858
4567,1,19.119,-11.974,131.520,1.665,-0.052,-0.202,-3.359,-2.412,-9.652,-36.316,36.316,-6.666,65.300
4568,1,19.661,-12.001,131.508,1.122,0.068,-0.240,-3.359,-2.412,-9.652,-33.681,33.681,-8.547,63.742
4569,1,20.049,-12.054,131.516,1.122,0.068,-0.240,-3.795,-2.292,-9.810,-34.094,34.094,-9.373,64.568
4570,1,20.284,-12.131,131.533,0.565,-0.015,-0.293,-3.795,-2.292,-9.810,-30.925,30.925,-7.419,64.988
4571,1,20.505,-12.263,131.575,0.565,-0.015,-0.293,-4.182,-1.814,-9.676,-31.233,31.233,-8.035,65.604
4572,1,20.713,-12.439,131.646,0.515,-0.161,-0.411,-4.182,-1.814,-9.676,-29.835,29.835,-3.655,65.394
4573,1,20.964,-12.619,131.727,0.515,-0.161,-0.411,-4.307,-1.694,-9.814,-30.211,30.211,-4.407,66.145
4574,1,21.246,-12.795,131.819,0.629,-0.167,-0.414,-4.307,-1.694,-9.814,-31.146,31.146,-5.046,66.967
4575,1,21.366,-12.907,131.886,0.629,-0.167,-0.414,-4.020,-1.794,-9.848,-31.347,31.347,-5.448,67.370
4576,1,21.322,-12.955,131.926,0.011,-0.007,-0.217,-4.020,-1.794,-9.848,-30.716,30.716,-12.647,70.003
4587,1,10.971,-10.969,131.047,-2.284,0.017,0.065,-3.881,-2.402,-11.594,-8.321,8.321,3.245,53.411
4588,1,9.102,-11.084,131.159,-3.342,-0.169,-0.213,-3.881,-2.402,-11.594,3.556,-3.556,16.686,45.297
4589,1,6.946,-11.216,131.364,-3.342,-0.169,-0.213,-2.991,-2.417,-10.948,7.213,-7.213,21.200,40.782
4590,1,4.506,-11.359,131.669,-4.323,-0.207,-0.516,-2.991,-2.417,-10.948,20.116,-20.116,34.522,28.525
4595,1,-8.876,-11.324,134.738,-4.776,0.004,-0.973,0.244,-1.541,-8.733,51.566,-51.566,72.140,-15.119
4599,1,-17.263,-9.929,139.324,-3.480,0.142,-1.620,1.321,-2.326,-7.474,65.091,-65.091,101.926,-48.831
4600,1,-18.436,-9.385,140.590,-2.033,0.313,-1.682,1.321,-2.326,-7.474,59.381,-59.381,102.534,-54.339
4601,1,-19.053,-8.786,141.827,-2.033,0.313,-1.682,2.354,-1.541,-7.125,59.562,-59.562,102.897,-54.702
4602,1,-19.121,-8.160,143.025,-0.141,0.478,-1.607,2.354,-1.541,-7.125,48.839,-48.839,98.011,-54.534
4603,1,-18.670,-7.559,144.157,-0.141,0.478,-1.607,2.359,-0.823,-7.427,48.083,-48.083,96.499,-53.022
4604,1,-17.708,-6.994,145.220,1.636,0.501,-1.395,2.359,-0.823,-7.427,35.396,-35.396,88.573,-45.735
4605,1,-16.190,-6.557,146.180,1.636,0.501,-1.395,1.823,-1.134,-8.159,33.800,-33.800,85.510,-42.672
4606,1,-14.128,-6.249,147.035,3.554,0.262,-0.989,1.823,-1.134,-8.159,15.938,-15.938,74.908,-25.252
4607,1,-11.587,-6.078,147.880,3.554,0.262,-0.989,1.560,-0.287,-8.542,12.113,-12.113,70.356,-20.701
4611,1,0.753,-6.755,150.722,5.827,-0.468,-0.896,0.383,-0.947,-8.862,-19.109,19.109,56.244,14.260
4617,1,8.432,-9.068,151.218,0.992,-0.608,-0.038,-1.531,-2.120,-7.522,-18.369,18.369,21.249,53.272
4618,1,8.606,-9.247,151.288,0.419,-0.289,-0.192,-1.531,-2.120,-7.522,-13.937,13.937,20.065,45.326
4619,1,8.741,-9.315,151.424,0.419,-0.289,-0.192,-1.479,-2.196,-7.929,-14.184,14.184,19.754,45.637
4620,1,8.842,-9.269,151.628,0.311,0.150,-0.362,-1.479,-2.196,-7.929,-11.663,11.663,17.573,35.279
4631,1,1.274,-6.834,154.518,-1.393,0.503,-0.323,-0.785,-0.632,-10.604,9.013,-9.013,27.073,15.704
4632,1,0.289,-6.479,154.831,-1.746,0.622,-0.273,-0.785,-0.632,-10.604,11.693,-11.693,25.968,13.400
4633,1,-0.991,-6.079,155.170,-1.746,0.622,-0.273,-0.770,0.354,-10.479,13.655,-13.655,28.308,11.061
4634,1,-2.558,-5.632,155.526,-2.781,0.751,-0.310,-0.770,0.354,-10.479,21.645,-21.645,30.173,5.512
4644,1,-18.571,-0.056,159.571,-2.498,1.081,-0.270,2.862,1.627,-9.680,38.911,-38.911,45.968,-19.717
4652,1,-29.102,4.506,162.106,-1.796,0.322,-0.515,5.216,2.340,-9.360,41.733,-41.733,69.482,-21.531
4653,1,-30.051,4.847,162.525,-1.796,0.322,-0.515,5.723,2.503,-8.637,41.952,-41.952,69.918,-21.967
4654,1,-30.879,5.062,162.966,-1.588,0.087,-0.454,5.723,2.503,-8.637,40.392,-40.392,72.225,-17.578
4659,1,-33.975,5.851,165.193,-0.902,-0.111,-0.425,6.632,2.460,-7.039,37.407,-37.407,75.705,-15.877
4660,1,-34.133,5.937,165.502,-0.352,-0.077,-0.265,6.632,2.460,-7.039,32.657,-32.657,71.071,-12.524
4663,1,-34.127,6.135,166.119,0.125,-0.011,-0.086,6.479,1.641,-7.398,27.880,-27.880,65.112,-8.900
4664,1,-33.838,6.121,166.205,0.505,-0.053,0.068,6.479,1.641,-7.398,23.934,-23.934,61.746,-4.086
4672,1,-29.901,5.787,167.022,0.780,-0.089,-0.086,5.340,1.383,-8.250,22.974,-22.974,63.595,-3.895
4673,1,-29.482,5.788,167.129,0.780,-0.089,-0.086,5.139,1.493,-8.742,22.778,-22.778,63.204,-3.505
4674,1,-29.196,5.810,167.149,0.567,0.020,0.031,5.139,1.493,-8.742,22.229,-22.229,58.408,-1.843
4675,1,-28.906,5.831,167.174,0.567,0.020,0.031,4.532,1.014,-8.853,22.079,-22.079,58.108,-1.543
4678,1,-28.061,5.738,167.475,0.598,-0.263,-0.076,4.302,1.048,-8.599,22.921,-22.921,64.148,0.512
4681,1,-26.888,5.239,168.153,0.753,-0.478,-0.113,4.374,0.574,-7.848,22.374,-22.374,67.684,3.125
4682,1,-26.411,4.973,168.395,0.854,-0.565,-0.055,4.374,0.574,-7.848,21.086,-21.086,67.352,5.922
4683,1,-25.937,4.712,168.629,0.854,-0.565,-0.055,4.130,0.258,-8.044,21.015,-21.015,67.210,6.064
4684,1,-25.478,4.458,168.792,0.843,-0.488,0.038,4.130,0.258,-8.044,19.828,-19.828,63.624,7.458
4685,1,-25.017,4.206,168.956,0.843,-0.488,0.038,3.737,0.086,-8.216,19.746,-19.746,63.459,7.624
4686,1,-24.562,3.959,169.109,0.838,-0.472,0.044,3.737,0.086,-8.216,19.613,-19.613,62.923,7.703
4687,1,-24.108,3.709,169.267,0.838,-0.472,0.044,3.546,0.163,-8.446,19.523,-19.523,62.743,7.883
4688,1,-23.648,3.464,169.486,0.837,-0.503,-0.060,3.546,0.163,-8.446,20.718,-20.718,65.563,5.945
4692,1,-22.135,2.751,170.627,0.460,-0.329,-0.325,3.321,0.522,-8.671,25.488,-25.488,68.851,-2.304
4693,1,-21.885,2.651,170.957,0.460,-0.329,-0.325,3.019,1.024,-8.881,25.401,-25.401,68.677,-2.129
4694,1,-21.779,2.612,171.294,0.209,-0.226,-0.365,3.019,1.024,-8.881,27.125,-27.125,68.135,-4.539
4703,1,-20.449,2.368,175.068,0.553,-0.223,-0.480,3.019,1.392,-8.900,26.197,-26.197,69.674,-6.170
4704,1,-20.039,2.400,175.419,0.716,-0.124,-0.402,3.019,1.392,-8.900,24.136,-24.136,65.767,-5.093
4705,1,-19.632,2.433,175.773,0.716,-0.124,-0.402,2.622,1.407,-9.589,23.877,-23.877,65.248,-4.575
4706,1,-19.145,2.531,176.089,0.863,0.012,-0.366,2.622,1.407,-9.589,22.361,-22.361,61.755,-4.947
4707,1,-18.653,2.629,176.406,0.863,0.012,-0.366,2.498,1.565,-9.905,22.019,-22.019,61.070,-4.262
4708,1,-18.195,2.786,176.751,0.805,0.097,-0.445,2.498,1.565,-9.905,22.942,-22.942,61.125,-6.752
4709,1,-17.736,2.941,177.105,0.805,0.097,-0.445,2.488,1.235,-9.618,22.474,-22.474,60.432,-6.058
4710,1,-17.458,3.065,177.512,0.478,0.021,-0.521,2.488,1.235,-9.618,24.669,-24.669,62.957,-6.423
4715,1,-16.559,3.460,179.974,0.258,-0.119,-0.713,2.761,-0.263,-8.723,26.938,-26.938,68.346,-7.794
4716,1,-16.255,3.552,-179.451,0.500,-0.079,-0.783,2.761,-0.263,-8.723,26.217,-26.217,69.090,-9.695
4717,1,-15.948,3.633,-178.873,0.500,-0.079,-0.783,3.101,-0.172,-9.762,25.828,-25.828,68.661,-9.266
4718,1,-15.459,3.684,-178.272,0.820,-0.134,-0.806,3.101,-0.172,-9.762,23.940,-23.940,69.425,-8.447
4719,1,-14.975,3.725,-177.673,0.820,-0.134,-0.806,3.192,-0.153,-10.494,23.371,-23.371,68.823,-7.846
4720,1,-14.339,3.612,-177.107,1.092,-0.369,-0.690,3.192,-0.153,-10.494,19.889,-19.889,68.607,-0.934
4721,1,-13.706,3.492,-176.543,1.092,-0.369,-0.690,2.694,0.077,-10.264,19.216,-19.216,67.943,-0.269
4722,1,-13.096,3.393,-176.156,1.076,-0.255,-0.399,2.694,0.077,-10.264,15.000,-15.000,58.383,6.034
4732,1,-10.751,6.621,-172.919,0.011,0.551,-0.769,1.024,0.737,-9.628,21.167,-21.167,51.458,-10.051
4733,1,-10.692,6.986,-172.353,0.011,0.551,-0.769,1.440,0.823,-10.503,20.990,-20.990,51.197,-9.790
4734,1,-10.620,7.027,-171.732,0.018,-0.016,-0.746,1.440,0.823,-10.503,20.571,-20.571,58.610,-1.011
4735,1,-10.548,7.071,-171.114,0.018,-0.016,-0.746,1.354,1.024,-9.264,20.481,-20.481,58.512,-0.913
4736,1,-10.332,6.859,-170.480,0.272,-0.458,-0.689,1.354,1.024,-9.264,18.344,-18.344,63.304,6.926
4737,1,-10.116,6.652,-169.851,0.272,-0.458,-0.689,1.163,1.306,-9.188,18.175,-18.175,63.185,7.045
4738,1,-9.707,6.316,-169.274,0.626,-0.664,-0.573,1.163,1.306,-9.188,14.609,-14.609,62.954,13.150
4739,1,-9.302,5.983,-168.707,0.626,-0.664,-0.573,-0.397,2.216,-13.274,14.264,-14.264,62.679,13.426
4740,1,-9.026,5.317,-167.981,0.378,-1.291,-0.748,-0.397,2.216,-13.274,17.570,-17.570,76.022,18.010
4741,1,-8.752,4.657,-167.259,0.378,-1.291,-0.748,2.287,0.349,-9.685,17.443,-17.443,76.016,18.015
4742,1,-9.035,3.879,-166.559,-0.573,-1.496,-0.684,2.287,0.349,-9.685,21.940,-21.940,78.044,21.832
4743,1,-9.324,3.107,-165.863,-0.573,-1.496,-0.684,2.096,1.010,-9.790,22.502,-22.502,78.779,21.096
4744,1,-9.944,2.515,-165.444,-1.115,-1.120,-0.263,2.096,1.010,-9.790,20.872,-20.872,63.977,25.154
4745,1,-10.568,1.928,-165.023,-1.115,-1.120,-0.263,1.488,0.010,-9.948,21.818,-21.818,65.110,24.021
4746,1,-11.094,1.457,-164.686,-0.944,-0.905,-0.137,1.488,0.010,-9.948,20.197,-20.197,59.880,23.134
4747,1,-11.619,0.989,-164.344,-0.944,-0.905,-0.137,1.914,-0.493,-10.188,21.019,-21.019,60.875,22.139
4748,1,-11.895,0.524,-164.032,-0.511,-0.882,-0.080,1.914,-0.493,-10.188,18.663,-18.663,59.782,22.562
4749,1,-12.175,0.057,-163.717,-0.511,-0.882,-0.080,2.393,-0.373,-9.929,19.204,-19.204,60.485,21.859
4750,1,-12.285,-0.457,-163.489,-0.219,-0.941,0.083,2.393,-0.373,-9.929,16.062,-16.062,57.761,26.257
4751,1,-12.401,-0.974,-163.259,-0.219,-0.941,0.083,2.713,-0.790,-9.613,16.432,-16.432,58.295,25.723
4752,1,-12.367,-1.569,-163.092,0.045,-1.049,0.213,2.713,-0.790,-9.613,13.700,-13.700,56.977,30.146
4753,1,-12.337,-2.165,-162.931,0.045,-1.049,0.213,2.206,-1.426,-9.704,13.923,-13.923,57.367,29.755
4754,1,-12.226,-2.836,-162.857,0.183,-1.147,0.393,2.206,-1.426,-9.704,11.128,-11.128,54.589,35.334
4755,1,-12.116,-3.510,-162.783,0.183,-1.147,0.393,2.211,-1.952,-9.264,11.279,-11.279,54.914,35.008
4756,1,-11.863,-4.226,-162.799,0.419,-1.189,0.552,2.211,-1.952,-9.264,8.087,-8.087,51.661,39.448
4757,1,-11.611,-4.944,-162.817,0.419,-1.189,0.552,1.584,-1.814,-8.805,8.051,-8.051,51.773,39.337
4758,1,-11.561,-5.873,-162.961,0.047,-1.506,0.835,1.584,-1.814,-8.805,6.718,-6.718,49.827,50.353
4759,1,-11.502,-6.800,-163.102,0.047,-1.506,0.835,1.656,-1.263,-9.800,7.061,-7.061,50.422,49.758
4760,1,-11.565,-7.712,-163.313,-0.187,-1.458,0.946,1.656,-1.263,-9.800,7.380,-7.380,47.786,51.024
4761,1,-11.625,-8.618,-163.527,-0.187,-1.458,0.946,2.129,-2.153,-10.379,7.919,-7.919,48.617,50.193
4764,1,-11.469,-10.122,-163.960,-0.028,-0.499,0.550,2.397,-2.847,-10.389,12.588,-12.588,45.733,25.654
4768,1,-11.382,-11.107,-164.563,-0.018,-0.382,0.706,2.632,-2.723,-8.776,10.955,-10.955,40.805,27.265
4769,1,-11.332,-11.400,-164.788,-0.018,-0.382,0.706,2.364,-2.024,-8.934,11.026,-11.026,40.948,27.122
4770,1,-11.167,-11.885,-165.055,0.168,-0.702,0.831,2.364,-2.024,-8.934,8.514,-8.514,42.460,34.740
4771,1,-11.003,-12.366,-165.327,0.168,-0.702,0.831,2.417,-2.249,-9.135,8.487,-8.487,42.514,34.686
4772,1,-10.723,-12.910,-165.640,0.349,-0.804,0.902,2.417,-2.249,-9.135,6.488,-6.488,42.036,38.086
4773,1,-10.445,-13.449,-165.967,0.349,-0.804,0.902,2.924,-3.536,-9.231,6.278,-6.278,41.864,38.258
4774,1,-10.202,-14.029,-166.258,0.297,-0.888,0.844,2.924,-3.536,-9.231,7.140,-7.140,44.462,38.065
4775,1,-9.960,-14.609,-166.555,0.297,-0.888,0.844,3.043,-3.565,-9.910,6.999,-6.999,44.377,38.150
4776,1,-9.867,-15.099,-166.675,0.119,-0.782,0.500,3.043,-3.565,-9.910,12.276,-12.276,51.644,27.839
4793,1,-13.923,-19.303,-164.501,-0.336,-0.074,-0.147,3.560,-3.661,-9.542,33.053,-33.053,72.372,-13.129
4802,1,-16.400,-17.993,-161.607,-0.200,0.159,-0.506,3.508,-2.952,-9.336,39.084,-39.084,82.469,-29.861
4803,1,-16.593,-17.758,-161.273,-0.173,0.271,-0.529,3.508,-2.952,-9.336,39.303,-39.303,81.586,-32.174
4804,1,-16.761,-17.511,-160.960,-0.173,0.271,-0.529,3.680,-2.570,-9.307,39.326,-39.326,81.632,-32.220
4805,1,-16.901,-17.247,-160.666,-0.105,0.342,-0.486,3.680,-2.570,-9.307,38.420,-38.420,79.471,-32.098
4806,1,-16.977,-16.974,-160.383,-0.105,0.342,-0.486,3.589,-2.450,-9.178,38.314,-38.314,79.259,-31.886
4807,1,-16.986,-16.692,-160.116,0.114,0.378,-0.458,3.589,-2.450,-9.178,36.680,-36.680,77.669,-31.331
4808,1,-16.931,-16.416,-159.845,0.114,0.378,-0.458,3.311,-2.474,-9.006,36.422,-36.422,77.154,-30.816
4809,1,-16.811,-16.142,-159.569,0.338,0.362,-0.462,3.311,-2.474,-9.006,35.029,-35.029,76.833,-30.038
4812,1,-16.268,-15.406,-158.663,0.481,0.312,-0.492,2.723,-2.153,-8.805,33.571,-33.571,76.070,-27.845
4813,1,-16.077,-15.189,-158.332,0.487,0.251,-0.515,2.723,-2.153,-8.805,33.468,-33.468,76.785,-26.825
4814,1,-15.882,-14.978,-157.983,0.487,0.251,-0.515,2.239,-1.976,-8.254,33.115,-33.115,76.078,-26.118
4815,1,-15.689,-14.778,-157.612,0.502,0.212,-0.569,2.239,-1.976,-8.254,33.377,-33.377,77.314,-26.228
4816,1,-15.585,-14.612,-157.228,0.502,0.212,-0.569,1.440,-1.684,-7.867,33.159,-33.159,76.878,-25.792
4817,1,-15.568,-14.483,-156.832,0.189,0.081,-0.570,1.440,-1.684,-7.867,34.639,-34.639,78.579,-23.749
4818,1,-15.588,-14.343,-156.425,0.189,0.081,-0.570,1.254,-2.000,-8.293,34.575,-34.575,78.451,-23.622
4819,1,-15.637,-14.196,-156.006,0.056,0.104,-0.600,1.254,-2.000,-8.293,35.572,-35.572,78.789,-24.629
4820,1,-15.705,-14.009,-155.591,0.056,0.104,-0.600,1.431,-1.976,-8.585,35.531,-35.531,78.707,-24.547
4826,1,-15.835,-12.113,-153.367,0.115,0.525,-0.560,1.570,-1.866,-8.216,33.750,-33.750,69.719,-27.581
4830,1,-15.499,-10.929,-152.067,0.208,0.380,-0.480,1.617,-1.512,-8.551,31.275,-31.275,67.766,-21.488
4837,1,-12.937,-9.105,-150.215,0.684,0.447,-0.369,1.101,-1.680,-8.623,22.325,-22.325,57.178,-12.818
4838,1,-12.626,-8.784,-149.916,0.684,0.447,-0.369,1.215,-1.369,-8.958,21.657,-21.657,56.300,-11.940
4839,1,-12.386,-8.430,-149.589,0.440,0.549,-0.479,1.215,-1.369,-8.958,23.696,-23.696,56.866,-15.397
4840,1,-12.215,-8.052,-149.231,0.440,0.549,-0.479,0.971,-1.014,-8.637,23.232,-23.232,56.227,-14.759
4841,1,-12.107,-7.644,-148.844,0.221,0.620,-0.599,0.971,-1.014,-8.637,25.447,-25.447,57.656,-18.227
4842,1,-12.105,-7.209,-148.442,0.221,0.620,-0.599,1.565,-0.904,-9.039,25.225,-25.225,57.299,-17.870
4843,1,-12.207,-6.747,-148.021,-0.150,0.702,-0.684,1.565,-0.904,-9.039,28.068,-28.068,58.068,-20.983
4844,1,-12.420,-6.292,-147.605,-0.150,0.702,-0.684,1.857,-1.201,-9.111,28.161,-28.161,58.079,-20.994
4845,1,-12.740,-5.846,-147.201,-0.542,0.680,-0.656,1.857,-1.201,-9.111,30.021,-30.021,57.897,-20.172
4846,1,-13.094,-5.416,-146.802,-0.542,0.680,-0.656,2.048,-1.058,-9.144,30.318,-30.318,58.146,-20.422
4847,1,-13.488,-5.001,-146.405,-0.682,0.626,-0.637,2.048,-1.058,-9.144,31.127,-31.127,58.739,-19.493
4848,1,-13.842,-4.602,-146.007,-0.682,0.626,-0.637,1.895,-1.048,-9.087,31.419,-31.419,58.979,-19.733
4849,1,-14.156,-4.225,-145.606,-0.557,0.554,-0.633,1.895,-1.048,-9.087,30.984,-30.984,60.091,-18.775
4850,1,-14.365,-3.882,-145.203,-0.557,0.554,-0.633,1.785,-0.684,-9.006,31.091,-31.091,60.124,-18.808
4851,1,-14.463,-3.564,-144.803,-0.187,0.446,-0.608,1.785,-0.684,-9.006,28.902,-28.902,60.924,-16.534
4852,1,-14.458,-3.297,-144.440,-0.187,0.446,-0.608,2.144,-0.196,-9.188,28.753,-28.753,60.683,-16.293
4853,1,-14.348,-3.076,-144.122,0.168,0.319,-0.434,2.144,-0.196,-9.188,24.526,-24.526,57.782,-9.739
4854,1,-14.152,-2.913,-143.872,0.168,0.319,-0.434,2.196,-0.397,-9.336,24.178,-24.178,57.342,-9.300
4855,1,-13.870,-2.817,-143.688,0.468,0.163,-0.165,2.196,-0.397,-9.336,18.896,-18.896,52.340,0.147
4856,1,-13.484,-2.778,-143.547,0.468,0.163,-0.165,2.091,-0.431,-9.097,18.358,-18.358,51.718,0.768
4857,1,-12.999,-2.804,-143.455,0.829,-0.013,0.038,2.091,-0.431,-9.097,13.367,-13.367,48.419,9.089
4858,1,-12.469,-2.872,-143.395,0.829,-0.013,0.038,2.062,-0.675,-9.350,12.681,-12.681,47.653,9.855
4859,1,-11.898,-2.985,-143.362,0.990,-0.147,0.165,2.062,-0.675,-9.350,9.565,-9.565,45.598,15.745
4860,1,-11.315,-3.129,-143.325,0.990,-0.147,0.165,1.828,-0.799,-9.388,8.828,-8.828,44.786,16.557
4861,1,-10.726,-3.298,-143.287,1.028,-0.255,0.160,1.828,-0.799,-9.388,7.960,-7.960,45.638,18.779
4862,1,-10.172,-3.463,-143.215,1.028,-0.255,0.160,1.766,-0.756,-9.546,7.254,-7.254,44.859,19.558
4866,1,-8.550,-3.964,-142.544,0.674,-0.212,-0.135,1.675,-1.407,-9.814,10.605,-10.605,49.279,13.921
4867,1,-8.353,-4.009,-142.256,0.392,-0.114,-0.327,1.675,-1.407,-9.814,14.148,-14.148,52.371,8.028
4868,1,-8.252,-4.024,-141.938,0.392,-0.114,-0.327,1.574,-1.574,-9.910,14.008,-14.008,52.211,8.188
4869,1,-8.238,-4.012,-141.591,0.074,-0.012,-0.440,1.574,-1.574,-9.910,16.989,-16.989,53.545,3.933
4870,1,-8.266,-3.977,-141.232,0.074,-0.012,-0.440,1.431,-1.421,-9.810,17.018,-17.018,53.573,3.905
4871,1,-8.328,-3.921,-140.861,-0.060,0.052,-0.489,1.431,-1.421,-9.810,18.367,-18.367,53.959,1.693
4872,1,-8.362,-3.872,-140.498,-0.060,0.052,-0.489,1.325,-1.220,-9.618,18.400,-18.400,53.989,1.662
4873,1,-8.371,-3.829,-140.143,0.026,0.042,-0.467,1.325,-1.220,-9.618,17.693,-17.693,53.574,2.382
4874,1,-8.339,-3.808,-139.804,0.026,0.042,-0.467,1.211,-1.220,-9.527,17.641,-17.641,53.511,2.445
4875,1,-8.271,-3.814,-139.487,0.157,-0.032,-0.392,1.211,-1.220,-9.527,15.959,-15.959,52.588,5.468
4876,1,-8.172,-3.833,-139.188,0.157,-0.032,-0.392,1.211,-1.192,-9.719,15.825,-15.825,52.435,5.621
4879,1,-7.766,-3.933,-138.414,0.277,-0.063,-0.256,1.321,-1.158,-9.786,12.972,-12.972,48.848,10.090
4882,1,-7.266,-4.038,-137.784,0.317,-0.053,-0.207,1.192,-1.120,-9.656,11.474,-11.474,46.707,11.958
4883,1,-7.089,-4.086,-137.602,0.328,-0.077,-0.153,1.192,-1.120,-9.656,10.515,-10.515,45.437,13.897
4884,1,-6.927,-4.144,-137.427,0.328,-0.077,-0.153,1.029,-1.158,-9.661,10.298,-10.298,45.192,14.142
4885,1,-6.778,-4.210,-137.266,0.278,-0.101,-0.117,1.029,-1.158,-9.661,9.898,-9.898,44.416,15.619
4890,1,-6.245,-4.412,-136.451,0.181,-0.034,-0.123,1.091,-0.890,-9.537,9.730,-9.730,42.774,15.342
4891,1,-6.159,-4.417,-136.286,0.166,-0.004,-0.128,1.091,-0.890,-9.537,9.748,-9.748,42.338,14.927
4892,1,-6.079,-4.420,-136.121,0.166,-0.004,-0.128,1.148,-0.991,-9.503,9.633,-9.633,42.204,15.060
4893,1,-6.007,-4.412,-135.952,0.147,0.013,-0.143,1.148,-0.991,-9.503,9.809,-9.809,42.208,14.569
4894,1,-5.945,-4.404,-135.786,0.147,0.013,-0.143,1.101,-0.947,-9.489,9.718,-9.718,42.101,14.676
4895,1,-5.901,-4.390,-135.619,0.102,0.030,-0.147,1.101,-0.947,-9.489,9.927,-9.927,41.883,14.408
4896,1,-5.856,-4.368,-135.453,0.102,0.030,-0.147,0.991,-0.746,-9.379,9.857,-9.857,41.799,14.492
4897,1,-5.820,-4.340,-135.291,0.085,0.053,-0.146,0.991,-0.746,-9.379,9.870,-9.870,41.365,14.256
4898,1,-5.784,-4.314,-135.136,0.085,0.053,-0.146,0.995,-0.517,-9.240,9.813,-9.813,41.296,14.325
4899,1,-5.753,-4.291,-134.984,0.071,0.040,-0.128,0.995,-0.517,-9.240,9.606,-9.606,40.965,15.021
4900,1,-5.727,-4.282,-134.841,0.071,0.040,-0.128,1.172,-0.636,-9.221,9.566,-9.566,40.918,15.068
4901,1,-5.702,-4.292,-134.702,0.059,-0.017,-0.110,1.172,-0.636,-9.221,9.369,-9.369,41.247,16.382
4902,1,-5.679,-4.319,-134.569,0.059,-0.017,-0.110,1.263,-0.909,-9.111,9.342,-9.342,41.219,16.410
4903,1,-5.649,-4.365,-134.435,0.068,-0.081,-0.095,1.263,-0.909,-9.111,9.075,-9.075,41.726,17.730
4904,1,-5.621,-4.442,-134.306,0.068,-0.081,-0.095,0.613,-1.421,-8.604,9.050,-9.050,41.705,17.751
4905,1,-5.592,-4.552,-134.172,0.069,-0.184,-0.080,0.613,-1.421,-8.604,8.841,-8.841,42.799,19.610
4906,1,-5.536,-4.651,-134.028,0.069,-0.184,-0.080,1.804,-0.531,-9.757,8.781,-8.781,42.739,19.670
4907,1,-5.455,-4.741,-133.871,0.166,-0.162,-0.126,1.804,-0.531,-9.757,8.770,-8.770,43.457,18.312
4908,1,-5.442,-4.762,-133.733,0.166,-0.162,-0.126,1.952,-1.086,-10.049,8.755,-8.755,43.442,18.327
4909,1,-5.497,-4.712,-133.607,-0.064,0.086,-0.112,1.952,-1.086,-10.049,9.802,-9.802,39.626,15.051
4910,1,-5.519,-4.664,-133.464,-0.064,0.086,-0.112,1.570,-1.254,-9.719,9.824,-9.824,39.648,15.030
4911,1,-5.508,-4.614,-133.304,0.060,0.082,-0.170,1.570,-1.254,-9.719,9.911,-9.911,41.136,13.663
4912,1,-5.616,-4.570,-133.143,0.060,0.082,-0.170,1.182,-0.909,-9.896,10.060,-10.060,41.306,13.493
4913,1,-5.846,-4.523,-132.980,-0.362,0.077,-0.174,1.182,-0.909,-9.896,12.533,-12.533,41.836,13.115
4914,1,-6.053,-4.453,-132.797,-0.362,0.077,-0.174,1.182,-1.105,-9.915,12.817,-12.817,42.161,12.791
4915,1,-6.240,-4.356,-132.593,-0.295,0.160,-0.255,1.182,-1.105,-9.915,13.743,-13.743,43.278,9.300
4916,1,-6.382,-4.240,-132.375,-0.295,0.160,-0.255,1.354,-1.000,-9.795,13.919,-13.919,43.470,9.107
4917,1,-6.473,-4.102,-132.142,-0.129,0.225,-0.311,1.354,-1.000,-9.795,13.890,-13.890,44.050,6.671
4918,1,-6.560,-3.974,-131.920,-0.129,0.225,-0.311,1.407,-0.885,-9.690,13.982,-13.982,44.141,6.579
4919,1,-6.642,-3.855,-131.708,-0.115,0.198,-0.276,1.407,-0.885,-9.690,13.561,-13.561,43.731,7.751
4920,1,-6.706,-3.749,-131.509,-0.115,0.198,-0.276,1.230,-0.727,-9.460,13.624,-13.624,43.791,7.691
4921,1,-6.755,-3.657,-131.325,-0.059,0.153,-0.233,1.230,-0.727,-9.460,12.857,-12.857,43.408,9.352
4922,1,-6.791,-3.586,-131.148,-0.059,0.153,-0.233,1.067,-0.603,-9.331,12.889,-12.889,43.437,9.323
4923,1,-6.815,-3.533,-130.984,-0.026,0.086,-0.192,1.067,-0.603,-9.331,12.225,-12.225,43.374,11.303
4924,1,-6.849,-3.511,-130.830,-0.026,0.086,-0.192,0.900,-0.632,-9.245,12.266,-12.266,43.419,11.258
4925,1,-6.886,-3.514,-130.685,-0.055,-0.006,-0.143,0.900,-0.632,-9.245,11.856,-11.856,43.580,13.745
4926,1,-6.923,-3.538,-130.557,-0.055,-0.006,-0.143,0.986,-0.569,-9.360,11.915,-11.915,43.651,13.674
4927,1,-6.961,-3.581,-130.443,-0.060,-0.074,-0.084,0.986,-0.569,-9.360,11.270,-11.270,43.226,16.017
4928,1,-6.993,-3.620,-130.351,-0.060,-0.074,-0.084,1.148,-0.632,-9.503,11.324,-11.324,43.295,15.948
4929,1,-7.021,-3.653,-130.273,-0.046,-0.055,-0.019,1.148,-0.632,-9.503,10.492,-10.492,41.472,17.253
4930,1,-7.045,-3.682,-130.207,-0.046,-0.055,-0.019,1.235,-0.694,-9.460,10.534,-10.534,41.525,17.200
4931,1,-7.067,-3.696,-130.148,-0.042,-0.021,0.007,1.235,-0.694,-9.460,10.215,-10.215,40.414,17.337
4932,1,-7.098,-3.721,-130.086,-0.042,-0.021,0.007,1.244,-0.689,-9.408,10.265,-10.265,40.477,17.275
4933,1,-7.137,-3.746,-130.015,-0.069,-0.039,-0.006,1.244,-0.689,-9.408,10.639,-10.639,41.157,17.112
4934,1,-7.186,-3.782,-129.936,-0.069,-0.039,-0.006,1.340,-0.790,-9.551,10.718,-10.718,41.253,17.016
4935,1,-7.243,-3.832,-129.841,-0.095,-0.087,-0.043,1.340,-0.790,-9.551,11.393,-11.393,42.959,16.679
4936,1,-7.298,-3.887,-129.740,-0.095,-0.087,-0.043,1.416,-0.813,-9.738,11.487,-11.487,43.076,16.563
4937,1,-7.352,-3.945,-129.631,-0.088,-0.104,-0.067,1.416,-0.813,-9.738,11.855,-11.855,44.048,16.077
4938,1,-7.398,-3.996,-129.522,-0.088,-0.104,-0.067,1.392,-0.770,-9.752,11.936,-11.936,44.149,15.977
4939,1,-7.439,-4.042,-129.415,-0.064,-0.086,-0.072,1.392,-0.770,-9.752,11.951,-11.951,44.112,15.497
4940,1,-7.463,-4.087,-129.317,-0.064,-0.086,-0.072,1.369,-0.675,-9.690,11.999,-11.999,44.174,15.435
4941,1,-7.473,-4.129,-129.227,-0.011,-0.075,-0.044,1.369,-0.675,-9.690,11.399,-11.399,43.324,15.950
4942,1,-7.467,-4.171,-129.151,-0.011,-0.075,-0.044,1.416,-0.694,-9.690,11.403,-11.403,43.333,15.940
4943,1,-7.442,-4.214,-129.083,0.044,-0.076,-0.006,1.416,-0.694,-9.690,10.642,-10.642,42.395,16.909
4944,1,-7.417,-4.259,-129.026,0.044,-0.076,-0.006,1.397,-0.670,-9.685,10.618,-10.618,42.374,16.930
4945,1,-7.388,-4.305,-128.974,0.056,-0.079,0.012,1.397,-0.670,-9.685,10.300,-10.300,41.940,17.455
4946,1,-7.355,-4.349,-128.923,0.056,-0.079,0.012,1.431,-0.646,-9.738,10.264,-10.264,41.905,17.490
4947,1,-7.322,-4.394,-128.868,0.067,-0.080,0.006,1.431,-0.646,-9.738,10.242,-10.242,42.018,17.408
4948,1,-7.284,-4.437,-128.811,0.067,-0.080,0.006,1.541,-0.718,-9.814,10.200,-10.200,41.974,17.451
4949,1,-7.242,-4.478,-128.757,0.080,-0.075,0.001,1.541,-0.718,-9.814,10.153,-10.153,41.978,17.295
4950,1,-7.191,-4.519,-128.703,0.080,-0.075,0.001,1.503,-0.723,-9.819,10.092,-10.092,41.912,17.361
4951,1,-7.130,-4.554,-128.650,0.120,-0.068,-0.001,1.503,-0.723,-9.819,9.837,-9.837,41.786,17.304
4952,1,-7.061,-4.588,-128.597,0.120,-0.068,-0.001,1.445,-0.646,-9.810,9.746,-9.746,41.685,17.406
4953,1,-6.985,-4.623,-128.545,0.149,-0.064,-0.001,1.445,-0.646,-9.810,9.501,-9.501,41.509,17.460
4954,1,-6.901,-4.661,-128.494,0.149,-0.064,-0.001,1.479,-0.617,-9.790,9.390,-9.390,41.384,17.585
4955,1,-6.817,-4.696,-128.450,0.164,-0.072,0.004,1.479,-0.617,-9.790,9.134,-9.134,41.244,17.969
4956,1,-6.733,-4.734,-128.402,0.164,-0.072,0.004,1.459,-0.569,-9.824,9.023,-9.023,41.118,18.095
4957,1,-6.646,-4.762,-128.348,0.175,-0.058,-0.012,1.459,-0.569,-9.824,9.049,-9.049,41.167,17.620
4958,1,-6.557,-4.788,-128.297,0.175,-0.058,-0.012,1.550,-0.589,-9.833,8.926,-8.926,41.025,17.761
4959,1,-6.485,-4.808,-128.231,0.147,-0.050,-0.039,1.550,-0.589,-9.833,9.311,-9.311,41.497,17.076
4960,1,-6.416,-4.832,-128.167,0.147,-0.050,-0.039,1.675,-0.660,-9.848,9.216,-9.216,41.388,17.186
4961,1,-6.352,-4.856,-128.088,0.144,-0.065,-0.060,1.675,-0.660,-9.848,9.396,-9.396,42.006,16.994
4962,1,-6.285,-4.886,-128.014,0.144,-0.065,-0.060,1.680,-0.598,-9.833,9.307,-9.307,41.904,17.096
4963,1,-6.192,-4.905,-127.925,0.202,-0.055,-0.089,1.680,-0.598,-9.833,9.254,-9.254,42.359,16.366
4964,1,-6.098,-4.924,-127.837,0.202,-0.055,-0.089,1.651,-0.555,-9.795,9.121,-9.121,42.205,16.520
4965,1,-5.998,-4.935,-127.729,0.216,-0.045,-0.127,1.651,-0.555,-9.795,9.373,-9.373,42.816,15.605
4966,1,-5.897,-4.945,-127.621,0.216,-0.045,-0.127,1.560,-0.431,-9.733,9.228,-9.228,42.646,15.775
4967,1,-5.807,-4.950,-127.484,0.211,-0.042,-0.184,1.560,-0.431,-9.733,9.842,-9.842,43.885,14.445
4968,1,-5.715,-4.956,-127.345,0.211,-0.042,-0.184,1.507,-0.234,-9.723,9.707,-9.707,43.727,14.603
4969,1,-5.648,-4.965,-127.180,0.170,-0.059,-0.238,1.507,-0.234,-9.723,10.479,-10.479,45.190,13.627
4970,1,-5.586,-4.976,-127.016,0.170,-0.059,-0.238,1.613,-0.201,-9.800,10.390,-10.390,45.087,13.730
4971,1,-5.536,-4.984,-126.831,0.144,-0.063,-0.273,1.613,-0.201,-9.800,10.891,-10.891,45.943,12.996
4972,1,-5.491,-4.994,-126.649,0.144,-0.063,-0.273,1.641,-0.211,-9.795,10.827,-10.827,45.868,13.071
4973,1,-5.421,-4.992,-126.455,0.187,-0.055,-0.300,1.641,-0.211,-9.795,10.851,-10.851,46.332,12.394
4974,1,-5.353,-4.995,-126.263,0.187,-0.055,-0.300,1.579,-0.196,-9.733,10.751,-10.751,46.214,12.512
4975,1,-5.263,-4.999,-126.057,0.223,-0.069,-0.326,1.579,-0.196,-9.733,10.763,-10.763,46.897,12.224
4976,1,-5.178,-5.006,-125.854,0.223,-0.069,-0.326,1.474,-0.263,-9.690,10.639,-10.639,46.752,12.369
4977,1,-5.081,-5.019,-125.632,0.241,-0.085,-0.359,1.474,-0.263,-9.690,10.821,-10.821,47.642,11.936
4978,1,-4.988,-5.031,-125.411,0.241,-0.085,-0.359,1.340,-0.282,-9.676,10.686,-10.686,47.484,12.094
4979,1,-4.899,-5.056,-125.171,0.232,-0.105,-0.395,1.340,-0.282,-9.676,11.054,-11.054,48.531,11.625
4980,1,-4.811,-5.077,-124.931,0.232,-0.105,-0.395,1.282,-0.364,-9.642,10.929,-10.929,48.385,11.771
4981,1,-4.729,-5.108,-124.678,0.223,-0.117,-0.417,1.282,-0.364,-9.642,11.127,-11.127,48.951,11.539
4982,1,-4.650,-5.136,-124.425,0.223,-0.117,-0.417,1.206,-0.507,-9.637,11.016,-11.016,48.823,11.668
4983,1,-4.558,-5.177,-124.171,0.239,-0.138,-0.419,1.206,-0.507,-9.637,10.833,-10.833,49.031,12.069
4984,1,-4.468,-5.221,-123.916,0.239,-0.138,-0.419,1.153,-0.579,-9.647,10.706,-10.706,48.885,12.214
4985,1,-4.366,-5.268,-123.667,0.254,-0.143,-0.410,1.153,-0.579,-9.647,10.383,-10.383,48.568,12.653
4986,1,-4.268,-5.313,-123.416,0.254,-0.143,-0.410,1.072,-0.589,-9.661,10.244,-10.244,48.409,12.813
4987,1,-4.193,-5.342,-123.167,0.211,-0.111,-0.408,1.072,-0.589,-9.661,10.324,-10.324,47.775,12.533
4988,1,-4.114,-5.371,-122.921,0.211,-0.111,-0.408,1.139,-0.723,-9.700,10.210,-10.210,47.642,12.666
4989,1,-4.054,-5.377,-122.662,0.185,-0.069,-0.427,1.139,-0.723,-9.700,10.489,-10.489,47.425,11.697
4990,1,-3.994,-5.387,-122.401,0.185,-0.069,-0.427,1.177,-0.732,-9.728,10.400,-10.400,47.320,11.801
4991,1,-3.942,-5.377,-122.129,0.170,-0.042,-0.452,1.177,-0.732,-9.728,10.703,-10.703,47.443,10.886
4992,1,-3.889,-5.372,-121.853,0.170,-0.042,-0.452,1.148,-0.665,-9.700,10.623,-10.623,47.349,10.981
4993,1,-3.839,-5.350,-121.569,0.167,-0.017,-0.475,1.148,-0.665,-9.700,10.853,-10.853,47.491,10.139
4994,1,-3.791,-5.330,-121.280,0.167,-0.017,-0.475,1.125,-0.660,-9.618,10.779,-10.779,47.401,10.229
4995,1,-3.751,-5.303,-120.984,0.156,-0.006,-0.496,1.125,-0.660,-9.618,11.039,-11.039,47.703,9.622
4996,1,-3.707,-5.277,-120.689,0.156,-0.006,-0.496,1.081,-0.809,-9.609,10.970,-10.970,47.620,9.705
4997,1,-3.680,-5.259,-120.386,0.135,-0.017,-0.506,1.081,-0.809,-9.609,11.147,-11.147,47.959,9.671
4998,1,-3.647,-5.239,-120.080,0.135,-0.017,-0.506,1.014,-0.847,-9.637,11.096,-11.096,47.898,9.732
4999,1,-3.608,-5.220,-119.771,0.154,-0.015,-0.515,1.014,-0.847,-9.637,11.045,-11.045,48.006,9.563
5000,1,-3.565,-5.203,-119.458,0.154,-0.015,-0.515,0.943,-0.871,-9.652,10.979,-10.979,47.927,9.642
5001,1,-3.503,-5.168,-119.152,0.189,0.020,-0.513,0.943,-0.871,-9.652,10.699,-10.699,47.282,9.282
5002,1,-3.442,-5.134,-118.842,0.189,0.020,-0.513,0.790,-0.904,-9.479,10.602,-10.602,47.166,9.398
5003,1,-3.373,-5.088,-118.526,0.201,0.038,-0.522,0.790,-0.904,-9.479,10.537,-10.537,46.990,9.057
5004,1,-3.301,-5.045,-118.212,0.201,0.038,-0.522,0.608,-1.062,-9.365,10.424,-10.424,46.855,9.192
5005,1,-3.243,-5.017,-117.886,0.175,0.012,-0.535,0.608,-1.062,-9.365,10.628,-10.628,47.448,9.360
5006,1,-3.187,-4.993,-117.556,0.175,0.012,-0.535,0.498,-1.014,-9.422,10.542,-10.542,47.345,9.463
5007,1,-3.155,-4.975,-117.232,0.127,0.003,-0.531,0.498,-1.014,-9.422,10.678,-10.678,47.301,9.751
5008,1,-3.123,-4.958,-116.902,0.127,0.003,-0.531,0.555,-1.010,-9.532,10.628,-10.628,47.241,9.810
5009,1,-3.119,-4.915,-116.595,0.068,0.048,-0.500,0.555,-1.010,-9.532,10.524,-10.524,45.814,9.959
5010,1,-3.117,-4.875,-116.285,0.068,0.048,-0.500,0.617,-1.058,-9.513,10.516,-10.516,45.802,9.971
5011,1,-3.139,-4.803,-115.996,0.019,0.102,-0.469,0.617,-1.058,-9.513,10.398,-10.398,44.277,9.944
5012,1,-3.159,-4.736,-115.704,0.019,0.102,-0.469,0.660,-0.919,-9.446,10.420,-10.420,44.299,9.922
5013,1,-3.172,-4.657,-115.415,0.032,0.119,-0.460,0.660,-0.919,-9.446,10.258,-10.258,43.848,9.886
5014,1,-3.181,-4.580,-115.127,0.032,0.119,-0.460,0.746,-0.766,-9.384,10.262,-10.262,43.848,9.886
5015,1,-3.192,-4.514,-114.854,0.029,0.097,-0.438,0.746,-0.766,-9.384,10.006,-10.006,43.614,10.759
5016,1,-3.205,-4.451,-114.581,0.029,0.097,-0.438,0.756,-0.703,-9.455,10.016,-10.016,43.623,10.750
5017,1,-3.207,-4.399,-114.321,0.040,0.077,-0.415,0.756,-0.703,-9.455,9.675,-9.675,43.345,11.606
5018,1,-3.211,-4.345,-114.058,0.040,0.077,-0.415,0.818,-0.603,-9.494,9.675,-9.675,43.342,11.609
5019,1,-3.196,-4.292,-113.794,0.075,0.080,-0.423,0.818,-0.603,-9.494,9.568,-9.568,43.445,11.415
5020,1,-3.178,-4.236,-113.534,0.075,0.080,-0.423,0.895,-0.598,-9.475,9.535,-9.535,43.403,11.457
5021,1,-3.176,-4.198,-113.264,0.049,0.049,-0.434,0.895,-0.598,-9.475,9.789,-9.789,44.101,11.642
5022,1,-3.177,-4.159,-112.999,0.049,0.049,-0.434,0.919,-0.598,-9.575,9.785,-9.785,44.095,11.648
5023,1,-3.174,-4.151,-112.726,0.056,-0.005,-0.441,0.919,-0.598,-9.575,9.836,-9.836,45.051,12.244
5024,1,-3.170,-4.141,-112.454,0.056,-0.005,-0.441,1.010,-0.651,-9.747,9.828,-9.828,45.041,12.254
5025,1,-3.140,-4.143,-112.182,0.102,-0.020,-0.442,1.010,-0.651,-9.747,9.569,-9.569,45.230,12.491
5026,1,-3.111,-4.140,-111.908,0.102,-0.020,-0.442,0.981,-0.684,-9.814,9.527,-9.527,45.181,12.540
5027,1,-3.074,-4.127,-111.640,0.117,-0.000,-0.446,0.981,-0.684,-9.814,9.451,-9.451,44.933,12.210
5028,1,-3.039,-4.116,-111.367,0.117,-0.000,-0.446,0.895,-0.675,-9.719,9.399,-9.399,44.872,12.271
5029,1,-3.002,-4.089,-111.076,0.123,0.021,-0.479,0.895,-0.675,-9.719,9.729,-9.729,45.327,11.207
5030,1,-2.966,-4.063,-110.785,0.123,0.021,-0.479,0.809,-0.464,-9.637,9.673,-9.673,45.260,11.274
5031,1,-2.935,-4.050,-110.480,0.110,0.000,-0.509,0.809,-0.464,-9.637,10.064,-10.064,46.255,10.887
5032,1,-2.906,-4.035,-110.177,0.110,0.000,-0.509,0.837,-0.464,-9.695,10.021,-10.021,46.205,10.938
5033,1,-2.876,-4.035,-109.866,0.113,-0.030,-0.516,0.837,-0.464,-9.695,10.041,-10.041,46.739,11.256
5034,1,-2.848,-4.033,-109.560,0.113,-0.030,-0.516,0.809,-0.622,-9.800,10.000,-10.000,46.692,11.303
5035,1,-2.820,-4.044,-109.252,0.110,-0.049,-0.516,0.809,-0.622,-9.800,9.978,-9.978,46.921,11.621
5036,1,-2.793,-4.055,-108.944,0.110,-0.049,-0.516,0.727,-0.469,-9.838,9.939,-9.939,46.877,11.666
5037,1,-2.767,-4.049,-108.626,0.107,-0.019,-0.534,0.727,-0.469,-9.838,10.143,-10.143,46.858,10.833
5038,1,-2.740,-4.043,-108.309,0.107,-0.019,-0.534,0.732,-0.335,-9.833,10.103,-10.103,46.812,10.879
5039,1,-2.729,-4.017,-107.991,0.080,0.014,-0.539,0.732,-0.335,-9.833,10.285,-10.285,46.450,10.297
5040,1,-2.718,-3.990,-107.678,0.080,0.014,-0.539,0.737,-0.364,-9.848,10.266,-10.266,46.427,10.320
5041,1,-2.724,-3.965,-107.353,0.047,0.009,-0.551,0.737,-0.364,-9.848,10.584,-10.584,46.803,10.097
5042,1,-2.730,-3.939,-107.036,0.047,0.009,-0.551,0.761,-0.426,-9.958,10.590,-10.590,46.809,10.091
5043,1,-2.746,-3.924,-106.693,0.033,-0.012,-0.588,0.761,-0.426,-9.958,11.146,-11.146,48.053,9.425
5044,1,-2.761,-3.908,-106.352,0.033,-0.012,-0.588,0.770,-0.316,-10.054,11.166,-11.166,48.076,9.402
5045,1,-2.762,-3.891,-105.995,0.064,-0.011,-0.624,0.770,-0.316,-10.054,11.464,-11.464,48.964,8.483
5046,1,-2.760,-3.875,-105.635,0.064,-0.011,-0.624,0.732,-0.220,-10.116,11.459,-11.459,48.959,8.489
3955,1,-4.034,-18.461,144.779,0.288,-0.518,-0.409,-0.603,-4.603,-10.858,12.385,-12.385,57.543,14.392
3956,1,-3.938,-18.757,144.949,0.288,-0.518,-0.409,-1.053,-3.914,-10.738,12.254,-12.254,57.390,14.544
3957,1,-3.807,-18.878,145.121,0.340,-0.218,-0.421,-1.053,-3.914,-10.738,11.887,-11.887,53.085,10.297
3958,1,-3.675,-19.002,145.303,0.340,-0.218,-0.421,-1.397,-3.254,-10.704,11.628,-11.628,52.754,10.629
3959,1,-3.559,-19.002,145.533,0.330,-0.010,-0.485,-1.397,-3.254,-10.704,12.221,-12.221,51.037,6.379
3960,1,-3.434,-18.999,145.775,0.330,-0.010,-0.485,-1.531,-3.240,-10.695,11.948,-11.948,50.680,6.736
3961,1,-3.343,-18.959,146.058,0.285,0.050,-0.540,-1.531,-3.240,-10.695,12.655,-12.655,50.938,4.775
3962,1,-3.246,-18.917,146.355,0.285,0.050,-0.540,-1.565,-3.182,-10.527,12.436,-12.436,50.649,5.063
3963,1,-3.169,-18.859,146.697,0.273,0.071,-0.595,-1.565,-3.182,-10.527,13.011,-13.011,51.491,3.613
3964,1,-3.087,-18.800,147.052,0.273,0.071,-0.595,-1.311,-2.751,-10.269,12.820,-12.820,51.239,3.865
3965,1,-3.027,-18.714,147.455,0.245,0.114,-0.660,-1.311,-2.751,-10.269,13.624,-13.624,52.059,1.827
3966,1,-2.969,-18.627,147.869,0.245,0.114,-0.660,-0.900,-2.297,-9.963,13.482,-13.482,51.870,2.017
3967,1,-2.959,-18.498,148.281,0.157,0.180,-0.656,-0.900,-2.297,-9.963,13.824,-13.824,50.753,1.247
3968,1,-2.946,-18.368,148.702,0.157,0.180,-0.656,-0.522,-2.311,-9.628,13.771,-13.771,50.679,1.321
3969,1,-2.901,-18.176,149.066,0.184,0.291,-0.574,-0.522,-2.311,-9.628,12.474,-12.474,46.863,1.971
3970,1,-2.855,-17.983,149.438,0.184,0.291,-0.574,-0.278,-2.316,-9.321,12.342,-12.342,46.682,2.151
3971,1,-2.625,-17.753,149.746,0.480,0.358,-0.473,-0.278,-2.316,-9.321,9.070,-9.070,42.500,4.416
3972,1,-2.394,-17.527,150.057,0.480,0.358,-0.473,-0.053,-2.139,-8.934,8.547,-8.547,41.814,5.102
3973,1,-1.915,-17.349,150.341,0.905,0.276,-0.418,-0.053,-2.139,-8.934,4.703,-4.703,40.264,8.996
3974,1,-1.439,-17.174,150.623,0.905,0.276,-0.418,0.120,-2.077,-8.422,3.691,-3.691,38.950,10.310
3975,1,-0.766,-17.094,150.903,1.257,0.119,-0.405,0.120,-2.077,-8.422,0.368,-0.368,39.048,14.686
3976,1,-0.099,-17.012,151.182,1.257,0.119,-0.405,0.220,-1.823,-7.800,-1.021,1.021,37.251,16.483
3977,1,0.652,-17.032,151.470,1.418,-0.054,-0.426,0.220,-1.823,-7.800,-3.116,3.116,38.251,20.444
3978,1,1.391,-17.057,151.754,1.418,-0.054,-0.426,0.000,-1.469,-7.474,-4.652,4.652,36.264,22.432
3979,1,2.146,-17.115,152.035,1.449,-0.111,-0.431,0.000,-1.469,-7.474,-6.313,6.313,35.167,25.141
3980,1,2.893,-17.172,152.316,1.449,-0.111,-0.431,-0.057,-1.570,-7.178,-7.872,7.872,33.149,27.159
3981,1,3.624,-17.158,152.594,1.429,0.021,-0.440,-0.057,-1.570,-7.178,-9.178,9.178,29.518,27.016
3982,1,4.345,-17.147,152.870,1.429,0.021,-0.440,-0.187,-1.512,-6.991,-10.665,10.665,27.595,28.939
3983,1,4.986,-17.030,153.133,1.287,0.208,-0.420,-0.187,-1.512,-6.991,-11.498,11.498,22.770,28.438
3984,1,5.622,-16.915,153.389,1.287,0.208,-0.420,-0.502,-1.526,-7.206,-12.762,12.762,21.148,30.059
3985,1,6.231,-16.715,153.657,1.248,0.362,-0.420,-0.502,-1.526,-7.206,-13.738,13.738,17.455,29.339
3986,1,6.841,-16.519,153.927,1.248,0.362,-0.420,-0.828,-1.775,-7.628,-14.890,14.890,15.992,30.803
3987,1,7.504,-16.297,154.216,1.356,0.413,-0.439,-0.828,-1.775,-7.628,-16.417,16.417,14.187,31.147
3988,1,8.168,-16.082,154.506,1.356,0.413,-0.439,-1.053,-2.110,-8.173,-17.632,17.632,12.655,32.679
3989,1,8.899,-15.963,154.792,1.478,0.252,-0.448,-1.053,-2.110,-8.173,-19.490,19.490,13.453,36.476
3990,1,9.630,-15.844,155.077,1.478,0.252,-0.448,-1.192,-2.105,-8.656,-20.846,20.846,11.737,38.193
3991,1,10.325,-15.866,155.319,1.398,0.012,-0.415,-1.192,-2.105,-8.656,-22.209,22.209,12.624,44.184
3992,1,11.020,-15.892,155.561,1.398,0.012,-0.415,-1.134,-2.345,-8.781,-23.554,23.554,10.903,45.905
3993,1,11.515,-16.030,155.738,1.019,-0.202,-0.357,-1.134,-2.345,-8.781,-23.427,23.427,11.157,51.769
3994,1,12.003,-16.171,155.915,1.019,-0.202,-0.357,-1.067,-2.680,-8.905,-24.450,24.450,9.825,53.101
3995,1,12.259,-16.362,156.035,0.578,-0.306,-0.278,-1.067,-2.680,-8.905,-23.847,23.847,8.506,57.372
3996,1,12.514,-16.554,156.151,0.578,-0.306,-0.278,-1.091,-3.015,-9.058,-24.468,24.468,7.675,58.203
3997,1,12.578,-16.727,156.181,0.199,-0.303,-0.115,-1.091,-3.015,-9.058,-24.852,24.852,3.211,62.575
3998,1,12.640,-16.900,156.214,0.199,-0.303,-0.115,-1.206,-3.206,-9.403,-25.095,25.095,2.866,62.921
3999,1,12.525,-17.003,156.176,-0.156,-0.206,0.034,-1.206,-3.206,-9.403,-25.037,25.037,-2.077,65.094
4000,1,12.410,-17.107,156.141,-0.156,-0.206,0.034,-1.421,-3.369,-9.819,-24.886,24.886,-1.904,64.921
4001,1,12.085,-17.148,156.083,-0.536,-0.101,0.092,-1.421,-3.369,-9.819,-23.100,23.100,-4.066,64.100
4002,1,11.763,-17.189,156.028,-0.536,-0.101,0.092,-1.421,-3.369,-9.819,-22.498,22.498,-3.301,63.336
4003,1,11.384,-17.231,155.972,-0.536,-0.101,0.092,-1.493,-3.326,-10.044,-21.780,21.780,-2.386,62.420
4004,1,10.942,-17.271,155.920,-0.761,-0.096,0.100,-1.493,-3.326,-10.044,-19.915,19.915,-1.592,61.474
4005,1,10.480,-17.317,155.866,-0.761,-0.096,0.100,-1.775,-3.216,-10.240,-19.025,19.025,-0.454,60.336
4006,1,9.999,-17.370,155.804,-0.862,-0.119,0.138,-1.775,-3.216,-10.240,-18.070,18.070,0.110,60.442
4007,1,9.580,-17.382,155.752,-0.862,-0.119,0.138,-2.326,-3.326,-10.733,-17.235,17.235,1.183,59.368
4008,1,9.226,-17.364,155.698,-0.657,0.005,0.167,-2.326,-3.326,-10.733,-17.896,17.896,-0.383,57.373
4009,1,9.019,-17.325,155.669,-0.657,0.005,0.167,-2.637,-2.967,-11.011,-17.457,17.457,0.189,56.802
4010,1,8.959,-17.264,155.664,-0.137,0.082,0.115,-2.637,-2.967,-11.011,-19.250,19.250,0.605,54.194
4011,1,9.024,-17.251,155.669,-0.137,0.082,0.115,-2.531,-2.713,-11.006,-19.374,19.374,0.447,54.352
4012,1,9.215,-17.289,155.683,0.298,-0.089,0.074,-2.531,-2.713,-11.006,-21.438,21.438,3.408,56.291
4013,1,9.546,-17.375,155.686,0.298,-0.089,0.074,-2.393,-3.101,-10.566,-22.151,22.151,2.476,57.223
4014,1,10.008,-17.514,155.670,0.756,-0.280,0.103,-2.393,-3.101,-10.566,-25.824,25.824,3.132,62.016
4015,1,10.603,-17.642,155.624,0.756,-0.280,0.103,-2.775,-3.110,-10.231,-27.099,27.099,1.467,63.680
4016,1,11.329,-17.757,155.542,1.188,-0.264,0.213,-2.775,-3.110,-10.231,-32.158,32.158,-3.497,68.188
4017,1,12.174,-17.829,155.458,1.188,-0.264,0.213,-3.646,-3.177,-10.255,-33.891,33.891,-5.744,70.435
4018,1,13.139,-17.862,155.366,1.601,-0.133,0.240,-3.646,-3.177,-10.255,-38.222,38.222,-10.776,71.723
4019,1,14.156,-17.881,155.316,1.601,-0.133,0.240,-4.168,-2.641,-10.379,-39.920,39.920,-13.356,74.303
4020,1,15.231,-17.877,155.300,1.843,-0.048,0.113,-4.168,-2.641,-10.379,-40.875,40.875,-14.065,72.578
4021,1,16.199,-17.873,155.334,1.843,-0.048,0.113,-4.187,-1.952,-10.202,-42.055,42.055,-16.425,74.937
4022,1,17.069,-17.869,155.412,1.544,-0.010,-0.042,-4.187,-1.952,-10.202,-39.672,39.672,-15.199,72.616
4023,1,17.718,-17.836,155.507,1.544,-0.010,-0.042,-3.943,-1.503,-10.087,-40.417,40.417,-16.690,74.107
4024,1,18.145,-17.771,155.616,0.791,0.092,-0.061,-3.943,-1.503,-10.087,-36.870,36.870,-18.562,73.087
4025,1,18.331,-17.677,155.709,0.791,0.092,-0.061,-3.531,-1.445,-9.685,-37.014,37.014,-18.850,73.376
4026,1,18.274,-17.547,155.788,-0.074,0.177,0.017,-3.531,-1.445,-9.685,-33.495,33.495,-21.679,73.770
4027,1,18.093,-17.425,155.860,-0.074,0.177,0.017,-2.986,-1.378,-9.259,-33.191,33.191,-21.072,73.163
4028,1,17.786,-17.299,155.920,-0.525,0.154,0.033,-2.986,-1.378,-9.259,-30.681,30.681,-20.249,72.979
4029,1,17.390,-17.204,155.970,-0.525,0.154,0.033,-2.249,-1.369,-8.637,-30.150,30.150,-19.187,71.916
4030,1,16.907,-17.138,156.001,-0.855,0.046,0.044,-2.249,-1.369,-8.637,-28.018,28.018,-16.674,72.508
4031,1,16.363,-17.079,156.015,-0.855,0.046,0.044,-1.627,-1.335,-8.274,-27.337,27.337,-15.310,71.144
4032,1,15.759,-17.037,156.007,-1.082,-0.012,0.096,-1.627,-1.335,-8.274,-26.109,26.109,-14.302,71.779
4033,1,15.147,-16.994,155.941,-1.082,-0.012,0.096,-1.062,-1.603,-7.862,-25.350,25.350,-12.783,70.261
4034,1,14.519,-16.965,155.817,-1.186,-0.081,0.270,-1.062,-1.603,-7.862,-26.228,26.228,-14.585,74.041
4035,1,13.882,-16.932,155.599,-1.186,-0.081,0.270,-0.914,-2.067,-7.532,-25.382,25.382,-12.998,72.454
4036,1,13.232,-16.908,155.295,-1.311,-0.147,0.564,-0.914,-2.067,-7.532,-27.168,27.168,-17.787,79.130
4037,1,12.482,-16.851,154.914,-1.311,-0.147,0.564,-1.187,-2.326,-7.326,-25.685,25.685,-15.876,77.219
4038,1,11.629,-16.767,154.457,-1.757,-0.085,0.848,-1.187,-2.326,-7.326,-25.304,25.304,-21.663,81.240
4039,1,10.573,-16.680,154.001,-1.757,-0.085,0.848,-1.455,-2.125,-7.273,-23.190,23.190,-18.937,78.515
4040,1,9.325,-16.584,153.544,-2.468,-0.026,0.863,-1.455,-2.125,-7.273,-17.311,17.311,-16.930,74.803
4041,1,7.968,-16.507,153.170,-2.468,-0.026,0.863,-1.426,-2.177,-7.403,-14.584,14.584,-13.418,71.291
4042,1,6.506,-16.442,152.876,-2.785,-0.000,0.600,-1.426,-2.177,-7.403,-6.767,6.767,-3.411,60.554
4043,1,5.078,-16.418,152.650,-2.785,-0.000,0.600,-0.828,-2.680,-7.522,-3.888,3.888,0.294,56.849
4044,1,3.690,-16.432,152.481,-2.617,-0.081,0.357,-0.828,-2.680,-7.522,1.115,-1.115,11.130,48.326
4045,1,2.351,-16.473,152.335,-2.617,-0.081,0.357,-0.201,-2.780,-7.412,3.829,-3.829,14.624,44.833
4046,1,1.073,-16.537,152.209,-2.409,-0.138,0.261,-0.201,-2.780,-7.412,6.587,-6.587,21.196,39.903
4047,1,-0.170,-16.637,152.089,-2.409,-0.138,0.261,0.316,-2.790,-7.364,9.130,-9.130,24.475,36.624
4048,1,-1.371,-16.768,151.971,-2.266,-0.235,0.235,0.316,-2.790,-7.364,11.208,-11.208,29.692,34.177
4049,1,-2.467,-16.945,151.863,-2.266,-0.235,0.235,0.761,-2.967,-7.345,13.489,-13.489,32.644,31.225
4050,1,-3.462,-17.160,151.766,-1.890,-0.369,0.214,0.761,-2.967,-7.345,13.973,-13.973,37.799,29.874
4051,1,-4.286,-17.390,151.664,-1.890,-0.369,0.214,1.340,-3.354,-7.632,15.737,-15.737,40.097,27.577
4052,1,-4.948,-17.625,151.554,-1.299,-0.389,0.221,1.340,-3.354,-7.632,14.147,-14.147,42.115,26.137
4053,1,-5.481,-17.853,151.403,-1.299,-0.389,0.221,1.771,-3.795,-8.178,15.336,-15.336,43.674,24.578
4054,1,-5.885,-18.076,151.210,-0.865,-0.336,0.315,1.771,-3.795,-8.178,12.911,-12.911,41.768,24.963
4055,1,-6.295,-18.306,150.965,-0.865,-0.336,0.315,1.938,-4.187,-8.455,13.863,-13.863,43.025,23.705
4056,1,-6.705,-18.551,150.676,-0.897,-0.348,0.451,1.938,-4.187,-8.455,13.302,-13.302,41.111,25.985
4057,1,-7.133,-18.826,150.388,-0.897,-0.348,0.451,1.771,-4.551,-8.714,14.335,-14.335,42.485,24.611
4058,1,-7.588,-19.132,150.104,-0.952,-0.446,0.445,1.771,-4.551,-8.714,15.795,-15.795,45.508,24.388
4059,1,-8.016,-19.448,149.859,-0.952,-0.446,0.445,1.632,-4.517,-8.728,16.876,-16.876,46.956,22.940
4060,1,-8.425,-19.775,149.657,-0.826,-0.489,0.314,1.632,-4.517,-8.728,18.943,-18.943,52.269,18.844
4061,1,-8.842,-20.088,149.505,-0.826,-0.489,0.314,1.967,-4.273,-8.809,20.030,-20.030,53.732,17.381
4062,1,-9.266,-20.392,149.399,-0.788,-0.474,0.149,1.967,-4.273,-8.809,23.017,-23.017,59.142,11.545
4063,1,-9.683,-20.660,149.311,-0.788,-0.474,0.149,1.928,-4.479,-9.030,24.106,-24.106,60.607,10.080
4064,1,-10.095,-20.889,149.236,-0.737,-0.357,0.068,1.928,-4.479,-9.030,25.922,-25.922,62.382,4.957
4065,1,-10.488,-21.094,149.144,-0.737,-0.357,0.068,2.120,-4.560,-9.183,26.934,-26.934,63.741,3.598
4066,1,-10.868,-21.275,149.042,-0.695,-0.267,0.086,2.120,-4.560,-9.183,27.464,-27.464,63.313,1.469
4067,1,-11.249,-21.419,148.931,-0.695,-0.267,0.086,1.924,-4.445,-9.350,28.415,-28.415,64.586,0.196
4068,1,-11.628,-21.526,148.818,-0.697,-0.138,0.084,1.924,-4.445,-9.350,29.373,-29.373,64.026,-2.927
4069,1,-11.948,-21.585,148.716,-0.697,-0.138,0.084,1.632,-4.737,-9.939,30.123,-30.123,65.022,-3.923
4070,1,-12.210,-21.593,148.621,-0.495,0.027,0.034,1.632,-4.737,-9.939,30.325,-30.325,64.683,-8.301
4071,1,-12.422,-21.610,148.566,-0.495,0.027,0.034,1.646,-4.455,-10.245,30.801,-30.801,65.312,-8.930
4072,1,-12.590,-21.630,148.549,-0.292,-0.017,-0.068,1.646,-4.455,-10.245,31.446,-31.446,69.000,-11.370
4073,1,-12.791,-21.699,148.563,-0.292,-0.017,-0.068,1.689,-4.613,-10.283,31.886,-31.886,69.669,-12.039
4074,1,-13.030,-21.822,148.616,-0.375,-0.215,-0.134,1.689,-4.613,-10.283,33.552,-33.552,74.999,-11.708
4075,1,-13.266,-21.934,148.658,-0.375,-0.215,-0.134,1.517,-4.977,-10.006,33.967,-33.967,75.829,-12.538
4080,1,-13.742,-22.201,148.757,0.124,-0.006,-0.077,0.775,-4.685,-9.934,31.625,-31.625,73.148,-15.822
4081,1,-13.533,-22.220,148.840,0.124,-0.006,-0.077,0.488,-4.723,-9.733,31.339,-31.339,72.577,-15.251
4084,1,-12.250,-22.316,149.399,1.011,-0.112,-0.355,0.445,-4.555,-9.317,28.355,-28.355,77.435,-17.097
4085,1,-11.697,-22.346,149.684,1.011,-0.112,-0.355,0.493,-4.139,-8.910,27.141,-27.141,75.840,-15.502
4086,1,-11.120,-22.364,150.004,1.141,-0.096,-0.454,0.493,-4.139,-8.910,26.443,-26.443,76.393,-16.511
4087,1,-10.587,-22.344,150.317,1.141,-0.096,-0.454,0.512,-3.364,-8.695,25.215,-25.215,74.768,-14.886
4088,1,-10.099,-22.282,150.627,0.981,0.049,-0.453,0.512,-3.364,-8.695,24.838,-24.838,71.126,-15.383
4091,1,-9.165,-21.588,151.369,0.618,0.373,-0.395,0.450,-2.818,-8.786,23.326,-23.326,61.519,-15.029
4097,1,-6.464,-19.506,152.794,1.256,0.504,-0.424,0.148,-2.804,-8.943,13.357,-13.357,50.750,-8.003
4100,1,-2.757,-19.169,153.915,2.637,0.040,-0.574,0.397,-2.766,-8.546,0.083,-0.083,50.312,5.674
4101,1,-1.244,-19.196,154.295,2.637,0.040,-0.574,0.603,-2.555,-8.087,-3.254,3.254,45.948,10.039
4104,1,3.727,-19.533,155.145,3.148,-0.219,-0.366,0.431,-2.680,-7.819,-19.471,19.471,29.974,33.439
4105,1,5.334,-19.649,155.281,3.148,-0.219,-0.366,-0.081,-2.617,-7.350,-23.066,23.066,25.257,38.156
4106,1,6.865,-19.744,155.345,2.826,-0.153,-0.190,-0.081,-2.617,-7.350,-27.082,27.082,15.415,46.111
4107,1,8.293,-19.819,155.395,2.826,-0.153,-0.190,-0.766,-2.790,-7.053,-30.241,30.241,11.272,50.253
4108,1,9.630,-19.879,155.430,2.502,-0.092,-0.176,-0.766,-2.790,-7.053,-31.725,31.725,6.205,53.556
4112,1,14.892,-19.971,155.765,2.528,0.054,-0.279,-1.325,-2.656,-7.264,-40.416,40.416,-7.757,63.348
4113,1,16.111,-19.935,155.825,2.528,0.054,-0.279,-1.713,-2.814,-7.618,-41.976,41.976,-10.877,66.468
4117,1,19.290,-19.536,155.710,1.325,0.200,0.082,-2.723,-3.378,-8.274,-42.651,42.651,-26.340,77.761
4122,1,19.716,-19.435,155.936,0.182,0.040,-0.284,-2.675,-3.972,-9.044,-32.355,32.355,-14.896,70.883
4123,1,19.700,-19.487,156.074,0.182,0.040,-0.284,-2.302,-3.780,-9.302,-32.355,32.355,-14.896,70.883
4124,1,19.669,-19.552,156.210,0.114,-0.002,-0.274,-2.302,-3.780,-9.302,-32.148,32.148,-14.554,71.758
4125,1,19.576,-19.582,156.304,0.114,-0.002,-0.274,-2.321,-3.417,-9.580,-32.148,32.148,-14.554,71.758
4126,1,19.426,-19.579,156.357,-0.154,0.051,-0.085,-2.321,-3.417,-9.580,-33.162,33.162,-20.029,75.710
4127,1,19.228,-19.532,156.371,-0.154,0.051,-0.085,-2.680,-3.106,-9.886,-33.162,33.162,-20.029,75.710
4128,1,18.981,-19.437,156.347,-0.382,0.151,0.097,-2.680,-3.106,-9.886,-34.300,34.300,-26.013,78.834
4129,1,18.768,-19.329,156.302,-0.382,0.151,0.097,-3.340,-2.799,-10.159,-34.300,34.300,-26.013,78.834
4130,1,18.593,-19.212,156.233,-0.304,0.153,0.196,-3.340,-2.799,-10.159,-35.932,35.932,-28.520,81.280
4131,1,18.533,-19.099,156.162,-0.304,0.153,0.196,-3.598,-2.527,-10.365,-35.932,35.932,-28.520,81.280
4132,1,18.587,-18.988,156.092,0.077,0.125,0.211,-3.598,-2.527,-10.365,-38.020,38.020,-28.482,82.064
4133,1,18.714,-18.906,156.014,0.077,0.125,0.211,-3.235,-1.986,-10.178,-38.020,38.020,-28.482,82.064
4134,1,18.913,-18.854,155.925,0.317,0.005,0.211,-3.235,-1.986,-10.178,-39.224,39.224,-26.778,83.768
4135,1,19.072,-18.801,155.780,0.317,0.005,0.211,-2.976,-2.000,-9.747,-39.224,39.224,-26.778,83.768
4136,1,19.185,-18.750,155.578,0.101,-0.076,0.398,-2.976,-2.000,-9.747,-40.486,40.486,-30.308,89.612
4137,1,19.267,-18.608,155.305,0.101,-0.076,0.398,-3.244,-2.388,-9.967,-40.486,40.486,-30.308,89.612
4138,1,19.308,-18.374,154.972,-0.095,0.148,0.705,-3.244,-2.388,-9.967,-43.341,43.341,-41.174,94.086
4139,1,19.412,-18.038,154.614,-0.095,0.148,0.705,-4.278,-2.230,-10.551,-43.341,43.341,-41.174,94.086
4140,1,19.570,-17.596,154.243,0.087,0.469,0.887,-4.278,-2.230,-10.551,-46.529,46.529,-50.309,94.060
4141,1,19.814,-17.135,153.925,0.087,0.469,0.887,-5.120,-1.436,-11.121,-46.529,46.529,-50.309,94.060
4142,1,20.135,-16.661,153.675,0.432,0.578,0.732,-5.120,-1.436,-11.121,-46.310,46.310,-47.988,88.604
4143,1,20.463,-16.237,153.527,0.432,0.578,0.732,-5.240,-0.766,-11.456,-46.310,46.310,-47.988,88.604
4146,1,21.218,-15.344,153.605,0.332,0.346,0.042,-4.838,-0.933,-11.446,-37.181,37.181,-27.413,74.664
4147,1,21.298,-15.173,153.713,0.332,0.346,0.042,-4.350,-0.785,-11.082,-37.181,37.181,-27.413,74.664
4148,1,21.290,-15.049,153.828,0.027,0.179,-0.058,-4.350,-0.785,-11.082,-34.398,34.398,-22.515,74.545
4149,1,21.267,-14.930,153.935,0.027,0.179,-0.058,-3.847,-0.531,-10.685,-34.279,34.279,-22.276,74.306
4150,1,21.225,-14.817,154.030,-0.037,0.154,-0.047,-3.847,-0.531,-10.685,-33.959,33.959,-21.926,74.655
4151,1,21.177,-14.705,154.103,-0.037,0.154,-0.047,-3.211,-0.479,-10.484,-33.820,33.820,-21.649,74.379
4152,1,21.127,-14.597,154.152,-0.068,0.108,0.009,-3.211,-0.479,-10.484,-34.222,34.222,-22.092,76.161
4153,1,21.057,-14.528,154.139,-0.068,0.108,0.009,-2.641,-0.928,-10.240,-34.096,34.096,-21.840,75.909
4154,1,20.964,-14.498,154.058,-0.187,-0.094,0.157,-2.641,-0.928,-10.240,-35.232,35.232,-22.429,82.250
4155,1,20.866,-14.522,153.895,-0.187,-0.094,0.157,-2.249,-1.531,-9.637,-35.151,35.151,-22.266,82.087
4156,1,20.761,-14.597,153.636,-0.277,-0.376,0.370,-2.249,-1.531,-9.637,-37.318,37.318,-23.462,91.349
4157,1,20.659,-14.708,153.304,-0.277,-0.376,0.370,-2.067,-2.105,-8.757,-37.300,37.300,-23.426,91.312
4158,1,20.556,-14.858,152.898,-0.333,-0.566,0.554,-2.067,-2.105,-8.757,-39.331,39.331,-25.343,98.648
4159,1,20.468,-15.027,152.456,-0.333,-0.566,0.554,-2.062,-2.493,-7.862,-39.371,39.371,-25.424,98.728
4160,1,20.400,-15.219,151.972,-0.310,-0.666,0.632,-2.062,-2.493,-7.862,-40.538,40.538,-26.094,102.260
4161,1,20.348,-15.413,151.488,-0.310,-0.666,0.632,-2.263,-2.479,-7.297,-40.635,40.635,-26.288,102.454
4162,1,20.324,-15.612,150.998,-0.239,-0.665,0.630,-2.263,-2.479,-7.297,-41.096,41.096,-26.511,102.646
4163,1,20.298,-15.811,150.503,-0.239,-0.665,0.630,-2.263,-2.431,-7.072,-41.226,41.226,-26.771,102.906
4164,1,20.255,-15.936,150.071,-0.243,-0.494,0.576,-2.445,-2.431,-7.072,-40.592,40.592,-27.981,99.246
4165,1,20.218,-16.059,149.635,-0.243,-0.494,0.576,-2.445,-2.378,-7.326,-40.650,40.650,-28.096,99.361
4166,1,20.060,-16.057,149.315,-0.394,-0.209,0.474,-2.541,-2.378,-7.326,-38.443,38.443,-29.273,92.381
4167,1,19.905,-16.055,148.993,-0.394,-0.209,0.474,-2.541,-2.536,-7.494,-38.274,38.274,-28.936,92.044
4168,1,19.571,-16.002,148.764,-0.668,-0.064,0.356,-2.460,-2.536,-7.494,-35.022,35.022,-27.238,86.207
4169,1,19.237,-15.953,148.533,-0.668,-0.064,0.356,-2.460,-2.608,-7.666,-34.620,34.620,-26.434,85.403
4170,1,18.684,-15.940,148.365,-1.024,-0.075,0.231,-2.278,-2.608,-7.666,-30.666,30.666,-21.933,81.206
4171,1,18.131,-15.927,148.196,-1.024,-0.075,0.231,-2.278,-2.957,-7.838,-30.044,30.044,-20.689,79.962
4172,1,17.422,-15.968,148.064,-1.288,-0.129,0.137,-1.957,-2.957,-7.838,-26.788,26.788,-16.042,76.867
4173,1,16.709,-16.010,147.932,-1.288,-0.129,0.137,-1.957,-3.039,-7.862,-26.009,26.009,-14.484,75.309
4174,1,15.934,-16.116,147.805,-1.404,-0.222,0.088,-1.565,-3.039,-7.862,-23.998,23.998,-10.299,73.773
4175,1,15.156,-16.225,147.679,-1.404,-0.222,0.088,-1.565,-3.421,-7.986,-23.164,23.164,-8.631,72.104
4176,1,14.408,-16.410,147.538,-1.365,-0.348,0.079,-1.388,-3.421,-7.986,-22.472,22.472,-5.043,72.139
4177,1,13.658,-16.600,147.396,-1.365,-0.348,0.079,-1.388,-4.058,-7.939,-21.426,21.426,-3.473,70.568
4178,1,13.014,-16.828,147.246,-1.184,-0.411,0.071,-1.196,-4.058,-7.939,-21.179,21.179,-1.083,69.974
4179,1,12.369,-17.065,147.094,-1.184,-0.411,0.071,-1.196,-4.733,-8.025,-20.104,20.104,0.248,68.644
4180,1,11.880,-17.328,146.962,-0.898,-0.443,0.021,-1.091,-4.733,-8.025,-20.134,20.134,2.898,66.906
4181,1,11.391,-17.597,146.824,-0.898,-0.443,0.021,-1.091,-4.393,-8.163,-19.348,19.348,3.861,65.943
4182,1,10.984,-17.863,146.698,-0.745,-0.423,-0.004,-1.215,-4.393,-8.163,-19.156,19.156,4.990,64.236
4183,1,10.574,-18.131,146.570,-0.745,-0.423,-0.004,-1.215,-4.393,-8.580,-18.500,18.500,5.793,63.433
4184,1,10.167,-18.335,146.518,-0.705,-0.296,-0.100,-1.407,-4.024,-8.580,-16.796,16.796,7.256,58.348
4185,1,9.760,-18.540,146.470,-0.705,-0.296,-0.100,-1.407,-4.024,-9.106,-16.080,16.080,8.152,57.452
4186,1,9.315,-18.658,146.513,-0.728,-0.121,-0.213,-1.665,-3.905,-9.106,-13.703,13.703,9.571,51.042
4187,1,8.869,-18.774,146.560,-0.728,-0.121,-0.213,-1.665,-3.905,-9.747,-12.833,12.833,10.685,49.928
4188,1,8.517,-18.830,146.659,-0.546,-0.009,-0.277,-1.838,-3.981,-9.747,-12.227,12.227,11.589,45.798
4189,1,8.162,-18.882,146.763,-0.546,-0.009,-0.277,-1.838,-3.981,-10.221,-11.505,11.505,12.522,44.864
4190,1,7.888,-18.962,146.838,-0.434,-0.068,-0.224,-1.904,-4.015,-10.221,-12.194,12.194,12.738,46.353
4191,1,7.616,-19.042,146.924,-0.434,-0.068,-0.224,-1.904,-4.015,-10.422,-11.652,11.652,13.435,45.656
4192,1,7.350,-19.193,146.994,-0.444,-0.207,-0.196,-2.010,-3.665,-10.422,-11.447,11.447,15.353,47.694
4193,1,7.084,-19.341,147.079,-0.444,-0.207,-0.196,-2.010,-3.665,-10.111,-10.941,10.941,15.997,47.051
4194,1,6.773,-19.576,147.185,-0.515,-0.361,-0.235,-1.833,-3.522,-10.111,-9.528,9.528,19.908,47.552
4195,1,6.466,-19.806,147.300,-0.515,-0.361,-0.235,-1.833,-3.522,-9.771,-8.955,8.955,20.636,46.825
4196,1,6.151,-20.092,147.349,-0.568,-0.474,-0.133,-1.900,-4.072,-9.771,-9.391,9.391,20.420,50.267
4197,1,5.842,-20.374,147.401,-0.568,-0.474,-0.133,-1.900,-4.072,-9.417,-8.813,8.813,21.154,49.533
