packet_timestamp,statemachine,angle_roll,angle_pitch,angle_yaw,gyro_x,gyro_y,gyro_z,acc_x,acc_y,acc_z,rudder1,rudder2,rudder3,rudder4
1093,1,2.539,-31.584,-77.681,0.684,0.033,-0.037,-0.373,-4.972,-8.360,-7.464,7.464,23.404,32.795
1094,1,3.007,-31.527,-77.678,0.864,0.099,-0.003,-0.541,-4.972,-8.360,-9.611,9.611,20.586,33.726
1095,1,3.474,-31.468,-77.679,0.864,0.099,-0.003,-0.541,-4.972,-8.374,-10.427,10.427,19.573,34.739
1096,1,4.000,-31.388,-77.729,0.921,0.136,0.079,-0.679,-4.972,-8.374,-12.653,12.653,15.858,37.389
1097,1,4.528,-31.305,-77.784,0.921,0.136,0.079,-0.679,-4.972,-8.321,-13.563,13.563,14.732,38.516
1098,1,5.070,-31.236,-77.904,0.888,0.103,0.181,-0.842,-5.010,-8.321,-15.607,15.607,11.494,42.696
1099,1,5.612,-31.168,-78.026,0.888,0.103,0.181,-0.842,-5.010,-8.202,-16.534,16.534,10.349,43.842
1100,1,6.164,-31.122,-78.192,0.861,0.054,0.250,-1.019,-4.938,-8.202,-18.205,18.205,8.150,47.441
1101,1,6.713,-31.077,-78.361,0.861,0.054,0.250,-1.019,-4.938,-8.226,-19.143,19.143,6.991,48.599
1102,1,7.315,-31.030,-78.521,0.952,0.051,0.239,-1.053,-4.996,-8.226,-20.476,20.476,6.070,49.612
1103,1,7.802,-30.872,-78.642,0.952,0.051,0.239,-1.053,-4.996,-8.226,-21.254,21.254,5.126,50.556
1104,1,8.419,-30.819,-78.754,1.044,0.059,0.181,-1.129,-5.106,-8.240,-22.026,22.026,5.188,50.281
1105,1,9.048,-30.770,-78.874,1.044,0.059,0.181,-1.129,-5.106,-8.240,-23.074,23.074,3.900,51.569
1106,1,9.604,-30.750,-78.949,0.943,0.047,0.115,-1.335,-5.096,-8.168,-22.672,22.672,4.575,51.229
1107,1,10.153,-30.716,-79.030,0.943,0.047,0.115,-1.335,-5.096,-8.168,-23.581,23.581,3.460,52.343
1108,1,10.572,-30.739,-79.085,0.706,0.047,0.065,-1.742,-5.048,-8.006,-22.487,22.487,3.828,51.976
1109,1,10.969,-30.740,-79.134,0.706,-0.009,0.065,-1.742,-5.048,-8.006,-23.152,23.152,3.800,53.586
1110,1,11.230,-30.802,-79.174,0.437,-0.009,0.026,-2.038,-4.996,-8.073,-21.781,21.781,4.196,53.190
1111,1,11.471,-30.841,-79.213,0.437,-0.071,0.026,-2.038,-4.996,-8.073,-22.204,22.204,4.565,54.617
1112,1,11.561,-30.922,-79.255,0.437,-0.071,0.011,-2.134,-4.867,-8.202,-22.210,22.210,4.686,54.496
1113,1,11.616,-30.963,-79.289,0.109,-0.074,0.011,-2.134,-4.867,-8.202,-20.685,20.685,4.566,54.677
1114,1,11.467,-31.055,-79.301,0.109,-0.074,-0.011,-2.086,-4.867,-8.355,-20.218,20.218,5.329,53.914
1115,1,11.274,-31.086,-79.324,-0.323,-0.056,-0.011,-2.086,-4.867,-8.355,-17.752,17.752,5.460,53.296
1116,1,10.968,-31.072,-79.359,-0.323,-0.056,-0.011,-1.938,-4.914,-8.455,-17.230,17.230,6.107,52.649
1117,1,10.409,-31.118,-79.374,-0.964,-0.081,-0.034,-1.938,-4.914,-8.455,-12.808,12.808,8.175,51.281
1118,1,9.599,-31.190,-79.382,-0.964,-0.081,-0.034,-1.565,-4.843,-8.685,-11.465,11.465,9.824,49.632
1119,1,8.538,-31.283,-79.383,-1.841,-0.163,-0.076,-1.565,-4.843,-8.685,-4.783,4.783,14.224,47.575
1120,1,7.171,-31.420,-79.368,-1.841,-0.163,-0.076,-0.890,-4.680,-8.632,-2.469,2.469,17.078,44.722
1121,1,5.501,-31.594,-79.340,-2.903,-0.307,-0.132,-0.890,-4.680,-8.632,6.416,-6.416,24.096,41.812
1122,1,3.544,-31.797,-79.311,-2.903,-0.307,-0.132,-0.043,-4.680,-8.293,9.836,-9.836,28.348,37.560
1123,1,1.296,-32.029,-79.275,-3.927,-0.419,-0.120,-0.043,-4.680,-8.293,18.806,-18.806,34.643,34.462
1124,1,-1.133,-32.261,-79.265,-3.927,-0.419,-0.120,0.837,-4.895,-7.785,23.189,-23.189,40.135,28.969
1125,1,-3.747,-32.490,-79.271,-4.640,-0.423,-0.025,0.837,-4.895,-7.785,30.328,-30.328,43.791,25.435
1126,1,-6.390,-32.672,-79.343,-4.640,-0.423,-0.025,1.297,-5.460,-7.494,35.160,-35.160,49.869,19.357
1127,1,-9.056,-32.813,-79.479,-4.884,-0.238,0.194,1.297,-5.460,-7.494,37.947,-37.947,47.858,16.072
1128,1,-11.478,-32.904,-79.701,-4.884,-0.238,0.194,1.014,-6.096,-7.675,40.674,-40.674,53.313,10.618
1129,1,-13.662,-32.946,-80.009,-4.240,0.016,0.430,1.014,-6.096,-7.675,40.118,-40.118,48.579,8.107
1130,1,-15.404,-32.930,-80.376,-4.240,0.016,0.430,1.153,-5.527,-7.345,41.970,-41.970,52.283,4.404
1131,1,-16.709,-32.857,-80.807,-2.842,0.301,0.548,1.153,-5.527,-7.345,36.037,-36.037,47.918,0.612
1132,1,-17.562,-32.737,-81.232,-2.842,0.301,0.548,1.675,-5.034,-7.407,36.840,-36.840,49.523,-0.994
1133,1,-17.967,-32.562,-81.651,-1.255,0.486,0.475,1.675,-5.034,-7.407,30.106,-30.106,49.295,-6.031
1134,1,-18.159,-32.364,-82.017,-1.255,0.486,0.475,2.249,-5.254,-7.838,30.168,-30.168,49.420,-6.156
1135,1,-18.145,-32.142,-82.319,-0.396,0.523,0.294,2.249,-5.254,-7.838,27.979,-27.979,53.094,-10.895
1136,1,-18.082,-31.923,-82.538,-0.396,0.523,0.294,2.531,-5.235,-8.278,27.773,-27.773,52.682,-10.484
1137,1,-17.971,-31.709,-82.676,-0.048,0.435,0.074,2.531,-5.235,-8.278,28.539,-28.539,58.961,-14.237
1138,1,-17.893,-31.530,-82.733,-0.048,0.435,0.074,2.464,-5.182,-8.364,28.349,-28.349,58.581,-13.856
1139,1,-17.845,-31.384,-82.710,0.005,0.245,-0.113,2.464,-5.182,-8.364,30.272,-30.272,65.669,-15.527
1140,1,-17.777,-31.291,-82.616,0.005,0.245,-0.113,2.383,-5.192,-8.221,30.147,-30.147,65.419,-15.277
1141,1,-17.672,-31.252,-82.461,0.240,0.009,-0.244,2.383,-5.192,-8.221,30.486,-30.486,71.819,-14.920
1142,1,-17.576,-31.214,-82.303,0.240,0.009,-0.244,2.383,-5.139,-7.718,30.369,-30.369,71.584,-14.684
1143,1,-17.156,-31.250,-82.062,0.881,-0.156,-0.324,2.225,-5.139,-7.718,27.773,-27.773,75.148,-13.562
1144,1,-16.748,-31.287,-81.819,0.881,-0.156,-0.324,2.225,-5.139,-7.805,27.393,-27.393,74.388,-12.802
1145,1,-15.817,-31.322,-81.554,1.816,-0.156,-0.359,1.981,-5.350,-7.805,22.251,-22.251,73.458,-11.872
1146,1,-14.894,-31.362,-81.286,1.816,-0.156,-0.359,1.981,-5.350,-7.852,21.101,-21.101,71.646,-10.060
1147,1,-13.404,-31.361,-80.985,2.851,-0.092,-0.423,1.885,-5.182,-7.852,14.259,-14.259,69.290,-9.530
1148,1,-11.924,-31.365,-80.683,2.851,-0.092,-0.423,1.885,-5.182,-7.953,11.780,-11.780,66.232,-6.471
1149,1,-10.486,-30.875,-80.298,3.567,-0.030,-0.445,1.684,-5.235,-7.953,5.800,-5.800,62.508,-4.513
1150,1,-8.618,-30.864,-79.976,3.567,-0.030,-0.445,1.684,-5.235,-7.953,2.632,-2.632,58.595,-0.600
1151,1,-6.665,-30.819,-79.685,3.722,0.030,-0.397,1.282,-5.216,-8.058,-2.098,2.098,52.391,3.899
1152,1,-4.708,-30.796,-79.393,3.722,0.030,-0.397,1.282,-5.216,-8.058,-5.475,5.475,48.208,8.083
1153,1,-2.948,-30.902,-79.362,3.123,0.036,-0.267,0.809,-5.048,-8.269,-7.137,7.137,41.116,14.992
1154,1,-1.304,-30.887,-79.148,3.123,0.036,-0.267,0.809,-5.048,-8.269,-10.000,10.000,37.562,18.546
1155,1,-0.051,-30.991,-79.010,2.202,0.036,-0.111,0.392,-4.828,-8.422,-9.536,9.536,30.934,25.174
1156,1,1.115,-31.002,-78.907,2.202,-0.004,-0.111,0.392,-4.828,-8.422,-11.575,11.575,28.979,28.286
1157,1,1.858,-31.138,-78.879,1.219,-0.004,0.028,0.077,-4.728,-8.608,-9.701,9.701,23.883,33.381
1158,1,2.523,-31.155,-78.941,1.219,-0.050,0.028,0.077,-4.728,-8.608,-10.868,10.868,23.086,35.487
1159,1,2.817,-31.289,-78.925,1.219,-0.050,0.099,0.029,-4.570,-8.795,-12.294,12.294,20.632,37.942
1160,1,3.047,-31.323,-78.973,0.434,-0.067,0.099,0.029,-4.570,-8.795,-8.778,8.778,20.364,38.696
1161,1,3.018,-31.431,-79.019,0.434,-0.067,0.159,-0.120,-4.689,-8.896,-9.489,9.489,18.911,40.150
1162,1,2.946,-31.464,-79.112,-0.141,-0.079,0.159,-0.120,-4.689,-8.896,-6.495,6.495,19.230,40.165
1163,1,2.781,-31.470,-79.236,-0.141,-0.079,0.159,-0.397,-5.029,-8.623,-6.205,6.205,19.591,39.804
1164,1,2.446,-31.511,-79.369,-0.646,-0.092,0.201,-0.397,-5.029,-8.623,-3.625,3.625,19.440,40.321
1165,1,1.941,-31.561,-79.508,-0.646,-0.092,0.201,-0.172,-5.015,-8.503,-2.735,2.735,20.547,39.213
1166,1,1.264,-31.614,-79.653,-1.266,-0.118,0.211,-0.172,-5.015,-8.503,1.443,-1.443,22.181,38.340
1167,1,0.311,-31.677,-79.790,-1.266,-0.118,0.211,0.402,-4.823,-8.484,3.136,-3.136,24.295,36.227
1168,1,-0.913,-31.744,-79.925,-2.240,-0.134,0.195,0.402,-4.823,-8.484,10.395,-10.395,27.652,33.326
1169,1,-2.423,-31.826,-80.058,-2.240,-0.134,0.195,0.833,-4.967,-8.154,13.098,-13.098,31.032,29.946
1170,1,-4.222,-31.919,-80.185,-3.258,-0.168,0.186,0.833,-4.967,-8.154,21.518,-21.518,35.770,26.182
1171,1,-6.162,-32.014,-80.310,-3.258,-0.168,0.186,0.857,-5.379,-7.929,24.996,-24.996,40.124,21.828
1172,1,-8.232,-32.116,-80.443,-3.780,-0.164,0.206,0.857,-5.379,-7.929,31.065,-31.065,44.214,17.617
1173,1,-10.202,-32.197,-80.579,-3.780,-0.164,0.206,0.880,-5.527,-7.785,34.558,-34.558,48.582,13.248
1174,1,-12.071,-32.260,-80.714,-3.464,-0.075,0.219,0.880,-5.527,-7.785,36.086,-36.086,51.049,8.225
1175,1,-13.588,-32.275,-80.860,-3.464,-0.075,0.219,1.005,-5.355,-7.781,38.694,-38.694,54.292,4.982
1176,1,-14.761,-32.245,-81.005,-2.283,0.099,0.191,1.005,-5.355,-7.781,35.112,-35.112,54.960,-0.648
1177,1,-15.479,-32.175,-81.139,-2.283,0.099,0.191,1.392,-5.067,-7.757,36.021,-36.021,56.370,-2.057
1178,1,-15.749,-32.062,-81.261,-0.690,0.241,0.117,1.392,-5.067,-7.757,29.190,-29.190,56.608,-6.344
1179,1,-15.655,-31.946,-81.357,-0.690,0.241,0.117,1.933,-5.034,-7.963,29.026,-29.026,56.281,-6.016
1180,1,-15.201,-31.824,-81.424,0.640,0.235,0.036,1.933,-5.034,-7.963,22.852,-22.852,57.315,-6.898
1181,1,-14.587,-31.710,-81.458,0.640,0.235,0.036,1.919,-5.249,-8.312,21.769,-21.769,55.931,-5.514
1182,1,-13.810,-31.608,-81.462,1.284,0.184,-0.037,1.919,-5.249,-8.312,18.109,-18.109,56.794,-4.916
1183,1,-12.958,-31.524,-81.434,1.284,0.184,-0.037,1.483,-5.240,-8.135,16.628,-16.628,54.947,-3.070
1184,1,-12.023,-31.466,-81.371,1.645,0.089,-0.109,1.483,-5.240,-8.135,14.105,-14.105,56.085,-1.499
1185,1,-11.007,-31.439,-81.264,1.645,0.089,-0.109,0.976,-5.264,-7.824,12.367,-12.367,53.929,0.657
1186,1,-9.908,-31.444,-81.120,2.028,-0.040,-0.205,0.976,-5.264,-7.824,9.773,-9.773,55.860,2.439
1187,1,-8.677,-31.459,-80.920,2.028,-0.040,-0.205,0.608,-5.355,-7.805,7.660,-7.660,53.242,5.058
1188,1,-7.313,-31.484,-80.664,2.608,-0.080,-0.358,0.608,-5.355,-7.805,4.323,-4.323,54.716,4.710
1189,1,-5.902,-31.485,-80.369,2.608,-0.080,-0.358,0.718,-5.273,-7.972,1.858,-1.858,51.649,7.776
1190,1,-4.451,-31.462,-80.035,2.857,0.010,-0.490,0.718,-5.273,-7.972,-0.292,0.292,50.491,6.378
1191,1,-3.141,-31.409,-79.691,2.857,0.010,-0.490,0.952,-5.077,-8.149,-2.610,2.610,47.600,9.269
1192,1,-1.968,-31.319,-79.338,2.407,0.147,-0.512,0.952,-5.077,-8.149,-2.161,2.161,43.604,9.339
1193,1,-1.047,-31.213,-79.029,2.407,0.147,-0.512,0.995,-4.771,-8.675,-3.792,3.792,41.572,11.370
1194,1,-0.380,-31.080,-78.755,1.466,0.239,-0.391,0.995,-4.771,-8.675,-1.776,1.776,35.764,14.561
1195,1,0.011,-30.953,-78.555,1.466,0.239,-0.391,1.168,-4.345,-8.857,-2.461,2.461,34.913,15.412
1196,1,0.108,-30.811,-78.426,0.352,0.254,-0.179,1.168,-4.345,-8.857,0.292,-0.292,29.191,20.708
1197,1,0.104,-30.765,-78.408,0.352,0.254,-0.179,0.924,-4.503,-8.833,0.298,-0.298,29.199,20.700
1198,1,-0.181,-30.633,-78.447,-0.467,0.233,0.076,0.924,-4.503,-8.833,1.701,-1.701,23.736,26.741
1199,1,-0.543,-30.577,-78.565,-0.467,0.233,0.076,0.608,-4.962,-8.709,2.326,-2.326,24.510,25.968
1200,1,-1.095,-30.479,-78.668,-1.033,0.138,0.262,0.608,-4.962,-8.709,3.779,-3.779,22.378,30.808
1201,1,-1.763,-30.495,-78.821,-1.033,0.138,0.262,0.512,-4.895,-9.030,4.931,-4.931,23.804,29.382
1202,1,-2.662,-30.509,-78.998,-1.700,-0.017,0.285,0.512,-4.895,-9.030,9.522,-9.522,27.358,30.272
1203,1,-3.732,-30.647,-79.140,-1.700,-0.017,0.285,1.287,-4.627,-9.149,11.387,-11.387,29.674,27.956
1204,1,-5.123,-30.756,-79.271,-2.539,-0.191,0.227,1.287,-4.627,-9.149,18.733,-18.733,36.625,25.966
1205,1,-6.715,-31.001,-79.210,-2.539,-0.191,0.227,1.268,-5.087,-8.723,21.545,-21.545,40.133,22.458
1206,1,-8.558,-31.168,-79.341,-3.361,-0.291,0.246,1.268,-5.087,-8.723,28.649,-28.649,45.109,20.343
1207,1,-10.413,-31.351,-79.463,-3.361,-0.291,0.246,1.096,-5.178,-8.044,31.904,-31.904,49.170,16.282
1208,1,-12.266,-31.549,-79.635,-3.447,-0.323,0.326,1.096,-5.178,-8.044,34.590,-34.590,51.691,14.674
1209,1,-13.467,-31.325,-80.038,-3.447,-0.323,0.326,0.794,-5.015,-7.728,36.470,-36.470,53.965,12.400
1210,1,-14.723,-31.499,-80.271,-2.480,-0.229,0.406,0.794,-5.015,-7.728,32.833,-32.833,53.376,10.311
1211,1,-15.972,-31.680,-80.501,-2.480,-0.229,0.406,1.302,-4.852,-7.618,34.533,-34.533,56.111,7.576
1212,1,-16.241,-31.761,-80.741,-0.782,-0.051,0.373,1.302,-4.852,-7.618,26.775,-26.775,55.033,3.570
1213,1,-16.510,-31.845,-80.980,-0.782,-0.051,0.373,2.005,-4.938,-7.637,27.097,-27.097,55.677,2.927
1214,1,-15.971,-31.831,-81.191,0.664,0.099,0.290,2.005,-4.938,-7.637,20.355,-20.355,54.502,-0.189
1215,1,-15.436,-31.816,-81.406,0.664,0.099,0.290,2.005,-5.335,-8.063,19.801,-19.801,53.395,0.917
1216,1,-14.576,-31.737,-81.559,1.304,0.185,0.184,2.005,-5.335,-8.063,16.600,-16.600,52.951,-1.104
1217,1,-13.721,-31.655,-81.706,1.304,0.185,0.184,1.436,-5.355,-8.101,15.119,-15.119,51.103,0.744
1218,1,-12.843,-31.576,-81.804,1.404,0.170,0.115,1.436,-5.355,-8.101,13.960,-13.960,51.147,1.126
1219,1,-11.971,-31.493,-81.902,1.404,0.170,0.115,0.684,-5.355,-7.714,12.440,-12.440,49.251,3.022
1220,1,-11.054,-31.488,-81.901,1.572,0.016,0.000,0.684,-5.355,-7.714,11.476,-11.476,52.402,4.285
1221,1,-10.145,-31.481,-81.897,1.572,0.016,0.000,0.325,-5.335,-7.714,9.920,-9.920,50.473,6.214
1222,1,-9.028,-31.514,-81.764,2.061,-0.079,-0.185,0.325,-5.335,-7.714,7.885,-7.885,54.100,5.295
1223,1,-7.913,-31.551,-81.626,2.061,-0.079,-0.185,0.517,-5.206,-7.795,5.967,-5.967,51.723,7.672
1224,1,-6.625,-31.540,-81.365,2.486,-0.019,-0.385,0.517,-5.206,-7.795,4.081,-4.081,53.051,4.640
1225,1,-5.345,-31.534,-81.100,2.486,-0.019,-0.385,0.727,-5.230,-7.963,1.833,-1.833,50.251,7.440
1226,1,-4.167,-31.457,-80.740,2.405,0.110,-0.536,0.727,-5.230,-7.963,2.038,-2.038,49.582,4.426
1227,1,-2.991,-31.383,-80.381,2.405,0.110,-0.536,1.029,-4.943,-8.140,-0.046,0.046,46.982,7.026
1228,1,-2.206,-31.258,-79.993,1.762,0.209,-0.581,1.029,-4.943,-8.140,2.331,-2.331,44.937,6.240
1229,1,-1.426,-31.140,-79.601,1.762,0.209,-0.581,1.239,-4.603,-8.580,0.950,-0.950,43.216,7.961
1230,1,-1.178,-30.986,-79.255,0.795,0.268,-0.506,1.239,-4.603,-8.580,4.410,-4.410,39.944,9.529
1231,1,-0.929,-30.833,-78.917,0.795,0.268,-0.506,1.096,-4.484,-8.719,3.969,-3.969,39.393,10.080
1232,1,-1.147,-30.656,-78.678,-0.110,0.310,-0.358,1.096,-4.484,-8.719,7.010,-7.010,35.554,12.732
1233,1,-1.364,-30.474,-78.437,-0.110,0.310,-0.358,1.096,-4.694,-8.800,7.374,-7.374,36.001,12.285
1234,1,-1.807,-30.275,-78.294,-0.594,0.347,-0.222,0.828,-4.694,-8.800,8.840,-8.840,32.977,14.244
1235,1,-2.246,-30.073,-78.154,-0.594,0.347,-0.222,0.828,-5.029,-8.709,9.569,-9.569,33.870,13.350
1236,1,-2.942,-29.887,-78.052,-1.091,0.320,-0.168,0.603,-5.029,-8.709,12.545,-12.545,34.355,13.657
1237,1,-3.636,-29.704,-77.951,-1.091,0.320,-0.168,0.603,-5.029,-8.824,13.686,-13.686,35.749,12.263
1238,1,-4.734,-29.594,-77.825,-1.791,0.178,-0.206,0.900,-4.699,-8.824,19.472,-19.472,40.933,11.128
1239,1,-5.825,-29.485,-77.708,-1.791,0.178,-0.206,0.900,-4.699,-8.982,21.263,-21.263,43.120,8.940
1240,1,-7.470,-29.492,-77.542,-2.729,-0.046,-0.256,1.943,-4.656,-8.982,29.308,-29.308,50.907,7.545
1241,1,-9.108,-29.498,-77.379,-2.729,-0.046,-0.256,1.943,-4.656,-8.982,32.004,-32.004,54.203,4.248
1242,1,-10.817,-30.058,-77.341,-3.636,-0.195,-0.129,2.235,-4.857,-8.527,38.008,-38.008,56.998,5.715
1243,1,-12.935,-30.152,-77.226,-3.636,-0.195,-0.129,2.235,-4.857,-8.527,41.520,-41.520,61.314,1.399
1244,1,-15.096,-30.295,-77.283,-3.915,-0.184,0.137,1.861,-4.852,-8.058,43.161,-43.161,58.901,3.507
1245,1,-17.271,-30.417,-77.337,-3.915,-0.184,0.137,1.861,-4.852,-8.058,45.592,-45.592,63.240,-0.832
1246,1,-18.925,-30.274,-77.366,-2.998,-0.184,0.368,1.857,-4.833,-7.546,39.602,-39.602,60.431,1.977
1247,1,-20.466,-30.334,-77.595,-2.998,0.009,0.368,1.857,-4.833,-7.546,41.063,-41.063,60.600,-3.700
1248,1,-21.207,-30.149,-78.021,-1.448,0.009,0.469,2.646,-4.331,-7.431,32.591,-32.591,59.154,-2.255
1249,1,-21.799,-30.110,-78.375,-1.448,0.252,0.469,2.646,-4.331,-7.431,33.093,-33.093,56.674,-6.744
1250,1,-21.588,-29.806,-78.849,0.235,0.252,0.424,2.842,-4.761,-7.699,24.831,-24.831,56.981,-7.051
1251,1,-21.262,-29.656,-79.120,0.235,0.459,0.424,2.842,-4.761,-7.699,24.437,-24.437,53.240,-9.215
1252,1,-20.382,-29.373,-79.518,0.235,0.459,0.297,2.909,-5.000,-8.163,25.046,-25.046,54.458,-10.433
1253,1,-19.392,-29.219,-79.783,1.439,0.395,0.297,2.909,-5.000,-8.163,18.041,-18.041,53.400,-7.549
1254,1,-18.351,-29.119,-79.997,1.439,0.395,0.226,2.603,-4.957,-8.833,17.932,-17.932,53.182,-7.331
1255,1,-17.604,-29.301,-80.033,1.709,0.154,0.226,2.603,-4.957,-8.833,16.013,-16.013,55.478,-2.749
1256,1,-16.660,-29.307,-80.140,1.709,0.154,0.226,2.082,-4.962,-8.604,15.145,-15.145,53.741,-1.011
1257,1,-15.844,-29.359,-80.199,1.346,-0.058,0.125,2.082,-4.962,-8.604,17.487,-17.487,57.833,0.953
1258,1,-15.247,-29.450,-80.206,1.346,-0.058,0.125,2.168,-4.670,-8.288,16.694,-16.694,56.803,1.983
1259,1,-14.857,-29.577,-80.164,0.704,-0.232,0.009,2.168,-4.670,-8.288,20.827,-20.827,61.593,2.185
1260,1,-14.616,-29.709,-80.069,0.704,-0.232,0.009,2.297,-4.737,-8.058,20.530,-20.530,61.265,2.513
1261,1,-14.526,-29.841,-79.919,0.284,-0.281,-0.145,2.297,-4.737,-8.058,24.487,-24.487,65.761,-0.583
1262,1,-14.507,-29.955,-79.757,0.284,-0.281,-0.145,2.579,-4.838,-7.881,24.530,-24.530,65.841,-0.663
1263,1,-14.567,-30.051,-79.579,0.053,-0.230,-0.205,2.579,-4.838,-7.881,26.588,-26.588,66.816,-3.099
1264,1,-14.618,-30.120,-79.424,0.053,-0.230,-0.205,2.445,-4.996,-7.809,26.715,-26.715,66.988,-3.271
1265,1,-14.666,-30.166,-79.293,0.037,-0.125,-0.157,2.445,-4.996,-7.809,26.302,-26.302,64.423,-3.720
1266,1,-14.685,-30.191,-79.198,0.037,-0.125,-0.157,2.311,-4.910,-7.915,26.349,-26.349,64.487,-3.783
1267,1,-14.678,-30.199,-79.147,0.060,-0.034,-0.052,2.311,-4.910,-7.915,24.925,-24.925,60.577,-2.461
1268,1,-14.655,-30.201,-79.128,0.060,-0.034,-0.052,2.048,-4.910,-8.006,24.891,-24.891,60.535,-2.419
1269,1,-14.617,-30.192,-79.137,0.060,0.025,0.027,2.048,-4.910,-8.006,23.838,-23.838,57.644,-1.201
1270,1,-14.563,-30.178,-79.149,0.060,0.025,0.027,2.029,-4.867,-8.082,23.742,-23.742,57.523,-1.080
1271,1,-14.493,-30.166,-79.163,0.110,0.033,0.029,2.029,-4.867,-8.082,23.346,-23.346,57.200,-1.001
1272,1,-14.445,-30.149,-79.153,0.110,0.033,0.029,2.034,-4.914,-8.159,23.257,-23.257,57.088,-0.888
1273,1,-14.415,-30.127,-79.121,0.083,0.028,-0.043,2.034,-4.914,-8.159,24.220,-24.220,58.866,-2.515
1274,1,-14.397,-30.110,-79.074,0.083,0.028,-0.043,2.225,-4.823,-8.140,24.181,-24.181,58.815,-2.464
1275,1,-14.396,-30.101,-79.009,0.061,-0.005,-0.093,2.225,-4.823,-8.140,24.911,-24.911,60.527,-3.232
1276,1,-14.398,-30.089,-78.940,0.061,-0.005,-0.093,2.244,-4.814,-8.207,24.907,-24.907,60.519,-3.224
1277,1,-14.407,-30.076,-78.865,0.055,-0.000,-0.107,2.244,-4.814,-8.207,25.113,-25.113,60.793,-3.651
1278,1,-14.399,-30.052,-78.801,0.055,-0.000,-0.107,2.225,-4.809,-8.168,25.084,-25.084,60.752,-3.610
1279,1,-14.378,-30.029,-78.743,0.094,0.022,-0.088,2.225,-4.809,-8.168,24.619,-24.619,59.917,-3.413
1280,1,-14.347,-30.006,-78.699,0.094,0.022,-0.088,2.149,-4.852,-8.106,24.553,-24.553,59.832,-3.328
1281,1,-14.304,-29.987,-78.664,0.107,0.019,-0.056,2.149,-4.852,-8.106,24.010,-24.010,58.977,-2.382
1282,1,-14.281,-29.969,-78.629,0.107,0.019,-0.056,2.177,-4.847,-8.159,23.962,-23.962,58.914,-2.319
1283,1,-14.266,-29.952,-78.600,0.056,0.017,-0.049,2.177,-4.847,-8.159,24.084,-24.084,58.711,-2.055
1284,1,-14.258,-29.933,-78.566,0.056,0.017,-0.049,2.139,-4.823,-8.058,24.059,-24.059,58.676,-2.020
1285,1,-14.252,-29.917,-78.532,0.044,0.019,-0.056,2.139,-4.823,-8.058,24.198,-24.198,58.806,-2.211
1286,1,-14.254,-29.900,-78.490,0.044,0.019,-0.056,2.067,-4.847,-8.020,24.189,-24.189,58.791,-2.196
1287,1,-14.253,-29.878,-78.455,0.035,0.026,-0.061,2.067,-4.847,-8.020,24.270,-24.270,58.783,-2.371
1288,1,-14.261,-29.858,-78.417,0.035,0.026,-0.061,2.072,-4.862,-8.101,24.270,-24.270,58.778,-2.366
1289,1,-14.287,-29.821,-78.379,-0.011,0.050,-0.070,2.072,-4.862,-8.101,24.637,-24.637,58.681,-2.969
1290,1,-14.312,-29.788,-78.351,-0.011,0.050,-0.070,2.072,-4.862,-8.101,24.656,-24.656,58.696,-2.984
1291,1,-14.349,-29.744,-78.306,-0.034,0.050,-0.086,2.062,-4.843,-8.039,25.006,-25.006,59.124,-3.412
1292,1,-14.392,-29.696,-78.257,-0.034,0.074,-0.086,2.062,-4.843,-8.039,25.044,-25.044,58.824,-3.781
1293,1,-14.446,-29.640,-78.204,-0.051,0.074,-0.105,2.144,-4.819,-8.168,25.418,-25.418,59.350,-4.307
1294,1,-14.499,-29.579,-78.153,-0.051,0.089,-0.105,2.144,-4.819,-8.168,25.464,-25.464,59.162,-4.575
1295,1,-14.561,-29.517,-78.107,-0.051,0.089,-0.109,2.244,-4.761,-8.187,25.563,-25.563,59.299,-4.712
1296,1,-14.628,-29.458,-78.048,-0.066,0.086,-0.109,2.244,-4.761,-8.187,25.706,-25.706,59.413,-4.735
1297,1,-14.684,-29.394,-77.991,-0.066,0.086,-0.114,2.263,-4.699,-8.240,25.820,-25.820,59.587,-4.910
1298,1,-14.739,-29.332,-77.931,-0.045,0.085,-0.114,2.263,-4.699,-8.240,25.761,-25.761,59.644,-4.936
1299,1,-14.793,-29.270,-77.872,-0.045,0.085,-0.114,2.263,-4.723,-8.216,25.805,-25.805,59.682,-4.974
1300,1,-14.838,-29.206,-77.816,-0.035,0.093,-0.112,2.263,-4.723,-8.216,25.761,-25.761,59.543,-5.048
1301,1,-14.886,-29.145,-77.761,-0.035,0.093,-0.112,2.283,-4.642,-8.216,25.797,-25.797,59.571,-5.076
1302,1,-14.936,-29.087,-77.710,-0.039,0.080,-0.097,2.283,-4.642,-8.216,25.672,-25.672,59.414,-4.554
1303,1,-14.980,-29.039,-77.664,-0.039,0.080,-0.097,2.340,-4.713,-8.202,25.711,-25.711,59.449,-4.589
1304,1,-15.020,-28.996,-77.626,-0.040,0.059,-0.075,2.340,-4.713,-8.202,25.472,-25.472,59.226,-3.757
1305,1,-15.060,-28.958,-77.593,-0.040,0.059,-0.075,2.378,-4.666,-8.235,25.509,-25.509,59.261,-3.792
1306,1,-15.093,-28.922,-77.567,-0.036,0.054,-0.053,2.378,-4.666,-8.235,25.250,-25.250,58.814,-3.223
1307,1,-15.123,-28.888,-77.543,-0.036,0.054,-0.053,2.378,-4.637,-8.254,25.274,-25.274,58.835,-3.244
1308,1,-15.143,-28.860,-77.530,-0.018,0.045,-0.036,2.378,-4.637,-8.254,24.984,-24.984,58.554,-2.689
1309,1,-15.150,-28.828,-77.515,-0.018,0.045,-0.036,2.330,-4.675,-8.254,24.975,-24.975,58.535,-2.670
1310,1,-15.152,-28.799,-77.504,0.012,0.049,-0.029,2.330,-4.675,-8.254,24.716,-24.716,58.260,-2.517
1311,1,-15.149,-28.775,-77.493,0.012,0.049,-0.029,2.302,-4.627,-8.274,24.695,-24.695,58.229,-2.486
1312,1,-15.140,-28.751,-77.483,0.023,0.036,-0.022,2.302,-4.627,-8.274,24.529,-24.529,58.212,-2.104
1313,1,-15.137,-28.732,-77.477,0.023,0.036,-0.022,2.268,-4.666,-8.216,24.511,-24.511,58.186,-2.078
1314,1,-15.135,-28.724,-77.468,0.013,0.017,-0.013,2.268,-4.666,-8.216,24.437,-24.437,58.209,-1.553
1315,1,-15.131,-28.711,-77.466,0.013,0.017,-0.013,2.268,-4.637,-8.183,24.423,-24.423,58.188,-1.532
1316,1,-15.127,-28.705,-77.461,0.014,0.013,-0.009,2.268,-4.637,-8.183,24.353,-24.353,58.128,-1.350
1317,1,-15.129,-28.697,-77.456,0.014,0.013,-0.009,2.297,-4.670,-8.183,24.352,-24.352,58.125,-1.347
1318,1,-15.135,-28.685,-77.449,0.001,0.015,-0.015,2.297,-4.670,-8.183,24.497,-24.497,58.252,-1.535
1319,1,-15.143,-28.676,-77.443,0.001,0.015,-0.015,2.263,-4.666,-8.197,24.504,-24.504,58.258,-1.541
1320,1,-15.158,-28.666,-77.430,-0.012,0.015,-0.020,2.263,-4.666,-8.197,24.651,-24.651,58.408,-1.691
1321,1,-15.173,-28.656,-77.418,-0.012,0.015,-0.020,2.292,-4.646,-8.187,24.667,-24.667,58.425,-1.708
1322,1,-15.186,-28.640,-77.409,-0.011,0.017,-0.023,2.292,-4.646,-8.187,24.712,-24.712,58.483,-1.827
1323,1,-15.190,-28.626,-77.394,-0.011,0.017,-0.023,2.235,-4.675,-8.187,24.710,-24.710,58.476,-1.820
1324,1,-15.187,-28.609,-77.380,0.026,0.025,-0.031,2.235,-4.675,-8.187,24.606,-24.606,58.532,-2.090
1325,1,-15.144,-28.594,-77.355,0.026,0.025,-0.031,2.101,-4.718,-8.077,24.531,-24.531,58.439,-1.996
1326,1,-15.069,-28.581,-77.323,0.165,0.012,-0.054,2.101,-4.718,-8.077,24.002,-24.002,59.054,-2.246
1327,1,-14.894,-28.569,-77.277,0.165,0.012,-0.054,1.775,-4.852,-8.130,23.725,-23.725,58.718,-1.910
1328,1,-14.627,-28.562,-77.207,0.526,-0.009,-0.107,1.775,-4.852,-8.130,22.158,-22.158,59.813,-2.426
1329,1,-14.174,-28.547,-77.102,0.526,-0.009,-0.107,1.598,-4.977,-8.264,21.448,-21.448,58.956,-1.570
1330,1,-13.671,-28.368,-76.946,1.241,-0.009,-0.225,1.598,-4.977,-8.264,18.470,-18.470,60.808,-3.422
1331,1,-12.885,-28.211,-76.742,1.241,-0.009,-0.225,1.804,-5.039,-8.259,17.166,-17.166,59.204,-1.818
1332,1,-11.744,-28.174,-76.506,2.202,0.006,-0.368,1.804,-5.039,-8.259,12.355,-12.355,60.397,-3.436
1333,1,-10.499,-28.049,-76.252,2.202,0.006,-0.368,1.981,-4.651,-8.317,10.352,-10.352,57.960,-1.000
1334,1,-9.012,-28.033,-76.160,2.798,0.085,-0.388,1.981,-4.651,-8.317,5.279,-5.279,54.512,0.196
1335,1,-7.522,-27.937,-75.938,2.798,0.085,-0.388,1.522,-4.407,-8.790,2.890,-2.890,51.614,3.094
1336,1,-5.984,-27.850,-75.778,2.867,0.136,-0.230,1.522,-4.407,-8.790,-1.887,1.887,43.954,9.293
1337,1,-4.465,-27.778,-75.661,2.867,0.136,-0.230,1.517,-4.187,-8.455,-4.319,4.319,41.009,12.238
1338,1,-2.968,-27.728,-75.641,2.696,0.100,0.018,1.517,-4.187,-8.455,-8.965,8.965,32.423,21.859
1339,1,-1.540,-27.717,-75.712,2.696,0.100,0.018,0.718,-4.613,-8.728,-11.246,11.246,29.664,24.618
1340,1,-0.279,-27.676,-75.836,2.171,0.088,0.258,0.718,-4.613,-8.728,-13.632,13.632,21.402,33.215
1341,1,0.960,-27.640,-75.950,2.171,0.088,0.258,-0.043,-4.776,-8.503,-15.609,15.609,19.012,35.604
1342,1,2.209,-27.636,-76.096,2.136,0.014,0.316,-0.043,-4.776,-8.503,-18.156,18.156,16.208,40.539
1343,1,3.467,-27.618,-76.235,2.136,0.014,0.316,-0.584,-4.488,-8.728,-20.157,20.157,13.793,42.954
1344,1,4.378,-27.944,-76.310,2.242,-0.069,0.352,-0.584,-4.488,-8.728,-22.637,22.637,12.256,46.865
1345,1,5.696,-27.976,-76.475,2.242,-0.069,0.352,-0.900,-4.441,-8.963,-24.750,24.750,9.696,49.425
1346,1,6.890,-28.033,-76.653,2.007,-0.132,0.361,-0.900,-4.441,-8.963,-25.610,25.610,8.029,52.888
1347,1,8.079,-28.089,-76.831,2.007,-0.132,0.361,-1.732,-4.503,-8.886,-27.517,27.517,5.716,55.201
1348,1,9.072,-28.189,-76.988,1.677,-0.215,0.301,-1.732,-4.503,-8.886,-26.731,26.731,6.433,56.858
1349,1,10.066,-28.285,-77.145,1.677,-0.215,0.301,-2.101,-4.163,-8.690,-28.343,28.343,4.471,58.820
1350,1,10.857,-28.437,-77.212,1.393,-0.295,0.131,-2.101,-4.163,-8.690,-26.112,26.112,8.256,57.318
1351,1,11.651,-28.585,-77.284,1.393,-0.295,0.131,-2.598,-4.192,-8.345,-27.435,27.435,6.628,58.946
1352,1,12.127,-28.753,-77.310,0.874,-0.312,0.034,-2.598,-4.192,-8.345,-24.460,24.460,8.249,57.811
1353,1,12.606,-28.916,-77.339,0.874,-0.312,0.034,-2.775,-4.378,-8.053,-25.302,25.302,7.196,58.864
1354,1,12.821,-29.073,-77.330,0.437,-0.290,-0.036,-2.775,-4.378,-8.053,-22.667,22.667,8.082,57.339
1355,1,13.043,-29.232,-77.324,0.437,-0.290,-0.036,-2.584,-4.570,-7.905,-23.107,23.107,7.515,57.907
1356,1,13.073,-29.349,-77.294,0.118,-0.216,-0.070,-2.584,-4.570,-7.905,-21.203,21.203,7.152,56.169
1357,1,13.111,-29.469,-77.267,0.118,-0.216,-0.070,-2.268,-4.675,-7.886,-21.331,21.331,6.969,56.353
1358,1,13.070,-29.525,-77.225,-0.011,-0.103,-0.066,-2.268,-4.675,-7.886,-20.707,20.707,5.277,54.818
1359,1,13.032,-29.581,-77.187,-0.011,-0.103,-0.066,-2.043,-4.847,-7.891,-20.679,20.679,5.299,54.796
1360,1,12.988,-29.577,-77.144,-0.022,0.005,-0.050,-2.043,-4.847,-7.891,-20.747,20.747,3.437,53.553
1361,1,12.948,-29.576,-77.100,-0.022,0.005,-0.050,-2.015,-4.828,-7.905,-20.683,20.683,3.515,53.476
1362,1,12.933,-29.526,-77.064,0.015,0.087,-0.026,-2.015,-4.828,-7.905,-21.123,21.123,1.806,52.841
1363,1,12.919,-29.476,-77.025,0.015,0.087,-0.026,-2.077,-4.833,-8.029,-21.073,21.073,1.878,52.769
1364,1,12.913,-29.392,-76.993,0.019,0.149,-0.004,-2.077,-4.833,-8.029,-21.303,21.303,0.550,52.332
1365,1,12.907,-29.308,-76.961,0.019,0.149,-0.004,-2.172,-4.780,-8.168,-21.247,21.247,0.637,52.244
1366,1,12.877,-29.220,-76.936,-0.029,0.156,0.006,-2.172,-4.780,-8.168,-21.043,21.043,0.418,52.282
1367,1,12.852,-29.132,-76.909,-0.029,0.156,0.006,-2.172,-4.670,-8.321,-20.954,20.954,0.544,52.155
1368,1,12.812,-29.062,-76.888,-0.060,0.127,0.002,-2.158,-4.670,-8.321,-20.643,20.643,1.202,52.319
1369,1,12.768,-28.990,-76.864,-0.060,0.127,0.002,-2.158,-4.599,-8.489,-20.534,20.534,1.350,52.171
1370,1,12.714,-28.949,-76.842,-0.080,0.083,-0.013,-2.134,-4.599,-8.489,-20.139,20.139,2.486,52.283
1371,1,12.664,-28.901,-76.820,-0.080,0.083,-0.013,-2.134,-4.599,-8.561,-20.033,20.033,2.624,52.145
1372,1,12.603,-28.884,-76.802,-0.093,0.034,-0.018,-2.082,-4.622,-8.561,-19.798,19.798,3.588,52.581
1373,1,12.552,-28.866,-76.788,-0.093,0.034,-0.018,-2.082,-4.622,-8.522,-19.707,19.707,3.701,52.468
1374,1,12.468,-28.879,-76.778,-0.145,-0.019,-0.015,-1.991,-4.627,-8.522,-19.361,19.361,4.531,53.160
1375,1,12.388,-28.889,-76.773,-0.145,-0.019,-0.015,-1.991,-4.627,-8.522,-19.240,19.240,4.675,53.015
1376,1,12.288,-28.943,-76.789,-0.211,-0.085,0.000,-1.967,-4.661,-8.384,-18.967,18.967,5.390,54.187
1377,1,12.183,-28.989,-76.798,-0.211,-0.085,0.000,-1.967,-4.661,-8.384,-18.824,18.824,5.555,54.023
1378,1,12.072,-29.055,-76.824,-0.214,-0.143,0.019,-1.981,-4.718,-8.230,-18.907,18.907,6.054,55.168
1379,1,11.972,-29.127,-76.854,-0.214,-0.143,0.019,-1.981,-4.718,-8.230,-18.786,18.786,6.186,55.035
1380,1,11.884,-29.200,-76.875,-0.180,-0.143,0.026,-1.995,-4.723,-8.168,-18.933,18.933,6.137,55.085
1381,1,11.807,-29.282,-76.909,-0.180,-0.157,0.026,-1.995,-4.723,-8.168,-18.853,18.853,6.416,55.201
1382,1,11.708,-29.359,-76.955,-0.250,-0.157,0.035,-2.034,-4.742,-8.302,-18.501,18.501,6.306,55.311
1383,1,11.595,-29.422,-76.994,-0.250,-0.130,0.035,-2.034,-4.742,-8.302,-18.352,18.352,6.094,54.762
1384,1,11.403,-29.507,-77.042,-0.428,-0.130,0.040,-1.871,-4.742,-8.264,-17.264,17.264,6.268,54.588
1385,1,11.185,-29.574,-77.053,-0.428,-0.121,0.040,-1.871,-4.742,-8.264,-16.945,16.945,6.522,54.090
1386,1,10.946,-29.638,-77.093,-0.428,-0.121,0.038,-1.909,-4.804,-8.144,-16.560,16.560,7.000,53.612
1387,1,10.697,-29.692,-77.131,-0.493,-0.110,0.038,-1.909,-4.804,-8.144,-15.856,15.856,7.286,52.992
1388,1,10.489,-29.728,-77.163,-0.493,-0.110,0.003,-1.828,-4.809,-8.073,-15.096,15.096,8.551,51.727
1389,1,10.361,-29.712,-77.190,-0.399,-0.082,0.003,-1.828,-4.809,-8.073,-15.348,15.348,8.423,51.064
298,1,-17.197,-32.681,-73.235,0.764,0.043,-0.095,2.890,-5.819,-7.489,26.430,-26.430,68.460,-12.535
299,1,-16.627,-32.519,-73.056,1.368,-0.095,-0.185,2.890,-5.819,-7.489,23.854,-23.854,71.312,-11.461
300,1,-15.826,-32.496,-72.861,1.368,-0.095,-0.185,2.450,-5.757,-7.613,23.014,-23.014,69.632,-9.781
301,1,-14.849,-32.555,-72.643,1.874,-0.133,-0.250,2.450,-5.757,-7.613,20.208,-20.208,69.833,-8.886
302,1,-13.800,-32.558,-72.406,1.874,-0.133,-0.250,1.881,-5.766,-7.656,18.424,-18.424,67.618,-6.671
303,1,-12.567,-32.696,-72.296,2.332,-0.162,-0.276,1.881,-5.766,-7.656,14.415,-14.415,66.160,-4.390
304,1,-11.286,-32.730,-72.057,2.332,-0.162,-0.276,1.790,-5.804,-7.508,12.198,-12.198,63.401,-1.631
305,1,-9.851,-32.831,-71.807,2.737,-0.196,-0.276,1.790,-5.804,-7.508,7.691,-7.691,60.799,1.944
306,1,-8.381,-32.913,-71.560,2.737,-0.196,-0.276,1.790,-5.603,-7.422,5.098,-5.098,57.560,5.183
307,1,-6.837,-33.022,-71.308,2.956,-0.194,-0.270,1.790,-5.603,-7.422,1.169,-1.169,53.927,8.755
308,1,-5.202,-33.094,-71.306,2.956,-0.194,-0.270,1.436,-5.565,-7.551,-1.797,1.797,50.201,12.481
309,1,-3.624,-33.213,-71.095,3.006,-0.193,-0.223,1.436,-5.565,-7.551,-5.517,5.517,45.388,17.264
310,1,-2.051,-33.332,-70.880,3.006,-0.193,-0.223,0.593,-5.460,-7.896,-8.422,8.422,41.726,20.926
311,1,-0.443,-33.474,-70.742,2.999,-0.221,-0.116,0.593,-5.460,-7.896,-12.712,12.712,35.675,27.768
312,1,0.597,-33.948,-70.437,2.999,-0.221,-0.116,-0.124,-5.460,-7.977,-14.677,14.677,33.185,30.259
313,1,2.142,-34.109,-70.372,2.841,-0.254,-0.026,-0.124,-5.460,-7.977,-17.971,17.971,27.645,36.742
314,1,3.693,-34.269,-70.318,2.841,-0.254,-0.026,-0.211,-5.460,-8.025,-20.952,20.952,23.850,40.536
315,1,5.034,-34.397,-70.293,2.456,-0.208,0.023,-0.211,-5.460,-8.025,-22.229,22.229,18.675,44.403
316,1,6.380,-34.528,-70.274,2.456,-0.208,0.023,-0.129,-5.584,-8.192,-24.830,24.830,15.358,47.720
317,1,7.332,-34.594,-70.266,1.759,-0.108,0.050,-0.129,-5.584,-8.192,-23.504,23.504,10.929,49.287
318,1,8.282,-34.664,-70.259,1.759,-0.108,0.050,-0.943,-5.379,-8.010,-25.330,25.330,8.602,51.615
319,1,8.705,-34.716,-70.311,0.777,-0.098,0.129,-0.943,-5.379,-8.010,-22.227,22.227,5.443,54.500
320,1,9.131,-34.764,-70.368,0.777,-0.098,0.129,-1.536,-4.685,-7.891,-23.052,23.052,4.389,55.554
321,1,9.244,-34.823,-70.525,0.118,-0.137,0.260,-1.536,-4.685,-7.891,-21.640,21.640,1.360,59.709
322,1,9.359,-34.876,-70.689,0.118,-0.137,0.260,-1.780,-4.785,-8.364,-21.884,21.884,1.042,60.027
323,1,9.322,-34.868,-70.929,-0.234,-0.058,0.378,-1.780,-4.785,-8.364,-21.524,21.524,-2.959,61.745
324,1,9.292,-34.861,-71.179,-0.234,-0.058,0.378,-1.866,-5.020,-8.604,-21.465,21.465,-2.883,61.670
325,1,9.080,-34.757,-71.462,-0.593,0.095,0.440,-1.866,-5.020,-8.604,-19.991,19.991,-6.015,60.449
326,1,8.877,-34.653,-71.752,-0.593,0.095,0.440,-1.948,-5.168,-8.546,-19.560,19.560,-5.454,59.888
327,1,8.434,-34.479,-72.042,-1.022,0.222,0.454,-1.948,-5.168,-8.546,-16.679,16.679,-6.428,57.240
328,1,7.997,-34.302,-72.334,-1.022,0.222,0.454,-1.876,-5.225,-8.436,-15.782,15.782,-5.268,56.081
329,1,7.235,-34.058,-72.607,-1.576,0.355,0.435,-1.876,-5.225,-8.436,-11.249,11.249,-4.732,51.739
330,1,6.482,-33.817,-72.885,-1.576,0.355,0.435,-1.531,-5.048,-8.766,-9.758,9.758,-2.819,49.827
331,1,5.304,-33.515,-73.117,-2.284,0.475,0.369,-1.531,-5.048,-8.766,-3.105,3.105,0.029,43.539
332,1,4.141,-33.218,-73.359,-2.284,0.475,0.369,-1.168,-5.273,-8.982,-0.878,0.878,2.864,40.704
333,1,2.620,-32.894,-73.550,-2.868,0.536,0.290,-1.168,-5.273,-8.982,5.890,-5.890,7.593,34.240
334,1,1.117,-32.573,-73.756,-2.868,0.536,0.290,-1.168,-5.546,-9.149,8.676,-8.676,11.108,30.725
335,1,-0.575,-32.288,-73.918,-3.166,0.494,0.217,-0.813,-5.546,-9.149,14.156,-14.156,17.385,25.635
336,1,-2.250,-32.002,-74.092,-3.166,0.494,0.217,-0.813,-5.560,-9.264,17.158,-17.158,21.139,21.881
337,1,-3.934,-31.839,-74.207,-3.137,0.291,0.132,-0.134,-5.560,-9.264,21.066,-21.066,29.902,18.931
338,1,-5.610,-31.676,-74.326,-3.137,0.291,0.132,-0.134,-5.560,-8.963,23.999,-23.999,33.550,15.284
339,1,-7.073,-31.643,-74.408,-2.738,0.068,0.098,1.091,-5.139,-8.963,24.987,-24.987,40.767,14.428
340,1,-8.531,-31.609,-74.491,-2.738,0.068,0.098,1.091,-5.139,-8.130,27.518,-27.518,43.912,11.283
341,1,-9.653,-31.662,-74.613,-2.186,-0.066,0.181,2.144,-5.379,-8.130,25.687,-25.687,46.203,12.827
342,1,-10.784,-31.719,-74.727,-2.186,-0.066,0.181,2.144,-5.379,-7.580,27.661,-27.661,48.664,10.366
343,1,-11.296,-31.965,-74.983,-1.422,-0.126,0.379,2.646,-5.508,-7.580,22.376,-22.376,45.862,14.873
344,1,-11.932,-32.082,-75.210,-1.422,-0.126,0.379,2.646,-5.508,-7.580,23.536,-23.536,47.325,13.410
345,1,-12.197,-32.136,-75.565,-0.732,-0.152,0.614,2.732,-5.584,-7.183,17.641,-17.641,42.460,19.035
346,1,-12.369,-32.301,-75.934,-0.732,-0.152,0.614,2.732,-5.584,-7.183,18.034,-18.034,42.982,18.514
347,1,-12.131,-32.315,-76.285,0.127,-0.118,0.727,2.206,-5.670,-6.666,11.927,-11.927,39.175,21.347
348,1,-11.785,-32.475,-76.718,0.127,-0.118,0.727,2.206,-5.670,-6.666,11.421,-11.421,38.576,21.945
349,1,-11.026,-32.509,-77.127,1.077,-0.118,0.616,1.282,-5.527,-6.192,6.751,-6.751,39.726,20.795
350,1,-10.180,-32.628,-77.489,1.077,-0.072,0.616,1.282,-5.527,-6.192,5.327,-5.327,37.314,21.899
351,1,-8.943,-32.590,-77.696,2.124,-0.072,0.266,0.512,-5.379,-6.130,2.249,-2.249,43.280,15.932
352,1,-7.607,-32.614,-77.890,2.124,0.015,0.266,0.512,-5.379,-6.130,-0.127,0.127,39.060,17.656
353,1,-5.988,-32.472,-77.926,2.124,0.015,-0.193,0.158,-5.460,-6.580,2.655,-2.655,46.816,9.901
354,1,-4.382,-32.373,-77.760,2.933,0.195,-0.193,0.158,-5.460,-6.580,-4.309,4.309,40.574,10.999
355,1,-2.637,-32.141,-77.485,2.933,0.195,-0.593,-0.359,-5.345,-7.221,-2.490,2.490,46.579,4.994
356,1,-1.609,-32.355,-76.845,3.355,0.426,-0.593,-0.359,-5.345,-7.221,-6.435,6.435,40.984,3.985
357,1,0.027,-32.087,-76.317,3.355,0.426,-0.593,-0.751,-5.067,-8.020,-9.405,9.405,37.257,7.712
358,1,1.602,-31.784,-75.686,3.347,0.590,-0.871,-0.751,-5.067,-8.020,-8.706,8.706,38.347,1.934
359,1,3.048,-31.489,-75.015,3.347,0.590,-0.871,-0.938,-5.130,-8.795,-11.242,11.242,35.194,5.087
360,1,4.368,-31.199,-74.304,2.982,0.618,-0.981,-0.938,-5.130,-8.795,-10.310,10.310,34.737,4.753
361,1,5.517,-30.943,-73.603,2.982,0.618,-0.981,-1.383,-4.737,-9.398,-12.248,12.248,32.353,7.137
362,1,6.494,-30.724,-72.908,2.372,0.521,-0.964,-1.383,-4.737,-9.398,-11.033,11.033,31.330,10.930
363,1,7.348,-30.506,-72.244,2.372,0.521,-0.964,-1.455,-3.938,-9.197,-12.418,12.418,29.643,12.617
364,1,8.087,-30.286,-71.619,1.893,0.523,-0.877,-1.455,-3.938,-9.197,-12.281,12.281,26.018,16.181
365,1,8.696,-30.021,-71.047,1.893,0.523,-0.877,-1.546,-3.900,-9.714,-13.197,13.197,24.929,17.270
366,1,9.186,-29.707,-70.540,1.354,0.666,-0.680,-1.546,-3.900,-9.714,-13.648,13.648,17.173,20.947
367,1,9.470,-29.382,-70.142,1.354,0.666,-0.680,-1.617,-3.742,-9.264,-13.978,13.978,16.822,21.299
368,1,9.554,-29.052,-69.863,0.446,0.636,-0.341,-1.617,-3.742,-9.264,-13.672,13.672,8.835,30.137
369,1,9.531,-28.801,-69.691,0.446,0.636,-0.341,-1.751,-4.484,-8.987,-13.529,13.529,9.050,29.922
370,1,9.400,-28.630,-69.629,-0.130,0.301,-0.066,-1.751,-4.484,-8.987,-13.802,13.802,7.326,41.203
371,1,9.234,-28.544,-69.612,-0.130,0.301,-0.066,-1.062,-4.852,-9.135,-13.503,13.503,7.702,40.827
372,1,9.027,-28.546,-69.641,-0.350,-0.015,0.027,-1.062,-4.852,-9.135,-13.228,13.228,10.306,47.263
373,1,8.788,-28.568,-69.704,-0.350,-0.015,0.027,-0.790,-4.938,-8.963,-12.854,12.854,10.755,46.814
374,1,8.521,-28.614,-69.808,-0.519,-0.112,0.132,-0.790,-4.938,-8.963,-12.921,12.921,9.994,50.345
375,1,8.259,-28.681,-69.955,-0.519,-0.112,0.132,-0.689,-5.096,-9.030,-12.525,12.525,10.465,49.873
376,1,7.996,-28.763,-70.145,-0.593,-0.193,0.263,-0.689,-5.096,-9.030,-13.395,13.395,8.815,53.837
377,1,7.700,-28.896,-70.373,-0.593,-0.193,0.263,-0.498,-5.067,-8.862,-12.962,12.962,9.324,53.328
378,1,7.370,-29.076,-70.636,-0.777,-0.374,0.353,-0.498,-5.067,-8.862,-12.687,12.687,10.232,57.594
379,1,6.953,-29.332,-70.916,-0.777,-0.374,0.353,-0.187,-4.977,-8.618,-12.086,12.086,10.935,56.891
380,1,6.451,-29.654,-71.213,-1.114,-0.620,0.380,-0.187,-4.977,-8.618,-10.010,10.010,14.620,60.237
381,1,5.797,-30.036,-71.493,-1.114,-0.620,0.380,0.172,-5.106,-8.685,-9.022,9.022,15.795,59.062
382,1,4.995,-30.485,-71.749,-1.618,-0.830,0.314,0.172,-5.106,-8.685,-4.429,4.429,21.942,58.910
383,1,3.924,-30.981,-71.953,-1.618,-0.830,0.314,0.474,-5.182,-8.647,-2.687,2.687,24.064,56.789
384,1,2.584,-31.525,-72.101,-2.470,-0.984,0.169,0.474,-5.182,-8.647,5.652,-5.652,32.683,52.583
385,1,0.908,-32.107,-72.199,-2.470,-0.984,0.169,0.493,-5.000,-8.494,8.598,-8.598,36.348,48.918
386,1,-1.115,-32.721,-72.234,-3.584,-1.101,0.053,0.493,-5.000,-8.494,19.298,-19.298,45.549,43.065
387,1,-3.389,-33.345,-72.242,-3.584,-1.101,0.053,0.646,-5.278,-8.111,23.572,-23.572,50.960,37.654
388,1,-5.607,-34.355,-72.287,-4.446,-1.157,0.035,0.646,-5.278,-8.111,32.522,-32.522,57.861,32.336
389,1,-8.155,-35.007,-72.259,-4.446,-1.157,0.035,0.842,-6.096,-7.283,37.615,-37.615,64.408,25.789
390,1,-10.829,-35.529,-72.223,-4.732,-0.941,0.098,0.842,-6.096,-7.283,42.318,-42.318,66.645,17.373
391,1,-13.344,-35.951,-72.227,-4.732,-0.941,0.098,0.536,-5.996,-5.761,45.548,-45.548,73.106,10.912
392,1,-15.752,-36.109,-72.029,-4.333,-0.488,0.198,0.536,-5.996,-5.761,47.221,-47.221,69.984,1.098
393,1,-17.765,-36.215,-72.251,-4.333,-0.488,0.198,1.014,-4.646,-6.838,49.596,-49.596,74.732,-3.650
394,1,-19.372,-36.174,-72.558,-3.291,0.181,0.377,1.014,-4.646,-6.838,45.569,-45.569,64.217,-12.248
395,1,-20.974,-36.143,-72.867,-3.291,0.181,0.377,1.014,-4.646,-6.838,46.739,-46.739,66.557,-14.588
396,1,-21.739,-35.749,-73.433,-3.291,0.181,0.373,1.450,-4.450,-7.178,46.792,-46.792,66.663,-14.695
397,1,-22.534,-35.410,-73.699,-1.876,0.797,0.373,1.450,-4.450,-7.178,39.719,-39.719,57.867,-23.491
398,1,-22.508,-34.834,-74.353,-1.876,0.797,0.361,2.426,-5.364,-6.814,39.866,-39.866,58.160,-23.784
399,1,-22.399,-34.365,-74.877,-0.477,1.040,0.361,2.426,-5.364,-6.814,32.872,-32.872,54.690,-27.253
400,1,-21.852,-33.789,-75.435,-0.477,1.040,0.252,3.029,-5.623,-6.814,33.775,-33.775,56.496,-29.059
401,1,-21.537,-33.480,-75.728,0.532,1.017,0.252,3.029,-5.623,-6.814,28.179,-28.179,55.712,-27.636
402,1,-20.812,-33.033,-76.062,0.532,1.017,0.252,3.072,-6.144,-7.297,27.125,-27.125,53.604,-25.528
403,1,-19.975,-32.619,-76.303,1.128,0.834,0.098,3.072,-6.144,-7.297,24.947,-24.947,57.830,-24.519
404,1,-19.071,-32.254,-76.446,1.128,0.834,0.098,2.512,-6.187,-7.733,23.800,-23.800,55.537,-22.226
405,1,-18.091,-31.933,-76.500,1.578,0.606,-0.079,2.512,-6.187,-7.733,22.580,-22.580,60.848,-21.023
406,1,-16.998,-31.669,-76.447,1.578,0.606,-0.079,1.890,-5.996,-7.876,21.327,-21.327,58.342,-18.518
407,1,-15.788,-31.464,-76.295,2.193,0.340,-0.279,1.890,-5.996,-7.876,19.419,-19.419,64.489,-17.055
408,1,-14.460,-31.326,-76.053,2.193,0.340,-0.279,1.904,-5.522,-7.857,17.478,-17.478,61.655,-14.221
409,1,-13.021,-31.261,-75.723,2.778,0.056,-0.463,1.904,-5.522,-7.857,14.427,-14.427,67.302,-11.773
410,1,-11.506,-31.233,-75.319,2.778,0.056,-0.463,2.125,-5.230,-8.111,11.869,-11.869,64.140,-8.610
411,1,-9.916,-31.239,-74.845,3.201,-0.093,-0.639,2.125,-5.230,-8.111,9.258,-9.258,67.335,-7.545
412,1,-8.338,-31.254,-74.351,3.201,-0.093,-0.639,2.402,-4.776,-8.297,6.560,-6.560,63.995,-4.204
413,1,-6.776,-31.271,-73.833,3.220,-0.085,-0.701,2.402,-4.776,-8.297,4.542,-4.542,62.092,-2.515
414,1,-5.339,-31.282,-73.345,3.220,-0.085,-0.701,2.086,-4.508,-8.872,2.043,-2.043,58.989,0.589
415,1,-4.015,-31.289,-72.890,2.776,-0.036,-0.607,2.086,-4.508,-8.872,0.777,-0.777,53.066,5.112
416,1,-2.906,-31.295,-72.493,2.776,-0.036,-0.607,1.292,-4.187,-9.494,-1.170,1.170,50.644,7.534
417,1,-2.000,-31.298,-72.155,1.959,-0.015,-0.435,1.292,-4.187,-9.494,-0.837,0.837,44.040,13.529
418,1,-1.448,-31.324,-71.878,1.959,-0.015,-0.435,0.273,-4.278,-9.173,-1.807,1.807,42.833,14.736
419,1,-1.235,-31.372,-71.657,0.646,-0.101,-0.276,0.273,-4.278,-9.173,2.404,-2.404,39.634,20.400
420,1,-1.387,-31.464,-71.486,0.646,-0.101,-0.276,-0.421,-4.709,-8.915,2.678,-2.678,39.978,20.056
421,1,-1.902,-31.599,-71.366,-0.728,-0.257,-0.143,-0.421,-4.709,-8.915,8.803,-8.803,40.027,24.451
422,1,-2.745,-31.770,-71.287,-0.728,-0.257,-0.143,-0.086,-4.828,-9.039,10.323,-10.323,41.931,22.547
423,1,-3.925,-31.974,-71.247,-1.990,-0.390,-0.023,-0.086,-4.828,-9.039,17.283,-17.283,43.536,24.747
424,1,-5.401,-32.188,-71.272,-1.990,-0.390,-0.023,1.182,-4.823,-9.374,19.974,-19.974,46.918,21.364
425,1,-7.175,-32.412,-71.348,-3.173,-0.410,0.157,1.182,-4.823,-9.374,26.885,-26.885,46.789,22.071
426,1,-9.184,-32.618,-71.522,-3.173,-0.410,0.157,2.263,-5.211,-8.833,30.549,-30.549,51.402,17.459
427,1,-11.423,-32.812,-71.788,-4.188,-0.306,0.442,2.263,-5.211,-8.833,36.107,-36.107,47.878,18.000
428,1,-13.628,-32.965,-72.183,-4.188,-0.306,0.442,2.211,-5.742,-7.556,39.946,-39.946,52.831,13.047
429,1,-15.803,-33.083,-72.712,-4.363,-0.034,0.807,2.211,-5.742,-7.556,37.767,-37.767,44.593,13.524
430,1,-17.689,-33.167,-73.381,-4.363,-0.034,0.807,1.842,-5.766,-6.211,39.792,-39.792,48.642,9.475
431,1,-19.288,-33.227,-74.193,-3.668,0.264,1.171,1.842,-5.766,-6.211,35.265,-35.265,38.650,10.945
432,1,-20.252,-33.581,-75.091,-3.668,0.264,1.171,1.890,-5.402,-6.647,36.495,-36.495,41.110,8.484
433,1,-21.188,-33.481,-76.027,-2.654,0.655,1.243,1.890,-5.402,-6.647,31.378,-31.378,35.432,2.993
434,1,-21.895,-33.199,-76.936,-2.654,0.655,1.243,2.297,-5.517,-6.982,31.851,-31.851,36.379,2.046
435,1,-22.173,-32.976,-77.825,-1.460,0.872,1.090,2.297,-5.517,-6.982,27.897,-27.897,37.297,-5.081
436,1,-22.318,-32.550,-78.511,-1.460,0.872,1.090,2.967,-5.450,-7.072,27.703,-27.703,36.910,-4.694
437,1,-22.079,-32.303,-79.183,-0.326,0.809,0.794,2.967,-5.450,-7.072,25.314,-25.314,44.389,-10.348
438,1,-21.773,-31.985,-79.783,-0.326,0.809,0.794,2.933,-5.613,-7.278,24.784,-24.784,43.329,-9.287
439,1,-21.162,-31.799,-80.117,0.654,0.532,0.393,2.933,-5.613,-7.278,24.176,-24.176,55.871,-13.916
440,1,-20.501,-31.542,-80.360,0.654,0.532,0.393,2.263,-5.843,-7.355,23.366,-23.366,54.251,-12.296
441,1,-19.474,-31.448,-80.370,1.703,0.176,-0.054,2.263,-5.843,-7.355,22.669,-22.669,68.432,-16.311
442,1,-18.340,-31.274,-80.378,1.703,0.176,-0.054,1.809,-5.680,-7.532,21.461,-21.461,66.016,-13.896
443,1,-16.887,-31.273,-79.988,2.820,-0.125,-0.488,1.809,-5.680,-7.532,19.878,-19.878,78.306,-17.602
444,1,-15.362,-31.228,-79.628,2.820,-0.125,-0.488,1.847,-5.230,-7.809,18.337,-18.337,75.223,-14.519
445,1,-14.220,-31.663,-78.796,3.488,-0.311,-0.806,1.847,-5.230,-7.809,17.422,-17.422,83.999,-17.969
446,1,-12.535,-31.751,-78.176,3.488,-0.311,-0.806,2.230,-5.058,-8.795,14.643,-14.643,80.583,-14.553
447,1,-10.881,-31.849,-77.485,3.522,-0.336,-0.916,2.230,-5.058,-8.795,13.073,-13.073,80.259,-13.528
448,1,-9.238,-31.961,-76.800,3.522,-0.336,-0.916,2.201,-4.374,-8.829,10.278,-10.278,76.802,-10.072
449,1,-7.725,-32.061,-76.204,3.230,-0.279,-0.797,2.201,-4.374,-8.829,7.632,-7.632,69.768,-4.651
450,1,-6.222,-32.166,-75.611,3.230,-0.279,-0.797,1.550,-4.436,-8.738,5.002,-5.002,66.494,-1.377
451,1,-4.889,-32.286,-75.238,2.740,-0.259,-0.480,1.550,-4.436,-8.738,1.144,-1.144,55.360,9.179
452,1,-3.559,-32.407,-74.868,2.740,-0.259,-0.480,0.431,-4.986,-8.594,-1.230,1.230,52.393,12.146
453,1,-2.396,-32.556,-74.708,2.259,-0.274,-0.176,0.431,-4.986,-8.594,-4.726,4.726,42.373,22.592
454,1,-1.234,-32.703,-74.551,2.259,-0.274,-0.176,0.167,-5.029,-8.613,-6.838,6.838,39.723,25.242
455,1,-0.231,-32.825,-74.482,1.895,-0.229,-0.051,0.167,-5.029,-8.613,-8.412,8.412,33.656,30.031
456,1,0.771,-32.947,-74.413,1.895,-0.229,-0.051,-0.081,-4.972,-8.518,-10.260,10.260,31.328,32.359
457,1,1.480,-33.025,-74.373,1.358,-0.156,-0.020,-0.081,-4.972,-8.518,-9.277,9.277,27.846,33.741
458,1,2.190,-33.105,-74.332,1.358,-0.156,-0.020,-0.124,-5.010,-8.364,-10.598,10.598,26.178,35.409
459,1,2.514,-33.199,-74.324,0.649,-0.187,0.016,-0.124,-5.010,-8.364,-8.116,8.116,24.953,37.547
460,1,2.838,-33.293,-74.314,0.649,-0.187,0.016,-0.177,-5.278,-8.350,-8.730,8.730,24.173,38.326
461,1,2.718,-33.444,-74.362,-0.186,-0.290,0.091,-0.177,-5.278,-8.350,-5.284,5.284,24.019,41.403
462,1,2.605,-33.594,-74.409,-0.186,-0.290,0.091,-0.177,-5.489,-8.140,-5.095,5.095,24.252,41.170
463,1,2.052,-33.801,-74.515,-1.013,-0.389,0.165,-0.177,-5.489,-8.140,-0.877,0.877,25.082,43.170
464,1,1.506,-34.007,-74.622,-1.013,-0.389,0.165,0.220,-5.450,-8.537,0.137,-0.137,26.363,41.889
465,1,0.442,-34.220,-74.770,-1.966,-0.401,0.229,0.220,-5.450,-8.537,6.123,-6.123,27.492,41.095
466,1,-0.611,-34.434,-74.918,-1.966,-0.401,0.229,0.885,-5.154,-8.446,8.146,-8.146,30.065,38.522
467,1,-2.181,-34.635,-75.128,-2.935,-0.374,0.319,0.885,-5.154,-8.446,14.914,-14.914,31.330,36.496
468,1,-3.746,-34.842,-75.330,-2.935,-0.374,0.319,0.885,-5.158,-8.025,17.977,-17.977,35.244,32.582
469,1,-5.669,-35.013,-75.689,-3.727,-0.290,0.549,1.287,-5.158,-8.025,22.830,-22.830,33.105,32.317
470,1,-7.584,-35.197,-76.043,-3.727,-0.290,0.549,1.287,-5.857,-7.517,26.591,-26.591,37.920,27.502
471,1,-9.357,-35.340,-76.599,-3.700,-0.160,0.829,0.957,-5.857,-7.517,26.414,-26.414,33.492,28.217
472,1,-11.122,-35.498,-77.148,-3.700,-0.160,0.829,0.957,-5.857,-7.254,29.853,-29.853,37.896,23.812
473,1,-12.325,-35.618,-77.801,-2.839,-0.040,0.964,0.689,-5.852,-7.254,26.199,-26.199,35.810,22.490
474,1,-13.519,-35.755,-78.450,-2.839,-0.040,0.964,0.689,-5.852,-6.809,28.521,-28.521,38.789,19.510
475,1,-14.046,-35.885,-79.074,-1.656,-0.025,0.929,1.311,-5.536,-6.809,24.122,-24.122,40.833,17.010
476,1,-14.428,-36.173,-79.721,-1.656,-0.025,0.929,1.311,-5.536,-6.809,24.861,-24.861,42.078,15.764
477,1,-14.664,-36.216,-80.258,-0.921,-0.046,0.839,1.407,-6.053,-7.484,22.609,-22.609,45.230,13.222
478,1,-14.807,-36.360,-80.812,-0.921,-0.046,0.839,1.407,-6.053,-7.484,22.868,-22.868,45.746,12.705
479,1,-14.803,-36.420,-81.215,-0.422,-0.049,0.636,1.483,-6.259,-7.876,22.946,-22.946,50.944,7.599
480,1,-14.768,-36.490,-81.521,-0.422,-0.049,0.636,1.483,-6.259,-7.876,22.948,-22.948,50.950,7.593
481,1,-14.644,-36.568,-81.775,-0.035,-0.049,0.328,1.560,-6.216,-7.963,24.764,-24.764,58.447,0.096
482,1,-14.504,-36.656,-81.969,-0.035,-0.079,0.328,1.560,-6.216,-7.963,24.651,-24.651,58.648,0.747
483,1,-14.260,-36.726,-82.013,0.441,-0.079,0.053,1.469,-5.680,-7.628,25.456,-25.456,65.020,-5.625
484,1,-13.974,-36.835,-82.000,0.441,-0.184,0.053,1.469,-5.680,-7.628,25.172,-25.172,65.969,-3.561
485,1,-13.433,-36.902,-81.996,0.441,-0.184,-0.100,1.058,-5.594,-7.139,26.108,-26.108,68.563,-6.155
486,1,-12.845,-37.061,-81.860,1.109,-0.316,-0.100,1.058,-5.594,-7.139,21.756,-21.756,69.186,-3.004
487,1,-11.883,-37.146,-81.757,1.109,-0.316,-0.183,0.986,-5.838,-6.848,20.983,-20.983,68.955,-2.773
488,1,-10.843,-37.340,-81.557,1.988,-0.390,-0.183,0.986,-5.838,-6.848,14.666,-14.666,67.568,0.715
489,1,-9.924,-37.710,-81.206,1.988,-0.390,-0.183,1.110,-6.264,-6.804,13.050,-13.050,65.543,2.739
490,1,-8.533,-37.876,-80.940,2.689,-0.343,-0.293,1.110,-6.264,-6.804,8.170,-8.170,64.089,2.854
491,1,-7.091,-38.012,-80.637,2.689,-0.343,-0.293,1.081,-6.474,-7.460,5.247,-5.247,60.320,6.624
492,1,-5.594,-38.121,-80.294,2.985,-0.231,-0.418,1.081,-6.474,-7.460,2.226,-2.226,57.826,5.921
493,1,-4.131,-38.195,-79.920,2.985,-0.231,-0.418,0.790,-6.493,-7.939,-0.856,0.856,53.827,9.921
494,1,-2.701,-38.236,-79.513,2.963,-0.096,-0.520,0.790,-6.493,-7.939,-2.513,2.513,50.489,9.393
495,1,-1.307,-38.283,-79.084,2.963,-0.096,-0.520,-0.053,-6.101,-7.785,-5.500,5.500,46.602,13.280
496,1,0.064,-38.337,-78.641,2.915,-0.096,-0.574,-0.053,-6.101,-7.785,-7.533,7.533,44.116,15.766
497,1,1.401,-38.431,-78.197,2.915,-0.096,-0.574,-0.574,-5.981,-7.852,-10.425,10.425,40.348,19.534
498,1,2.706,-38.567,-77.752,2.819,-0.210,-0.589,-0.574,-5.981,-7.852,-12.600,12.600,38.642,24.497
499,1,3.920,-38.724,-77.326,2.819,-0.210,-0.589,-0.383,-5.627,-7.881,-15.263,15.263,35.162,27.977
500,1,5.053,-38.904,-76.924,2.483,-0.279,-0.551,-0.383,-5.627,-7.881,-16.570,16.570,31.911,33.206
501,1,6.041,-39.089,-76.558,2.483,-0.279,-0.551,-0.412,-5.541,-7.776,-18.776,18.776,29.016,36.101
502,1,6.885,-39.280,-76.224,1.927,-0.293,-0.473,-0.412,-5.541,-7.776,-18.876,18.876,24.761,40.752
503,1,7.598,-39.466,-75.930,1.927,-0.293,-0.473,-0.488,-5.910,-7.594,-20.509,20.509,22.607,42.906
504,1,8.177,-39.655,-75.678,1.384,-0.303,-0.371,-0.488,-5.910,-7.594,-20.424,20.424,18.397,47.390
505,1,8.657,-39.850,-75.485,1.384,-0.303,-0.371,-0.900,-6.269,-7.446,-21.574,21.574,16.869,48.918
506,1,9.036,-40.044,-75.351,0.896,-0.334,-0.224,-0.900,-6.269,-7.446,-21.910,21.910,12.398,54.302
507,1,9.309,-40.236,-75.270,0.896,-0.334,-0.224,-1.392,-6.709,-7.312,-22.621,22.621,11.441,55.259
508,1,9.487,-40.419,-75.244,0.415,-0.329,-0.084,-1.392,-6.709,-7.312,-22.468,22.468,7.189,59.359
509,1,9.566,-40.567,-75.243,0.415,-0.329,-0.084,-1.546,-6.728,-7.498,-22.735,22.735,6.817,59.730
510,1,9.548,-40.678,-75.267,0.006,-0.210,-0.009,-1.546,-6.728,-7.498,-21.667,21.667,3.165,59.974
511,1,9.365,-40.745,-75.300,0.006,-0.210,-0.009,-1.321,-6.570,-7.551,-21.307,21.307,3.627,59.512
512,1,9.028,-40.771,-75.352,-0.598,-0.066,0.051,-1.321,-6.570,-7.551,-18.303,18.303,1.037,57.993
513,1,8.482,-40.789,-75.438,-0.598,-0.066,0.051,-0.943,-6.326,-7.388,-17.097,17.097,2.618,56.412
514,1,7.724,-40.805,-75.559,-1.419,-0.058,0.138,-0.943,-6.326,-7.388,-12.393,12.393,2.531,56.255
515,1,6.720,-40.859,-75.714,-1.419,-0.058,0.138,-0.110,-5.847,-6.943,-10.150,10.150,5.478,53.309
516,1,5.465,-40.947,-75.900,-2.386,-0.193,0.214,-0.110,-5.847,-6.943,-3.432,3.432,9.235,53.417
517,1,3.984,-41.054,-76.109,-2.386,-0.193,0.214,0.158,-5.843,-6.560,-0.049,0.049,13.689,48.962
518,1,2.633,-41.518,-76.478,-3.246,-0.246,0.273,0.158,-5.843,-6.560,6.573,-6.573,17.001,47.172
519,1,0.886,-41.688,-76.737,-3.246,-0.246,0.273,0.474,-6.269,-6.680,10.704,-10.704,22.465,41.709
520,1,-1.082,-41.736,-76.960,-3.735,-0.082,0.293,0.474,-6.269,-6.680,17.600,-17.600,25.848,33.638
521,1,-3.000,-41.757,-77.214,-3.735,-0.082,0.293,0.622,-6.723,-6.809,22.180,-22.180,31.917,27.570
522,1,-5.042,-41.555,-77.232,-3.796,0.222,0.327,0.622,-6.723,-6.809,26.824,-26.824,33.023,17.789
523,1,-6.847,-41.362,-77.560,-3.796,0.222,0.327,0.254,-7.010,-7.116,30.935,-30.935,38.436,12.376
524,1,-8.504,-41.079,-77.912,-3.408,0.567,0.409,0.254,-7.010,-7.116,31.591,-31.591,36.193,4.758
525,1,-9.944,-40.680,-78.332,-3.408,0.567,0.409,0.258,-6.733,-7.336,34.540,-34.540,40.011,0.939
526,1,-11.021,-40.284,-78.744,-2.474,0.801,0.420,0.258,-6.733,-7.336,31.797,-31.797,39.035,-4.780
527,1,-12.036,-39.832,-78.971,-2.474,0.801,0.420,0.880,-6.374,-7.690,33.612,-33.612,41.325,-7.070
528,1,-12.609,-39.445,-79.301,-1.492,0.780,0.290,0.880,-6.374,-7.690,31.221,-31.221,45.964,-11.101
529,1,-13.073,-39.000,-79.686,-1.492,0.780,0.290,1.713,-5.627,-7.695,31.817,-31.817,46.650,-11.786
530,1,-13.286,-38.732,-79.833,-0.650,0.526,0.088,1.713,-5.627,-7.695,30.336,-30.336,55.530,-13.423
531,1,-13.493,-38.457,-79.989,-0.650,0.526,0.088,1.909,-5.742,-7.647,30.530,-30.530,55.725,-13.617
532,1,-13.554,-38.322,-79.990,-0.210,0.249,-0.058,1.909,-5.742,-7.647,30.168,-30.168,63.320,-13.299
533,1,-13.627,-38.185,-79.987,-0.210,0.249,-0.058,1.881,-5.958,-7.671,30.203,-30.203,63.337,-13.316
534,1,-13.560,-38.144,-79.909,0.115,0.064,-0.119,1.881,-5.958,-7.671,29.185,-29.185,67.306,-11.989
535,1,-13.503,-38.097,-79.831,0.115,0.064,-0.119,1.593,-6.048,-7.608,29.035,-29.035,67.104,-11.787
536,1,-13.281,-38.106,-79.732,0.426,-0.030,-0.126,1.593,-6.048,-7.608,27.130,-27.130,68.051,-10.055
537,1,-13.064,-38.113,-79.631,0.426,-0.030,-0.126,1.105,-6.158,-7.618,26.707,-26.707,67.507,-9.512
538,1,-12.583,-38.135,-79.511,0.918,-0.067,-0.148,1.105,-6.158,-7.618,23.585,-23.585,67.390,-8.330
539,1,-12.102,-38.161,-79.391,0.918,-0.067,-0.148,0.804,-6.288,-7.628,22.644,-22.644,66.180,-7.120
540,1,-11.299,-38.154,-79.219,1.549,-0.026,-0.229,0.804,-6.288,-7.628,18.880,-18.880,65.514,-7.640
541,1,-10.497,-38.148,-79.050,1.549,-0.026,-0.229,0.766,-6.422,-7.628,17.249,-17.249,63.403,-5.530
542,1,-9.435,-38.094,-78.790,2.107,0.043,-0.363,0.766,-6.422,-7.628,13.930,-13.930,62.923,-6.997
543,1,-8.376,-38.047,-78.531,2.107,0.043,-0.363,0.794,-6.403,-7.738,11.721,-11.721,60.055,-4.130
544,1,-7.174,-37.976,-78.200,2.446,0.075,-0.462,0.794,-6.403,-7.738,8.736,-8.736,58.789,-3.776
545,1,-5.982,-37.911,-77.865,2.446,0.075,-0.462,0.794,-6.403,-7.738,6.219,-6.219,55.518,-0.506
546,1,-4.824,-37.863,-77.512,2.446,0.075,-0.462,0.880,-6.206,-7.771,3.772,-3.772,52.339,2.673
547,1,-3.711,-37.830,-77.146,2.356,0.034,-0.499,0.880,-6.206,-7.771,2.318,-2.318,50.766,5.403
548,1,-2.700,-37.824,-76.767,2.356,0.034,-0.499,0.790,-5.838,-7.790,0.180,-0.180,47.990,8.179
549,1,-1.788,-37.847,-76.378,2.045,-0.049,-0.516,0.790,-5.838,-7.790,0.017,-0.017,47.095,11.448
550,1,-0.933,-37.895,-75.988,2.045,-0.049,-0.516,0.723,-5.613,-7.580,-1.796,1.796,44.742,13.801
551,1,-0.141,-37.966,-75.591,1.860,-0.123,-0.526,0.723,-5.613,-7.580,-2.422,2.422,43.868,16.775
552,1,0.602,-38.032,-75.197,1.860,-0.123,-0.526,0.536,-5.843,-7.489,-4.007,4.007,41.806,18.837
553,1,1.292,-38.091,-74.810,1.687,-0.089,-0.518,0.536,-5.843,-7.489,-4.731,4.731,39.195,20.505
554,1,1.979,-38.133,-74.434,1.687,-0.089,-0.518,-0.014,-6.063,-7.584,-6.206,6.206,37.275,22.424
555,1,2.658,-38.159,-74.071,1.643,-0.027,-0.478,-0.014,-6.063,-7.584,-7.931,7.931,33.498,24.406
556,1,3.339,-38.173,-73.725,1.643,-0.027,-0.478,-0.316,-6.321,-7.503,-9.389,9.389,31.600,26.304
557,1,4.032,-38.173,-73.402,1.627,0.033,-0.429,-0.316,-6.321,-7.503,-11.399,11.399,27.601,28.598
558,1,4.685,-38.147,-73.082,1.627,0.033,-0.429,-0.536,-6.350,-7.465,-12.780,12.780,25.809,30.391
559,1,5.299,-38.096,-72.768,1.481,0.135,-0.405,-0.536,-6.350,-7.465,-13.641,13.641,22.069,31.208
560,1,5.824,-38.019,-72.444,1.481,0.135,-0.405,-0.584,-6.048,-7.522,-14.721,14.721,20.673,32.604
561,1,6.251,-37.913,-72.107,1.178,0.242,-0.424,-0.584,-6.048,-7.522,-13.826,13.826,18.529,31.704
562,1,6.552,-37.773,-71.768,1.178,0.242,-0.424,-0.790,-5.958,-7.489,-14.396,14.396,17.803,32.430
563,1,6.761,-37.631,-71.440,0.778,0.305,-0.412,-0.790,-5.958,-7.489,-12.916,12.916,16.140,32.298
564,1,6.921,-37.534,-71.154,0.778,0.305,-0.412,-0.852,-6.082,-7.278,-13.207,13.207,15.774,32.664
565,1,6.987,-37.413,-70.896,0.447,0.270,-0.327,-0.852,-6.082,-7.278,-12.705,12.705,14.051,35.392
566,1,7.048,-37.328,-70.721,0.447,0.270,-0.327,-0.780,-6.082,-7.135,-12.795,12.795,13.943,35.500
567,1,7.047,-37.229,-70.526,0.257,0.225,-0.244,-0.780,-6.082,-7.135,-12.836,12.836,12.572,38.148
568,1,7.050,-37.127,-70.344,0.257,0.225,-0.244,-0.895,-5.804,-7.551,-12.800,12.800,12.631,38.090
569,1,7.064,-37.035,-70.189,0.236,0.212,-0.198,-0.895,-5.804,-7.551,-13.261,13.261,11.691,39.395
570,1,7.124,-36.909,-70.092,0.236,0.212,-0.198,-1.072,-5.752,-7.647,-13.330,13.330,11.616,39.470
571,1,7.218,-36.801,-69.952,0.353,0.233,-0.180,-1.072,-5.752,-7.647,-14.280,14.280,10.686,39.791
572,1,7.337,-36.675,-69.821,0.353,0.233,-0.180,-1.550,-5.771,-7.771,-14.466,14.466,10.461,40.016
573,1,7.483,-36.535,-69.692,0.428,0.287,-0.165,-1.550,-5.771,-7.771,-15.262,15.262,9.047,39.909
574,1,7.520,-36.460,-69.533,0.428,0.287,-0.165,-1.416,-5.575,-7.833,-15.302,15.302,9.004,39.952
575,1,7.586,-36.241,-69.422,0.273,0.413,-0.130,-1.416,-5.575,-7.833,-15.000,15.000,6.293,39.041
576,1,7.656,-36.026,-69.315,0.273,0.413,-0.130,-1.115,-5.316,-8.245,-15.044,15.044,6.262,39.072
577,1,7.509,-35.724,-69.216,-0.121,0.564,-0.107,-1.115,-5.316,-8.245,-12.950,12.950,4.099,36.943
578,1,7.360,-35.419,-69.115,-0.121,0.564,-0.107,-0.794,-5.063,-8.345,-12.533,12.533,4.667,36.375
579,1,6.989,-35.028,-69.026,-0.524,0.709,-0.077,-0.794,-5.063,-8.345,-10.022,10.022,2.992,33.880
580,1,6.625,-34.634,-68.944,-0.524,0.709,-0.077,-0.541,-4.919,-7.948,-9.178,9.178,4.109,32.764
581,1,6.071,-34.231,-68.889,-0.887,0.723,-0.034,-0.541,-4.919,-7.948,-6.706,6.706,4.395,32.082
582,1,5.523,-33.826,-68.841,-0.887,0.723,-0.034,-0.531,-5.058,-7.470,-5.552,5.552,5.895,30.582
583,1,4.763,-33.497,-68.850,-1.318,0.590,0.033,-0.531,-5.058,-7.470,-2.731,2.731,8.053,32.228
584,1,4.012,-33.167,-68.867,-1.318,0.590,0.033,-0.641,-5.579,-7.470,-1.264,1.264,9.928,30.353
585,1,2.936,-32.914,-68.936,-1.947,0.456,0.101,-0.641,-5.579,-7.470,3.061,-3.061,12.712,31.404
586,1,1.871,-32.665,-69.010,-1.947,0.456,0.101,0.086,-5.450,-8.144,5.046,-5.046,15.220,28.896
587,1,0.405,-32.403,-69.141,-2.708,0.481,0.177,0.086,-5.450,-8.144,10.593,-10.593,16.348,27.038
588,1,-1.048,-32.143,-69.282,-2.708,0.481,0.177,1.560,-4.780,-9.058,13.221,-13.221,19.643,23.743
589,1,-2.957,-31.810,-69.442,-3.521,0.615,0.200,1.560,-4.780,-9.058,20.384,-20.384,21.387,18.194
590,1,-4.852,-31.483,-69.619,-3.521,0.615,0.200,1.900,-4.393,-8.675,23.679,-23.679,25.476,14.105
591,1,-7.057,-31.115,-69.859,-4.131,0.692,0.275,1.900,-4.393,-8.675,29.536,-29.536,27.109,10.250
592,1,-9.251,-30.755,-70.113,-4.131,0.692,0.275,1.632,-5.125,-8.010,33.147,-33.147,31.528,5.831
593,1,-11.339,-30.444,-70.462,-4.038,0.647,0.407,1.632,-5.125,-8.010,34.379,-34.379,32.946,5.722
594,1,-13.416,-30.143,-70.821,-4.038,0.647,0.407,1.665,-5.249,-7.852,37.610,-37.610,36.840,1.828
595,1,-15.111,-29.905,-71.274,-3.467,0.601,0.557,1.665,-5.249,-7.852,35.443,-35.443,36.807,3.170
596,1,-16.799,-29.676,-71.734,-3.467,0.601,0.557,1.665,-4.795,-7.996,37.225,-37.225,39.765,0.212
597,1,-17.843,-29.482,-72.246,-2.393,0.588,0.639,2.560,-4.795,-7.996,31.682,-31.682,39.609,0.733
598,1,-18.891,-29.293,-72.761,-2.393,0.588,0.639,2.560,-4.847,-8.613,32.522,-32.522,41.289,-0.947
599,1,-19.373,-29.157,-73.245,-1.380,0.497,0.627,2.924,-4.847,-8.613,27.950,-27.950,43.569,-0.640
600,1,-19.861,-29.022,-73.732,-1.380,0.497,0.627,2.924,-4.847,-8.795,28.296,-28.296,44.262,-1.333
601,1,-19.822,-28.938,-74.091,-0.347,0.349,0.475,2.871,-5.044,-8.795,24.951,-24.951,50.008,-2.849
602,1,-19.793,-28.855,-74.447,-0.347,0.349,0.475,2.871,-5.044,-8.642,24.871,-24.871,49.849,-2.689
603,1,-19.422,-28.850,-74.616,0.409,0.117,0.255,2.842,-4.847,-8.642,23.515,-23.515,58.018,-4.223
604,1,-19.061,-28.845,-74.783,0.409,0.117,0.255,2.842,-4.847,-8.561,23.191,-23.191,57.370,-3.575
605,1,-18.720,-28.787,-74.783,0.695,-0.096,0.060,2.780,-4.541,-8.561,23.860,-23.860,64.607,-4.725
606,1,-18.286,-28.858,-74.783,0.695,-0.096,0.060,2.780,-4.541,-8.561,23.515,-23.515,63.917,-4.035
607,1,-17.813,-28.941,-74.693,0.916,-0.244,-0.039,2.402,-4.575,-8.106,23.268,-23.268,67.754,-3.641
608,1,-17.303,-29.069,-74.608,0.916,-0.244,-0.039,2.402,-4.575,-8.106,22.880,-22.880,66.977,-2.864
609,1,-16.622,-29.206,-74.565,1.338,-0.341,-0.045,2.239,-4.599,-7.747,20.288,-20.288,67.398,-0.515
610,1,-15.888,-29.388,-74.463,1.338,-0.341,-0.045,2.239,-4.599,-7.747,19.704,-19.704,66.229,0.653
611,1,-14.944,-29.528,-74.375,1.823,-0.341,-0.047,2.115,-4.713,-7.680,16.032,-16.032,64.644,2.238
612,1,-13.948,-29.729,-74.267,1.823,-0.377,-0.047,2.115,-4.713,-7.680,14.581,-14.581,63.450,4.467
613,1,-12.672,-29.851,-74.179,2.428,-0.377,-0.066,1.641,-4.943,-8.001,9.818,-9.818,61.549,6.369
614,1,-11.299,-30.027,-74.202,2.428,-0.352,-0.066,1.641,-4.943,-8.001,7.680,-7.680,58.607,8.580
615,1,-9.784,-30.148,-74.117,2.428,-0.352,-0.109,0.976,-5.240,-8.537,5.773,-5.773,56.704,10.483
616,1,-8.253,-30.306,-74.006,2.812,-0.303,-0.109,0.976,-5.240,-8.537,1.359,-1.359,52.966,12.821
617,1,-6.625,-30.437,-73.883,2.812,-0.303,-0.211,0.761,-5.120,-8.805,-0.067,0.067,52.205,13.581
618,1,-5.523,-30.936,-73.564,3.065,-0.321,-0.211,0.761,-5.120,-8.805,-3.076,3.076,50.354,15.950
619,1,-3.950,-31.131,-73.369,3.065,-0.321,-0.211,0.766,-4.541,-8.723,-5.765,5.765,47.032,19.272
620,1,-2.442,-31.353,-73.130,2.949,-0.424,-0.368,0.766,-4.541,-8.723,-5.840,5.840,49.184,20.072
621,1,-1.118,-31.609,-72.863,2.949,-0.424,-0.368,0.833,-4.240,-8.766,-8.160,8.160,46.299,22.957
622,1,0.012,-31.903,-72.563,2.379,-0.546,-0.485,0.833,-4.240,-8.766,-5.856,5.856,48.469,24.288
623,1,0.982,-32.217,-72.271,2.379,-0.546,-0.485,0.885,-4.244,-8.135,-7.611,7.611,46.269,26.487
624,1,1.786,-32.552,-71.993,1.805,-0.616,-0.481,0.885,-4.244,-8.135,-6.265,6.265,45.307,29.428
625,1,2.487,-32.892,-71.762,1.805,-0.616,-0.481,0.670,-4.761,-8.125,-7.586,7.586,43.634,31.101
626,1,3.100,-33.235,-71.578,1.390,-0.635,-0.354,0.670,-4.761,-8.125,-8.294,8.294,39.207,36.076
627,1,3.686,-33.576,-71.477,1.390,-0.635,-0.354,0.172,-5.154,-7.986,-9.446,9.446,37.732,37.550
628,1,4.248,-33.909,-71.448,1.162,-0.625,-0.132,0.172,-5.154,-7.986,-12.202,12.202,30.610,44.399
629,1,4.794,-34.217,-71.504,1.162,-0.625,-0.132,-0.550,-5.757,-7.900,-13.308,13.308,29.184,45.825
630,1,5.321,-34.498,-71.638,0.933,-0.550,0.096,-0.550,-5.757,-7.900,-16.093,16.093,21.010,51.838
631,1,5.769,-34.742,-71.824,0.933,-0.550,0.096,-1.397,-6.139,-8.073,-17.023,17.023,19.805,53.043
632,1,6.145,-34.945,-72.064,0.544,-0.418,0.252,-1.397,-6.139,-8.073,-17.826,17.826,12.979,56.095
633,1,6.378,-35.102,-72.307,0.544,-0.418,0.252,-1.469,-5.857,-8.226,-18.328,18.328,12.323,56.751
634,1,6.475,-35.216,-72.562,0.017,-0.261,0.284,-1.469,-5.857,-8.226,-16.320,16.320,8.983,55.616
635,1,6.335,-35.288,-72.788,0.017,-0.261,0.284,-0.890,-5.953,-8.039,-16.074,16.074,9.290,55.310
636,1,5.962,-35.316,-72.991,-0.762,-0.100,0.228,-0.890,-5.953,-8.039,-10.760,10.760,9.314,50.690
637,1,5.302,-35.336,-73.181,-0.762,-0.100,0.228,-0.263,-5.814,-7.666,-9.479,9.479,10.948,49.056
638,1,4.354,-35.350,-73.360,-1.766,-0.052,0.199,-0.263,-5.814,-7.666,-2.245,2.245,13.349,45.285
639,1,3.172,-35.365,-73.550,-1.766,-0.052,0.199,0.349,-5.235,-7.465,0.077,-0.077,16.319,42.315
640,1,1.754,-35.384,-73.758,-2.637,-0.056,0.238,0.349,-5.235,-7.465,6.744,-6.744,18.997,39.759
641,1,0.226,-35.405,-74.001,-2.637,-0.056,0.238,0.301,-5.316,-7.355,9.766,-9.766,22.867,35.889
642,1,-1.411,-35.428,-74.278,-3.114,-0.045,0.349,0.301,-5.316,-7.355,13.995,-13.995,24.054,34.367
643,1,-2.894,-35.452,-74.592,-3.114,-0.045,0.349,0.105,-5.757,-7.259,16.933,-16.933,27.817,30.604
644,1,-4.227,-35.479,-74.941,-2.691,-0.023,0.447,0.105,-5.757,-7.259,16.229,-16.229,28.438,29.374
645,1,-5.256,-35.482,-75.295,-2.691,-0.023,0.447,-0.062,-6.115,-7.623,18.253,-18.253,31.028,26.785
646,1,-5.971,-35.457,-75.658,-1.649,0.095,0.467,-0.062,-6.115,-7.623,14.196,-14.196,30.637,23.797
647,1,-6.348,-35.396,-75.986,-1.649,0.095,0.467,-0.029,-6.211,-7.939,14.909,-14.909,31.542,22.892
648,1,-6.390,-35.298,-76.271,-0.401,0.225,0.346,-0.029,-6.211,-7.939,10.220,-10.220,32.747,17.973
649,1,-6.281,-35.190,-76.473,-0.401,0.225,0.346,0.163,-5.843,-8.197,9.970,-9.970,32.417,18.303
650,1,-6.032,-35.056,-76.591,0.300,0.234,0.103,0.163,-5.843,-8.197,8.973,-8.973,37.667,12.780
651,1,-5.816,-34.942,-76.607,0.300,0.234,0.103,0.847,-5.355,-7.991,8.520,-8.520,37.077,13.370
652,1,-5.584,-34.899,-76.539,0.455,0.075,-0.147,0.847,-5.355,-7.991,10.416,-10.416,45.028,9.985
653,1,-5.439,-34.906,-76.426,0.455,0.075,-0.147,1.225,-5.331,-7.599,10.137,-10.137,44.673,10.339
654,1,-5.421,-34.936,-76.290,0.180,-0.038,-0.283,1.225,-5.331,-7.599,13.191,-13.191,49.666,8.572
655,1,-5.468,-34.981,-76.132,0.180,-0.038,-0.283,1.316,-5.288,-7.733,13.294,-13.294,49.802,8.437
656,1,-5.638,-34.990,-76.003,-0.165,-0.032,-0.222,1.316,-5.288,-7.733,14.579,-14.579,48.589,9.467
657,1,-5.800,-34.993,-75.912,-0.165,-0.032,-0.222,1.182,-5.422,-7.608,14.894,-14.894,48.991,9.065
658,1,-5.963,-34.980,-75.887,-0.250,0.019,-0.075,1.182,-5.422,-7.608,13.793,-13.793,44.979,11.616
659,1,-6.081,-34.936,-75.874,-0.250,0.019,-0.075,0.727,-5.690,-7.824,14.006,-14.006,45.247,11.348
660,1,-6.095,-34.900,-75.931,-0.066,0.077,0.035,0.727,-5.690,-7.824,11.726,-11.726,41.696,13.256
661,1,-6.043,-34.821,-76.011,-0.066,0.077,0.035,0.354,-5.828,-8.140,11.600,-11.600,41.528,13.424
662,1,-5.891,-34.758,-76.075,0.219,0.125,0.043,0.354,-5.828,-8.140,9.768,-9.768,40.253,13.329
663,1,-5.797,-34.734,-76.122,0.219,0.125,0.043,0.268,-5.800,-8.350,9.580,-9.580,40.012,13.570
664,1,-5.610,-34.661,-76.104,0.360,0.126,-0.078,0.268,-5.800,-8.350,10.000,-10.000,42.514,11.037
665,1,-5.423,-34.591,-76.089,0.360,0.126,-0.078,0.608,-5.460,-8.245,9.621,-9.621,42.026,11.526
666,1,-5.337,-34.541,-75.974,0.277,0.075,-0.217,0.608,-5.460,-8.245,11.603,-11.603,46.015,8.997
667,1,-5.254,-34.490,-75.861,0.277,0.075,-0.217,1.115,-5.245,-7.963,11.429,-11.429,45.789,9.224
668,1,-5.297,-34.476,-75.711,0.093,0.003,-0.265,1.115,-5.245,-7.963,13.028,-13.028,48.105,8.946
669,1,-5.345,-34.461,-75.558,0.093,0.003,-0.265,1.445,-5.168,-7.824,13.116,-13.116,48.217,8.835
670,1,-5.464,-34.473,-75.452,-0.075,-0.034,-0.195,1.445,-5.168,-7.824,13.303,-13.303,47.284,10.833
671,1,-5.584,-34.477,-75.346,-0.075,-0.034,-0.195,1.378,-5.302,-7.809,13.534,-13.534,47.577,10.539
672,1,-5.682,-34.477,-75.333,-0.128,-0.003,-0.059,1.378,-5.302,-7.809,12.282,-12.282,43.964,13.270
673,1,-5.785,-34.475,-75.322,-0.128,-0.003,-0.059,1.096,-5.584,-7.690,12.476,-12.476,44.210,13.024
674,1,-5.801,-34.458,-75.394,-0.067,0.036,0.065,1.096,-5.584,-7.690,10.654,-10.654,40.590,15.518
675,1,-5.818,-34.441,-75.466,-0.067,0.036,0.065,0.679,-5.747,-7.647,10.680,-10.680,40.622,15.486
676,1,-5.749,-34.414,-75.574,0.047,0.062,0.126,0.679,-5.747,-7.647,9.211,-9.211,38.558,16.820
677,1,-5.672,-34.387,-75.689,0.047,0.062,0.126,0.407,-5.814,-7.905,9.058,-9.058,38.360,17.017
678,1,-5.596,-34.349,-75.781,0.072,0.085,0.098,0.407,-5.814,-7.905,9.120,-9.120,38.516,16.192
679,1,-5.515,-34.312,-75.872,0.072,0.085,0.098,0.407,-5.670,-8.221,8.956,-8.956,38.304,16.403
680,1,-5.533,-34.247,-75.885,-0.027,0.121,-0.022,0.407,-5.670,-8.221,10.970,-10.970,40.809,12.864
681,1,-5.553,-34.180,-75.901,-0.027,0.121,-0.022,0.536,-5.446,-8.288,10.988,-10.988,40.826,12.847
682,1,-5.649,-34.108,-75.819,-0.070,0.123,-0.164,0.536,-5.446,-8.288,13.138,-13.138,44.550,9.093
683,1,-5.745,-34.031,-75.736,-0.070,0.123,-0.164,0.900,-5.278,-8.321,13.295,-13.295,44.742,8.901
684,1,-5.890,-33.985,-75.594,-0.097,0.062,-0.256,0.900,-5.278,-8.321,14.830,-14.830,48.221,7.157
685,1,-6.038,-33.940,-75.447,-0.097,0.062,-0.256,0.900,-5.149,-8.207,15.095,-15.095,48.552,6.826
686,1,-6.207,-33.909,-75.294,-0.123,0.026,-0.267,1.402,-5.149,-8.207,15.674,-15.674,49.745,6.668
687,1,-6.375,-33.877,-75.140,-0.123,0.026,-0.267,1.402,-5.101,-7.919,15.977,-15.977,50.126,6.287
688,1,-6.514,-33.843,-75.045,-0.127,0.039,-0.175,1.407,-5.101,-7.919,15.089,-15.089,47.922,8.095
689,1,-6.648,-33.808,-74.958,-0.127,0.039,-0.175,1.407,-5.101,-7.805,15.326,-15.326,48.218,7.798
690,1,-6.707,-33.797,-74.964,-0.083,0.014,-0.029,1.196,-5.273,-7.805,13.389,-13.389,45.067,11.680
691,1,-6.769,-33.787,-74.969,-0.083,0.014,-0.029,1.196,-5.273,-7.757,13.501,-13.501,45.208,11.539
692,1,-6.767,-33.804,-75.051,-0.048,-0.027,0.084,0.986,-5.484,-7.757,11.916,-11.916,42.967,14.936
693,1,-6.768,-33.827,-75.127,-0.048,-0.027,0.084,0.986,-5.484,-7.757,11.925,-11.925,42.982,14.922
694,1,-6.753,-33.841,-75.213,-0.048,-0.027,0.084,0.723,-5.713,-7.963,11.904,-11.904,42.956,14.948
695,1,-6.725,-33.853,-75.302,-0.015,-0.006,0.103,0.723,-5.713,-7.963,11.450,-11.450,42.128,15.198
696,1,-6.699,-33.862,-75.372,-0.015,-0.006,0.103,0.569,-5.709,-8.178,11.405,-11.405,42.071,15.255
697,1,-6.706,-33.834,-75.404,-0.028,0.048,0.021,0.569,-5.709,-8.178,12.497,-12.497,43.346,12.427
698,1,-6.718,-33.815,-75.416,-0.028,0.048,0.021,0.641,-5.489,-8.178,12.512,-12.512,43.364,12.410
699,1,-6.757,-33.772,-75.369,-0.005,0.071,-0.115,0.641,-5.489,-8.178,14.164,-14.164,46.507,8.596
700,1,-6.809,-33.730,-75.293,-0.005,0.071,-0.115,0.967,-5.355,-8.159,14.244,-14.244,46.605,8.499
701,1,-6.886,-33.680,-75.162,0.002,0.068,-0.232,0.967,-5.355,-8.159,15.798,-15.798,49.733,5.462
702,1,-6.969,-33.631,-75.064,0.002,0.068,-0.232,1.445,-5.106,-7.986,15.933,-15.933,49.898,5.297
703,1,-7.085,-33.584,-74.920,-0.050,0.056,-0.251,1.445,-5.106,-7.986,16.630,-16.630,50.788,4.742
704,1,-7.205,-33.535,-74.776,-0.050,0.056,-0.251,1.570,-5.024,-7.795,16.833,-16.833,51.039,4.491
705,1,-7.311,-33.480,-74.708,-0.099,0.081,-0.148,1.570,-5.024,-7.795,15.962,-15.962,48.320,6.510
706,1,-7.407,-33.414,-74.643,-0.099,0.081,-0.148,1.383,-5.130,-7.718,16.112,-16.112,48.502,6.328
707,1,-7.448,-33.362,-74.688,-0.093,0.093,0.021,1.383,-5.130,-7.718,14.018,-14.018,44.163,10.332
708,1,-7.495,-33.311,-74.728,-0.093,0.093,0.021,1.129,-5.369,-7.752,14.085,-14.085,44.241,10.253
709,1,-7.485,-33.286,-74.843,-0.069,0.066,0.132,1.129,-5.369,-7.752,12.554,-12.554,41.813,13.443
710,1,-7.477,-33.259,-74.958,-0.069,0.066,0.132,0.718,-5.704,-7.958,12.529,-12.529,41.778,13.478
711,1,-7.421,-33.224,-75.080,-0.002,0.085,0.144,0.718,-5.704,-7.958,11.932,-11.932,41.063,13.645
712,1,-7.369,-33.192,-75.201,-0.002,0.085,0.144,0.550,-5.699,-8.384,11.825,-11.825,40.923,13.785
713,1,-7.342,-33.128,-75.257,0.005,0.129,0.040,0.550,-5.699,-8.384,13.007,-13.007,42.784,10.676
714,1,-7.318,-33.061,-75.313,0.005,0.129,0.040,0.660,-5.426,-8.537,12.938,-12.938,42.689,10.771
715,1,-7.359,-32.974,-75.247,0.001,0.144,-0.143,0.660,-5.426,-8.537,15.291,-15.291,47.099,5.935
716,1,-7.399,-32.887,-75.184,0.001,0.144,-0.143,1.115,-5.134,-8.489,15.331,-15.331,47.138,5.896
717,1,-7.487,-32.793,-75.001,0.030,0.130,-0.319,1.115,-5.134,-8.489,17.508,-17.508,51.875,1.555
718,1,-7.573,-32.700,-74.823,0.030,0.130,-0.319,1.589,-4.819,-8.211,17.627,-17.627,52.013,1.416
719,1,-7.704,-32.617,-74.606,-0.007,0.099,-0.369,1.589,-4.819,-8.211,18.642,-18.642,53.950,0.363
720,1,-7.834,-32.534,-74.391,-0.007,0.099,-0.369,1.794,-4.756,-7.886,18.842,-18.842,54.189,0.123
721,1,-7.928,-32.473,-74.263,-0.026,0.069,-0.236,1.794,-4.756,-7.886,17.425,-17.425,51.485,3.679
722,1,-8.025,-32.416,-74.133,-0.026,0.069,-0.236,1.622,-4.981,-7.752,17.576,-17.576,51.667,3.498
723,1,-8.060,-32.408,-74.152,-0.051,0.016,-0.001,1.622,-4.981,-7.752,14.819,-14.819,46.613,10.073
724,1,-8.095,-32.396,-74.174,-0.051,0.016,-0.001,1.378,-5.288,-7.762,14.878,-14.878,46.686,10.001
725,1,-8.058,-32.421,-74.313,-0.042,-0.018,0.179,1.378,-5.288,-7.762,12.522,-12.522,42.604,15.057
726,1,-8.027,-32.444,-74.444,-0.042,-0.018,0.179,0.919,-5.560,-8.020,12.477,-12.477,42.550,15.110
727,1,-7.938,-32.459,-74.612,0.020,0.011,0.232,0.919,-5.560,-8.020,11.349,-11.349,40.618,16.221
728,1,-7.848,-32.474,-74.781,0.020,0.011,0.232,0.919,-5.651,-8.455,11.195,-11.195,40.427,16.411
729,1,-7.783,-32.447,-74.888,0.031,0.070,0.131,0.493,-5.651,-8.455,12.281,-12.281,41.943,13.191
730,1,-7.715,-32.420,-74.997,0.031,0.070,0.131,0.493,-5.340,-8.623,12.150,-12.150,41.776,13.358
731,1,-7.691,-32.373,-74.976,0.075,0.083,-0.069,0.622,-5.340,-8.623,14.373,-14.373,46.517,8.252
732,1,-7.664,-32.323,-74.956,0.075,0.083,-0.069,0.622,-5.340,-8.546,14.305,-14.305,46.426,8.343
733,1,-7.770,-32.278,-74.793,-0.021,0.043,-0.276,0.971,-4.996,-8.546,17.540,-17.540,52.380,3.546
734,1,-7.872,-32.236,-74.638,-0.021,0.043,-0.276,0.971,-4.996,-8.202,17.705,-17.705,52.581,3.345
735,1,-8.048,-32.221,-74.416,-0.086,-0.029,-0.359,1.512,-4.776,-8.202,19.373,-19.373,56.057,1.908
736,1,-8.221,-32.207,-74.199,-0.086,-0.029,-0.359,1.512,-4.776,-7.766,19.675,-19.675,56.432,1.533
737,1,-8.362,-32.237,-74.056,-0.125,-0.050,-0.254,1.952,-4.661,-7.766,18.810,-18.810,54.430,4.143
738,1,-8.530,-32.240,-73.904,-0.125,-0.050,-0.254,1.952,-4.661,-7.766,19.108,-19.108,54.802,3.771
739,1,-8.620,-32.238,-73.924,-0.148,-0.011,-0.004,1.876,-4.785,-7.604,16.266,-16.266,48.204,9.243
740,1,-8.712,-32.241,-73.941,-0.148,-0.011,-0.004,1.876,-4.785,-7.604,16.430,-16.430,48.408,9.039
741,1,-8.684,-32.198,-74.077,-0.052,0.070,0.209,1.570,-5.158,-7.651,13.220,-13.220,41.836,13.299
742,1,-8.642,-32.172,-74.240,-0.052,0.070,0.209,1.570,-5.158,-7.651,13.134,-13.134,41.724,13.410
743,1,-8.509,-32.092,-74.453,0.061,0.070,0.271,1.120,-5.446,-7.613,11.529,-11.529,39.834,15.300
744,1,-8.378,-32.010,-74.659,0.061,0.189,0.271,1.120,-5.446,-7.613,11.265,-11.265,37.804,13.951
745,1,-8.223,-31.888,-74.849,0.101,0.189,0.211,0.761,-5.570,-7.891,11.487,-11.487,38.879,12.877
746,1,-8.102,-31.760,-74.967,0.101,0.279,0.211,0.761,-5.570,-7.891,11.226,-11.226,37.243,11.926
747,1,-7.995,-31.607,-75.085,0.101,0.279,0.042,0.546,-5.594,-8.326,13.096,-13.096,41.150,8.019
748,1,-7.911,-31.433,-75.151,0.091,0.330,0.042,0.546,-5.594,-8.326,12.936,-12.936,40.131,7.576
749,1,-7.918,-31.274,-75.135,0.091,0.330,-0.169,0.675,-5.235,-8.738,15.524,-15.524,45.323,2.385
750,1,-7.955,-31.093,-75.063,0.009,0.311,-0.169,0.675,-5.235,-8.738,15.930,-15.930,45.569,2.687
751,1,-8.081,-30.954,-74.922,0.009,0.311,-0.169,1.086,-4.833,-8.853,16.092,-16.092,45.750,2.505
752,1,-8.218,-30.797,-74.736,-0.071,0.240,-0.342,1.086,-4.833,-8.853,18.824,-18.824,51.279,-0.985
753,1,-8.375,-30.660,-74.520,-0.071,0.240,-0.342,1.603,-4.570,-8.695,19.036,-19.036,51.523,-1.228
754,1,-8.542,-30.537,-74.283,-0.074,0.162,-0.415,1.603,-4.570,-8.695,20.199,-20.199,54.742,-2.225
755,1,-8.695,-30.433,-74.067,-0.074,0.162,-0.415,2.024,-4.374,-8.422,20.416,-20.416,54.994,-2.478
756,1,-8.835,-30.351,-73.872,-0.058,0.096,-0.340,2.024,-4.374,-8.422,19.592,-19.592,54.283,0.120
757,1,-8.940,-30.295,-73.750,-0.058,0.096,-0.340,1.976,-4.536,-8.297,19.745,-19.745,54.463,-0.060
758,1,-9.011,-30.266,-73.695,-0.054,0.030,-0.119,1.976,-4.536,-8.297,17.079,-17.079,50.020,6.271
759,1,-9.027,-30.275,-73.715,-0.054,0.030,-0.119,1.689,-4.910,-8.202,17.110,-17.110,50.060,6.231
760,1,-8.992,-30.319,-73.811,0.006,-0.064,0.131,1.689,-4.910,-8.202,13.637,-13.637,45.097,13.872
761,1,-8.916,-30.389,-73.945,0.006,-0.064,0.131,1.321,-5.091,-8.135,13.539,-13.539,44.988,13.981
762,1,-8.808,-30.484,-74.118,0.061,-0.126,0.264,1.321,-5.091,-8.135,11.460,-11.460,42.379,18.356
763,1,-8.685,-30.575,-74.282,0.061,-0.126,0.264,1.038,-5.077,-8.178,11.290,-11.290,42.183,18.551
764,1,-8.543,-30.673,-74.446,0.120,-0.134,0.248,1.038,-5.077,-8.178,10.990,-10.990,42.470,18.508
765,1,-8.423,-30.749,-74.562,0.120,-0.134,0.248,0.904,-5.077,-8.283,10.818,-10.818,42.268,18.710
766,1,-8.317,-30.811,-74.642,0.132,-0.089,0.115,0.904,-5.077,-8.283,12.268,-12.268,44.774,14.926
767,1,-8.252,-30.845,-74.670,0.132,-0.089,0.115,0.991,-5.010,-8.460,12.170,-12.170,44.658,15.041
768,1,-8.229,-30.855,-74.639,0.082,-0.027,-0.062,0.991,-5.010,-8.460,14.595,-14.595,48.138,9.766
769,1,-8.255,-30.857,-74.577,0.082,-0.027,-0.062,1.029,-4.823,-8.398,14.640,-14.640,48.193,9.710
770,1,-8.326,-30.850,-74.485,-0.026,-0.018,-0.163,1.029,-4.823,-8.398,16.562,-16.562,50.749,6.912
771,1,-8.403,-30.852,-74.391,-0.026,-0.018,-0.163,1.263,-4.728,-8.297,16.693,-16.693,50.910,6.750
772,1,-8.489,-30.864,-74.295,-0.048,-0.050,-0.172,1.263,-4.728,-8.297,17.063,-17.063,51.770,6.804
773,1,-8.558,-30.879,-74.206,-0.048,-0.050,-0.172,1.522,-4.733,-8.178,17.187,-17.187,51.924,6.650
774,1,-8.605,-30.894,-74.134,-0.003,-0.056,-0.133,1.522,-4.733,-8.178,16.569,-16.569,51.164,7.592
775,1,-8.631,-30.908,-74.093,-0.003,-0.056,-0.133,1.603,-4.804,-8.039,16.620,-16.620,51.230,7.526
776,1,-8.638,-30.922,-74.080,0.027,-0.037,-0.046,1.603,-4.804,-8.039,15.396,-15.396,48.794,9.414
777,1,-8.612,-30.939,-74.096,0.027,-0.037,-0.046,1.503,-5.005,-7.967,15.359,-15.359,48.751,9.457
778,1,-8.566,-30.962,-74.142,0.068,-0.037,0.050,1.503,-5.005,-7.967,13.884,-13.884,46.272,11.936
779,1,-8.500,-30.988,-74.208,0.068,-0.037,0.050,1.340,-5.120,-7.996,13.781,-13.781,46.149,12.059
780,1,-8.415,-31.018,-74.294,0.093,-0.043,0.110,1.340,-5.120,-7.996,12.780,-12.780,44.574,13.786
781,1,-8.343,-31.041,-74.379,0.093,-0.043,0.110,1.077,-5.154,-8.140,12.665,-12.665,44.434,13.927
782,1,-8.285,-31.036,-74.468,0.058,-0.000,0.113,1.077,-5.154,-8.140,12.700,-12.700,43.621,13.522
783,1,-8.228,-31.046,-74.539,0.058,-0.000,0.113,0.895,-5.125,-8.388,12.606,-12.606,43.505,13.638
784,1,-8.210,-31.008,-74.597,-0.004,0.076,0.051,0.895,-5.125,-8.388,13.642,-13.642,43.908,11.073
785,1,-8.206,-30.969,-74.618,-0.004,0.076,0.051,0.924,-5.010,-8.503,13.620,-13.620,43.875,11.107
786,1,-8.228,-30.909,-74.607,-0.011,0.100,-0.068,0.924,-5.010,-8.503,15.158,-15.158,46.519,7.763
787,1,-8.274,-30.858,-74.565,-0.011,0.100,-0.068,1.177,-4.852,-8.542,15.217,-15.217,46.584,7.698
788,1,-8.342,-30.811,-74.483,-0.034,0.063,-0.161,1.177,-4.852,-8.542,16.590,-16.590,49.547,5.800
789,1,-8.435,-30.774,-74.392,-0.034,0.063,-0.161,1.479,-4.776,-8.460,16.732,-16.732,49.718,5.629
790,1,-8.541,-30.769,-74.308,-0.094,-0.019,-0.160,1.479,-4.776,-8.460,17.195,-17.195,51.083,6.608
791,1,-8.656,-30.770,-74.230,-0.094,-0.019,-0.160,1.751,-4.809,-8.245,17.391,-17.391,51.324,6.366
792,1,-8.759,-30.795,-74.198,-0.132,-0.062,-0.082,1.751,-4.809,-8.245,16.796,-16.796,50.222,8.686
793,1,-8.856,-30.814,-74.160,-0.132,-0.062,-0.082,1.742,-4.900,-8.073,16.969,-16.969,50.438,8.470
794,1,-8.916,-30.839,-74.200,-0.119,-0.044,0.046,1.742,-4.900,-8.073,15.420,-15.420,47.126,11.265
795,1,-8.953,-30.852,-74.249,-0.119,-0.044,0.046,1.526,-4.996,-8.068,15.488,-15.488,47.213,11.178
796,1,-8.927,-30.871,-74.371,-0.054,-0.023,0.161,1.526,-4.996,-8.068,13.688,-13.688,44.005,13.808
797,1,-8.908,-30.899,-74.490,-0.054,-0.023,0.161,1.311,-5.058,-8.144,13.667,-13.667,43.982,13.830
798,1,-8.867,-30.911,-74.629,-0.033,-0.000,0.193,1.311,-5.058,-8.144,13.097,-13.097,42.771,14.371
799,1,-8.825,-30.927,-74.766,-0.033,-0.000,0.193,1.091,-5.087,-8.245,13.032,-13.032,42.693,14.450
800,1,-8.802,-30.926,-74.892,-0.052,0.025,0.166,1.091,-5.087,-8.245,13.421,-13.421,42.960,13.483
801,1,-8.780,-30.926,-75.015,-0.052,0.025,0.166,0.957,-5.149,-8.326,13.384,-13.384,42.914,13.529
802,1,-8.827,-30.919,-75.101,-0.148,0.032,0.105,0.957,-5.149,-8.326,14.699,-14.699,44.419,11.811
803,1,-8.876,-30.909,-75.186,-0.148,0.032,0.105,1.043,-5.024,-8.274,14.778,-14.778,44.516,11.714
804,1,-8.965,-30.898,-75.203,-0.164,0.020,0.002,1.043,-5.024,-8.274,16.297,-16.297,47.447,9.118
805,1,-9.054,-30.887,-75.220,-0.164,0.020,0.002,1.263,-4.867,-8.278,16.444,-16.444,47.626,8.938
806,1,-9.196,-30.861,-75.170,-0.200,0.030,-0.099,1.263,-4.867,-8.278,18.120,-18.120,50.300,5.991
807,1,-9.338,-30.836,-75.122,-0.200,0.030,-0.099,1.555,-4.828,-8.149,18.350,-18.350,50.579,5.711
808,1,-9.492,-30.808,-75.048,-0.195,0.031,-0.142,1.555,-4.828,-8.149,19.104,-19.104,51.932,4.328
809,1,-9.646,-30.775,-74.974,-0.195,0.031,-0.142,1.737,-4.862,-8.130,19.348,-19.348,52.228,4.032
810,1,-9.776,-30.737,-74.931,-0.183,0.047,-0.095,1.737,-4.862,-8.130,18.907,-18.907,51.073,4.731
811,1,-9.908,-30.706,-74.887,-0.183,0.047,-0.095,1.656,-4.886,-8.073,19.115,-19.115,51.324,4.480
812,1,-9.991,-30.669,-74.912,-0.160,0.063,0.005,1.656,-4.886,-8.073,17.869,-17.869,48.737,6.610
813,1,-10.078,-30.635,-74.935,-0.160,0.063,0.005,1.517,-4.929,-8.125,17.998,-17.998,48.890,6.457
814,1,-10.110,-30.614,-75.009,-0.114,0.051,0.087,1.517,-4.929,-8.125,16.788,-16.788,47.059,8.623
815,1,-10.143,-30.594,-75.085,-0.114,0.051,0.087,1.455,-4.933,-8.202,16.833,-16.833,47.110,8.571
816,1,-10.178,-30.571,-75.158,-0.119,0.060,0.083,1.455,-4.933,-8.202,16.960,-16.960,47.150,8.289
817,1,-10.215,-30.544,-75.231,-0.119,0.060,0.083,1.440,-4.886,-8.183,17.011,-17.011,47.207,8.231
818,1,-10.250,-30.499,-75.276,-0.094,0.094,0.035,1.440,-4.886,-8.183,17.519,-17.519,47.956,6.508
819,1,-10.283,-30.448,-75.322,-0.094,0.094,0.035,1.440,-4.910,-8.216,17.550,-17.550,47.986,6.478
820,1,-10.324,-30.385,-75.334,-0.070,0.113,-0.019,1.464,-4.910,-8.216,18.151,-18.151,49.107,4.809
821,1,-10.361,-30.322,-75.344,-0.070,0.113,-0.019,1.464,-4.881,-8.226,18.183,-18.183,49.135,4.781
822,1,-10.393,-30.248,-75.329,-0.038,0.123,-0.063,1.507,-4.881,-8.226,18.586,-18.586,50.099,3.544
823,1,-10.428,-30.176,-75.313,-0.038,0.123,-0.063,1.507,-4.881,-8.379,18.610,-18.610,50.115,3.528
824,1,-10.467,-30.094,-75.284,-0.037,0.131,-0.085,1.570,-4.867,-8.379,18.910,-18.910,50.570,2.829
825,1,-10.507,-30.013,-75.254,-0.037,0.131,-0.085,1.570,-4.867,-8.479,18.938,-18.938,50.589,2.810
826,1,-10.540,-29.933,-75.229,-0.035,0.132,-0.080,1.570,-4.833,-8.479,18.877,-18.877,50.447,2.921
827,1,-10.578,-29.852,-75.206,-0.035,0.132,-0.080,1.570,-4.833,-8.455,18.900,-18.900,50.461,2.908
828,1,-10.611,-29.795,-75.188,-0.034,0.092,-0.060,1.507,-4.838,-8.455,18.668,-18.668,50.555,3.970
829,1,-10.621,-29.764,-75.180,-0.034,0.092,-0.060,1.507,-4.838,-8.455,18.670,-18.670,50.552,3.973
830,1,-10.658,-29.728,-75.156,-0.021,0.031,-0.056,1.689,-4.828,-8.417,18.610,-18.610,51.387,4.874
831,1,-10.683,-29.706,-75.139,-0.021,0.031,-0.056,1.689,-4.828,-8.417,18.639,-18.639,51.419,4.841
832,1,-10.729,-29.700,-75.116,-0.047,-0.001,-0.052,1.924,-4.828,-8.321,18.787,-18.787,51.857,5.316
833,1,-10.774,-29.697,-75.094,-0.047,-0.001,-0.052,1.924,-4.828,-8.321,18.858,-18.858,51.944,5.230
834,1,-10.819,-29.701,-75.081,-0.059,-0.001,-0.027,1.928,-4.790,-8.221,18.673,-18.673,51.397,5.777
835,1,-10.866,-29.708,-75.072,-0.059,-0.016,-0.027,1.928,-4.790,-8.221,18.753,-18.753,51.710,5.889
836,1,-10.890,-29.716,-75.086,-0.027,-0.016,0.017,1.775,-4.733,-8.197,18.090,-18.090,50.671,6.929
837,1,-10.904,-29.736,-75.103,-0.027,-0.029,0.017,1.775,-4.733,-8.197,18.122,-18.122,50.896,7.068
838,1,-10.881,-29.744,-75.142,-0.027,-0.029,0.051,1.531,-4.742,-8.250,17.663,-17.663,50.006,7.959
839,1,-10.858,-29.763,-75.173,0.027,-0.022,0.051,1.531,-4.742,-8.250,17.368,-17.368,49.883,7.899
840,1,-10.811,-29.766,-75.214,0.027,-0.022,0.044,1.397,-4.733,-8.264,17.387,-17.387,49.979,7.803
841,1,-10.766,-29.765,-75.255,0.059,0.003,0.044,1.397,-4.733,-8.264,17.153,-17.153,49.523,7.529
842,1,-10.737,-29.765,-75.283,0.059,0.003,0.004,1.450,-4.766,-8.278,17.598,-17.598,50.450,6.601
843,1,-10.725,-29.758,-75.296,0.035,0.021,0.004,1.450,-4.766,-8.278,17.692,-17.692,50.161,6.373
844,1,-10.724,-29.746,-75.300,0.035,0.021,0.004,1.522,-4.823,-8.264,17.685,-17.685,50.151,6.383
845,1,-10.750,-29.727,-75.290,-0.025,0.020,-0.038,1.522,-4.823,-8.264,18.549,-18.549,51.269,5.295
846,1,-10.773,-29.711,-75.283,-0.025,0.020,-0.038,1.565,-4.756,-8.312,18.579,-18.579,51.302,5.263
847,1,-10.823,-29.696,-75.251,-0.051,0.018,-0.067,1.565,-4.756,-8.312,19.146,-19.146,52.139,4.486
848,1,-10.872,-29.676,-75.222,-0.051,0.018,-0.067,1.694,-4.728,-8.312,19.216,-19.216,52.222,4.404
849,1,-10.911,-29.649,-75.196,-0.036,0.034,-0.063,1.694,-4.728,-8.312,19.139,-19.139,51.944,4.225
850,1,-10.950,-29.624,-75.173,-0.036,0.034,-0.063,1.847,-4.733,-8.403,19.189,-19.189,52.000,4.169
851,1,-10.975,-29.586,-75.164,-0.031,0.056,-0.038,1.847,-4.733,-8.403,18.879,-18.879,51.089,4.441
852,1,-11.002,-29.552,-75.158,-0.031,0.056,-0.038,1.900,-4.723,-8.451,18.906,-18.906,51.115,4.414
853,1,-11.011,-29.515,-75.163,-0.007,0.059,-0.018,1.900,-4.723,-8.451,18.532,-18.532,50.567,4.902
854,1,-11.018,-29.478,-75.171,-0.007,0.059,-0.018,1.771,-4.718,-8.403,18.526,-18.526,50.553,4.916
855,1,-11.000,-29.466,-75.193,0.027,0.020,0.012,1.771,-4.718,-8.403,17.947,-17.947,50.310,6.254
856,1,-10.985,-29.456,-75.214,0.027,0.020,0.012,1.584,-4.723,-8.350,17.918,-17.918,50.273,6.292
857,1,-10.939,-29.471,-75.248,0.065,-0.028,0.042,1.584,-4.723,-8.350,17.287,-17.287,50.133,7.801
858,1,-10.894,-29.490,-75.281,0.065,-0.028,0.042,1.479,-4.814,-8.360,17.223,-17.223,50.060,7.875
859,1,-10.851,-29.515,-75.310,0.063,-0.040,0.034,1.479,-4.814,-8.360,17.269,-17.269,50.362,7.937
860,1,-10.808,-29.539,-75.340,0.063,-0.040,0.034,1.479,-4.819,-8.283,17.211,-17.211,50.296,8.004
861,1,-10.793,-29.551,-75.345,0.037,-0.025,-0.006,1.479,-4.819,-8.283,17.827,-17.827,51.060,6.783
862,1,-10.776,-29.561,-75.348,0.037,-0.025,-0.006,1.641,-4.823,-8.211,17.802,-17.802,51.032,6.811
863,1,-10.778,-29.558,-75.330,0.023,-0.001,-0.048,1.641,-4.823,-8.211,18.393,-18.393,51.737,5.436
864,1,-10.783,-29.551,-75.306,0.023,-0.001,-0.048,1.828,-4.800,-8.178,18.398,-18.398,51.743,5.430
865,1,-10.796,-29.539,-75.281,0.011,0.011,-0.055,1.828,-4.800,-8.178,18.571,-18.571,51.778,5.060
866,1,-10.809,-29.529,-75.255,0.011,0.011,-0.055,1.828,-4.776,-8.207,18.587,-18.587,51.797,5.042
867,1,-10.799,-29.506,-75.251,0.035,0.032,-0.029,1.852,-4.776,-8.207,18.105,-18.105,50.790,5.440
868,1,-10.790,-29.483,-75.243,0.035,0.032,-0.029,1.852,-4.737,-8.297,18.078,-18.078,50.753,5.477
869,1,-10.744,-29.453,-75.265,0.080,0.060,0.013,1.680,-4.737,-8.297,17.246,-17.246,49.204,6.234
870,1,-10.693,-29.421,-75.288,0.080,0.060,0.013,1.680,-4.651,-8.274,17.149,-17.149,49.080,6.358
871,1,-10.623,-29.392,-75.332,0.105,0.060,0.047,1.459,-4.651,-8.274,16.467,-16.467,48.067,7.371
872,1,-10.546,-29.364,-75.382,0.105,0.060,0.047,1.459,-4.651,-8.274,16.329,-16.329,47.894,7.544
873,1,-10.479,-29.369,-75.438,0.077,0.004,0.076,1.392,-4.579,-8.274,16.009,-16.009,47.840,9.181
874,1,-10.418,-29.373,-75.496,0.077,0.004,0.076,1.392,-4.579,-8.312,15.911,-15.911,47.721,9.300
875,1,-10.385,-29.394,-75.561,0.011,-0.022,0.087,1.483,-4.627,-8.312,16.051,-16.051,47.759,10.023
876,1,-10.355,-29.415,-75.624,0.011,-0.022,0.087,1.483,-4.627,-8.312,16.013,-16.013,47.716,10.066
877,1,-10.342,-29.415,-75.674,-0.009,0.010,0.066,1.555,-4.737,-8.403,16.353,-16.353,47.765,9.104
878,1,-10.327,-29.415,-75.730,-0.009,0.010,0.066,1.555,-4.737,-8.403,16.328,-16.328,47.735,9.134
879,1,-10.289,-29.384,-75.757,0.054,0.060,0.021,1.555,-4.809,-8.326,16.498,-16.498,48.041,7.398
880,1,-10.248,-29.351,-75.785,0.054,0.060,0.021,1.555,-4.809,-8.326,16.416,-16.416,47.936,7.502
881,1,-10.192,-29.307,-75.797,0.112,0.060,-0.019,1.493,-4.761,-8.274,16.525,-16.525,48.807,6.632
882,1,-10.134,-29.267,-75.799,0.112,0.069,-0.019,1.493,-4.761,-8.274,16.413,-16.413,48.526,6.639
883,1,-10.097,-29.236,-75.795,0.075,0.069,-0.026,1.498,-4.728,-8.278,16.605,-16.605,48.590,6.575
884,1,-10.059,-29.201,-75.794,0.075,0.056,-0.026,1.498,-4.728,-8.278,16.527,-16.527,48.672,6.858
885,1,-10.060,-29.178,-75.795,-0.005,0.056,-0.010,1.526,-4.728,-8.283,16.719,-16.719,48.259,7.271
886,1,-10.066,-29.145,-75.802,-0.005,0.056,-0.010,1.526,-4.728,-8.283,16.714,-16.714,48.247,7.282
887,1,-10.082,-29.120,-75.814,-0.005,0.056,0.007,1.565,-4.699,-8.355,16.516,-16.516,47.836,7.694
888,1,-10.105,-29.093,-75.829,-0.037,0.050,0.007,1.565,-4.699,-8.355,16.701,-16.701,47.952,7.760
889,1,-10.104,-29.058,-75.854,-0.037,0.050,0.015,1.574,-4.699,-8.427,16.590,-16.590,47.738,7.974
890,1,-10.112,-29.030,-75.876,-0.010,0.063,0.015,1.574,-4.699,-8.427,16.451,-16.451,47.551,7.796
891,1,-10.102,-28.994,-75.903,-0.010,0.063,0.015,1.531,-4.680,-8.388,16.419,-16.419,47.506,7.841
892,1,-10.083,-28.958,-75.926,0.025,0.071,0.016,1.531,-4.680,-8.388,16.189,-16.189,47.295,7.809
893,1,-10.058,-28.924,-75.952,0.025,0.071,0.016,1.503,-4.689,-8.355,16.134,-16.134,47.222,7.881
894,1,-10.032,-28.896,-75.975,0.037,0.052,0.013,1.503,-4.689,-8.355,16.057,-16.057,47.506,8.145
895,1,-10.014,-28.873,-75.990,0.037,0.052,0.013,1.493,-4.723,-8.341,16.018,-16.018,47.455,8.196
896,1,-10.006,-28.856,-76.003,0.018,0.035,0.001,1.493,-4.723,-8.341,16.239,-16.239,47.963,8.175
897,1,-10.003,-28.834,-76.011,0.018,0.035,0.001,1.483,-4.704,-8.321,16.225,-16.225,47.942,8.196
898,1,-10.007,-28.808,-76.021,-0.004,0.045,-0.009,1.483,-4.704,-8.321,16.452,-16.452,48.034,7.830
899,1,-10.015,-28.778,-76.025,-0.004,0.045,-0.009,1.503,-4.651,-8.350,16.451,-16.451,48.029,7.836
900,1,-10.022,-28.742,-76.035,-0.014,0.064,-0.013,1.503,-4.651,-8.350,16.549,-16.549,47.851,7.466
901,1,-10.027,-28.704,-76.043,-0.014,0.064,-0.013,1.565,-4.608,-8.403,16.540,-16.540,47.833,7.483
902,1,-10.029,-28.657,-76.051,0.004,0.081,-0.010,1.565,-4.608,-8.403,16.391,-16.391,47.480,7.350
903,1,-10.014,-28.613,-76.063,0.004,0.081,-0.010,1.550,-4.551,-8.436,16.349,-16.349,47.421,7.409
904,1,-9.991,-28.567,-76.077,0.039,0.081,-0.003,1.550,-4.551,-8.436,16.036,-16.036,47.184,7.645
905,1,-9.951,-28.527,-76.097,0.039,0.081,-0.003,1.512,-4.484,-8.364,15.957,-15.957,47.081,7.749
906,1,-9.898,-28.495,-76.118,0.086,0.062,0.011,1.512,-4.484,-8.364,15.450,-15.450,46.883,8.494
907,1,-9.851,-28.470,-76.143,0.086,0.062,0.011,1.536,-4.555,-8.384,15.366,-15.366,46.777,8.600
908,1,-9.811,-28.450,-76.168,0.062,0.036,0.023,1.536,-4.555,-8.384,15.256,-15.256,46.732,9.376
909,1,-9.784,-28.441,-76.198,0.062,0.036,0.023,1.503,-4.579,-8.422,15.209,-15.209,46.673,9.435
910,1,-9.770,-28.434,-76.228,0.007,0.015,0.031,1.503,-4.579,-8.422,15.362,-15.362,46.759,9.958
911,1,-9.769,-28.436,-76.253,0.007,0.015,0.031,1.507,-4.594,-8.417,15.361,-15.361,46.758,9.959
912,1,-9.770,-28.445,-76.283,-0.017,-0.013,0.036,1.507,-4.594,-8.417,15.423,-15.423,47.029,10.479
913,1,-9.771,-28.459,-76.315,-0.017,-0.013,0.036,1.574,-4.584,-8.408,15.430,-15.430,47.041,10.467
914,1,-9.778,-28.473,-76.344,-0.020,-0.021,0.040,1.574,-4.584,-8.408,15.410,-15.410,47.080,10.672
915,1,-9.780,-28.486,-76.384,-0.020,-0.021,0.040,1.603,-4.570,-8.446,15.419,-15.419,47.092,10.660
916,1,-9.784,-28.488,-76.429,-0.034,0.001,0.061,1.603,-4.570,-8.446,15.241,-15.241,46.274,10.838
917,1,-9.784,-28.486,-76.486,-0.034,0.001,0.061,1.507,-4.599,-8.455,15.241,-15.241,46.274,10.839
918,1,-9.780,-28.475,-76.552,-0.037,0.032,0.088,1.507,-4.599,-8.455,14.901,-14.901,45.126,11.104
919,1,-9.767,-28.462,-76.627,-0.037,0.032,0.088,1.412,-4.622,-8.460,14.873,-14.873,45.090,11.140
920,1,-9.736,-28.449,-76.716,-0.014,0.042,0.121,1.412,-4.622,-8.460,14.290,-14.290,44.061,11.895
921,1,-9.701,-28.437,-76.806,-0.014,0.042,0.121,1.402,-4.608,-8.542,14.228,-14.228,43.984,11.972
922,1,-9.655,-28.431,-76.898,0.010,0.035,0.132,1.402,-4.608,-8.542,13.903,-13.903,43.717,12.421
923,1,-9.615,-28.424,-76.990,0.010,0.035,0.132,1.416,-4.565,-8.580,13.836,-13.836,43.635,12.503
924,1,-9.581,-28.424,-77.071,0.002,0.018,0.120,1.416,-4.565,-8.580,13.965,-13.965,44.106,12.520
925,1,-9.550,-28.426,-77.148,0.002,0.018,0.120,1.407,-4.579,-8.618,13.918,-13.918,44.049,12.576
926,1,-9.525,-28.435,-77.220,-0.011,0.003,0.101,1.407,-4.579,-8.618,14.185,-14.185,44.699,12.353
927,1,-9.509,-28.438,-77.269,-0.011,0.003,0.101,1.397,-4.575,-8.542,14.161,-14.161,44.671,12.381
928,1,-9.500,-28.447,-77.329,-0.021,-0.012,0.081,1.397,-4.575,-8.542,14.457,-14.457,45.378,12.100
929,1,-9.500,-28.466,-77.379,-0.021,-0.012,0.081,1.445,-4.565,-8.508,14.464,-14.464,45.390,12.088
930,1,-9.505,-28.491,-77.420,-0.040,-0.037,0.064,1.445,-4.565,-8.508,14.792,-14.792,46.208,12.000
931,1,-9.526,-28.523,-77.461,-0.040,-0.037,0.064,1.469,-4.651,-8.417,14.839,-14.839,46.271,11.937
932,1,-9.574,-28.568,-77.491,-0.103,-0.066,0.074,1.469,-4.651,-8.417,15.127,-15.127,46.563,12.467
933,1,-9.621,-28.614,-77.538,-0.103,-0.066,0.074,1.474,-4.718,-8.398,15.223,-15.223,46.687,12.343
934,1,-9.679,-28.666,-77.589,-0.136,-0.083,0.087,1.474,-4.718,-8.398,15.328,-15.328,46.730,12.787
935,1,-9.727,-28.718,-77.645,-0.136,-0.083,0.087,1.488,-4.733,-8.398,15.428,-15.428,46.859,12.658
936,1,-9.746,-28.744,-77.698,-0.111,-0.077,0.076,1.488,-4.733,-8.398,15.487,-15.487,47.114,12.221
937,1,-9.789,-28.792,-77.743,-0.111,-0.077,0.076,1.493,-4.747,-8.384,15.576,-15.576,47.230,12.104
938,1,-9.811,-28.828,-77.771,-0.059,-0.059,0.049,1.493,-4.747,-8.384,15.700,-15.700,47.706,11.110
939,1,-9.831,-28.862,-77.801,-0.059,-0.059,0.049,1.426,-4.718,-8.331,15.746,-15.746,47.768,11.049
940,1,-9.840,-28.893,-77.821,-0.028,-0.047,0.036,1.426,-4.718,-8.331,15.779,-15.779,47.959,10.523
941,1,-9.848,-28.920,-77.844,-0.028,-0.047,0.036,1.402,-4.689,-8.288,15.803,-15.803,47.993,10.489
942,1,-9.854,-28.949,-77.864,-0.028,-0.045,0.033,1.402,-4.689,-8.288,15.865,-15.865,48.074,10.347
943,1,-9.862,-28.975,-77.883,-0.028,-0.045,0.033,1.359,-4.704,-8.326,15.890,-15.890,48.109,10.313
944,1,-9.883,-28.992,-77.901,-0.049,-0.029,0.027,1.359,-4.704,-8.326,16.117,-16.117,48.093,9.872
945,1,-9.904,-29.010,-77.919,-0.049,-0.029,0.027,1.402,-4.704,-8.393,16.158,-16.158,48.145,9.819
946,1,-9.937,-29.008,-77.928,-0.068,0.001,0.006,1.402,-4.704,-8.393,16.560,-16.560,48.290,8.823
947,1,-9.973,-29.007,-77.937,-0.068,0.001,0.006,1.445,-4.675,-8.345,16.618,-16.618,48.359,8.753
948,1,-10.001,-28.992,-77.931,-0.046,0.021,-0.018,1.445,-4.675,-8.345,16.850,-16.850,48.727,7.807
949,1,-10.031,-28.979,-77.927,-0.046,0.021,-0.018,1.512,-4.651,-8.331,16.893,-16.893,48.776,7.758
950,1,-10.044,-28.964,-77.918,-0.012,0.018,-0.026,1.512,-4.651,-8.331,16.831,-16.831,49.024,7.602
951,1,-10.054,-28.950,-77.906,-0.012,0.018,-0.026,1.536,-4.584,-8.374,16.839,-16.839,49.032,7.594
952,1,-10.054,-28.939,-77.900,0.011,0.017,-0.022,1.536,-4.584,-8.374,16.683,-16.683,48.960,7.696
953,1,-10.052,-28.926,-77.889,0.011,0.017,-0.022,1.503,-4.613,-8.345,16.675,-16.675,48.948,7.708
954,1,-10.047,-28.903,-77.888,0.010,0.036,-0.018,1.503,-4.613,-8.345,16.609,-16.609,48.541,7.567
955,1,-10.048,-28.879,-77.883,0.010,0.036,-0.018,1.503,-4.646,-8.331,16.599,-16.599,48.526,7.583
956,1,-10.031,-28.858,-77.890,0.026,0.038,-0.005,1.503,-4.646,-8.331,16.323,-16.323,48.127,7.920
957,1,-10.016,-28.833,-77.894,0.026,0.038,-0.005,1.546,-4.670,-8.336,16.289,-16.289,48.082,7.966
958,1,-10.014,-28.816,-77.901,-0.002,0.029,0.005,1.546,-4.670,-8.336,16.283,-16.283,47.937,8.384
959,1,-10.014,-28.801,-77.913,-0.002,0.029,0.005,1.546,-4.694,-8.403,16.277,-16.277,47.926,8.395
960,1,-10.036,-28.777,-77.926,-0.045,0.044,0.006,1.632,-4.694,-8.403,16.501,-16.501,47.712,8.183
961,1,-10.058,-28.753,-77.938,-0.045,0.044,0.006,1.632,-4.675,-8.384,16.526,-16.526,47.738,8.157
962,1,-10.075,-28.711,-77.954,-0.042,0.076,0.007,1.598,-4.675,-8.384,16.504,-16.504,47.257,7.725
963,1,-10.096,-28.669,-77.968,-0.042,0.076,0.007,1.598,-4.675,-8.408,16.520,-16.520,47.268,7.713
964,1,-10.090,-28.629,-77.993,-0.005,0.074,0.021,1.526,-4.613,-8.408,16.138,-16.138,46.913,8.130
965,1,-10.083,-28.590,-78.017,-0.005,0.074,0.021,1.526,-4.613,-8.465,16.111,-16.111,46.873,8.170
966,1,-10.065,-28.565,-78.048,0.012,0.054,0.034,1.570,-4.536,-8.465,15.825,-15.825,46.774,8.817
967,1,-10.049,-28.537,-78.076,0.012,0.054,0.034,1.570,-4.536,-8.465,15.788,-15.788,46.723,8.867
968,1,-10.034,-28.522,-78.112,-0.011,0.045,0.039,1.560,-4.575,-8.484,15.804,-15.804,46.689,9.176
969,1,-10.028,-28.499,-78.145,-0.011,0.045,0.039,1.560,-4.575,-8.484,15.784,-15.784,46.661,9.204
970,1,-10.037,-28.485,-78.183,-0.048,0.040,0.048,1.536,-4.579,-8.436,15.871,-15.871,46.515,9.471
971,1,-10.048,-28.468,-78.220,-0.048,0.040,0.048,1.536,-4.579,-8.436,15.881,-15.881,46.525,9.462
972,1,-10.080,-28.456,-78.255,-0.089,0.040,0.067,1.589,-4.599,-8.412,15.896,-15.896,46.100,9.887
973,1,-10.109,-28.444,-78.305,-0.089,0.030,0.067,1.589,-4.599,-8.412,15.936,-15.936,46.299,9.992
974,1,-10.179,-28.445,-78.370,-0.193,0.030,0.101,1.823,-4.532,-8.451,16.138,-16.138,45.581,10.709
975,1,-10.260,-28.435,-78.438,-0.193,0.033,0.101,1.823,-4.532,-8.451,16.262,-16.262,45.683,10.516
976,1,-10.408,-28.440,-78.538,-0.193,0.033,0.166,1.971,-4.493,-8.451,15.686,-15.686,44.346,11.854
977,1,-10.594,-28.426,-78.602,-0.388,0.060,0.166,1.971,-4.493,-8.451,16.949,-16.949,44.311,11.127
978,1,-10.830,-28.423,-78.731,-0.388,0.060,0.243,1.885,-4.498,-8.307,16.360,-16.360,42.840,12.598
979,1,-11.076,-28.395,-78.893,-0.564,0.089,0.243,1.885,-4.498,-8.307,17.615,-17.615,42.863,11.724
980,1,-11.273,-28.312,-79.102,-0.564,0.089,0.243,1.780,-4.555,-8.312,17.883,-17.883,43.170,11.416
981,1,-11.582,-28.280,-79.300,-0.704,0.113,0.296,1.780,-4.555,-8.312,18.389,-18.389,42.063,11.854
982,1,-11.934,-28.253,-79.512,-0.704,0.113,0.296,1.732,-4.656,-8.422,18.926,-18.926,42.704,11.212
983,1,-12.339,-28.227,-79.731,-0.897,0.112,0.330,1.732,-4.656,-8.422,20.080,-20.080,42.605,11.343
984,1,-12.808,-28.221,-79.951,-0.897,0.112,0.330,1.814,-4.627,-8.341,20.805,-20.805,43.474,10.473
985,1,-13.338,-28.223,-80.176,-1.130,0.070,0.345,1.814,-4.627,-8.341,22.605,-22.605,44.682,10.452
986,1,-13.920,-28.238,-80.394,-1.130,0.070,0.345,1.948,-4.608,-8.159,23.511,-23.511,45.773,9.361
987,1,-14.559,-28.266,-80.609,-1.324,0.038,0.341,1.948,-4.608,-8.159,25.530,-25.530,47.540,8.507
988,1,-15.217,-28.295,-80.811,-1.324,0.038,0.341,1.861,-4.790,-8.187,26.554,-26.554,48.774,7.273
989,1,-15.889,-28.327,-81.003,-1.374,0.030,0.310,1.861,-4.790,-8.187,28.233,-28.233,50.925,5.365
990,1,-16.558,-28.358,-81.167,-1.374,0.030,0.310,2.086,-4.689,-8.159,28.883,-28.883,52.170,4.121
991,1,-17.230,-28.385,-81.308,-1.344,0.021,0.232,2.086,-4.689,-8.159,30.326,-30.326,55.476,1.058
992,1,-17.900,-28.404,-81.412,-1.344,0.021,0.232,2.359,-4.613,-8.106,30.935,-30.935,56.693,-0.159
993,1,-18.571,-28.409,-81.481,-1.290,0.030,0.119,2.359,-4.613,-8.106,32.673,-32.673,60.591,-4.300
994,1,-19.236,-28.414,-81.553,-1.290,0.030,0.119,2.589,-4.646,-8.125,33.261,-33.261,61.766,-5.476
995,1,-19.827,-28.391,-81.556,-1.103,0.048,0.000,2.589,-4.646,-8.125,34.316,-34.316,65.493,-9.719
996,1,-20.417,-28.367,-81.557,-1.103,0.048,0.000,2.852,-4.603,-8.082,34.811,-34.811,66.483,-10.710
997,1,-20.836,-28.302,-81.490,-0.749,0.078,-0.123,2.852,-4.603,-8.082,34.890,-34.890,69.752,-14.831
998,1,-21.256,-28.237,-81.423,-0.749,0.078,-0.123,3.062,-4.575,-8.096,35.204,-35.204,70.380,-15.459
999,1,-21.400,-28.181,-81.303,-0.225,0.030,-0.192,3.062,-4.575,-8.096,33.533,-33.533,72.964,-16.674
1000,1,-21.546,-28.128,-81.185,-0.225,0.030,-0.192,3.263,-4.603,-8.106,33.620,-33.620,73.137,-16.847
1001,1,-21.374,-28.089,-81.005,0.390,-0.031,-0.262,3.263,-4.603,-8.106,31.254,-31.254,75.420,-17.395
1002,1,-21.205,-28.054,-80.824,0.390,-0.031,-0.262,3.263,-4.570,-8.001,31.087,-31.087,75.086,-17.061
1003,1,-20.770,-28.045,-80.629,0.875,-0.081,-0.271,3.364,-4.570,-8.001,28.396,-28.396,75.266,-15.810
1004,1,-20.340,-28.034,-80.429,0.875,-0.081,-0.271,3.364,-4.642,-8.006,28.023,-28.023,74.520,-15.064
1005,1,-19.778,-28.056,-80.244,1.105,-0.125,-0.231,3.211,-4.642,-8.006,25.913,-25.913,73.225,-12.521
1006,1,-19.222,-28.082,-80.063,1.105,-0.125,-0.231,3.211,-4.642,-8.116,25.448,-25.448,72.295,-11.591
1007,1,-18.537,-28.134,-79.882,1.336,-0.167,-0.202,2.924,-4.675,-8.116,23.368,-23.368,71.055,-9.134
1008,1,-17.852,-28.191,-79.707,1.336,-0.167,-0.202,2.924,-4.675,-8.144,22.799,-22.799,69.916,-7.995
1009,1,-16.978,-28.262,-79.523,1.683,-0.192,-0.211,2.617,-4.680,-8.144,20.432,-20.432,69.005,-6.384
1010,1,-16.110,-28.331,-79.336,1.683,-0.192,-0.211,2.617,-4.680,-8.168,19.688,-19.688,67.518,-4.897
1011,1,-14.984,-28.393,-79.139,2.141,-0.174,-0.234,2.340,-4.752,-8.168,16.124,-16.124,65.857,-3.753
1012,1,-14.139,-28.148,-78.914,2.141,-0.174,-0.234,2.340,-4.752,-8.168,14.681,-14.681,64.064,-1.960
1013,1,-12.863,-28.153,-78.711,2.491,-0.133,-0.244,2.163,-4.723,-8.417,11.093,-11.093,61.373,-0.425
1014,1,-11.553,-28.203,-78.514,2.491,-0.133,-0.244,2.163,-4.723,-8.417,9.084,-9.084,58.966,1.981
1015,1,-10.269,-28.276,-78.349,2.421,-0.149,-0.187,1.660,-4.627,-8.479,6.744,-6.744,55.407,5.997
1016,1,-8.973,-28.386,-78.306,2.421,-0.149,-0.187,1.660,-4.627,-8.479,4.736,-4.736,52.998,8.406
1017,1,-7.824,-28.520,-78.173,2.123,-0.149,-0.102,1.225,-4.651,-8.412,3.375,-3.375,48.721,12.683
1018,1,-6.698,-28.633,-78.061,2.123,-0.218,-0.102,1.225,-4.651,-8.412,1.594,-1.594,47.561,15.821
1019,1,-5.762,-28.816,-77.976,1.690,-0.218,-0.046,0.852,-4.575,-8.479,1.586,-1.586,44.380,19.003
1020,1,-4.869,-28.953,-77.905,1.690,-0.249,-0.046,0.852,-4.575,-8.479,0.157,-0.157,43.090,21.175
1021,1,-4.107,-29.105,-77.922,1.690,-0.249,-0.037,0.498,-4.608,-8.494,-1.173,1.173,41.394,22.871
1022,1,-3.416,-29.215,-77.872,1.321,-0.202,-0.037,0.498,-4.608,-8.494,-0.456,0.456,39.354,23.571
1023,1,-2.885,-29.345,-77.808,1.321,-0.202,-0.045,0.392,-4.546,-8.527,-1.228,1.228,38.488,24.438
1024,1,-2.401,-29.415,-77.763,0.957,-0.134,-0.045,0.392,-4.546,-8.527,-0.206,0.206,36.537,24.441
1025,1,-2.176,-29.570,-77.686,0.957,-0.134,-0.025,0.163,-4.555,-8.369,-0.818,0.818,35.595,25.382
1026,1,-1.936,-29.611,-77.661,0.515,-0.081,-0.025,0.163,-4.555,-8.369,0.991,-0.991,34.344,25.112
1027,1,-1.768,-29.633,-77.643,0.515,-0.081,-0.025,0.091,-4.656,-8.321,0.711,-0.711,34.001,25.455
1028,1,-1.682,-29.647,-77.624,0.223,-0.031,-0.023,0.091,-4.656,-8.321,2.014,-2.014,33.082,24.943
1029,1,-1.665,-29.639,-77.609,0.223,-0.031,-0.023,0.354,-4.713,-8.408,1.984,-1.984,33.046,24.980
1030,1,-1.721,-29.616,-77.589,-0.030,0.034,-0.030,0.354,-4.713,-8.408,3.419,-3.419,32.391,23.778
1031,1,-1.874,-29.579,-77.581,-0.030,0.034,-0.030,0.522,-4.761,-8.484,3.672,-3.672,32.701,23.468
1032,1,-2.126,-29.529,-77.586,-0.404,0.078,0.000,0.522,-4.761,-8.484,5.589,-5.589,31.845,23.076
1033,1,-2.522,-29.486,-77.617,-0.404,0.078,0.000,0.550,-4.809,-8.489,6.248,-6.248,32.652,22.269
1034,1,-3.067,-29.448,-77.670,-0.966,0.066,0.072,0.550,-4.809,-8.489,9.061,-9.061,32.118,23.137
1035,1,-3.795,-29.424,-77.753,-0.966,0.066,0.072,0.967,-4.661,-8.613,10.273,-10.273,33.604,21.652
1036,1,-4.703,-29.412,-77.864,-1.668,0.023,0.162,0.967,-4.661,-8.613,14.174,-14.174,33.824,22.649
1037,1,-5.814,-29.423,-78.001,-1.668,0.023,0.162,1.436,-4.469,-8.599,16.021,-16.021,36.089,20.384
1038,1,-7.129,-29.457,-78.162,-2.434,-0.038,0.240,1.436,-4.469,-8.599,21.066,-21.066,37.709,20.530
1039,1,-8.580,-29.509,-78.347,-2.434,-0.038,0.240,1.794,-4.565,-8.628,23.474,-23.474,40.661,17.578
1040,1,-10.166,-29.581,-78.565,-2.982,-0.085,0.334,1.794,-4.565,-8.628,27.654,-27.654,42.182,17.396
1041,1,-11.754,-29.671,-78.818,-2.982,-0.085,0.334,1.962,-4.780,-8.417,30.278,-30.278,45.401,14.176
1042,1,-13.343,-29.780,-79.109,-3.071,-0.102,0.467,1.962,-4.780,-8.417,31.695,-31.695,45.559,14.506
1043,1,-14.797,-29.878,-79.453,-3.071,-0.102,0.467,1.962,-4.967,-8.144,34.076,-34.076,48.480,11.585
1044,1,-16.126,-29.969,-79.844,-2.726,-0.011,0.610,1.962,-4.967,-8.144,32.382,-32.382,46.228,11.219
1045,1,-17.244,-30.047,-80.271,-2.726,-0.011,0.610,2.048,-4.943,-8.039,33.488,-33.488,48.440,9.007
1046,1,-18.149,-30.101,-80.736,-2.073,0.111,0.696,2.048,-4.943,-8.039,30.042,-30.042,46.343,7.634
1047,1,-18.875,-30.151,-81.200,-2.073,0.111,0.696,2.316,-4.814,-8.125,30.751,-30.751,47.760,6.217
1048,1,-19.418,-30.195,-81.669,-1.446,0.152,0.696,2.316,-4.814,-8.125,28.145,-28.145,48.230,4.560
1049,1,-19.827,-30.230,-82.096,-1.446,0.152,0.696,2.574,-4.972,-8.025,28.545,-28.545,49.029,3.761
1050,1,-20.103,-30.251,-82.482,-0.908,0.152,0.568,2.574,-4.972,-8.025,27.721,-27.721,52.761,0.030
1051,1,-20.288,-30.271,-82.803,-0.908,0.152,0.568,2.732,-4.996,-7.814,27.903,-27.903,53.126,-0.335
1052,1,-20.381,-30.288,-83.059,-0.473,0.109,0.382,2.732,-4.996,-7.814,28.144,-28.144,58.578,-4.540
1053,1,-20.442,-30.307,-83.252,-0.473,0.109,0.382,2.637,-5.120,-7.709,28.212,-28.212,58.714,-4.676
1054,1,-20.463,-30.328,-83.387,-0.228,0.035,0.218,2.637,-5.120,-7.709,29.072,-29.072,63.933,-7.795
1055,1,-20.463,-30.347,-83.467,-0.228,0.035,0.218,2.426,-5.106,-7.723,29.085,-29.085,63.960,-7.822
1056,1,-20.444,-30.358,-83.501,-0.062,0.006,0.070,2.426,-5.106,-7.723,30.096,-30.096,68.054,-11.094
1057,1,-20.388,-30.369,-83.491,-0.062,0.006,0.070,2.297,-5.077,-7.838,30.052,-30.052,67.967,-11.007
1058,1,-20.330,-30.346,-83.434,0.133,-0.030,-0.054,2.297,-5.077,-7.838,30.566,-30.566,71.461,-13.466
1059,1,-20.200,-30.293,-83.333,0.133,-0.030,-0.054,2.388,-5.020,-7.800,30.411,-30.411,71.151,-13.156
1060,1,-19.918,-30.296,-83.182,0.564,-0.066,-0.191,2.388,-5.020,-7.800,29.706,-29.706,74.563,-15.533
1061,1,-19.554,-30.209,-82.999,0.564,-0.066,-0.191,2.412,-4.948,-7.809,29.313,-29.313,73.776,-14.746
1062,1,-18.951,-30.241,-82.896,1.177,-0.068,-0.295,2.412,-4.948,-7.809,27.012,-27.012,75.341,-16.250
1063,1,-18.263,-30.157,-82.697,1.177,-0.068,-0.295,2.594,-4.996,-7.924,26.317,-26.317,73.950,-14.859
1064,1,-17.341,-30.126,-82.435,1.810,-0.053,-0.366,2.594,-4.996,-7.924,23.159,-23.159,73.749,-15.084
1065,1,-16.350,-30.044,-82.189,1.810,-0.053,-0.366,2.488,-4.986,-8.096,22.170,-22.170,71.770,-13.106
1066,1,-15.189,-30.005,-81.908,2.258,-0.033,-0.392,2.488,-4.986,-8.096,18.868,-18.868,69.847,-11.760
1067,1,-13.960,-29.942,-81.775,2.258,-0.033,-0.392,2.115,-4.991,-8.336,16.866,-16.866,67.395,-9.309
1068,1,-12.718,-29.934,-81.508,2.417,-0.066,-0.366,2.115,-4.991,-8.336,13.749,-13.749,64.782,-5.753
1069,1,-11.503,-29.946,-81.230,2.417,-0.066,-0.366,1.718,-4.905,-8.393,11.780,-11.780,62.380,-3.350
1070,1,-10.328,-29.965,-80.984,2.296,-0.095,-0.329,1.718,-4.905,-8.393,10.005,-10.005,59.517,0.335
1071,1,-9.531,-30.248,-80.612,2.296,-0.095,-0.329,1.445,-4.833,-8.412,8.814,-8.814,58.103,1.749
1072,1,-8.512,-30.302,-80.399,2.012,-0.133,-0.276,1.445,-4.833,-8.412,7.883,-7.883,55.259,5.688
1073,1,-7.498,-30.356,-80.186,2.012,-0.133,-0.276,1.043,-4.967,-8.321,6.196,-6.196,53.190,7.758
1074,1,-6.614,-30.457,-79.997,1.764,-0.200,-0.236,1.043,-4.967,-8.321,5.480,-5.480,51.369,11.496
1075,1,-5.732,-30.555,-79.806,1.764,-0.200,-0.236,0.818,-4.847,-8.264,4.006,-4.006,49.558,13.306
1076,1,-4.914,-30.679,-79.621,1.656,-0.240,-0.228,0.818,-4.847,-8.264,3.064,-3.064,48.221,15.770
1077,1,-4.094,-30.807,-79.442,1.656,-0.240,-0.228,0.493,-4.852,-8.111,1.676,-1.676,46.512,17.479
1078,1,-3.353,-30.938,-79.272,1.504,-0.248,-0.215,0.493,-4.852,-8.111,1.017,-1.017,44.757,19.477
1079,1,-2.616,-31.072,-79.111,1.504,-0.248,-0.215,0.445,-5.000,-8.245,-0.250,0.250,43.191,21.044
1080,1,-1.936,-31.181,-78.943,1.408,-0.205,-0.224,0.445,-5.000,-8.245,-0.843,0.843,41.319,21.668
1081,1,-1.253,-31.292,-78.779,1.408,-0.205,-0.224,0.373,-4.957,-8.321,-2.036,2.036,39.837,23.149
1082,1,-0.737,-31.367,-78.615,1.120,-0.137,-0.228,0.373,-4.957,-8.321,-1.446,1.446,37.856,23.213
1083,1,-0.219,-31.441,-78.453,1.120,-0.137,-0.228,0.024,-5.053,-8.173,-2.360,2.360,36.718,24.351
1084,1,0.105,-31.480,-78.309,0.772,-0.078,-0.207,0.024,-5.053,-8.173,-1.465,1.465,34.616,24.748
1085,1,0.435,-31.522,-78.165,0.772,-0.078,-0.207,-0.148,-5.072,-8.111,-2.050,2.050,33.886,25.479
1086,1,0.659,-31.549,-78.052,0.557,-0.050,-0.162,-0.148,-5.072,-8.111,-1.932,1.932,31.875,26.698
1087,1,0.889,-31.578,-77.943,0.557,-0.050,-0.162,-0.263,-5.091,-8.159,-2.341,2.341,31.364,27.209
1088,1,1.098,-31.591,-77.872,0.490,-0.028,-0.109,-0.263,-5.091,-8.159,-3.043,3.043,29.249,28.686
1089,1,1.307,-31.606,-77.797,0.490,-0.028,-0.109,-0.206,-5.139,-8.226,-3.417,3.417,28.782,29.152
1090,1,1.573,-31.614,-77.760,0.546,-0.012,-0.061,-0.206,-5.139,-8.226,-4.771,4.771,26.765,30.713
1091,1,1.836,-31.619,-77.723,0.546,-0.012,-0.061,-0.373,-5.139,-8.379,-5.239,5.239,26.181,31.297
1092,1,2.188,-31.603,-77.701,0.684,0.033,-0.037,-0.373,-5.139,-8.379,-6.844,6.844,24.177,32.022
1093,1,2.539,-31.584,-77.681,0.684,0.033,-0.037,-0.373,-4.972,-8.360,-7.464,7.464,23.404,32.795
1093,1,2.539,-31.584,-77.681,0.684,0.033,-0.037,-0.373,-4.972,-8.360,-7.464,7.464,23.404,32.795
1093,1,2.539,-31.584,-77.681,0.684,0.033,-0.037,-0.373,-4.972,-8.360,-7.464,7.464,23.404,32.795
1093,1,2.539,-31.584,-77.681,0.684,0.033,-0.037,-0.373,-4.972,-8.360,-7.464,7.464,23.404,32.795
1093,1,2.539,-31.584,-77.681,0.684,0.033,-0.037,-0.373,-4.972,-8.360,-7.464,7.464,23.404,32.795
1093,1,2.539,-31.584,-77.681,0.684,0.033,-0.037,-0.373,-4.972,-8.360,-7.464,7.464,23.404,32.795
1093,1,2.539,-31.584,-77.681,0.684,0.033,-0.037,-0.373,-4.972,-8.360,-7.464,7.464,23.404,32.795
1093,1,2.539,-31.584,-77.681,0.684,0.033,-0.037,-0.373,-4.972,-8.360,-7.464,7.464,23.404,32.795
1093,1,2.539,-31.584,-77.681,0.684,0.033,-0.037,-0.373,-4.972,-8.360,-7.464,7.464,23.404,32.795
1093,1,2.539,-31.584,-77.681,0.684,0.033,-0.037,-0.373,-4.972,-8.360,-7.464,7.464,23.404,32.795
1093,1,2.539,-31.584,-77.681,0.684,0.033,-0.037,-0.373,-4.972,-8.360,-7.464,7.464,23.404,32.795
1093,1,2.539,-31.584,-77.681,0.684,0.033,-0.037,-0.373,-4.972,-8.360,-7.464,7.464,23.404,32.795
1093,1,2.539,-31.584,-77.681,0.684,0.033,-0.037,-0.373,-4.972,-8.360,-7.464,7.464,23.404,32.795
1093,1,2.539,-31.584,-77.681,0.684,0.033,-0.037,-0.373,-4.972,-8.360,-7.464,7.464,23.404,32.795
1093,1,2.539,-31.584,-77.681,0.684,0.033,-0.037,-0.373,-4.972,-8.360,-7.464,7.464,23.404,32.795
1093,1,2.539,-31.584,-77.681,0.684,0.033,-0.037,-0.373,-4.972,-8.360,-7.464,7.464,23.404,32.795
1093,1,2.539,-31.584,-77.681,0.684,0.033,-0.037,-0.373,-4.972,-8.360,-7.464,7.464,23.404,32.795
1093,1,2.539,-31.584,-77.681,0.684,0.033,-0.037,-0.373,-4.972,-8.360,-7.464,7.464,23.404,32.795
1093,1,2.539,-31.584,-77.681,0.684,0.033,-0.037,-0.373,-4.972,-8.360,-7.464,7.464,23.404,32.795
1093,1,2.539,-31.584,-77.681,0.684,0.033,-0.037,-0.373,-4.972,-8.360,-7.464,7.464,23.404,32.795
1093,1,2.539,-31.584,-77.681,0.684,0.033,-0.037,-0.373,-4.972,-8.360,-7.464,7.464,23.404,32.795
1093,1,2.539,-31.584,-77.681,0.684,0.033,-0.037,-0.373,-4.972,-8.360,-7.464,7.464,23.404,32.795
1093,1,2.539,-31.584,-77.681,0.684,0.033,-0.037,-0.373,-4.972,-8.360,-7.464,7.464,23.404,32.795
1093,1,2.539,-31.584,-77.681,0.684,0.033,-0.037,-0.373,-4.972,-8.360,-7.464,7.464,23.404,32.795
1093,1,2.539,-31.584,-77.681,0.684,0.033,-0.037,-0.373,-4.972,-8.360,-7.464,7.464,23.404,32.795
1093,1,2.539,-31.584,-77.681,0.684,0.033,-0.037,-0.373,-4.972,-8.360,-7.464,7.464,23.404,32.795
1093,1,2.539,-31.584,-77.681,0.684,0.033,-0.037,-0.373,-4.972,-8.360,-7.464,7.464,23.404,32.795
1093,1,2.539,-31.584,-77.681,0.684,0.033,-0.037,-0.373,-4.972,-8.360,-7.464,7.464,23.404,32.795
1093,1,2.539,-31.584,-77.681,0.684,0.033,-0.037,-0.373,-4.972,-8.360,-7.464,7.464,23.404,32.795
1093,1,2.539,-31.584,-77.681,0.684,0.033,-0.037,-0.373,-4.972,-8.360,-7.464,7.464,23.404,32.795
1093,1,2.539,-31.584,-77.681,0.684,0.033,-0.037,-0.373,-4.972,-8.360,-7.464,7.464,23.404,32.795
1093,1,2.539,-31.584,-77.681,0.684,0.033,-0.037,-0.373,-4.972,-8.360,-7.464,7.464,23.404,32.795
1093,1,2.539,-31.584,-77.681,0.684,0.033,-0.037,-0.373,-4.972,-8.360,-7.464,7.464,23.404,32.795
1093,1,2.539,-31.584,-77.681,0.684,0.033,-0.037,-0.373,-4.972,-8.360,-7.464,7.464,23.404,32.795
1093,1,2.539,-31.584,-77.681,0.684,0.033,-0.037,-0.373,-4.972,-8.360,-7.464,7.464,23.404,32.795
1093,1,2.539,-31.584,-77.681,0.684,0.033,-0.037,-0.373,-4.972,-8.360,-7.464,7.464,23.404,32.795
1093,1,2.539,-31.584,-77.681,0.684,0.033,-0.037,-0.373,-4.972,-8.360,-7.464,7.464,23.404,32.795
1093,1,2.539,-31.584,-77.681,0.684,0.033,-0.037,-0.373,-4.972,-8.360,-7.464,7.464,23.404,32.795
1093,1,2.539,-31.584,-77.681,0.684,0.033,-0.037,-0.373,-4.972,-8.360,-7.464,7.464,23.404,32.795
1093,1,2.539,-31.584,-77.681,0.684,0.033,-0.037,-0.373,-4.972,-8.360,-7.464,7.464,23.404,32.795
1093,1,2.539,-31.584,-77.681,0.684,0.033,-0.037,-0.373,-4.972,-8.360,-7.464,7.464,23.404,32.795
1093,1,2.539,-31.584,-77.681,0.684,0.033,-0.037,-0.373,-4.972,-8.360,-7.464,7.464,23.404,32.795
1093,1,2.539,-31.584,-77.681,0.684,0.033,-0.037,-0.373,-4.972,-8.360,-7.464,7.464,23.404,32.795
1093,1,2.539,-31.584,-77.681,0.684,0.033,-0.037,-0.373,-4.972,-8.360,-7.464,7.464,23.404,32.795
1093,1,2.539,-31.584,-77.681,0.684,0.033,-0.037,-0.373,-4.972,-8.360,-7.464,7.464,23.404,32.795
1093,1,2.539,-31.584,-77.681,0.684,0.033,-0.037,-0.373,-4.972,-8.360,-7.464,7.464,23.404,32.795
1093,1,2.539,-31.584,-77.681,0.684,0.033,-0.037,-0.373,-4.972,-8.360,-7.464,7.464,23.404,32.795
1093,1,2.539,-31.584,-77.681,0.684,0.033,-0.037,-0.373,-4.972,-8.360,-7.464,7.464,23.404,32.795
1093,1,2.539,-31.584,-77.681,0.684,0.033,-0.037,-0.373,-4.972,-8.360,-7.464,7.464,23.404,32.795
1093,1,2.539,-31.584,-77.681,0.684,0.033,-0.037,-0.373,-4.972,-8.360,-7.464,7.464,23.404,32.795
1093,1,2.539,-31.584,-77.681,0.684,0.033,-0.037,-0.373,-4.972,-8.360,-7.464,7.464,23.404,32.795
1093,1,2.539,-31.584,-77.681,0.684,0.033,-0.037,-0.373,-4.972,-8.360,-7.464,7.464,23.404,32.795
1093,1,2.539,-31.584,-77.681,0.684,0.033,-0.037,-0.373,-4.972,-8.360,-7.464,7.464,23.404,32.795
1093,1,2.539,-31.584,-77.681,0.684,0.033,-0.037,-0.373,-4.972,-8.360,-7.464,7.464,23.404,32.795
1093,1,2.539,-31.584,-77.681,0.684,0.033,-0.037,-0.373,-4.972,-8.360,-7.464,7.464,23.404,32.795
1093,1,2.539,-31.584,-77.681,0.684,0.033,-0.037,-0.373,-4.972,-8.360,-7.464,7.464,23.404,32.795
1093,1,2.539,-31.584,-77.681,0.684,0.033,-0.037,-0.373,-4.972,-8.360,-7.464,7.464,23.404,32.795
1093,1,2.539,-31.584,-77.681,0.684,0.033,-0.037,-0.373,-4.972,-8.360,-7.464,7.464,23.404,32.795
1093,1,2.539,-31.584,-77.681,0.684,0.033,-0.037,-0.373,-4.972,-8.360,-7.464,7.464,23.404,32.795
1093,1,2.539,-31.584,-77.681,0.684,0.033,-0.037,-0.373,-4.972,-8.360,-7.464,7.464,23.404,32.795
1093,1,2.539,-31.584,-77.681,0.684,0.033,-0.037,-0.373,-4.972,-8.360,-7.464,7.464,23.404,32.795
1093,1,2.539,-31.584,-77.681,0.684,0.033,-0.037,-0.373,-4.972,-8.360,-7.464,7.464,23.404,32.795
1093,1,2.539,-31.584,-77.681,0.684,0.033,-0.037,-0.373,-4.972,-8.360,-7.464,7.464,23.404,32.795
1093,1,2.539,-31.584,-77.681,0.684,0.033,-0.037,-0.373,-4.972,-8.360,-7.464,7.464,23.404,32.795
1093,1,2.539,-31.584,-77.681,0.684,0.033,-0.037,-0.373,-4.972,-8.360,-7.464,7.464,23.404,32.795
1093,1,2.539,-31.584,-77.681,0.684,0.033,-0.037,-0.373,-4.972,-8.360,-7.464,7.464,23.404,32.795
1093,1,2.539,-31.584,-77.681,0.684,0.033,-0.037,-0.373,-4.972,-8.360,-7.464,7.464,23.404,32.795
1093,1,2.539,-31.584,-77.681,0.684,0.033,-0.037,-0.373,-4.972,-8.360,-7.464,7.464,23.404,32.795
1093,1,2.539,-31.584,-77.681,0.684,0.033,-0.037,-0.373,-4.972,-8.360,-7.464,7.464,23.404,32.795
1093,1,2.539,-31.584,-77.681,0.684,0.033,-0.037,-0.373,-4.972,-8.360,-7.464,7.464,23.404,32.795
1093,1,2.539,-31.584,-77.681,0.684,0.033,-0.037,-0.373,-4.972,-8.360,-7.464,7.464,23.404,32.795
1093,1,2.539,-31.584,-77.681,0.684,0.033,-0.037,-0.373,-4.972,-8.360,-7.464,7.464,23.404,32.795
1093,1,2.539,-31.584,-77.681,0.684,0.033,-0.037,-0.373,-4.972,-8.360,-7.464,7.464,23.404,32.795
1093,1,2.539,-31.584,-77.681,0.684,0.033,-0.037,-0.373,-4.972,-8.360,-7.464,7.464,23.404,32.795
1093,1,2.539,-31.584,-77.681,0.684,0.033,-0.037,-0.373,-4.972,-8.360,-7.464,7.464,23.404,32.795
1093,1,2.539,-31.584,-77.681,0.684,0.033,-0.037,-0.373,-4.972,-8.360,-7.464,7.464,23.404,32.795
1093,1,2.539,-31.584,-77.681,0.684,0.033,-0.037,-0.373,-4.972,-8.360,-7.464,7.464,23.404,32.795
1093,1,2.539,-31.584,-77.681,0.684,0.033,-0.037,-0.373,-4.972,-8.360,-7.464,7.464,23.404,32.795
1093,1,2.539,-31.584,-77.681,0.684,0.033,-0.037,-0.373,-4.972,-8.360,-7.464,7.464,23.404,32.795
1093,1,2.539,-31.584,-77.681,0.684,0.033,-0.037,-0.373,-4.972,-8.360,-7.464,7.464,23.404,32.795
1093,1,2.539,-31.584,-77.681,0.684,0.033,-0.037,-0.373,-4.972,-8.360,-7.464,7.464,23.404,32.795
1093,1,2.539,-31.584,-77.681,0.684,0.033,-0.037,-0.373,-4.972,-8.360,-7.464,7.464,23.404,32.795
1093,1,2.539,-31.584,-77.681,0.684,0.033,-0.037,-0.373,-4.972,-8.360,-7.464,7.464,23.404,32.795
1093,1,2.539,-31.584,-77.681,0.684,0.033,-0.037,-0.373,-4.972,-8.360,-7.464,7.464,23.404,32.795
1093,1,2.539,-31.584,-77.681,0.684,0.033,-0.037,-0.373,-4.972,-8.360,-7.464,7.464,23.404,32.795
1093,1,2.539,-31.584,-77.681,0.684,0.033,-0.037,-0.373,-4.972,-8.360,-7.464,7.464,23.404,32.795
1093,1,2.539,-31.584,-77.681,0.684,0.033,-0.037,-0.373,-4.972,-8.360,-7.464,7.464,23.404,32.795
1093,1,2.539,-31.584,-77.681,0.684,0.033,-0.037,-0.373,-4.972,-8.360,-7.464,7.464,23.404,32.795
1093,1,2.539,-31.584,-77.681,0.684,0.033,-0.037,-0.373,-4.972,-8.360,-7.464,7.464,23.404,32.795
1093,1,2.539,-31.584,-77.681,0.684,0.033,-0.037,-0.373,-4.972,-8.360,-7.464,7.464,23.404,32.795
1093,1,2.539,-31.584,-77.681,0.684,0.033,-0.037,-0.373,-4.972,-8.360,-7.464,7.464,23.404,32.795
1093,1,2.539,-31.584,-77.681,0.684,0.033,-0.037,-0.373,-4.972,-8.360,-7.464,7.464,23.404,32.795
1093,1,2.539,-31.584,-77.681,0.684,0.033,-0.037,-0.373,-4.972,-8.360,-7.464,7.464,23.404,32.795
1093,1,2.539,-31.584,-77.681,0.684,0.033,-0.037,-0.373,-4.972,-8.360,-7.464,7.464,23.404,32.795
1093,1,2.539,-31.584,-77.681,0.684,0.033,-0.037,-0.373,-4.972,-8.360,-7.464,7.464,23.404,32.795
1093,1,2.539,-31.584,-77.681,0.684,0.033,-0.037,-0.373,-4.972,-8.360,-7.464,7.464,23.404,32.795
1093,1,2.539,-31.584,-77.681,0.684,0.033,-0.037,-0.373,-4.972,-8.360,-7.464,7.464,23.404,32.795
1093,1,2.539,-31.584,-77.681,0.684,0.033,-0.037,-0.373,-4.972,-8.360,-7.464,7.464,23.404,32.795
1093,1,2.539,-31.584,-77.681,0.684,0.033,-0.037,-0.373,-4.972,-8.360,-7.464,7.464,23.404,32.795
1093,1,2.539,-31.584,-77.681,0.684,0.033,-0.037,-0.373,-4.972,-8.360,-7.464,7.464,23.404,32.795
1093,1,2.539,-31.584,-77.681,0.684,0.033,-0.037,-0.373,-4.972,-8.360,-7.464,7.464,23.404,32.795
1093,1,2.539,-31.584,-77.681,0.684,0.033,-0.037,-0.373,-4.972,-8.360,-7.464,7.464,23.404,32.795
1093,1,2.539,-31.584,-77.681,0.684,0.033,-0.037,-0.373,-4.972,-8.360,-7.464,7.464,23.404,32.795
1093,1,2.539,-31.584,-77.681,0.684,0.033,-0.037,-0.373,-4.972,-8.360,-7.464,7.464,23.404,32.795
1093,1,2.539,-31.584,-77.681,0.684,0.033,-0.037,-0.373,-4.972,-8.360,-7.464,7.464,23.404,32.795
1093,1,2.539,-31.584,-77.681,0.684,0.033,-0.037,-0.373,-4.972,-8.360,-7.464,7.464,23.404,32.795
1093,1,2.539,-31.584,-77.681,0.684,0.033,-0.037,-0.373,-4.972,-8.360,-7.464,7.464,23.404,32.795
1093,1,2.539,-31.584,-77.681,0.684,0.033,-0.037,-0.373,-4.972,-8.360,-7.464,7.464,23.404,32.795
1093,1,2.539,-31.584,-77.681,0.684,0.033,-0.037,-0.373,-4.972,-8.360,-7.464,7.464,23.404,32.795
1093,1,2.539,-31.584,-77.681,0.684,0.033,-0.037,-0.373,-4.972,-8.360,-7.464,7.464,23.404,32.795
1093,1,2.539,-31.584,-77.681,0.684,0.033,-0.037,-0.373,-4.972,-8.360,-7.464,7.464,23.404,32.795
1093,1,2.539,-31.584,-77.681,0.684,0.033,-0.037,-0.373,-4.972,-8.360,-7.464,7.464,23.404,32.795
1093,1,2.539,-31.584,-77.681,0.684,0.033,-0.037,-0.373,-4.972,-8.360,-7.464,7.464,23.404,32.795
1093,1,2.539,-31.584,-77.681,0.684,0.033,-0.037,-0.373,-4.972,-8.360,-7.464,7.464,23.404,32.795
1093,1,2.539,-31.584,-77.681,0.684,0.033,-0.037,-0.373,-4.972,-8.360,-7.464,7.464,23.404,32.795
1093,1,2.539,-31.584,-77.681,0.684,0.033,-0.037,-0.373,-4.972,-8.360,-7.464,7.464,23.404,32.795
1093,1,2.539,-31.584,-77.681,0.684,0.033,-0.037,-0.373,-4.972,-8.360,-7.464,7.464,23.404,32.795
1093,1,2.539,-31.584,-77.681,0.684,0.033,-0.037,-0.373,-4.972,-8.360,-7.464,7.464,23.404,32.795
1093,1,2.539,-31.584,-77.681,0.684,0.033,-0.037,-0.373,-4.972,-8.360,-7.464,7.464,23.404,32.795
1093,1,2.539,-31.584,-77.681,0.684,0.033,-0.037,-0.373,-4.972,-8.360,-7.464,7.464,23.404,32.795
1093,1,2.539,-31.584,-77.681,0.684,0.033,-0.037,-0.373,-4.972,-8.360,-7.464,7.464,23.404,32.795
1093,1,2.539,-31.584,-77.681,0.684,0.033,-0.037,-0.373,-4.972,-8.360,-7.464,7.464,23.404,32.795
1093,1,2.539,-31.584,-77.681,0.684,0.033,-0.037,-0.373,-4.972,-8.360,-7.464,7.464,23.404,32.795
1093,1,2.539,-31.584,-77.681,0.684,0.033,-0.037,-0.373,-4.972,-8.360,-7.464,7.464,23.404,32.795
1093,1,2.539,-31.584,-77.681,0.684,0.033,-0.037,-0.373,-4.972,-8.360,-7.464,7.464,23.404,32.795
1093,1,2.539,-31.584,-77.681,0.684,0.033,-0.037,-0.373,-4.972,-8.360,-7.464,7.464,23.404,32.795
1093,1,2.539,-31.584,-77.681,0.684,0.033,-0.037,-0.373,-4.972,-8.360,-7.464,7.464,23.404,32.795
1093,1,2.539,-31.584,-77.681,0.684,0.033,-0.037,-0.373,-4.972,-8.360,-7.464,7.464,23.404,32.795
1093,1,2.539,-31.584,-77.681,0.684,0.033,-0.037,-0.373,-4.972,-8.360,-7.464,7.464,23.404,32.795
1093,1,2.539,-31.584,-77.681,0.684,0.033,-0.037,-0.373,-4.972,-8.360,-7.464,7.464,23.404,32.795
1093,1,2.539,-31.584,-77.681,0.684,0.033,-0.037,-0.373,-4.972,-8.360,-7.464,7.464,23.404,32.795
1093,1,2.539,-31.584,-77.681,0.684,0.033,-0.037,-0.373,-4.972,-8.360,-7.464,7.464,23.404,32.795
1093,1,2.539,-31.584,-77.681,0.684,0.033,-0.037,-0.373,-4.972,-8.360,-7.464,7.464,23.404,32.795
1093,1,2.539,-31.584,-77.681,0.684,0.033,-0.037,-0.373,-4.972,-8.360,-7.464,7.464,23.404,32.795
1093,1,2.539,-31.584,-77.681,0.684,0.033,-0.037,-0.373,-4.972,-8.360,-7.464,7.464,23.404,32.795
1093,1,2.539,-31.584,-77.681,0.684,0.033,-0.037,-0.373,-4.972,-8.360,-7.464,7.464,23.404,32.795
1093,1,2.539,-31.584,-77.681,0.684,0.033,-0.037,-0.373,-4.972,-8.360,-7.464,7.464,23.404,32.795
1093,1,2.539,-31.584,-77.681,0.684,0.033,-0.037,-0.373,-4.972,-8.360,-7.464,7.464,23.404,32.795
1093,1,2.539,-31.584,-77.681,0.684,0.033,-0.037,-0.373,-4.972,-8.360,-7.464,7.464,23.404,32.795
1093,1,2.539,-31.584,-77.681,0.684,0.033,-0.037,-0.373,-4.972,-8.360,-7.464,7.464,23.404,32.795
1093,1,2.539,-31.584,-77.681,0.684,0.033,-0.037,-0.373,-4.972,-8.360,-7.464,7.464,23.404,32.795
1093,1,2.539,-31.584,-77.681,0.684,0.033,-0.037,-0.373,-4.972,-8.360,-7.464,7.464,23.404,32.795
1093,1,2.539,-31.584,-77.681,0.684,0.033,-0.037,-0.373,-4.972,-8.360,-7.464,7.464,23.404,32.795
1093,1,2.539,-31.584,-77.681,0.684,0.033,-0.037,-0.373,-4.972,-8.360,-7.464,7.464,23.404,32.795
1093,1,2.539,-31.584,-77.681,0.684,0.033,-0.037,-0.373,-4.972,-8.360,-7.464,7.464,23.404,32.795
1093,1,2.539,-31.584,-77.681,0.684,0.033,-0.037,-0.373,-4.972,-8.360,-7.464,7.464,23.404,32.795
1093,1,2.539,-31.584,-77.681,0.684,0.033,-0.037,-0.373,-4.972,-8.360,-7.464,7.464,23.404,32.795
1093,1,2.539,-31.584,-77.681,0.684,0.033,-0.037,-0.373,-4.972,-8.360,-7.464,7.464,23.404,32.795
1093,1,2.539,-31.584,-77.681,0.684,0.033,-0.037,-0.373,-4.972,-8.360,-7.464,7.464,23.404,32.795
1093,1,2.539,-31.584,-77.681,0.684,0.033,-0.037,-0.373,-4.972,-8.360,-7.464,7.464,23.404,32.795
1093,1,2.539,-31.584,-77.681,0.684,0.033,-0.037,-0.373,-4.972,-8.360,-7.464,7.464,23.404,32.795
1093,1,2.539,-31.584,-77.681,0.684,0.033,-0.037,-0.373,-4.972,-8.360,-7.464,7.464,23.404,32.795
1093,1,2.539,-31.584,-77.681,0.684,0.033,-0.037,-0.373,-4.972,-8.360,-7.464,7.464,23.404,32.795
1093,1,2.539,-31.584,-77.681,0.684,0.033,-0.037,-0.373,-4.972,-8.360,-7.464,7.464,23.404,32.795
1093,1,2.539,-31.584,-77.681,0.684,0.033,-0.037,-0.373,-4.972,-8.360,-7.464,7.464,23.404,32.795
1093,1,2.539,-31.584,-77.681,0.684,0.033,-0.037,-0.373,-4.972,-8.360,-7.464,7.464,23.404,32.795
1093,1,2.539,-31.584,-77.681,0.684,0.033,-0.037,-0.373,-4.972,-8.360,-7.464,7.464,23.404,32.795
1093,1,2.539,-31.584,-77.681,0.684,0.033,-0.037,-0.373,-4.972,-8.360,-7.464,7.464,23.404,32.795
1093,1,2.539,-31.584,-77.681,0.684,0.033,-0.037,-0.373,-4.972,-8.360,-7.464,7.464,23.404,32.795
1093,1,2.539,-31.584,-77.681,0.684,0.033,-0.037,-0.373,-4.972,-8.360,-7.464,7.464,23.404,32.795
1093,1,2.539,-31.584,-77.681,0.684,0.033,-0.037,-0.373,-4.972,-8.360,-7.464,7.464,23.404,32.795
1093,1,2.539,-31.584,-77.681,0.684,0.033,-0.037,-0.373,-4.972,-8.360,-7.464,7.464,23.404,32.795
1093,1,2.539,-31.584,-77.681,0.684,0.033,-0.037,-0.373,-4.972,-8.360,-7.464,7.464,23.404,32.795
1093,1,2.539,-31.584,-77.681,0.684,0.033,-0.037,-0.373,-4.972,-8.360,-7.464,7.464,23.404,32.795
1093,1,2.539,-31.584,-77.681,0.684,0.033,-0.037,-0.373,-4.972,-8.360,-7.464,7.464,23.404,32.795
1093,1,2.539,-31.584,-77.681,0.684,0.033,-0.037,-0.373,-4.972,-8.360,-7.464,7.464,23.404,32.795
1093,1,2.539,-31.584,-77.681,0.684,0.033,-0.037,-0.373,-4.972,-8.360,-7.464,7.464,23.404,32.795
1093,1,2.539,-31.584,-77.681,0.684,0.033,-0.037,-0.373,-4.972,-8.360,-7.464,7.464,23.404,32.795
1093,1,2.539,-31.584,-77.681,0.684,0.033,-0.037,-0.373,-4.972,-8.360,-7.464,7.464,23.404,32.795
1093,1,2.539,-31.584,-77.681,0.684,0.033,-0.037,-0.373,-4.972,-8.360,-7.464,7.464,23.404,32.795
1093,1,2.539,-31.584,-77.681,0.684,0.033,-0.037,-0.373,-4.972,-8.360,-7.464,7.464,23.404,32.795
1093,1,2.539,-31.584,-77.681,0.684,0.033,-0.037,-0.373,-4.972,-8.360,-7.464,7.464,23.404,32.795
1093,1,2.539,-31.584,-77.681,0.684,0.033,-0.037,-0.373,-4.972,-8.360,-7.464,7.464,23.404,32.795
1093,1,2.539,-31.584,-77.681,0.684,0.033,-0.037,-0.373,-4.972,-8.360,-7.464,7.464,23.404,32.795
1093,1,2.539,-31.584,-77.681,0.684,0.033,-0.037,-0.373,-4.972,-8.360,-7.464,7.464,23.404,32.795
1093,1,2.539,-31.584,-77.681,0.684,0.033,-0.037,-0.373,-4.972,-8.360,-7.464,7.464,23.404,32.795
1093,1,2.539,-31.584,-77.681,0.684,0.033,-0.037,-0.373,-4.972,-8.360,-7.464,7.464,23.404,32.795
1093,1,2.539,-31.584,-77.681,0.684,0.033,-0.037,-0.373,-4.972,-8.360,-7.464,7.464,23.404,32.795
1093,1,2.539,-31.584,-77.681,0.684,0.033,-0.037,-0.373,-4.972,-8.360,-7.464,7.464,23.404,32.795
1093,1,2.539,-31.584,-77.681,0.684,0.033,-0.037,-0.373,-4.972,-8.360,-7.464,7.464,23.404,32.795
1093,1,2.539,-31.584,-77.681,0.684,0.033,-0.037,-0.373,-4.972,-8.360,-7.464,7.464,23.404,32.795
1093,1,2.539,-31.584,-77.681,0.684,0.033,-0.037,-0.373,-4.972,-8.360,-7.464,7.464,23.404,32.795
1093,1,2.539,-31.584,-77.681,0.684,0.033,-0.037,-0.373,-4.972,-8.360,-7.464,7.464,23.404,32.795
1093,1,2.539,-31.584,-77.681,0.684,0.033,-0.037,-0.373,-4.972,-8.360,-7.464,7.464,23.404,32.795
1093,1,2.539,-31.584,-77.681,0.684,0.033,-0.037,-0.373,-4.972,-8.360,-7.464,7.464,23.404,32.795
1093,1,2.539,-31.584,-77.681,0.684,0.033,-0.037,-0.373,-4.972,-8.360,-7.464,7.464,23.404,32.795
1093,1,2.539,-31.584,-77.681,0.684,0.033,-0.037,-0.373,-4.972,-8.360,-7.464,7.464,23.404,32.795
1093,1,2.539,-31.584,-77.681,0.684,0.033,-0.037,-0.373,-4.972,-8.360,-7.464,7.464,23.404,32.795
1093,1,2.539,-31.584,-77.681,0.684,0.033,-0.037,-0.373,-4.972,-8.360,-7.464,7.464,23.404,32.795
1093,1,2.539,-31.584,-77.681,0.684,0.033,-0.037,-0.373,-4.972,-8.360,-7.464,7.464,23.404,32.795
1093,1,2.539,-31.584,-77.681,0.684,0.033,-0.037,-0.373,-4.972,-8.360,-7.464,7.464,23.404,32.795
1093,1,2.539,-31.584,-77.681,0.684,0.033,-0.037,-0.373,-4.972,-8.360,-7.464,7.464,23.404,32.795
1093,1,2.539,-31.584,-77.681,0.684,0.033,-0.037,-0.373,-4.972,-8.360,-7.464,7.464,23.404,32.795
1093,1,2.539,-31.584,-77.681,0.684,0.033,-0.037,-0.373,-4.972,-8.360,-7.464,7.464,23.404,32.795
1093,1,2.539,-31.584,-77.681,0.684,0.033,-0.037,-0.373,-4.972,-8.360,-7.464,7.464,23.404,32.795
1093,1,2.539,-31.584,-77.681,0.684,0.033,-0.037,-0.373,-4.972,-8.360,-7.464,7.464,23.404,32.795
1093,1,2.539,-31.584,-77.681,0.684,0.033,-0.037,-0.373,-4.972,-8.360,-7.464,7.464,23.404,32.795
1093,1,2.539,-31.584,-77.681,0.684,0.033,-0.037,-0.373,-4.972,-8.360,-7.464,7.464,23.404,32.795
1093,1,2.539,-31.584,-77.681,0.684,0.033,-0.037,-0.373,-4.972,-8.360,-7.464,7.464,23.404,32.795
1093,1,2.539,-31.584,-77.681,0.684,0.033,-0.037,-0.373,-4.972,-8.360,-7.464,7.464,23.404,32.795
1093,1,2.539,-31.584,-77.681,0.684,0.033,-0.037,-0.373,-4.972,-8.360,-7.464,7.464,23.404,32.795
1093,1,2.539,-31.584,-77.681,0.684,0.033,-0.037,-0.373,-4.972,-8.360,-7.464,7.464,23.404,32.795
1093,1,2.539,-31.584,-77.681,0.684,0.033,-0.037,-0.373,-4.972,-8.360,-7.464,7.464,23.404,32.795
1093,1,2.539,-31.584,-77.681,0.684,0.033,-0.037,-0.373,-4.972,-8.360,-7.464,7.464,23.404,32.795
1093,1,2.539,-31.584,-77.681,0.684,0.033,-0.037,-0.373,-4.972,-8.360,-7.464,7.464,23.404,32.795
1093,1,2.539,-31.584,-77.681,0.684,0.033,-0.037,-0.373,-4.972,-8.360,-7.464,7.464,23.404,32.795
1093,1,2.539,-31.584,-77.681,0.684,0.033,-0.037,-0.373,-4.972,-8.360,-7.464,7.464,23.404,32.795
1093,1,2.539,-31.584,-77.681,0.684,0.033,-0.037,-0.373,-4.972,-8.360,-7.464,7.464,23.404,32.795
1093,1,2.539,-31.584,-77.681,0.684,0.033,-0.037,-0.373,-4.972,-8.360,-7.464,7.464,23.404,32.795
1093,1,2.539,-31.584,-77.681,0.684,0.033,-0.037,-0.373,-4.972,-8.360,-7.464,7.464,23.404,32.795
1093,1,2.539,-31.584,-77.681,0.684,0.033,-0.037,-0.373,-4.972,-8.360,-7.464,7.464,23.404,32.795
1093,1,2.539,-31.584,-77.681,0.684,0.033,-0.037,-0.373,-4.972,-8.360,-7.464,7.464,23.404,32.795
1093,1,2.539,-31.584,-77.681,0.684,0.033,-0.037,-0.373,-4.972,-8.360,-7.464,7.464,23.404,32.795
1093,1,2.539,-31.584,-77.681,0.684,0.033,-0.037,-0.373,-4.972,-8.360,-7.464,7.464,23.404,32.795
1093,1,2.539,-31.584,-77.681,0.684,0.033,-0.037,-0.373,-4.972,-8.360,-7.464,7.464,23.404,32.795
1093,1,2.539,-31.584,-77.681,0.684,0.033,-0.037,-0.373,-4.972,-8.360,-7.464,7.464,23.404,32.795
1093,1,2.539,-31.584,-77.681,0.684,0.033,-0.037,-0.373,-4.972,-8.360,-7.464,7.464,23.404,32.795
1093,1,2.539,-31.584,-77.681,0.684,0.033,-0.037,-0.373,-4.972,-8.360,-7.464,7.464,23.404,32.795
1093,1,2.539,-31.584,-77.681,0.684,0.033,-0.037,-0.373,-4.972,-8.360,-7.464,7.464,23.404,32.795
1093,1,2.539,-31.584,-77.681,0.684,0.033,-0.037,-0.373,-4.972,-8.360,-7.464,7.464,23.404,32.795
1093,1,2.539,-31.584,-77.681,0.684,0.033,-0.037,-0.373,-4.972,-8.360,-7.464,7.464,23.404,32.795
1093,1,2.539,-31.584,-77.681,0.684,0.033,-0.037,-0.373,-4.972,-8.360,-7.464,7.464,23.404,32.795
1093,1,2.539,-31.584,-77.681,0.684,0.033,-0.037,-0.373,-4.972,-8.360,-7.464,7.464,23.404,32.795
1093,1,2.539,-31.584,-77.681,0.684,0.033,-0.037,-0.373,-4.972,-8.360,-7.464,7.464,23.404,32.795
1093,1,2.539,-31.584,-77.681,0.684,0.033,-0.037,-0.373,-4.972,-8.360,-7.464,7.464,23.404,32.795
1093,1,2.539,-31.584,-77.681,0.684,0.033,-0.037,-0.373,-4.972,-8.360,-7.464,7.464,23.404,32.795
1093,1,2.539,-31.584,-77.681,0.684,0.033,-0.037,-0.373,-4.972,-8.360,-7.464,7.464,23.404,32.795
1093,1,2.539,-31.584,-77.681,0.684,0.033,-0.037,-0.373,-4.972,-8.360,-7.464,7.464,23.404,32.795
1093,1,2.539,-31.584,-77.681,0.684,0.033,-0.037,-0.373,-4.972,-8.360,-7.464,7.464,23.404,32.795
1093,1,2.539,-31.584,-77.681,0.684,0.033,-0.037,-0.373,-4.972,-8.360,-7.464,7.464,23.404,32.795
1093,1,2.539,-31.584,-77.681,0.684,0.033,-0.037,-0.373,-4.972,-8.360,-7.464,7.464,23.404,32.795
1093,1,2.539,-31.584,-77.681,0.684,0.033,-0.037,-0.373,-4.972,-8.360,-7.464,7.464,23.404,32.795
1093,1,2.539,-31.584,-77.681,0.684,0.033,-0.037,-0.373,-4.972,-8.360,-7.464,7.464,23.404,32.795
1093,1,2.539,-31.584,-77.681,0.684,0.033,-0.037,-0.373,-4.972,-8.360,-7.464,7.464,23.404,32.795
1093,1,2.539,-31.584,-77.681,0.684,0.033,-0.037,-0.373,-4.972,-8.360,-7.464,7.464,23.404,32.795
1093,1,2.539,-31.584,-77.681,0.684,0.033,-0.037,-0.373,-4.972,-8.360,-7.464,7.464,23.404,32.795
1093,1,2.539,-31.584,-77.681,0.684,0.033,-0.037,-0.373,-4.972,-8.360,-7.464,7.464,23.404,32.795
1093,1,2.539,-31.584,-77.681,0.684,0.033,-0.037,-0.373,-4.972,-8.360,-7.464,7.464,23.404,32.795
1093,1,2.539,-31.584,-77.681,0.684,0.033,-0.037,-0.373,-4.972,-8.360,-7.464,7.464,23.404,32.795
1093,1,2.539,-31.584,-77.681,0.684,0.033,-0.037,-0.373,-4.972,-8.360,-7.464,7.464,23.404,32.795
1093,1,2.539,-31.584,-77.681,0.684,0.033,-0.037,-0.373,-4.972,-8.360,-7.464,7.464,23.404,32.795
1093,1,2.539,-31.584,-77.681,0.684,0.033,-0.037,-0.373,-4.972,-8.360,-7.464,7.464,23.404,32.795
1093,1,2.539,-31.584,-77.681,0.684,0.033,-0.037,-0.373,-4.972,-8.360,-7.464,7.464,23.404,32.795
1093,1,2.539,-31.584,-77.681,0.684,0.033,-0.037,-0.373,-4.972,-8.360,-7.464,7.464,23.404,32.795
1093,1,2.539,-31.584,-77.681,0.684,0.033,-0.037,-0.373,-4.972,-8.360,-7.464,7.464,23.404,32.795
1093,1,2.539,-31.584,-77.681,0.684,0.033,-0.037,-0.373,-4.972,-8.360,-7.464,7.464,23.404,32.795
1093,1,2.539,-31.584,-77.681,0.684,0.033,-0.037,-0.373,-4.972,-8.360,-7.464,7.464,23.404,32.795
1093,1,2.539,-31.584,-77.681,0.684,0.033,-0.037,-0.373,-4.972,-8.360,-7.464,7.464,23.404,32.795
1093,1,2.539,-31.584,-77.681,0.684,0.033,-0.037,-0.373,-4.972,-8.360,-7.464,7.464,23.404,32.795
1093,1,2.539,-31.584,-77.681,0.684,0.033,-0.037,-0.373,-4.972,-8.360,-7.464,7.464,23.404,32.795
1093,1,2.539,-31.584,-77.681,0.684,0.033,-0.037,-0.373,-4.972,-8.360,-7.464,7.464,23.404,32.795
1093,1,2.539,-31.584,-77.681,0.684,0.033,-0.037,-0.373,-4.972,-8.360,-7.464,7.464,23.404,32.795
1093,1,2.539,-31.584,-77.681,0.684,0.033,-0.037,-0.373,-4.972,-8.360,-7.464,7.464,23.404,32.795
1093,1,2.539,-31.584,-77.681,0.684,0.033,-0.037,-0.373,-4.972,-8.360,-7.464,7.464,23.404,32.795
1093,1,2.539,-31.584,-77.681,0.684,0.033,-0.037,-0.373,-4.972,-8.360,-7.464,7.464,23.404,32.795
1093,1,2.539,-31.584,-77.681,0.684,0.033,-0.037,-0.373,-4.972,-8.360,-7.464,7.464,23.404,32.795
1093,1,2.539,-31.584,-77.681,0.684,0.033,-0.037,-0.373,-4.972,-8.360,-7.464,7.464,23.404,32.795
1093,1,2.539,-31.584,-77.681,0.684,0.033,-0.037,-0.373,-4.972,-8.360,-7.464,7.464,23.404,32.795
1093,1,2.539,-31.584,-77.681,0.684,0.033,-0.037,-0.373,-4.972,-8.360,-7.464,7.464,23.404,32.795
1093,1,2.539,-31.584,-77.681,0.684,0.033,-0.037,-0.373,-4.972,-8.360,-7.464,7.464,23.404,32.795
1093,1,2.539,-31.584,-77.681,0.684,0.033,-0.037,-0.373,-4.972,-8.360,-7.464,7.464,23.404,32.795
1093,1,2.539,-31.584,-77.681,0.684,0.033,-0.037,-0.373,-4.972,-8.360,-7.464,7.464,23.404,32.795
1093,1,2.539,-31.584,-77.681,0.684,0.033,-0.037,-0.373,-4.972,-8.360,-7.464,7.464,23.404,32.795
1093,1,2.539,-31.584,-77.681,0.684,0.033,-0.037,-0.373,-4.972,-8.360,-7.464,7.464,23.404,32.795
1093,1,2.539,-31.584,-77.681,0.684,0.033,-0.037,-0.373,-4.972,-8.360,-7.464,7.464,23.404,32.795
1093,1,2.539,-31.584,-77.681,0.684,0.033,-0.037,-0.373,-4.972,-8.360,-7.464,7.464,23.404,32.795
1093,1,2.539,-31.584,-77.681,0.684,0.033,-0.037,-0.373,-4.972,-8.360,-7.464,7.464,23.404,32.795
1093,1,2.539,-31.584,-77.681,0.684,0.033,-0.037,-0.373,-4.972,-8.360,-7.464,7.464,23.404,32.795
1093,1,2.539,-31.584,-77.681,0.684,0.033,-0.037,-0.373,-4.972,-8.360,-7.464,7.464,23.404,32.795
1093,1,2.539,-31.584,-77.681,0.684,0.033,-0.037,-0.373,-4.972,-8.360,-7.464,7.464,23.404,32.795
1093,1,2.539,-31.584,-77.681,0.684,0.033,-0.037,-0.373,-4.972,-8.360,-7.464,7.464,23.404,32.795
1093,1,2.539,-31.584,-77.681,0.684,0.033,-0.037,-0.373,-4.972,-8.360,-7.464,7.464,23.404,32.795
1093,1,2.539,-31.584,-77.681,0.684,0.033,-0.037,-0.373,-4.972,-8.360,-7.464,7.464,23.404,32.795
1093,1,2.539,-31.584,-77.681,0.684,0.033,-0.037,-0.373,-4.972,-8.360,-7.464,7.464,23.404,32.795
1093,1,2.539,-31.584,-77.681,0.684,0.033,-0.037,-0.373,-4.972,-8.360,-7.464,7.464,23.404,32.795
1093,1,2.539,-31.584,-77.681,0.684,0.033,-0.037,-0.373,-4.972,-8.360,-7.464,7.464,23.404,32.795
1093,1,2.539,-31.584,-77.681,0.684,0.033,-0.037,-0.373,-4.972,-8.360,-7.464,7.464,23.404,32.795
1093,1,2.539,-31.584,-77.681,0.684,0.033,-0.037,-0.373,-4.972,-8.360,-7.464,7.464,23.404,32.795
1093,1,2.539,-31.584,-77.681,0.684,0.033,-0.037,-0.373,-4.972,-8.360,-7.464,7.464,23.404,32.795
1093,1,2.539,-31.584,-77.681,0.684,0.033,-0.037,-0.373,-4.972,-8.360,-7.464,7.464,23.404,32.795
1093,1,2.539,-31.584,-77.681,0.684,0.033,-0.037,-0.373,-4.972,-8.360,-7.464,7.464,23.404,32.795
1093,1,2.539,-31.584,-77.681,0.684,0.033,-0.037,-0.373,-4.972,-8.360,-7.464,7.464,23.404,32.795
1093,1,2.539,-31.584,-77.681,0.684,0.033,-0.037,-0.373,-4.972,-8.360,-7.464,7.464,23.404,32.795
1093,1,2.539,-31.584,-77.681,0.684,0.033,-0.037,-0.373,-4.972,-8.360,-7.464,7.464,23.404,32.795
1093,1,2.539,-31.584,-77.681,0.684,0.033,-0.037,-0.373,-4.972,-8.360,-7.464,7.464,23.404,32.795
1093,1,2.539,-31.584,-77.681,0.684,0.033,-0.037,-0.373,-4.972,-8.360,-7.464,7.464,23.404,32.795
1093,1,2.539,-31.584,-77.681,0.684,0.033,-0.037,-0.373,-4.972,-8.360,-7.464,7.464,23.404,32.795
1093,1,2.539,-31.584,-77.681,0.684,0.033,-0.037,-0.373,-4.972,-8.360,-7.464,7.464,23.404,32.795
1093,1,2.539,-31.584,-77.681,0.684,0.033,-0.037,-0.373,-4.972,-8.360,-7.464,7.464,23.404,32.795
1093,1,2.539,-31.584,-77.681,0.684,0.033,-0.037,-0.373,-4.972,-8.360,-7.464,7.464,23.404,32.795
1093,1,2.539,-31.584,-77.681,0.684,0.033,-0.037,-0.373,-4.972,-8.360,-7.464,7.464,23.404,32.795
1093,1,2.539,-31.584,-77.681,0.684,0.033,-0.037,-0.373,-4.972,-8.360,-7.464,7.464,23.404,32.795
1093,1,2.539,-31.584,-77.681,0.684,0.033,-0.037,-0.373,-4.972,-8.360,-7.464,7.464,23.404,32.795
1093,1,2.539,-31.584,-77.681,0.684,0.033,-0.037,-0.373,-4.972,-8.360,-7.464,7.464,23.404,32.795
1093,1,2.539,-31.584,-77.681,0.684,0.033,-0.037,-0.373,-4.972,-8.360,-7.464,7.464,23.404,32.795
1093,1,2.539,-31.584,-77.681,0.684,0.033,-0.037,-0.373,-4.972,-8.360,-7.464,7.464,23.404,32.795
1093,1,2.539,-31.584,-77.681,0.684,0.033,-0.037,-0.373,-4.972,-8.360,-7.464,7.464,23.404,32.795
1093,1,2.539,-31.584,-77.681,0.684,0.033,-0.037,-0.373,-4.972,-8.360,-7.464,7.464,23.404,32.795
1093,1,2.539,-31.584,-77.681,0.684,0.033,-0.037,-0.373,-4.972,-8.360,-7.464,7.464,23.404,32.795
1093,1,2.539,-31.584,-77.681,0.684,0.033,-0.037,-0.373,-4.972,-8.360,-7.464,7.464,23.404,32.795
1093,1,2.539,-31.584,-77.681,0.684,0.033,-0.037,-0.373,-4.972,-8.360,-7.464,7.464,23.404,32.795
1093,1,2.539,-31.584,-77.681,0.684,0.033,-0.037,-0.373,-4.972,-8.360,-7.464,7.464,23.404,32.795
1093,1,2.539,-31.584,-77.681,0.684,0.033,-0.037,-0.373,-4.972,-8.360,-7.464,7.464,23.404,32.795
1093,1,2.539,-31.584,-77.681,0.684,0.033,-0.037,-0.373,-4.972,-8.360,-7.464,7.464,23.404,32.795
1093,1,2.539,-31.584,-77.681,0.684,0.033,-0.037,-0.373,-4.972,-8.360,-7.464,7.464,23.404,32.795
1093,1,2.539,-31.584,-77.681,0.684,0.033,-0.037,-0.373,-4.972,-8.360,-7.464,7.464,23.404,32.795
1093,1,2.539,-31.584,-77.681,0.684,0.033,-0.037,-0.373,-4.972,-8.360,-7.464,7.464,23.404,32.795
1093,1,2.539,-31.584,-77.681,0.684,0.033,-0.037,-0.373,-4.972,-8.360,-7.464,7.464,23.404,32.795
1093,1,2.539,-31.584,-77.681,0.684,0.033,-0.037,-0.373,-4.972,-8.360,-7.464,7.464,23.404,32.795
1093,1,2.539,-31.584,-77.681,0.684,0.033,-0.037,-0.373,-4.972,-8.360,-7.464,7.464,23.404,32.795
1093,1,2.539,-31.584,-77.681,0.684,0.033,-0.037,-0.373,-4.972,-8.360,-7.464,7.464,23.404,32.795
1093,1,2.539,-31.584,-77.681,0.684,0.033,-0.037,-0.373,-4.972,-8.360,-7.464,7.464,23.404,32.795
1093,1,2.539,-31.584,-77.681,0.684,0.033,-0.037,-0.373,-4.972,-8.360,-7.464,7.464,23.404,32.795
1093,1,2.539,-31.584,-77.681,0.684,0.033,-0.037,-0.373,-4.972,-8.360,-7.464,7.464,23.404,32.795
1093,1,2.539,-31.584,-77.681,0.684,0.033,-0.037,-0.373,-4.972,-8.360,-7.464,7.464,23.404,32.795
1093,1,2.539,-31.584,-77.681,0.684,0.033,-0.037,-0.373,-4.972,-8.360,-7.464,7.464,23.404,32.795
1093,1,2.539,-31.584,-77.681,0.684,0.033,-0.037,-0.373,-4.972,-8.360,-7.464,7.464,23.404,32.795
1093,1,2.539,-31.584,-77.681,0.684,0.033,-0.037,-0.373,-4.972,-8.360,-7.464,7.464,23.404,32.795
1093,1,2.539,-31.584,-77.681,0.684,0.033,-0.037,-0.373,-4.972,-8.360,-7.464,7.464,23.404,32.795
1093,1,2.539,-31.584,-77.681,0.684,0.033,-0.037,-0.373,-4.972,-8.360,-7.464,7.464,23.404,32.795
1093,1,2.539,-31.584,-77.681,0.684,0.033,-0.037,-0.373,-4.972,-8.360,-7.464,7.464,23.404,32.795
1093,1,2.539,-31.584,-77.681,0.684,0.033,-0.037,-0.373,-4.972,-8.360,-7.464,7.464,23.404,32.795
1093,1,2.539,-31.584,-77.681,0.684,0.033,-0.037,-0.373,-4.972,-8.360,-7.464,7.464,23.404,32.795
1093,1,2.539,-31.584,-77.681,0.684,0.033,-0.037,-0.373,-4.972,-8.360,-7.464,7.464,23.404,32.795
1093,1,2.539,-31.584,-77.681,0.684,0.033,-0.037,-0.373,-4.972,-8.360,-7.464,7.464,23.404,32.795
1093,1,2.539,-31.584,-77.681,0.684,0.033,-0.037,-0.373,-4.972,-8.360,-7.464,7.464,23.404,32.795
1093,1,2.539,-31.584,-77.681,0.684,0.033,-0.037,-0.373,-4.972,-8.360,-7.464,7.464,23.404,32.795
1093,1,2.539,-31.584,-77.681,0.684,0.033,-0.037,-0.373,-4.972,-8.360,-7.464,7.464,23.404,32.795
1093,1,2.539,-31.584,-77.681,0.684,0.033,-0.037,-0.373,-4.972,-8.360,-7.464,7.464,23.404,32.795
1093,1,2.539,-31.584,-77.681,0.684,0.033,-0.037,-0.373,-4.972,-8.360,-7.464,7.464,23.404,32.795
1093,1,2.539,-31.584,-77.681,0.684,0.033,-0.037,-0.373,-4.972,-8.360,-7.464,7.464,23.404,32.795
1093,1,2.539,-31.584,-77.681,0.684,0.033,-0.037,-0.373,-4.972,-8.360,-7.464,7.464,23.404,32.795
1093,1,2.539,-31.584,-77.681,0.684,0.033,-0.037,-0.373,-4.972,-8.360,-7.464,7.464,23.404,32.795
1093,1,2.539,-31.584,-77.681,0.684,0.033,-0.037,-0.373,-4.972,-8.360,-7.464,7.464,23.404,32.795
1093,1,2.539,-31.584,-77.681,0.684,0.033,-0.037,-0.373,-4.972,-8.360,-7.464,7.464,23.404,32.795
1093,1,2.539,-31.584,-77.681,0.684,0.033,-0.037,-0.373,-4.972,-8.360,-7.464,7.464,23.404,32.795
1093,1,2.539,-31.584,-77.681,0.684,0.033,-0.037,-0.373,-4.972,-8.360,-7.464,7.464,23.404,32.795
1093,1,2.539,-31.584,-77.681,0.684,0.033,-0.037,-0.373,-4.972,-8.360,-7.464,7.464,23.404,32.795
1093,1,2.539,-31.584,-77.681,0.684,0.033,-0.037,-0.373,-4.972,-8.360,-7.464,7.464,23.404,32.795
1093,1,2.539,-31.584,-77.681,0.684,0.033,-0.037,-0.373,-4.972,-8.360,-7.464,7.464,23.404,32.795
1093,1,2.539,-31.584,-77.681,0.684,0.033,-0.037,-0.373,-4.972,-8.360,-7.464,7.464,23.404,32.795
1093,1,2.539,-31.584,-77.681,0.684,0.033,-0.037,-0.373,-4.972,-8.360,-7.464,7.464,23.404,32.795
1093,1,2.539,-31.584,-77.681,0.684,0.033,-0.037,-0.373,-4.972,-8.360,-7.464,7.464,23.404,32.795
1093,1,2.539,-31.584,-77.681,0.684,0.033,-0.037,-0.373,-4.972,-8.360,-7.464,7.464,23.404,32.795
1093,1,2.539,-31.584,-77.681,0.684,0.033,-0.037,-0.373,-4.972,-8.360,-7.464,7.464,23.404,32.795
1093,1,2.539,-31.584,-77.681,0.684,0.033,-0.037,-0.373,-4.972,-8.360,-7.464,7.464,23.404,32.795
1093,1,2.539,-31.584,-77.681,0.684,0.033,-0.037,-0.373,-4.972,-8.360,-7.464,7.464,23.404,32.795
1093,1,2.539,-31.584,-77.681,0.684,0.033,-0.037,-0.373,-4.972,-8.360,-7.464,7.464,23.404,32.795
1093,1,2.539,-31.584,-77.681,0.684,0.033,-0.037,-0.373,-4.972,-8.360,-7.464,7.464,23.404,32.795
1093,1,2.539,-31.584,-77.681,0.684,0.033,-0.037,-0.373,-4.972,-8.360,-7.464,7.464,23.404,32.795
1093,1,2.539,-31.584,-77.681,0.684,0.033,-0.037,-0.373,-4.972,-8.360,-7.464,7.464,23.404,32.795
1093,1,2.539,-31.584,-77.681,0.684,0.033,-0.037,-0.373,-4.972,-8.360,-7.464,7.464,23.404,32.795
1093,1,2.539,-31.584,-77.681,0.684,0.033,-0.037,-0.373,-4.972,-8.360,-7.464,7.464,23.404,32.795
1093,1,2.539,-31.584,-77.681,0.684,0.033,-0.037,-0.373,-4.972,-8.360,-7.464,7.464,23.404,32.795
1093,1,2.539,-31.584,-77.681,0.684,0.033,-0.037,-0.373,-4.972,-8.360,-7.464,7.464,23.404,32.795
1093,1,2.539,-31.584,-77.681,0.684,0.033,-0.037,-0.373,-4.972,-8.360,-7.464,7.464,23.404,32.795
1093,1,2.539,-31.584,-77.681,0.684,0.033,-0.037,-0.373,-4.972,-8.360,-7.464,7.464,23.404,32.795
1093,1,2.539,-31.584,-77.681,0.684,0.033,-0.037,-0.373,-4.972,-8.360,-7.464,7.464,23.404,32.795
1093,1,2.539,-31.584,-77.681,0.684,0.033,-0.037,-0.373,-4.972,-8.360,-7.464,7.464,23.404,32.795
1093,1,2.539,-31.584,-77.681,0.684,0.033,-0.037,-0.373,-4.972,-8.360,-7.464,7.464,23.404,32.795
1093,1,2.539,-31.584,-77.681,0.684,0.033,-0.037,-0.373,-4.972,-8.360,-7.464,7.464,23.404,32.795
1093,1,2.539,-31.584,-77.681,0.684,0.033,-0.037,-0.373,-4.972,-8.360,-7.464,7.464,23.404,32.795
1093,1,2.539,-31.584,-77.681,0.684,0.033,-0.037,-0.373,-4.972,-8.360,-7.464,7.464,23.404,32.795
1093,1,2.539,-31.584,-77.681,0.684,0.033,-0.037,-0.373,-4.972,-8.360,-7.464,7.464,23.404,32.795
1093,1,2.539,-31.584,-77.681,0.684,0.033,-0.037,-0.373,-4.972,-8.360,-7.464,7.464,23.404,32.795
1093,1,2.539,-31.584,-77.681,0.684,0.033,-0.037,-0.373,-4.972,-8.360,-7.464,7.464,23.404,32.795
1093,1,2.539,-31.584,-77.681,0.684,0.033,-0.037,-0.373,-4.972,-8.360,-7.464,7.464,23.404,32.795
1093,1,2.539,-31.584,-77.681,0.684,0.033,-0.037,-0.373,-4.972,-8.360,-7.464,7.464,23.404,32.795
1093,1,2.539,-31.584,-77.681,0.684,0.033,-0.037,-0.373,-4.972,-8.360,-7.464,7.464,23.404,32.795
1093,1,2.539,-31.584,-77.681,0.684,0.033,-0.037,-0.373,-4.972,-8.360,-7.464,7.464,23.404,32.795
1093,1,2.539,-31.584,-77.681,0.684,0.033,-0.037,-0.373,-4.972,-8.360,-7.464,7.464,23.404,32.795
1093,1,2.539,-31.584,-77.681,0.684,0.033,-0.037,-0.373,-4.972,-8.360,-7.464,7.464,23.404,32.795
1093,1,2.539,-31.584,-77.681,0.684,0.033,-0.037,-0.373,-4.972,-8.360,-7.464,7.464,23.404,32.795
1093,1,2.539,-31.584,-77.681,0.684,0.033,-0.037,-0.373,-4.972,-8.360,-7.464,7.464,23.404,32.795
1093,1,2.539,-31.584,-77.681,0.684,0.033,-0.037,-0.373,-4.972,-8.360,-7.464,7.464,23.404,32.795
1093,1,2.539,-31.584,-77.681,0.684,0.033,-0.037,-0.373,-4.972,-8.360,-7.464,7.464,23.404,32.795
1093,1,2.539,-31.584,-77.681,0.684,0.033,-0.037,-0.373,-4.972,-8.360,-7.464,7.464,23.404,32.795
1093,1,2.539,-31.584,-77.681,0.684,0.033,-0.037,-0.373,-4.972,-8.360,-7.464,7.464,23.404,32.795
1093,1,2.539,-31.584,-77.681,0.684,0.033,-0.037,-0.373,-4.972,-8.360,-7.464,7.464,23.404,32.795
1093,1,2.539,-31.584,-77.681,0.684,0.033,-0.037,-0.373,-4.972,-8.360,-7.464,7.464,23.404,32.795
1093,1,2.539,-31.584,-77.681,0.684,0.033,-0.037,-0.373,-4.972,-8.360,-7.464,7.464,23.404,32.795
1093,1,2.539,-31.584,-77.681,0.684,0.033,-0.037,-0.373,-4.972,-8.360,-7.464,7.464,23.404,32.795
1093,1,2.539,-31.584,-77.681,0.684,0.033,-0.037,-0.373,-4.972,-8.360,-7.464,7.464,23.404,32.795
1093,1,2.539,-31.584,-77.681,0.684,0.033,-0.037,-0.373,-4.972,-8.360,-7.464,7.464,23.404,32.795
1093,1,2.539,-31.584,-77.681,0.684,0.033,-0.037,-0.373,-4.972,-8.360,-7.464,7.464,23.404,32.795
1093,1,2.539,-31.584,-77.681,0.684,0.033,-0.037,-0.373,-4.972,-8.360,-7.464,7.464,23.404,32.795
1093,1,2.539,-31.584,-77.681,0.684,0.033,-0.037,-0.373,-4.972,-8.360,-7.464,7.464,23.404,32.795
1093,1,2.539,-31.584,-77.681,0.684,0.033,-0.037,-0.373,-4.972,-8.360,-7.464,7.464,23.404,32.795
1093,1,2.539,-31.584,-77.681,0.684,0.033,-0.037,-0.373,-4.972,-8.360,-7.464,7.464,23.404,32.795
1093,1,2.539,-31.584,-77.681,0.684,0.033,-0.037,-0.373,-4.972,-8.360,-7.464,7.464,23.404,32.795
1093,1,2.539,-31.584,-77.681,0.684,0.033,-0.037,-0.373,-4.972,-8.360,-7.464,7.464,23.404,32.795
1093,1,2.539,-31.584,-77.681,0.684,0.033,-0.037,-0.373,-4.972,-8.360,-7.464,7.464,23.404,32.795
1093,1,2.539,-31.584,-77.681,0.684,0.033,-0.037,-0.373,-4.972,-8.360,-7.464,7.464,23.404,32.795
1093,1,2.539,-31.584,-77.681,0.684,0.033,-0.037,-0.373,-4.972,-8.360,-7.464,7.464,23.404,32.795
1093,1,2.539,-31.584,-77.681,0.684,0.033,-0.037,-0.373,-4.972,-8.360,-7.464,7.464,23.404,32.795
1093,1,2.539,-31.584,-77.681,0.684,0.033,-0.037,-0.373,-4.972,-8.360,-7.464,7.464,23.404,32.795
1093,1,2.539,-31.584,-77.681,0.684,0.033,-0.037,-0.373,-4.972,-8.360,-7.464,7.464,23.404,32.795
1093,1,2.539,-31.584,-77.681,0.684,0.033,-0.037,-0.373,-4.972,-8.360,-7.464,7.464,23.404,32.795
1093,1,2.539,-31.584,-77.681,0.684,0.033,-0.037,-0.373,-4.972,-8.360,-7.464,7.464,23.404,32.795
1093,1,2.539,-31.584,-77.681,0.684,0.033,-0.037,-0.373,-4.972,-8.360,-7.464,7.464,23.404,32.795
1093,1,2.539,-31.584,-77.681,0.684,0.033,-0.037,-0.373,-4.972,-8.360,-7.464,7.464,23.404,32.795
1093,1,2.539,-31.584,-77.681,0.684,0.033,-0.037,-0.373,-4.972,-8.360,-7.464,7.464,23.404,32.795
1093,1,2.539,-31.584,-77.681,0.684,0.033,-0.037,-0.373,-4.972,-8.360,-7.464,7.464,23.404,32.795
1093,1,2.539,-31.584,-77.681,0.684,0.033,-0.037,-0.373,-4.972,-8.360,-7.464,7.464,23.404,32.795
1093,1,2.539,-31.584,-77.681,0.684,0.033,-0.037,-0.373,-4.972,-8.360,-7.464,7.464,23.404,32.795
1093,1,2.539,-31.584,-77.681,0.684,0.033,-0.037,-0.373,-4.972,-8.360,-7.464,7.464,23.404,32.795
1093,1,2.539,-31.584,-77.681,0.684,0.033,-0.037,-0.373,-4.972,-8.360,-7.464,7.464,23.404,32.795
1093,1,2.539,-31.584,-77.681,0.684,0.033,-0.037,-0.373,-4.972,-8.360,-7.464,7.464,23.404,32.795
1093,1,2.539,-31.584,-77.681,0.684,0.033,-0.037,-0.373,-4.972,-8.360,-7.464,7.464,23.404,32.795
1093,1,2.539,-31.584,-77.681,0.684,0.033,-0.037,-0.373,-4.972,-8.360,-7.464,7.464,23.404,32.795
1093,1,2.539,-31.584,-77.681,0.684,0.033,-0.037,-0.373,-4.972,-8.360,-7.464,7.464,23.404,32.795
1093,1,2.539,-31.584,-77.681,0.684,0.033,-0.037,-0.373,-4.972,-8.360,-7.464,7.464,23.404,32.795
1093,1,2.539,-31.584,-77.681,0.684,0.033,-0.037,-0.373,-4.972,-8.360,-7.464,7.464,23.404,32.795
1093,1,2.539,-31.584,-77.681,0.684,0.033,-0.037,-0.373,-4.972,-8.360,-7.464,7.464,23.404,32.795
1093,1,2.539,-31.584,-77.681,0.684,0.033,-0.037,-0.373,-4.972,-8.360,-7.464,7.464,23.404,32.795
1093,1,2.539,-31.584,-77.681,0.684,0.033,-0.037,-0.373,-4.972,-8.360,-7.464,7.464,23.404,32.795
1093,1,2.539,-31.584,-77.681,0.684,0.033,-0.037,-0.373,-4.972,-8.360,-7.464,7.464,23.404,32.795
1093,1,2.539,-31.584,-77.681,0.684,0.033,-0.037,-0.373,-4.972,-8.360,-7.464,7.464,23.404,32.795
1093,1,2.539,-31.584,-77.681,0.684,0.033,-0.037,-0.373,-4.972,-8.360,-7.464,7.464,23.404,32.795
1093,1,2.539,-31.584,-77.681,0.684,0.033,-0.037,-0.373,-4.972,-8.360,-7.464,7.464,23.404,32.795
1093,1,2.539,-31.584,-77.681,0.684,0.033,-0.037,-0.373,-4.972,-8.360,-7.464,7.464,23.404,32.795
1093,1,2.539,-31.584,-77.681,0.684,0.033,-0.037,-0.373,-4.972,-8.360,-7.464,7.464,23.404,32.795
1093,1,2.539,-31.584,-77.681,0.684,0.033,-0.037,-0.373,-4.972,-8.360,-7.464,7.464,23.404,32.795
1093,1,2.539,-31.584,-77.681,0.684,0.033,-0.037,-0.373,-4.972,-8.360,-7.464,7.464,23.404,32.795
1093,1,2.539,-31.584,-77.681,0.684,0.033,-0.037,-0.373,-4.972,-8.360,-7.464,7.464,23.404,32.795
1093,1,2.539,-31.584,-77.681,0.684,0.033,-0.037,-0.373,-4.972,-8.360,-7.464,7.464,23.404,32.795
1093,1,2.539,-31.584,-77.681,0.684,0.033,-0.037,-0.373,-4.972,-8.360,-7.464,7.464,23.404,32.795
1093,1,2.539,-31.584,-77.681,0.684,0.033,-0.037,-0.373,-4.972,-8.360,-7.464,7.464,23.404,32.795
1093,1,2.539,-31.584,-77.681,0.684,0.033,-0.037,-0.373,-4.972,-8.360,-7.464,7.464,23.404,32.795
1093,1,2.539,-31.584,-77.681,0.684,0.033,-0.037,-0.373,-4.972,-8.360,-7.464,7.464,23.404,32.795
1093,1,2.539,-31.584,-77.681,0.684,0.033,-0.037,-0.373,-4.972,-8.360,-7.464,7.464,23.404,32.795
1093,1,2.539,-31.584,-77.681,0.684,0.033,-0.037,-0.373,-4.972,-8.360,-7.464,7.464,23.404,32.795
1093,1,2.539,-31.584,-77.681,0.684,0.033,-0.037,-0.373,-4.972,-8.360,-7.464,7.464,23.404,32.795
1093,1,2.539,-31.584,-77.681,0.684,0.033,-0.037,-0.373,-4.972,-8.360,-7.464,7.464,23.404,32.795
1093,1,2.539,-31.584,-77.681,0.684,0.033,-0.037,-0.373,-4.972,-8.360,-7.464,7.464,23.404,32.795
1093,1,2.539,-31.584,-77.681,0.684,0.033,-0.037,-0.373,-4.972,-8.360,-7.464,7.464,23.404,32.795
1093,1,2.539,-31.584,-77.681,0.684,0.033,-0.037,-0.373,-4.972,-8.360,-7.464,7.464,23.404,32.795
1093,1,2.539,-31.584,-77.681,0.684,0.033,-0.037,-0.373,-4.972,-8.360,-7.464,7.464,23.404,32.795
1093,1,2.539,-31.584,-77.681,0.684,0.033,-0.037,-0.373,-4.972,-8.360,-7.464,7.464,23.404,32.795
1093,1,2.539,-31.584,-77.681,0.684,0.033,-0.037,-0.373,-4.972,-8.360,-7.464,7.464,23.404,32.795
1093,1,2.539,-31.584,-77.681,0.684,0.033,-0.037,-0.373,-4.972,-8.360,-7.464,7.464,23.404,32.795
1093,1,2.539,-31.584,-77.681,0.684,0.033,-0.037,-0.373,-4.972,-8.360,-7.464,7.464,23.404,32.795
1093,1,2.539,-31.584,-77.681,0.684,0.033,-0.037,-0.373,-4.972,-8.360,-7.464,7.464,23.404,32.795
1093,1,2.539,-31.584,-77.681,0.684,0.033,-0.037,-0.373,-4.972,-8.360,-7.464,7.464,23.404,32.795
1093,1,2.539,-31.584,-77.681,0.684,0.033,-0.037,-0.373,-4.972,-8.360,-7.464,7.464,23.404,32.795
1093,1,2.539,-31.584,-77.681,0.684,0.033,-0.037,-0.373,-4.972,-8.360,-7.464,7.464,23.404,32.795
1093,1,2.539,-31.584,-77.681,0.684,0.033,-0.037,-0.373,-4.972,-8.360,-7.464,7.464,23.404,32.795
1093,1,2.539,-31.584,-77.681,0.684,0.033,-0.037,-0.373,-4.972,-8.360,-7.464,7.464,23.404,32.795
1093,1,2.539,-31.584,-77.681,0.684,0.033,-0.037,-0.373,-4.972,-8.360,-7.464,7.464,23.404,32.795
1093,1,2.539,-31.584,-77.681,0.684,0.033,-0.037,-0.373,-4.972,-8.360,-7.464,7.464,23.404,32.795
1093,1,2.539,-31.584,-77.681,0.684,0.033,-0.037,-0.373,-4.972,-8.360,-7.464,7.464,23.404,32.795
1093,1,2.539,-31.584,-77.681,0.684,0.033,-0.037,-0.373,-4.972,-8.360,-7.464,7.464,23.404,32.795
1093,1,2.539,-31.584,-77.681,0.684,0.033,-0.037,-0.373,-4.972,-8.360,-7.464,7.464,23.404,32.795
1093,1,2.539,-31.584,-77.681,0.684,0.033,-0.037,-0.373,-4.972,-8.360,-7.464,7.464,23.404,32.795
1093,1,2.539,-31.584,-77.681,0.684,0.033,-0.037,-0.373,-4.972,-8.360,-7.464,7.464,23.404,32.795
1093,1,2.539,-31.584,-77.681,0.684,0.033,-0.037,-0.373,-4.972,-8.360,-7.464,7.464,23.404,32.795
1093,1,2.539,-31.584,-77.681,0.684,0.033,-0.037,-0.373,-4.972,-8.360,-7.464,7.464,23.404,32.795
1093,1,2.539,-31.584,-77.681,0.684,0.033,-0.037,-0.373,-4.972,-8.360,-7.464,7.464,23.404,32.795
1093,1,2.539,-31.584,-77.681,0.684,0.033,-0.037,-0.373,-4.972,-8.360,-7.464,7.464,23.404,32.795
1093,1,2.539,-31.584,-77.681,0.684,0.033,-0.037,-0.373,-4.972,-8.360,-7.464,7.464,23.404,32.795
1093,1,2.539,-31.584,-77.681,0.684,0.033,-0.037,-0.373,-4.972,-8.360,-7.464,7.464,23.404,32.795
1093,1,2.539,-31.584,-77.681,0.684,0.033,-0.037,-0.373,-4.972,-8.360,-7.464,7.464,23.404,32.795
1093,1,2.539,-31.584,-77.681,0.684,0.033,-0.037,-0.373,-4.972,-8.360,-7.464,7.464,23.404,32.795
1093,1,2.539,-31.584,-77.681,0.684,0.033,-0.037,-0.373,-4.972,-8.360,-7.464,7.464,23.404,32.795
1093,1,2.539,-31.584,-77.681,0.684,0.033,-0.037,-0.373,-4.972,-8.360,-7.464,7.464,23.404,32.795
1093,1,2.539,-31.584,-77.681,0.684,0.033,-0.037,-0.373,-4.972,-8.360,-7.464,7.464,23.404,32.795
1093,1,2.539,-31.584,-77.681,0.684,0.033,-0.037,-0.373,-4.972,-8.360,-7.464,7.464,23.404,32.795
1093,1,2.539,-31.584,-77.681,0.684,0.033,-0.037,-0.373,-4.972,-8.360,-7.464,7.464,23.404,32.795
1093,1,2.539,-31.584,-77.681,0.684,0.033,-0.037,-0.373,-4.972,-8.360,-7.464,7.464,23.404,32.795
1093,1,2.539,-31.584,-77.681,0.684,0.033,-0.037,-0.373,-4.972,-8.360,-7.464,7.464,23.404,32.795
1093,1,2.539,-31.584,-77.681,0.684,0.033,-0.037,-0.373,-4.972,-8.360,-7.464,7.464,23.404,32.795
1093,1,2.539,-31.584,-77.681,0.684,0.033,-0.037,-0.373,-4.972,-8.360,-7.464,7.464,23.404,32.795
1093,1,2.539,-31.584,-77.681,0.684,0.033,-0.037,-0.373,-4.972,-8.360,-7.464,7.464,23.404,32.795
1093,1,2.539,-31.584,-77.681,0.684,0.033,-0.037,-0.373,-4.972,-8.360,-7.464,7.464,23.404,32.795
1093,1,2.539,-31.584,-77.681,0.684,0.033,-0.037,-0.373,-4.972,-8.360,-7.464,7.464,23.404,32.795
1093,1,2.539,-31.584,-77.681,0.684,0.033,-0.037,-0.373,-4.972,-8.360,-7.464,7.464,23.404,32.795
1093,1,2.539,-31.584,-77.681,0.684,0.033,-0.037,-0.373,-4.972,-8.360,-7.464,7.464,23.404,32.795
1093,1,2.539,-31.584,-77.681,0.684,0.033,-0.037,-0.373,-4.972,-8.360,-7.464,7.464,23.404,32.795
1093,1,2.539,-31.584,-77.681,0.684,0.033,-0.037,-0.373,-4.972,-8.360,-7.464,7.464,23.404,32.795
1093,1,2.539,-31.584,-77.681,0.684,0.033,-0.037,-0.373,-4.972,-8.360,-7.464,7.464,23.404,32.795
1093,1,2.539,-31.584,-77.681,0.684,0.033,-0.037,-0.373,-4.972,-8.360,-7.464,7.464,23.404,32.795
1093,1,2.539,-31.584,-77.681,0.684,0.033,-0.037,-0.373,-4.972,-8.360,-7.464,7.464,23.404,32.795
1093,1,2.539,-31.584,-77.681,0.684,0.033,-0.037,-0.373,-4.972,-8.360,-7.464,7.464,23.404,32.795
1093,1,2.539,-31.584,-77.681,0.684,0.033,-0.037,-0.373,-4.972,-8.360,-7.464,7.464,23.404,32.795
1093,1,2.539,-31.584,-77.681,0.684,0.033,-0.037,-0.373,-4.972,-8.360,-7.464,7.464,23.404,32.795
1093,1,2.539,-31.584,-77.681,0.684,0.033,-0.037,-0.373,-4.972,-8.360,-7.464,7.464,23.404,32.795
1093,1,2.539,-31.584,-77.681,0.684,0.033,-0.037,-0.373,-4.972,-8.360,-7.464,7.464,23.404,32.795
1093,1,2.539,-31.584,-77.681,0.684,0.033,-0.037,-0.373,-4.972,-8.360,-7.464,7.464,23.404,32.795
1093,1,2.539,-31.584,-77.681,0.684,0.033,-0.037,-0.373,-4.972,-8.360,-7.464,7.464,23.404,32.795
1093,1,2.539,-31.584,-77.681,0.684,0.033,-0.037,-0.373,-4.972,-8.360,-7.464,7.464,23.404,32.795
1093,1,2.539,-31.584,-77.681,0.684,0.033,-0.037,-0.373,-4.972,-8.360,-7.464,7.464,23.404,32.795
1093,1,2.539,-31.584,-77.681,0.684,0.033,-0.037,-0.373,-4.972,-8.360,-7.464,7.464,23.404,32.795
1093,1,2.539,-31.584,-77.681,0.684,0.033,-0.037,-0.373,-4.972,-8.360,-7.464,7.464,23.404,32.795
1093,1,2.539,-31.584,-77.681,0.684,0.033,-0.037,-0.373,-4.972,-8.360,-7.464,7.464,23.404,32.795
1093,1,2.539,-31.584,-77.681,0.684,0.033,-0.037,-0.373,-4.972,-8.360,-7.464,7.464,23.404,32.795
1093,1,2.539,-31.584,-77.681,0.684,0.033,-0.037,-0.373,-4.972,-8.360,-7.464,7.464,23.404,32.795
1093,1,2.539,-31.584,-77.681,0.684,0.033,-0.037,-0.373,-4.972,-8.360,-7.464,7.464,23.404,32.795
1093,1,2.539,-31.584,-77.681,0.684,0.033,-0.037,-0.373,-4.972,-8.360,-7.464,7.464,23.404,32.795
1093,1,2.539,-31.584,-77.681,0.684,0.033,-0.037,-0.373,-4.972,-8.360,-7.464,7.464,23.404,32.795
1093,1,2.539,-31.584,-77.681,0.684,0.033,-0.037,-0.373,-4.972,-8.360,-7.464,7.464,23.404,32.795
1093,1,2.539,-31.584,-77.681,0.684,0.033,-0.037,-0.373,-4.972,-8.360,-7.464,7.464,23.404,32.795
1093,1,2.539,-31.584,-77.681,0.684,0.033,-0.037,-0.373,-4.972,-8.360,-7.464,7.464,23.404,32.795
1093,1,2.539,-31.584,-77.681,0.684,0.033,-0.037,-0.373,-4.972,-8.360,-7.464,7.464,23.404,32.795
1093,1,2.539,-31.584,-77.681,0.684,0.033,-0.037,-0.373,-4.972,-8.360,-7.464,7.464,23.404,32.795
1093,1,2.539,-31.584,-77.681,0.684,0.033,-0.037,-0.373,-4.972,-8.360,-7.464,7.464,23.404,32.795
1093,1,2.539,-31.584,-77.681,0.684,0.033,-0.037,-0.373,-4.972,-8.360,-7.464,7.464,23.404,32.795
1093,1,2.539,-31.584,-77.681,0.684,0.033,-0.037,-0.373,-4.972,-8.360,-7.464,7.464,23.404,32.795
1093,1,2.539,-31.584,-77.681,0.684,0.033,-0.037,-0.373,-4.972,-8.360,-7.464,7.464,23.404,32.795
1093,1,2.539,-31.584,-77.681,0.684,0.033,-0.037,-0.373,-4.972,-8.360,-7.464,7.464,23.404,32.795
1093,1,2.539,-31.584,-77.681,0.684,0.033,-0.037,-0.373,-4.972,-8.360,-7.464,7.464,23.404,32.795
1093,1,2.539,-31.584,-77.681,0.684,0.033,-0.037,-0.373,-4.972,-8.360,-7.464,7.464,23.404,32.795
1093,1,2.539,-31.584,-77.681,0.684,0.033,-0.037,-0.373,-4.972,-8.360,-7.464,7.464,23.404,32.795
1093,1,2.539,-31.584,-77.681,0.684,0.033,-0.037,-0.373,-4.972,-8.360,-7.464,7.464,23.404,32.795
1093,1,2.539,-31.584,-77.681,0.684,0.033,-0.037,-0.373,-4.972,-8.360,-7.464,7.464,23.404,32.795
1093,1,2.539,-31.584,-77.681,0.684,0.033,-0.037,-0.373,-4.972,-8.360,-7.464,7.464,23.404,32.795
1093,1,2.539,-31.584,-77.681,0.684,0.033,-0.037,-0.373,-4.972,-8.360,-7.464,7.464,23.404,32.795
1093,1,2.539,-31.584,-77.681,0.684,0.033,-0.037,-0.373,-4.972,-8.360,-7.464,7.464,23.404,32.795
1093,1,2.539,-31.584,-77.681,0.684,0.033,-0.037,-0.373,-4.972,-8.360,-7.464,7.464,23.404,32.795
1093,1,2.539,-31.584,-77.681,0.684,0.033,-0.037,-0.373,-4.972,-8.360,-7.464,7.464,23.404,32.795
1093,1,2.539,-31.584,-77.681,0.684,0.033,-0.037,-0.373,-4.972,-8.360,-7.464,7.464,23.404,32.795
1093,1,2.539,-31.584,-77.681,0.684,0.033,-0.037,-0.373,-4.972,-8.360,-7.464,7.464,23.404,32.795
1093,1,2.539,-31.584,-77.681,0.684,0.033,-0.037,-0.373,-4.972,-8.360,-7.464,7.464,23.404,32.795
1093,1,2.539,-31.584,-77.681,0.684,0.033,-0.037,-0.373,-4.972,-8.360,-7.464,7.464,23.404,32.795
1093,1,2.539,-31.584,-77.681,0.684,0.033,-0.037,-0.373,-4.972,-8.360,-7.464,7.464,23.404,32.795
1093,1,2.539,-31.584,-77.681,0.684,0.033,-0.037,-0.373,-4.972,-8.360,-7.464,7.464,23.404,32.795
1093,1,2.539,-31.584,-77.681,0.684,0.033,-0.037,-0.373,-4.972,-8.360,-7.464,7.464,23.404,32.795
1093,1,2.539,-31.584,-77.681,0.684,0.033,-0.037,-0.373,-4.972,-8.360,-7.464,7.464,23.404,32.795
1093,1,2.539,-31.584,-77.681,0.684,0.033,-0.037,-0.373,-4.972,-8.360,-7.464,7.464,23.404,32.795
1093,1,2.539,-31.584,-77.681,0.684,0.033,-0.037,-0.373,-4.972,-8.360,-7.464,7.464,23.404,32.795
1093,1,2.539,-31.584,-77.681,0.684,0.033,-0.037,-0.373,-4.972,-8.360,-7.464,7.464,23.404,32.795
1093,1,2.539,-31.584,-77.681,0.684,0.033,-0.037,-0.373,-4.972,-8.360,-7.464,7.464,23.404,32.795
1093,1,2.539,-31.584,-77.681,0.684,0.033,-0.037,-0.373,-4.972,-8.360,-7.464,7.464,23.404,32.795
1093,1,2.539,-31.584,-77.681,0.684,0.033,-0.037,-0.373,-4.972,-8.360,-7.464,7.464,23.404,32.795
1093,1,2.539,-31.584,-77.681,0.684,0.033,-0.037,-0.373,-4.972,-8.360,-7.464,7.464,23.404,32.795
1093,1,2.539,-31.584,-77.681,0.684,0.033,-0.037,-0.373,-4.972,-8.360,-7.464,7.464,23.404,32.795
1093,1,2.539,-31.584,-77.681,0.684,0.033,-0.037,-0.373,-4.972,-8.360,-7.464,7.464,23.404,32.795
1093,1,2.539,-31.584,-77.681,0.684,0.033,-0.037,-0.373,-4.972,-8.360,-7.464,7.464,23.404,32.795
1093,1,2.539,-31.584,-77.681,0.684,0.033,-0.037,-0.373,-4.972,-8.360,-7.464,7.464,23.404,32.795
1093,1,2.539,-31.584,-77.681,0.684,0.033,-0.037,-0.373,-4.972,-8.360,-7.464,7.464,23.404,32.795
1093,1,2.539,-31.584,-77.681,0.684,0.033,-0.037,-0.373,-4.972,-8.360,-7.464,7.464,23.404,32.795
1093,1,2.539,-31.584,-77.681,0.684,0.033,-0.037,-0.373,-4.972,-8.360,-7.464,7.464,23.404,32.795
1093,1,2.539,-31.584,-77.681,0.684,0.033,-0.037,-0.373,-4.972,-8.360,-7.464,7.464,23.404,32.795
1093,1,2.539,-31.584,-77.681,0.684,0.033,-0.037,-0.373,-4.972,-8.360,-7.464,7.464,23.404,32.795
1093,1,2.539,-31.584,-77.681,0.684,0.033,-0.037,-0.373,-4.972,-8.360,-7.464,7.464,23.404,32.795
1093,1,2.539,-31.584,-77.681,0.684,0.033,-0.037,-0.373,-4.972,-8.360,-7.464,7.464,23.404,32.795
1093,1,2.539,-31.584,-77.681,0.684,0.033,-0.037,-0.373,-4.972,-8.360,-7.464,7.464,23.404,32.795
1093,1,2.539,-31.584,-77.681,0.684,0.033,-0.037,-0.373,-4.972,-8.360,-7.464,7.464,23.404,32.795
1093,1,2.539,-31.584,-77.681,0.684,0.033,-0.037,-0.373,-4.972,-8.360,-7.464,7.464,23.404,32.795
1093,1,2.539,-31.584,-77.681,0.684,0.033,-0.037,-0.373,-4.972,-8.360,-7.464,7.464,23.404,32.795
1093,1,2.539,-31.584,-77.681,0.684,0.033,-0.037,-0.373,-4.972,-8.360,-7.464,7.464,23.404,32.795
1093,1,2.539,-31.584,-77.681,0.684,0.033,-0.037,-0.373,-4.972,-8.360,-7.464,7.464,23.404,32.795
1093,1,2.539,-31.584,-77.681,0.684,0.033,-0.037,-0.373,-4.972,-8.360,-7.464,7.464,23.404,32.795
1093,1,2.539,-31.584,-77.681,0.684,0.033,-0.037,-0.373,-4.972,-8.360,-7.464,7.464,23.404,32.795
1093,1,2.539,-31.584,-77.681,0.684,0.033,-0.037,-0.373,-4.972,-8.360,-7.464,7.464,23.404,32.795
1093,1,2.539,-31.584,-77.681,0.684,0.033,-0.037,-0.373,-4.972,-8.360,-7.464,7.464,23.404,32.795
1093,1,2.539,-31.584,-77.681,0.684,0.033,-0.037,-0.373,-4.972,-8.360,-7.464,7.464,23.404,32.795
1093,1,2.539,-31.584,-77.681,0.684,0.033,-0.037,-0.373,-4.972,-8.360,-7.464,7.464,23.404,32.795
1093,1,2.539,-31.584,-77.681,0.684,0.033,-0.037,-0.373,-4.972,-8.360,-7.464,7.464,23.404,32.795
1093,1,2.539,-31.584,-77.681,0.684,0.033,-0.037,-0.373,-4.972,-8.360,-7.464,7.464,23.404,32.795
1093,1,2.539,-31.584,-77.681,0.684,0.033,-0.037,-0.373,-4.972,-8.360,-7.464,7.464,23.404,32.795
1093,1,2.539,-31.584,-77.681,0.684,0.033,-0.037,-0.373,-4.972,-8.360,-7.464,7.464,23.404,32.795
1093,1,2.539,-31.584,-77.681,0.684,0.033,-0.037,-0.373,-4.972,-8.360,-7.464,7.464,23.404,32.795
1093,1,2.539,-31.584,-77.681,0.684,0.033,-0.037,-0.373,-4.972,-8.360,-7.464,7.464,23.404,32.795
1093,1,2.539,-31.584,-77.681,0.684,0.033,-0.037,-0.373,-4.972,-8.360,-7.464,7.464,23.404,32.795
1093,1,2.539,-31.584,-77.681,0.684,0.033,-0.037,-0.373,-4.972,-8.360,-7.464,7.464,23.404,32.795
1093,1,2.539,-31.584,-77.681,0.684,0.033,-0.037,-0.373,-4.972,-8.360,-7.464,7.464,23.404,32.795
1093,1,2.539,-31.584,-77.681,0.684,0.033,-0.037,-0.373,-4.972,-8.360,-7.464,7.464,23.404,32.795
1093,1,2.539,-31.584,-77.681,0.684,0.033,-0.037,-0.373,-4.972,-8.360,-7.464,7.464,23.404,32.795
1093,1,2.539,-31.584,-77.681,0.684,0.033,-0.037,-0.373,-4.972,-8.360,-7.464,7.464,23.404,32.795
1093,1,2.539,-31.584,-77.681,0.684,0.033,-0.037,-0.373,-4.972,-8.360,-7.464,7.464,23.404,32.795
1093,1,2.539,-31.584,-77.681,0.684,0.033,-0.037,-0.373,-4.972,-8.360,-7.464,7.464,23.404,32.795
1093,1,2.539,-31.584,-77.681,0.684,0.033,-0.037,-0.373,-4.972,-8.360,-7.464,7.464,23.404,32.795
1093,1,2.539,-31.584,-77.681,0.684,0.033,-0.037,-0.373,-4.972,-8.360,-7.464,7.464,23.404,32.795
1093,1,2.539,-31.584,-77.681,0.684,0.033,-0.037,-0.373,-4.972,-8.360,-7.464,7.464,23.404,32.795
1093,1,2.539,-31.584,-77.681,0.684,0.033,-0.037,-0.373,-4.972,-8.360,-7.464,7.464,23.404,32.795
1093,1,2.539,-31.584,-77.681,0.684,0.033,-0.037,-0.373,-4.972,-8.360,-7.464,7.464,23.404,32.795
1093,1,2.539,-31.584,-77.681,0.684,0.033,-0.037,-0.373,-4.972,-8.360,-7.464,7.464,23.404,32.795
1093,1,2.539,-31.584,-77.681,0.684,0.033,-0.037,-0.373,-4.972,-8.360,-7.464,7.464,23.404,32.795
1093,1,2.539,-31.584,-77.681,0.684,0.033,-0.037,-0.373,-4.972,-8.360,-7.464,7.464,23.404,32.795
1093,1,2.539,-31.584,-77.681,0.684,0.033,-0.037,-0.373,-4.972,-8.360,-7.464,7.464,23.404,32.795
1093,1,2.539,-31.584,-77.681,0.684,0.033,-0.037,-0.373,-4.972,-8.360,-7.464,7.464,23.404,32.795
1093,1,2.539,-31.584,-77.681,0.684,0.033,-0.037,-0.373,-4.972,-8.360,-7.464,7.464,23.404,32.795
1093,1,2.539,-31.584,-77.681,0.684,0.033,-0.037,-0.373,-4.972,-8.360,-7.464,7.464,23.404,32.795
1093,1,2.539,-31.584,-77.681,0.684,0.033,-0.037,-0.373,-4.972,-8.360,-7.464,7.464,23.404,32.795
1093,1,2.539,-31.584,-77.681,0.684,0.033,-0.037,-0.373,-4.972,-8.360,-7.464,7.464,23.404,32.795
1093,1,2.539,-31.584,-77.681,0.684,0.033,-0.037,-0.373,-4.972,-8.360,-7.464,7.464,23.404,32.795
1093,1,2.539,-31.584,-77.681,0.684,0.033,-0.037,-0.373,-4.972,-8.360,-7.464,7.464,23.404,32.795
1093,1,2.539,-31.584,-77.681,0.684,0.033,-0.037,-0.373,-4.972,-8.360,-7.464,7.464,23.404,32.795
1093,1,2.539,-31.584,-77.681,0.684,0.033,-0.037,-0.373,-4.972,-8.360,-7.464,7.464,23.404,32.795
1093,1,2.539,-31.584,-77.681,0.684,0.033,-0.037,-0.373,-4.972,-8.360,-7.464,7.464,23.404,32.795
1093,1,2.539,-31.584,-77.681,0.684,0.033,-0.037,-0.373,-4.972,-8.360,-7.464,7.464,23.404,32.795
1093,1,2.539,-31.584,-77.681,0.684,0.033,-0.037,-0.373,-4.972,-8.360,-7.464,7.464,23.404,32.795
1093,1,2.539,-31.584,-77.681,0.684,0.033,-0.037,-0.373,-4.972,-8.360,-7.464,7.464,23.404,32.795
1093,1,2.539,-31.584,-77.681,0.684,0.033,-0.037,-0.373,-4.972,-8.360,-7.464,7.464,23.404,32.795
1093,1,2.539,-31.584,-77.681,0.684,0.033,-0.037,-0.373,-4.972,-8.360,-7.464,7.464,23.404,32.795
1093,1,2.539,-31.584,-77.681,0.684,0.033,-0.037,-0.373,-4.972,-8.360,-7.464,7.464,23.404,32.795
1093,1,2.539,-31.584,-77.681,0.684,0.033,-0.037,-0.373,-4.972,-8.360,-7.464,7.464,23.404,32.795
1093,1,2.539,-31.584,-77.681,0.684,0.033,-0.037,-0.373,-4.972,-8.360,-7.464,7.464,23.404,32.795
1093,1,2.539,-31.584,-77.681,0.684,0.033,-0.037,-0.373,-4.972,-8.360,-7.464,7.464,23.404,32.795
1093,1,2.539,-31.584,-77.681,0.684,0.033,-0.037,-0.373,-4.972,-8.360,-7.464,7.464,23.404,32.795
1093,1,2.539,-31.584,-77.681,0.684,0.033,-0.037,-0.373,-4.972,-8.360,-7.464,7.464,23.404,32.795
1093,1,2.539,-31.584,-77.681,0.684,0.033,-0.037,-0.373,-4.972,-8.360,-7.464,7.464,23.404,32.795
1093,1,2.539,-31.584,-77.681,0.684,0.033,-0.037,-0.373,-4.972,-8.360,-7.464,7.464,23.404,32.795
1093,1,2.539,-31.584,-77.681,0.684,0.033,-0.037,-0.373,-4.972,-8.360,-7.464,7.464,23.404,32.795
1093,1,2.539,-31.584,-77.681,0.684,0.033,-0.037,-0.373,-4.972,-8.360,-7.464,7.464,23.404,32.795
1093,1,2.539,-31.584,-77.681,0.684,0.033,-0.037,-0.373,-4.972,-8.360,-7.464,7.464,23.404,32.795
1093,1,2.539,-31.584,-77.681,0.684,0.033,-0.037,-0.373,-4.972,-8.360,-7.464,7.464,23.404,32.795
1093,1,2.539,-31.584,-77.681,0.684,0.033,-0.037,-0.373,-4.972,-8.360,-7.464,7.464,23.404,32.795
1093,1,2.539,-31.584,-77.681,0.684,0.033,-0.037,-0.373,-4.972,-8.360,-7.464,7.464,23.404,32.795
1093,1,2.539,-31.584,-77.681,0.684,0.033,-0.037,-0.373,-4.972,-8.360,-7.464,7.464,23.404,32.795
1093,1,2.539,-31.584,-77.681,0.684,0.033,-0.037,-0.373,-4.972,-8.360,-7.464,7.464,23.404,32.795
1093,1,2.539,-31.584,-77.681,0.684,0.033,-0.037,-0.373,-4.972,-8.360,-7.464,7.464,23.404,32.795
1093,1,2.539,-31.584,-77.681,0.684,0.033,-0.037,-0.373,-4.972,-8.360,-7.464,7.464,23.404,32.795
1093,1,2.539,-31.584,-77.681,0.684,0.033,-0.037,-0.373,-4.972,-8.360,-7.464,7.464,23.404,32.795
1093,1,2.539,-31.584,-77.681,0.684,0.033,-0.037,-0.373,-4.972,-8.360,-7.464,7.464,23.404,32.795
1093,1,2.539,-31.584,-77.681,0.684,0.033,-0.037,-0.373,-4.972,-8.360,-7.464,7.464,23.404,32.795
1093,1,2.539,-31.584,-77.681,0.684,0.033,-0.037,-0.373,-4.972,-8.360,-7.464,7.464,23.404,32.795
1093,1,2.539,-31.584,-77.681,0.684,0.033,-0.037,-0.373,-4.972,-8.360,-7.464,7.464,23.404,32.795
1093,1,2.539,-31.584,-77.681,0.684,0.033,-0.037,-0.373,-4.972,-8.360,-7.464,7.464,23.404,32.795
1093,1,2.539,-31.584,-77.681,0.684,0.033,-0.037,-0.373,-4.972,-8.360,-7.464,7.464,23.404,32.795
1093,1,2.539,-31.584,-77.681,0.684,0.033,-0.037,-0.373,-4.972,-8.360,-7.464,7.464,23.404,32.795
1093,1,2.539,-31.584,-77.681,0.684,0.033,-0.037,-0.373,-4.972,-8.360,-7.464,7.464,23.404,32.795
1093,1,2.539,-31.584,-77.681,0.684,0.033,-0.037,-0.373,-4.972,-8.360,-7.464,7.464,23.404,32.795
1093,1,2.539,-31.584,-77.681,0.684,0.033,-0.037,-0.373,-4.972,-8.360,-7.464,7.464,23.404,32.795
1093,1,2.539,-31.584,-77.681,0.684,0.033,-0.037,-0.373,-4.972,-8.360,-7.464,7.464,23.404,32.795
1093,1,2.539,-31.584,-77.681,0.684,0.033,-0.037,-0.373,-4.972,-8.360,-7.464,7.464,23.404,32.795
1093,1,2.539,-31.584,-77.681,0.684,0.033,-0.037,-0.373,-4.972,-8.360,-7.464,7.464,23.404,32.795
1093,1,2.539,-31.584,-77.681,0.684,0.033,-0.037,-0.373,-4.972,-8.360,-7.464,7.464,23.404,32.795
1093,1,2.539,-31.584,-77.681,0.684,0.033,-0.037,-0.373,-4.972,-8.360,-7.464,7.464,23.404,32.795
1093,1,2.539,-31.584,-77.681,0.684,0.033,-0.037,-0.373,-4.972,-8.360,-7.464,7.464,23.404,32.795
1093,1,2.539,-31.584,-77.681,0.684,0.033,-0.037,-0.373,-4.972,-8.360,-7.464,7.464,23.404,32.795
1093,1,2.539,-31.584,-77.681,0.684,0.033,-0.037,-0.373,-4.972,-8.360,-7.464,7.464,23.404,32.795
1093,1,2.539,-31.584,-77.681,0.684,0.033,-0.037,-0.373,-4.972,-8.360,-7.464,7.464,23.404,32.795
1093,1,2.539,-31.584,-77.681,0.684,0.033,-0.037,-0.373,-4.972,-8.360,-7.464,7.464,23.404,32.795
1093,1,2.539,-31.584,-77.681,0.684,0.033,-0.037,-0.373,-4.972,-8.360,-7.464,7.464,23.404,32.795
1093,1,2.539,-31.584,-77.681,0.684,0.033,-0.037,-0.373,-4.972,-8.360,-7.464,7.464,23.404,32.795
1093,1,2.539,-31.584,-77.681,0.684,0.033,-0.037,-0.373,-4.972,-8.360,-7.464,7.464,23.404,32.795
1093,1,2.539,-31.584,-77.681,0.684,0.033,-0.037,-0.373,-4.972,-8.360,-7.464,7.464,23.404,32.795
1093,1,2.539,-31.584,-77.681,0.684,0.033,-0.037,-0.373,-4.972,-8.360,-7.464,7.464,23.404,32.795
1093,1,2.539,-31.584,-77.681,0.684,0.033,-0.037,-0.373,-4.972,-8.360,-7.464,7.464,23.404,32.795
1093,1,2.539,-31.584,-77.681,0.684,0.033,-0.037,-0.373,-4.972,-8.360,-7.464,7.464,23.404,32.795
1093,1,2.539,-31.584,-77.681,0.684,0.033,-0.037,-0.373,-4.972,-8.360,-7.464,7.464,23.404,32.795
1093,1,2.539,-31.584,-77.681,0.684,0.033,-0.037,-0.373,-4.972,-8.360,-7.464,7.464,23.404,32.795
1093,1,2.539,-31.584,-77.681,0.684,0.033,-0.037,-0.373,-4.972,-8.360,-7.464,7.464,23.404,32.795
1093,1,2.539,-31.584,-77.681,0.684,0.033,-0.037,-0.373,-4.972,-8.360,-7.464,7.464,23.404,32.795
1093,1,2.539,-31.584,-77.681,0.684,0.033,-0.037,-0.373,-4.972,-8.360,-7.464,7.464,23.404,32.795
1093,1,2.539,-31.584,-77.681,0.684,0.033,-0.037,-0.373,-4.972,-8.360,-7.464,7.464,23.404,32.795
1093,1,2.539,-31.584,-77.681,0.684,0.033,-0.037,-0.373,-4.972,-8.360,-7.464,7.464,23.404,32.795
1093,1,2.539,-31.584,-77.681,0.684,0.033,-0.037,-0.373,-4.972,-8.360,-7.464,7.464,23.404,32.795
1093,1,2.539,-31.584,-77.681,0.684,0.033,-0.037,-0.373,-4.972,-8.360,-7.464,7.464,23.404,32.795
1093,1,2.539,-31.584,-77.681,0.684,0.033,-0.037,-0.373,-4.972,-8.360,-7.464,7.464,23.404,32.795
1093,1,2.539,-31.584,-77.681,0.684,0.033,-0.037,-0.373,-4.972,-8.360,-7.464,7.464,23.404,32.795
1093,1,2.539,-31.584,-77.681,0.684,0.033,-0.037,-0.373,-4.972,-8.360,-7.464,7.464,23.404,32.795
1093,1,2.539,-31.584,-77.681,0.684,0.033,-0.037,-0.373,-4.972,-8.360,-7.464,7.464,23.404,32.795
1093,1,2.539,-31.584,-77.681,0.684,0.033,-0.037,-0.373,-4.972,-8.360,-7.464,7.464,23.404,32.795
1093,1,2.539,-31.584,-77.681,0.684,0.033,-0.037,-0.373,-4.972,-8.360,-7.464,7.464,23.404,32.795
1093,1,2.539,-31.584,-77.681,0.684,0.033,-0.037,-0.373,-4.972,-8.360,-7.464,7.464,23.404,32.795
1093,1,2.539,-31.584,-77.681,0.684,0.033,-0.037,-0.373,-4.972,-8.360,-7.464,7.464,23.404,32.795
1093,1,2.539,-31.584,-77.681,0.684,0.033,-0.037,-0.373,-4.972,-8.360,-7.464,7.464,23.404,32.795
1093,1,2.539,-31.584,-77.681,0.684,0.033,-0.037,-0.373,-4.972,-8.360,-7.464,7.464,23.404,32.795
1093,1,2.539,-31.584,-77.681,0.684,0.033,-0.037,-0.373,-4.972,-8.360,-7.464,7.464,23.404,32.795
1093,1,2.539,-31.584,-77.681,0.684,0.033,-0.037,-0.373,-4.972,-8.360,-7.464,7.464,23.404,32.795
1093,1,2.539,-31.584,-77.681,0.684,0.033,-0.037,-0.373,-4.972,-8.360,-7.464,7.464,23.404,32.795
1093,1,2.539,-31.584,-77.681,0.684,0.033,-0.037,-0.373,-4.972,-8.360,-7.464,7.464,23.404,32.795
1093,1,2.539,-31.584,-77.681,0.684,0.033,-0.037,-0.373,-4.972,-8.360,-7.464,7.464,23.404,32.795
1093,1,2.539,-31.584,-77.681,0.684,0.033,-0.037,-0.373,-4.972,-8.360,-7.464,7.464,23.404,32.795
1093,1,2.539,-31.584,-77.681,0.684,0.033,-0.037,-0.373,-4.972,-8.360,-7.464,7.464,23.404,32.795
1093,1,2.539,-31.584,-77.681,0.684,0.033,-0.037,-0.373,-4.972,-8.360,-7.464,7.464,23.404,32.795
1093,1,2.539,-31.584,-77.681,0.684,0.033,-0.037,-0.373,-4.972,-8.360,-7.464,7.464,23.404,32.795
1093,1,2.539,-31.584,-77.681,0.684,0.033,-0.037,-0.373,-4.972,-8.360,-7.464,7.464,23.404,32.795
1093,1,2.539,-31.584,-77.681,0.684,0.033,-0.037,-0.373,-4.972,-8.360,-7.464,7.464,23.404,32.795
1093,1,2.539,-31.584,-77.681,0.684,0.033,-0.037,-0.373,-4.972,-8.360,-7.464,7.464,23.404,32.795
1093,1,2.539,-31.584,-77.681,0.684,0.033,-0.037,-0.373,-4.972,-8.360,-7.464,7.464,23.404,32.795
1093,1,2.539,-31.584,-77.681,0.684,0.033,-0.037,-0.373,-4.972,-8.360,-7.464,7.464,23.404,32.795
1093,1,2.539,-31.584,-77.681,0.684,0.033,-0.037,-0.373,-4.972,-8.360,-7.464,7.464,23.404,32.795
1093,1,2.539,-31.584,-77.681,0.684,0.033,-0.037,-0.373,-4.972,-8.360,-7.464,7.464,23.404,32.795
1093,1,2.539,-31.584,-77.681,0.684,0.033,-0.037,-0.373,-4.972,-8.360,-7.464,7.464,23.404,32.795
1093,1,2.539,-31.584,-77.681,0.684,0.033,-0.037,-0.373,-4.972,-8.360,-7.464,7.464,23.404,32.795
1093,1,2.539,-31.584,-77.681,0.684,0.033,-0.037,-0.373,-4.972,-8.360,-7.464,7.464,23.404,32.795
1093,1,2.539,-31.584,-77.681,0.684,0.033,-0.037,-0.373,-4.972,-8.360,-7.464,7.464,23.404,32.795
1093,1,2.539,-31.584,-77.681,0.684,0.033,-0.037,-0.373,-4.972,-8.360,-7.464,7.464,23.404,32.795
1093,1,2.539,-31.584,-77.681,0.684,0.033,-0.037,-0.373,-4.972,-8.360,-7.464,7.464,23.404,32.795
1093,1,2.539,-31.584,-77.681,0.684,0.033,-0.037,-0.373,-4.972,-8.360,-7.464,7.464,23.404,32.795
1093,1,2.539,-31.584,-77.681,0.684,0.033,-0.037,-0.373,-4.972,-8.360,-7.464,7.464,23.404,32.795
1093,1,2.539,-31.584,-77.681,0.684,0.033,-0.037,-0.373,-4.972,-8.360,-7.464,7.464,23.404,32.795
1093,1,2.539,-31.584,-77.681,0.684,0.033,-0.037,-0.373,-4.972,-8.360,-7.464,7.464,23.404,32.795
1093,1,2.539,-31.584,-77.681,0.684,0.033,-0.037,-0.373,-4.972,-8.360,-7.464,7.464,23.404,32.795
1093,1,2.539,-31.584,-77.681,0.684,0.033,-0.037,-0.373,-4.972,-8.360,-7.464,7.464,23.404,32.795
1093,1,2.539,-31.584,-77.681,0.684,0.033,-0.037,-0.373,-4.972,-8.360,-7.464,7.464,23.404,32.795
1093,1,2.539,-31.584,-77.681,0.684,0.033,-0.037,-0.373,-4.972,-8.360,-7.464,7.464,23.404,32.795
1093,1,2.539,-31.584,-77.681,0.684,0.033,-0.037,-0.373,-4.972,-8.360,-7.464,7.464,23.404,32.795
1093,1,2.539,-31.584,-77.681,0.684,0.033,-0.037,-0.373,-4.972,-8.360,-7.464,7.464,23.404,32.795
1093,1,2.539,-31.584,-77.681,0.684,0.033,-0.037,-0.373,-4.972,-8.360,-7.464,7.464,23.404,32.795
1093,1,2.539,-31.584,-77.681,0.684,0.033,-0.037,-0.373,-4.972,-8.360,-7.464,7.464,23.404,32.795
1093,1,2.539,-31.584,-77.681,0.684,0.033,-0.037,-0.373,-4.972,-8.360,-7.464,7.464,23.404,32.795
1093,1,2.539,-31.584,-77.681,0.684,0.033,-0.037,-0.373,-4.972,-8.360,-7.464,7.464,23.404,32.795
1093,1,2.539,-31.584,-77.681,0.684,0.033,-0.037,-0.373,-4.972,-8.360,-7.464,7.464,23.404,32.795
1093,1,2.539,-31.584,-77.681,0.684,0.033,-0.037,-0.373,-4.972,-8.360,-7.464,7.464,23.404,32.795
1093,1,2.539,-31.584,-77.681,0.684,0.033,-0.037,-0.373,-4.972,-8.360,-7.464,7.464,23.404,32.795
1093,1,2.539,-31.584,-77.681,0.684,0.033,-0.037,-0.373,-4.972,-8.360,-7.464,7.464,23.404,32.795
1093,1,2.539,-31.584,-77.681,0.684,0.033,-0.037,-0.373,-4.972,-8.360,-7.464,7.464,23.404,32.795
1093,1,2.539,-31.584,-77.681,0.684,0.033,-0.037,-0.373,-4.972,-8.360,-7.464,7.464,23.404,32.795
1093,1,2.539,-31.584,-77.681,0.684,0.033,-0.037,-0.373,-4.972,-8.360,-7.464,7.464,23.404,32.795
1093,1,2.539,-31.584,-77.681,0.684,0.033,-0.037,-0.373,-4.972,-8.360,-7.464,7.464,23.404,32.795
1093,1,2.539,-31.584,-77.681,0.684,0.033,-0.037,-0.373,-4.972,-8.360,-7.464,7.464,23.404,32.795
1093,1,2.539,-31.584,-77.681,0.684,0.033,-0.037,-0.373,-4.972,-8.360,-7.464,7.464,23.404,32.795
1093,1,2.539,-31.584,-77.681,0.684,0.033,-0.037,-0.373,-4.972,-8.360,-7.464,7.464,23.404,32.795
1093,1,2.539,-31.584,-77.681,0.684,0.033,-0.037,-0.373,-4.972,-8.360,-7.464,7.464,23.404,32.795
1093,1,2.539,-31.584,-77.681,0.684,0.033,-0.037,-0.373,-4.972,-8.360,-7.464,7.464,23.404,32.795
1093,1,2.539,-31.584,-77.681,0.684,0.033,-0.037,-0.373,-4.972,-8.360,-7.464,7.464,23.404,32.795
1093,1,2.539,-31.584,-77.681,0.684,0.033,-0.037,-0.373,-4.972,-8.360,-7.464,7.464,23.404,32.795
1093,1,2.539,-31.584,-77.681,0.684,0.033,-0.037,-0.373,-4.972,-8.360,-7.464,7.464,23.404,32.795
1093,1,2.539,-31.584,-77.681,0.684,0.033,-0.037,-0.373,-4.972,-8.360,-7.464,7.464,23.404,32.795
1093,1,2.539,-31.584,-77.681,0.684,0.033,-0.037,-0.373,-4.972,-8.360,-7.464,7.464,23.404,32.795
1093,1,2.539,-31.584,-77.681,0.684,0.033,-0.037,-0.373,-4.972,-8.360,-7.464,7.464,23.404,32.795
1093,1,2.539,-31.584,-77.681,0.684,0.033,-0.037,-0.373,-4.972,-8.360,-7.464,7.464,23.404,32.795
1093,1,2.539,-31.584,-77.681,0.684,0.033,-0.037,-0.373,-4.972,-8.360,-7.464,7.464,23.404,32.795
1093,1,2.539,-31.584,-77.681,0.684,0.033,-0.037,-0.373,-4.972,-8.360,-7.464,7.464,23.404,32.795
1093,1,2.539,-31.584,-77.681,0.684,0.033,-0.037,-0.373,-4.972,-8.360,-7.464,7.464,23.404,32.795
1093,1,2.539,-31.584,-77.681,0.684,0.033,-0.037,-0.373,-4.972,-8.360,-7.464,7.464,23.404,32.795
1093,1,2.539,-31.584,-77.681,0.684,0.033,-0.037,-0.373,-4.972,-8.360,-7.464,7.464,23.404,32.795
1093,1,2.539,-31.584,-77.681,0.684,0.033,-0.037,-0.373,-4.972,-8.360,-7.464,7.464,23.404,32.795
1093,1,2.539,-31.584,-77.681,0.684,0.033,-0.037,-0.373,-4.972,-8.360,-7.464,7.464,23.404,32.795
1093,1,2.539,-31.584,-77.681,0.684,0.033,-0.037,-0.373,-4.972,-8.360,-7.464,7.464,23.404,32.795
1093,1,2.539,-31.584,-77.681,0.684,0.033,-0.037,-0.373,-4.972,-8.360,-7.464,7.464,23.404,32.795
1093,1,2.539,-31.584,-77.681,0.684,0.033,-0.037,-0.373,-4.972,-8.360,-7.464,7.464,23.404,32.795
1093,1,2.539,-31.584,-77.681,0.684,0.033,-0.037,-0.373,-4.972,-8.360,-7.464,7.464,23.404,32.795
1093,1,2.539,-31.584,-77.681,0.684,0.033,-0.037,-0.373,-4.972,-8.360,-7.464,7.464,23.404,32.795
1093,1,2.539,-31.584,-77.681,0.684,0.033,-0.037,-0.373,-4.972,-8.360,-7.464,7.464,23.404,32.795
1093,1,2.539,-31.584,-77.681,0.684,0.033,-0.037,-0.373,-4.972,-8.360,-7.464,7.464,23.404,32.795
1093,1,2.539,-31.584,-77.681,0.684,0.033,-0.037,-0.373,-4.972,-8.360,-7.464,7.464,23.404,32.795
1093,1,2.539,-31.584,-77.681,0.684,0.033,-0.037,-0.373,-4.972,-8.360,-7.464,7.464,23.404,32.795
1093,1,2.539,-31.584,-77.681,0.684,0.033,-0.037,-0.373,-4.972,-8.360,-7.464,7.464,23.404,32.795
1093,1,2.539,-31.584,-77.681,0.684,0.033,-0.037,-0.373,-4.972,-8.360,-7.464,7.464,23.404,32.795
1093,1,2.539,-31.584,-77.681,0.684,0.033,-0.037,-0.373,-4.972,-8.360,-7.464,7.464,23.404,32.795
1093,1,2.539,-31.584,-77.681,0.684,0.033,-0.037,-0.373,-4.972,-8.360,-7.464,7.464,23.404,32.795
1093,1,2.539,-31.584,-77.681,0.684,0.033,-0.037,-0.373,-4.972,-8.360,-7.464,7.464,23.404,32.795
1093,1,2.539,-31.584,-77.681,0.684,0.033,-0.037,-0.373,-4.972,-8.360,-7.464,7.464,23.404,32.795
1093,1,2.539,-31.584,-77.681,0.684,0.033,-0.037,-0.373,-4.972,-8.360,-7.464,7.464,23.404,32.795
1093,1,2.539,-31.584,-77.681,0.684,0.033,-0.037,-0.373,-4.972,-8.360,-7.464,7.464,23.404,32.795
1093,1,2.539,-31.584,-77.681,0.684,0.033,-0.037,-0.373,-4.972,-8.360,-7.464,7.464,23.404,32.795
1093,1,2.539,-31.584,-77.681,0.684,0.033,-0.037,-0.373,-4.972,-8.360,-7.464,7.464,23.404,32.795
1093,1,2.539,-31.584,-77.681,0.684,0.033,-0.037,-0.373,-4.972,-8.360,-7.464,7.464,23.404,32.795
1093,1,2.539,-31.584,-77.681,0.684,0.033,-0.037,-0.373,-4.972,-8.360,-7.464,7.464,23.404,32.795
1093,1,2.539,-31.584,-77.681,0.684,0.033,-0.037,-0.373,-4.972,-8.360,-7.464,7.464,23.404,32.795
1093,1,2.539,-31.584,-77.681,0.684,0.033,-0.037,-0.373,-4.972,-8.360,-7.464,7.464,23.404,32.795
1093,1,2.539,-31.584,-77.681,0.684,0.033,-0.037,-0.373,-4.972,-8.360,-7.464,7.464,23.404,32.795
1093,1,2.539,-31.584,-77.681,0.684,0.033,-0.037,-0.373,-4.972,-8.360,-7.464,7.464,23.404,32.795
1093,1,2.539,-31.584,-77.681,0.684,0.033,-0.037,-0.373,-4.972,-8.360,-7.464,7.464,23.404,32.795
1093,1,2.539,-31.584,-77.681,0.684,0.033,-0.037,-0.373,-4.972,-8.360,-7.464,7.464,23.404,32.795
1093,1,2.539,-31.584,-77.681,0.684,0.033,-0.037,-0.373,-4.972,-8.360,-7.464,7.464,23.404,32.795
1093,1,2.539,-31.584,-77.681,0.684,0.033,-0.037,-0.373,-4.972,-8.360,-7.464,7.464,23.404,32.795
1093,1,2.539,-31.584,-77.681,0.684,0.033,-0.037,-0.373,-4.972,-8.360,-7.464,7.464,23.404,32.795
1093,1,2.539,-31.584,-77.681,0.684,0.033,-0.037,-0.373,-4.972,-8.360,-7.464,7.464,23.404,32.795
1093,1,2.539,-31.584,-77.681,0.684,0.033,-0.037,-0.373,-4.972,-8.360,-7.464,7.464,23.404,32.795
1093,1,2.539,-31.584,-77.681,0.684,0.033,-0.037,-0.373,-4.972,-8.360,-7.464,7.464,23.404,32.795
1093,1,2.539,-31.584,-77.681,0.684,0.033,-0.037,-0.373,-4.972,-8.360,-7.464,7.464,23.404,32.795
1093,1,2.539,-31.584,-77.681,0.684,0.033,-0.037,-0.373,-4.972,-8.360,-7.464,7.464,23.404,32.795
1093,1,2.539,-31.584,-77.681,0.684,0.033,-0.037,-0.373,-4.972,-8.360,-7.464,7.464,23.404,32.795
1093,1,2.539,-31.584,-77.681,0.684,0.033,-0.037,-0.373,-4.972,-8.360,-7.464,7.464,23.404,32.795
1093,1,2.539,-31.584,-77.681,0.684,0.033,-0.037,-0.373,-4.972,-8.360,-7.464,7.464,23.404,32.795
1093,1,2.539,-31.584,-77.681,0.684,0.033,-0.037,-0.373,-4.972,-8.360,-7.464,7.464,23.404,32.795
1093,1,2.539,-31.584,-77.681,0.684,0.033,-0.037,-0.373,-4.972,-8.360,-7.464,7.464,23.404,32.795
1093,1,2.539,-31.584,-77.681,0.684,0.033,-0.037,-0.373,-4.972,-8.360,-7.464,7.464,23.404,32.795
1093,1,2.539,-31.584,-77.681,0.684,0.033,-0.037,-0.373,-4.972,-8.360,-7.464,7.464,23.404,32.795
1093,1,2.539,-31.584,-77.681,0.684,0.033,-0.037,-0.373,-4.972,-8.360,-7.464,7.464,23.404,32.795
1093,1,2.539,-31.584,-77.681,0.684,0.033,-0.037,-0.373,-4.972,-8.360,-7.464,7.464,23.404,32.795
1093,1,2.539,-31.584,-77.681,0.684,0.033,-0.037,-0.373,-4.972,-8.360,-7.464,7.464,23.404,32.795
1093,1,2.539,-31.584,-77.681,0.684,0.033,-0.037,-0.373,-4.972,-8.360,-7.464,7.464,23.404,32.795
1093,1,2.539,-31.584,-77.681,0.684,0.033,-0.037,-0.373,-4.972,-8.360,-7.464,7.464,23.404,32.795
1093,1,2.539,-31.584,-77.681,0.684,0.033,-0.037,-0.373,-4.972,-8.360,-7.464,7.464,23.404,32.795
1093,1,2.539,-31.584,-77.681,0.684,0.033,-0.037,-0.373,-4.972,-8.360,-7.464,7.464,23.404,32.795
1093,1,2.539,-31.584,-77.681,0.684,0.033,-0.037,-0.373,-4.972,-8.360,-7.464,7.464,23.404,32.795
1093,1,2.539,-31.584,-77.681,0.684,0.033,-0.037,-0.373,-4.972,-8.360,-7.464,7.464,23.404,32.795
1093,1,2.539,-31.584,-77.681,0.684,0.033,-0.037,-0.373,-4.972,-8.360,-7.464,7.464,23.404,32.795
1093,1,2.539,-31.584,-77.681,0.684,0.033,-0.037,-0.373,-4.972,-8.360,-7.464,7.464,23.404,32.795
1093,1,2.539,-31.584,-77.681,0.684,0.033,-0.037,-0.373,-4.972,-8.360,-7.464,7.464,23.404,32.795
1093,1,2.539,-31.584,-77.681,0.684,0.033,-0.037,-0.373,-4.972,-8.360,-7.464,7.464,23.404,32.795
1093,1,2.539,-31.584,-77.681,0.684,0.033,-0.037,-0.373,-4.972,-8.360,-7.464,7.464,23.404,32.795
1093,1,2.539,-31.584,-77.681,0.684,0.033,-0.037,-0.373,-4.972,-8.360,-7.464,7.464,23.404,32.795
1093,1,2.539,-31.584,-77.681,0.684,0.033,-0.037,-0.373,-4.972,-8.360,-7.464,7.464,23.404,32.795
1093,1,2.539,-31.584,-77.681,0.684,0.033,-0.037,-0.373,-4.972,-8.360,-7.464,7.464,23.404,32.795
1093,1,2.539,-31.584,-77.681,0.684,0.033,-0.037,-0.373,-4.972,-8.360,-7.464,7.464,23.404,32.795
1093,1,2.539,-31.584,-77.681,0.684,0.033,-0.037,-0.373,-4.972,-8.360,-7.464,7.464,23.404,32.795
1093,1,2.539,-31.584,-77.681,0.684,0.033,-0.037,-0.373,-4.972,-8.360,-7.464,7.464,23.404,32.795
1093,1,2.539,-31.584,-77.681,0.684,0.033,-0.037,-0.373,-4.972,-8.360,-7.464,7.464,23.404,32.795
1093,1,2.539,-31.584,-77.681,0.684,0.033,-0.037,-0.373,-4.972,-8.360,-7.464,7.464,23.404,32.795
1093,1,2.539,-31.584,-77.681,0.684,0.033,-0.037,-0.373,-4.972,-8.360,-7.464,7.464,23.404,32.795
1093,1,2.539,-31.584,-77.681,0.684,0.033,-0.037,-0.373,-4.972,-8.360,-7.464,7.464,23.404,32.795
1093,1,2.539,-31.584,-77.681,0.684,0.033,-0.037,-0.373,-4.972,-8.360,-7.464,7.464,23.404,32.795
1093,1,2.539,-31.584,-77.681,0.684,0.033,-0.037,-0.373,-4.972,-8.360,-7.464,7.464,23.404,32.795
1093,1,2.539,-31.584,-77.681,0.684,0.033,-0.037,-0.373,-4.972,-8.360,-7.464,7.464,23.404,32.795
1093,1,2.539,-31.584,-77.681,0.684,0.033,-0.037,-0.373,-4.972,-8.360,-7.464,7.464,23.404,32.795
1093,1,2.539,-31.584,-77.681,0.684,0.033,-0.037,-0.373,-4.972,-8.360,-7.464,7.464,23.404,32.795
1093,1,2.539,-31.584,-77.681,0.684,0.033,-0.037,-0.373,-4.972,-8.360,-7.464,7.464,23.404,32.795
1093,1,2.539,-31.584,-77.681,0.684,0.033,-0.037,-0.373,-4.972,-8.360,-7.464,7.464,23.404,32.795
1093,1,2.539,-31.584,-77.681,0.684,0.033,-0.037,-0.373,-4.972,-8.360,-7.464,7.464,23.404,32.795
1093,1,2.539,-31.584,-77.681,0.684,0.033,-0.037,-0.373,-4.972,-8.360,-7.464,7.464,23.404,32.795
1093,1,2.539,-31.584,-77.681,0.684,0.033,-0.037,-0.373,-4.972,-8.360,-7.464,7.464,23.404,32.795
1093,1,2.539,-31.584,-77.681,0.684,0.033,-0.037,-0.373,-4.972,-8.360,-7.464,7.464,23.404,32.795
1093,1,2.539,-31.584,-77.681,0.684,0.033,-0.037,-0.373,-4.972,-8.360,-7.464,7.464,23.404,32.795
1093,1,2.539,-31.584,-77.681,0.684,0.033,-0.037,-0.373,-4.972,-8.360,-7.464,7.464,23.404,32.795
1093,1,2.539,-31.584,-77.681,0.684,0.033,-0.037,-0.373,-4.972,-8.360,-7.464,7.464,23.404,32.795
1093,1,2.539,-31.584,-77.681,0.684,0.033,-0.037,-0.373,-4.972,-8.360,-7.464,7.464,23.404,32.795
1093,1,2.539,-31.584,-77.681,0.684,0.033,-0.037,-0.373,-4.972,-8.360,-7.464,7.464,23.404,32.795
1093,1,2.539,-31.584,-77.681,0.684,0.033,-0.037,-0.373,-4.972,-8.360,-7.464,7.464,23.404,32.795
1093,1,2.539,-31.584,-77.681,0.684,0.033,-0.037,-0.373,-4.972,-8.360,-7.464,7.464,23.404,32.795
1093,1,2.539,-31.584,-77.681,0.684,0.033,-0.037,-0.373,-4.972,-8.360,-7.464,7.464,23.404,32.795
1093,1,2.539,-31.584,-77.681,0.684,0.033,-0.037,-0.373,-4.972,-8.360,-7.464,7.464,23.404,32.795
1093,1,2.539,-31.584,-77.681,0.684,0.033,-0.037,-0.373,-4.972,-8.360,-7.464,7.464,23.404,32.795
1093,1,2.539,-31.584,-77.681,0.684,0.033,-0.037,-0.373,-4.972,-8.360,-7.464,7.464,23.404,32.795
1093,1,2.539,-31.584,-77.681,0.684,0.033,-0.037,-0.373,-4.972,-8.360,-7.464,7.464,23.404,32.795
1093,1,2.539,-31.584,-77.681,0.684,0.033,-0.037,-0.373,-4.972,-8.360,-7.464,7.464,23.404,32.795
1093,1,2.539,-31.584,-77.681,0.684,0.033,-0.037,-0.373,-4.972,-8.360,-7.464,7.464,23.404,32.795
1093,1,2.539,-31.584,-77.681,0.684,0.033,-0.037,-0.373,-4.972,-8.360,-7.464,7.464,23.404,32.795
1093,1,2.539,-31.584,-77.681,0.684,0.033,-0.037,-0.373,-4.972,-8.360,-7.464,7.464,23.404,32.795
1093,1,2.539,-31.584,-77.681,0.684,0.033,-0.037,-0.373,-4.972,-8.360,-7.464,7.464,23.404,32.795
1093,1,2.539,-31.584,-77.681,0.684,0.033,-0.037,-0.373,-4.972,-8.360,-7.464,7.464,23.404,32.795
1093,1,2.539,-31.584,-77.681,0.684,0.033,-0.037,-0.373,-4.972,-8.360,-7.464,7.464,23.404,32.795
1093,1,2.539,-31.584,-77.681,0.684,0.033,-0.037,-0.373,-4.972,-8.360,-7.464,7.464,23.404,32.795
1093,1,2.539,-31.584,-77.681,0.684,0.033,-0.037,-0.373,-4.972,-8.360,-7.464,7.464,23.404,32.795
1093,1,2.539,-31.584,-77.681,0.684,0.033,-0.037,-0.373,-4.972,-8.360,-7.464,7.464,23.404,32.795
1093,1,2.539,-31.584,-77.681,0.684,0.033,-0.037,-0.373,-4.972,-8.360,-7.464,7.464,23.404,32.795
1093,1,2.539,-31.584,-77.681,0.684,0.033,-0.037,-0.373,-4.972,-8.360,-7.464,7.464,23.404,32.795
1093,1,2.539,-31.584,-77.681,0.684,0.033,-0.037,-0.373,-4.972,-8.360,-7.464,7.464,23.404,32.795
1093,1,2.539,-31.584,-77.681,0.684,0.033,-0.037,-0.373,-4.972,-8.360,-7.464,7.464,23.404,32.795
1093,1,2.539,-31.584,-77.681,0.684,0.033,-0.037,-0.373,-4.972,-8.360,-7.464,7.464,23.404,32.795
1093,1,2.539,-31.584,-77.681,0.684,0.033,-0.037,-0.373,-4.972,-8.360,-7.464,7.464,23.404,32.795
1093,1,2.539,-31.584,-77.681,0.684,0.033,-0.037,-0.373,-4.972,-8.360,-7.464,7.464,23.404,32.795
1093,1,2.539,-31.584,-77.681,0.684,0.033,-0.037,-0.373,-4.972,-8.360,-7.464,7.464,23.404,32.795
1093,1,2.539,-31.584,-77.681,0.684,0.033,-0.037,-0.373,-4.972,-8.360,-7.464,7.464,23.404,32.795
1093,1,2.539,-31.584,-77.681,0.684,0.033,-0.037,-0.373,-4.972,-8.360,-7.464,7.464,23.404,32.795
1093,1,2.539,-31.584,-77.681,0.684,0.033,-0.037,-0.373,-4.972,-8.360,-7.464,7.464,23.404,32.795
1093,1,2.539,-31.584,-77.681,0.684,0.033,-0.037,-0.373,-4.972,-8.360,-7.464,7.464,23.404,32.795
1093,1,2.539,-31.584,-77.681,0.684,0.033,-0.037,-0.373,-4.972,-8.360,-7.464,7.464,23.404,32.795
1093,1,2.539,-31.584,-77.681,0.684,0.033,-0.037,-0.373,-4.972,-8.360,-7.464,7.464,23.404,32.795
1093,1,2.539,-31.584,-77.681,0.684,0.033,-0.037,-0.373,-4.972,-8.360,-7.464,7.464,23.404,32.795
1093,1,2.539,-31.584,-77.681,0.684,0.033,-0.037,-0.373,-4.972,-8.360,-7.464,7.464,23.404,32.795
1093,1,2.539,-31.584,-77.681,0.684,0.033,-0.037,-0.373,-4.972,-8.360,-7.464,7.464,23.404,32.795
1093,1,2.539,-31.584,-77.681,0.684,0.033,-0.037,-0.373,-4.972,-8.360,-7.464,7.464,23.404,32.795
1093,1,2.539,-31.584,-77.681,0.684,0.033,-0.037,-0.373,-4.972,-8.360,-7.464,7.464,23.404,32.795
1093,1,2.539,-31.584,-77.681,0.684,0.033,-0.037,-0.373,-4.972,-8.360,-7.464,7.464,23.404,32.795
1093,1,2.539,-31.584,-77.681,0.684,0.033,-0.037,-0.373,-4.972,-8.360,-7.464,7.464,23.404,32.795
1093,1,2.539,-31.584,-77.681,0.684,0.033,-0.037,-0.373,-4.972,-8.360,-7.464,7.464,23.404,32.795
1093,1,2.539,-31.584,-77.681,0.684,0.033,-0.037,-0.373,-4.972,-8.360,-7.464,7.464,23.404,32.795
1093,1,2.539,-31.584,-77.681,0.684,0.033,-0.037,-0.373,-4.972,-8.360,-7.464,7.464,23.404,32.795
1093,1,2.539,-31.584,-77.681,0.684,0.033,-0.037,-0.373,-4.972,-8.360,-7.464,7.464,23.404,32.795
1093,1,2.539,-31.584,-77.681,0.684,0.033,-0.037,-0.373,-4.972,-8.360,-7.464,7.464,23.404,32.795
1093,1,2.539,-31.584,-77.681,0.684,0.033,-0.037,-0.373,-4.972,-8.360,-7.464,7.464,23.404,32.795
1093,1,2.539,-31.584,-77.681,0.684,0.033,-0.037,-0.373,-4.972,-8.360,-7.464,7.464,23.404,32.795
1093,1,2.539,-31.584,-77.681,0.684,0.033,-0.037,-0.373,-4.972,-8.360,-7.464,7.464,23.404,32.795
1093,1,2.539,-31.584,-77.681,0.684,0.033,-0.037,-0.373,-4.972,-8.360,-7.464,7.464,23.404,32.795
1093,1,2.539,-31.584,-77.681,0.684,0.033,-0.037,-0.373,-4.972,-8.360,-7.464,7.464,23.404,32.795
1093,1,2.539,-31.584,-77.681,0.684,0.033,-0.037,-0.373,-4.972,-8.360,-7.464,7.464,23.404,32.795
1093,1,2.539,-31.584,-77.681,0.684,0.033,-0.037,-0.373,-4.972,-8.360,-7.464,7.464,23.404,32.795
1093,1,2.539,-31.584,-77.681,0.684,0.033,-0.037,-0.373,-4.972,-8.360,-7.464,7.464,23.404,32.795
1093,1,2.539,-31.584,-77.681,0.684,0.033,-0.037,-0.373,-4.972,-8.360,-7.464,7.464,23.404,32.795
1093,1,2.539,-31.584,-77.681,0.684,0.033,-0.037,-0.373,-4.972,-8.360,-7.464,7.464,23.404,32.795
1093,1,2.539,-31.584,-77.681,0.684,0.033,-0.037,-0.373,-4.972,-8.360,-7.464,7.464,23.404,32.795
1093,1,2.539,-31.584,-77.681,0.684,0.033,-0.037,-0.373,-4.972,-8.360,-7.464,7.464,23.404,32.795
1093,1,2.539,-31.584,-77.681,0.684,0.033,-0.037,-0.373,-4.972,-8.360,-7.464,7.464,23.404,32.795
1093,1,2.539,-31.584,-77.681,0.684,0.033,-0.037,-0.373,-4.972,-8.360,-7.464,7.464,23.404,32.795
1093,1,2.539,-31.584,-77.681,0.684,0.033,-0.037,-0.373,-4.972,-8.360,-7.464,7.464,23.404,32.795
1093,1,2.539,-31.584,-77.681,0.684,0.033,-0.037,-0.373,-4.972,-8.360,-7.464,7.464,23.404,32.795
1093,1,2.539,-31.584,-77.681,0.684,0.033,-0.037,-0.373,-4.972,-8.360,-7.464,7.464,23.404,32.795
1093,1,2.539,-31.584,-77.681,0.684,0.033,-0.037,-0.373,-4.972,-8.360,-7.464,7.464,23.404,32.795
1093,1,2.539,-31.584,-77.681,0.684,0.033,-0.037,-0.373,-4.972,-8.360,-7.464,7.464,23.404,32.795
1093,1,2.539,-31.584,-77.681,0.684,0.033,-0.037,-0.373,-4.972,-8.360,-7.464,7.464,23.404,32.795
1093,1,2.539,-31.584,-77.681,0.684,0.033,-0.037,-0.373,-4.972,-8.360,-7.464,7.464,23.404,32.795
1093,1,2.539,-31.584,-77.681,0.684,0.033,-0.037,-0.373,-4.972,-8.360,-7.464,7.464,23.404,32.795
1093,1,2.539,-31.584,-77.681,0.684,0.033,-0.037,-0.373,-4.972,-8.360,-7.464,7.464,23.404,32.795
1093,1,2.539,-31.584,-77.681,0.684,0.033,-0.037,-0.373,-4.972,-8.360,-7.464,7.464,23.404,32.795
1093,1,2.539,-31.584,-77.681,0.684,0.033,-0.037,-0.373,-4.972,-8.360,-7.464,7.464,23.404,32.795
1093,1,2.539,-31.584,-77.681,0.684,0.033,-0.037,-0.373,-4.972,-8.360,-7.464,7.464,23.404,32.795
1093,1,2.539,-31.584,-77.681,0.684,0.033,-0.037,-0.373,-4.972,-8.360,-7.464,7.464,23.404,32.795
1093,1,2.539,-31.584,-77.681,0.684,0.033,-0.037,-0.373,-4.972,-8.360,-7.464,7.464,23.404,32.795
1093,1,2.539,-31.584,-77.681,0.684,0.033,-0.037,-0.373,-4.972,-8.360,-7.464,7.464,23.404,32.795
1093,1,2.539,-31.584,-77.681,0.684,0.033,-0.037,-0.373,-4.972,-8.360,-7.464,7.464,23.404,32.795
1093,1,2.539,-31.584,-77.681,0.684,0.033,-0.037,-0.373,-4.972,-8.360,-7.464,7.464,23.404,32.795
1093,1,2.539,-31.584,-77.681,0.684,0.033,-0.037,-0.373,-4.972,-8.360,-7.464,7.464,23.404,32.795
1093,1,2.539,-31.584,-77.681,0.684,0.033,-0.037,-0.373,-4.972,-8.360,-7.464,7.464,23.404,32.795
1093,1,2.539,-31.584,-77.681,0.684,0.033,-0.037,-0.373,-4.972,-8.360,-7.464,7.464,23.404,32.795
1093,1,2.539,-31.584,-77.681,0.684,0.033,-0.037,-0.373,-4.972,-8.360,-7.464,7.464,23.404,32.795
1093,1,2.539,-31.584,-77.681,0.684,0.033,-0.037,-0.373,-4.972,-8.360,-7.464,7.464,23.404,32.795
1093,1,2.539,-31.584,-77.681,0.684,0.033,-0.037,-0.373,-4.972,-8.360,-7.464,7.464,23.404,32.795
1093,1,2.539,-31.584,-77.681,0.684,0.033,-0.037,-0.373,-4.972,-8.360,-7.464,7.464,23.404,32.795
1093,1,2.539,-31.584,-77.681,0.684,0.033,-0.037,-0.373,-4.972,-8.360,-7.464,7.464,23.404,32.795
1093,1,2.539,-31.584,-77.681,0.684,0.033,-0.037,-0.373,-4.972,-8.360,-7.464,7.464,23.404,32.795
1093,1,2.539,-31.584,-77.681,0.684,0.033,-0.037,-0.373,-4.972,-8.360,-7.464,7.464,23.404,32.795
1093,1,2.539,-31.584,-77.681,0.684,0.033,-0.037,-0.373,-4.972,-8.360,-7.464,7.464,23.404,32.795
1093,1,2.539,-31.584,-77.681,0.684,0.033,-0.037,-0.373,-4.972,-8.360,-7.464,7.464,23.404,32.795
1093,1,2.539,-31.584,-77.681,0.684,0.033,-0.037,-0.373,-4.972,-8.360,-7.464,7.464,23.404,32.795
1093,1,2.539,-31.584,-77.681,0.684,0.033,-0.037,-0.373,-4.972,-8.360,-7.464,7.464,23.404,32.795
1093,1,2.539,-31.584,-77.681,0.684,0.033,-0.037,-0.373,-4.972,-8.360,-7.464,7.464,23.404,32.795
1093,1,2.539,-31.584,-77.681,0.684,0.033,-0.037,-0.373,-4.972,-8.360,-7.464,7.464,23.404,32.795
1093,1,2.539,-31.584,-77.681,0.684,0.033,-0.037,-0.373,-4.972,-8.360,-7.464,7.464,23.404,32.795
1093,1,2.539,-31.584,-77.681,0.684,0.033,-0.037,-0.373,-4.972,-8.360,-7.464,7.464,23.404,32.795
1093,1,2.539,-31.584,-77.681,0.684,0.033,-0.037,-0.373,-4.972,-8.360,-7.464,7.464,23.404,32.795
1093,1,2.539,-31.584,-77.681,0.684,0.033,-0.037,-0.373,-4.972,-8.360,-7.464,7.464,23.404,32.795
1093,1,2.539,-31.584,-77.681,0.684,0.033,-0.037,-0.373,-4.972,-8.360,-7.464,7.464,23.404,32.795
1093,1,2.539,-31.584,-77.681,0.684,0.033,-0.037,-0.373,-4.972,-8.360,-7.464,7.464,23.404,32.795
1093,1,2.539,-31.584,-77.681,0.684,0.033,-0.037,-0.373,-4.972,-8.360,-7.464,7.464,23.404,32.795
1093,1,2.539,-31.584,-77.681,0.684,0.033,-0.037,-0.373,-4.972,-8.360,-7.464,7.464,23.404,32.795
1093,1,2.539,-31.584,-77.681,0.684,0.033,-0.037,-0.373,-4.972,-8.360,-7.464,7.464,23.404,32.795
1093,1,2.539,-31.584,-77.681,0.684,0.033,-0.037,-0.373,-4.972,-8.360,-7.464,7.464,23.404,32.795
1093,1,2.539,-31.584,-77.681,0.684,0.033,-0.037,-0.373,-4.972,-8.360,-7.464,7.464,23.404,32.795
1093,1,2.539,-31.584,-77.681,0.684,0.033,-0.037,-0.373,-4.972,-8.360,-7.464,7.464,23.404,32.795
1093,1,2.539,-31.584,-77.681,0.684,0.033,-0.037,-0.373,-4.972,-8.360,-7.464,7.464,23.404,32.795
