packet_timestamp,statemachine,angle_roll,angle_pitch,angle_yaw,gyro_x,gyro_y,gyro_z,acc_x,acc_y,acc_z,rudder1,rudder2,rudder3,rudder4
1093,1,3.682,-25.232,-60.226,-1.365,-0.010,0.565,-2.536,-4.685,-7.618,-5.733,5.733,8.101,49.316
1094,1,3.201,-25.319,-60.400,-1.365,-0.010,0.565,-1.172,-3.814,-6.364,-5.027,5.027,8.930,48.487
1095,1,2.821,-25.502,-60.368,-0.722,-0.292,-0.104,-1.172,-3.814,-6.364,0.671,-0.671,30.324,35.158
1096,1,2.649,-25.729,-60.014,-0.722,-0.292,-0.104,0.555,-2.665,-6.216,0.905,-0.905,30.590,34.892
1097,1,2.681,-26.008,-59.344,0.502,-0.419,-1.109,0.555,-2.665,-6.216,7.264,-7.264,57.409,11.695
1098,1,2.782,-26.276,-58.448,0.502,-0.419,-1.109,1.215,-2.866,-6.996,7.078,-7.078,57.175,11.929
1099,1,2.947,-26.537,-57.322,1.129,-0.369,-1.809,1.215,-2.866,-6.996,12.404,-12.404,73.602,-5.929
1100,1,3.256,-26.716,-56.229,1.129,-0.369,-1.809,1.871,-6.532,-9.254,11.902,-11.902,72.993,-5.319
1101,1,3.699,-26.822,-55.161,1.613,-0.076,-1.676,1.871,-6.532,-9.254,7.116,-7.116,64.629,-5.326
1102,1,4.276,-26.796,-54.485,1.613,-0.076,-1.676,1.675,-2.550,-8.977,6.225,-6.225,63.563,-4.260
1103,1,4.984,-26.634,-54.203,1.490,0.322,-0.397,1.675,-2.550,-8.977,-10.206,10.206,24.669,23.283
1104,1,5.470,-26.393,-54.192,1.490,0.322,-0.397,1.182,-3.441,-10.963,-10.901,10.901,23.861,24.090
1105,1,5.737,-26.072,-54.444,0.329,0.504,0.476,1.182,-3.441,-10.963,-16.348,16.348,-0.944,43.691
1106,1,5.710,-25.700,-54.850,0.329,0.504,0.476,-0.909,-5.072,-11.408,-16.219,16.219,-0.754,43.500
1107,1,5.391,-25.291,-55.409,-0.927,0.611,0.982,-0.909,-5.072,-11.408,-15.697,15.697,-14.230,53.903
1108,1,4.994,-24.946,-56.108,-0.927,0.611,0.982,-2.507,-5.929,-10.743,-15.038,15.038,-13.421,53.094
1109,1,4.518,-24.663,-56.942,-1.431,0.376,1.397,-2.507,-5.929,-10.743,-16.945,16.945,-19.510,65.908
1110,1,4.084,-24.482,-57.825,-1.431,0.376,1.397,-3.024,-4.929,-9.570,-16.279,16.279,-18.715,65.114
1111,1,3.691,-24.398,-58.758,-1.378,0.055,1.515,-3.024,-4.929,-9.570,-17.433,17.433,-16.400,71.960
1112,1,3.371,-24.407,-59.594,-1.378,0.055,1.515,-2.924,-4.072,-8.532,-16.967,16.967,-15.855,71.415
1113,1,3.122,-24.505,-60.334,-1.012,-0.233,1.171,-2.924,-4.072,-8.532,-14.147,14.147,-2.724,66.532
1114,1,2.843,-24.660,-60.876,-1.012,-0.233,1.171,-2.393,-3.953,-8.077,-13.756,13.756,-2.274,66.082
1115,1,2.536,-24.859,-61.224,-0.852,-0.371,0.523,-2.393,-3.953,-8.077,-6.029,6.029,16.377,51.357
1116,1,2.139,-25.095,-61.336,-0.852,-0.371,0.523,-1.354,-3.498,-7.460,-5.462,5.462,17.035,50.700
1117,1,1.593,-25.272,-61.198,-0.924,-0.300,-0.248,-1.354,-3.498,-7.460,5.337,-5.337,36.252,29.474
1118,1,0.986,-25.453,-60.823,-0.924,-0.300,-0.248,-0.373,-3.464,-6.666,6.237,-6.237,37.312,28.413
1119,1,0.278,-25.573,-60.194,-0.838,-0.194,-1.022,-0.373,-3.464,-6.666,16.542,-16.542,56.384,6.299
1120,1,-0.412,-25.700,-59.500,-0.838,-0.194,-1.022,0.416,-3.488,-7.264,17.585,-17.585,57.620,5.062
1121,1,-1.158,-25.714,-58.527,-0.642,-0.044,-1.558,0.416,-3.488,-7.264,24.447,-24.447,70.239,-11.849
1122,1,-1.839,-25.682,-57.539,-0.642,-0.044,-1.558,1.215,-5.809,-8.723,25.474,-25.474,71.457,-13.066
1123,1,-2.490,-25.545,-56.484,-0.409,0.190,-1.681,1.215,-5.809,-8.723,26.810,-26.810,72.332,-20.607
1124,1,-2.799,-25.245,-55.676,-0.409,0.190,-1.681,1.392,-3.330,-7.532,27.240,-27.240,72.827,-21.102
1125,1,-2.672,-24.876,-55.372,0.464,0.600,-0.833,1.392,-3.330,-7.532,12.044,-12.044,45.482,-5.474
1126,1,-2.436,-24.451,-54.906,0.464,0.600,-0.833,2.584,-2.474,-7.991,11.656,-11.656,45.006,-4.998
1127,1,-1.905,-24.117,-54.749,1.019,0.599,-0.277,2.584,-2.474,-7.991,1.129,-1.129,30.169,9.868
1128,1,-1.283,-23.725,-54.602,1.019,0.599,-0.277,2.196,-2.885,-8.532,0.207,-0.207,29.085,10.953
1129,1,-0.821,-23.685,-54.521,1.528,0.414,0.026,2.196,-2.885,-8.532,-6.781,6.781,23.380,21.923
1130,1,0.035,-23.451,-54.513,1.528,0.414,0.026,1.680,-3.326,-9.211,-8.007,8.007,21.955,23.348
1131,1,1.140,-23.504,-54.618,1.898,-0.091,0.215,1.680,-3.326,-9.211,-13.809,13.809,22.598,37.132
1132,1,2.239,-23.552,-54.717,1.898,-0.091,0.215,1.005,-3.455,-10.972,-15.379,15.379,20.775,38.955
1133,1,3.280,-23.820,-54.869,1.779,-0.491,0.285,1.005,-3.455,-10.972,-17.180,17.180,22.962,48.212
1134,1,4.320,-24.082,-55.025,1.779,-0.491,0.285,0.024,-4.182,-11.896,-18.717,18.717,21.155,50.019
1135,1,4.676,-24.278,-55.278,0.515,-0.402,0.437,0.024,-4.182,-11.896,-14.834,14.834,15.439,53.178
1136,1,5.034,-24.472,-55.538,0.515,-0.402,0.437,-1.579,-4.666,-10.628,-15.391,15.391,14.771,53.847
1137,1,4.784,-24.528,-55.971,-0.686,-0.195,0.728,-1.579,-4.666,-10.628,-12.671,12.671,4.956,57.757
1138,1,4.544,-24.591,-56.413,-0.686,-0.195,0.728,-2.608,-5.087,-9.460,-12.330,12.330,5.349,57.364
1139,1,4.171,-24.608,-57.004,-1.044,-0.124,0.961,-2.608,-5.087,-9.460,-12.914,12.914,-0.868,61.541
1140,1,3.810,-24.629,-57.597,-1.044,-0.124,0.961,-3.240,-4.742,-8.680,-12.389,12.389,-0.253,60.927
1141,1,3.510,-24.640,-58.237,-0.982,-0.095,1.021,-3.240,-4.742,-8.680,-13.005,13.005,-1.643,61.494
1142,1,3.223,-24.654,-58.879,-0.982,-0.095,1.021,-3.436,-4.776,-8.312,-12.585,12.585,-1.150,61.002
1143,1,2.942,-24.651,-59.425,-0.917,-0.044,0.855,-3.436,-4.776,-8.312,-10.433,10.433,2.732,55.659
1144,1,2.672,-24.653,-59.980,-0.917,-0.044,0.855,-2.718,-4.292,-7.455,-10.038,10.038,3.195,55.195
1145,1,2.297,-24.653,-60.286,-0.927,-0.015,0.459,-2.718,-4.292,-7.455,-4.485,4.485,13.339,44.230
1146,1,1.932,-24.657,-60.592,-0.927,-0.015,0.459,-1.431,-3.287,-6.718,-3.948,3.948,13.969,43.600
1147,1,1.625,-24.660,-60.401,-0.472,0.019,-0.340,-1.431,-3.287,-6.718,4.215,-4.215,33.985,22.610
1148,1,1.314,-24.661,-60.211,-0.472,0.019,-0.340,-0.239,-3.024,-6.115,4.673,-4.673,34.522,22.073
1149,1,1.189,-24.688,-59.458,0.261,-0.007,-1.236,-0.239,-3.024,-6.115,12.390,-12.390,57.514,-0.158
1150,1,1.063,-24.713,-58.705,0.261,-0.007,-1.236,0.837,-2.512,-7.144,12.574,-12.574,57.729,-0.373
1151,1,1.141,-24.757,-57.538,0.930,-0.032,-1.891,0.837,-2.512,-7.144,17.302,-17.302,74.320,-16.264
1152,1,1.206,-24.798,-56.369,0.930,-0.032,-1.891,0.837,-6.010,-9.546,17.204,-17.204,74.205,-16.149
1153,1,1.701,-24.641,-55.220,1.679,0.328,-1.842,1.924,-6.010,-9.546,12.127,-12.127,66.994,-19.225
1154,1,2.183,-24.501,-54.063,1.679,0.328,-1.842,1.924,-1.900,-8.771,11.431,-11.431,66.182,-18.413
1155,1,2.978,-24.168,-53.694,1.669,0.621,-0.562,2.369,-1.900,-8.771,-5.639,5.639,28.712,10.686
1156,1,3.756,-23.834,-53.315,1.669,0.621,-0.562,2.369,-1.900,-11.532,-6.718,6.718,27.475,11.924
1157,1,4.270,-23.497,-53.416,0.887,0.567,0.211,2.158,-2.718,-11.532,-13.158,13.158,8.150,32.801
1158,1,4.773,-23.156,-53.505,0.887,0.567,0.211,2.158,-2.718,-12.178,-13.811,13.811,7.423,33.528
1159,1,4.657,-22.891,-53.930,-0.425,0.387,0.745,0.091,-4.235,-12.178,-13.710,13.710,-3.082,49.176
1160,1,4.615,-22.756,-54.371,-0.425,0.387,0.745,0.091,-4.235,-12.178,-13.628,13.628,-2.976,49.071
1161,1,4.122,-22.703,-55.059,-1.271,-0.006,1.153,-1.507,-5.254,-11.704,-13.804,13.804,-6.759,64.084
1162,1,3.641,-22.656,-55.752,-1.271,-0.006,1.153,-1.507,-5.254,-11.704,-13.128,13.128,-5.979,63.305
1163,1,3.111,-22.711,-56.541,-1.403,-0.254,1.295,-2.201,-4.766,-10.192,-13.520,13.520,-5.181,69.568
1164,1,2.587,-22.780,-57.230,-1.403,-0.254,1.295,-2.201,-4.766,-10.192,-12.797,12.797,-4.353,68.740
1165,1,2.057,-22.954,-57.934,-1.388,-0.254,1.124,-2.479,-4.020,-8.876,-10.000,10.000,0.764,63.622
1166,1,1.551,-23.157,-58.638,-1.388,-0.403,1.124,-2.479,-4.020,-8.876,-9.300,9.300,3.696,64.952
1167,1,1.020,-23.408,-59.098,-1.250,-0.403,0.676,-2.766,-3.795,-7.675,-3.660,3.660,15.731,52.917
1168,1,0.467,-23.701,-59.336,-1.250,-0.488,0.676,-2.766,-3.795,-7.675,-2.877,2.877,17.852,53.230
1169,1,0.157,-23.922,-59.580,-1.250,-0.488,-0.018,-2.082,-4.077,-6.522,6.247,-6.247,35.729,35.353
1170,1,-0.163,-24.200,-59.590,-0.636,-0.490,-0.018,-2.082,-4.077,-6.522,3.643,-3.643,36.301,34.843
1171,1,-0.184,-24.350,-59.370,-0.636,-0.490,-0.862,-0.541,-3.125,-6.063,14.221,-14.221,57.431,13.712
1172,1,-0.223,-24.530,-58.854,0.199,-0.332,-0.862,-0.541,-3.125,-6.063,10.103,-10.103,55.247,11.392
1173,1,-0.253,-24.657,-58.121,0.199,-0.332,-0.862,0.646,-2.613,-6.580,10.149,-10.149,55.302,11.337
1174,1,-0.257,-24.722,-57.170,0.634,-0.120,-1.547,0.646,-2.613,-6.580,16.544,-16.544,69.405,-8.822
1175,1,-0.216,-24.660,-56.163,0.634,-0.120,-1.547,1.904,-5.446,-9.192,16.483,-16.483,69.334,-8.751
1176,1,-0.129,-24.483,-55.095,0.899,0.316,-1.724,1.904,-5.446,-9.192,17.239,-17.239,67.363,-19.260
1177,1,0.087,-24.163,-54.360,0.899,0.316,-1.724,1.971,-2.383,-8.699,16.923,-16.923,66.994,-18.890
1178,1,0.433,-23.703,-53.958,0.893,0.816,-0.643,1.971,-2.383,-8.699,2.959,-2.959,32.279,1.550
1179,1,0.727,-23.247,-53.776,0.893,0.816,-0.643,2.335,-2.306,-10.915,2.549,-2.549,31.809,2.020
1180,1,0.962,-22.796,-53.819,0.421,0.781,0.076,2.335,-2.306,-10.915,-4.396,4.396,13.976,20.857
1181,1,1.021,-22.419,-54.008,0.421,0.781,0.076,0.770,-3.627,-12.456,-4.464,4.464,13.905,20.928
1182,1,0.914,-22.121,-54.356,-0.380,0.490,0.582,0.770,-3.627,-12.456,-6.625,6.625,5.596,37.546
1183,1,0.590,-21.958,-54.808,-0.380,0.490,0.582,-0.459,-4.948,-12.394,-6.177,6.177,6.110,37.032
1184,1,0.060,-21.923,-55.371,-1.271,0.032,0.931,-0.459,-4.948,-12.394,-5.365,5.365,4.746,51.484
1185,1,-0.531,-21.981,-55.951,-1.271,0.032,0.931,-1.115,-4.445,-10.259,-4.556,4.556,5.668,50.562
1186,1,-1.177,-22.129,-56.558,-1.529,-0.255,1.000,-1.115,-4.445,-10.259,-3.241,3.241,9.050,55.367
1187,1,-1.745,-22.355,-57.096,-1.529,-0.255,1.000,-1.474,-3.852,-7.991,-2.447,2.447,9.964,54.453
1188,1,-2.240,-22.666,-57.565,-1.203,-0.523,0.771,-1.474,-3.852,-7.991,-0.503,0.503,20.351,51.736
1189,1,-2.552,-23.039,-57.877,-1.203,-0.523,0.771,-1.316,-3.732,-6.752,-0.032,0.032,20.909,51.178
1190,1,-2.682,-23.472,-58.043,-0.385,-0.752,0.285,-1.316,-3.732,-6.752,2.177,-2.177,36.609,42.022
1191,1,-2.681,-23.908,-58.014,-0.385,-0.752,0.285,-0.584,-3.862,-6.005,2.220,-2.220,36.681,41.950
1192,1,-2.554,-24.356,-57.792,0.334,-0.800,-0.346,-0.584,-3.862,-6.005,6.382,-6.382,53.017,26.984
1193,1,-2.343,-24.764,-57.377,0.334,-0.800,-0.346,0.340,-3.259,-6.025,6.112,-6.112,52.719,27.282
1194,1,-2.050,-25.134,-56.774,0.915,-0.688,-0.944,0.340,-3.259,-6.025,10.277,-10.277,65.602,11.203
1195,1,-1.712,-25.350,-56.064,0.915,-0.688,-0.944,1.550,-5.235,-8.484,9.789,-9.789,65.033,11.772
1196,1,-1.329,-25.415,-55.242,1.258,-0.147,-1.283,1.550,-5.235,-8.484,11.739,-11.739,65.099,-3.756
1197,1,-0.853,-25.262,-54.622,1.258,-0.147,-1.283,1.809,-2.742,-8.207,11.019,-11.019,64.244,-2.901
1198,1,-0.290,-24.885,-54.197,1.301,0.656,-0.642,1.809,-2.742,-8.207,1.955,-1.955,35.761,2.633
1199,1,0.197,-24.432,-53.950,1.301,0.656,-0.642,1.962,-2.617,-9.704,1.238,-1.238,34.919,3.476
1200,1,0.600,-23.895,-53.871,0.785,0.931,-0.072,1.962,-2.617,-9.704,-3.885,3.885,16.075,14.467
1201,1,0.849,-23.398,-53.935,0.785,0.931,-0.072,0.770,-3.862,-11.417,-4.228,4.228,15.683,14.859
1202,1,1.040,-23.102,-54.157,0.068,0.786,0.399,0.770,-3.862,-11.417,-6.802,6.802,5.659,29.022
1203,1,0.944,-22.756,-54.475,0.068,0.786,0.399,-0.512,-5.163,-12.829,-6.654,6.654,5.836,28.845
1204,1,0.654,-22.514,-54.910,-0.785,0.405,0.771,-0.512,-5.163,-12.829,-6.624,6.624,2.465,43.112
1205,1,0.219,-22.363,-55.421,-0.785,0.405,0.771,-1.416,-4.747,-11.073,-6.018,6.018,3.161,42.416
1206,1,-0.340,-22.314,-55.933,-1.357,0.030,1.023,-1.416,-4.747,-11.073,-5.527,5.527,3.117,53.174
1207,1,-0.929,-22.328,-56.483,-1.357,0.030,1.023,-1.933,-3.775,-9.063,-4.713,4.713,4.049,52.242
1208,1,-1.487,-22.502,-57.011,-1.364,-0.291,0.907,-1.933,-3.775,-9.063,-2.448,2.448,12.431,53.021
1209,1,-1.970,-22.646,-57.422,-1.364,-0.291,0.907,-1.794,-3.766,-7.537,-1.767,1.767,13.217,52.235
1210,1,-2.299,-22.891,-57.663,-0.801,-0.418,0.430,-1.794,-3.766,-7.537,1.853,-1.853,27.494,41.580
1211,1,-2.571,-23.106,-57.806,-0.801,-0.418,0.430,-1.048,-3.886,-6.709,2.255,-2.255,27.967,41.107
1212,1,-2.774,-23.359,-57.646,-0.320,-0.448,-0.221,-1.048,-3.886,-6.709,8.296,-8.296,45.054,24.903
1213,1,-2.868,-23.554,-57.510,-0.320,-0.448,-0.221,0.014,-3.230,-6.216,8.450,-8.450,45.243,24.714
1214,1,-2.947,-23.712,-56.880,0.229,-0.320,-0.982,0.014,-3.230,-6.216,15.358,-15.358,62.602,3.671
1215,1,-3.012,-23.859,-56.254,0.229,-0.320,-0.982,1.211,-2.809,-7.092,15.469,-15.469,62.739,3.535
1216,1,-3.082,-23.852,-55.286,0.495,-0.061,-1.535,1.211,-2.809,-7.092,21.147,-21.147,72.978,-14.100
1217,1,-3.158,-23.840,-54.317,0.495,-0.061,-1.535,1.823,-5.407,-9.269,21.256,-21.256,73.103,-14.226
1218,1,-2.986,-23.526,-53.400,0.901,0.480,-1.471,1.823,-5.407,-9.269,18.144,-18.144,63.428,-20.012
1219,1,-2.812,-23.218,-52.485,0.901,0.480,-1.471,2.426,-2.393,-9.374,17.863,-17.863,63.086,-19.670
1220,1,-2.595,-22.761,-52.158,0.587,0.789,-0.533,2.426,-2.393,-9.374,7.352,-7.352,34.783,-0.194
1221,1,-2.387,-22.303,-51.829,0.587,0.789,-0.533,2.125,-2.876,-11.379,7.020,-7.020,34.381,0.209
1222,1,-2.396,-21.912,-51.833,-0.012,0.685,0.013,2.125,-2.876,-11.379,3.173,-3.173,22.194,15.378
1223,1,-2.410,-21.520,-51.834,-0.012,0.685,0.013,1.077,-3.929,-11.752,3.159,-3.159,22.160,15.413
1224,1,-2.731,-21.386,-52.089,-0.711,0.251,0.454,1.077,-3.929,-11.752,1.560,-1.560,17.797,32.163
1225,1,-3.050,-21.250,-52.346,-0.711,0.251,0.454,0.234,-4.264,-10.613,1.975,-1.975,18.258,31.702
1226,1,-3.557,-21.359,-52.762,-1.154,-0.154,0.733,0.234,-4.264,-10.613,1.396,-1.396,17.869,43.687
1227,1,-4.064,-21.472,-53.176,-1.154,-0.154,0.733,-0.239,-3.804,-8.929,2.093,-2.093,18.666,42.890
1228,1,-4.539,-21.693,-53.591,-1.116,-0.338,0.744,-0.239,-3.804,-8.929,2.450,-2.450,21.800,44.991
1229,1,-5.008,-21.917,-54.013,-1.116,-0.338,0.744,-0.383,-3.445,-7.096,3.126,-3.126,22.588,44.203
1230,1,-5.227,-22.189,-54.260,-0.577,-0.441,0.468,-0.383,-3.445,-7.096,4.228,-4.228,31.385,38.358
1231,1,-5.441,-22.461,-54.507,-0.577,-0.441,0.468,0.488,-2.981,-5.833,4.576,-4.576,31.810,37.934
1232,1,-5.101,-22.753,-54.337,0.679,-0.537,-0.207,0.488,-2.981,-5.833,6.311,-6.311,49.591,22.892
1233,1,-4.761,-23.048,-54.167,0.679,-0.537,-0.207,1.483,-2.172,-6.364,5.891,-5.891,49.135,23.348
1234,1,-3.957,-23.301,-53.546,1.813,-0.529,-0.946,1.483,-2.172,-6.364,8.369,-8.369,66.272,5.997
1235,1,-3.169,-23.564,-52.923,1.813,-0.529,-0.946,2.120,-4.752,-8.436,7.285,-7.285,65.035,7.235
1236,1,-2.159,-23.624,-52.281,2.226,-0.164,-0.993,2.120,-4.752,-8.436,4.369,-4.369,59.324,2.506
1237,1,-1.164,-23.700,-51.628,2.226,-0.164,-0.993,2.120,-2.216,-9.417,2.948,-2.948,57.676,4.154
1238,1,-0.245,-23.580,-51.513,1.727,0.202,-0.138,2.445,-2.216,-9.417,-6.553,6.553,29.548,21.812
1239,1,0.657,-23.455,-51.391,1.727,0.202,-0.138,2.445,-3.249,-11.365,-7.839,7.839,28.057,23.303
1240,1,1.134,-23.264,-51.634,0.733,0.305,0.457,1.670,-3.249,-11.365,-10.985,10.985,10.934,37.504
1241,1,1.604,-23.069,-51.869,0.733,0.305,0.457,1.670,-3.249,-11.724,-11.639,11.639,10.184,38.254
1242,1,1.757,-23.015,-52.439,-0.058,0.037,0.988,-0.033,-4.718,-11.724,-14.531,14.531,0.498,55.580
1243,1,1.912,-22.967,-53.003,-0.058,0.037,0.988,-0.033,-4.718,-11.724,-14.745,14.745,0.253,55.825
1244,1,2.010,-23.007,-53.712,-0.058,0.037,0.988,-1.129,-5.120,-10.537,-14.886,14.886,0.089,55.989
1245,1,2.037,-23.112,-54.565,-0.473,-0.303,1.447,-1.129,-5.120,-10.537,-18.594,18.594,-6.592,72.379
1246,1,2.074,-23.260,-55.467,-0.473,-0.303,1.447,-1.613,-4.378,-9.202,-18.657,18.657,-6.671,72.458
1247,1,2.141,-23.490,-56.423,-0.536,-0.471,1.594,-1.613,-4.378,-9.202,-20.294,20.294,-8.083,78.678
1248,1,2.212,-23.711,-57.312,-0.536,-0.471,1.594,-1.952,-3.814,-7.805,-20.415,20.415,-8.231,78.827
1249,1,2.259,-23.894,-58.019,-0.455,-0.444,1.358,-1.952,-3.814,-7.805,-17.960,17.960,-2.830,72.665
1250,1,2.371,-24.097,-58.719,-0.455,-0.444,1.358,-1.814,-3.766,-7.312,-18.140,18.140,-3.049,72.883
1251,1,2.476,-24.226,-59.203,-0.187,-0.274,0.817,-1.814,-3.766,-7.312,-12.877,12.877,7.847,57.117
1252,1,2.588,-24.360,-59.555,-0.187,-0.274,0.817,-1.354,-3.866,-7.336,-13.053,13.053,7.635,57.330
1253,1,2.615,-24.371,-59.644,-0.055,-0.029,0.185,-1.354,-3.866,-7.336,-5.857,5.857,19.881,38.084
1254,1,2.652,-24.372,-59.704,-0.055,-0.029,0.185,-0.938,-3.962,-7.824,-5.912,5.912,19.817,38.148
1255,1,2.565,-24.239,-59.444,-0.005,0.256,-0.362,-0.938,-3.962,-7.824,0.822,-0.822,29.612,20.226
1256,1,2.462,-24.112,-59.179,-0.005,0.256,-0.362,-0.483,-4.177,-8.838,0.984,-0.984,29.807,20.031
1257,1,2.214,-23.826,-58.781,-0.192,0.533,-0.574,-0.483,-4.177,-8.838,4.950,-4.950,31.610,10.315
1258,1,1.970,-23.540,-58.385,-0.192,0.533,-0.574,-0.297,-3.900,-9.580,5.322,-5.322,32.053,9.872
1259,1,1.693,-23.195,-58.012,-0.265,0.633,-0.537,-0.297,-3.900,-9.580,5.642,-5.642,30.186,8.878
1260,1,1.423,-22.849,-57.643,-0.265,0.633,-0.537,0.062,-3.814,-9.570,6.042,-6.042,30.657,8.407
1261,1,1.221,-22.575,-57.432,-0.252,0.501,-0.284,0.062,-3.814,-9.570,3.118,-3.118,26.579,16.259
1262,1,1.019,-22.299,-57.225,-0.252,0.501,-0.284,0.306,-3.785,-9.412,3.409,-3.409,26.919,15.919
1263,1,0.942,-22.112,-57.208,-0.160,0.343,0.022,0.306,-3.785,-9.412,-0.776,0.776,21.634,25.709
1264,1,0.864,-21.921,-57.195,-0.160,0.343,0.022,0.416,-3.536,-9.207,-0.662,0.662,21.766,25.576
1265,1,0.804,-21.794,-57.347,-0.236,0.236,0.297,0.416,-3.536,-9.207,-3.629,3.629,16.516,33.870
1266,1,0.737,-21.663,-57.495,-0.236,0.236,0.297,0.273,-3.268,-9.049,-3.533,3.533,16.627,33.759
1267,1,0.756,-21.537,-57.720,-0.137,0.229,0.422,0.273,-3.268,-9.049,-5.609,5.609,13.594,37.005
1268,1,0.771,-21.407,-57.939,-0.137,0.229,0.422,0.297,-3.062,-8.805,-5.626,5.626,13.577,37.022
1269,1,0.828,-21.289,-58.178,-0.077,0.209,0.453,0.297,-3.062,-8.805,-6.389,6.389,13.012,38.165
1270,1,0.882,-21.172,-58.419,-0.077,0.209,0.453,0.244,-3.077,-8.675,-6.458,6.458,12.936,38.241
1271,1,1.022,-21.059,-58.608,0.111,0.196,0.378,0.244,-3.077,-8.675,-6.647,6.647,14.778,36.765
1272,1,1.162,-20.946,-58.801,0.111,0.196,0.378,0.077,-3.302,-8.991,-6.829,6.829,14.575,36.967
1273,1,1.373,-20.846,-58.961,0.264,0.175,0.326,0.077,-3.302,-8.991,-7.220,7.220,15.877,36.274
1274,1,1.587,-20.744,-59.124,0.264,0.175,0.326,-0.172,-3.565,-9.154,-7.498,7.498,15.567,36.584
1275,1,1.806,-20.648,-59.298,0.273,0.161,0.349,-0.172,-3.565,-9.154,-8.118,8.118,14.864,37.683
1276,1,2.023,-20.556,-59.471,0.273,0.161,0.349,-0.335,-3.374,-9.274,-8.398,8.398,14.553,37.994
1277,1,2.225,-20.491,-59.673,0.228,0.103,0.394,-0.335,-3.374,-9.274,-8.994,8.994,13.968,40.223
1278,1,2.428,-20.429,-59.877,0.228,0.103,0.394,-0.550,-3.311,-9.384,-9.257,9.257,13.677,40.513
1279,1,2.608,-20.372,-60.089,0.182,0.085,0.412,-0.550,-3.311,-9.384,-9.485,9.485,13.229,41.479
1280,1,2.788,-20.314,-60.304,0.182,0.085,0.412,-0.550,-3.359,-9.341,-9.715,9.715,12.975,41.733
1281,1,2.913,-20.263,-60.530,0.076,0.074,0.434,-0.766,-3.359,-9.341,-9.607,9.607,12.436,42.607
1282,1,3.039,-20.208,-60.758,0.076,0.074,0.434,-0.766,-3.359,-9.216,-9.766,9.766,12.262,42.781
1283,1,3.103,-20.163,-60.973,-0.028,0.062,0.413,-0.880,-3.330,-9.216,-9.075,9.075,12.851,42.527
1284,1,3.168,-20.117,-61.193,-0.028,0.062,0.413,-0.880,-3.330,-9.111,-9.154,9.154,12.765,42.612
1285,1,3.225,-20.088,-61.361,-0.014,0.039,0.327,-0.866,-3.326,-9.111,-8.215,8.215,15.166,40.851
1286,1,3.282,-20.054,-61.528,-0.014,0.039,0.327,-0.866,-3.326,-9.173,-8.286,8.286,15.089,40.928
1287,1,3.322,-20.035,-61.625,-0.005,0.030,0.206,-0.880,-3.431,-9.173,-6.860,6.860,18.209,38.082
1288,1,3.364,-20.013,-61.721,-0.005,0.030,0.206,-0.880,-3.431,-9.173,-6.912,6.912,18.152,38.139
1289,1,3.349,-20.008,-61.760,-0.075,0.017,0.110,-0.900,-3.369,-9.207,-5.347,5.347,20.755,35.901
1290,1,3.332,-19.995,-61.797,-0.075,0.017,0.110,-0.900,-3.369,-9.207,-5.323,5.323,20.781,35.875
1291,1,3.287,-19.993,-61.789,-0.099,0.011,0.028,-0.809,-3.307,-9.183,-4.117,4.117,22.988,33.851
1292,1,3.240,-19.986,-61.778,-0.099,0.011,0.028,-0.809,-3.307,-9.183,-4.056,4.056,23.057,33.782
1293,1,3.160,-19.998,-61.735,-0.137,0.011,-0.034,-0.703,-3.263,-9.254,-2.989,2.989,24.714,32.124
1294,1,3.082,-20.013,-61.690,-0.137,-0.020,-0.034,-0.703,-3.263,-9.254,-2.889,2.889,25.266,32.455
1295,1,2.976,-20.034,-61.635,-0.137,-0.020,-0.054,-0.617,-3.354,-9.183,-2.502,2.502,25.920,31.801
1296,1,2.872,-20.045,-61.591,-0.179,-0.022,-0.054,-0.617,-3.354,-9.183,-2.160,2.160,26.099,31.683
1297,1,2.755,-20.052,-61.537,-0.179,-0.022,-0.043,-0.541,-3.407,-9.106,-2.154,2.154,25.974,31.808
1298,1,2.634,-20.045,-61.488,-0.212,0.011,-0.043,-0.541,-3.407,-9.106,-1.832,1.832,25.678,31.161
1299,1,2.551,-20.001,-61.453,-0.212,0.011,-0.043,-0.464,-3.441,-9.039,-1.720,1.720,25.804,31.034
1300,1,2.428,-19.963,-61.423,-0.226,0.067,-0.010,-0.464,-3.441,-9.039,-1.901,1.901,24.354,30.871
1301,1,2.305,-19.918,-61.395,-0.226,0.067,-0.010,-0.325,-3.206,-8.987,-1.738,1.738,24.537,30.688
1302,1,2.187,-19.865,-61.371,-0.222,0.098,0.002,-0.325,-3.206,-8.987,-1.749,1.749,23.979,30.363
1303,1,2.073,-19.807,-61.343,-0.222,0.098,0.002,-0.191,-3.149,-9.116,-1.597,1.597,24.151,30.192
1304,1,1.971,-19.749,-61.313,-0.191,0.107,-0.011,-0.191,-3.149,-9.116,-1.456,1.456,24.501,29.599
1305,1,1.868,-19.695,-61.283,-0.191,0.107,-0.011,-0.177,-3.263,-9.231,-1.319,1.319,24.654,29.445
1306,1,1.766,-19.649,-61.254,-0.184,0.080,-0.010,-0.177,-3.263,-9.231,-1.230,1.230,25.158,29.702
1307,1,1.685,-19.620,-61.225,-0.184,0.080,-0.010,-0.100,-3.163,-9.054,-1.125,1.125,25.275,29.585
1308,1,1.624,-19.601,-61.199,-0.111,0.032,-0.006,-0.100,-3.163,-9.054,-1.452,1.452,25.969,30.261
1309,1,1.582,-19.589,-61.165,-0.111,0.032,-0.006,-0.010,-3.048,-9.039,-1.398,1.398,26.030,30.200
1310,1,1.559,-19.583,-61.127,-0.036,0.013,-0.028,-0.010,-3.048,-9.039,-1.475,1.475,26.869,29.908
1311,1,1.541,-19.578,-61.090,-0.036,0.013,-0.028,-0.033,-3.101,-9.135,-1.452,1.452,26.895,29.882
1312,1,1.533,-19.575,-61.056,-0.011,0.004,-0.020,-0.033,-3.101,-9.135,-1.662,1.662,26.842,30.179
1313,1,1.535,-19.572,-61.032,-0.011,0.004,-0.020,-0.062,-3.153,-9.159,-1.665,1.665,26.839,30.182
1314,1,1.551,-19.574,-61.022,0.020,-0.002,0.017,-0.062,-3.153,-9.159,-2.306,2.306,25.976,31.228
1315,1,1.566,-19.578,-61.025,0.020,-0.002,0.017,-0.129,-3.220,-9.259,-2.326,2.326,25.954,31.250
1316,1,1.589,-19.582,-61.041,0.016,-0.015,0.063,-0.129,-3.220,-9.259,-2.906,2.906,24.959,32.610
1317,1,1.608,-19.586,-61.070,0.016,-0.015,0.063,-0.292,-3.187,-9.240,-2.931,2.931,24.931,32.638
1318,1,1.635,-19.591,-61.114,0.010,-0.012,0.105,-0.292,-3.187,-9.240,-3.467,3.467,23.782,33.696
1319,1,1.657,-19.594,-61.159,0.010,-0.012,0.105,-0.297,-3.125,-9.159,-3.496,3.496,23.750,33.728
1320,1,1.678,-19.594,-61.204,0.001,-0.011,0.110,-0.297,-3.125,-9.159,-3.533,3.533,23.599,33.849
1321,1,1.701,-19.595,-61.236,0.001,-0.011,0.110,-0.335,-3.187,-9.121,-3.562,3.562,23.566,33.882
1322,1,1.723,-19.597,-61.258,0.016,-0.009,0.072,-0.335,-3.187,-9.121,-3.199,3.199,24.437,32.950
1323,1,1.735,-19.599,-61.271,0.016,-0.009,0.072,-0.359,-3.292,-9.207,-3.214,3.214,24.420,32.967
1324,1,1.735,-19.599,-61.276,-0.013,-0.007,0.045,-0.359,-3.292,-9.207,-2.725,2.725,25.096,32.260
1325,1,1.726,-19.605,-61.276,-0.013,-0.007,0.045,-0.368,-3.307,-9.240,-2.714,2.714,25.108,32.248
1326,1,1.707,-19.616,-61.270,-0.043,-0.022,0.023,-0.368,-3.307,-9.240,-2.274,2.274,25.880,31.902
1327,1,1.684,-19.628,-61.258,-0.043,-0.022,0.023,-0.383,-3.273,-9.168,-2.245,2.245,25.912,31.870
1328,1,1.651,-19.641,-61.237,-0.059,-0.026,0.000,-0.383,-3.273,-9.168,-1.830,1.830,26.589,31.284
1329,1,1.617,-19.655,-61.212,-0.059,-0.026,0.000,-0.354,-3.263,-9.101,-1.788,1.788,26.635,31.238
1330,1,1.582,-19.660,-61.181,-0.062,-0.010,-0.020,-0.354,-3.263,-9.101,-1.474,1.474,26.963,30.454
1331,1,1.535,-19.668,-61.147,-0.062,-0.010,-0.020,-0.311,-3.235,-9.231,-1.414,1.414,27.029,30.388
1332,1,1.468,-19.656,-61.113,-0.112,0.019,-0.030,-0.311,-3.235,-9.231,-0.957,0.957,26.954,29.641
1333,1,1.391,-19.653,-61.084,-0.112,0.019,-0.030,-0.297,-3.225,-9.259,-0.858,0.858,27.064,29.531
1334,1,1.285,-19.634,-61.062,-0.189,0.031,-0.007,-0.297,-3.225,-9.259,-0.617,0.617,26.489,29.772
1335,1,1.182,-19.611,-61.042,-0.189,0.031,-0.007,-0.234,-3.244,-9.164,-0.483,0.483,26.638,29.623
1336,1,1.083,-19.589,-61.024,-0.182,0.038,0.000,-0.234,-3.244,-9.164,-0.481,0.481,26.486,29.561
1337,1,0.985,-19.567,-61.005,-0.182,0.038,0.000,-0.153,-3.254,-9.173,-0.353,0.353,26.627,29.420
1338,1,0.878,-19.533,-60.983,-0.190,0.060,-0.010,-0.153,-3.254,-9.173,-0.058,0.058,26.715,28.723
1339,1,0.749,-19.511,-60.952,-0.190,0.060,-0.010,-0.144,-3.287,-9.264,0.108,-0.108,26.899,28.539
1340,1,0.633,-19.430,-60.942,-0.307,0.087,-0.006,-0.144,-3.287,-9.264,0.804,-0.804,26.590,28.057
1341,1,0.461,-19.381,-60.919,-0.307,0.087,-0.006,-0.191,-3.287,-9.140,1.025,-1.025,26.835,27.812
1342,1,0.252,-19.312,-60.897,-0.372,0.118,-0.009,-0.191,-3.287,-9.140,1.644,-1.644,26.742,27.023
1343,1,0.047,-19.245,-60.873,-0.372,0.118,-0.009,-0.043,-3.220,-8.953,1.905,-1.905,27.029,26.736
1344,1,-0.122,-19.172,-60.832,-0.293,0.134,-0.043,-0.043,-3.220,-8.953,2.152,-2.152,27.889,25.419
1345,1,-0.288,-19.096,-60.789,-0.293,0.134,-0.043,0.153,-3.125,-9.034,2.363,-2.363,28.120,25.188
1346,1,-0.435,-19.006,-60.718,-0.241,0.160,-0.095,0.153,-3.125,-9.034,2.939,-2.939,29.262,23.316
1347,1,-0.585,-18.918,-60.644,-0.241,0.160,-0.095,0.268,-3.125,-9.149,3.127,-3.127,29.466,23.111
1348,1,-0.760,-18.790,-60.559,-0.281,0.228,-0.117,0.268,-3.125,-9.149,3.826,-3.826,29.288,21.342
1349,1,-0.934,-18.662,-60.474,-0.281,0.228,-0.117,0.292,-3.106,-9.044,4.041,-4.041,29.521,21.109
1350,1,-1.107,-18.502,-60.408,-0.291,0.283,-0.088,0.292,-3.106,-9.044,3.941,-3.941,28.237,20.810
1351,1,-1.284,-18.344,-60.340,-0.291,0.283,-0.088,0.455,-2.842,-9.121,4.154,-4.154,28.465,20.582
1352,1,-1.383,-18.193,-60.296,-0.174,0.277,-0.050,0.455,-2.842,-9.121,3.205,-3.205,27.719,21.510
1353,1,-1.486,-18.039,-60.254,-0.174,0.277,-0.050,0.541,-2.732,-9.441,3.325,-3.325,27.844,21.385
1354,1,-1.552,-17.908,-60.235,-0.123,0.231,-0.013,0.541,-2.732,-9.441,2.678,-2.678,27.644,22.894
1355,1,-1.620,-17.782,-60.213,-0.123,0.231,-0.013,0.469,-2.771,-9.436,2.755,-2.755,27.722,22.816
1356,1,-1.681,-17.688,-60.227,-0.129,0.166,0.044,0.469,-2.771,-9.436,2.150,-2.150,27.310,25.085
1357,1,-1.745,-17.596,-60.240,-0.129,0.166,0.044,0.498,-2.675,-9.398,2.223,-2.223,27.385,25.010
1358,1,-1.789,-17.552,-60.276,-0.109,0.081,0.086,0.498,-2.675,-9.398,1.640,-1.640,27.591,27.239
1359,1,-1.837,-17.510,-60.313,-0.109,0.081,0.086,0.531,-2.594,-9.350,1.696,-1.696,27.649,27.181
1360,1,-1.844,-17.505,-60.341,-0.037,0.010,0.070,0.531,-2.594,-9.350,1.547,-1.547,29.077,27.792
1361,1,-1.852,-17.500,-60.365,-0.037,0.010,0.070,0.531,-2.799,-9.427,1.556,-1.556,29.086,27.783
1362,1,-1.874,-17.519,-60.387,-0.056,-0.035,0.068,0.431,-2.799,-9.427,1.707,-1.707,29.810,28.337
1363,1,-1.896,-17.539,-60.413,-0.056,-0.035,0.068,0.431,-3.000,-9.307,1.735,-1.735,29.840,28.307
1364,1,-1.941,-17.565,-60.451,-0.105,-0.047,0.096,0.273,-3.000,-9.307,1.690,-1.690,29.376,29.106
1365,1,-1.986,-17.591,-60.491,-0.105,-0.047,0.096,0.273,-3.000,-9.015,1.746,-1.746,29.437,29.045
1366,1,-2.021,-17.596,-60.535,-0.099,-0.009,0.101,0.263,-3.015,-9.015,1.691,-1.691,28.804,28.583
1367,1,-2.060,-17.603,-60.580,-0.099,-0.009,0.101,0.263,-3.015,-9.034,1.738,-1.738,28.855,28.531
1368,1,-2.091,-17.566,-60.597,-0.076,0.063,0.060,0.340,-3.034,-9.034,2.176,-2.176,28.911,26.436
1369,1,-2.112,-17.552,-60.621,-0.076,0.063,0.060,0.340,-3.034,-9.034,2.201,-2.201,28.936,26.411
1370,1,-2.152,-17.494,-60.633,-0.104,0.137,0.038,0.297,-3.048,-9.149,2.655,-2.655,28.449,24.768
1371,1,-2.203,-17.419,-60.641,-0.104,0.137,0.038,0.297,-3.048,-9.149,2.712,-2.712,28.506,24.711
1372,1,-2.264,-17.333,-60.655,-0.142,0.181,0.040,0.330,-3.005,-9.293,2.938,-2.938,27.896,24.073
1373,1,-2.336,-17.234,-60.666,-0.142,0.181,0.040,0.330,-3.005,-9.293,3.018,-3.018,27.977,23.992
1374,1,-2.419,-17.127,-60.669,-0.168,0.181,0.021,0.416,-2.895,-9.269,3.482,-3.482,28.548,23.420
1375,1,-2.507,-17.011,-60.670,-0.168,0.213,0.021,0.416,-2.895,-9.269,3.578,-3.578,28.188,22.867
1376,1,-2.612,-16.892,-60.653,-0.199,0.213,-0.020,0.416,-2.665,-9.240,4.368,-4.368,29.344,21.712
1377,1,-2.725,-16.759,-60.630,-0.199,0.233,-0.020,0.416,-2.665,-9.240,4.491,-4.491,29.178,21.300
1378,1,-2.846,-16.635,-60.602,-0.199,0.233,-0.033,0.392,-2.675,-9.408,4.784,-4.784,29.631,20.847
1379,1,-2.962,-16.513,-60.576,-0.208,0.222,-0.033,0.392,-2.675,-9.408,4.952,-4.952,29.923,20.889
1380,1,-3.071,-16.394,-60.550,-0.208,0.222,-0.027,0.526,-2.651,-9.336,4.989,-4.989,29.879,20.933
1381,1,-3.161,-16.281,-60.527,-0.186,0.193,-0.027,0.526,-2.651,-9.336,4.977,-4.977,30.382,21.252
1382,1,-3.267,-16.181,-60.499,-0.186,0.193,-0.027,0.670,-2.560,-9.388,5.091,-5.091,30.495,21.139
1383,1,-3.371,-16.087,-60.469,-0.183,0.166,-0.036,0.670,-2.560,-9.388,5.306,-5.306,31.225,21.170
1384,1,-3.477,-16.003,-60.434,-0.183,0.166,-0.036,0.737,-2.512,-9.388,5.421,-5.421,31.339,21.056
1385,1,-3.576,-15.926,-60.393,-0.173,0.136,-0.053,0.737,-2.512,-9.388,5.687,-5.687,32.297,20.950
1386,1,-3.669,-15.857,-60.354,-0.173,0.136,-0.053,0.699,-2.531,-9.479,5.787,-5.787,32.396,20.851
1387,1,-3.747,-15.801,-60.317,-0.131,0.100,-0.046,0.699,-2.531,-9.479,5.570,-5.570,32.810,21.472
1388,1,-3.822,-15.756,-60.286,-0.131,0.100,-0.046,0.732,-2.464,-9.403,5.652,-5.652,32.891,21.390
1389,1,-3.899,-15.728,-60.259,-0.132,0.051,-0.022,0.732,-2.464,-9.403,5.449,-5.449,33.092,22.590
1390,1,-3.971,-15.707,-60.237,-0.132,0.051,-0.022,0.775,-2.483,-9.331,5.530,-5.530,33.174,22.508
1391,1,-4.035,-15.693,-60.213,-0.116,0.022,-0.017,0.775,-2.483,-9.331,5.456,-5.456,33.526,22.978
1392,1,-4.105,-15.677,-60.188,-0.116,0.022,-0.017,0.790,-2.555,-9.298,5.533,-5.533,33.605,22.898
1393,1,-4.167,-15.666,-60.167,-0.110,0.017,-0.016,0.790,-2.555,-9.298,5.558,-5.558,33.726,22.929
1394,1,-4.232,-15.657,-60.143,-0.110,0.017,-0.016,0.780,-2.570,-9.192,5.633,-5.633,33.803,22.853
1395,1,-4.283,-15.635,-60.124,-0.089,0.037,-0.014,0.780,-2.570,-9.192,5.561,-5.561,33.517,22.561
1396,1,-4.336,-15.611,-60.105,-0.089,0.037,-0.014,0.890,-2.479,-9.283,5.619,-5.619,33.575,22.503
1397,1,-4.368,-15.582,-60.079,-0.055,0.048,-0.022,0.890,-2.479,-9.283,5.588,-5.588,33.667,22.107
1398,1,-4.405,-15.551,-60.056,-0.055,0.048,-0.022,0.847,-2.512,-9.374,5.625,-5.625,33.703,22.070
1399,1,-4.434,-15.526,-60.035,-0.053,0.045,-0.018,0.847,-2.512,-9.374,5.591,-5.591,33.671,22.194
1400,1,-4.469,-15.498,-60.014,-0.053,0.045,-0.018,0.813,-2.488,-9.388,5.627,-5.627,33.705,22.159
1401,1,-4.488,-15.480,-60.008,-0.036,0.030,0.009,0.813,-2.488,-9.388,5.229,-5.229,33.271,23.019
1402,1,-4.507,-15.462,-60.001,-0.036,0.030,0.009,0.813,-2.445,-9.341,5.248,-5.248,33.290,23.001
1403,1,-4.526,-15.445,-60.002,-0.035,0.030,0.023,0.866,-2.445,-9.341,5.075,-5.075,32.934,23.356
1404,1,-4.543,-15.427,-60.008,-0.035,0.030,0.023,0.866,-2.483,-9.360,5.093,-5.093,32.951,23.340
1405,1,-4.569,-15.402,-60.017,-0.049,0.040,0.031,0.804,-2.483,-9.360,5.094,-5.094,32.637,23.350
1406,1,-4.589,-15.379,-60.026,-0.049,0.040,0.031,0.804,-2.483,-9.369,5.115,-5.115,32.655,23.331
1407,1,-4.608,-15.358,-60.035,-0.039,0.033,0.039,0.790,-2.507,-9.369,4.979,-4.979,32.566,23.633
1408,1,-4.625,-15.341,-60.049,-0.039,0.033,0.039,0.790,-2.507,-9.369,4.995,-4.995,32.581,23.618
1409,1,-4.637,-15.333,-60.054,-0.031,0.014,0.025,0.818,-2.546,-9.369,5.152,-5.152,33.240,23.507
1410,1,-4.649,-15.332,-60.057,-0.031,0.014,0.025,0.818,-2.546,-9.369,5.166,-5.166,33.255,23.493
1411,1,-4.671,-15.326,-60.042,-0.035,0.004,-0.005,0.809,-2.464,-9.283,5.583,-5.583,34.161,22.860
1412,1,-4.695,-15.323,-60.028,-0.035,0.004,-0.005,0.809,-2.464,-9.283,5.611,-5.611,34.189,22.832
1413,1,-4.714,-15.315,-60.007,-0.025,0.006,-0.026,0.833,-2.479,-9.321,5.831,-5.831,34.685,22.275
1414,1,-4.734,-15.308,-59.981,-0.025,0.006,-0.026,0.833,-2.479,-9.321,5.853,-5.853,34.706,22.254
1415,1,-4.750,-15.298,-59.962,-0.028,0.006,-0.017,0.809,-2.546,-9.441,5.778,-5.778,34.509,22.451
1416,1,-4.768,-15.286,-59.939,-0.028,0.017,-0.017,0.809,-2.546,-9.441,5.797,-5.797,34.375,22.281
1417,1,-4.808,-15.279,-59.935,-0.078,0.017,0.013,0.813,-2.479,-9.422,5.719,-5.719,33.675,22.981
1418,1,-4.850,-15.263,-59.933,-0.078,0.021,0.013,0.813,-2.479,-9.422,5.765,-5.765,33.659,22.875
1419,1,-4.901,-15.260,-59.928,-0.078,0.021,0.012,0.842,-2.440,-9.307,5.836,-5.836,33.746,22.789
1420,1,-4.951,-15.252,-59.927,-0.088,0.005,0.012,0.842,-2.440,-9.307,5.945,-5.945,34.030,22.961
1421,1,-4.975,-15.248,-59.916,-0.088,0.005,-0.014,0.861,-2.517,-9.259,6.291,-6.291,34.696,22.294
1422,1,-4.987,-15.245,-59.899,-0.030,-0.010,-0.014,0.861,-2.517,-9.259,6.011,-6.011,34.922,22.494
1423,1,-5.008,-15.249,-59.867,-0.030,-0.010,-0.014,0.976,-2.460,-9.245,6.036,-6.036,34.949,22.468
1424,1,-5.027,-15.252,-59.830,-0.023,-0.015,-0.045,0.976,-2.460,-9.245,6.413,-6.413,35.820,21.749
333,1,-0.853,-9.731,-54.525,-6.937,1.823,0.619,-1.507,-2.680,-9.953,22.646,-22.646,-12.563,16.854
334,1,-4.461,-8.823,-54.888,-6.937,1.823,0.619,-0.565,-2.881,-8.948,24.162,-24.162,-10.909,12.444
335,1,-7.811,-8.055,-55.245,-6.067,1.425,0.454,-0.565,-2.881,-8.948,27.498,-27.498,0.180,10.186
336,1,-10.695,-7.505,-55.523,-6.067,1.425,0.454,0.703,-2.723,-7.431,28.515,-28.515,1.227,7.168
337,1,-13.122,-7.166,-55.705,-4.456,0.691,0.172,0.703,-2.723,-7.431,32.006,-32.006,19.728,8.246
338,1,-14.878,-7.004,-55.688,-4.456,0.691,0.172,1.641,-1.967,-5.972,33.468,-33.468,20.513,6.640
339,1,-15.975,-6.997,-55.462,-2.054,-0.032,-0.394,1.641,-1.967,-5.972,29.539,-29.539,45.649,1.898
340,1,-16.189,-7.138,-54.980,-2.054,-0.032,-0.394,1.584,-1.517,-5.254,29.788,-29.788,46.080,1.803
341,1,-15.535,-7.436,-54.244,1.142,-0.788,-1.106,1.584,-1.517,-5.254,22.245,-22.245,74.896,-4.432
342,1,-14.381,-7.090,-53.413,1.142,-0.788,-1.106,1.168,-1.340,-5.881,21.078,-21.078,73.449,-3.672
343,1,-11.884,-7.830,-52.326,4.508,-1.625,-1.539,1.168,-1.340,-5.881,7.670,-7.670,96.073,0.159
344,1,-8.940,-8.389,-51.261,4.508,-1.625,-1.539,0.306,-1.373,-7.446,5.103,-5.103,95.023,3.271
345,1,-5.106,-9.701,-50.195,6.960,-2.443,-1.522,0.306,-1.373,-7.446,-8.690,8.690,105.542,20.303
346,1,-1.001,-10.964,-49.422,6.960,-2.443,-1.522,-1.019,-2.311,-9.723,-10.492,10.492,102.481,24.451
347,1,3.623,-12.630,-48.794,8.318,-2.862,-1.012,-1.019,-2.311,-9.723,-19.236,19.236,90.990,47.935
348,1,8.204,-14.326,-48.501,8.318,-2.862,-1.012,-1.541,-3.072,-11.384,-21.964,21.964,85.535,53.390
349,1,12.735,-15.912,-48.601,7.968,-2.776,-0.215,-1.541,-3.072,-11.384,-34.951,34.951,58.327,78.132
350,1,17.280,-17.483,-48.825,7.968,-2.776,-0.215,-1.541,-3.072,-11.384,-38.290,38.290,51.651,84.809
351,1,21.089,-18.813,-49.743,7.968,-2.776,0.505,-1.847,-1.914,-13.250,-50.306,50.306,27.619,108.841
352,1,24.730,-19.795,-50.485,6.146,-2.139,0.505,-1.847,-1.914,-13.250,-53.150,53.150,12.829,105.429
353,1,26.538,-20.633,-51.246,6.146,-2.139,1.225,-1.751,-2.077,-14.250,-63.838,63.838,-8.546,126.805
354,1,27.487,-20.870,-52.050,2.170,-0.730,1.225,-1.751,-2.077,-14.250,-55.443,55.443,-30.190,108.182
355,1,27.390,-20.384,-52.789,2.170,-0.730,1.225,-2.397,-2.182,-13.202,-55.032,55.032,-29.370,107.361
356,1,25.792,-19.436,-53.454,-2.975,0.887,1.742,-2.397,-2.182,-13.202,-34.138,34.138,-62.135,93.924
357,1,23.114,-18.182,-53.997,-2.975,0.887,1.742,-2.881,-1.727,-11.585,-31.742,31.742,-57.342,89.132
358,1,19.383,-16.633,-54.485,-6.634,2.155,1.744,-2.881,-1.727,-11.585,-10.438,10.438,-69.434,65.005
359,1,15.310,-15.098,-54.923,-6.634,2.155,1.744,-3.039,-2.316,-10.288,-5.849,5.849,-63.437,59.007
360,1,10.911,-13.581,-55.330,-7.820,2.392,1.264,-3.039,-2.316,-10.288,8.290,-8.290,-49.013,37.826
361,1,6.709,-12.320,-55.749,-7.820,2.392,1.264,-3.067,-3.618,-9.121,10.762,-10.762,-44.070,32.884
362,1,2.701,-11.311,-56.146,-7.202,1.702,0.803,-3.067,-3.618,-9.121,18.643,-18.643,-18.460,26.966
363,1,-0.606,-10.700,-56.459,-7.202,1.702,0.803,-1.957,-3.498,-6.441,20.246,-20.246,-15.255,23.761
364,1,-3.222,-10.468,-56.643,-4.764,0.448,0.278,-1.957,-3.498,-6.441,23.565,-23.565,18.218,26.111
365,1,-4.650,-10.573,-56.570,-4.764,0.448,0.278,-0.995,-2.914,-4.402,25.005,-25.005,19.571,24.758
366,1,-4.907,-10.999,-56.233,-0.502,-0.738,-0.532,-0.995,-2.914,-4.402,14.131,-14.131,57.108,21.127
367,1,-3.890,-11.674,-55.652,-0.502,-0.738,-0.532,-1.048,-2.431,-4.479,13.176,-13.176,56.268,21.967
368,1,-1.615,-12.621,-54.851,4.132,-1.663,-1.316,-1.048,-2.431,-4.479,-2.500,2.500,86.899,17.755
369,1,1.441,-13.749,-54.065,4.132,-1.663,-1.316,-1.656,-2.761,-6.891,-5.795,5.795,83.632,21.021
370,1,5.278,-15.071,-53.333,6.943,-2.196,-1.402,-1.656,-2.761,-6.891,-15.556,15.556,88.823,31.048
371,1,9.363,-16.447,-52.837,6.943,-2.196,-1.402,-1.991,-3.067,-9.661,-18.260,18.260,83.416,36.455
372,1,13.715,-17.850,-52.591,7.738,-2.307,-0.917,-1.991,-3.067,-9.661,-27.460,27.460,66.613,56.455
373,1,17.593,-19.004,-52.602,7.738,-2.307,-0.917,-1.814,-2.378,-13.389,-30.426,30.426,60.681,62.386
374,1,20.994,-19.890,-52.825,5.905,-1.609,-0.175,-1.814,-2.378,-13.389,-42.362,42.362,26.827,76.275
375,1,23.008,-20.200,-53.116,5.905,-1.609,-0.175,-1.263,-2.407,-15.518,-43.836,43.836,23.878,79.223
376,1,23.623,-19.950,-53.428,1.025,0.137,0.646,-1.263,-2.407,-15.518,-39.445,39.445,-22.033,75.250
377,1,22.391,-19.103,-53.690,1.025,0.137,0.646,-1.507,-2.000,-14.365,-38.159,38.159,-19.461,72.678
378,1,19.352,-17.674,-53.968,-5.347,2.112,1.329,-1.507,-2.000,-14.365,-12.208,12.208,-59.488,56.276
379,1,15.094,-15.882,-54.219,-5.347,2.112,1.329,-2.086,-1.593,-11.460,-7.230,7.230,-52.845,49.633
380,1,9.652,-13.746,-54.548,-9.618,3.503,1.340,-2.086,-1.593,-11.460,7.976,-7.976,-65.514,22.583
381,1,4.274,-11.745,-54.940,-9.618,3.503,1.340,-2.134,-2.359,-8.422,11.121,-11.121,-59.225,16.293
382,1,-1.063,-9.881,-55.368,-9.543,3.252,0.814,-2.134,-2.359,-8.422,20.307,-20.307,-37.451,1.321
383,1,-5.260,-8.581,-55.730,-9.543,3.252,0.814,-1.579,-3.354,-5.130,22.033,-22.033,-35.966,-4.099
384,1,-7.846,-8.758,-55.886,-5.605,1.420,0.149,-1.579,-3.354,-5.130,31.454,-31.454,9.159,3.344
385,1,-9.712,-7.326,-55.774,-5.605,1.420,0.149,-0.670,-2.417,-2.804,31.902,-31.902,7.904,0.298
386,1,-9.009,-7.819,-55.239,1.155,-0.916,-0.799,-0.670,-2.417,-2.804,12.543,-12.543,65.396,11.042
387,1,-7.034,-7.625,-54.391,1.155,-0.916,-0.799,-0.617,-0.675,-4.407,10.686,-10.686,63.614,12.527
388,1,-2.598,-9.164,-53.349,7.911,-2.693,-1.761,-0.617,-0.675,-4.407,-6.861,6.861,112.097,19.540
389,1,2.415,-10.448,-52.200,7.911,-2.693,-1.761,-1.871,-1.928,-9.489,-9.114,9.114,108.814,25.271
390,1,8.535,-12.605,-51.221,10.980,-3.525,-1.765,-1.871,-1.928,-9.489,-12.356,12.356,114.217,43.639
391,1,14.281,-14.948,-50.791,10.980,-3.525,-1.765,-2.110,-3.670,-14.805,-16.118,16.118,106.691,51.165
392,1,19.384,-16.781,-50.828,8.979,-3.085,-0.703,-2.110,-3.670,-14.805,-33.099,33.099,66.445,78.841
393,1,23.401,-18.982,-51.569,8.979,-3.085,-0.703,-1.105,-3.192,-16.997,-36.720,36.720,59.202,86.083
394,1,25.117,-19.457,-52.167,2.813,-1.218,0.564,-1.105,-3.192,-16.997,-47.962,47.962,-1.825,93.756
395,1,25.437,-20.624,-52.679,2.813,-1.218,0.564,-1.412,-1.708,-15.064,-48.943,48.943,-3.786,95.717
396,1,23.663,-19.099,-53.239,-4.765,1.276,1.555,-1.412,-1.708,-15.064,-21.357,21.357,-60.023,80.703
397,1,21.025,-18.047,-53.788,-4.765,1.276,1.555,-2.814,-2.273,-11.111,-19.143,19.143,-55.595,76.276
398,1,15.311,-15.913,-54.271,-10.134,3.232,1.953,-2.814,-2.273,-11.111,-3.546,3.546,-84.693,49.493
399,1,9.676,-13.848,-54.974,-10.134,3.232,1.953,-4.421,-4.177,-5.474,0.281,-0.281,-77.039,41.839
400,1,4.072,-11.828,-55.717,-10.125,3.351,1.695,-4.421,-4.177,-5.474,6.778,-6.778,-65.748,27.139
401,1,-1.480,-9.910,-56.656,-10.125,3.351,1.695,-3.512,-3.866,-1.153,9.485,-9.485,-60.474,21.588
402,1,-3.257,-9.199,-57.062,-3.386,1.334,0.647,-3.512,-3.866,-1.153,11.991,-11.991,-5.004,21.659
403,1,-5.013,-8.517,-57.488,-3.386,1.334,0.647,-1.794,-0.880,-2.536,13.588,-13.588,-4.679,19.269
404,1,-1.770,-9.251,-56.884,5.622,-1.246,-0.966,-1.794,-0.880,-2.536,-14.325,14.325,70.994,19.593
405,1,1.452,-10.013,-56.326,5.622,-1.246,-0.966,-1.818,-0.029,-9.202,-17.468,17.468,69.210,23.543
406,1,7.495,-11.673,-55.304,10.779,-2.690,-1.986,-1.818,-0.029,-9.202,-8.889,8.889,109.220,24.774
407,1,13.507,-13.405,-54.460,10.779,-2.690,-1.986,-2.172,-2.388,-16.432,-12.395,12.395,102.206,31.788
408,1,18.309,-14.841,-54.022,8.597,-2.210,-1.420,-2.172,-2.388,-16.432,-22.593,22.593,74.963,45.335
409,1,23.096,-16.291,-53.700,8.597,-2.210,-1.420,-1.861,-3.881,-19.126,-25.960,25.960,68.229,52.069
410,1,23.149,-16.471,-53.789,0.158,-0.389,0.007,-1.861,-3.881,-19.126,-24.726,24.726,6.250,62.002
411,1,23.192,-16.650,-53.866,0.158,-0.389,0.007,-2.082,-1.369,-15.035,-24.856,24.856,5.990,62.262
412,1,18.422,-15.354,-54.108,-8.358,1.922,1.190,-2.082,-1.369,-15.035,4.481,-4.481,-49.920,52.156
413,1,13.694,-14.086,-54.462,-8.358,1.922,1.190,-2.957,-2.211,-8.594,7.575,-7.575,-43.733,45.969
414,1,6.975,-12.002,-54.956,-11.951,3.413,1.484,-2.957,-2.211,-8.594,7.940,-7.940,-64.308,23.933
415,1,0.328,-9.997,-55.690,-11.951,3.413,1.484,-4.110,-4.249,-2.421,11.302,-11.302,-57.587,17.204
416,1,-4.704,-8.617,-56.401,-9.152,2.493,1.128,-4.110,-4.249,-2.421,17.877,-17.877,-33.354,15.140
417,1,-9.694,-7.322,-57.226,-9.152,2.493,1.128,-2.311,-2.397,0.201,19.656,-19.656,-31.916,9.458
418,1,-9.008,-7.284,-57.046,0.976,0.105,-0.331,-2.311,-2.397,0.201,7.462,-7.462,38.127,7.616
419,1,-8.318,-7.255,-56.870,0.976,0.105,-0.331,-2.311,2.062,-5.603,6.830,-6.830,37.591,8.162
420,1,-2.337,-8.458,-55.475,10.559,-2.235,-2.235,0.211,2.062,-5.603,-1.089,1.089,116.095,0.451
421,1,3.588,-9.777,-54.214,10.559,-2.235,-2.235,0.211,1.134,-15.738,-3.675,3.675,112.773,7.472
422,1,10.419,-11.302,-52.750,12.356,-2.336,-2.867,0.311,1.134,-15.738,0.791,-0.791,123.526,0.363
423,1,17.195,-12.963,-51.475,12.356,-2.336,-2.867,0.311,1.134,-19.782,-3.092,3.092,115.761,8.128
424,1,19.764,-13.889,-50.869,4.844,-1.254,-1.539,-0.589,-3.508,-19.782,-21.406,21.406,63.672,29.295
425,1,22.308,-14.836,-50.296,4.844,-1.254,-1.539,-0.589,-3.508,-17.739,-23.214,23.214,60.055,32.911
426,1,18.927,-14.444,-50.438,-5.829,0.496,0.434,-1.258,-1.627,-17.739,3.242,-3.242,-10.327,53.287
427,1,15.568,-14.058,-50.604,-5.829,0.496,0.434,-1.258,-1.627,-17.739,6.703,-6.703,-6.440,49.399
428,1,9.895,-14.312,-51.489,-11.714,2.376,1.588,-2.627,-2.369,-10.049,4.597,-4.597,-56.170,45.441
429,1,3.372,-12.870,-52.170,-11.714,2.376,1.588,-2.627,-2.369,-10.049,8.370,-8.370,-48.626,37.896
430,1,-2.371,-11.356,-53.202,-10.372,2.387,1.922,-4.675,-5.479,-2.550,7.137,-7.137,-51.258,40.194
431,1,-8.000,-10.123,-54.374,-10.372,2.387,1.922,-4.675,-5.479,-2.550,9.627,-9.627,-46.393,35.098
432,1,-8.911,-8.360,-54.996,-0.649,2.387,0.997,-3.053,-2.129,-1.010,-0.851,0.851,-25.774,9.367
433,1,-9.056,-8.119,-55.638,-0.649,0.658,0.997,-3.053,-2.129,-1.010,-0.775,0.775,-1.410,33.703
434,1,-4.265,-7.437,-55.214,9.939,0.658,-0.926,-0.230,0.483,-4.091,-16.756,16.756,41.923,-11.054
435,1,1.439,-8.523,-54.542,9.939,-1.851,-0.926,-0.230,0.483,-4.091,-19.031,19.031,74.840,30.964
436,1,8.754,-9.616,-54.148,9.939,-1.851,-2.210,-0.206,0.794,-14.154,-6.251,6.251,101.631,6.634
437,1,16.290,-11.513,-53.154,13.564,-2.953,-2.210,-0.206,0.794,-14.154,-10.257,10.257,110.243,31.269
438,1,21.006,-13.798,-52.494,13.564,-2.953,-1.530,-1.732,-3.536,-18.562,-22.107,22.107,86.541,54.970
439,1,25.280,-15.235,-52.117,7.824,-2.143,-1.530,-1.732,-3.536,-18.562,-25.104,25.104,68.983,49.397
440,1,24.986,-16.791,-52.110,7.824,-2.143,-1.530,-1.794,-3.651,-18.136,-25.928,25.928,67.333,51.047
441,1,22.955,-17.026,-52.464,-3.573,-0.698,0.371,-1.794,-3.651,-18.136,-10.834,10.834,1.142,75.936
442,1,18.861,-16.560,-52.939,-3.573,-0.698,0.371,-2.895,-2.153,-11.336,-8.244,8.244,6.322,70.756
443,1,12.750,-15.438,-53.639,-10.952,1.501,1.667,-2.895,-2.153,-11.336,1.670,-1.670,-49.531,63.789
444,1,6.519,-14.183,-54.482,-10.952,1.501,1.667,-4.436,-4.469,-2.503,5.513,-5.513,-41.846,56.104
445,1,0.172,-12.827,-55.499,-11.601,2.256,1.864,-4.436,-4.469,-2.503,6.607,-6.607,-50.447,43.126
446,1,-4.018,-11.888,-56.337,-11.601,2.256,1.864,-4.134,-2.818,-0.526,8.713,-8.713,-46.234,38.913
447,1,-6.079,-11.286,-56.907,-4.015,1.176,0.855,-4.134,-2.818,-0.526,15.596,-15.596,-3.708,27.250
448,1,-4.958,-11.200,-56.843,-4.015,1.176,0.855,-1.292,-0.053,-2.900,14.441,-14.441,-4.814,28.356
449,1,-0.692,-11.636,-56.159,7.490,-0.771,-1.178,-1.292,-0.053,-2.900,-14.930,14.930,69.730,9.449
450,1,4.991,-12.518,-55.146,7.490,-0.771,-1.178,0.144,1.407,-12.762,-17.855,17.855,63.880,15.299
451,1,12.070,-13.914,-53.908,12.817,-2.103,-2.500,0.144,1.407,-12.762,-5.370,5.370,107.873,9.351
452,1,17.946,-15.235,-52.922,12.817,-2.103,-2.500,-1.378,-3.058,-18.796,-9.076,9.076,100.459,16.764
453,1,22.637,-16.439,-52.132,8.678,-1.567,-2.027,-1.378,-3.058,-18.796,-18.203,18.203,74.550,27.364
454,1,24.159,-17.245,-51.837,8.678,-1.567,-2.027,-1.306,-4.771,-18.796,-19.536,19.536,71.885,30.030
455,1,22.528,-17.621,-51.954,-2.757,-0.750,-0.100,-1.306,-4.771,-18.796,-9.134,9.134,13.448,65.122
456,1,18.660,-17.387,-52.295,-2.757,-0.750,-0.100,-2.402,-2.771,-11.628,-6.728,6.728,18.259,60.311
457,1,12.588,-16.588,-52.939,-10.874,0.994,1.407,-2.402,-2.771,-11.628,4.628,-4.628,-36.370,65.116
458,1,6.399,-15.642,-53.741,-10.874,0.994,1.407,-4.110,-4.244,-1.345,8.582,-8.582,-28.463,57.209
459,1,0.095,-14.580,-54.724,-11.554,1.747,1.754,-4.110,-4.244,-1.345,8.015,-8.015,-40.357,47.585
460,1,-4.073,-13.818,-55.575,-11.554,1.747,1.754,-4.747,-2.943,-0.794,10.314,-10.314,-35.759,42.987
461,1,-6.131,-13.296,-56.222,-4.078,1.050,0.983,-4.747,-2.943,-0.794,14.725,-14.725,-4.432,31.565
462,1,-4.874,-13.166,-56.306,-4.078,1.050,0.983,-2.402,-0.105,-2.421,13.351,-13.351,-5.810,32.942
463,1,-0.330,-13.435,-55.829,7.917,-0.457,-0.848,-2.402,-0.105,-2.421,-19.222,19.222,56.656,13.544
464,1,5.843,-14.153,-55.013,7.917,-0.457,-0.848,0.325,1.378,-13.197,-22.668,22.668,49.765,20.435
465,1,13.622,-15.389,-53.952,14.022,-1.833,-2.199,0.325,1.378,-13.197,-10.489,10.489,93.785,15.739
466,1,20.385,-16.605,-53.098,14.022,-1.833,-2.199,-0.737,-2.881,-18.251,-14.887,14.887,84.988,24.535
467,1,26.144,-17.768,-52.394,10.560,-1.465,-1.937,-0.737,-2.881,-18.251,-22.119,22.119,65.259,33.734
468,1,28.619,-18.655,-52.250,10.560,-1.465,-1.937,-1.354,-4.699,-19.251,-24.127,24.127,61.243,37.750
469,1,27.826,-19.227,-52.566,-1.370,-1.210,-0.027,-1.354,-4.699,-19.251,-21.113,21.113,9.933,81.785
470,1,24.437,-19.142,-53.114,-1.370,-1.210,-0.027,-2.799,-3.436,-12.953,-19.053,19.053,14.055,77.664
471,1,19.214,-19.720,-54.300,-10.757,0.512,1.747,-2.799,-3.436,-12.953,-5.138,5.138,-49.024,91.527
472,1,13.013,-19.294,-55.337,-10.757,0.512,1.747,-4.895,-4.551,-3.441,-0.838,0.838,-40.424,82.927
473,1,5.991,-18.125,-56.446,-12.972,1.744,2.351,-4.895,-4.551,-3.441,-3.380,3.380,-63.100,70.419
474,1,0.188,-16.469,-57.513,-12.972,1.744,2.351,-6.187,-4.689,-0.909,0.495,-0.495,-55.350,62.669
475,1,-3.510,-15.810,-58.439,-7.172,1.147,1.904,-6.187,-4.689,-0.909,8.325,-8.325,-31.169,55.532
476,1,-4.786,-13.952,-59.260,-7.172,1.147,1.904,-3.646,-0.464,-1.206,8.858,-8.858,-30.102,54.465
477,1,-1.771,-14.006,-59.257,5.007,-0.042,0.026,-3.646,-0.464,-1.206,-23.399,23.399,30.497,27.833
478,1,2.837,-13.199,-58.741,5.007,-0.042,0.026,-0.388,0.751,-8.948,-28.415,28.415,25.488,32.842
479,1,10.531,-14.269,-57.544,13.737,-1.551,-1.859,-0.388,0.751,-8.948,-12.652,12.652,85.424,16.033
480,1,18.107,-15.277,-57.560,13.737,-1.551,-1.859,-1.110,-1.995,-16.432,-17.200,17.200,76.328,25.130
481,1,25.367,-16.530,-56.581,13.309,-1.538,-2.201,-1.110,-1.995,-16.432,-17.580,17.580,75.387,25.706
482,1,30.609,-18.977,-55.735,13.309,-1.538,-2.201,-2.996,-6.843,-17.437,-22.173,22.173,66.199,34.893
483,1,32.649,-19.987,-56.026,3.587,-1.816,-0.524,-2.996,-6.843,-17.437,-42.997,42.997,24.392,84.644
484,1,34.187,-21.278,-56.324,3.587,-1.816,-0.524,-3.718,-4.651,-13.992,-44.941,44.941,20.504,88.532
485,1,30.658,-21.133,-57.254,-6.580,-0.679,1.434,-3.718,-4.651,-13.992,-16.421,16.421,-40.377,116.908
486,1,27.148,-21.049,-58.187,-6.580,-0.679,1.434,-3.503,-2.617,-5.881,-14.222,14.222,-35.981,112.511
487,1,21.177,-20.075,-59.041,-10.878,0.916,2.008,-3.503,-2.617,-5.881,-9.869,9.869,-64.255,95.223
488,1,15.268,-19.198,-60.003,-10.878,0.916,2.008,-4.871,-3.000,-2.565,-5.565,5.565,-55.646,86.614
489,1,10.400,-18.357,-60.700,-8.958,1.152,1.465,-4.871,-3.000,-2.565,4.735,-4.735,-38.410,62.652
490,1,5.586,-17.588,-61.473,-8.958,1.152,1.465,-3.627,-2.527,-3.278,8.051,-8.051,-31.777,56.018
491,1,4.667,-16.965,-61.593,-1.834,1.088,0.296,-3.627,-2.527,-3.278,-0.110,0.110,-0.296,26.364
492,1,3.764,-16.347,-61.728,-1.834,1.088,0.296,-0.986,-0.770,-6.053,1.043,-1.043,0.974,25.093
493,1,6.844,-16.230,-61.002,5.569,0.349,-1.207,-0.986,-0.770,-6.053,-19.114,19.114,45.352,1.807
494,1,9.899,-16.146,-60.272,5.569,0.349,-1.207,0.526,-0.986,-12.949,-20.943,20.943,41.694,5.466
495,1,13.919,-16.260,-59.225,7.478,0.175,-1.770,0.526,-0.986,-12.949,-16.329,16.329,53.417,-1.266
496,1,17.903,-16.434,-58.188,7.478,0.175,-1.770,-1.024,-3.531,-14.647,-18.731,18.731,48.614,3.537
497,1,19.451,-16.451,-57.421,3.138,0.365,-1.236,-1.024,-3.531,-14.647,-22.003,22.003,30.728,15.976
498,1,20.978,-16.485,-56.649,3.138,0.365,-1.236,-1.613,-4.106,-14.298,-22.888,22.888,28.959,17.745
499,1,18.580,-16.208,-56.541,-4.057,0.501,-0.004,-1.613,-4.106,-14.298,-0.806,0.806,-0.759,43.597
500,1,16.193,-15.926,-56.439,-4.057,0.501,-0.004,-1.613,-4.106,-14.298,1.738,-1.738,2.224,40.613
501,1,12.777,-15.403,-56.504,-4.057,0.501,-0.004,-2.450,-3.488,-9.173,5.795,-5.795,6.537,36.301
502,1,8.358,-14.656,-56.767,-7.854,1.204,0.695,-2.450,-3.488,-9.173,16.547,-16.547,-15.532,38.282
503,1,4.352,-14.016,-57.135,-7.854,1.204,0.695,-3.718,-3.642,-4.268,18.898,-18.898,-10.830,33.580
504,1,0.758,-13.497,-57.591,-6.583,0.910,0.816,-3.718,-3.642,-4.268,19.388,-19.388,-5.649,36.799
505,1,-0.879,-13.188,-57.870,-6.583,0.910,0.816,-2.192,-1.302,-5.546,20.271,-20.271,-3.883,35.033
506,1,-0.586,-13.063,-57.950,0.323,0.270,0.127,-2.192,-1.302,-5.546,-2.569,2.569,22.175,27.267
507,1,1.689,-13.164,-57.607,0.323,0.270,0.127,0.297,-0.191,-7.350,-5.020,5.020,19.746,29.697
508,1,5.919,-13.524,-56.859,7.601,-0.518,-1.312,0.297,-0.191,-7.350,-16.808,16.808,62.352,9.583
509,1,10.556,-14.040,-55.983,7.601,-0.518,-1.312,0.574,-0.794,-12.872,-19.434,19.434,57.099,14.836
510,1,15.599,-14.724,-54.997,9.276,-0.804,-1.900,0.574,-0.794,-12.872,-15.068,15.068,69.926,10.196
511,1,19.350,-15.374,-54.235,9.276,-0.804,-1.900,-0.574,-2.909,-14.518,-17.408,17.408,65.245,14.877
512,1,21.820,-15.948,-53.675,4.715,-0.647,-1.219,-0.574,-2.909,-14.518,-27.582,27.582,42.646,32.972
513,1,22.165,-16.250,-53.472,4.715,-0.647,-1.219,-1.962,-4.182,-14.274,-27.941,27.941,41.926,33.691
514,1,20.404,-16.279,-53.607,-3.004,-0.178,0.229,-1.962,-4.182,-14.274,-10.052,10.052,0.967,61.258
515,1,17.933,-16.978,-54.182,-3.004,-0.178,0.229,-2.421,-2.986,-9.886,-8.957,8.957,3.117,59.108
516,1,13.545,-16.198,-54.666,-7.861,1.074,1.264,-2.421,-2.986,-9.886,5.977,-5.977,-34.814,61.277
517,1,9.179,-15.465,-55.288,-7.861,1.074,1.264,-3.187,-2.862,-5.446,8.764,-8.764,-29.240,55.704
518,1,4.647,-14.438,-55.995,-8.293,1.660,1.509,-3.187,-2.862,-5.446,8.496,-8.496,-38.146,47.869
519,1,1.000,-12.998,-56.538,-8.293,1.660,1.509,-1.885,-1.445,-5.919,10.601,-10.601,-33.936,43.659
520,1,-1.169,-12.188,-57.094,-4.127,1.444,0.993,-1.885,-1.445,-5.919,9.451,-9.451,-15.693,31.564
521,1,-2.243,-10.816,-57.391,-4.127,1.444,0.993,1.053,-0.957,-6.546,10.489,-10.489,-14.754,30.625
522,1,-1.391,-10.372,-57.187,1.431,0.803,-0.375,1.053,-0.957,-6.546,-1.078,1.078,27.763,6.431
523,1,-0.122,-9.705,-57.118,1.431,0.803,-0.375,1.512,-1.115,-9.886,-2.347,2.347,26.159,7.192
524,1,1.979,-9.732,-56.394,3.829,0.005,-1.234,1.512,-1.115,-9.886,-5.661,5.661,57.160,-0.970
525,1,3.808,-9.908,-55.655,3.829,0.005,-1.234,0.660,-2.038,-11.704,-7.470,7.470,55.693,0.903
526,1,5.308,-10.098,-55.011,2.828,-0.224,-1.112,0.660,-2.038,-11.704,-5.488,5.488,54.724,8.810
527,1,6.219,-10.596,-54.338,2.828,-0.224,-1.112,-0.440,-2.775,-10.982,-6.474,6.474,53.742,9.792
528,1,6.226,-10.848,-54.137,0.105,-0.383,-0.382,-0.440,-2.775,-10.982,-2.032,2.032,37.698,30.402
529,1,6.227,-11.098,-53.934,0.105,-0.383,-0.382,-0.660,-2.287,-9.853,-2.078,2.078,37.620,30.480
530,1,5.122,-11.131,-54.130,-1.979,-0.080,0.336,-0.660,-2.287,-9.853,0.488,-0.488,16.384,43.042
531,1,4.021,-11.171,-54.322,-1.979,-0.080,0.336,-0.306,-1.340,-8.345,1.602,-1.602,17.435,41.991
532,1,2.832,-10.978,-54.608,-2.170,0.321,0.513,-0.306,-1.340,-8.345,1.558,-1.558,8.441,39.541
533,1,1.650,-10.789,-54.901,-2.170,0.321,0.513,0.330,-1.077,-8.546,2.766,-2.766,9.588,38.393
534,1,1.094,-10.499,-55.090,-1.047,0.513,0.334,0.330,-1.077,-8.546,-0.041,0.041,11.851,30.621
535,1,0.536,-10.207,-55.282,-1.047,0.513,0.334,0.675,-1.392,-9.197,0.522,-0.522,12.381,30.092
536,1,0.609,-10.000,-55.314,0.107,0.368,0.052,0.675,-1.392,-9.197,-1.786,1.786,21.461,25.179
537,1,0.678,-9.795,-55.347,0.107,0.368,0.052,0.751,-1.747,-9.805,-1.851,1.851,21.111,24.941
538,1,1.050,-9.816,-55.297,0.668,-0.026,-0.084,0.751,-1.747,-9.805,-3.318,3.318,29.828,27.511
539,1,1.417,-9.837,-55.252,0.668,-0.026,-0.084,0.809,-1.306,-9.752,-3.679,3.679,29.521,27.868
540,1,1.900,-10.150,-55.199,0.886,-0.536,-0.109,0.809,-1.306,-9.752,-4.957,4.957,37.200,35.253
541,1,2.381,-10.457,-55.148,0.886,-0.536,-0.109,0.641,-1.148,-9.829,-5.453,5.453,36.723,35.729
542,1,2.748,-10.884,-55.118,0.696,-0.757,-0.093,0.641,-1.148,-9.829,-5.100,5.100,39.089,39.694
543,1,3.115,-11.312,-55.088,0.696,-0.757,-0.093,0.258,-1.598,-10.068,-5.509,5.509,38.672,40.110
544,1,3.136,-11.583,-55.107,0.083,-0.501,-0.002,0.258,-1.598,-10.068,-3.625,3.625,32.678,38.770
545,1,3.163,-11.856,-55.126,0.083,-0.501,-0.002,0.498,-1.727,-9.829,-3.677,3.677,32.608,38.840
546,1,2.842,-11.953,-55.202,-0.533,-0.202,0.103,0.498,-1.727,-9.829,-1.592,1.592,26.017,36.909
547,1,2.525,-12.050,-55.277,-0.533,-0.202,0.103,0.675,-1.761,-9.762,-1.268,1.268,26.324,36.602
548,1,2.074,-12.125,-55.356,-0.769,-0.165,0.114,0.675,-1.761,-9.762,0.248,-0.248,25.973,35.887
549,1,1.623,-12.201,-55.437,-0.769,-0.165,0.114,0.675,-1.938,-9.690,0.716,-0.716,26.425,35.436
550,1,1.187,-12.350,-55.524,-0.754,-0.292,0.118,0.483,-1.938,-9.690,1.041,-1.041,28.565,36.918
551,1,0.752,-12.501,-55.609,-0.754,-0.292,0.118,0.483,-2.072,-9.652,1.497,-1.497,29.007,36.475
552,1,0.381,-12.703,-55.678,-0.639,-0.381,0.086,0.407,-2.072,-9.652,1.711,-1.711,31.464,36.575
553,1,0.014,-12.905,-55.745,-0.639,-0.381,0.086,0.407,-2.072,-10.676,2.102,-2.102,31.848,36.191
554,1,-0.079,-13.136,-55.777,-0.143,-0.434,0.027,0.445,-2.062,-10.676,0.466,-0.466,34.184,35.346
555,1,-0.171,-13.369,-55.811,-0.143,-0.434,0.027,0.445,-2.062,-10.719,0.566,-0.566,34.284,35.246
556,1,0.119,-13.681,-55.786,0.553,-0.582,-0.078,1.000,-1.838,-10.719,-1.922,1.922,38.695,35.066
557,1,0.311,-13.815,-55.746,0.553,-0.582,-0.078,1.000,-1.838,-10.719,-2.133,2.133,38.482,35.279
558,1,0.636,-14.157,-55.657,0.691,-0.708,-0.189,1.306,-2.120,-10.307,-1.804,1.804,42.693,34.690
559,1,0.979,-14.541,-55.570,0.691,-0.708,-0.189,1.306,-2.120,-10.307,-2.196,2.196,42.288,35.095
560,1,1.074,-15.013,-55.492,0.235,-0.819,-0.180,0.924,-2.445,-9.307,-0.145,0.145,43.523,37.026
561,1,1.150,-15.458,-55.411,0.235,-0.819,-0.180,0.924,-2.445,-9.307,-0.247,0.247,43.407,37.142
562,1,1.045,-15.954,-55.354,-0.124,-0.819,-0.137,0.660,-2.527,-8.838,1.119,-1.119,42.439,38.110
563,1,0.926,-16.420,-55.299,-0.124,-0.859,-0.137,0.660,-2.527,-8.838,1.243,-1.243,43.122,38.552
564,1,0.858,-16.851,-55.250,-0.038,-0.859,-0.126,0.507,-2.732,-8.455,0.739,-0.739,42.894,38.781
565,1,0.789,-17.272,-55.229,-0.038,-0.786,-0.126,0.507,-2.732,-8.455,0.811,-0.811,41.929,37.676
566,1,0.896,-17.622,-55.203,-0.038,-0.786,-0.089,0.239,-2.991,-8.489,0.219,-0.219,40.867,38.737
567,1,1.009,-17.984,-55.173,0.270,-0.674,-0.089,0.239,-2.991,-8.489,-1.470,1.470,39.101,37.308
568,1,1.235,-18.263,-55.174,0.270,-0.674,-0.017,0.383,-3.149,-8.872,-2.665,2.665,36.971,39.438
569,1,1.423,-18.542,-55.185,0.436,-0.499,-0.017,0.383,-3.149,-8.872,-3.742,3.742,34.185,37.202
570,1,1.649,-18.741,-55.199,0.436,-0.499,-0.017,0.593,-3.134,-9.077,-4.036,4.036,33.859,37.528
571,1,1.878,-18.872,-55.220,0.455,-0.265,-0.003,0.593,-3.134,-9.077,-4.600,4.600,29.853,34.868
572,1,2.114,-18.960,-55.255,0.455,-0.265,-0.003,0.167,-3.383,-9.082,-4.904,4.904,29.517,35.204
573,1,2.358,-19.004,-55.306,0.457,-0.109,0.066,0.167,-3.383,-9.082,-6.092,6.092,25.206,35.042
574,1,2.610,-19.043,-55.395,0.457,-0.109,0.066,0.005,-3.493,-9.058,-6.414,6.414,24.851,35.397
575,1,2.874,-19.082,-55.523,0.448,-0.092,0.196,0.005,-3.493,-9.058,-8.333,8.333,20.986,38.774
576,1,3.133,-19.116,-55.662,0.448,-0.092,0.196,0.100,-3.182,-9.207,-8.664,8.664,20.621,39.139
577,1,3.388,-19.152,-55.814,0.418,-0.091,0.240,0.100,-3.182,-9.207,-9.383,9.383,19.152,40.578
578,1,3.625,-19.173,-55.952,0.418,-0.091,0.240,-0.024,-3.000,-9.307,-9.686,9.686,18.819,40.911
579,1,3.849,-19.171,-56.085,0.374,-0.030,0.219,-0.024,-3.000,-9.307,-9.498,9.498,18.147,39.848
580,1,4.079,-19.149,-56.222,0.374,-0.030,0.219,-0.273,-3.192,-9.259,-9.787,9.787,17.831,40.164
581,1,4.316,-19.100,-56.364,0.390,0.053,0.243,-0.273,-3.192,-9.259,-10.452,10.452,15.742,39.879
582,1,4.560,-19.052,-56.540,0.390,0.053,0.243,-0.507,-3.249,-9.097,-10.753,10.753,15.416,40.205
583,1,4.813,-19.000,-56.750,0.373,0.054,0.354,-0.507,-3.249,-9.097,-12.363,12.363,12.297,43.294
584,1,5.064,-18.946,-56.980,0.373,0.054,0.354,-0.550,-3.082,-9.317,-12.670,12.670,11.967,43.624
585,1,5.317,-18.894,-57.235,0.353,0.050,0.426,-0.550,-3.082,-9.317,-13.783,13.783,9.884,45.828
586,1,5.580,-18.811,-57.482,0.353,0.050,0.426,-0.383,-2.732,-9.393,-14.097,14.097,9.550,46.162
587,1,5.853,-18.697,-57.720,0.392,0.147,0.419,-0.383,-2.732,-9.393,-14.520,14.520,8.018,44.925
588,1,6.130,-18.570,-57.957,0.392,0.147,0.419,-0.512,-3.129,-8.934,-14.840,14.840,7.685,45.258
589,1,6.415,-18.422,-58.189,0.419,0.206,0.422,-0.512,-3.129,-8.934,-15.335,15.335,6.437,44.832
590,1,6.699,-18.286,-58.446,0.419,0.206,0.422,-0.742,-3.235,-9.010,-15.655,15.655,6.108,45.161
591,1,6.976,-18.153,-58.722,0.389,0.174,0.501,-0.742,-3.235,-9.010,-16.802,16.802,4.277,47.905
592,1,7.269,-18.002,-59.008,0.389,0.174,0.501,-0.775,-3.134,-9.288,-17.125,17.125,3.950,48.231
593,1,7.570,-17.833,-59.303,0.417,0.238,0.543,-0.775,-3.134,-9.288,-18.120,18.120,1.649,48.706
594,1,7.879,-17.660,-59.591,0.417,0.238,0.543,-1.005,-2.273,-8.905,-18.451,18.451,1.321,49.034
595,1,8.196,-17.486,-59.880,0.450,0.239,0.540,-1.005,-2.273,-8.905,-18.912,18.912,1.056,49.269
596,1,8.550,-17.300,-60.127,0.450,0.239,0.540,-0.976,-2.818,-8.943,-19.285,19.285,0.690,49.635
597,1,8.944,-17.107,-60.328,0.627,0.283,0.409,-0.976,-2.818,-8.943,-18.951,18.951,2.922,46.125
598,1,9.322,-16.936,-60.508,0.627,0.283,0.409,-1.325,-3.115,-9.125,-19.349,19.349,2.534,46.513
599,1,9.691,-16.786,-60.660,0.616,0.226,0.320,-1.325,-3.115,-9.125,-18.560,18.560,5.212,45.478
600,1,9.953,-16.664,-60.844,0.616,0.226,0.320,-1.589,-3.326,-9.915,-18.829,18.829,4.954,45.737
601,1,10.141,-16.617,-61.070,0.258,0.027,0.415,-1.589,-3.326,-9.915,-18.443,18.443,5.198,51.184
602,1,10.252,-16.613,-61.334,0.258,0.027,0.415,-1.708,-3.187,-10.164,-18.571,18.571,5.064,51.318
603,1,10.273,-16.625,-61.631,-0.077,-0.101,0.511,-1.708,-3.187,-10.164,-18.125,18.125,4.461,55.573
604,1,10.196,-16.682,-61.894,-0.077,-0.101,0.511,-1.665,-2.436,-9.647,-18.053,18.053,4.525,55.509
605,1,10.085,-16.830,-62.226,-0.338,-0.355,0.516,-1.665,-2.436,-9.647,-16.720,16.720,8.095,59.183
606,1,9.905,-17.022,-62.508,-0.338,-0.355,0.516,-1.192,-2.283,-9.470,-16.569,16.569,8.215,59.064
607,1,9.707,-17.331,-62.743,-0.444,-0.603,0.306,-1.192,-2.283,-9.470,-13.275,13.275,17.092,57.278
608,1,9.487,-17.658,-62.902,-0.444,-0.603,0.306,-1.129,-2.761,-9.398,-13.114,13.114,17.199,57.171
609,1,9.295,-18.091,-62.953,-0.342,-0.776,-0.021,-1.129,-2.761,-9.398,-9.437,9.437,27.865,51.435
610,1,9.116,-18.510,-63.011,-0.342,-0.776,-0.021,-1.440,-3.263,-9.130,-9.347,9.347,27.886,51.415
611,1,8.998,-19.042,-62.927,-0.145,-0.921,-0.279,-1.440,-3.263,-9.130,-7.124,7.124,36.304,47.166
612,1,8.901,-19.561,-62.845,-0.145,-0.921,-0.279,-1.249,-3.292,-9.068,-7.160,7.160,36.174,47.296
613,1,8.973,-20.039,-62.675,0.010,-0.943,-0.457,-1.249,-3.292,-9.068,-5.946,5.946,40.580,43.499
614,1,8.903,-20.592,-62.486,0.010,-0.943,-0.457,-1.029,-3.163,-8.671,-6.028,6.028,40.394,43.685
615,1,8.760,-21.089,-62.204,-0.061,-0.820,-0.593,-1.029,-3.163,-8.671,-3.938,3.938,42.007,38.572
616,1,8.613,-21.586,-61.919,-0.061,-0.820,-0.593,-1.196,-3.972,-8.647,-3.896,3.896,41.971,38.607
617,1,8.383,-22.006,-61.613,-0.185,-0.688,-0.616,-1.196,-3.972,-8.647,-2.814,2.814,40.779,36.026
618,1,8.153,-22.429,-61.304,-0.185,-0.688,-0.616,-1.273,-4.388,-8.580,-2.629,2.629,40.924,35.880
619,1,7.914,-22.756,-61.033,-0.226,-0.537,-0.526,-1.273,-4.388,-8.580,-3.313,3.313,36.742,35.741
620,1,7.675,-23.085,-60.764,-0.226,-0.537,-0.526,-1.053,-4.230,-8.623,-3.077,3.077,36.965,35.517
621,1,7.397,-23.337,-60.525,-0.317,-0.405,-0.456,-1.053,-4.230,-8.623,-3.180,3.180,33.652,35.057
622,1,7.117,-23.588,-60.287,-0.317,-0.405,-0.456,-0.756,-3.809,-8.436,-2.855,2.855,33.993,34.715
623,1,6.847,-23.796,-60.007,-0.268,-0.328,-0.511,-0.756,-3.809,-8.436,-2.080,2.080,34.636,31.881
624,1,6.577,-24.005,-59.729,-0.268,-0.328,-0.511,-0.660,-4.197,-8.867,-1.749,1.749,34.995,31.523
625,1,6.314,-24.205,-59.417,-0.238,-0.309,-0.557,-0.660,-4.197,-8.867,-1.001,1.001,36.226,29.743
626,1,6.046,-24.404,-59.107,-0.238,-0.309,-0.557,-0.502,-4.130,-9.010,-0.662,0.662,36.600,29.369
627,1,5.753,-24.624,-58.800,-0.279,-0.345,-0.550,-0.502,-4.130,-9.010,-0.172,0.172,37.346,29.658
628,1,5.463,-24.841,-58.497,-0.279,-0.345,-0.550,-0.440,-4.216,-8.948,0.205,-0.205,37.766,29.238
629,1,5.169,-25.079,-58.199,-0.282,-0.387,-0.537,-0.440,-4.216,-8.948,0.444,-0.444,38.468,29.723
630,1,4.877,-25.314,-57.902,-0.282,-0.387,-0.537,-0.191,-4.058,-8.829,0.830,-0.830,38.902,29.289
631,1,4.580,-25.596,-57.614,-0.295,-0.468,-0.524,-0.191,-4.058,-8.829,1.125,-1.125,40.177,30.328
632,1,4.277,-25.870,-57.327,-0.295,-0.468,-0.524,0.067,-4.187,-8.781,1.531,-1.531,40.637,29.867
633,1,3.988,-26.132,-57.040,-0.272,-0.444,-0.521,0.067,-4.187,-8.781,1.770,-1.770,40.674,29.160
634,1,3.692,-26.395,-56.748,-0.272,-0.444,-0.521,0.067,-4.852,-8.580,2.181,-2.181,41.146,28.689
635,1,3.488,-26.589,-56.601,-0.227,-0.346,-0.287,0.019,-4.852,-8.580,-0.687,0.687,34.216,32.818
636,1,3.281,-26.786,-56.450,-0.227,-0.346,-0.287,0.019,-4.331,-8.293,-0.393,0.393,34.556,32.479
637,1,3.181,-26.918,-56.464,-0.161,-0.246,-0.022,0.373,-4.331,-8.293,-3.888,3.888,26.678,37.496
638,1,3.080,-27.051,-56.472,-0.161,-0.246,-0.022,0.373,-4.331,-8.556,-3.748,3.748,26.840,37.334
639,1,2.980,-27.167,-56.489,-0.169,-0.221,-0.004,0.431,-4.426,-8.556,-3.790,3.790,26.185,37.258
640,1,2.871,-27.284,-56.500,-0.169,-0.221,-0.004,0.431,-4.426,-8.618,-3.633,3.633,26.368,37.075
641,1,2.759,-27.390,-56.508,-0.179,-0.196,-0.009,0.287,-4.484,-8.618,-3.368,3.368,26.317,36.426
642,1,2.644,-27.492,-56.510,-0.179,-0.196,-0.009,0.287,-4.484,-8.379,-3.198,3.198,26.518,36.226
643,1,2.636,-27.590,-56.540,-0.015,-0.184,0.033,0.014,-4.594,-8.379,-4.535,4.535,25.310,37.098
644,1,2.608,-27.656,-56.568,-0.015,-0.184,0.033,0.014,-4.594,-8.379,-4.498,4.498,25.352,37.057
645,1,2.586,-27.771,-56.572,-0.003,-0.230,-0.011,-0.053,-4.694,-8.580,-3.988,3.988,27.120,36.597
646,1,2.571,-27.899,-56.581,-0.003,-0.230,-0.011,-0.053,-4.694,-8.580,-3.980,3.980,27.124,36.593
647,1,2.554,-28.023,-56.583,-0.003,-0.230,-0.011,-0.167,-4.699,-8.417,-3.965,3.965,27.136,36.581
648,1,2.528,-28.140,-56.565,0.002,-0.212,-0.049,-0.167,-4.699,-8.417,-3.483,3.483,27.867,35.333
649,1,2.507,-28.256,-56.557,0.002,-0.212,-0.049,-0.163,-4.699,-8.398,-3.463,3.463,27.886,35.313
650,1,2.462,-28.335,-56.534,-0.028,-0.142,-0.066,-0.163,-4.699,-8.398,-3.036,3.036,27.383,33.808
651,1,2.420,-28.413,-56.511,-0.028,-0.142,-0.066,-0.153,-4.733,-8.470,-2.977,2.977,27.452,33.739
652,1,2.374,-28.471,-56.492,-0.023,-0.111,-0.079,-0.153,-4.733,-8.470,-2.769,2.769,27.412,32.896
653,1,2.309,-28.542,-56.457,-0.023,-0.111,-0.079,-0.014,-4.699,-8.613,-2.671,2.671,27.529,32.779
654,1,2.213,-28.590,-56.427,-0.110,-0.081,-0.084,-0.014,-4.699,-8.613,-2.020,2.020,27.420,32.036
655,1,2.136,-28.624,-56.409,-0.110,-0.081,-0.084,0.019,-4.728,-8.503,-1.899,1.899,27.567,31.889
656,1,2.121,-28.657,-56.396,-0.012,-0.080,-0.089,0.019,-4.728,-8.503,-2.301,2.301,27.710,31.716
657,1,2.076,-28.700,-56.382,-0.012,-0.080,-0.089,0.196,-4.699,-8.475,-2.230,2.230,27.794,31.631
658,1,2.024,-28.755,-56.369,-0.030,-0.099,-0.085,0.196,-4.699,-8.475,-2.113,2.113,28.057,31.916
659,1,1.970,-28.811,-56.359,-0.030,-0.099,-0.085,0.306,-4.685,-8.379,-2.029,2.029,28.157,31.816
660,1,1.888,-28.874,-56.351,-0.080,-0.108,-0.086,0.306,-4.685,-8.379,-1.635,1.635,28.463,31.754
661,1,1.803,-28.935,-56.342,-0.080,-0.108,-0.086,0.306,-4.699,-8.412,-1.501,1.501,28.625,31.592
662,1,1.752,-28.991,-56.373,-0.059,-0.107,-0.020,0.306,-4.699,-8.412,-2.353,2.353,27.055,33.131
663,1,1.699,-29.051,-56.405,-0.059,-0.107,-0.020,0.230,-4.776,-8.436,-2.270,2.270,27.155,33.032
664,1,1.702,-29.120,-56.478,0.003,-0.130,0.039,0.230,-4.776,-8.436,-3.336,3.336,25.982,34.874
665,1,1.701,-29.191,-56.546,0.003,-0.130,0.039,0.067,-4.871,-8.379,-3.339,3.339,25.976,34.880
666,1,1.747,-29.275,-56.621,0.074,-0.148,0.055,0.067,-4.871,-8.379,-3.973,3.973,25.732,35.641
667,1,1.794,-29.354,-56.698,0.074,-0.148,0.055,0.038,-4.938,-8.274,-4.058,4.058,25.626,35.748
668,1,1.874,-29.423,-56.765,0.137,-0.126,0.044,0.038,-4.938,-8.274,-4.370,4.370,25.426,35.308
669,1,1.952,-29.495,-56.833,0.137,-0.126,0.044,-0.043,-4.986,-8.274,-4.508,4.508,25.255,35.480
670,1,2.006,-29.534,-56.879,0.113,-0.070,0.016,-0.043,-4.986,-8.274,-4.133,4.133,25.039,34.113
671,1,2.065,-29.575,-56.923,0.113,-0.070,0.016,-0.105,-4.900,-8.230,-4.236,4.236,24.912,34.240
672,1,2.095,-29.588,-56.962,0.077,-0.027,0.005,-0.105,-4.900,-8.230,-3.973,3.973,24.490,33.414
673,1,2.126,-29.605,-56.998,0.077,-0.027,0.005,-0.048,-5.005,-8.355,-4.028,4.028,24.423,33.481
674,1,2.126,-29.608,-57.034,0.022,-0.002,0.007,-0.048,-5.005,-8.355,-3.783,3.783,24.019,33.185
675,1,2.129,-29.612,-57.069,0.022,-0.002,0.007,-0.110,-5.082,-8.374,-3.788,3.788,24.013,33.191
676,1,2.125,-29.597,-57.127,-0.003,0.031,0.043,-0.110,-5.082,-8.374,-4.090,4.090,22.674,33.586
677,1,2.125,-29.583,-57.187,-0.003,0.031,0.043,-0.134,-4.948,-8.274,-4.090,4.090,22.674,33.586
678,1,2.127,-29.557,-57.244,-0.000,0.050,0.042,-0.134,-4.948,-8.274,-4.092,4.092,22.429,33.284
679,1,2.127,-29.531,-57.299,-0.000,0.050,0.042,-0.134,-4.823,-8.345,-4.091,4.091,22.432,33.281
680,1,2.104,-29.500,-57.319,-0.014,0.065,-0.011,-0.081,-4.823,-8.345,-3.327,3.327,23.577,31.710
681,1,2.079,-29.467,-57.341,-0.014,0.065,-0.011,-0.081,-4.828,-8.422,-3.282,3.282,23.633,31.654
682,1,2.038,-29.426,-57.334,-0.021,0.081,-0.055,-0.019,-4.828,-8.422,-2.613,2.613,24.613,30.217
683,1,1.993,-29.387,-57.324,-0.021,0.081,-0.055,-0.019,-4.828,-8.532,-2.535,2.535,24.710,30.120
684,1,1.968,-29.348,-57.339,-0.017,0.077,-0.021,0.043,-4.910,-8.532,-2.937,2.937,23.976,30.976
685,1,1.937,-29.310,-57.351,-0.017,0.077,-0.021,0.043,-4.910,-8.460,-2.882,2.882,24.044,30.907
686,1,1.926,-29.279,-57.388,-0.011,0.061,0.015,0.105,-4.828,-8.460,-3.346,3.346,23.394,32.014
687,1,1.912,-29.250,-57.424,-0.011,0.061,0.015,0.105,-4.828,-8.431,-3.319,3.319,23.428,31.980
688,1,1.903,-29.241,-57.455,-0.005,0.043,0.002,0.115,-4.737,-8.431,-3.171,3.171,24.024,31.901
689,1,1.887,-29.220,-57.481,-0.005,0.043,0.002,0.115,-4.737,-8.431,-3.141,3.141,24.061,31.864
690,1,1.885,-29.204,-57.508,0.026,0.022,-0.001,0.100,-4.785,-8.441,-3.252,3.252,24.436,32.068
691,1,1.886,-29.195,-57.532,0.026,0.022,-0.001,0.100,-4.785,-8.441,-3.253,3.253,24.435,32.069
692,1,1.894,-29.185,-57.566,0.035,0.016,0.018,0.120,-4.771,-8.451,-3.553,3.553,24.031,32.655
693,1,1.909,-29.177,-57.605,0.035,0.016,0.018,0.120,-4.771,-8.451,-3.577,3.577,24.002,32.684
694,1,1.916,-29.171,-57.659,0.009,0.016,0.047,0.067,-4.785,-8.436,-3.815,3.815,23.270,33.417
695,1,1.923,-29.162,-57.715,0.009,0.020,0.047,0.067,-4.785,-8.436,-3.824,3.824,23.198,33.367
696,1,1.940,-29.141,-57.790,0.012,0.020,0.076,-0.053,-4.843,-8.360,-4.226,4.226,22.447,34.118
697,1,1.957,-29.120,-57.865,0.012,0.043,0.076,-0.053,-4.843,-8.360,-4.253,4.253,22.096,33.830
698,1,1.976,-29.094,-57.907,0.012,0.043,0.070,-0.048,-4.819,-8.360,-4.216,4.216,22.193,33.732
699,1,2.006,-29.062,-57.977,0.032,0.061,0.070,-0.048,-4.819,-8.360,-4.364,4.364,21.879,33.529
700,1,2.012,-29.029,-58.037,0.032,0.061,0.052,-0.115,-4.876,-8.441,-4.144,4.144,22.324,33.084
701,1,2.014,-28.985,-58.093,-0.001,0.080,0.052,-0.115,-4.876,-8.441,-3.980,3.980,22.051,32.809
702,1,2.011,-28.947,-58.143,-0.001,0.080,0.052,-0.105,-4.795,-8.403,-3.970,3.970,22.064,32.796
703,1,2.008,-28.908,-58.182,0.002,0.078,0.027,-0.105,-4.795,-8.403,-3.658,3.658,22.745,32.176
704,1,1.998,-28.868,-58.213,0.002,0.078,0.027,-0.033,-4.752,-8.455,-3.638,3.638,22.771,32.150
705,1,1.984,-28.824,-58.236,-0.005,0.082,0.000,-0.033,-4.752,-8.455,-3.241,3.241,23.411,31.389
706,1,1.967,-28.783,-58.261,-0.005,0.082,0.000,0.000,-4.723,-8.465,-3.210,3.210,23.450,31.349
707,1,1.947,-28.744,-58.284,-0.017,0.081,0.000,0.000,-4.723,-8.465,-3.114,3.114,23.511,31.319
708,1,1.927,-28.700,-58.316,-0.017,0.081,0.000,-0.010,-4.771,-8.613,-3.078,3.078,23.557,31.273
709,1,1.915,-28.650,-58.359,-0.018,0.091,0.034,-0.010,-4.771,-8.613,-3.474,3.474,22.600,31.956
710,1,1.898,-28.601,-58.418,-0.018,0.091,0.034,-0.067,-4.756,-8.546,-3.443,3.443,22.639,31.917
711,1,1.878,-28.551,-58.495,-0.061,0.096,0.081,-0.067,-4.756,-8.546,-3.779,3.779,21.437,32.966
712,1,1.856,-28.502,-58.564,-0.061,0.096,0.081,-0.067,-4.656,-8.460,-3.739,3.739,21.488,32.916
713,1,1.831,-28.454,-58.632,-0.064,0.088,0.070,-0.067,-4.656,-8.460,-3.544,3.544,21.918,32.699
714,1,1.804,-28.410,-58.689,-0.064,0.088,0.070,-0.072,-4.637,-8.388,-3.497,3.497,21.976,32.640
715,1,1.780,-28.367,-58.736,-0.047,0.082,0.040,-0.072,-4.637,-8.388,-3.167,3.167,22.867,31.933
716,1,1.757,-28.323,-58.778,-0.047,0.082,0.040,-0.067,-4.819,-8.537,-3.127,3.127,22.917,31.883
717,1,1.731,-28.276,-58.814,-0.040,0.093,0.026,-0.067,-4.819,-8.537,-2.927,2.927,23.194,31.301
718,1,1.694,-28.219,-58.858,-0.040,0.093,0.026,-0.129,-4.780,-8.623,-2.863,2.863,23.274,31.221
719,1,1.650,-28.155,-58.906,-0.089,0.121,0.047,-0.129,-4.780,-8.623,-2.807,2.807,22.425,31.248
720,1,1.582,-28.083,-58.960,-0.089,0.121,0.047,-0.163,-4.680,-8.680,-2.692,2.692,22.567,31.107
721,1,1.482,-28.005,-59.005,-0.177,0.148,0.046,-0.163,-4.680,-8.680,-2.077,2.077,22.416,30.497
722,1,1.369,-27.924,-59.046,-0.177,0.148,0.046,-0.211,-4.584,-8.642,-1.889,1.889,22.645,30.267
723,1,1.236,-27.842,-59.082,-0.233,0.152,0.018,-0.211,-4.584,-8.642,-1.043,1.043,23.542,29.248
724,1,1.082,-27.757,-59.105,-0.233,0.152,0.018,-0.120,-4.618,-8.781,-0.792,0.792,23.847,28.943
725,1,0.904,-27.673,-59.114,-0.295,0.161,-0.022,-0.120,-4.618,-8.781,0.311,-0.311,25.088,27.459
726,1,0.677,-27.578,-59.117,-0.295,0.161,-0.022,-0.086,-4.747,-8.872,0.676,-0.676,25.530,27.017
727,1,0.412,-27.476,-59.117,-0.447,0.192,-0.039,-0.086,-4.747,-8.872,2.075,-2.075,26.028,25.637
728,1,0.100,-27.355,-59.118,-0.447,0.192,-0.039,-0.172,-4.857,-8.747,2.572,-2.572,26.627,25.037
729,1,-0.249,-27.218,-59.127,-0.606,0.255,-0.031,-0.172,-4.857,-8.747,3.809,-3.809,26.179,23.690
730,1,-0.609,-27.059,-59.124,-0.606,0.255,-0.031,-0.144,-4.646,-8.470,4.373,-4.373,26.856,23.013
731,1,-0.975,-26.882,-59.117,-0.631,0.327,-0.056,-0.144,-4.646,-8.470,5.383,-5.383,27.140,20.659
732,1,-1.347,-26.689,-59.089,-0.631,0.327,-0.056,0.105,-4.546,-8.498,5.953,-5.953,27.820,19.979
733,1,-1.726,-26.485,-59.039,-0.624,0.381,-0.128,0.105,-4.546,-8.498,7.388,-7.388,29.510,16.737
734,1,-2.029,-26.431,-58.986,-0.624,0.381,-0.128,0.249,-4.374,-8.498,7.850,-7.850,30.061,16.186
735,1,-2.445,-26.221,-58.890,-0.664,0.381,-0.205,0.249,-4.374,-8.498,9.627,-9.627,32.711,13.536
736,1,-2.836,-25.992,-58.752,-0.664,0.381,-0.205,0.603,-4.393,-8.216,10.200,-10.200,33.382,12.864
737,1,-3.144,-25.828,-58.575,-0.415,0.301,-0.334,0.603,-4.393,-8.216,11.031,-11.031,38.296,10.233
738,1,-3.387,-25.633,-58.354,-0.415,0.301,-0.334,1.282,-3.953,-8.259,11.372,-11.372,38.690,9.840
739,1,-3.487,-25.519,-58.025,0.068,0.194,-0.568,1.282,-3.953,-8.259,12.004,-12.004,46.210,5.393
740,1,-3.505,-25.359,-57.647,0.068,0.194,-0.568,1.608,-4.110,-8.508,12.009,-12.009,46.206,5.397
741,1,-3.378,-25.247,-57.186,0.577,0.172,-0.766,1.608,-4.110,-8.508,11.735,-11.735,51.231,1.012
742,1,-3.065,-25.045,-56.729,0.577,0.172,-0.766,0.560,-4.699,-8.513,11.242,-11.242,50.638,1.605
743,1,-2.413,-24.907,-56.502,1.406,0.196,-0.765,0.560,-4.699,-8.513,6.105,-6.105,49.100,2.442
744,1,-1.462,-24.621,-56.121,1.406,0.196,-0.765,0.378,-4.020,-7.561,4.680,-4.680,47.416,4.126
745,1,0.036,-24.570,-55.699,2.965,0.108,-0.687,0.378,-4.020,-7.561,-6.287,6.287,44.150,9.918
746,1,1.887,-24.352,-55.350,2.965,0.108,-0.687,0.033,-2.230,-7.776,-8.989,8.989,40.989,13.080
747,1,3.281,-24.883,-54.766,4.559,-0.030,-0.600,0.033,-2.230,-7.776,-20.155,20.155,38.278,19.717
748,1,5.686,-24.934,-54.403,4.559,-0.030,-0.600,-0.727,-3.388,-9.288,-23.711,23.711,34.093,23.902
749,1,8.454,-25.056,-54.292,5.029,-0.186,-0.214,-0.727,-3.388,-9.288,-34.686,34.686,21.863,40.606
750,1,11.215,-25.180,-54.182,5.029,-0.186,-0.214,-1.364,-4.594,-11.977,-37.082,37.082,17.071,45.398
751,1,13.627,-25.198,-54.460,4.150,-0.134,0.421,-1.364,-4.594,-11.977,-46.067,46.067,-3.619,64.597
752,1,16.033,-25.206,-54.733,4.150,-0.134,0.421,-2.005,-4.378,-12.030,-49.043,49.043,-7.598,68.575
753,1,17.449,-25.077,-55.334,2.181,-0.082,0.992,-2.005,-4.378,-12.030,-48.163,48.163,-24.778,84.264
754,1,18.857,-24.935,-55.927,2.181,-0.082,0.992,-2.397,-3.991,-10.733,-49.202,49.202,-26.855,86.342
755,1,18.985,-24.640,-56.656,-0.160,0.085,1.285,-2.397,-3.991,-10.733,-41.094,41.094,-36.433,91.141
756,1,19.114,-24.346,-57.381,-0.160,0.085,1.285,-2.713,-3.699,-8.972,-41.026,41.026,-36.296,91.004
757,1,18.160,-23.961,-58.066,-2.031,0.262,1.270,-2.713,-3.699,-8.972,-30.534,30.534,-36.554,86.210
758,1,17.215,-23.591,-58.761,-2.031,0.262,1.270,-3.685,-4.488,-9.211,-29.616,29.616,-34.720,84.375
759,1,15.593,-23.049,-59.292,-3.119,0.653,1.091,-3.685,-4.488,-9.211,-19.647,19.647,-32.828,71.314
760,1,13.989,-22.528,-59.840,-3.119,0.653,1.091,-3.819,-4.527,-8.943,-17.226,17.226,-29.939,68.424
761,1,11.810,-21.804,-60.270,-4.073,1.089,0.957,-3.819,-4.527,-8.943,-7.548,7.548,-28.980,55.017
762,1,9.651,-21.101,-60.729,-4.073,1.089,0.957,-2.483,-3.594,-8.144,-4.430,4.430,-25.334,51.371
763,1,6.904,-20.374,-60.985,-4.996,1.223,0.585,-2.483,-3.594,-8.144,8.638,-8.638,-13.595,35.797
764,1,4.184,-19.666,-61.280,-4.996,1.223,0.585,-1.144,-2.952,-7.336,12.289,-12.289,-9.469,31.671
765,1,1.330,-19.014,-61.153,-5.012,1.196,-0.172,-1.144,-2.952,-7.336,25.522,-25.522,13.925,9.038
766,1,-1.498,-18.355,-61.068,-5.012,1.196,-0.172,-0.483,-3.153,-6.938,29.066,-29.066,17.790,5.173
767,1,-3.813,-17.844,-60.594,-3.932,0.912,-0.860,-0.483,-3.153,-6.938,35.075,-35.075,42.066,-10.976
768,1,-6.112,-17.319,-60.143,-3.932,0.912,-0.860,-0.110,-3.388,-6.589,37.776,-37.776,44.907,-13.817
769,1,-7.483,-17.032,-59.514,-2.241,0.441,-1.141,-0.110,-3.388,-6.589,34.414,-34.414,60.298,-15.756
770,1,-8.849,-16.734,-58.898,-2.241,0.441,-1.141,-0.110,-2.651,-6.517,35.951,-35.951,61.870,-17.328
771,1,-8.837,-16.762,-58.123,0.242,-0.173,-1.322,0.378,-2.651,-6.517,25.792,-25.792,75.162,-13.089
772,1,-8.832,-16.787,-57.351,0.242,-0.173,-1.322,0.378,-2.287,-7.288,25.794,-25.794,75.168,-13.094
773,1,-7.502,-17.096,-56.519,2.614,-0.664,-1.355,0.751,-2.287,-7.288,12.851,-12.851,81.482,-5.377
774,1,-6.189,-17.416,-55.698,2.614,-0.664,-1.355,0.751,-2.287,-8.111,11.350,-11.350,79.930,-3.825
775,1,-3.893,-17.987,-54.978,4.318,-1.052,-1.160,0.632,-2.383,-8.111,-2.301,2.301,77.774,9.440
776,1,-1.610,-18.579,-54.282,4.318,-1.052,-1.160,0.632,-2.383,-9.518,-5.073,5.073,74.801,12.412
777,1,1.251,-19.436,-53.895,5.211,-1.479,-0.683,-0.033,-3.010,-9.518,-19.122,19.122,65.000,34.388
778,1,3.623,-19.412,-53.435,5.211,-1.479,-0.683,-0.033,-3.010,-9.518,-22.151,22.151,61.664,37.725
779,1,6.816,-20.297,-53.401,5.725,-1.698,-0.190,-0.660,-3.115,-11.279,-32.588,32.588,47.653,58.005
780,1,10.073,-21.281,-53.436,5.725,-1.698,-0.190,-0.660,-3.115,-11.279,-35.212,35.212,42.405,63.253
781,1,12.850,-22.235,-53.710,4.618,-1.421,0.103,-0.684,-2.723,-12.288,-41.271,41.271,26.331,71.414
782,1,15.503,-22.976,-53.918,4.618,-1.421,0.103,-0.684,-2.723,-12.288,-43.589,43.589,21.693,76.051
783,1,16.957,-23.751,-54.405,2.015,-1.421,0.373,-0.785,-3.173,-12.097,-38.523,38.523,11.981,85.764
784,1,18.180,-24.135,-54.791,2.015,-0.885,0.373,-0.785,-3.173,-12.097,-39.667,39.667,2.039,80.396
785,1,17.990,-24.556,-55.330,-0.948,-0.885,0.568,-1.211,-3.345,-11.245,-27.368,27.368,-2.999,85.434
786,1,17.519,-24.543,-55.706,-0.948,-0.238,0.568,-1.211,-3.345,-11.245,-26.991,26.991,-11.498,75.428
787,1,15.799,-24.660,-55.742,-0.948,-0.238,0.553,-1.464,-3.522,-10.489,-24.988,24.988,-8.508,72.438
788,1,13.882,-24.307,-56.000,-3.422,0.412,0.553,-1.464,-3.522,-10.489,-9.752,9.752,-14.382,59.746
789,1,11.219,-24.015,-56.141,-3.422,0.412,0.361,-1.895,-3.986,-10.049,-3.486,3.486,-5.048,50.412
790,1,8.433,-23.475,-56.272,-4.913,0.819,0.361,-1.895,-3.986,-10.049,8.089,-8.089,-6.006,39.744
791,1,6.375,-22.383,-56.532,-4.913,0.819,0.361,-1.555,-4.158,-9.857,11.248,-11.248,-2.229,35.967
792,1,3.026,-21.766,-56.587,-5.893,1.035,0.142,-1.555,-4.158,-9.857,23.575,-23.575,5.557,22.002
793,1,-0.366,-21.200,-56.575,-5.893,1.035,0.142,-0.522,-3.948,-8.283,28.185,-28.185,10.791,16.768
794,1,-3.801,-20.683,-56.493,-6.022,0.888,-0.214,-0.522,-3.948,-8.283,35.492,-35.492,26.864,4.896
795,1,-6.920,-20.310,-56.280,-6.022,0.888,-0.214,-0.373,-4.407,-6.843,37.712,-37.712,31.304,0.455
796,1,-9.724,-20.079,-55.921,-4.815,0.327,-0.692,-0.373,-4.407,-6.843,45.315,-45.315,55.178,-7.379
797,1,-12.507,-19.837,-55.582,-4.815,0.327,-0.692,0.258,-4.292,-5.292,47.506,-47.506,58.911,-11.112
798,1,-13.879,-19.902,-54.927,-2.176,-0.325,-1.081,0.258,-4.292,-5.292,42.169,-42.169,79.879,-13.453
799,1,-15.248,-19.956,-54.275,-2.176,-0.325,-1.081,0.555,-3.828,-5.259,43.904,-43.904,81.792,-15.366
800,1,-14.705,-20.337,-53.362,1.327,-0.981,-1.348,0.555,-3.828,-5.259,29.227,-29.227,97.401,-12.226
801,1,-14.177,-20.726,-52.455,1.327,-0.981,-1.348,0.828,-3.637,-6.426,28.750,-28.750,96.983,-11.808
802,1,-11.997,-21.562,-51.559,4.244,-1.707,-1.166,0.828,-3.637,-6.426,9.458,-9.458,100.304,5.598
803,1,-9.835,-22.428,-50.696,4.244,-1.707,-1.166,0.766,-4.058,-8.120,6.906,-6.906,97.596,8.305
804,1,-6.561,-23.776,-50.201,6.002,-2.415,-0.522,0.766,-4.058,-8.120,-14.083,14.083,87.045,39.097
805,1,-3.285,-25.141,-49.789,6.002,-2.415,-0.522,0.785,-4.154,-10.202,-18.590,18.590,81.894,44.248
806,1,0.418,-26.723,-50.022,6.307,-2.751,0.379,0.785,-4.154,-10.202,-35.130,35.130,57.604,78.125
807,1,4.153,-28.273,-50.367,6.307,-2.751,0.379,0.919,-4.134,-12.408,-38.829,38.829,50.207,85.522
808,1,7.115,-29.415,-51.171,4.589,-2.143,0.999,0.919,-4.134,-12.408,-47.290,47.290,19.679,98.702
809,1,10.110,-30.505,-52.043,4.589,-2.143,0.999,0.321,-4.402,-11.886,-52.695,52.695,12.890,105.491
810,1,11.011,-30.664,-53.028,0.830,-0.616,1.397,0.321,-4.402,-11.886,-40.446,40.446,-20.840,95.575
811,1,11.912,-30.804,-54.014,0.830,-0.616,1.397,-0.431,-4.374,-10.460,-42.022,42.022,-22.805,97.540
812,1,10.291,-30.027,-54.845,-3.441,1.011,1.496,-0.431,-4.374,-10.460,-18.828,18.828,-44.594,72.853
813,1,8.683,-29.278,-55.694,-3.441,1.011,1.496,-0.431,-4.646,-9.661,-15.870,15.870,-40.858,69.117
814,1,5.467,-27.891,-56.167,-5.944,2.256,1.019,-1.483,-4.646,-9.661,8.219,-8.219,-39.749,32.428
815,1,2.300,-26.543,-56.720,-5.944,2.256,1.019,-1.483,-4.929,-8.451,13.417,-13.417,-33.407,26.086
816,1,-1.424,-25.025,-56.862,-6.625,2.631,0.232,-1.656,-4.929,-8.451,28.344,-28.344,-12.329,-5.705
817,1,-5.082,-23.532,-57.116,-6.625,2.631,0.232,-1.656,-4.929,-6.886,31.296,-31.296,-6.425,-11.610
818,1,-8.268,-22.424,-56.840,-5.473,1.895,-0.693,-1.024,-4.455,-6.886,45.192,-45.192,31.883,-28.886
819,1,-11.405,-21.314,-56.639,-5.473,1.895,-0.693,-1.024,-4.455,-6.001,47.243,-47.243,35.985,-32.988
820,1,-13.201,-20.829,-55.868,-2.805,0.613,-1.449,-0.010,-3.933,-6.001,49.474,-49.474,75.443,-35.801
821,1,-14.716,-20.826,-55.105,-2.805,0.613,-1.449,-0.010,-3.933,-6.001,51.411,-51.411,77.589,-37.947
822,1,-14.918,-20.318,-54.005,0.818,-0.735,-1.758,0.402,-3.775,-5.632,37.158,-37.158,104.417,-26.273
823,1,-14.757,-20.516,-52.883,0.818,-0.735,-1.758,0.402,-3.775,-5.632,37.055,-37.055,104.361,-26.217
824,1,-12.989,-20.791,-51.766,4.258,-1.996,-1.464,0.345,-3.732,-6.245,14.058,-14.058,112.754,1.426
825,1,-10.902,-21.852,-50.782,4.258,-1.996,-1.464,0.345,-3.732,-6.245,11.771,-11.771,110.436,3.744
826,1,-7.612,-22.949,-50.108,6.463,-1.996,-0.584,0.723,-4.221,-8.680,-14.359,14.359,83.952,30.228
827,1,-4.100,-24.534,-49.538,6.463,-2.790,-0.584,0.723,-4.221,-8.680,-19.010,19.010,90.064,46.791
828,1,-0.619,-26.065,-49.753,5.784,-2.790,0.564,2.067,-3.077,-12.025,-35.019,35.019,55.467,81.388
829,1,2.846,-27.485,-50.116,5.784,-2.496,0.564,2.067,-3.077,-12.025,-39.770,39.770,44.688,83.766
830,1,4.885,-28.615,-50.844,5.784,-2.496,1.030,2.144,-3.852,-13.863,-47.741,47.741,28.746,99.709
831,1,6.578,-29.019,-51.571,2.447,-0.877,1.030,2.144,-3.852,-13.863,-35.961,35.961,2.085,80.107
832,1,5.638,-29.329,-52.066,2.447,-0.877,1.304,0.670,-4.910,-12.240,-37.922,37.922,-3.006,85.198
833,1,4.787,-28.369,-52.968,-2.972,1.073,1.304,0.670,-4.910,-12.240,-9.212,9.212,-28.801,55.295
834,1,2.228,-27.254,-53.656,-2.972,1.073,1.304,-0.445,-4.555,-10.283,-4.954,4.954,-23.584,50.077
835,1,-1.464,-25.766,-54.326,-6.940,2.555,1.066,-0.445,-4.555,-10.283,17.989,-17.989,-31.944,16.101
836,1,-5.405,-24.219,-54.820,-6.940,2.555,1.066,-1.048,-4.747,-7.345,21.253,-21.253,-25.416,9.573
837,1,-9.584,-22.607,-55.157,-7.589,2.867,0.150,-1.048,-4.747,-7.345,35.721,-35.721,-0.938,-23.823
838,1,-12.969,-21.313,-55.169,-7.589,2.867,0.150,-0.593,-3.713,-3.890,37.840,-37.840,3.300,-28.061
839,1,-15.582,-20.312,-54.799,-4.465,1.595,-1.059,-0.593,-3.713,-3.890,54.392,-54.392,54.574,-42.994
840,1,-16.687,-19.785,-54.004,-4.465,1.595,-1.059,0.455,-2.718,-4.005,54.902,-54.902,55.594,-44.014
841,1,-16.314,-19.752,-52.755,1.243,-0.461,-2.044,0.455,-2.718,-4.005,40.055,-40.055,109.072,-38.750
842,1,-14.562,-20.280,-51.370,1.243,-0.461,-2.044,0.928,-3.589,-7.245,38.148,-38.148,107.146,-36.825
843,1,-11.451,-21.421,-49.897,6.259,-2.430,-1.960,0.928,-3.589,-7.245,8.525,-8.525,129.575,-3.007
844,1,-7.861,-22.891,-48.996,6.259,-2.430,-1.960,1.699,-3.752,-11.618,4.191,-4.191,124.923,1.645
845,1,-3.756,-24.646,-48.731,7.362,-3.082,-0.170,1.699,-3.752,-11.618,-24.630,24.630,83.338,61.857
846,1,-0.154,-26.248,-49.046,7.362,-3.082,-0.170,3.603,-3.129,-12.815,-27.728,27.728,77.140,68.054
847,1,2.951,-27.658,-49.916,4.822,-2.545,1.276,3.603,-3.129,-12.815,-44.771,44.771,27.335,102.520
848,1,4.962,-28.587,-50.930,4.822,-2.545,1.276,1.125,-4.297,-13.288,-48.169,48.169,23.152,106.703
849,1,5.861,-29.055,-52.029,0.770,-1.056,1.604,1.125,-4.297,-13.288,-33.590,33.590,-8.295,95.600
850,1,5.418,-28.980,-53.142,0.770,-1.056,1.604,-0.904,-5.881,-12.035,-32.845,32.845,-7.378,94.683
851,1,3.631,-28.399,-54.278,-3.982,0.798,1.829,-0.904,-5.881,-12.035,-8.859,8.859,-35.736,70.082
852,1,0.883,-27.453,-55.288,-3.982,0.798,1.829,-1.833,-5.436,-9.331,-4.355,4.355,-30.244,64.590
853,1,-2.801,-26.151,-56.222,-7.167,2.255,1.427,-1.833,-5.436,-9.331,14.713,-14.713,-34.219,26.929
854,1,-6.478,-24.852,-56.855,-7.167,2.255,1.427,-1.828,-4.579,-5.187,17.772,-17.772,-28.102,20.811
855,1,-10.129,-23.524,-57.199,-6.711,2.385,0.195,-1.828,-4.579,-5.187,35.870,-35.870,6.238,-17.242
856,1,-12.655,-22.475,-57.059,-6.711,2.385,0.195,-0.766,-3.316,-4.182,37.486,-37.486,9.470,-20.473
857,1,-14.075,-21.675,-56.391,-2.184,1.153,-1.410,-0.766,-3.316,-4.182,47.424,-47.424,68.700,-44.489
858,1,-14.157,-21.344,-55.328,-2.184,1.153,-1.410,0.215,-2.795,-5.742,47.367,-47.367,68.547,-44.336
859,1,-12.932,-21.508,-53.850,2.945,-0.786,-2.318,0.215,-2.795,-5.742,31.548,-31.548,117.280,-37.676
860,1,-10.867,-22.171,-52.404,2.945,-0.786,-2.318,1.479,-3.302,-9.307,29.090,-29.090,114.660,-35.055
861,1,-7.970,-23.357,-51.021,5.927,-2.380,-1.922,1.479,-3.302,-9.307,5.662,-5.662,123.650,1.487
862,1,-5.611,-23.524,-50.060,5.927,-2.380,-1.922,2.311,-4.785,-12.714,2.380,-2.380,119.878,5.260
863,1,-2.585,-25.016,-49.640,5.586,-2.616,-0.497,2.311,-4.785,-12.714,-17.873,17.873,82.908,48.986
864,1,-0.139,-26.799,-49.804,5.586,-2.616,-0.497,3.900,-3.053,-13.733,-21.496,21.496,78.644,53.250
865,1,1.049,-27.519,-50.364,1.698,-1.307,0.837,3.900,-3.053,-13.733,-20.625,20.625,24.297,70.191
866,1,1.319,-28.559,-51.051,1.698,-1.307,0.837,1.526,-4.326,-11.925,-21.114,21.114,23.683,70.805
867,1,-0.217,-28.276,-51.769,-3.216,0.408,1.125,1.526,-4.326,-11.925,2.372,-2.372,-4.951,50.437
868,1,-2.415,-28.304,-52.540,-3.216,0.408,1.125,-0.718,-5.680,-8.848,5.940,-5.940,-0.614,46.100
869,1,-5.993,-27.312,-53.247,-6.855,1.763,1.062,-0.718,-5.680,-8.848,22.411,-22.411,-11.793,18.564
870,1,-9.401,-26.297,-53.863,-6.855,1.763,1.062,-1.613,-4.938,-4.374,25.276,-25.276,-6.063,12.834
871,1,-12.732,-25.236,-53.854,-6.037,1.941,0.328,-1.613,-4.938,-4.374,36.960,-36.960,14.763,-13.075
872,1,-14.865,-23.746,-54.637,-6.037,1.941,0.328,0.301,-2.651,-2.751,38.055,-38.055,16.955,-15.267
873,1,-15.418,-23.159,-54.134,-0.732,0.812,-1.080,0.301,-2.651,-2.751,38.596,-38.596,68.615,-34.664
874,1,-15.884,-22.537,-53.656,-0.732,0.812,-1.080,1.249,-2.474,-5.776,38.868,-38.868,68.741,-34.791
875,1,-13.989,-22.740,-52.413,4.042,-0.812,-1.886,1.249,-2.474,-5.776,22.653,-22.653,109.392,-29.057
876,1,-12.113,-22.974,-51.178,4.042,-0.812,-1.886,2.402,-4.689,-11.221,20.226,-20.226,106.686,-26.351
877,1,-9.295,-23.707,-50.303,5.484,-1.494,-1.180,2.402,-4.689,-11.221,0.586,-0.586,94.789,5.026
878,1,-6.498,-24.472,-49.464,5.484,-1.494,-1.180,4.087,-3.072,-12.848,-3.180,3.180,90.522,9.293
879,1,-4.690,-25.010,-49.572,3.115,-0.930,0.241,4.087,-3.072,-12.848,-11.627,11.627,44.032,39.681
880,1,-2.890,-25.535,-49.693,3.115,-0.930,0.241,3.091,-3.187,-11.738,-14.230,14.230,40.995,42.719
881,1,-2.992,-25.628,-50.163,-0.456,-0.164,0.741,3.091,-3.187,-11.738,-2.470,2.470,17.735,44.095
882,1,-3.098,-25.716,-50.624,-0.456,-0.164,0.741,0.445,-4.369,-9.408,-2.300,2.300,17.943,43.887
883,1,-4.339,-25.460,-51.146,-2.498,0.453,0.804,0.445,-4.369,-9.408,8.954,-8.954,9.709,34.499
884,1,-5.568,-25.221,-51.678,-2.498,0.453,0.804,-0.565,-5.359,-7.403,10.737,-10.737,11.793,32.415
885,1,-6.895,-24.872,-52.166,-2.659,0.665,0.701,-0.565,-5.359,-7.403,14.703,-14.703,13.508,24.643
886,1,-8.212,-24.539,-52.659,-2.659,0.665,0.701,-0.301,-4.359,-6.828,16.519,-16.519,15.588,22.562
887,1,-8.731,-24.334,-52.879,-1.082,0.408,0.290,-0.301,-4.359,-6.828,14.456,-14.456,30.297,15.189
888,1,-9.240,-24.135,-53.106,-1.082,0.408,0.290,1.258,-3.517,-8.293,15.115,-15.115,31.030,14.455
889,1,-8.700,-24.056,-52.880,1.076,0.094,-0.388,1.258,-3.517,-8.293,11.996,-11.996,51.520,2.944
890,1,-8.166,-23.975,-52.653,1.076,0.094,-0.388,1.369,-3.608,-9.633,11.211,-11.211,50.595,3.869
891,1,-7.401,-23.937,-52.179,1.666,-0.033,-0.769,1.369,-3.608,-9.633,11.925,-11.925,60.656,-2.570
892,1,-6.640,-23.906,-51.712,1.666,-0.033,-0.769,1.062,-4.311,-10.106,10.830,-10.830,59.380,-1.294
893,1,-6.346,-23.925,-51.347,0.782,-0.107,-0.599,1.062,-4.311,-10.106,12.706,-12.706,55.690,4.497
894,1,-6.054,-23.949,-50.992,0.782,-0.107,-0.599,0.971,-4.307,-9.652,12.294,-12.294,55.214,4.973
895,1,-6.325,-23.992,-50.931,-0.412,-0.092,-0.127,0.971,-4.307,-9.652,12.763,-12.763,43.670,16.090
896,1,-6.595,-24.035,-50.871,-0.412,-0.092,-0.127,0.971,-3.608,-8.776,13.162,-13.162,44.138,15.622
897,1,-6.990,-24.067,-50.981,-0.752,-0.040,0.138,0.933,-3.608,-8.776,12.120,-12.120,37.449,20.850
898,1,-7.381,-24.094,-51.091,-0.752,-0.040,0.138,0.933,-3.694,-8.364,12.687,-12.687,38.113,20.187
899,1,-7.512,-24.124,-51.217,-0.310,-0.034,0.157,0.971,-3.694,-8.364,10.447,-10.447,37.801,20.316
900,1,-7.645,-24.151,-51.342,-0.310,-0.034,0.157,0.971,-3.694,-8.341,10.645,-10.645,38.035,20.082
901,1,-7.535,-24.176,-51.437,0.133,-0.031,0.108,1.249,-3.919,-8.341,8.891,-8.891,39.043,18.982
902,1,-7.428,-24.198,-51.531,0.133,-0.031,0.108,1.249,-3.919,-8.159,8.744,-8.744,38.874,19.151
903,1,-7.273,-24.228,-51.577,0.255,-0.048,0.034,1.316,-3.986,-8.159,8.841,-8.841,40.710,17.803
904,1,-7.139,-24.217,-51.616,0.255,-0.048,0.034,1.316,-3.986,-8.159,8.646,-8.646,40.482,18.031
905,1,-6.993,-24.223,-51.610,0.271,0.010,-0.053,1.531,-3.905,-8.307,9.450,-9.450,41.601,15.268
906,1,-6.855,-24.213,-51.604,0.271,0.010,-0.053,1.531,-3.905,-8.307,9.248,-9.248,41.365,15.504
907,1,-6.647,-24.130,-51.575,0.392,0.199,-0.130,1.684,-3.579,-8.360,9.279,-9.279,40.191,11.261
908,1,-6.462,-24.008,-51.529,0.392,0.199,-0.130,1.684,-3.579,-8.360,8.982,-8.982,39.831,11.621
909,1,-6.211,-23.827,-51.511,0.466,0.199,-0.108,1.727,-3.565,-8.326,7.933,-7.933,38.782,12.669
910,1,-5.978,-23.613,-51.484,0.466,0.360,-0.108,1.727,-3.565,-8.326,7.550,-7.550,36.018,10.838
911,1,-5.735,-23.383,-51.555,0.395,0.360,0.058,1.641,-3.326,-8.809,5.444,-5.444,31.409,15.447
912,1,-5.510,-23.132,-51.612,0.395,0.447,0.058,1.641,-3.326,-8.809,5.073,-5.073,29.707,14.652
913,1,-5.347,-22.884,-51.710,0.395,0.447,0.157,1.431,-3.350,-9.231,3.556,-3.556,26.884,17.475
914,1,-5.184,-22.614,-51.849,0.238,0.486,0.157,1.431,-3.350,-9.231,4.065,-4.065,25.989,17.275
915,1,-5.100,-22.394,-51.989,0.238,0.486,0.210,1.263,-3.278,-9.470,3.241,-3.241,24.456,18.808
916,1,-5.077,-22.214,-52.131,0.103,0.381,0.210,1.263,-3.278,-9.470,3.846,-3.846,25.855,20.392
917,1,-4.983,-22.065,-52.303,0.103,0.381,0.210,1.172,-3.340,-9.341,3.691,-3.691,25.663,20.583
918,1,-4.887,-21.968,-52.487,0.093,0.186,0.264,1.172,-3.340,-9.341,2.916,-2.916,26.912,24.905
919,1,-4.739,-21.937,-52.690,0.093,0.186,0.264,1.048,-3.450,-9.685,2.708,-2.708,26.673,25.144
920,1,-4.532,-21.968,-52.916,0.257,-0.036,0.352,1.048,-3.450,-9.685,0.520,-0.520,27.359,30.819
921,1,-4.294,-22.047,-53.162,0.257,-0.036,0.352,0.847,-3.661,-9.776,0.207,-0.207,27.009,31.169
922,1,-4.020,-22.179,-53.431,0.344,-0.213,0.435,0.847,-3.661,-9.776,-1.622,1.622,27.064,36.166
923,1,-3.756,-22.361,-53.723,0.344,-0.213,0.435,0.603,-3.761,-9.317,-1.960,1.960,26.692,36.538
924,1,-3.502,-22.587,-54.031,0.282,-0.379,0.509,0.603,-3.761,-9.317,-2.904,2.904,26.849,41.129
925,1,-3.251,-22.826,-54.340,0.282,-0.379,0.509,0.502,-3.909,-9.101,-3.224,3.224,26.497,41.481
926,1,-3.009,-23.077,-54.643,0.257,-0.431,0.502,0.502,-3.909,-9.101,-3.313,3.313,27.087,42.383
927,1,-2.776,-23.314,-54.930,0.257,-0.431,0.502,0.383,-3.838,-8.699,-3.617,3.617,26.748,42.721
928,1,-2.557,-23.539,-55.201,0.236,-0.389,0.437,0.383,-3.838,-8.699,-2.991,2.991,27.442,40.810
929,1,-2.375,-23.741,-55.444,0.236,-0.389,0.437,0.330,-3.790,-8.585,-3.232,3.232,27.171,41.081
930,1,-2.234,-23.918,-55.668,0.127,-0.315,0.352,0.330,-3.790,-8.585,-1.806,1.806,28.041,38.111
931,1,-2.126,-24.063,-55.862,0.127,-0.315,0.352,0.196,-3.852,-8.738,-1.949,1.949,27.880,38.272
932,1,-2.050,-24.182,-56.027,0.045,-0.214,0.255,0.196,-3.852,-8.738,-0.428,0.428,28.744,34.516
933,1,-1.988,-24.262,-56.180,0.045,-0.214,0.255,0.081,-3.962,-8.924,-0.511,0.511,28.650,34.611
934,1,-1.936,-24.308,-56.314,0.021,-0.088,0.199,0.081,-3.962,-8.924,0.226,-0.226,28.156,31.513
935,1,-1.888,-24.329,-56.452,0.021,-0.088,0.199,0.019,-4.115,-8.781,0.158,-0.158,28.077,31.592
936,1,-1.850,-24.326,-56.585,-0.005,-0.003,0.193,0.019,-4.115,-8.781,0.315,-0.315,26.954,30.281
937,1,-1.820,-24.328,-56.723,-0.005,-0.003,0.193,0.029,-4.091,-8.824,0.272,-0.272,26.903,30.331
938,1,-1.800,-24.335,-56.862,-0.044,-0.014,0.199,0.029,-4.091,-8.824,0.354,-0.354,26.862,30.677
939,1,-1.780,-24.338,-56.989,-0.044,-0.014,0.199,0.014,-4.206,-8.967,0.326,-0.326,26.829,30.710
940,1,-1.767,-24.338,-57.109,-0.048,-0.000,0.164,0.014,-4.206,-8.967,0.768,-0.768,27.488,29.655
941,1,-1.775,-24.336,-57.213,-0.048,-0.000,0.164,-0.029,-4.039,-8.987,0.779,-0.779,27.501,29.642
942,1,-1.808,-24.333,-57.300,-0.105,0.002,0.117,-0.029,-4.039,-8.987,1.700,-1.700,28.698,28.384
943,1,-1.855,-24.335,-57.366,-0.105,0.002,0.117,0.057,-3.957,-8.896,1.769,-1.769,28.778,28.304
944,1,-1.916,-24.336,-57.400,-0.127,-0.007,0.026,0.057,-3.957,-8.896,3.110,-3.110,31.310,26.046
945,1,-1.977,-24.338,-57.437,-0.127,-0.007,0.026,0.057,-3.957,-8.838,3.199,-3.199,31.414,25.942
946,1,-2.039,-24.362,-57.390,-0.071,-0.038,-0.102,0.239,-3.981,-8.838,4.612,-4.612,35.160,23.078
947,1,-2.101,-24.377,-57.346,-0.071,-0.038,-0.102,0.239,-3.981,-8.838,4.704,-4.704,35.268,22.971
948,1,-2.185,-24.404,-57.226,-0.046,-0.063,-0.215,0.345,-3.895,-8.848,6.112,-6.112,38.588,20.350
949,1,-2.261,-24.429,-57.111,-0.046,-0.063,-0.215,0.345,-3.895,-8.848,6.225,-6.225,38.721,20.218
950,1,-2.352,-24.469,-56.972,-0.046,-0.081,-0.266,0.416,-3.929,-8.848,7.002,-7.002,40.421,19.035
951,1,-2.445,-24.506,-56.822,-0.046,-0.081,-0.266,0.416,-3.929,-8.848,7.140,-7.140,40.585,18.871
952,1,-2.541,-24.543,-56.676,-0.060,-0.081,-0.261,0.555,-4.015,-8.886,7.288,-7.288,40.623,18.833
953,1,-2.642,-24.572,-56.527,-0.060,-0.069,-0.261,0.555,-4.015,-8.886,7.438,-7.438,40.633,18.488
954,1,-2.739,-24.599,-56.412,-0.085,-0.069,-0.207,0.579,-4.020,-8.905,7.033,-7.033,39.448,19.673
955,1,-2.833,-24.623,-56.339,-0.085,-0.062,-0.207,0.579,-4.020,-8.905,7.173,-7.173,39.506,19.402
956,1,-2.931,-24.643,-56.247,-0.085,-0.062,-0.147,0.675,-4.063,-8.742,6.573,-6.573,38.187,20.721
957,1,-3.024,-24.655,-56.177,-0.103,-0.036,-0.147,0.675,-4.063,-8.742,6.803,-6.803,37.986,20.192
958,1,-3.080,-24.649,-56.122,-0.103,-0.036,-0.103,0.708,-4.096,-8.742,6.337,-6.337,36.988,21.189
959,1,-3.112,-24.636,-56.078,-0.042,0.001,-0.103,0.708,-4.096,-8.742,6.074,-6.074,36.509,20.604
960,1,-3.145,-24.606,-56.052,-0.042,0.001,-0.103,0.670,-3.933,-8.790,6.120,-6.120,36.560,20.552
961,1,-3.162,-24.549,-56.040,-0.006,0.093,-0.052,0.670,-3.933,-8.790,5.322,-5.322,33.990,20.505
962,1,-3.193,-24.470,-56.051,-0.006,0.093,-0.052,0.641,-3.819,-8.996,5.358,-5.358,34.027,20.468
963,1,-3.234,-24.371,-56.086,-0.082,0.174,0.014,0.641,-3.819,-8.996,4.957,-4.957,31.269,20.913
964,1,-3.305,-24.269,-56.146,-0.082,0.174,0.014,0.531,-3.967,-9.202,5.047,-5.047,31.368,20.813
965,1,-3.402,-24.168,-56.231,-0.217,0.178,0.095,0.531,-3.967,-9.202,4.840,-4.840,29.427,22.633
966,1,-3.512,-24.084,-56.333,-0.217,0.178,0.095,0.421,-4.211,-9.245,4.988,-4.988,29.594,22.466
967,1,-3.638,-24.014,-56.441,-0.287,0.132,0.141,0.421,-4.211,-9.245,4.933,-4.933,29.299,24.070
968,1,-3.776,-23.946,-56.547,-0.287,0.132,0.141,0.388,-4.029,-9.025,5.122,-5.122,29.514,23.855
969,1,-3.925,-23.889,-56.648,-0.328,0.114,0.123,0.388,-4.029,-9.025,5.763,-5.763,30.462,23.424
970,1,-4.096,-23.826,-56.720,-0.328,0.114,0.123,0.469,-3.809,-8.766,5.998,-5.998,30.731,23.155
971,1,-4.281,-23.760,-56.769,-0.357,0.119,0.039,0.469,-3.809,-8.766,7.434,-7.434,33.023,20.711
972,1,-4.474,-23.698,-56.785,-0.357,0.119,0.039,0.560,-3.780,-8.431,7.701,-7.701,33.327,20.407
973,1,-4.677,-23.640,-56.762,-0.340,0.100,-0.071,0.560,-3.780,-8.431,9.279,-9.279,36.689,17.593
974,1,-4.851,-23.599,-56.694,-0.340,0.100,-0.071,0.775,-3.646,-8.345,9.519,-9.519,36.964,17.318
975,1,-4.993,-23.578,-56.581,-0.174,0.025,-0.215,0.775,-3.646,-8.345,10.685,-10.685,41.868,14.575
976,1,-5.073,-23.571,-56.411,-0.174,0.025,-0.215,1.048,-3.646,-8.542,10.797,-10.797,41.998,14.445
977,1,-5.102,-23.578,-56.174,0.123,-0.047,-0.399,1.048,-3.646,-8.542,11.662,-11.662,47.674,10.809
978,1,-5.084,-23.599,-55.902,0.123,-0.047,-0.399,1.397,-3.723,-8.805,11.641,-11.641,47.652,10.831
979,1,-5.029,-23.630,-55.589,0.324,-0.101,-0.520,1.397,-3.723,-8.805,12.066,-12.066,51.356,8.679
980,1,-4.909,-23.664,-55.308,0.324,-0.101,-0.520,1.555,-4.015,-8.838,11.903,-11.903,51.169,8.866
981,1,-4.730,-23.701,-55.061,0.508,-0.101,-0.408,1.555,-4.015,-8.838,9.334,-9.334,48.087,11.947
982,1,-4.485,-23.743,-54.892,0.508,-0.101,-0.408,1.665,-3.201,-8.771,8.992,-8.992,47.693,12.341
983,1,-4.176,-23.789,-54.801,0.633,-0.100,-0.156,1.665,-3.201,-8.771,4.778,-4.778,40.865,19.139
984,1,-3.894,-23.832,-54.765,0.633,-0.100,-0.156,1.507,-3.441,-9.298,4.380,-4.380,40.405,19.599
985,1,-3.635,-23.872,-54.783,0.483,-0.079,0.022,1.507,-3.441,-9.298,2.542,-2.542,35.231,24.164
986,1,-3.405,-23.910,-54.851,0.483,-0.079,0.022,0.995,-3.622,-9.412,2.215,-2.215,34.854,24.541
987,1,-3.204,-23.949,-54.966,0.315,-0.078,0.180,0.995,-3.622,-9.412,0.797,-0.797,30.569,28.796
988,1,-3.003,-24.016,-55.110,0.315,-0.078,0.180,0.469,-3.957,-9.321,0.516,-0.516,30.245,29.120
989,1,-2.844,-24.045,-55.271,0.266,-0.173,0.274,0.469,-3.957,-9.321,-0.638,0.638,28.993,33.081
990,1,-2.626,-24.131,-55.433,0.266,-0.173,0.274,0.163,-3.976,-9.207,-0.944,0.944,28.640,33.433
991,1,-2.347,-24.286,-55.589,0.412,-0.283,0.265,0.163,-3.976,-9.207,-1.958,1.958,29.987,35.252
992,1,-2.076,-24.449,-55.741,0.412,-0.283,0.265,0.033,-3.881,-9.149,-2.339,2.339,29.547,35.692
993,1,-1.818,-24.613,-55.865,0.388,-0.310,0.226,0.033,-3.881,-9.149,-2.090,2.090,30.490,35.510
994,1,-1.588,-24.795,-56.013,0.388,-0.310,0.226,-0.029,-4.077,-8.977,-2.416,2.416,30.112,35.888
995,1,-1.430,-24.911,-56.159,0.196,-0.219,0.224,-0.029,-4.077,-8.977,-1.658,1.658,28.607,34.805
996,1,-1.289,-25.033,-56.316,0.196,-0.219,0.224,-0.273,-4.369,-8.594,-1.860,1.860,28.373,35.040
997,1,-1.218,-25.092,-56.422,0.053,-0.109,0.241,-0.273,-4.369,-8.594,-1.462,1.462,26.244,34.003
998,1,-1.136,-25.150,-56.584,0.053,-0.109,0.241,-0.349,-4.455,-8.393,-1.582,1.582,26.104,34.144
999,1,-1.076,-25.168,-56.754,-0.003,-0.037,0.251,-0.349,-4.455,-8.393,-1.521,1.521,24.715,33.494
1000,1,-1.004,-25.180,-56.928,-0.003,-0.037,0.251,-0.239,-4.378,-8.604,-1.629,1.629,24.587,33.621
1001,1,-0.963,-25.166,-57.056,0.018,0.040,0.192,-0.239,-4.378,-8.604,-1.051,1.051,24.895,31.091
1002,1,-0.902,-25.142,-57.189,0.018,0.040,0.192,-0.249,-3.560,-8.814,-1.143,1.143,24.786,31.200
1003,1,-0.781,-25.045,-57.232,0.187,0.163,0.045,-0.249,-3.560,-8.814,-0.334,0.334,26.495,25.991
1004,1,-0.659,-24.951,-57.277,0.187,0.163,0.045,-0.244,-3.943,-8.652,-0.518,0.518,26.277,26.209
1005,1,-0.433,-24.828,-57.182,0.476,0.208,-0.177,-0.244,-3.943,-8.652,0.470,-0.470,30.778,20.430
1006,1,-0.208,-24.705,-57.082,0.476,0.208,-0.177,-0.225,-4.130,-8.829,0.136,-0.136,30.384,20.824
1007,1,-0.012,-24.636,-56.917,0.476,0.120,-0.288,-0.225,-4.130,-8.829,1.232,-1.232,34.063,19.641
1008,1,0.186,-24.566,-56.749,0.476,0.120,-0.288,-0.081,-4.249,-8.977,0.941,-0.941,33.722,19.982
1009,1,0.204,-24.550,-56.556,0.185,0.029,-0.329,-0.081,-4.249,-8.977,2.888,-2.888,36.038,20.283
1010,1,0.228,-24.536,-56.364,0.185,0.029,-0.329,0.091,-4.149,-8.881,2.854,-2.854,35.998,20.323
1011,1,-0.003,-24.575,-56.160,-0.242,-0.064,-0.347,0.091,-4.149,-8.881,5.554,-5.554,38.171,20.798
1012,1,-0.231,-24.611,-55.952,-0.242,-0.064,-0.347,0.263,-4.010,-8.987,5.890,-5.890,38.566,20.403
1013,1,-0.539,-24.688,-55.768,-0.395,-0.140,-0.320,0.263,-4.010,-8.987,6.765,-6.765,39.487,21.643
1014,1,-0.849,-24.768,-55.580,-0.395,-0.140,-0.320,0.416,-4.134,-8.675,7.224,-7.224,40.028,21.102
1015,1,-1.078,-24.872,-55.412,-0.272,-0.190,-0.287,0.416,-4.134,-8.675,6.536,-6.536,40.322,22.239
1016,1,-1.307,-24.976,-55.246,-0.272,-0.190,-0.287,0.665,-4.192,-8.537,6.880,-6.880,40.729,21.831
1017,1,-1.442,-25.126,-55.081,-0.109,-0.270,-0.275,0.665,-4.192,-8.537,6.128,-6.128,41.828,23.015
1018,1,-1.579,-25.274,-54.918,-0.109,-0.270,-0.275,0.737,-4.072,-8.475,6.341,-6.341,42.084,22.759
1019,1,-1.686,-25.424,-54.719,-0.029,-0.276,-0.327,0.737,-4.072,-8.475,6.765,-6.765,43.686,21.340
1020,1,-1.794,-25.575,-54.521,-0.029,-0.276,-0.327,0.589,-4.005,-8.307,6.937,-6.937,43.895,21.131
1021,1,-1.878,-25.705,-54.293,0.044,-0.247,-0.377,0.589,-4.005,-8.307,7.338,-7.338,44.903,19.301
1022,1,-1.962,-25.838,-54.062,0.044,-0.247,-0.377,0.589,-3.799,-8.350,7.476,-7.476,45.071,19.133
1023,1,-1.977,-25.920,-53.808,0.186,-0.172,-0.423,0.579,-3.799,-8.350,7.364,-7.364,45.173,16.870
1024,1,-1.993,-26.008,-53.556,0.186,-0.172,-0.423,0.579,-4.488,-8.599,7.396,-7.396,45.214,16.829
1025,1,-1.892,-26.046,-53.328,0.377,-0.086,-0.383,0.670,-4.488,-8.599,5.798,-5.798,42.832,16.776
1026,1,-1.793,-26.082,-53.097,0.377,-0.086,-0.383,0.670,-4.488,-8.685,5.650,-5.650,42.657,16.951
1027,1,-1.577,-26.062,-53.032,0.448,0.028,-0.131,0.646,-4.029,-8.685,1.806,-1.806,34.321,22.030
1028,1,-1.369,-26.040,-52.966,0.448,0.028,-0.131,0.646,-4.029,-8.958,1.486,-1.486,33.941,22.411
1029,1,-1.234,-25.970,-53.006,0.236,0.114,0.038,0.708,-3.871,-8.958,0.220,-0.220,28.223,25.663
1030,1,-1.102,-25.901,-53.048,0.236,0.114,0.038,0.708,-3.871,-8.958,0.016,-0.016,27.979,25.908
1031,1,-1.028,-25.847,-53.141,0.071,0.119,0.123,0.359,-4.043,-8.900,-0.327,0.327,25.660,28.074
1032,1,-0.968,-25.775,-53.228,0.071,0.119,0.123,0.359,-4.043,-8.900,-0.421,0.421,25.547,28.187
1033,1,-0.947,-25.736,-53.353,-0.026,0.050,0.183,0.100,-4.264,-8.915,-0.728,0.728,24.979,30.734
1034,1,-0.924,-25.704,-53.476,-0.026,0.050,0.183,0.100,-4.264,-8.915,-0.764,0.764,24.935,30.777
1035,1,-0.855,-25.667,-53.588,0.066,0.050,0.183,0.038,-4.335,-8.857,-1.328,1.328,24.809,30.903
1036,1,-0.776,-25.647,-53.717,0.066,0.031,0.183,0.038,-4.335,-8.857,-1.448,1.448,24.940,31.320
1037,1,-0.707,-25.610,-53.837,0.036,0.031,0.169,-0.024,-4.335,-8.790,-1.231,1.231,25.161,31.099
1038,1,-0.646,-25.558,-53.957,0.036,0.091,0.169,-0.024,-4.335,-8.790,-1.324,1.324,24.198,30.357
1039,1,-0.624,-25.495,-54.071,0.036,0.091,0.154,-0.077,-4.264,-8.623,-1.172,1.172,24.529,30.027
1040,1,-0.626,-25.416,-54.131,-0.047,0.149,0.154,-0.077,-4.264,-8.623,-0.756,0.756,23.692,29.190
1041,1,-0.613,-25.325,-54.231,-0.047,0.149,0.123,-0.100,-4.283,-8.723,-0.378,0.378,24.465,28.417
1042,1,-0.605,-25.223,-54.323,-0.039,0.178,0.123,-0.100,-4.283,-8.723,-0.430,0.430,24.035,28.025
1043,1,-0.589,-25.124,-54.407,-0.039,0.178,0.103,-0.072,-4.221,-8.876,-0.217,0.217,24.482,27.578
1044,1,-0.591,-25.033,-54.481,-0.015,0.181,0.103,-0.072,-4.221,-8.876,-0.338,0.338,24.437,27.532
1045,1,-0.579,-24.939,-54.554,-0.015,0.181,0.103,-0.010,-4.058,-8.924,-0.358,0.358,24.412,27.557
1046,1,-0.574,-24.856,-54.623,-0.030,0.159,0.084,-0.010,-4.058,-8.924,-0.053,0.053,25.200,27.408
1047,1,-0.584,-24.775,-54.680,-0.030,0.159,0.084,0.053,-4.087,-8.953,-0.041,0.041,25.213,27.395
1048,1,-0.608,-24.708,-54.728,-0.068,0.127,0.050,0.053,-4.087,-8.953,0.611,-0.611,26.561,26.960
1049,1,-0.640,-24.653,-54.764,-0.068,0.127,0.050,0.077,-3.866,-8.910,0.658,-0.658,26.615,26.906
1050,1,-0.680,-24.613,-54.792,-0.076,0.074,0.017,0.077,-3.866,-8.910,1.164,-1.164,28.268,26.775
1051,1,-0.707,-24.584,-54.807,-0.076,0.074,0.017,0.220,-3.809,-8.905,1.204,-1.204,28.314,26.729
1052,1,-0.730,-24.561,-54.812,-0.031,0.039,-0.021,0.220,-3.809,-8.905,1.493,-1.493,29.799,26.218
1053,1,-0.740,-24.550,-54.813,-0.031,0.039,-0.021,0.206,-4.072,-8.915,1.507,-1.507,29.815,26.202
1054,1,-0.731,-24.550,-54.818,0.023,0.003,-0.018,0.206,-4.072,-8.915,1.182,-1.182,30.236,26.815
1055,1,-0.700,-24.548,-54.833,0.023,0.003,-0.018,0.153,-4.201,-8.939,1.137,-1.137,30.184,26.867
1056,1,-0.649,-24.544,-54.855,0.084,0.003,0.014,0.153,-4.201,-8.939,0.359,-0.359,29.297,27.755
1057,1,-0.595,-24.535,-54.886,0.084,0.003,0.014,0.139,-3.962,-8.762,0.278,-0.278,29.202,27.849
1058,1,-0.535,-24.517,-54.927,0.086,0.032,0.046,0.139,-3.962,-8.762,-0.220,0.220,27.889,28.341
1059,1,-0.491,-24.499,-54.970,0.086,0.032,0.046,0.139,-3.886,-8.695,-0.285,0.285,27.812,28.417
1060,1,-0.456,-24.478,-55.011,0.040,0.042,0.046,0.139,-3.886,-8.695,-0.107,0.107,27.616,28.340
1061,1,-0.412,-24.447,-55.049,0.040,0.042,0.046,0.062,-4.177,-8.881,-0.172,0.172,27.539,28.417
1062,1,-0.355,-24.417,-55.082,0.086,0.055,0.037,0.062,-4.177,-8.881,-0.378,0.378,27.457,28.104
1063,1,-0.288,-24.391,-55.123,0.086,0.055,0.037,-0.019,-3.996,-8.881,-0.477,0.477,27.341,28.220
1064,1,-0.217,-24.363,-55.163,0.111,0.049,0.051,-0.019,-3.996,-8.881,-0.876,0.876,26.964,28.779
1065,1,-0.120,-24.348,-55.199,0.111,0.049,0.051,0.033,-3.909,-8.498,-1.018,1.018,26.798,28.944
1066,1,-0.011,-24.346,-55.221,0.192,0.005,0.022,0.033,-3.909,-8.498,-1.222,1.222,27.956,29.035
1067,1,0.187,-24.376,-55.187,0.192,0.005,0.022,0.340,-3.627,-8.513,-1.511,1.511,27.617,29.374
1068,1,0.468,-24.434,-55.101,0.571,-0.101,-0.156,0.340,-3.627,-8.513,-1.596,1.596,33.103,26.932
1069,1,0.790,-24.492,-54.942,0.571,-0.101,-0.156,0.651,-3.613,-8.896,-2.069,2.069,32.548,27.486
1070,1,1.157,-24.549,-54.718,0.832,-0.098,-0.371,0.651,-3.613,-8.896,-1.224,1.224,37.248,22.695
1071,1,1.487,-24.605,-54.514,0.832,-0.098,-0.371,0.349,-4.292,-8.929,-1.711,1.711,36.676,23.267
1072,1,1.784,-24.661,-54.335,0.684,-0.094,-0.293,0.349,-4.292,-8.929,-2.384,2.384,34.151,25.670
1073,1,2.082,-24.612,-54.209,0.684,-0.094,-0.293,0.239,-3.900,-8.489,-2.817,2.817,33.644,26.177
1074,1,2.518,-24.710,-54.177,0.828,-0.168,-0.051,0.239,-3.900,-8.489,-7.209,7.209,27.897,34.055
1075,1,3.054,-24.760,-54.167,0.828,-0.168,-0.051,0.014,-3.661,-8.384,-8.004,8.004,26.961,34.991
1076,1,3.759,-24.890,-54.202,1.254,-0.239,0.050,0.014,-3.661,-8.384,-12.457,12.457,24.185,39.776
1077,1,4.488,-25.010,-54.254,1.254,-0.239,0.050,-0.335,-3.651,-9.049,-13.553,13.553,22.885,41.075
1078,1,5.264,-25.162,-54.335,1.351,-0.289,0.127,-0.335,-3.651,-9.049,-16.176,16.176,20.281,45.110
1079,1,5.948,-25.352,-54.451,1.351,-0.289,0.127,-0.770,-4.039,-9.451,-17.234,17.234,19.015,46.376
1080,1,6.485,-25.480,-54.596,0.887,-0.266,0.217,-0.770,-4.039,-9.451,-16.880,16.880,15.437,49.315
1081,1,6.932,-25.646,-54.785,0.887,-0.266,0.217,-1.565,-4.297,-9.656,-17.591,17.591,14.576,50.176
1082,1,7.216,-25.735,-54.961,0.393,-0.209,0.349,-1.565,-4.297,-9.656,-17.221,17.221,9.909,53.199
1083,1,7.406,-25.865,-55.175,0.393,-0.209,0.349,-2.239,-4.766,-10.092,-17.543,17.543,9.510,53.598
1084,1,7.453,-25.873,-55.541,-0.153,-0.110,0.558,-2.239,-4.766,-10.092,-17.495,17.495,2.786,57.492
1085,1,7.369,-25.947,-55.880,-0.153,-0.110,0.558,-2.962,-5.101,-9.891,-17.390,17.390,2.901,57.377
1086,1,7.241,-25.779,-56.455,-0.878,0.039,0.852,-2.962,-5.101,-9.891,-17.202,17.202,-6.272,62.289
1087,1,6.967,-25.686,-57.002,-0.878,0.039,0.852,-3.139,-4.876,-9.092,-16.766,16.766,-5.745,61.761
1088,1,6.469,-25.568,-57.656,-1.365,0.080,1.017,-3.139,-4.876,-9.092,-15.618,15.618,-9.518,64.378
1089,1,5.978,-25.457,-58.311,-1.365,0.080,1.017,-3.000,-4.728,-8.594,-14.858,14.858,-8.607,63.467
1090,1,5.408,-25.352,-58.885,-1.450,0.094,0.888,-3.000,-4.728,-8.594,-11.949,11.949,-4.542,59.006
1091,1,4.849,-25.258,-59.461,-1.450,0.094,0.888,-2.536,-4.685,-7.618,-11.097,11.097,-3.528,57.992
1092,1,4.263,-25.242,-59.845,-1.365,-0.010,0.565,-2.536,-4.685,-7.618,-6.600,6.600,7.077,50.340
1093,1,3.682,-25.232,-60.226,-1.365,-0.010,0.565,-2.536,-4.685,-7.618,-5.733,5.733,8.101,49.316
1093,1,3.682,-25.232,-60.226,-1.365,-0.010,0.565,-2.536,-4.685,-7.618,-5.733,5.733,8.101,49.316
1093,1,3.682,-25.232,-60.226,-1.365,-0.010,0.565,-2.536,-4.685,-7.618,-5.733,5.733,8.101,49.316
1093,1,3.682,-25.232,-60.226,-1.365,-0.010,0.565,-2.536,-4.685,-7.618,-5.733,5.733,8.101,49.316
1093,1,3.682,-25.232,-60.226,-1.365,-0.010,0.565,-2.536,-4.685,-7.618,-5.733,5.733,8.101,49.316
1093,1,3.682,-25.232,-60.226,-1.365,-0.010,0.565,-2.536,-4.685,-7.618,-5.733,5.733,8.101,49.316
1093,1,3.682,-25.232,-60.226,-1.365,-0.010,0.565,-2.536,-4.685,-7.618,-5.733,5.733,8.101,49.316
1093,1,3.682,-25.232,-60.226,-1.365,-0.010,0.565,-2.536,-4.685,-7.618,-5.733,5.733,8.101,49.316
1093,1,3.682,-25.232,-60.226,-1.365,-0.010,0.565,-2.536,-4.685,-7.618,-5.733,5.733,8.101,49.316
1093,1,3.682,-25.232,-60.226,-1.365,-0.010,0.565,-2.536,-4.685,-7.618,-5.733,5.733,8.101,49.316
1093,1,3.682,-25.232,-60.226,-1.365,-0.010,0.565,-2.536,-4.685,-7.618,-5.733,5.733,8.101,49.316
1093,1,3.682,-25.232,-60.226,-1.365,-0.010,0.565,-2.536,-4.685,-7.618,-5.733,5.733,8.101,49.316
1093,1,3.682,-25.232,-60.226,-1.365,-0.010,0.565,-2.536,-4.685,-7.618,-5.733,5.733,8.101,49.316
1093,1,3.682,-25.232,-60.226,-1.365,-0.010,0.565,-2.536,-4.685,-7.618,-5.733,5.733,8.101,49.316
1093,1,3.682,-25.232,-60.226,-1.365,-0.010,0.565,-2.536,-4.685,-7.618,-5.733,5.733,8.101,49.316
1093,1,3.682,-25.232,-60.226,-1.365,-0.010,0.565,-2.536,-4.685,-7.618,-5.733,5.733,8.101,49.316
1093,1,3.682,-25.232,-60.226,-1.365,-0.010,0.565,-2.536,-4.685,-7.618,-5.733,5.733,8.101,49.316
1093,1,3.682,-25.232,-60.226,-1.365,-0.010,0.565,-2.536,-4.685,-7.618,-5.733,5.733,8.101,49.316
1093,1,3.682,-25.232,-60.226,-1.365,-0.010,0.565,-2.536,-4.685,-7.618,-5.733,5.733,8.101,49.316
1093,1,3.682,-25.232,-60.226,-1.365,-0.010,0.565,-2.536,-4.685,-7.618,-5.733,5.733,8.101,49.316
1093,1,3.682,-25.232,-60.226,-1.365,-0.010,0.565,-2.536,-4.685,-7.618,-5.733,5.733,8.101,49.316
1093,1,3.682,-25.232,-60.226,-1.365,-0.010,0.565,-2.536,-4.685,-7.618,-5.733,5.733,8.101,49.316
1093,1,3.682,-25.232,-60.226,-1.365,-0.010,0.565,-2.536,-4.685,-7.618,-5.733,5.733,8.101,49.316
1093,1,3.682,-25.232,-60.226,-1.365,-0.010,0.565,-2.536,-4.685,-7.618,-5.733,5.733,8.101,49.316
1093,1,3.682,-25.232,-60.226,-1.365,-0.010,0.565,-2.536,-4.685,-7.618,-5.733,5.733,8.101,49.316
1093,1,3.682,-25.232,-60.226,-1.365,-0.010,0.565,-2.536,-4.685,-7.618,-5.733,5.733,8.101,49.316
1093,1,3.682,-25.232,-60.226,-1.365,-0.010,0.565,-2.536,-4.685,-7.618,-5.733,5.733,8.101,49.316
1093,1,3.682,-25.232,-60.226,-1.365,-0.010,0.565,-2.536,-4.685,-7.618,-5.733,5.733,8.101,49.316
1093,1,3.682,-25.232,-60.226,-1.365,-0.010,0.565,-2.536,-4.685,-7.618,-5.733,5.733,8.101,49.316
1093,1,3.682,-25.232,-60.226,-1.365,-0.010,0.565,-2.536,-4.685,-7.618,-5.733,5.733,8.101,49.316
1093,1,3.682,-25.232,-60.226,-1.365,-0.010,0.565,-2.536,-4.685,-7.618,-5.733,5.733,8.101,49.316
1093,1,3.682,-25.232,-60.226,-1.365,-0.010,0.565,-2.536,-4.685,-7.618,-5.733,5.733,8.101,49.316
1093,1,3.682,-25.232,-60.226,-1.365,-0.010,0.565,-2.536,-4.685,-7.618,-5.733,5.733,8.101,49.316
1093,1,3.682,-25.232,-60.226,-1.365,-0.010,0.565,-2.536,-4.685,-7.618,-5.733,5.733,8.101,49.316
1093,1,3.682,-25.232,-60.226,-1.365,-0.010,0.565,-2.536,-4.685,-7.618,-5.733,5.733,8.101,49.316
1093,1,3.682,-25.232,-60.226,-1.365,-0.010,0.565,-2.536,-4.685,-7.618,-5.733,5.733,8.101,49.316
1093,1,3.682,-25.232,-60.226,-1.365,-0.010,0.565,-2.536,-4.685,-7.618,-5.733,5.733,8.101,49.316
1093,1,3.682,-25.232,-60.226,-1.365,-0.010,0.565,-2.536,-4.685,-7.618,-5.733,5.733,8.101,49.316
1093,1,3.682,-25.232,-60.226,-1.365,-0.010,0.565,-2.536,-4.685,-7.618,-5.733,5.733,8.101,49.316
1093,1,3.682,-25.232,-60.226,-1.365,-0.010,0.565,-2.536,-4.685,-7.618,-5.733,5.733,8.101,49.316
1093,1,3.682,-25.232,-60.226,-1.365,-0.010,0.565,-2.536,-4.685,-7.618,-5.733,5.733,8.101,49.316
1093,1,3.682,-25.232,-60.226,-1.365,-0.010,0.565,-2.536,-4.685,-7.618,-5.733,5.733,8.101,49.316
1093,1,3.682,-25.232,-60.226,-1.365,-0.010,0.565,-2.536,-4.685,-7.618,-5.733,5.733,8.101,49.316
1093,1,3.682,-25.232,-60.226,-1.365,-0.010,0.565,-2.536,-4.685,-7.618,-5.733,5.733,8.101,49.316
1093,1,3.682,-25.232,-60.226,-1.365,-0.010,0.565,-2.536,-4.685,-7.618,-5.733,5.733,8.101,49.316
1093,1,3.682,-25.232,-60.226,-1.365,-0.010,0.565,-2.536,-4.685,-7.618,-5.733,5.733,8.101,49.316
1093,1,3.682,-25.232,-60.226,-1.365,-0.010,0.565,-2.536,-4.685,-7.618,-5.733,5.733,8.101,49.316
1093,1,3.682,-25.232,-60.226,-1.365,-0.010,0.565,-2.536,-4.685,-7.618,-5.733,5.733,8.101,49.316
1093,1,3.682,-25.232,-60.226,-1.365,-0.010,0.565,-2.536,-4.685,-7.618,-5.733,5.733,8.101,49.316
1093,1,3.682,-25.232,-60.226,-1.365,-0.010,0.565,-2.536,-4.685,-7.618,-5.733,5.733,8.101,49.316
1093,1,3.682,-25.232,-60.226,-1.365,-0.010,0.565,-2.536,-4.685,-7.618,-5.733,5.733,8.101,49.316
1093,1,3.682,-25.232,-60.226,-1.365,-0.010,0.565,-2.536,-4.685,-7.618,-5.733,5.733,8.101,49.316
1093,1,3.682,-25.232,-60.226,-1.365,-0.010,0.565,-2.536,-4.685,-7.618,-5.733,5.733,8.101,49.316
1093,1,3.682,-25.232,-60.226,-1.365,-0.010,0.565,-2.536,-4.685,-7.618,-5.733,5.733,8.101,49.316
1093,1,3.682,-25.232,-60.226,-1.365,-0.010,0.565,-2.536,-4.685,-7.618,-5.733,5.733,8.101,49.316
1093,1,3.682,-25.232,-60.226,-1.365,-0.010,0.565,-2.536,-4.685,-7.618,-5.733,5.733,8.101,49.316
1093,1,3.682,-25.232,-60.226,-1.365,-0.010,0.565,-2.536,-4.685,-7.618,-5.733,5.733,8.101,49.316
1093,1,3.682,-25.232,-60.226,-1.365,-0.010,0.565,-2.536,-4.685,-7.618,-5.733,5.733,8.101,49.316
1093,1,3.682,-25.232,-60.226,-1.365,-0.010,0.565,-2.536,-4.685,-7.618,-5.733,5.733,8.101,49.316
1093,1,3.682,-25.232,-60.226,-1.365,-0.010,0.565,-2.536,-4.685,-7.618,-5.733,5.733,8.101,49.316
1093,1,3.682,-25.232,-60.226,-1.365,-0.010,0.565,-2.536,-4.685,-7.618,-5.733,5.733,8.101,49.316
1093,1,3.682,-25.232,-60.226,-1.365,-0.010,0.565,-2.536,-4.685,-7.618,-5.733,5.733,8.101,49.316
1093,1,3.682,-25.232,-60.226,-1.365,-0.010,0.565,-2.536,-4.685,-7.618,-5.733,5.733,8.101,49.316
1093,1,3.682,-25.232,-60.226,-1.365,-0.010,0.565,-2.536,-4.685,-7.618,-5.733,5.733,8.101,49.316
1093,1,3.682,-25.232,-60.226,-1.365,-0.010,0.565,-2.536,-4.685,-7.618,-5.733,5.733,8.101,49.316
1093,1,3.682,-25.232,-60.226,-1.365,-0.010,0.565,-2.536,-4.685,-7.618,-5.733,5.733,8.101,49.316
1093,1,3.682,-25.232,-60.226,-1.365,-0.010,0.565,-2.536,-4.685,-7.618,-5.733,5.733,8.101,49.316
1093,1,3.682,-25.232,-60.226,-1.365,-0.010,0.565,-2.536,-4.685,-7.618,-5.733,5.733,8.101,49.316
1093,1,3.682,-25.232,-60.226,-1.365,-0.010,0.565,-2.536,-4.685,-7.618,-5.733,5.733,8.101,49.316
1093,1,3.682,-25.232,-60.226,-1.365,-0.010,0.565,-2.536,-4.685,-7.618,-5.733,5.733,8.101,49.316
1093,1,3.682,-25.232,-60.226,-1.365,-0.010,0.565,-2.536,-4.685,-7.618,-5.733,5.733,8.101,49.316
1093,1,3.682,-25.232,-60.226,-1.365,-0.010,0.565,-2.536,-4.685,-7.618,-5.733,5.733,8.101,49.316
1093,1,3.682,-25.232,-60.226,-1.365,-0.010,0.565,-2.536,-4.685,-7.618,-5.733,5.733,8.101,49.316
1093,1,3.682,-25.232,-60.226,-1.365,-0.010,0.565,-2.536,-4.685,-7.618,-5.733,5.733,8.101,49.316
1093,1,3.682,-25.232,-60.226,-1.365,-0.010,0.565,-2.536,-4.685,-7.618,-5.733,5.733,8.101,49.316
1093,1,3.682,-25.232,-60.226,-1.365,-0.010,0.565,-2.536,-4.685,-7.618,-5.733,5.733,8.101,49.316
1093,1,3.682,-25.232,-60.226,-1.365,-0.010,0.565,-2.536,-4.685,-7.618,-5.733,5.733,8.101,49.316
1093,1,3.682,-25.232,-60.226,-1.365,-0.010,0.565,-2.536,-4.685,-7.618,-5.733,5.733,8.101,49.316
1093,1,3.682,-25.232,-60.226,-1.365,-0.010,0.565,-2.536,-4.685,-7.618,-5.733,5.733,8.101,49.316
1093,1,3.682,-25.232,-60.226,-1.365,-0.010,0.565,-2.536,-4.685,-7.618,-5.733,5.733,8.101,49.316
1093,1,3.682,-25.232,-60.226,-1.365,-0.010,0.565,-2.536,-4.685,-7.618,-5.733,5.733,8.101,49.316
1093,1,3.682,-25.232,-60.226,-1.365,-0.010,0.565,-2.536,-4.685,-7.618,-5.733,5.733,8.101,49.316
1093,1,3.682,-25.232,-60.226,-1.365,-0.010,0.565,-2.536,-4.685,-7.618,-5.733,5.733,8.101,49.316
1093,1,3.682,-25.232,-60.226,-1.365,-0.010,0.565,-2.536,-4.685,-7.618,-5.733,5.733,8.101,49.316
1093,1,3.682,-25.232,-60.226,-1.365,-0.010,0.565,-2.536,-4.685,-7.618,-5.733,5.733,8.101,49.316
1093,1,3.682,-25.232,-60.226,-1.365,-0.010,0.565,-2.536,-4.685,-7.618,-5.733,5.733,8.101,49.316
1093,1,3.682,-25.232,-60.226,-1.365,-0.010,0.565,-2.536,-4.685,-7.618,-5.733,5.733,8.101,49.316
1093,1,3.682,-25.232,-60.226,-1.365,-0.010,0.565,-2.536,-4.685,-7.618,-5.733,5.733,8.101,49.316
1093,1,3.682,-25.232,-60.226,-1.365,-0.010,0.565,-2.536,-4.685,-7.618,-5.733,5.733,8.101,49.316
1093,1,3.682,-25.232,-60.226,-1.365,-0.010,0.565,-2.536,-4.685,-7.618,-5.733,5.733,8.101,49.316
1093,1,3.682,-25.232,-60.226,-1.365,-0.010,0.565,-2.536,-4.685,-7.618,-5.733,5.733,8.101,49.316
1093,1,3.682,-25.232,-60.226,-1.365,-0.010,0.565,-2.536,-4.685,-7.618,-5.733,5.733,8.101,49.316
1093,1,3.682,-25.232,-60.226,-1.365,-0.010,0.565,-2.536,-4.685,-7.618,-5.733,5.733,8.101,49.316
1093,1,3.682,-25.232,-60.226,-1.365,-0.010,0.565,-2.536,-4.685,-7.618,-5.733,5.733,8.101,49.316
1093,1,3.682,-25.232,-60.226,-1.365,-0.010,0.565,-2.536,-4.685,-7.618,-5.733,5.733,8.101,49.316
1093,1,3.682,-25.232,-60.226,-1.365,-0.010,0.565,-2.536,-4.685,-7.618,-5.733,5.733,8.101,49.316
1093,1,3.682,-25.232,-60.226,-1.365,-0.010,0.565,-2.536,-4.685,-7.618,-5.733,5.733,8.101,49.316
1093,1,3.682,-25.232,-60.226,-1.365,-0.010,0.565,-2.536,-4.685,-7.618,-5.733,5.733,8.101,49.316
1093,1,3.682,-25.232,-60.226,-1.365,-0.010,0.565,-2.536,-4.685,-7.618,-5.733,5.733,8.101,49.316
1093,1,3.682,-25.232,-60.226,-1.365,-0.010,0.565,-2.536,-4.685,-7.618,-5.733,5.733,8.101,49.316
1093,1,3.682,-25.232,-60.226,-1.365,-0.010,0.565,-2.536,-4.685,-7.618,-5.733,5.733,8.101,49.316
1093,1,3.682,-25.232,-60.226,-1.365,-0.010,0.565,-2.536,-4.685,-7.618,-5.733,5.733,8.101,49.316
1093,1,3.682,-25.232,-60.226,-1.365,-0.010,0.565,-2.536,-4.685,-7.618,-5.733,5.733,8.101,49.316
1093,1,3.682,-25.232,-60.226,-1.365,-0.010,0.565,-2.536,-4.685,-7.618,-5.733,5.733,8.101,49.316
1093,1,3.682,-25.232,-60.226,-1.365,-0.010,0.565,-2.536,-4.685,-7.618,-5.733,5.733,8.101,49.316
1093,1,3.682,-25.232,-60.226,-1.365,-0.010,0.565,-2.536,-4.685,-7.618,-5.733,5.733,8.101,49.316
1093,1,3.682,-25.232,-60.226,-1.365,-0.010,0.565,-2.536,-4.685,-7.618,-5.733,5.733,8.101,49.316
1093,1,3.682,-25.232,-60.226,-1.365,-0.010,0.565,-2.536,-4.685,-7.618,-5.733,5.733,8.101,49.316
1093,1,3.682,-25.232,-60.226,-1.365,-0.010,0.565,-2.536,-4.685,-7.618,-5.733,5.733,8.101,49.316
1093,1,3.682,-25.232,-60.226,-1.365,-0.010,0.565,-2.536,-4.685,-7.618,-5.733,5.733,8.101,49.316
1093,1,3.682,-25.232,-60.226,-1.365,-0.010,0.565,-2.536,-4.685,-7.618,-5.733,5.733,8.101,49.316
1093,1,3.682,-25.232,-60.226,-1.365,-0.010,0.565,-2.536,-4.685,-7.618,-5.733,5.733,8.101,49.316
1093,1,3.682,-25.232,-60.226,-1.365,-0.010,0.565,-2.536,-4.685,-7.618,-5.733,5.733,8.101,49.316
1093,1,3.682,-25.232,-60.226,-1.365,-0.010,0.565,-2.536,-4.685,-7.618,-5.733,5.733,8.101,49.316
1093,1,3.682,-25.232,-60.226,-1.365,-0.010,0.565,-2.536,-4.685,-7.618,-5.733,5.733,8.101,49.316
1093,1,3.682,-25.232,-60.226,-1.365,-0.010,0.565,-2.536,-4.685,-7.618,-5.733,5.733,8.101,49.316
1093,1,3.682,-25.232,-60.226,-1.365,-0.010,0.565,-2.536,-4.685,-7.618,-5.733,5.733,8.101,49.316
1093,1,3.682,-25.232,-60.226,-1.365,-0.010,0.565,-2.536,-4.685,-7.618,-5.733,5.733,8.101,49.316
1093,1,3.682,-25.232,-60.226,-1.365,-0.010,0.565,-2.536,-4.685,-7.618,-5.733,5.733,8.101,49.316
1093,1,3.682,-25.232,-60.226,-1.365,-0.010,0.565,-2.536,-4.685,-7.618,-5.733,5.733,8.101,49.316
1093,1,3.682,-25.232,-60.226,-1.365,-0.010,0.565,-2.536,-4.685,-7.618,-5.733,5.733,8.101,49.316
1093,1,3.682,-25.232,-60.226,-1.365,-0.010,0.565,-2.536,-4.685,-7.618,-5.733,5.733,8.101,49.316
1093,1,3.682,-25.232,-60.226,-1.365,-0.010,0.565,-2.536,-4.685,-7.618,-5.733,5.733,8.101,49.316
1093,1,3.682,-25.232,-60.226,-1.365,-0.010,0.565,-2.536,-4.685,-7.618,-5.733,5.733,8.101,49.316
1093,1,3.682,-25.232,-60.226,-1.365,-0.010,0.565,-2.536,-4.685,-7.618,-5.733,5.733,8.101,49.316
1093,1,3.682,-25.232,-60.226,-1.365,-0.010,0.565,-2.536,-4.685,-7.618,-5.733,5.733,8.101,49.316
1093,1,3.682,-25.232,-60.226,-1.365,-0.010,0.565,-2.536,-4.685,-7.618,-5.733,5.733,8.101,49.316
1093,1,3.682,-25.232,-60.226,-1.365,-0.010,0.565,-2.536,-4.685,-7.618,-5.733,5.733,8.101,49.316
1093,1,3.682,-25.232,-60.226,-1.365,-0.010,0.565,-2.536,-4.685,-7.618,-5.733,5.733,8.101,49.316
1093,1,3.682,-25.232,-60.226,-1.365,-0.010,0.565,-2.536,-4.685,-7.618,-5.733,5.733,8.101,49.316
1093,1,3.682,-25.232,-60.226,-1.365,-0.010,0.565,-2.536,-4.685,-7.618,-5.733,5.733,8.101,49.316
1093,1,3.682,-25.232,-60.226,-1.365,-0.010,0.565,-2.536,-4.685,-7.618,-5.733,5.733,8.101,49.316
1093,1,3.682,-25.232,-60.226,-1.365,-0.010,0.565,-2.536,-4.685,-7.618,-5.733,5.733,8.101,49.316
1093,1,3.682,-25.232,-60.226,-1.365,-0.010,0.565,-2.536,-4.685,-7.618,-5.733,5.733,8.101,49.316
1093,1,3.682,-25.232,-60.226,-1.365,-0.010,0.565,-2.536,-4.685,-7.618,-5.733,5.733,8.101,49.316
1093,1,3.682,-25.232,-60.226,-1.365,-0.010,0.565,-2.536,-4.685,-7.618,-5.733,5.733,8.101,49.316
1093,1,3.682,-25.232,-60.226,-1.365,-0.010,0.565,-2.536,-4.685,-7.618,-5.733,5.733,8.101,49.316
1093,1,3.682,-25.232,-60.226,-1.365,-0.010,0.565,-2.536,-4.685,-7.618,-5.733,5.733,8.101,49.316
1093,1,3.682,-25.232,-60.226,-1.365,-0.010,0.565,-2.536,-4.685,-7.618,-5.733,5.733,8.101,49.316
1093,1,3.682,-25.232,-60.226,-1.365,-0.010,0.565,-2.536,-4.685,-7.618,-5.733,5.733,8.101,49.316
1093,1,3.682,-25.232,-60.226,-1.365,-0.010,0.565,-2.536,-4.685,-7.618,-5.733,5.733,8.101,49.316
1093,1,3.682,-25.232,-60.226,-1.365,-0.010,0.565,-2.536,-4.685,-7.618,-5.733,5.733,8.101,49.316
1093,1,3.682,-25.232,-60.226,-1.365,-0.010,0.565,-2.536,-4.685,-7.618,-5.733,5.733,8.101,49.316
1093,1,3.682,-25.232,-60.226,-1.365,-0.010,0.565,-2.536,-4.685,-7.618,-5.733,5.733,8.101,49.316
1093,1,3.682,-25.232,-60.226,-1.365,-0.010,0.565,-2.536,-4.685,-7.618,-5.733,5.733,8.101,49.316
1093,1,3.682,-25.232,-60.226,-1.365,-0.010,0.565,-2.536,-4.685,-7.618,-5.733,5.733,8.101,49.316
1093,1,3.682,-25.232,-60.226,-1.365,-0.010,0.565,-2.536,-4.685,-7.618,-5.733,5.733,8.101,49.316
1093,1,3.682,-25.232,-60.226,-1.365,-0.010,0.565,-2.536,-4.685,-7.618,-5.733,5.733,8.101,49.316
1093,1,3.682,-25.232,-60.226,-1.365,-0.010,0.565,-2.536,-4.685,-7.618,-5.733,5.733,8.101,49.316
1093,1,3.682,-25.232,-60.226,-1.365,-0.010,0.565,-2.536,-4.685,-7.618,-5.733,5.733,8.101,49.316
1093,1,3.682,-25.232,-60.226,-1.365,-0.010,0.565,-2.536,-4.685,-7.618,-5.733,5.733,8.101,49.316
1093,1,3.682,-25.232,-60.226,-1.365,-0.010,0.565,-2.536,-4.685,-7.618,-5.733,5.733,8.101,49.316
1093,1,3.682,-25.232,-60.226,-1.365,-0.010,0.565,-2.536,-4.685,-7.618,-5.733,5.733,8.101,49.316
1093,1,3.682,-25.232,-60.226,-1.365,-0.010,0.565,-2.536,-4.685,-7.618,-5.733,5.733,8.101,49.316
1093,1,3.682,-25.232,-60.226,-1.365,-0.010,0.565,-2.536,-4.685,-7.618,-5.733,5.733,8.101,49.316
1093,1,3.682,-25.232,-60.226,-1.365,-0.010,0.565,-2.536,-4.685,-7.618,-5.733,5.733,8.101,49.316
1093,1,3.682,-25.232,-60.226,-1.365,-0.010,0.565,-2.536,-4.685,-7.618,-5.733,5.733,8.101,49.316
1093,1,3.682,-25.232,-60.226,-1.365,-0.010,0.565,-2.536,-4.685,-7.618,-5.733,5.733,8.101,49.316
1093,1,3.682,-25.232,-60.226,-1.365,-0.010,0.565,-2.536,-4.685,-7.618,-5.733,5.733,8.101,49.316
1093,1,3.682,-25.232,-60.226,-1.365,-0.010,0.565,-2.536,-4.685,-7.618,-5.733,5.733,8.101,49.316
1093,1,3.682,-25.232,-60.226,-1.365,-0.010,0.565,-2.536,-4.685,-7.618,-5.733,5.733,8.101,49.316
1093,1,3.682,-25.232,-60.226,-1.365,-0.010,0.565,-2.536,-4.685,-7.618,-5.733,5.733,8.101,49.316
1093,1,3.682,-25.232,-60.226,-1.365,-0.010,0.565,-2.536,-4.685,-7.618,-5.733,5.733,8.101,49.316
1093,1,3.682,-25.232,-60.226,-1.365,-0.010,0.565,-2.536,-4.685,-7.618,-5.733,5.733,8.101,49.316
1093,1,3.682,-25.232,-60.226,-1.365,-0.010,0.565,-2.536,-4.685,-7.618,-5.733,5.733,8.101,49.316
1093,1,3.682,-25.232,-60.226,-1.365,-0.010,0.565,-2.536,-4.685,-7.618,-5.733,5.733,8.101,49.316
1093,1,3.682,-25.232,-60.226,-1.365,-0.010,0.565,-2.536,-4.685,-7.618,-5.733,5.733,8.101,49.316
1093,1,3.682,-25.232,-60.226,-1.365,-0.010,0.565,-2.536,-4.685,-7.618,-5.733,5.733,8.101,49.316
1093,1,3.682,-25.232,-60.226,-1.365,-0.010,0.565,-2.536,-4.685,-7.618,-5.733,5.733,8.101,49.316
1093,1,3.682,-25.232,-60.226,-1.365,-0.010,0.565,-2.536,-4.685,-7.618,-5.733,5.733,8.101,49.316
1093,1,3.682,-25.232,-60.226,-1.365,-0.010,0.565,-2.536,-4.685,-7.618,-5.733,5.733,8.101,49.316
1093,1,3.682,-25.232,-60.226,-1.365,-0.010,0.565,-2.536,-4.685,-7.618,-5.733,5.733,8.101,49.316
1093,1,3.682,-25.232,-60.226,-1.365,-0.010,0.565,-2.536,-4.685,-7.618,-5.733,5.733,8.101,49.316
1093,1,3.682,-25.232,-60.226,-1.365,-0.010,0.565,-2.536,-4.685,-7.618,-5.733,5.733,8.101,49.316
1093,1,3.682,-25.232,-60.226,-1.365,-0.010,0.565,-2.536,-4.685,-7.618,-5.733,5.733,8.101,49.316
1093,1,3.682,-25.232,-60.226,-1.365,-0.010,0.565,-2.536,-4.685,-7.618,-5.733,5.733,8.101,49.316
1093,1,3.682,-25.232,-60.226,-1.365,-0.010,0.565,-2.536,-4.685,-7.618,-5.733,5.733,8.101,49.316
1093,1,3.682,-25.232,-60.226,-1.365,-0.010,0.565,-2.536,-4.685,-7.618,-5.733,5.733,8.101,49.316
1093,1,3.682,-25.232,-60.226,-1.365,-0.010,0.565,-2.536,-4.685,-7.618,-5.733,5.733,8.101,49.316
1093,1,3.682,-25.232,-60.226,-1.365,-0.010,0.565,-2.536,-4.685,-7.618,-5.733,5.733,8.101,49.316
1093,1,3.682,-25.232,-60.226,-1.365,-0.010,0.565,-2.536,-4.685,-7.618,-5.733,5.733,8.101,49.316
1093,1,3.682,-25.232,-60.226,-1.365,-0.010,0.565,-2.536,-4.685,-7.618,-5.733,5.733,8.101,49.316
1093,1,3.682,-25.232,-60.226,-1.365,-0.010,0.565,-2.536,-4.685,-7.618,-5.733,5.733,8.101,49.316
1093,1,3.682,-25.232,-60.226,-1.365,-0.010,0.565,-2.536,-4.685,-7.618,-5.733,5.733,8.101,49.316
1093,1,3.682,-25.232,-60.226,-1.365,-0.010,0.565,-2.536,-4.685,-7.618,-5.733,5.733,8.101,49.316
1093,1,3.682,-25.232,-60.226,-1.365,-0.010,0.565,-2.536,-4.685,-7.618,-5.733,5.733,8.101,49.316
1093,1,3.682,-25.232,-60.226,-1.365,-0.010,0.565,-2.536,-4.685,-7.618,-5.733,5.733,8.101,49.316
1093,1,3.682,-25.232,-60.226,-1.365,-0.010,0.565,-2.536,-4.685,-7.618,-5.733,5.733,8.101,49.316
1093,1,3.682,-25.232,-60.226,-1.365,-0.010,0.565,-2.536,-4.685,-7.618,-5.733,5.733,8.101,49.316
1093,1,3.682,-25.232,-60.226,-1.365,-0.010,0.565,-2.536,-4.685,-7.618,-5.733,5.733,8.101,49.316
1093,1,3.682,-25.232,-60.226,-1.365,-0.010,0.565,-2.536,-4.685,-7.618,-5.733,5.733,8.101,49.316
1093,1,3.682,-25.232,-60.226,-1.365,-0.010,0.565,-2.536,-4.685,-7.618,-5.733,5.733,8.101,49.316
1093,1,3.682,-25.232,-60.226,-1.365,-0.010,0.565,-2.536,-4.685,-7.618,-5.733,5.733,8.101,49.316
1093,1,3.682,-25.232,-60.226,-1.365,-0.010,0.565,-2.536,-4.685,-7.618,-5.733,5.733,8.101,49.316
1093,1,3.682,-25.232,-60.226,-1.365,-0.010,0.565,-2.536,-4.685,-7.618,-5.733,5.733,8.101,49.316
1093,1,3.682,-25.232,-60.226,-1.365,-0.010,0.565,-2.536,-4.685,-7.618,-5.733,5.733,8.101,49.316
1093,1,3.682,-25.232,-60.226,-1.365,-0.010,0.565,-2.536,-4.685,-7.618,-5.733,5.733,8.101,49.316
1093,1,3.682,-25.232,-60.226,-1.365,-0.010,0.565,-2.536,-4.685,-7.618,-5.733,5.733,8.101,49.316
1093,1,3.682,-25.232,-60.226,-1.365,-0.010,0.565,-2.536,-4.685,-7.618,-5.733,5.733,8.101,49.316
1093,1,3.682,-25.232,-60.226,-1.365,-0.010,0.565,-2.536,-4.685,-7.618,-5.733,5.733,8.101,49.316
1093,1,3.682,-25.232,-60.226,-1.365,-0.010,0.565,-2.536,-4.685,-7.618,-5.733,5.733,8.101,49.316
1093,1,3.682,-25.232,-60.226,-1.365,-0.010,0.565,-2.536,-4.685,-7.618,-5.733,5.733,8.101,49.316
1093,1,3.682,-25.232,-60.226,-1.365,-0.010,0.565,-2.536,-4.685,-7.618,-5.733,5.733,8.101,49.316
1093,1,3.682,-25.232,-60.226,-1.365,-0.010,0.565,-2.536,-4.685,-7.618,-5.733,5.733,8.101,49.316
1093,1,3.682,-25.232,-60.226,-1.365,-0.010,0.565,-2.536,-4.685,-7.618,-5.733,5.733,8.101,49.316
1093,1,3.682,-25.232,-60.226,-1.365,-0.010,0.565,-2.536,-4.685,-7.618,-5.733,5.733,8.101,49.316
1093,1,3.682,-25.232,-60.226,-1.365,-0.010,0.565,-2.536,-4.685,-7.618,-5.733,5.733,8.101,49.316
1093,1,3.682,-25.232,-60.226,-1.365,-0.010,0.565,-2.536,-4.685,-7.618,-5.733,5.733,8.101,49.316
1093,1,3.682,-25.232,-60.226,-1.365,-0.010,0.565,-2.536,-4.685,-7.618,-5.733,5.733,8.101,49.316
1093,1,3.682,-25.232,-60.226,-1.365,-0.010,0.565,-2.536,-4.685,-7.618,-5.733,5.733,8.101,49.316
1093,1,3.682,-25.232,-60.226,-1.365,-0.010,0.565,-2.536,-4.685,-7.618,-5.733,5.733,8.101,49.316
1093,1,3.682,-25.232,-60.226,-1.365,-0.010,0.565,-2.536,-4.685,-7.618,-5.733,5.733,8.101,49.316
1093,1,3.682,-25.232,-60.226,-1.365,-0.010,0.565,-2.536,-4.685,-7.618,-5.733,5.733,8.101,49.316
1093,1,3.682,-25.232,-60.226,-1.365,-0.010,0.565,-2.536,-4.685,-7.618,-5.733,5.733,8.101,49.316
1093,1,3.682,-25.232,-60.226,-1.365,-0.010,0.565,-2.536,-4.685,-7.618,-5.733,5.733,8.101,49.316
1093,1,3.682,-25.232,-60.226,-1.365,-0.010,0.565,-2.536,-4.685,-7.618,-5.733,5.733,8.101,49.316
1093,1,3.682,-25.232,-60.226,-1.365,-0.010,0.565,-2.536,-4.685,-7.618,-5.733,5.733,8.101,49.316
1093,1,3.682,-25.232,-60.226,-1.365,-0.010,0.565,-2.536,-4.685,-7.618,-5.733,5.733,8.101,49.316
1093,1,3.682,-25.232,-60.226,-1.365,-0.010,0.565,-2.536,-4.685,-7.618,-5.733,5.733,8.101,49.316
1093,1,3.682,-25.232,-60.226,-1.365,-0.010,0.565,-2.536,-4.685,-7.618,-5.733,5.733,8.101,49.316
1093,1,3.682,-25.232,-60.226,-1.365,-0.010,0.565,-2.536,-4.685,-7.618,-5.733,5.733,8.101,49.316
1093,1,3.682,-25.232,-60.226,-1.365,-0.010,0.565,-2.536,-4.685,-7.618,-5.733,5.733,8.101,49.316
1093,1,3.682,-25.232,-60.226,-1.365,-0.010,0.565,-2.536,-4.685,-7.618,-5.733,5.733,8.101,49.316
1093,1,3.682,-25.232,-60.226,-1.365,-0.010,0.565,-2.536,-4.685,-7.618,-5.733,5.733,8.101,49.316
1093,1,3.682,-25.232,-60.226,-1.365,-0.010,0.565,-2.536,-4.685,-7.618,-5.733,5.733,8.101,49.316
1093,1,3.682,-25.232,-60.226,-1.365,-0.010,0.565,-2.536,-4.685,-7.618,-5.733,5.733,8.101,49.316
1093,1,3.682,-25.232,-60.226,-1.365,-0.010,0.565,-2.536,-4.685,-7.618,-5.733,5.733,8.101,49.316
1093,1,3.682,-25.232,-60.226,-1.365,-0.010,0.565,-2.536,-4.685,-7.618,-5.733,5.733,8.101,49.316
1093,1,3.682,-25.232,-60.226,-1.365,-0.010,0.565,-2.536,-4.685,-7.618,-5.733,5.733,8.101,49.316
1093,1,3.682,-25.232,-60.226,-1.365,-0.010,0.565,-2.536,-4.685,-7.618,-5.733,5.733,8.101,49.316
1093,1,3.682,-25.232,-60.226,-1.365,-0.010,0.565,-2.536,-4.685,-7.618,-5.733,5.733,8.101,49.316
1093,1,3.682,-25.232,-60.226,-1.365,-0.010,0.565,-2.536,-4.685,-7.618,-5.733,5.733,8.101,49.316
1093,1,3.682,-25.232,-60.226,-1.365,-0.010,0.565,-2.536,-4.685,-7.618,-5.733,5.733,8.101,49.316
1093,1,3.682,-25.232,-60.226,-1.365,-0.010,0.565,-2.536,-4.685,-7.618,-5.733,5.733,8.101,49.316
1093,1,3.682,-25.232,-60.226,-1.365,-0.010,0.565,-2.536,-4.685,-7.618,-5.733,5.733,8.101,49.316
1093,1,3.682,-25.232,-60.226,-1.365,-0.010,0.565,-2.536,-4.685,-7.618,-5.733,5.733,8.101,49.316
1093,1,3.682,-25.232,-60.226,-1.365,-0.010,0.565,-2.536,-4.685,-7.618,-5.733,5.733,8.101,49.316
1093,1,3.682,-25.232,-60.226,-1.365,-0.010,0.565,-2.536,-4.685,-7.618,-5.733,5.733,8.101,49.316
1093,1,3.682,-25.232,-60.226,-1.365,-0.010,0.565,-2.536,-4.685,-7.618,-5.733,5.733,8.101,49.316
1093,1,3.682,-25.232,-60.226,-1.365,-0.010,0.565,-2.536,-4.685,-7.618,-5.733,5.733,8.101,49.316
1093,1,3.682,-25.232,-60.226,-1.365,-0.010,0.565,-2.536,-4.685,-7.618,-5.733,5.733,8.101,49.316
1093,1,3.682,-25.232,-60.226,-1.365,-0.010,0.565,-2.536,-4.685,-7.618,-5.733,5.733,8.101,49.316
1093,1,3.682,-25.232,-60.226,-1.365,-0.010,0.565,-2.536,-4.685,-7.618,-5.733,5.733,8.101,49.316
1093,1,3.682,-25.232,-60.226,-1.365,-0.010,0.565,-2.536,-4.685,-7.618,-5.733,5.733,8.101,49.316
1093,1,3.682,-25.232,-60.226,-1.365,-0.010,0.565,-2.536,-4.685,-7.618,-5.733,5.733,8.101,49.316
1093,1,3.682,-25.232,-60.226,-1.365,-0.010,0.565,-2.536,-4.685,-7.618,-5.733,5.733,8.101,49.316
1093,1,3.682,-25.232,-60.226,-1.365,-0.010,0.565,-2.536,-4.685,-7.618,-5.733,5.733,8.101,49.316
1093,1,3.682,-25.232,-60.226,-1.365,-0.010,0.565,-2.536,-4.685,-7.618,-5.733,5.733,8.101,49.316
1093,1,3.682,-25.232,-60.226,-1.365,-0.010,0.565,-2.536,-4.685,-7.618,-5.733,5.733,8.101,49.316
1093,1,3.682,-25.232,-60.226,-1.365,-0.010,0.565,-2.536,-4.685,-7.618,-5.733,5.733,8.101,49.316
1093,1,3.682,-25.232,-60.226,-1.365,-0.010,0.565,-2.536,-4.685,-7.618,-5.733,5.733,8.101,49.316
1093,1,3.682,-25.232,-60.226,-1.365,-0.010,0.565,-2.536,-4.685,-7.618,-5.733,5.733,8.101,49.316
1093,1,3.682,-25.232,-60.226,-1.365,-0.010,0.565,-2.536,-4.685,-7.618,-5.733,5.733,8.101,49.316
1093,1,3.682,-25.232,-60.226,-1.365,-0.010,0.565,-2.536,-4.685,-7.618,-5.733,5.733,8.101,49.316
1093,1,3.682,-25.232,-60.226,-1.365,-0.010,0.565,-2.536,-4.685,-7.618,-5.733,5.733,8.101,49.316
1093,1,3.682,-25.232,-60.226,-1.365,-0.010,0.565,-2.536,-4.685,-7.618,-5.733,5.733,8.101,49.316
1093,1,3.682,-25.232,-60.226,-1.365,-0.010,0.565,-2.536,-4.685,-7.618,-5.733,5.733,8.101,49.316
1093,1,3.682,-25.232,-60.226,-1.365,-0.010,0.565,-2.536,-4.685,-7.618,-5.733,5.733,8.101,49.316
1093,1,3.682,-25.232,-60.226,-1.365,-0.010,0.565,-2.536,-4.685,-7.618,-5.733,5.733,8.101,49.316
1093,1,3.682,-25.232,-60.226,-1.365,-0.010,0.565,-2.536,-4.685,-7.618,-5.733,5.733,8.101,49.316
1093,1,3.682,-25.232,-60.226,-1.365,-0.010,0.565,-2.536,-4.685,-7.618,-5.733,5.733,8.101,49.316
1093,1,3.682,-25.232,-60.226,-1.365,-0.010,0.565,-2.536,-4.685,-7.618,-5.733,5.733,8.101,49.316
1093,1,3.682,-25.232,-60.226,-1.365,-0.010,0.565,-2.536,-4.685,-7.618,-5.733,5.733,8.101,49.316
1093,1,3.682,-25.232,-60.226,-1.365,-0.010,0.565,-2.536,-4.685,-7.618,-5.733,5.733,8.101,49.316
1093,1,3.682,-25.232,-60.226,-1.365,-0.010,0.565,-2.536,-4.685,-7.618,-5.733,5.733,8.101,49.316
1093,1,3.682,-25.232,-60.226,-1.365,-0.010,0.565,-2.536,-4.685,-7.618,-5.733,5.733,8.101,49.316
1093,1,3.682,-25.232,-60.226,-1.365,-0.010,0.565,-2.536,-4.685,-7.618,-5.733,5.733,8.101,49.316
1093,1,3.682,-25.232,-60.226,-1.365,-0.010,0.565,-2.536,-4.685,-7.618,-5.733,5.733,8.101,49.316
1093,1,3.682,-25.232,-60.226,-1.365,-0.010,0.565,-2.536,-4.685,-7.618,-5.733,5.733,8.101,49.316
1093,1,3.682,-25.232,-60.226,-1.365,-0.010,0.565,-2.536,-4.685,-7.618,-5.733,5.733,8.101,49.316
1093,1,3.682,-25.232,-60.226,-1.365,-0.010,0.565,-2.536,-4.685,-7.618,-5.733,5.733,8.101,49.316
1093,1,3.682,-25.232,-60.226,-1.365,-0.010,0.565,-2.536,-4.685,-7.618,-5.733,5.733,8.101,49.316
1093,1,3.682,-25.232,-60.226,-1.365,-0.010,0.565,-2.536,-4.685,-7.618,-5.733,5.733,8.101,49.316
1093,1,3.682,-25.232,-60.226,-1.365,-0.010,0.565,-2.536,-4.685,-7.618,-5.733,5.733,8.101,49.316
1093,1,3.682,-25.232,-60.226,-1.365,-0.010,0.565,-2.536,-4.685,-7.618,-5.733,5.733,8.101,49.316
1093,1,3.682,-25.232,-60.226,-1.365,-0.010,0.565,-2.536,-4.685,-7.618,-5.733,5.733,8.101,49.316
1093,1,3.682,-25.232,-60.226,-1.365,-0.010,0.565,-2.536,-4.685,-7.618,-5.733,5.733,8.101,49.316
1093,1,3.682,-25.232,-60.226,-1.365,-0.010,0.565,-2.536,-4.685,-7.618,-5.733,5.733,8.101,49.316
1093,1,3.682,-25.232,-60.226,-1.365,-0.010,0.565,-2.536,-4.685,-7.618,-5.733,5.733,8.101,49.316
1093,1,3.682,-25.232,-60.226,-1.365,-0.010,0.565,-2.536,-4.685,-7.618,-5.733,5.733,8.101,49.316
1093,1,3.682,-25.232,-60.226,-1.365,-0.010,0.565,-2.536,-4.685,-7.618,-5.733,5.733,8.101,49.316
1093,1,3.682,-25.232,-60.226,-1.365,-0.010,0.565,-2.536,-4.685,-7.618,-5.733,5.733,8.101,49.316
1093,1,3.682,-25.232,-60.226,-1.365,-0.010,0.565,-2.536,-4.685,-7.618,-5.733,5.733,8.101,49.316
1093,1,3.682,-25.232,-60.226,-1.365,-0.010,0.565,-2.536,-4.685,-7.618,-5.733,5.733,8.101,49.316
1093,1,3.682,-25.232,-60.226,-1.365,-0.010,0.565,-2.536,-4.685,-7.618,-5.733,5.733,8.101,49.316
1093,1,3.682,-25.232,-60.226,-1.365,-0.010,0.565,-2.536,-4.685,-7.618,-5.733,5.733,8.101,49.316
1093,1,3.682,-25.232,-60.226,-1.365,-0.010,0.565,-2.536,-4.685,-7.618,-5.733,5.733,8.101,49.316
1093,1,3.682,-25.232,-60.226,-1.365,-0.010,0.565,-2.536,-4.685,-7.618,-5.733,5.733,8.101,49.316
1093,1,3.682,-25.232,-60.226,-1.365,-0.010,0.565,-2.536,-4.685,-7.618,-5.733,5.733,8.101,49.316
1093,1,3.682,-25.232,-60.226,-1.365,-0.010,0.565,-2.536,-4.685,-7.618,-5.733,5.733,8.101,49.316
1093,1,3.682,-25.232,-60.226,-1.365,-0.010,0.565,-2.536,-4.685,-7.618,-5.733,5.733,8.101,49.316
1093,1,3.682,-25.232,-60.226,-1.365,-0.010,0.565,-2.536,-4.685,-7.618,-5.733,5.733,8.101,49.316
1093,1,3.682,-25.232,-60.226,-1.365,-0.010,0.565,-2.536,-4.685,-7.618,-5.733,5.733,8.101,49.316
1093,1,3.682,-25.232,-60.226,-1.365,-0.010,0.565,-2.536,-4.685,-7.618,-5.733,5.733,8.101,49.316
1093,1,3.682,-25.232,-60.226,-1.365,-0.010,0.565,-2.536,-4.685,-7.618,-5.733,5.733,8.101,49.316
1093,1,3.682,-25.232,-60.226,-1.365,-0.010,0.565,-2.536,-4.685,-7.618,-5.733,5.733,8.101,49.316
1093,1,3.682,-25.232,-60.226,-1.365,-0.010,0.565,-2.536,-4.685,-7.618,-5.733,5.733,8.101,49.316
1093,1,3.682,-25.232,-60.226,-1.365,-0.010,0.565,-2.536,-4.685,-7.618,-5.733,5.733,8.101,49.316
1093,1,3.682,-25.232,-60.226,-1.365,-0.010,0.565,-2.536,-4.685,-7.618,-5.733,5.733,8.101,49.316
1093,1,3.682,-25.232,-60.226,-1.365,-0.010,0.565,-2.536,-4.685,-7.618,-5.733,5.733,8.101,49.316
1093,1,3.682,-25.232,-60.226,-1.365,-0.010,0.565,-2.536,-4.685,-7.618,-5.733,5.733,8.101,49.316
1093,1,3.682,-25.232,-60.226,-1.365,-0.010,0.565,-2.536,-4.685,-7.618,-5.733,5.733,8.101,49.316
1093,1,3.682,-25.232,-60.226,-1.365,-0.010,0.565,-2.536,-4.685,-7.618,-5.733,5.733,8.101,49.316
1093,1,3.682,-25.232,-60.226,-1.365,-0.010,0.565,-2.536,-4.685,-7.618,-5.733,5.733,8.101,49.316
1093,1,3.682,-25.232,-60.226,-1.365,-0.010,0.565,-2.536,-4.685,-7.618,-5.733,5.733,8.101,49.316
1093,1,3.682,-25.232,-60.226,-1.365,-0.010,0.565,-2.536,-4.685,-7.618,-5.733,5.733,8.101,49.316
1093,1,3.682,-25.232,-60.226,-1.365,-0.010,0.565,-2.536,-4.685,-7.618,-5.733,5.733,8.101,49.316
1093,1,3.682,-25.232,-60.226,-1.365,-0.010,0.565,-2.536,-4.685,-7.618,-5.733,5.733,8.101,49.316
1093,1,3.682,-25.232,-60.226,-1.365,-0.010,0.565,-2.536,-4.685,-7.618,-5.733,5.733,8.101,49.316
1093,1,3.682,-25.232,-60.226,-1.365,-0.010,0.565,-2.536,-4.685,-7.618,-5.733,5.733,8.101,49.316
1093,1,3.682,-25.232,-60.226,-1.365,-0.010,0.565,-2.536,-4.685,-7.618,-5.733,5.733,8.101,49.316
1093,1,3.682,-25.232,-60.226,-1.365,-0.010,0.565,-2.536,-4.685,-7.618,-5.733,5.733,8.101,49.316
1093,1,3.682,-25.232,-60.226,-1.365,-0.010,0.565,-2.536,-4.685,-7.618,-5.733,5.733,8.101,49.316
1093,1,3.682,-25.232,-60.226,-1.365,-0.010,0.565,-2.536,-4.685,-7.618,-5.733,5.733,8.101,49.316
1093,1,3.682,-25.232,-60.226,-1.365,-0.010,0.565,-2.536,-4.685,-7.618,-5.733,5.733,8.101,49.316
1093,1,3.682,-25.232,-60.226,-1.365,-0.010,0.565,-2.536,-4.685,-7.618,-5.733,5.733,8.101,49.316
1093,1,3.682,-25.232,-60.226,-1.365,-0.010,0.565,-2.536,-4.685,-7.618,-5.733,5.733,8.101,49.316
1093,1,3.682,-25.232,-60.226,-1.365,-0.010,0.565,-2.536,-4.685,-7.618,-5.733,5.733,8.101,49.316
1093,1,3.682,-25.232,-60.226,-1.365,-0.010,0.565,-2.536,-4.685,-7.618,-5.733,5.733,8.101,49.316
1093,1,3.682,-25.232,-60.226,-1.365,-0.010,0.565,-2.536,-4.685,-7.618,-5.733,5.733,8.101,49.316
1093,1,3.682,-25.232,-60.226,-1.365,-0.010,0.565,-2.536,-4.685,-7.618,-5.733,5.733,8.101,49.316
1093,1,3.682,-25.232,-60.226,-1.365,-0.010,0.565,-2.536,-4.685,-7.618,-5.733,5.733,8.101,49.316
1093,1,3.682,-25.232,-60.226,-1.365,-0.010,0.565,-2.536,-4.685,-7.618,-5.733,5.733,8.101,49.316
1093,1,3.682,-25.232,-60.226,-1.365,-0.010,0.565,-2.536,-4.685,-7.618,-5.733,5.733,8.101,49.316
1093,1,3.682,-25.232,-60.226,-1.365,-0.010,0.565,-2.536,-4.685,-7.618,-5.733,5.733,8.101,49.316
1093,1,3.682,-25.232,-60.226,-1.365,-0.010,0.565,-2.536,-4.685,-7.618,-5.733,5.733,8.101,49.316
1093,1,3.682,-25.232,-60.226,-1.365,-0.010,0.565,-2.536,-4.685,-7.618,-5.733,5.733,8.101,49.316
1093,1,3.682,-25.232,-60.226,-1.365,-0.010,0.565,-2.536,-4.685,-7.618,-5.733,5.733,8.101,49.316
1093,1,3.682,-25.232,-60.226,-1.365,-0.010,0.565,-2.536,-4.685,-7.618,-5.733,5.733,8.101,49.316
1093,1,3.682,-25.232,-60.226,-1.365,-0.010,0.565,-2.536,-4.685,-7.618,-5.733,5.733,8.101,49.316
1093,1,3.682,-25.232,-60.226,-1.365,-0.010,0.565,-2.536,-4.685,-7.618,-5.733,5.733,8.101,49.316
1093,1,3.682,-25.232,-60.226,-1.365,-0.010,0.565,-2.536,-4.685,-7.618,-5.733,5.733,8.101,49.316
1093,1,3.682,-25.232,-60.226,-1.365,-0.010,0.565,-2.536,-4.685,-7.618,-5.733,5.733,8.101,49.316
1093,1,3.682,-25.232,-60.226,-1.365,-0.010,0.565,-2.536,-4.685,-7.618,-5.733,5.733,8.101,49.316
1093,1,3.682,-25.232,-60.226,-1.365,-0.010,0.565,-2.536,-4.685,-7.618,-5.733,5.733,8.101,49.316
1093,1,3.682,-25.232,-60.226,-1.365,-0.010,0.565,-2.536,-4.685,-7.618,-5.733,5.733,8.101,49.316
1093,1,3.682,-25.232,-60.226,-1.365,-0.010,0.565,-2.536,-4.685,-7.618,-5.733,5.733,8.101,49.316
1093,1,3.682,-25.232,-60.226,-1.365,-0.010,0.565,-2.536,-4.685,-7.618,-5.733,5.733,8.101,49.316
1093,1,3.682,-25.232,-60.226,-1.365,-0.010,0.565,-2.536,-4.685,-7.618,-5.733,5.733,8.101,49.316
1093,1,3.682,-25.232,-60.226,-1.365,-0.010,0.565,-2.536,-4.685,-7.618,-5.733,5.733,8.101,49.316
1093,1,3.682,-25.232,-60.226,-1.365,-0.010,0.565,-2.536,-4.685,-7.618,-5.733,5.733,8.101,49.316
1093,1,3.682,-25.232,-60.226,-1.365,-0.010,0.565,-2.536,-4.685,-7.618,-5.733,5.733,8.101,49.316
1093,1,3.682,-25.232,-60.226,-1.365,-0.010,0.565,-2.536,-4.685,-7.618,-5.733,5.733,8.101,49.316
1093,1,3.682,-25.232,-60.226,-1.365,-0.010,0.565,-2.536,-4.685,-7.618,-5.733,5.733,8.101,49.316
1093,1,3.682,-25.232,-60.226,-1.365,-0.010,0.565,-2.536,-4.685,-7.618,-5.733,5.733,8.101,49.316
1093,1,3.682,-25.232,-60.226,-1.365,-0.010,0.565,-2.536,-4.685,-7.618,-5.733,5.733,8.101,49.316
1093,1,3.682,-25.232,-60.226,-1.365,-0.010,0.565,-2.536,-4.685,-7.618,-5.733,5.733,8.101,49.316
1093,1,3.682,-25.232,-60.226,-1.365,-0.010,0.565,-2.536,-4.685,-7.618,-5.733,5.733,8.101,49.316
1093,1,3.682,-25.232,-60.226,-1.365,-0.010,0.565,-2.536,-4.685,-7.618,-5.733,5.733,8.101,49.316
1093,1,3.682,-25.232,-60.226,-1.365,-0.010,0.565,-2.536,-4.685,-7.618,-5.733,5.733,8.101,49.316
1093,1,3.682,-25.232,-60.226,-1.365,-0.010,0.565,-2.536,-4.685,-7.618,-5.733,5.733,8.101,49.316
1093,1,3.682,-25.232,-60.226,-1.365,-0.010,0.565,-2.536,-4.685,-7.618,-5.733,5.733,8.101,49.316
1093,1,3.682,-25.232,-60.226,-1.365,-0.010,0.565,-2.536,-4.685,-7.618,-5.733,5.733,8.101,49.316
1093,1,3.682,-25.232,-60.226,-1.365,-0.010,0.565,-2.536,-4.685,-7.618,-5.733,5.733,8.101,49.316
1093,1,3.682,-25.232,-60.226,-1.365,-0.010,0.565,-2.536,-4.685,-7.618,-5.733,5.733,8.101,49.316
1093,1,3.682,-25.232,-60.226,-1.365,-0.010,0.565,-2.536,-4.685,-7.618,-5.733,5.733,8.101,49.316
1093,1,3.682,-25.232,-60.226,-1.365,-0.010,0.565,-2.536,-4.685,-7.618,-5.733,5.733,8.101,49.316
1093,1,3.682,-25.232,-60.226,-1.365,-0.010,0.565,-2.536,-4.685,-7.618,-5.733,5.733,8.101,49.316
1093,1,3.682,-25.232,-60.226,-1.365,-0.010,0.565,-2.536,-4.685,-7.618,-5.733,5.733,8.101,49.316
1093,1,3.682,-25.232,-60.226,-1.365,-0.010,0.565,-2.536,-4.685,-7.618,-5.733,5.733,8.101,49.316
1093,1,3.682,-25.232,-60.226,-1.365,-0.010,0.565,-2.536,-4.685,-7.618,-5.733,5.733,8.101,49.316
1093,1,3.682,-25.232,-60.226,-1.365,-0.010,0.565,-2.536,-4.685,-7.618,-5.733,5.733,8.101,49.316
1093,1,3.682,-25.232,-60.226,-1.365,-0.010,0.565,-2.536,-4.685,-7.618,-5.733,5.733,8.101,49.316
1093,1,3.682,-25.232,-60.226,-1.365,-0.010,0.565,-2.536,-4.685,-7.618,-5.733,5.733,8.101,49.316
1093,1,3.682,-25.232,-60.226,-1.365,-0.010,0.565,-2.536,-4.685,-7.618,-5.733,5.733,8.101,49.316
1093,1,3.682,-25.232,-60.226,-1.365,-0.010,0.565,-2.536,-4.685,-7.618,-5.733,5.733,8.101,49.316
1093,1,3.682,-25.232,-60.226,-1.365,-0.010,0.565,-2.536,-4.685,-7.618,-5.733,5.733,8.101,49.316
1093,1,3.682,-25.232,-60.226,-1.365,-0.010,0.565,-2.536,-4.685,-7.618,-5.733,5.733,8.101,49.316
1093,1,3.682,-25.232,-60.226,-1.365,-0.010,0.565,-2.536,-4.685,-7.618,-5.733,5.733,8.101,49.316
1093,1,3.682,-25.232,-60.226,-1.365,-0.010,0.565,-2.536,-4.685,-7.618,-5.733,5.733,8.101,49.316
1093,1,3.682,-25.232,-60.226,-1.365,-0.010,0.565,-2.536,-4.685,-7.618,-5.733,5.733,8.101,49.316
1093,1,3.682,-25.232,-60.226,-1.365,-0.010,0.565,-2.536,-4.685,-7.618,-5.733,5.733,8.101,49.316
1093,1,3.682,-25.232,-60.226,-1.365,-0.010,0.565,-2.536,-4.685,-7.618,-5.733,5.733,8.101,49.316
1093,1,3.682,-25.232,-60.226,-1.365,-0.010,0.565,-2.536,-4.685,-7.618,-5.733,5.733,8.101,49.316
1093,1,3.682,-25.232,-60.226,-1.365,-0.010,0.565,-2.536,-4.685,-7.618,-5.733,5.733,8.101,49.316
1093,1,3.682,-25.232,-60.226,-1.365,-0.010,0.565,-2.536,-4.685,-7.618,-5.733,5.733,8.101,49.316
1093,1,3.682,-25.232,-60.226,-1.365,-0.010,0.565,-2.536,-4.685,-7.618,-5.733,5.733,8.101,49.316
1093,1,3.682,-25.232,-60.226,-1.365,-0.010,0.565,-2.536,-4.685,-7.618,-5.733,5.733,8.101,49.316
1093,1,3.682,-25.232,-60.226,-1.365,-0.010,0.565,-2.536,-4.685,-7.618,-5.733,5.733,8.101,49.316
1093,1,3.682,-25.232,-60.226,-1.365,-0.010,0.565,-2.536,-4.685,-7.618,-5.733,5.733,8.101,49.316
1093,1,3.682,-25.232,-60.226,-1.365,-0.010,0.565,-2.536,-4.685,-7.618,-5.733,5.733,8.101,49.316
1093,1,3.682,-25.232,-60.226,-1.365,-0.010,0.565,-2.536,-4.685,-7.618,-5.733,5.733,8.101,49.316
1093,1,3.682,-25.232,-60.226,-1.365,-0.010,0.565,-2.536,-4.685,-7.618,-5.733,5.733,8.101,49.316
1093,1,3.682,-25.232,-60.226,-1.365,-0.010,0.565,-2.536,-4.685,-7.618,-5.733,5.733,8.101,49.316
1093,1,3.682,-25.232,-60.226,-1.365,-0.010,0.565,-2.536,-4.685,-7.618,-5.733,5.733,8.101,49.316
1093,1,3.682,-25.232,-60.226,-1.365,-0.010,0.565,-2.536,-4.685,-7.618,-5.733,5.733,8.101,49.316
1093,1,3.682,-25.232,-60.226,-1.365,-0.010,0.565,-2.536,-4.685,-7.618,-5.733,5.733,8.101,49.316
1093,1,3.682,-25.232,-60.226,-1.365,-0.010,0.565,-2.536,-4.685,-7.618,-5.733,5.733,8.101,49.316
1093,1,3.682,-25.232,-60.226,-1.365,-0.010,0.565,-2.536,-4.685,-7.618,-5.733,5.733,8.101,49.316
1093,1,3.682,-25.232,-60.226,-1.365,-0.010,0.565,-2.536,-4.685,-7.618,-5.733,5.733,8.101,49.316
1093,1,3.682,-25.232,-60.226,-1.365,-0.010,0.565,-2.536,-4.685,-7.618,-5.733,5.733,8.101,49.316
1093,1,3.682,-25.232,-60.226,-1.365,-0.010,0.565,-2.536,-4.685,-7.618,-5.733,5.733,8.101,49.316
1093,1,3.682,-25.232,-60.226,-1.365,-0.010,0.565,-2.536,-4.685,-7.618,-5.733,5.733,8.101,49.316
1093,1,3.682,-25.232,-60.226,-1.365,-0.010,0.565,-2.536,-4.685,-7.618,-5.733,5.733,8.101,49.316
1093,1,3.682,-25.232,-60.226,-1.365,-0.010,0.565,-2.536,-4.685,-7.618,-5.733,5.733,8.101,49.316
1093,1,3.682,-25.232,-60.226,-1.365,-0.010,0.565,-2.536,-4.685,-7.618,-5.733,5.733,8.101,49.316
1093,1,3.682,-25.232,-60.226,-1.365,-0.010,0.565,-2.536,-4.685,-7.618,-5.733,5.733,8.101,49.316
1093,1,3.682,-25.232,-60.226,-1.365,-0.010,0.565,-2.536,-4.685,-7.618,-5.733,5.733,8.101,49.316
1093,1,3.682,-25.232,-60.226,-1.365,-0.010,0.565,-2.536,-4.685,-7.618,-5.733,5.733,8.101,49.316
1093,1,3.682,-25.232,-60.226,-1.365,-0.010,0.565,-2.536,-4.685,-7.618,-5.733,5.733,8.101,49.316
1093,1,3.682,-25.232,-60.226,-1.365,-0.010,0.565,-2.536,-4.685,-7.618,-5.733,5.733,8.101,49.316
1093,1,3.682,-25.232,-60.226,-1.365,-0.010,0.565,-2.536,-4.685,-7.618,-5.733,5.733,8.101,49.316
1093,1,3.682,-25.232,-60.226,-1.365,-0.010,0.565,-2.536,-4.685,-7.618,-5.733,5.733,8.101,49.316
1093,1,3.682,-25.232,-60.226,-1.365,-0.010,0.565,-2.536,-4.685,-7.618,-5.733,5.733,8.101,49.316
1093,1,3.682,-25.232,-60.226,-1.365,-0.010,0.565,-2.536,-4.685,-7.618,-5.733,5.733,8.101,49.316
1093,1,3.682,-25.232,-60.226,-1.365,-0.010,0.565,-2.536,-4.685,-7.618,-5.733,5.733,8.101,49.316
1093,1,3.682,-25.232,-60.226,-1.365,-0.010,0.565,-2.536,-4.685,-7.618,-5.733,5.733,8.101,49.316
1093,1,3.682,-25.232,-60.226,-1.365,-0.010,0.565,-2.536,-4.685,-7.618,-5.733,5.733,8.101,49.316
1093,1,3.682,-25.232,-60.226,-1.365,-0.010,0.565,-2.536,-4.685,-7.618,-5.733,5.733,8.101,49.316
1093,1,3.682,-25.232,-60.226,-1.365,-0.010,0.565,-2.536,-4.685,-7.618,-5.733,5.733,8.101,49.316
1093,1,3.682,-25.232,-60.226,-1.365,-0.010,0.565,-2.536,-4.685,-7.618,-5.733,5.733,8.101,49.316
1093,1,3.682,-25.232,-60.226,-1.365,-0.010,0.565,-2.536,-4.685,-7.618,-5.733,5.733,8.101,49.316
1093,1,3.682,-25.232,-60.226,-1.365,-0.010,0.565,-2.536,-4.685,-7.618,-5.733,5.733,8.101,49.316
1093,1,3.682,-25.232,-60.226,-1.365,-0.010,0.565,-2.536,-4.685,-7.618,-5.733,5.733,8.101,49.316
1093,1,3.682,-25.232,-60.226,-1.365,-0.010,0.565,-2.536,-4.685,-7.618,-5.733,5.733,8.101,49.316
1093,1,3.682,-25.232,-60.226,-1.365,-0.010,0.565,-2.536,-4.685,-7.618,-5.733,5.733,8.101,49.316
1093,1,3.682,-25.232,-60.226,-1.365,-0.010,0.565,-2.536,-4.685,-7.618,-5.733,5.733,8.101,49.316
1093,1,3.682,-25.232,-60.226,-1.365,-0.010,0.565,-2.536,-4.685,-7.618,-5.733,5.733,8.101,49.316
1093,1,3.682,-25.232,-60.226,-1.365,-0.010,0.565,-2.536,-4.685,-7.618,-5.733,5.733,8.101,49.316
1093,1,3.682,-25.232,-60.226,-1.365,-0.010,0.565,-2.536,-4.685,-7.618,-5.733,5.733,8.101,49.316
1093,1,3.682,-25.232,-60.226,-1.365,-0.010,0.565,-2.536,-4.685,-7.618,-5.733,5.733,8.101,49.316
1093,1,3.682,-25.232,-60.226,-1.365,-0.010,0.565,-2.536,-4.685,-7.618,-5.733,5.733,8.101,49.316
1093,1,3.682,-25.232,-60.226,-1.365,-0.010,0.565,-2.536,-4.685,-7.618,-5.733,5.733,8.101,49.316
1093,1,3.682,-25.232,-60.226,-1.365,-0.010,0.565,-2.536,-4.685,-7.618,-5.733,5.733,8.101,49.316
1093,1,3.682,-25.232,-60.226,-1.365,-0.010,0.565,-2.536,-4.685,-7.618,-5.733,5.733,8.101,49.316
1093,1,3.682,-25.232,-60.226,-1.365,-0.010,0.565,-2.536,-4.685,-7.618,-5.733,5.733,8.101,49.316
1093,1,3.682,-25.232,-60.226,-1.365,-0.010,0.565,-2.536,-4.685,-7.618,-5.733,5.733,8.101,49.316
1093,1,3.682,-25.232,-60.226,-1.365,-0.010,0.565,-2.536,-4.685,-7.618,-5.733,5.733,8.101,49.316
1093,1,3.682,-25.232,-60.226,-1.365,-0.010,0.565,-2.536,-4.685,-7.618,-5.733,5.733,8.101,49.316
1093,1,3.682,-25.232,-60.226,-1.365,-0.010,0.565,-2.536,-4.685,-7.618,-5.733,5.733,8.101,49.316
1093,1,3.682,-25.232,-60.226,-1.365,-0.010,0.565,-2.536,-4.685,-7.618,-5.733,5.733,8.101,49.316
1093,1,3.682,-25.232,-60.226,-1.365,-0.010,0.565,-2.536,-4.685,-7.618,-5.733,5.733,8.101,49.316
1093,1,3.682,-25.232,-60.226,-1.365,-0.010,0.565,-2.536,-4.685,-7.618,-5.733,5.733,8.101,49.316
1093,1,3.682,-25.232,-60.226,-1.365,-0.010,0.565,-2.536,-4.685,-7.618,-5.733,5.733,8.101,49.316
1093,1,3.682,-25.232,-60.226,-1.365,-0.010,0.565,-2.536,-4.685,-7.618,-5.733,5.733,8.101,49.316
1093,1,3.682,-25.232,-60.226,-1.365,-0.010,0.565,-2.536,-4.685,-7.618,-5.733,5.733,8.101,49.316
1093,1,3.682,-25.232,-60.226,-1.365,-0.010,0.565,-2.536,-4.685,-7.618,-5.733,5.733,8.101,49.316
1093,1,3.682,-25.232,-60.226,-1.365,-0.010,0.565,-2.536,-4.685,-7.618,-5.733,5.733,8.101,49.316
1093,1,3.682,-25.232,-60.226,-1.365,-0.010,0.565,-2.536,-4.685,-7.618,-5.733,5.733,8.101,49.316
1093,1,3.682,-25.232,-60.226,-1.365,-0.010,0.565,-2.536,-4.685,-7.618,-5.733,5.733,8.101,49.316
1093,1,3.682,-25.232,-60.226,-1.365,-0.010,0.565,-2.536,-4.685,-7.618,-5.733,5.733,8.101,49.316
1093,1,3.682,-25.232,-60.226,-1.365,-0.010,0.565,-2.536,-4.685,-7.618,-5.733,5.733,8.101,49.316
1093,1,3.682,-25.232,-60.226,-1.365,-0.010,0.565,-2.536,-4.685,-7.618,-5.733,5.733,8.101,49.316
1093,1,3.682,-25.232,-60.226,-1.365,-0.010,0.565,-2.536,-4.685,-7.618,-5.733,5.733,8.101,49.316
1093,1,3.682,-25.232,-60.226,-1.365,-0.010,0.565,-2.536,-4.685,-7.618,-5.733,5.733,8.101,49.316
1093,1,3.682,-25.232,-60.226,-1.365,-0.010,0.565,-2.536,-4.685,-7.618,-5.733,5.733,8.101,49.316
1093,1,3.682,-25.232,-60.226,-1.365,-0.010,0.565,-2.536,-4.685,-7.618,-5.733,5.733,8.101,49.316
1093,1,3.682,-25.232,-60.226,-1.365,-0.010,0.565,-2.536,-4.685,-7.618,-5.733,5.733,8.101,49.316
1093,1,3.682,-25.232,-60.226,-1.365,-0.010,0.565,-2.536,-4.685,-7.618,-5.733,5.733,8.101,49.316
1093,1,3.682,-25.232,-60.226,-1.365,-0.010,0.565,-2.536,-4.685,-7.618,-5.733,5.733,8.101,49.316
1093,1,3.682,-25.232,-60.226,-1.365,-0.010,0.565,-2.536,-4.685,-7.618,-5.733,5.733,8.101,49.316
1093,1,3.682,-25.232,-60.226,-1.365,-0.010,0.565,-2.536,-4.685,-7.618,-5.733,5.733,8.101,49.316
1093,1,3.682,-25.232,-60.226,-1.365,-0.010,0.565,-2.536,-4.685,-7.618,-5.733,5.733,8.101,49.316
1093,1,3.682,-25.232,-60.226,-1.365,-0.010,0.565,-2.536,-4.685,-7.618,-5.733,5.733,8.101,49.316
1093,1,3.682,-25.232,-60.226,-1.365,-0.010,0.565,-2.536,-4.685,-7.618,-5.733,5.733,8.101,49.316
1093,1,3.682,-25.232,-60.226,-1.365,-0.010,0.565,-2.536,-4.685,-7.618,-5.733,5.733,8.101,49.316
1093,1,3.682,-25.232,-60.226,-1.365,-0.010,0.565,-2.536,-4.685,-7.618,-5.733,5.733,8.101,49.316
1093,1,3.682,-25.232,-60.226,-1.365,-0.010,0.565,-2.536,-4.685,-7.618,-5.733,5.733,8.101,49.316
1093,1,3.682,-25.232,-60.226,-1.365,-0.010,0.565,-2.536,-4.685,-7.618,-5.733,5.733,8.101,49.316
1093,1,3.682,-25.232,-60.226,-1.365,-0.010,0.565,-2.536,-4.685,-7.618,-5.733,5.733,8.101,49.316
1093,1,3.682,-25.232,-60.226,-1.365,-0.010,0.565,-2.536,-4.685,-7.618,-5.733,5.733,8.101,49.316
1093,1,3.682,-25.232,-60.226,-1.365,-0.010,0.565,-2.536,-4.685,-7.618,-5.733,5.733,8.101,49.316
1093,1,3.682,-25.232,-60.226,-1.365,-0.010,0.565,-2.536,-4.685,-7.618,-5.733,5.733,8.101,49.316
1093,1,3.682,-25.232,-60.226,-1.365,-0.010,0.565,-2.536,-4.685,-7.618,-5.733,5.733,8.101,49.316
1093,1,3.682,-25.232,-60.226,-1.365,-0.010,0.565,-2.536,-4.685,-7.618,-5.733,5.733,8.101,49.316
1093,1,3.682,-25.232,-60.226,-1.365,-0.010,0.565,-2.536,-4.685,-7.618,-5.733,5.733,8.101,49.316
1093,1,3.682,-25.232,-60.226,-1.365,-0.010,0.565,-2.536,-4.685,-7.618,-5.733,5.733,8.101,49.316
1093,1,3.682,-25.232,-60.226,-1.365,-0.010,0.565,-2.536,-4.685,-7.618,-5.733,5.733,8.101,49.316
1093,1,3.682,-25.232,-60.226,-1.365,-0.010,0.565,-2.536,-4.685,-7.618,-5.733,5.733,8.101,49.316
1093,1,3.682,-25.232,-60.226,-1.365,-0.010,0.565,-2.536,-4.685,-7.618,-5.733,5.733,8.101,49.316
1093,1,3.682,-25.232,-60.226,-1.365,-0.010,0.565,-2.536,-4.685,-7.618,-5.733,5.733,8.101,49.316
1093,1,3.682,-25.232,-60.226,-1.365,-0.010,0.565,-2.536,-4.685,-7.618,-5.733,5.733,8.101,49.316
1093,1,3.682,-25.232,-60.226,-1.365,-0.010,0.565,-2.536,-4.685,-7.618,-5.733,5.733,8.101,49.316
1093,1,3.682,-25.232,-60.226,-1.365,-0.010,0.565,-2.536,-4.685,-7.618,-5.733,5.733,8.101,49.316
1093,1,3.682,-25.232,-60.226,-1.365,-0.010,0.565,-2.536,-4.685,-7.618,-5.733,5.733,8.101,49.316
1093,1,3.682,-25.232,-60.226,-1.365,-0.010,0.565,-2.536,-4.685,-7.618,-5.733,5.733,8.101,49.316
1093,1,3.682,-25.232,-60.226,-1.365,-0.010,0.565,-2.536,-4.685,-7.618,-5.733,5.733,8.101,49.316
1093,1,3.682,-25.232,-60.226,-1.365,-0.010,0.565,-2.536,-4.685,-7.618,-5.733,5.733,8.101,49.316
1093,1,3.682,-25.232,-60.226,-1.365,-0.010,0.565,-2.536,-4.685,-7.618,-5.733,5.733,8.101,49.316
1093,1,3.682,-25.232,-60.226,-1.365,-0.010,0.565,-2.536,-4.685,-7.618,-5.733,5.733,8.101,49.316
1093,1,3.682,-25.232,-60.226,-1.365,-0.010,0.565,-2.536,-4.685,-7.618,-5.733,5.733,8.101,49.316
1093,1,3.682,-25.232,-60.226,-1.365,-0.010,0.565,-2.536,-4.685,-7.618,-5.733,5.733,8.101,49.316
1093,1,3.682,-25.232,-60.226,-1.365,-0.010,0.565,-2.536,-4.685,-7.618,-5.733,5.733,8.101,49.316
1093,1,3.682,-25.232,-60.226,-1.365,-0.010,0.565,-2.536,-4.685,-7.618,-5.733,5.733,8.101,49.316
1093,1,3.682,-25.232,-60.226,-1.365,-0.010,0.565,-2.536,-4.685,-7.618,-5.733,5.733,8.101,49.316
1093,1,3.682,-25.232,-60.226,-1.365,-0.010,0.565,-2.536,-4.685,-7.618,-5.733,5.733,8.101,49.316
1093,1,3.682,-25.232,-60.226,-1.365,-0.010,0.565,-2.536,-4.685,-7.618,-5.733,5.733,8.101,49.316
1093,1,3.682,-25.232,-60.226,-1.365,-0.010,0.565,-2.536,-4.685,-7.618,-5.733,5.733,8.101,49.316
1093,1,3.682,-25.232,-60.226,-1.365,-0.010,0.565,-2.536,-4.685,-7.618,-5.733,5.733,8.101,49.316
1093,1,3.682,-25.232,-60.226,-1.365,-0.010,0.565,-2.536,-4.685,-7.618,-5.733,5.733,8.101,49.316
1093,1,3.682,-25.232,-60.226,-1.365,-0.010,0.565,-2.536,-4.685,-7.618,-5.733,5.733,8.101,49.316
1093,1,3.682,-25.232,-60.226,-1.365,-0.010,0.565,-2.536,-4.685,-7.618,-5.733,5.733,8.101,49.316
1093,1,3.682,-25.232,-60.226,-1.365,-0.010,0.565,-2.536,-4.685,-7.618,-5.733,5.733,8.101,49.316
1093,1,3.682,-25.232,-60.226,-1.365,-0.010,0.565,-2.536,-4.685,-7.618,-5.733,5.733,8.101,49.316
1093,1,3.682,-25.232,-60.226,-1.365,-0.010,0.565,-2.536,-4.685,-7.618,-5.733,5.733,8.101,49.316
1093,1,3.682,-25.232,-60.226,-1.365,-0.010,0.565,-2.536,-4.685,-7.618,-5.733,5.733,8.101,49.316
1093,1,3.682,-25.232,-60.226,-1.365,-0.010,0.565,-2.536,-4.685,-7.618,-5.733,5.733,8.101,49.316
1093,1,3.682,-25.232,-60.226,-1.365,-0.010,0.565,-2.536,-4.685,-7.618,-5.733,5.733,8.101,49.316
1093,1,3.682,-25.232,-60.226,-1.365,-0.010,0.565,-2.536,-4.685,-7.618,-5.733,5.733,8.101,49.316
1093,1,3.682,-25.232,-60.226,-1.365,-0.010,0.565,-2.536,-4.685,-7.618,-5.733,5.733,8.101,49.316
1093,1,3.682,-25.232,-60.226,-1.365,-0.010,0.565,-2.536,-4.685,-7.618,-5.733,5.733,8.101,49.316
1093,1,3.682,-25.232,-60.226,-1.365,-0.010,0.565,-2.536,-4.685,-7.618,-5.733,5.733,8.101,49.316
1093,1,3.682,-25.232,-60.226,-1.365,-0.010,0.565,-2.536,-4.685,-7.618,-5.733,5.733,8.101,49.316
1093,1,3.682,-25.232,-60.226,-1.365,-0.010,0.565,-2.536,-4.685,-7.618,-5.733,5.733,8.101,49.316
1093,1,3.682,-25.232,-60.226,-1.365,-0.010,0.565,-2.536,-4.685,-7.618,-5.733,5.733,8.101,49.316
1093,1,3.682,-25.232,-60.226,-1.365,-0.010,0.565,-2.536,-4.685,-7.618,-5.733,5.733,8.101,49.316
1093,1,3.682,-25.232,-60.226,-1.365,-0.010,0.565,-2.536,-4.685,-7.618,-5.733,5.733,8.101,49.316
1093,1,3.682,-25.232,-60.226,-1.365,-0.010,0.565,-2.536,-4.685,-7.618,-5.733,5.733,8.101,49.316
1093,1,3.682,-25.232,-60.226,-1.365,-0.010,0.565,-2.536,-4.685,-7.618,-5.733,5.733,8.101,49.316
1093,1,3.682,-25.232,-60.226,-1.365,-0.010,0.565,-2.536,-4.685,-7.618,-5.733,5.733,8.101,49.316
1093,1,3.682,-25.232,-60.226,-1.365,-0.010,0.565,-2.536,-4.685,-7.618,-5.733,5.733,8.101,49.316
1093,1,3.682,-25.232,-60.226,-1.365,-0.010,0.565,-2.536,-4.685,-7.618,-5.733,5.733,8.101,49.316
1093,1,3.682,-25.232,-60.226,-1.365,-0.010,0.565,-2.536,-4.685,-7.618,-5.733,5.733,8.101,49.316
1093,1,3.682,-25.232,-60.226,-1.365,-0.010,0.565,-2.536,-4.685,-7.618,-5.733,5.733,8.101,49.316
1093,1,3.682,-25.232,-60.226,-1.365,-0.010,0.565,-2.536,-4.685,-7.618,-5.733,5.733,8.101,49.316
1093,1,3.682,-25.232,-60.226,-1.365,-0.010,0.565,-2.536,-4.685,-7.618,-5.733,5.733,8.101,49.316
1093,1,3.682,-25.232,-60.226,-1.365,-0.010,0.565,-2.536,-4.685,-7.618,-5.733,5.733,8.101,49.316
1093,1,3.682,-25.232,-60.226,-1.365,-0.010,0.565,-2.536,-4.685,-7.618,-5.733,5.733,8.101,49.316
1093,1,3.682,-25.232,-60.226,-1.365,-0.010,0.565,-2.536,-4.685,-7.618,-5.733,5.733,8.101,49.316
1093,1,3.682,-25.232,-60.226,-1.365,-0.010,0.565,-2.536,-4.685,-7.618,-5.733,5.733,8.101,49.316
1093,1,3.682,-25.232,-60.226,-1.365,-0.010,0.565,-2.536,-4.685,-7.618,-5.733,5.733,8.101,49.316
1093,1,3.682,-25.232,-60.226,-1.365,-0.010,0.565,-2.536,-4.685,-7.618,-5.733,5.733,8.101,49.316
1093,1,3.682,-25.232,-60.226,-1.365,-0.010,0.565,-2.536,-4.685,-7.618,-5.733,5.733,8.101,49.316
1093,1,3.682,-25.232,-60.226,-1.365,-0.010,0.565,-2.536,-4.685,-7.618,-5.733,5.733,8.101,49.316
1093,1,3.682,-25.232,-60.226,-1.365,-0.010,0.565,-2.536,-4.685,-7.618,-5.733,5.733,8.101,49.316
1093,1,3.682,-25.232,-60.226,-1.365,-0.010,0.565,-2.536,-4.685,-7.618,-5.733,5.733,8.101,49.316
1093,1,3.682,-25.232,-60.226,-1.365,-0.010,0.565,-2.536,-4.685,-7.618,-5.733,5.733,8.101,49.316
1093,1,3.682,-25.232,-60.226,-1.365,-0.010,0.565,-2.536,-4.685,-7.618,-5.733,5.733,8.101,49.316
1093,1,3.682,-25.232,-60.226,-1.365,-0.010,0.565,-2.536,-4.685,-7.618,-5.733,5.733,8.101,49.316
1093,1,3.682,-25.232,-60.226,-1.365,-0.010,0.565,-2.536,-4.685,-7.618,-5.733,5.733,8.101,49.316
1093,1,3.682,-25.232,-60.226,-1.365,-0.010,0.565,-2.536,-4.685,-7.618,-5.733,5.733,8.101,49.316
1093,1,3.682,-25.232,-60.226,-1.365,-0.010,0.565,-2.536,-4.685,-7.618,-5.733,5.733,8.101,49.316
1093,1,3.682,-25.232,-60.226,-1.365,-0.010,0.565,-2.536,-4.685,-7.618,-5.733,5.733,8.101,49.316
1093,1,3.682,-25.232,-60.226,-1.365,-0.010,0.565,-2.536,-4.685,-7.618,-5.733,5.733,8.101,49.316
1093,1,3.682,-25.232,-60.226,-1.365,-0.010,0.565,-2.536,-4.685,-7.618,-5.733,5.733,8.101,49.316
1093,1,3.682,-25.232,-60.226,-1.365,-0.010,0.565,-2.536,-4.685,-7.618,-5.733,5.733,8.101,49.316
1093,1,3.682,-25.232,-60.226,-1.365,-0.010,0.565,-2.536,-4.685,-7.618,-5.733,5.733,8.101,49.316
1093,1,3.682,-25.232,-60.226,-1.365,-0.010,0.565,-2.536,-4.685,-7.618,-5.733,5.733,8.101,49.316
1093,1,3.682,-25.232,-60.226,-1.365,-0.010,0.565,-2.536,-4.685,-7.618,-5.733,5.733,8.101,49.316
1093,1,3.682,-25.232,-60.226,-1.365,-0.010,0.565,-2.536,-4.685,-7.618,-5.733,5.733,8.101,49.316
1093,1,3.682,-25.232,-60.226,-1.365,-0.010,0.565,-2.536,-4.685,-7.618,-5.733,5.733,8.101,49.316
1093,1,3.682,-25.232,-60.226,-1.365,-0.010,0.565,-2.536,-4.685,-7.618,-5.733,5.733,8.101,49.316
1093,1,3.682,-25.232,-60.226,-1.365,-0.010,0.565,-2.536,-4.685,-7.618,-5.733,5.733,8.101,49.316
1093,1,3.682,-25.232,-60.226,-1.365,-0.010,0.565,-2.536,-4.685,-7.618,-5.733,5.733,8.101,49.316
1093,1,3.682,-25.232,-60.226,-1.365,-0.010,0.565,-2.536,-4.685,-7.618,-5.733,5.733,8.101,49.316
1093,1,3.682,-25.232,-60.226,-1.365,-0.010,0.565,-2.536,-4.685,-7.618,-5.733,5.733,8.101,49.316
1093,1,3.682,-25.232,-60.226,-1.365,-0.010,0.565,-2.536,-4.685,-7.618,-5.733,5.733,8.101,49.316
1093,1,3.682,-25.232,-60.226,-1.365,-0.010,0.565,-2.536,-4.685,-7.618,-5.733,5.733,8.101,49.316
1093,1,3.682,-25.232,-60.226,-1.365,-0.010,0.565,-2.536,-4.685,-7.618,-5.733,5.733,8.101,49.316
1093,1,3.682,-25.232,-60.226,-1.365,-0.010,0.565,-2.536,-4.685,-7.618,-5.733,5.733,8.101,49.316
1093,1,3.682,-25.232,-60.226,-1.365,-0.010,0.565,-2.536,-4.685,-7.618,-5.733,5.733,8.101,49.316
1093,1,3.682,-25.232,-60.226,-1.365,-0.010,0.565,-2.536,-4.685,-7.618,-5.733,5.733,8.101,49.316
1093,1,3.682,-25.232,-60.226,-1.365,-0.010,0.565,-2.536,-4.685,-7.618,-5.733,5.733,8.101,49.316
1093,1,3.682,-25.232,-60.226,-1.365,-0.010,0.565,-2.536,-4.685,-7.618,-5.733,5.733,8.101,49.316
1093,1,3.682,-25.232,-60.226,-1.365,-0.010,0.565,-2.536,-4.685,-7.618,-5.733,5.733,8.101,49.316
1093,1,3.682,-25.232,-60.226,-1.365,-0.010,0.565,-2.536,-4.685,-7.618,-5.733,5.733,8.101,49.316
1093,1,3.682,-25.232,-60.226,-1.365,-0.010,0.565,-2.536,-4.685,-7.618,-5.733,5.733,8.101,49.316
1093,1,3.682,-25.232,-60.226,-1.365,-0.010,0.565,-2.536,-4.685,-7.618,-5.733,5.733,8.101,49.316
1093,1,3.682,-25.232,-60.226,-1.365,-0.010,0.565,-2.536,-4.685,-7.618,-5.733,5.733,8.101,49.316
1093,1,3.682,-25.232,-60.226,-1.365,-0.010,0.565,-2.536,-4.685,-7.618,-5.733,5.733,8.101,49.316
1093,1,3.682,-25.232,-60.226,-1.365,-0.010,0.565,-2.536,-4.685,-7.618,-5.733,5.733,8.101,49.316
1093,1,3.682,-25.232,-60.226,-1.365,-0.010,0.565,-2.536,-4.685,-7.618,-5.733,5.733,8.101,49.316
1093,1,3.682,-25.232,-60.226,-1.365,-0.010,0.565,-2.536,-4.685,-7.618,-5.733,5.733,8.101,49.316
1093,1,3.682,-25.232,-60.226,-1.365,-0.010,0.565,-2.536,-4.685,-7.618,-5.733,5.733,8.101,49.316
1093,1,3.682,-25.232,-60.226,-1.365,-0.010,0.565,-2.536,-4.685,-7.618,-5.733,5.733,8.101,49.316
1093,1,3.682,-25.232,-60.226,-1.365,-0.010,0.565,-2.536,-4.685,-7.618,-5.733,5.733,8.101,49.316
1093,1,3.682,-25.232,-60.226,-1.365,-0.010,0.565,-2.536,-4.685,-7.618,-5.733,5.733,8.101,49.316
1093,1,3.682,-25.232,-60.226,-1.365,-0.010,0.565,-2.536,-4.685,-7.618,-5.733,5.733,8.101,49.316
1093,1,3.682,-25.232,-60.226,-1.365,-0.010,0.565,-2.536,-4.685,-7.618,-5.733,5.733,8.101,49.316
1093,1,3.682,-25.232,-60.226,-1.365,-0.010,0.565,-2.536,-4.685,-7.618,-5.733,5.733,8.101,49.316
1093,1,3.682,-25.232,-60.226,-1.365,-0.010,0.565,-2.536,-4.685,-7.618,-5.733,5.733,8.101,49.316
1093,1,3.682,-25.232,-60.226,-1.365,-0.010,0.565,-2.536,-4.685,-7.618,-5.733,5.733,8.101,49.316
1093,1,3.682,-25.232,-60.226,-1.365,-0.010,0.565,-2.536,-4.685,-7.618,-5.733,5.733,8.101,49.316
1093,1,3.682,-25.232,-60.226,-1.365,-0.010,0.565,-2.536,-4.685,-7.618,-5.733,5.733,8.101,49.316
1093,1,3.682,-25.232,-60.226,-1.365,-0.010,0.565,-2.536,-4.685,-7.618,-5.733,5.733,8.101,49.316
1093,1,3.682,-25.232,-60.226,-1.365,-0.010,0.565,-2.536,-4.685,-7.618,-5.733,5.733,8.101,49.316
1093,1,3.682,-25.232,-60.226,-1.365,-0.010,0.565,-2.536,-4.685,-7.618,-5.733,5.733,8.101,49.316
1093,1,3.682,-25.232,-60.226,-1.365,-0.010,0.565,-2.536,-4.685,-7.618,-5.733,5.733,8.101,49.316
1093,1,3.682,-25.232,-60.226,-1.365,-0.010,0.565,-2.536,-4.685,-7.618,-5.733,5.733,8.101,49.316
1093,1,3.682,-25.232,-60.226,-1.365,-0.010,0.565,-2.536,-4.685,-7.618,-5.733,5.733,8.101,49.316
1093,1,3.682,-25.232,-60.226,-1.365,-0.010,0.565,-2.536,-4.685,-7.618,-5.733,5.733,8.101,49.316
1093,1,3.682,-25.232,-60.226,-1.365,-0.010,0.565,-2.536,-4.685,-7.618,-5.733,5.733,8.101,49.316
1093,1,3.682,-25.232,-60.226,-1.365,-0.010,0.565,-2.536,-4.685,-7.618,-5.733,5.733,8.101,49.316
1093,1,3.682,-25.232,-60.226,-1.365,-0.010,0.565,-2.536,-4.685,-7.618,-5.733,5.733,8.101,49.316
1093,1,3.682,-25.232,-60.226,-1.365,-0.010,0.565,-2.536,-4.685,-7.618,-5.733,5.733,8.101,49.316
1093,1,3.682,-25.232,-60.226,-1.365,-0.010,0.565,-2.536,-4.685,-7.618,-5.733,5.733,8.101,49.316
1093,1,3.682,-25.232,-60.226,-1.365,-0.010,0.565,-2.536,-4.685,-7.618,-5.733,5.733,8.101,49.316
1093,1,3.682,-25.232,-60.226,-1.365,-0.010,0.565,-2.536,-4.685,-7.618,-5.733,5.733,8.101,49.316
1093,1,3.682,-25.232,-60.226,-1.365,-0.010,0.565,-2.536,-4.685,-7.618,-5.733,5.733,8.101,49.316
1093,1,3.682,-25.232,-60.226,-1.365,-0.010,0.565,-2.536,-4.685,-7.618,-5.733,5.733,8.101,49.316
1093,1,3.682,-25.232,-60.226,-1.365,-0.010,0.565,-2.536,-4.685,-7.618,-5.733,5.733,8.101,49.316
1093,1,3.682,-25.232,-60.226,-1.365,-0.010,0.565,-2.536,-4.685,-7.618,-5.733,5.733,8.101,49.316
1093,1,3.682,-25.232,-60.226,-1.365,-0.010,0.565,-2.536,-4.685,-7.618,-5.733,5.733,8.101,49.316
1093,1,3.682,-25.232,-60.226,-1.365,-0.010,0.565,-2.536,-4.685,-7.618,-5.733,5.733,8.101,49.316
1093,1,3.682,-25.232,-60.226,-1.365,-0.010,0.565,-2.536,-4.685,-7.618,-5.733,5.733,8.101,49.316
1093,1,3.682,-25.232,-60.226,-1.365,-0.010,0.565,-2.536,-4.685,-7.618,-5.733,5.733,8.101,49.316
1093,1,3.682,-25.232,-60.226,-1.365,-0.010,0.565,-2.536,-4.685,-7.618,-5.733,5.733,8.101,49.316
1093,1,3.682,-25.232,-60.226,-1.365,-0.010,0.565,-2.536,-4.685,-7.618,-5.733,5.733,8.101,49.316
1093,1,3.682,-25.232,-60.226,-1.365,-0.010,0.565,-2.536,-4.685,-7.618,-5.733,5.733,8.101,49.316
1093,1,3.682,-25.232,-60.226,-1.365,-0.010,0.565,-2.536,-4.685,-7.618,-5.733,5.733,8.101,49.316
1093,1,3.682,-25.232,-60.226,-1.365,-0.010,0.565,-2.536,-4.685,-7.618,-5.733,5.733,8.101,49.316
1093,1,3.682,-25.232,-60.226,-1.365,-0.010,0.565,-2.536,-4.685,-7.618,-5.733,5.733,8.101,49.316
1093,1,3.682,-25.232,-60.226,-1.365,-0.010,0.565,-2.536,-4.685,-7.618,-5.733,5.733,8.101,49.316
1093,1,3.682,-25.232,-60.226,-1.365,-0.010,0.565,-2.536,-4.685,-7.618,-5.733,5.733,8.101,49.316
1093,1,3.682,-25.232,-60.226,-1.365,-0.010,0.565,-2.536,-4.685,-7.618,-5.733,5.733,8.101,49.316
1093,1,3.682,-25.232,-60.226,-1.365,-0.010,0.565,-2.536,-4.685,-7.618,-5.733,5.733,8.101,49.316
1093,1,3.682,-25.232,-60.226,-1.365,-0.010,0.565,-2.536,-4.685,-7.618,-5.733,5.733,8.101,49.316
1093,1,3.682,-25.232,-60.226,-1.365,-0.010,0.565,-2.536,-4.685,-7.618,-5.733,5.733,8.101,49.316
1093,1,3.682,-25.232,-60.226,-1.365,-0.010,0.565,-2.536,-4.685,-7.618,-5.733,5.733,8.101,49.316
1093,1,3.682,-25.232,-60.226,-1.365,-0.010,0.565,-2.536,-4.685,-7.618,-5.733,5.733,8.101,49.316
1093,1,3.682,-25.232,-60.226,-1.365,-0.010,0.565,-2.536,-4.685,-7.618,-5.733,5.733,8.101,49.316
1093,1,3.682,-25.232,-60.226,-1.365,-0.010,0.565,-2.536,-4.685,-7.618,-5.733,5.733,8.101,49.316
1093,1,3.682,-25.232,-60.226,-1.365,-0.010,0.565,-2.536,-4.685,-7.618,-5.733,5.733,8.101,49.316
1093,1,3.682,-25.232,-60.226,-1.365,-0.010,0.565,-2.536,-4.685,-7.618,-5.733,5.733,8.101,49.316
1093,1,3.682,-25.232,-60.226,-1.365,-0.010,0.565,-2.536,-4.685,-7.618,-5.733,5.733,8.101,49.316
1093,1,3.682,-25.232,-60.226,-1.365,-0.010,0.565,-2.536,-4.685,-7.618,-5.733,5.733,8.101,49.316
1093,1,3.682,-25.232,-60.226,-1.365,-0.010,0.565,-2.536,-4.685,-7.618,-5.733,5.733,8.101,49.316
1093,1,3.682,-25.232,-60.226,-1.365,-0.010,0.565,-2.536,-4.685,-7.618,-5.733,5.733,8.101,49.316
1093,1,3.682,-25.232,-60.226,-1.365,-0.010,0.565,-2.536,-4.685,-7.618,-5.733,5.733,8.101,49.316
1093,1,3.682,-25.232,-60.226,-1.365,-0.010,0.565,-2.536,-4.685,-7.618,-5.733,5.733,8.101,49.316
1093,1,3.682,-25.232,-60.226,-1.365,-0.010,0.565,-2.536,-4.685,-7.618,-5.733,5.733,8.101,49.316
1093,1,3.682,-25.232,-60.226,-1.365,-0.010,0.565,-2.536,-4.685,-7.618,-5.733,5.733,8.101,49.316
1093,1,3.682,-25.232,-60.226,-1.365,-0.010,0.565,-2.536,-4.685,-7.618,-5.733,5.733,8.101,49.316
1093,1,3.682,-25.232,-60.226,-1.365,-0.010,0.565,-2.536,-4.685,-7.618,-5.733,5.733,8.101,49.316
1093,1,3.682,-25.232,-60.226,-1.365,-0.010,0.565,-2.536,-4.685,-7.618,-5.733,5.733,8.101,49.316
1093,1,3.682,-25.232,-60.226,-1.365,-0.010,0.565,-2.536,-4.685,-7.618,-5.733,5.733,8.101,49.316
1093,1,3.682,-25.232,-60.226,-1.365,-0.010,0.565,-2.536,-4.685,-7.618,-5.733,5.733,8.101,49.316
1093,1,3.682,-25.232,-60.226,-1.365,-0.010,0.565,-2.536,-4.685,-7.618,-5.733,5.733,8.101,49.316
1093,1,3.682,-25.232,-60.226,-1.365,-0.010,0.565,-2.536,-4.685,-7.618,-5.733,5.733,8.101,49.316
1093,1,3.682,-25.232,-60.226,-1.365,-0.010,0.565,-2.536,-4.685,-7.618,-5.733,5.733,8.101,49.316
1093,1,3.682,-25.232,-60.226,-1.365,-0.010,0.565,-2.536,-4.685,-7.618,-5.733,5.733,8.101,49.316
1093,1,3.682,-25.232,-60.226,-1.365,-0.010,0.565,-2.536,-4.685,-7.618,-5.733,5.733,8.101,49.316
1093,1,3.682,-25.232,-60.226,-1.365,-0.010,0.565,-2.536,-4.685,-7.618,-5.733,5.733,8.101,49.316
1093,1,3.682,-25.232,-60.226,-1.365,-0.010,0.565,-2.536,-4.685,-7.618,-5.733,5.733,8.101,49.316
1093,1,3.682,-25.232,-60.226,-1.365,-0.010,0.565,-2.536,-4.685,-7.618,-5.733,5.733,8.101,49.316
1093,1,3.682,-25.232,-60.226,-1.365,-0.010,0.565,-2.536,-4.685,-7.618,-5.733,5.733,8.101,49.316
1093,1,3.682,-25.232,-60.226,-1.365,-0.010,0.565,-2.536,-4.685,-7.618,-5.733,5.733,8.101,49.316
1093,1,3.682,-25.232,-60.226,-1.365,-0.010,0.565,-2.536,-4.685,-7.618,-5.733,5.733,8.101,49.316
1093,1,3.682,-25.232,-60.226,-1.365,-0.010,0.565,-2.536,-4.685,-7.618,-5.733,5.733,8.101,49.316
1093,1,3.682,-25.232,-60.226,-1.365,-0.010,0.565,-2.536,-4.685,-7.618,-5.733,5.733,8.101,49.316
1093,1,3.682,-25.232,-60.226,-1.365,-0.010,0.565,-2.536,-4.685,-7.618,-5.733,5.733,8.101,49.316
1093,1,3.682,-25.232,-60.226,-1.365,-0.010,0.565,-2.536,-4.685,-7.618,-5.733,5.733,8.101,49.316
1093,1,3.682,-25.232,-60.226,-1.365,-0.010,0.565,-2.536,-4.685,-7.618,-5.733,5.733,8.101,49.316
1093,1,3.682,-25.232,-60.226,-1.365,-0.010,0.565,-2.536,-4.685,-7.618,-5.733,5.733,8.101,49.316
1093,1,3.682,-25.232,-60.226,-1.365,-0.010,0.565,-2.536,-4.685,-7.618,-5.733,5.733,8.101,49.316
1093,1,3.682,-25.232,-60.226,-1.365,-0.010,0.565,-2.536,-4.685,-7.618,-5.733,5.733,8.101,49.316
1093,1,3.682,-25.232,-60.226,-1.365,-0.010,0.565,-2.536,-4.685,-7.618,-5.733,5.733,8.101,49.316
1093,1,3.682,-25.232,-60.226,-1.365,-0.010,0.565,-2.536,-4.685,-7.618,-5.733,5.733,8.101,49.316
1093,1,3.682,-25.232,-60.226,-1.365,-0.010,0.565,-2.536,-4.685,-7.618,-5.733,5.733,8.101,49.316
1093,1,3.682,-25.232,-60.226,-1.365,-0.010,0.565,-2.536,-4.685,-7.618,-5.733,5.733,8.101,49.316
1093,1,3.682,-25.232,-60.226,-1.365,-0.010,0.565,-2.536,-4.685,-7.618,-5.733,5.733,8.101,49.316
1093,1,3.682,-25.232,-60.226,-1.365,-0.010,0.565,-2.536,-4.685,-7.618,-5.733,5.733,8.101,49.316
1093,1,3.682,-25.232,-60.226,-1.365,-0.010,0.565,-2.536,-4.685,-7.618,-5.733,5.733,8.101,49.316
1093,1,3.682,-25.232,-60.226,-1.365,-0.010,0.565,-2.536,-4.685,-7.618,-5.733,5.733,8.101,49.316
1093,1,3.682,-25.232,-60.226,-1.365,-0.010,0.565,-2.536,-4.685,-7.618,-5.733,5.733,8.101,49.316
1093,1,3.682,-25.232,-60.226,-1.365,-0.010,0.565,-2.536,-4.685,-7.618,-5.733,5.733,8.101,49.316
1093,1,3.682,-25.232,-60.226,-1.365,-0.010,0.565,-2.536,-4.685,-7.618,-5.733,5.733,8.101,49.316
1093,1,3.682,-25.232,-60.226,-1.365,-0.010,0.565,-2.536,-4.685,-7.618,-5.733,5.733,8.101,49.316
1093,1,3.682,-25.232,-60.226,-1.365,-0.010,0.565,-2.536,-4.685,-7.618,-5.733,5.733,8.101,49.316
1093,1,3.682,-25.232,-60.226,-1.365,-0.010,0.565,-2.536,-4.685,-7.618,-5.733,5.733,8.101,49.316
1093,1,3.682,-25.232,-60.226,-1.365,-0.010,0.565,-2.536,-4.685,-7.618,-5.733,5.733,8.101,49.316
1093,1,3.682,-25.232,-60.226,-1.365,-0.010,0.565,-2.536,-4.685,-7.618,-5.733,5.733,8.101,49.316
1093,1,3.682,-25.232,-60.226,-1.365,-0.010,0.565,-2.536,-4.685,-7.618,-5.733,5.733,8.101,49.316
1093,1,3.682,-25.232,-60.226,-1.365,-0.010,0.565,-2.536,-4.685,-7.618,-5.733,5.733,8.101,49.316
1093,1,3.682,-25.232,-60.226,-1.365,-0.010,0.565,-2.536,-4.685,-7.618,-5.733,5.733,8.101,49.316
1093,1,3.682,-25.232,-60.226,-1.365,-0.010,0.565,-2.536,-4.685,-7.618,-5.733,5.733,8.101,49.316
1093,1,3.682,-25.232,-60.226,-1.365,-0.010,0.565,-2.536,-4.685,-7.618,-5.733,5.733,8.101,49.316
1093,1,3.682,-25.232,-60.226,-1.365,-0.010,0.565,-2.536,-4.685,-7.618,-5.733,5.733,8.101,49.316
1093,1,3.682,-25.232,-60.226,-1.365,-0.010,0.565,-2.536,-4.685,-7.618,-5.733,5.733,8.101,49.316
1093,1,3.682,-25.232,-60.226,-1.365,-0.010,0.565,-2.536,-4.685,-7.618,-5.733,5.733,8.101,49.316
1093,1,3.682,-25.232,-60.226,-1.365,-0.010,0.565,-2.536,-4.685,-7.618,-5.733,5.733,8.101,49.316
1093,1,3.682,-25.232,-60.226,-1.365,-0.010,0.565,-2.536,-4.685,-7.618,-5.733,5.733,8.101,49.316
1093,1,3.682,-25.232,-60.226,-1.365,-0.010,0.565,-2.536,-4.685,-7.618,-5.733,5.733,8.101,49.316
1093,1,3.682,-25.232,-60.226,-1.365,-0.010,0.565,-2.536,-4.685,-7.618,-5.733,5.733,8.101,49.316
1093,1,3.682,-25.232,-60.226,-1.365,-0.010,0.565,-2.536,-4.685,-7.618,-5.733,5.733,8.101,49.316
1093,1,3.682,-25.232,-60.226,-1.365,-0.010,0.565,-2.536,-4.685,-7.618,-5.733,5.733,8.101,49.316
1093,1,3.682,-25.232,-60.226,-1.365,-0.010,0.565,-2.536,-4.685,-7.618,-5.733,5.733,8.101,49.316
1093,1,3.682,-25.232,-60.226,-1.365,-0.010,0.565,-2.536,-4.685,-7.618,-5.733,5.733,8.101,49.316
1093,1,3.682,-25.232,-60.226,-1.365,-0.010,0.565,-2.536,-4.685,-7.618,-5.733,5.733,8.101,49.316
1093,1,3.682,-25.232,-60.226,-1.365,-0.010,0.565,-2.536,-4.685,-7.618,-5.733,5.733,8.101,49.316
1093,1,3.682,-25.232,-60.226,-1.365,-0.010,0.565,-2.536,-4.685,-7.618,-5.733,5.733,8.101,49.316
1093,1,3.682,-25.232,-60.226,-1.365,-0.010,0.565,-2.536,-4.685,-7.618,-5.733,5.733,8.101,49.316
1093,1,3.682,-25.232,-60.226,-1.365,-0.010,0.565,-2.536,-4.685,-7.618,-5.733,5.733,8.101,49.316
1093,1,3.682,-25.232,-60.226,-1.365,-0.010,0.565,-2.536,-4.685,-7.618,-5.733,5.733,8.101,49.316
1093,1,3.682,-25.232,-60.226,-1.365,-0.010,0.565,-2.536,-4.685,-7.618,-5.733,5.733,8.101,49.316
1093,1,3.682,-25.232,-60.226,-1.365,-0.010,0.565,-2.536,-4.685,-7.618,-5.733,5.733,8.101,49.316
1093,1,3.682,-25.232,-60.226,-1.365,-0.010,0.565,-2.536,-4.685,-7.618,-5.733,5.733,8.101,49.316
1093,1,3.682,-25.232,-60.226,-1.365,-0.010,0.565,-2.536,-4.685,-7.618,-5.733,5.733,8.101,49.316
1093,1,3.682,-25.232,-60.226,-1.365,-0.010,0.565,-2.536,-4.685,-7.618,-5.733,5.733,8.101,49.316
1093,1,3.682,-25.232,-60.226,-1.365,-0.010,0.565,-2.536,-4.685,-7.618,-5.733,5.733,8.101,49.316
1093,1,3.682,-25.232,-60.226,-1.365,-0.010,0.565,-2.536,-4.685,-7.618,-5.733,5.733,8.101,49.316
1093,1,3.682,-25.232,-60.226,-1.365,-0.010,0.565,-2.536,-4.685,-7.618,-5.733,5.733,8.101,49.316
1093,1,3.682,-25.232,-60.226,-1.365,-0.010,0.565,-2.536,-4.685,-7.618,-5.733,5.733,8.101,49.316
1093,1,3.682,-25.232,-60.226,-1.365,-0.010,0.565,-2.536,-4.685,-7.618,-5.733,5.733,8.101,49.316
1093,1,3.682,-25.232,-60.226,-1.365,-0.010,0.565,-2.536,-4.685,-7.618,-5.733,5.733,8.101,49.316
1093,1,3.682,-25.232,-60.226,-1.365,-0.010,0.565,-2.536,-4.685,-7.618,-5.733,5.733,8.101,49.316
1093,1,3.682,-25.232,-60.226,-1.365,-0.010,0.565,-2.536,-4.685,-7.618,-5.733,5.733,8.101,49.316
1093,1,3.682,-25.232,-60.226,-1.365,-0.010,0.565,-2.536,-4.685,-7.618,-5.733,5.733,8.101,49.316
1093,1,3.682,-25.232,-60.226,-1.365,-0.010,0.565,-2.536,-4.685,-7.618,-5.733,5.733,8.101,49.316
1093,1,3.682,-25.232,-60.226,-1.365,-0.010,0.565,-2.536,-4.685,-7.618,-5.733,5.733,8.101,49.316
1093,1,3.682,-25.232,-60.226,-1.365,-0.010,0.565,-2.536,-4.685,-7.618,-5.733,5.733,8.101,49.316
1093,1,3.682,-25.232,-60.226,-1.365,-0.010,0.565,-2.536,-4.685,-7.618,-5.733,5.733,8.101,49.316
1093,1,3.682,-25.232,-60.226,-1.365,-0.010,0.565,-2.536,-4.685,-7.618,-5.733,5.733,8.101,49.316
1093,1,3.682,-25.232,-60.226,-1.365,-0.010,0.565,-2.536,-4.685,-7.618,-5.733,5.733,8.101,49.316
1093,1,3.682,-25.232,-60.226,-1.365,-0.010,0.565,-2.536,-4.685,-7.618,-5.733,5.733,8.101,49.316
1093,1,3.682,-25.232,-60.226,-1.365,-0.010,0.565,-2.536,-4.685,-7.618,-5.733,5.733,8.101,49.316
1093,1,3.682,-25.232,-60.226,-1.365,-0.010,0.565,-2.536,-4.685,-7.618,-5.733,5.733,8.101,49.316
1093,1,3.682,-25.232,-60.226,-1.365,-0.010,0.565,-2.536,-4.685,-7.618,-5.733,5.733,8.101,49.316
1093,1,3.682,-25.232,-60.226,-1.365,-0.010,0.565,-2.536,-4.685,-7.618,-5.733,5.733,8.101,49.316
1093,1,3.682,-25.232,-60.226,-1.365,-0.010,0.565,-2.536,-4.685,-7.618,-5.733,5.733,8.101,49.316
1093,1,3.682,-25.232,-60.226,-1.365,-0.010,0.565,-2.536,-4.685,-7.618,-5.733,5.733,8.101,49.316
1093,1,3.682,-25.232,-60.226,-1.365,-0.010,0.565,-2.536,-4.685,-7.618,-5.733,5.733,8.101,49.316
1093,1,3.682,-25.232,-60.226,-1.365,-0.010,0.565,-2.536,-4.685,-7.618,-5.733,5.733,8.101,49.316
1093,1,3.682,-25.232,-60.226,-1.365,-0.010,0.565,-2.536,-4.685,-7.618,-5.733,5.733,8.101,49.316
1093,1,3.682,-25.232,-60.226,-1.365,-0.010,0.565,-2.536,-4.685,-7.618,-5.733,5.733,8.101,49.316
1093,1,3.682,-25.232,-60.226,-1.365,-0.010,0.565,-2.536,-4.685,-7.618,-5.733,5.733,8.101,49.316
1093,1,3.682,-25.232,-60.226,-1.365,-0.010,0.565,-2.536,-4.685,-7.618,-5.733,5.733,8.101,49.316
1093,1,3.682,-25.232,-60.226,-1.365,-0.010,0.565,-2.536,-4.685,-7.618,-5.733,5.733,8.101,49.316
1093,1,3.682,-25.232,-60.226,-1.365,-0.010,0.565,-2.536,-4.685,-7.618,-5.733,5.733,8.101,49.316
1093,1,3.682,-25.232,-60.226,-1.365,-0.010,0.565,-2.536,-4.685,-7.618,-5.733,5.733,8.101,49.316
1093,1,3.682,-25.232,-60.226,-1.365,-0.010,0.565,-2.536,-4.685,-7.618,-5.733,5.733,8.101,49.316
1093,1,3.682,-25.232,-60.226,-1.365,-0.010,0.565,-2.536,-4.685,-7.618,-5.733,5.733,8.101,49.316
1093,1,3.682,-25.232,-60.226,-1.365,-0.010,0.565,-2.536,-4.685,-7.618,-5.733,5.733,8.101,49.316
1093,1,3.682,-25.232,-60.226,-1.365,-0.010,0.565,-2.536,-4.685,-7.618,-5.733,5.733,8.101,49.316
1093,1,3.682,-25.232,-60.226,-1.365,-0.010,0.565,-2.536,-4.685,-7.618,-5.733,5.733,8.101,49.316
1093,1,3.682,-25.232,-60.226,-1.365,-0.010,0.565,-2.536,-4.685,-7.618,-5.733,5.733,8.101,49.316
1093,1,3.682,-25.232,-60.226,-1.365,-0.010,0.565,-2.536,-4.685,-7.618,-5.733,5.733,8.101,49.316
1093,1,3.682,-25.232,-60.226,-1.365,-0.010,0.565,-2.536,-4.685,-7.618,-5.733,5.733,8.101,49.316
1093,1,3.682,-25.232,-60.226,-1.365,-0.010,0.565,-2.536,-4.685,-7.618,-5.733,5.733,8.101,49.316
1093,1,3.682,-25.232,-60.226,-1.365,-0.010,0.565,-2.536,-4.685,-7.618,-5.733,5.733,8.101,49.316
1093,1,3.682,-25.232,-60.226,-1.365,-0.010,0.565,-2.536,-4.685,-7.618,-5.733,5.733,8.101,49.316
1093,1,3.682,-25.232,-60.226,-1.365,-0.010,0.565,-2.536,-4.685,-7.618,-5.733,5.733,8.101,49.316
1093,1,3.682,-25.232,-60.226,-1.365,-0.010,0.565,-2.536,-4.685,-7.618,-5.733,5.733,8.101,49.316
1093,1,3.682,-25.232,-60.226,-1.365,-0.010,0.565,-2.536,-4.685,-7.618,-5.733,5.733,8.101,49.316
1093,1,3.682,-25.232,-60.226,-1.365,-0.010,0.565,-2.536,-4.685,-7.618,-5.733,5.733,8.101,49.316
1093,1,3.682,-25.232,-60.226,-1.365,-0.010,0.565,-2.536,-4.685,-7.618,-5.733,5.733,8.101,49.316
1093,1,3.682,-25.232,-60.226,-1.365,-0.010,0.565,-2.536,-4.685,-7.618,-5.733,5.733,8.101,49.316
1093,1,3.682,-25.232,-60.226,-1.365,-0.010,0.565,-2.536,-4.685,-7.618,-5.733,5.733,8.101,49.316
1093,1,3.682,-25.232,-60.226,-1.365,-0.010,0.565,-2.536,-4.685,-7.618,-5.733,5.733,8.101,49.316
1093,1,3.682,-25.232,-60.226,-1.365,-0.010,0.565,-2.536,-4.685,-7.618,-5.733,5.733,8.101,49.316
1093,1,3.682,-25.232,-60.226,-1.365,-0.010,0.565,-2.536,-4.685,-7.618,-5.733,5.733,8.101,49.316
1093,1,3.682,-25.232,-60.226,-1.365,-0.010,0.565,-2.536,-4.685,-7.618,-5.733,5.733,8.101,49.316
1093,1,3.682,-25.232,-60.226,-1.365,-0.010,0.565,-2.536,-4.685,-7.618,-5.733,5.733,8.101,49.316
1093,1,3.682,-25.232,-60.226,-1.365,-0.010,0.565,-2.536,-4.685,-7.618,-5.733,5.733,8.101,49.316
1093,1,3.682,-25.232,-60.226,-1.365,-0.010,0.565,-2.536,-4.685,-7.618,-5.733,5.733,8.101,49.316
1093,1,3.682,-25.232,-60.226,-1.365,-0.010,0.565,-2.536,-4.685,-7.618,-5.733,5.733,8.101,49.316
1093,1,3.682,-25.232,-60.226,-1.365,-0.010,0.565,-2.536,-4.685,-7.618,-5.733,5.733,8.101,49.316
1093,1,3.682,-25.232,-60.226,-1.365,-0.010,0.565,-2.536,-4.685,-7.618,-5.733,5.733,8.101,49.316
1093,1,3.682,-25.232,-60.226,-1.365,-0.010,0.565,-2.536,-4.685,-7.618,-5.733,5.733,8.101,49.316
1093,1,3.682,-25.232,-60.226,-1.365,-0.010,0.565,-2.536,-4.685,-7.618,-5.733,5.733,8.101,49.316
1093,1,3.682,-25.232,-60.226,-1.365,-0.010,0.565,-2.536,-4.685,-7.618,-5.733,5.733,8.101,49.316
1093,1,3.682,-25.232,-60.226,-1.365,-0.010,0.565,-2.536,-4.685,-7.618,-5.733,5.733,8.101,49.316
1093,1,3.682,-25.232,-60.226,-1.365,-0.010,0.565,-2.536,-4.685,-7.618,-5.733,5.733,8.101,49.316
1093,1,3.682,-25.232,-60.226,-1.365,-0.010,0.565,-2.536,-4.685,-7.618,-5.733,5.733,8.101,49.316
1093,1,3.682,-25.232,-60.226,-1.365,-0.010,0.565,-2.536,-4.685,-7.618,-5.733,5.733,8.101,49.316
1093,1,3.682,-25.232,-60.226,-1.365,-0.010,0.565,-2.536,-4.685,-7.618,-5.733,5.733,8.101,49.316
1093,1,3.682,-25.232,-60.226,-1.365,-0.010,0.565,-2.536,-4.685,-7.618,-5.733,5.733,8.101,49.316
1093,1,3.682,-25.232,-60.226,-1.365,-0.010,0.565,-2.536,-4.685,-7.618,-5.733,5.733,8.101,49.316
1093,1,3.682,-25.232,-60.226,-1.365,-0.010,0.565,-2.536,-4.685,-7.618,-5.733,5.733,8.101,49.316
1093,1,3.682,-25.232,-60.226,-1.365,-0.010,0.565,-2.536,-4.685,-7.618,-5.733,5.733,8.101,49.316
1093,1,3.682,-25.232,-60.226,-1.365,-0.010,0.565,-2.536,-4.685,-7.618,-5.733,5.733,8.101,49.316
1093,1,3.682,-25.232,-60.226,-1.365,-0.010,0.565,-2.536,-4.685,-7.618,-5.733,5.733,8.101,49.316
1093,1,3.682,-25.232,-60.226,-1.365,-0.010,0.565,-2.536,-4.685,-7.618,-5.733,5.733,8.101,49.316
1093,1,3.682,-25.232,-60.226,-1.365,-0.010,0.565,-2.536,-4.685,-7.618,-5.733,5.733,8.101,49.316
1093,1,3.682,-25.232,-60.226,-1.365,-0.010,0.565,-2.536,-4.685,-7.618,-5.733,5.733,8.101,49.316
1093,1,3.682,-25.232,-60.226,-1.365,-0.010,0.565,-2.536,-4.685,-7.618,-5.733,5.733,8.101,49.316
1093,1,3.682,-25.232,-60.226,-1.365,-0.010,0.565,-2.536,-4.685,-7.618,-5.733,5.733,8.101,49.316
1093,1,3.682,-25.232,-60.226,-1.365,-0.010,0.565,-2.536,-4.685,-7.618,-5.733,5.733,8.101,49.316
1093,1,3.682,-25.232,-60.226,-1.365,-0.010,0.565,-2.536,-4.685,-7.618,-5.733,5.733,8.101,49.316
1093,1,3.682,-25.232,-60.226,-1.365,-0.010,0.565,-2.536,-4.685,-7.618,-5.733,5.733,8.101,49.316
1093,1,3.682,-25.232,-60.226,-1.365,-0.010,0.565,-2.536,-4.685,-7.618,-5.733,5.733,8.101,49.316
1093,1,3.682,-25.232,-60.226,-1.365,-0.010,0.565,-2.536,-4.685,-7.618,-5.733,5.733,8.101,49.316
1093,1,3.682,-25.232,-60.226,-1.365,-0.010,0.565,-2.536,-4.685,-7.618,-5.733,5.733,8.101,49.316
1093,1,3.682,-25.232,-60.226,-1.365,-0.010,0.565,-2.536,-4.685,-7.618,-5.733,5.733,8.101,49.316
1093,1,3.682,-25.232,-60.226,-1.365,-0.010,0.565,-2.536,-4.685,-7.618,-5.733,5.733,8.101,49.316
1093,1,3.682,-25.232,-60.226,-1.365,-0.010,0.565,-2.536,-4.685,-7.618,-5.733,5.733,8.101,49.316
1093,1,3.682,-25.232,-60.226,-1.365,-0.010,0.565,-2.536,-4.685,-7.618,-5.733,5.733,8.101,49.316
1093,1,3.682,-25.232,-60.226,-1.365,-0.010,0.565,-2.536,-4.685,-7.618,-5.733,5.733,8.101,49.316
1093,1,3.682,-25.232,-60.226,-1.365,-0.010,0.565,-2.536,-4.685,-7.618,-5.733,5.733,8.101,49.316
1093,1,3.682,-25.232,-60.226,-1.365,-0.010,0.565,-2.536,-4.685,-7.618,-5.733,5.733,8.101,49.316
1093,1,3.682,-25.232,-60.226,-1.365,-0.010,0.565,-2.536,-4.685,-7.618,-5.733,5.733,8.101,49.316
1093,1,3.682,-25.232,-60.226,-1.365,-0.010,0.565,-2.536,-4.685,-7.618,-5.733,5.733,8.101,49.316
1093,1,3.682,-25.232,-60.226,-1.365,-0.010,0.565,-2.536,-4.685,-7.618,-5.733,5.733,8.101,49.316
1093,1,3.682,-25.232,-60.226,-1.365,-0.010,0.565,-2.536,-4.685,-7.618,-5.733,5.733,8.101,49.316
1093,1,3.682,-25.232,-60.226,-1.365,-0.010,0.565,-2.536,-4.685,-7.618,-5.733,5.733,8.101,49.316
1093,1,3.682,-25.232,-60.226,-1.365,-0.010,0.565,-2.536,-4.685,-7.618,-5.733,5.733,8.101,49.316
1093,1,3.682,-25.232,-60.226,-1.365,-0.010,0.565,-2.536,-4.685,-7.618,-5.733,5.733,8.101,49.316
1093,1,3.682,-25.232,-60.226,-1.365,-0.010,0.565,-2.536,-4.685,-7.618,-5.733,5.733,8.101,49.316
1093,1,3.682,-25.232,-60.226,-1.365,-0.010,0.565,-2.536,-4.685,-7.618,-5.733,5.733,8.101,49.316
1093,1,3.682,-25.232,-60.226,-1.365,-0.010,0.565,-2.536,-4.685,-7.618,-5.733,5.733,8.101,49.316
1093,1,3.682,-25.232,-60.226,-1.365,-0.010,0.565,-2.536,-4.685,-7.618,-5.733,5.733,8.101,49.316
1093,1,3.682,-25.232,-60.226,-1.365,-0.010,0.565,-2.536,-4.685,-7.618,-5.733,5.733,8.101,49.316
1093,1,3.682,-25.232,-60.226,-1.365,-0.010,0.565,-2.536,-4.685,-7.618,-5.733,5.733,8.101,49.316
1093,1,3.682,-25.232,-60.226,-1.365,-0.010,0.565,-2.536,-4.685,-7.618,-5.733,5.733,8.101,49.316
1093,1,3.682,-25.232,-60.226,-1.365,-0.010,0.565,-2.536,-4.685,-7.618,-5.733,5.733,8.101,49.316
1093,1,3.682,-25.232,-60.226,-1.365,-0.010,0.565,-2.536,-4.685,-7.618,-5.733,5.733,8.101,49.316
1093,1,3.682,-25.232,-60.226,-1.365,-0.010,0.565,-2.536,-4.685,-7.618,-5.733,5.733,8.101,49.316
1093,1,3.682,-25.232,-60.226,-1.365,-0.010,0.565,-2.536,-4.685,-7.618,-5.733,5.733,8.101,49.316
1093,1,3.682,-25.232,-60.226,-1.365,-0.010,0.565,-2.536,-4.685,-7.618,-5.733,5.733,8.101,49.316
1093,1,3.682,-25.232,-60.226,-1.365,-0.010,0.565,-2.536,-4.685,-7.618,-5.733,5.733,8.101,49.316
1093,1,3.682,-25.232,-60.226,-1.365,-0.010,0.565,-2.536,-4.685,-7.618,-5.733,5.733,8.101,49.316
1093,1,3.682,-25.232,-60.226,-1.365,-0.010,0.565,-2.536,-4.685,-7.618,-5.733,5.733,8.101,49.316
1093,1,3.682,-25.232,-60.226,-1.365,-0.010,0.565,-2.536,-4.685,-7.618,-5.733,5.733,8.101,49.316
1093,1,3.682,-25.232,-60.226,-1.365,-0.010,0.565,-2.536,-4.685,-7.618,-5.733,5.733,8.101,49.316
1093,1,3.682,-25.232,-60.226,-1.365,-0.010,0.565,-2.536,-4.685,-7.618,-5.733,5.733,8.101,49.316
1093,1,3.682,-25.232,-60.226,-1.365,-0.010,0.565,-2.536,-4.685,-7.618,-5.733,5.733,8.101,49.316
1093,1,3.682,-25.232,-60.226,-1.365,-0.010,0.565,-2.536,-4.685,-7.618,-5.733,5.733,8.101,49.316
1093,1,3.682,-25.232,-60.226,-1.365,-0.010,0.565,-2.536,-4.685,-7.618,-5.733,5.733,8.101,49.316
1093,1,3.682,-25.232,-60.226,-1.365,-0.010,0.565,-2.536,-4.685,-7.618,-5.733,5.733,8.101,49.316
1093,1,3.682,-25.232,-60.226,-1.365,-0.010,0.565,-2.536,-4.685,-7.618,-5.733,5.733,8.101,49.316
1093,1,3.682,-25.232,-60.226,-1.365,-0.010,0.565,-2.536,-4.685,-7.618,-5.733,5.733,8.101,49.316
1093,1,3.682,-25.232,-60.226,-1.365,-0.010,0.565,-2.536,-4.685,-7.618,-5.733,5.733,8.101,49.316
1093,1,3.682,-25.232,-60.226,-1.365,-0.010,0.565,-2.536,-4.685,-7.618,-5.733,5.733,8.101,49.316
1093,1,3.682,-25.232,-60.226,-1.365,-0.010,0.565,-2.536,-4.685,-7.618,-5.733,5.733,8.101,49.316
1093,1,3.682,-25.232,-60.226,-1.365,-0.010,0.565,-2.536,-4.685,-7.618,-5.733,5.733,8.101,49.316
1093,1,3.682,-25.232,-60.226,-1.365,-0.010,0.565,-2.536,-4.685,-7.618,-5.733,5.733,8.101,49.316
1093,1,3.682,-25.232,-60.226,-1.365,-0.010,0.565,-2.536,-4.685,-7.618,-5.733,5.733,8.101,49.316
1093,1,3.682,-25.232,-60.226,-1.365,-0.010,0.565,-2.536,-4.685,-7.618,-5.733,5.733,8.101,49.316
1093,1,3.682,-25.232,-60.226,-1.365,-0.010,0.565,-2.536,-4.685,-7.618,-5.733,5.733,8.101,49.316
1093,1,3.682,-25.232,-60.226,-1.365,-0.010,0.565,-2.536,-4.685,-7.618,-5.733,5.733,8.101,49.316
1093,1,3.682,-25.232,-60.226,-1.365,-0.010,0.565,-2.536,-4.685,-7.618,-5.733,5.733,8.101,49.316
1093,1,3.682,-25.232,-60.226,-1.365,-0.010,0.565,-2.536,-4.685,-7.618,-5.733,5.733,8.101,49.316
1093,1,3.682,-25.232,-60.226,-1.365,-0.010,0.565,-2.536,-4.685,-7.618,-5.733,5.733,8.101,49.316
1093,1,3.682,-25.232,-60.226,-1.365,-0.010,0.565,-2.536,-4.685,-7.618,-5.733,5.733,8.101,49.316
1093,1,3.682,-25.232,-60.226,-1.365,-0.010,0.565,-2.536,-4.685,-7.618,-5.733,5.733,8.101,49.316
1093,1,3.682,-25.232,-60.226,-1.365,-0.010,0.565,-2.536,-4.685,-7.618,-5.733,5.733,8.101,49.316
1093,1,3.682,-25.232,-60.226,-1.365,-0.010,0.565,-2.536,-4.685,-7.618,-5.733,5.733,8.101,49.316
1093,1,3.682,-25.232,-60.226,-1.365,-0.010,0.565,-2.536,-4.685,-7.618,-5.733,5.733,8.101,49.316
1093,1,3.682,-25.232,-60.226,-1.365,-0.010,0.565,-2.536,-4.685,-7.618,-5.733,5.733,8.101,49.316
1093,1,3.682,-25.232,-60.226,-1.365,-0.010,0.565,-2.536,-4.685,-7.618,-5.733,5.733,8.101,49.316
1093,1,3.682,-25.232,-60.226,-1.365,-0.010,0.565,-2.536,-4.685,-7.618,-5.733,5.733,8.101,49.316
1093,1,3.682,-25.232,-60.226,-1.365,-0.010,0.565,-2.536,-4.685,-7.618,-5.733,5.733,8.101,49.316
1093,1,3.682,-25.232,-60.226,-1.365,-0.010,0.565,-2.536,-4.685,-7.618,-5.733,5.733,8.101,49.316
1093,1,3.682,-25.232,-60.226,-1.365,-0.010,0.565,-2.536,-4.685,-7.618,-5.733,5.733,8.101,49.316
1093,1,3.682,-25.232,-60.226,-1.365,-0.010,0.565,-2.536,-4.685,-7.618,-5.733,5.733,8.101,49.316
1093,1,3.682,-25.232,-60.226,-1.365,-0.010,0.565,-2.536,-4.685,-7.618,-5.733,5.733,8.101,49.316
1093,1,3.682,-25.232,-60.226,-1.365,-0.010,0.565,-2.536,-4.685,-7.618,-5.733,5.733,8.101,49.316
1093,1,3.682,-25.232,-60.226,-1.365,-0.010,0.565,-2.536,-4.685,-7.618,-5.733,5.733,8.101,49.316
1093,1,3.682,-25.232,-60.226,-1.365,-0.010,0.565,-2.536,-4.685,-7.618,-5.733,5.733,8.101,49.316
1093,1,3.682,-25.232,-60.226,-1.365,-0.010,0.565,-2.536,-4.685,-7.618,-5.733,5.733,8.101,49.316
1093,1,3.682,-25.232,-60.226,-1.365,-0.010,0.565,-2.536,-4.685,-7.618,-5.733,5.733,8.101,49.316
1093,1,3.682,-25.232,-60.226,-1.365,-0.010,0.565,-2.536,-4.685,-7.618,-5.733,5.733,8.101,49.316
1093,1,3.682,-25.232,-60.226,-1.365,-0.010,0.565,-2.536,-4.685,-7.618,-5.733,5.733,8.101,49.316
1093,1,3.682,-25.232,-60.226,-1.365,-0.010,0.565,-2.536,-4.685,-7.618,-5.733,5.733,8.101,49.316
1093,1,3.682,-25.232,-60.226,-1.365,-0.010,0.565,-2.536,-4.685,-7.618,-5.733,5.733,8.101,49.316
1093,1,3.682,-25.232,-60.226,-1.365,-0.010,0.565,-2.536,-4.685,-7.618,-5.733,5.733,8.101,49.316
1093,1,3.682,-25.232,-60.226,-1.365,-0.010,0.565,-2.536,-4.685,-7.618,-5.733,5.733,8.101,49.316
1093,1,3.682,-25.232,-60.226,-1.365,-0.010,0.565,-2.536,-4.685,-7.618,-5.733,5.733,8.101,49.316
1093,1,3.682,-25.232,-60.226,-1.365,-0.010,0.565,-2.536,-4.685,-7.618,-5.733,5.733,8.101,49.316
1093,1,3.682,-25.232,-60.226,-1.365,-0.010,0.565,-2.536,-4.685,-7.618,-5.733,5.733,8.101,49.316
1093,1,3.682,-25.232,-60.226,-1.365,-0.010,0.565,-2.536,-4.685,-7.618,-5.733,5.733,8.101,49.316
1093,1,3.682,-25.232,-60.226,-1.365,-0.010,0.565,-2.536,-4.685,-7.618,-5.733,5.733,8.101,49.316
1093,1,3.682,-25.232,-60.226,-1.365,-0.010,0.565,-2.536,-4.685,-7.618,-5.733,5.733,8.101,49.316
1093,1,3.682,-25.232,-60.226,-1.365,-0.010,0.565,-2.536,-4.685,-7.618,-5.733,5.733,8.101,49.316
1093,1,3.682,-25.232,-60.226,-1.365,-0.010,0.565,-2.536,-4.685,-7.618,-5.733,5.733,8.101,49.316
1093,1,3.682,-25.232,-60.226,-1.365,-0.010,0.565,-2.536,-4.685,-7.618,-5.733,5.733,8.101,49.316
1093,1,3.682,-25.232,-60.226,-1.365,-0.010,0.565,-2.536,-4.685,-7.618,-5.733,5.733,8.101,49.316
1093,1,3.682,-25.232,-60.226,-1.365,-0.010,0.565,-2.536,-4.685,-7.618,-5.733,5.733,8.101,49.316
1093,1,3.682,-25.232,-60.226,-1.365,-0.010,0.565,-2.536,-4.685,-7.618,-5.733,5.733,8.101,49.316
1093,1,3.682,-25.232,-60.226,-1.365,-0.010,0.565,-2.536,-4.685,-7.618,-5.733,5.733,8.101,49.316
1093,1,3.682,-25.232,-60.226,-1.365,-0.010,0.565,-2.536,-4.685,-7.618,-5.733,5.733,8.101,49.316
1093,1,3.682,-25.232,-60.226,-1.365,-0.010,0.565,-2.536,-4.685,-7.618,-5.733,5.733,8.101,49.316
1093,1,3.682,-25.232,-60.226,-1.365,-0.010,0.565,-2.536,-4.685,-7.618,-5.733,5.733,8.101,49.316
1093,1,3.682,-25.232,-60.226,-1.365,-0.010,0.565,-2.536,-4.685,-7.618,-5.733,5.733,8.101,49.316
1093,1,3.682,-25.232,-60.226,-1.365,-0.010,0.565,-2.536,-4.685,-7.618,-5.733,5.733,8.101,49.316
1093,1,3.682,-25.232,-60.226,-1.365,-0.010,0.565,-2.536,-4.685,-7.618,-5.733,5.733,8.101,49.316
1093,1,3.682,-25.232,-60.226,-1.365,-0.010,0.565,-2.536,-4.685,-7.618,-5.733,5.733,8.101,49.316
1093,1,3.682,-25.232,-60.226,-1.365,-0.010,0.565,-2.536,-4.685,-7.618,-5.733,5.733,8.101,49.316
1093,1,3.682,-25.232,-60.226,-1.365,-0.010,0.565,-2.536,-4.685,-7.618,-5.733,5.733,8.101,49.316
1093,1,3.682,-25.232,-60.226,-1.365,-0.010,0.565,-2.536,-4.685,-7.618,-5.733,5.733,8.101,49.316
1093,1,3.682,-25.232,-60.226,-1.365,-0.010,0.565,-2.536,-4.685,-7.618,-5.733,5.733,8.101,49.316
1093,1,3.682,-25.232,-60.226,-1.365,-0.010,0.565,-2.536,-4.685,-7.618,-5.733,5.733,8.101,49.316
1093,1,3.682,-25.232,-60.226,-1.365,-0.010,0.565,-2.536,-4.685,-7.618,-5.733,5.733,8.101,49.316
1093,1,3.682,-25.232,-60.226,-1.365,-0.010,0.565,-2.536,-4.685,-7.618,-5.733,5.733,8.101,49.316
1093,1,3.682,-25.232,-60.226,-1.365,-0.010,0.565,-2.536,-4.685,-7.618,-5.733,5.733,8.101,49.316
1093,1,3.682,-25.232,-60.226,-1.365,-0.010,0.565,-2.536,-4.685,-7.618,-5.733,5.733,8.101,49.316
1093,1,3.682,-25.232,-60.226,-1.365,-0.010,0.565,-2.536,-4.685,-7.618,-5.733,5.733,8.101,49.316
1093,1,3.682,-25.232,-60.226,-1.365,-0.010,0.565,-2.536,-4.685,-7.618,-5.733,5.733,8.101,49.316
1093,1,3.682,-25.232,-60.226,-1.365,-0.010,0.565,-2.536,-4.685,-7.618,-5.733,5.733,8.101,49.316
1093,1,3.682,-25.232,-60.226,-1.365,-0.010,0.565,-2.536,-4.685,-7.618,-5.733,5.733,8.101,49.316
1093,1,3.682,-25.232,-60.226,-1.365,-0.010,0.565,-2.536,-4.685,-7.618,-5.733,5.733,8.101,49.316
1093,1,3.682,-25.232,-60.226,-1.365,-0.010,0.565,-2.536,-4.685,-7.618,-5.733,5.733,8.101,49.316
1093,1,3.682,-25.232,-60.226,-1.365,-0.010,0.565,-2.536,-4.685,-7.618,-5.733,5.733,8.101,49.316
1093,1,3.682,-25.232,-60.226,-1.365,-0.010,0.565,-2.536,-4.685,-7.618,-5.733,5.733,8.101,49.316
1093,1,3.682,-25.232,-60.226,-1.365,-0.010,0.565,-2.536,-4.685,-7.618,-5.733,5.733,8.101,49.316
1093,1,3.682,-25.232,-60.226,-1.365,-0.010,0.565,-2.536,-4.685,-7.618,-5.733,5.733,8.101,49.316
1093,1,3.682,-25.232,-60.226,-1.365,-0.010,0.565,-2.536,-4.685,-7.618,-5.733,5.733,8.101,49.316
1093,1,3.682,-25.232,-60.226,-1.365,-0.010,0.565,-2.536,-4.685,-7.618,-5.733,5.733,8.101,49.316
1093,1,3.682,-25.232,-60.226,-1.365,-0.010,0.565,-2.536,-4.685,-7.618,-5.733,5.733,8.101,49.316
1093,1,3.682,-25.232,-60.226,-1.365,-0.010,0.565,-2.536,-4.685,-7.618,-5.733,5.733,8.101,49.316
1093,1,3.682,-25.232,-60.226,-1.365,-0.010,0.565,-2.536,-4.685,-7.618,-5.733,5.733,8.101,49.316
1093,1,3.682,-25.232,-60.226,-1.365,-0.010,0.565,-2.536,-4.685,-7.618,-5.733,5.733,8.101,49.316
1093,1,3.682,-25.232,-60.226,-1.365,-0.010,0.565,-2.536,-4.685,-7.618,-5.733,5.733,8.101,49.316
1093,1,3.682,-25.232,-60.226,-1.365,-0.010,0.565,-2.536,-4.685,-7.618,-5.733,5.733,8.101,49.316
1093,1,3.682,-25.232,-60.226,-1.365,-0.010,0.565,-2.536,-4.685,-7.618,-5.733,5.733,8.101,49.316
1093,1,3.682,-25.232,-60.226,-1.365,-0.010,0.565,-2.536,-4.685,-7.618,-5.733,5.733,8.101,49.316
1093,1,3.682,-25.232,-60.226,-1.365,-0.010,0.565,-2.536,-4.685,-7.618,-5.733,5.733,8.101,49.316
1093,1,3.682,-25.232,-60.226,-1.365,-0.010,0.565,-2.536,-4.685,-7.618,-5.733,5.733,8.101,49.316
1093,1,3.682,-25.232,-60.226,-1.365,-0.010,0.565,-2.536,-4.685,-7.618,-5.733,5.733,8.101,49.316
1093,1,3.682,-25.232,-60.226,-1.365,-0.010,0.565,-2.536,-4.685,-7.618,-5.733,5.733,8.101,49.316
1093,1,3.682,-25.232,-60.226,-1.365,-0.010,0.565,-2.536,-4.685,-7.618,-5.733,5.733,8.101,49.316
1093,1,3.682,-25.232,-60.226,-1.365,-0.010,0.565,-2.536,-4.685,-7.618,-5.733,5.733,8.101,49.316
1093,1,3.682,-25.232,-60.226,-1.365,-0.010,0.565,-2.536,-4.685,-7.618,-5.733,5.733,8.101,49.316
1093,1,3.682,-25.232,-60.226,-1.365,-0.010,0.565,-2.536,-4.685,-7.618,-5.733,5.733,8.101,49.316
1093,1,3.682,-25.232,-60.226,-1.365,-0.010,0.565,-2.536,-4.685,-7.618,-5.733,5.733,8.101,49.316
1093,1,3.682,-25.232,-60.226,-1.365,-0.010,0.565,-2.536,-4.685,-7.618,-5.733,5.733,8.101,49.316
1093,1,3.682,-25.232,-60.226,-1.365,-0.010,0.565,-2.536,-4.685,-7.618,-5.733,5.733,8.101,49.316
1093,1,3.682,-25.232,-60.226,-1.365,-0.010,0.565,-2.536,-4.685,-7.618,-5.733,5.733,8.101,49.316
