timestamp,angle_roll,angle_pitch,angle_yaw,gyro_x,gyro_y,gyro_z,acc_x,acc_y,acc_z,target_roll,target_pitch,target_yaw,target_wx,target_wy,target_wz,rudder1,rudder2,rudder3,rudder4
2026-01-26 13:49:39.463,6.295,-19.740,4.227,0.113,0.145,0.210,-1.115,-3.168,-9.226,0.000,0.000,0.000,0.000,0.000,0.000,2.742,-7.258,-5.497,-17.292
2026-01-26 13:49:39.494,6.377,-19.654,3.969,0.005,0.052,0.207,-1.139,-3.115,-9.202,0.000,0.000,0.000,0.000,0.000,0.000,4.893,-5.107,-7.222,-15.310
2026-01-26 13:49:39.514,6.380,-19.609,3.771,-0.033,0.010,0.190,-1.235,-3.158,-9.202,0.000,0.000,0.000,0.000,0.000,0.000,5.660,-4.340,-7.393,-13.776
2026-01-26 13:49:39.526,6.267,-19.480,3.594,-0.108,0.166,0.099,-1.177,-3.187,-9.020,0.000,0.000,0.000,0.000,0.000,0.000,7.493,-2.507,-4.730,-13.627
2026-01-26 13:49:39.536,6.199,-19.335,3.531,-0.108,0.166,0.099,-1.005,-2.952,-8.991,0.000,0.000,0.000,0.000,0.000,0.000,7.152,-2.848,-0.639,-13.286
2026-01-26 13:49:39.557,6.114,-19.091,3.496,-0.016,0.127,0.002,-0.684,-2.823,-8.991,0.000,0.000,0.000,0.000,0.000,0.000,5.093,-4.907,2.602,-8.197
2026-01-26 13:49:39.578,6.100,-18.985,3.511,-0.016,0.127,0.002,-0.699,-2.790,-9.293,0.000,0.000,0.000,0.000,0.000,0.000,5.320,-4.680,2.450,-8.621
2026-01-26 13:49:39.599,6.194,-19.134,3.566,0.061,-0.062,-0.013,-0.756,-3.216,-9.293,0.000,0.000,0.000,0.000,0.000,0.000,3.786,-6.214,-0.852,-4.381
2026-01-26 13:49:39.620,6.393,-19.492,3.543,0.111,-0.438,0.042,-0.756,-3.220,-9.561,0.000,0.000,0.000,0.000,0.000,0.000,2.124,-7.876,-5.135,0.157
2026-01-26 13:49:39.662,6.468,-19.852,3.494,0.111,-0.438,0.042,-1.019,-3.244,-9.489,0.000,0.000,0.000,0.000,0.000,0.000,2.784,-7.216,-10.418,1.095
2026-01-26 13:49:39.672,6.679,-20.552,3.292,0.097,-0.531,0.128,-1.201,-3.326,-9.489,0.000,0.000,0.000,0.000,0.000,0.000,3.061,-6.939,-15.851,-0.631
2026-01-26 13:49:39.672,6.812,-20.940,3.151,0.095,-0.490,0.128,-1.273,-3.642,-8.948,0.000,0.000,0.000,0.000,0.000,0.000,3.104,-6.896,-14.914,-1.313
2026-01-26 13:49:39.693,7.027,-21.442,2.912,0.102,-0.399,0.115,-1.464,-3.675,-8.948,0.000,0.000,0.000,0.000,0.000,0.000,2.955,-7.045,-12.485,-2.506
2026-01-26 13:49:39.714,7.127,-21.796,2.706,-0.012,-0.292,0.071,-1.345,-3.771,-9.049,0.000,0.000,0.000,0.000,0.000,0.000,4.276,-5.724,-11.739,-3.465
2026-01-26 13:49:39.745,7.123,-22.020,2.632,-0.012,-0.292,0.071,-1.388,-3.785,-9.077,0.000,0.000,0.000,0.000,0.000,0.000,5.234,-4.766,-8.693,-3.017
2026-01-26 13:49:39.766,7.005,-22.357,2.561,-0.081,-0.252,-0.059,-1.383,-3.871,-9.077,0.000,0.000,0.000,0.000,0.000,0.000,6.619,-3.381,-2.381,1.718
2026-01-26 13:49:39.776,6.810,-22.568,2.559,-0.226,-0.255,-0.059,-1.168,-3.799,-9.058,0.000,0.000,0.000,0.000,0.000,0.000,9.517,-0.483,-2.748,1.436
2026-01-26 13:49:39.797,6.237,-22.982,2.631,-0.424,-0.285,-0.145,-0.947,-3.780,-9.058,0.000,0.000,0.000,0.000,0.000,0.000,13.618,3.618,0.309,5.729
2026-01-26 13:49:39.818,5.846,-23.269,2.707,-0.424,-0.336,-0.145,-0.866,-3.799,-9.049,0.000,0.000,0.000,0.000,0.000,0.000,13.480,3.480,-0.916,6.506
2026-01-26 13:49:39.828,5.155,-23.811,2.967,-0.427,-0.370,-0.221,-0.794,-3.838,-8.915,0.000,0.000,0.000,0.000,0.000,0.000,13.543,3.543,1.427,10.213
2026-01-26 13:49:39.849,4.616,-24.296,3.203,-0.412,-0.412,-0.258,-0.943,-4.063,-8.943,0.000,0.000,0.000,0.000,0.000,0.000,13.312,3.312,2.083,12.573
2026-01-26 13:49:39.880,3.965,-24.808,3.478,-0.329,-0.455,-0.252,-0.622,-3.933,-8.809,0.000,0.000,0.000,0.000,0.000,0.000,13.245,3.245,1.257,13.367
2026-01-26 13:49:39.890,3.729,-25.193,3.581,-0.329,-0.455,-0.252,-0.498,-4.130,-8.752,0.000,0.000,0.000,0.000,0.000,0.000,11.583,1.583,1.001,13.196
2026-01-26 13:49:39.911,3.179,-25.855,3.826,-0.314,-0.466,-0.217,-0.531,-4.426,-8.752,0.000,0.000,0.000,0.000,0.000,0.000,11.296,1.296,-0.740,11.880
2026-01-26 13:49:39.932,2.850,-26.270,3.956,-0.314,-0.499,-0.217,-0.445,-4.412,-8.939,0.000,0.000,0.000,0.000,0.000,0.000,11.285,1.285,-1.278,12.663
2026-01-26 13:49:39.953,2.314,-27.022,4.208,-0.333,-0.536,-0.306,-0.426,-4.369,-8.939,0.000,0.000,0.000,0.000,0.000,0.000,11.786,1.786,1.960,17.393
2026-01-26 13:49:39.973,1.924,-27.491,4.431,-0.333,-0.560,-0.306,-0.445,-4.613,-8.594,0.000,0.000,0.000,0.000,0.000,0.000,11.669,1.669,1.023,17.436
2026-01-26 13:49:39.994,1.159,-28.229,4.932,-0.412,-0.543,-0.409,-0.067,-4.637,-8.594,0.000,0.000,0.000,0.000,0.000,0.000,13.370,3.370,5.678,21.409
2026-01-26 13:49:40.025,0.290,-28.726,5.484,-0.450,-0.355,-0.379,-0.096,-4.747,-8.666,0.000,0.000,0.000,0.000,0.000,0.000,13.245,3.245,6.456,20.269
2026-01-26 13:49:40.026,-0.074,-29.015,5.704,-0.450,-0.355,-0.379,0.105,-4.632,-8.374,0.000,0.000,0.000,0.000,0.000,0.000,13.991,3.991,8.075,16.264
2026-01-26 13:49:40.046,-0.515,-29.181,6.060,-0.004,-0.167,-0.173,0.167,-4.747,-8.374,0.000,0.000,0.000,0.000,0.000,0.000,4.486,-5.514,3.031,3.721
2026-01-26 13:49:40.098,-0.580,-29.189,6.196,-0.004,-0.031,-0.173,0.273,-4.780,-8.369,0.000,0.000,0.000,0.000,0.000,0.000,5.085,-4.915,6.285,1.521
2026-01-26 13:49:40.108,-0.323,-29.132,6.266,0.181,0.027,0.028,0.172,-4.756,-8.489,0.000,0.000,0.000,0.000,0.000,0.000,1.378,-8.622,-0.575,-7.641
2026-01-26 13:49:40.129,-0.008,-29.087,6.245,0.388,0.039,0.078,0.287,-4.752,-8.455,0.000,0.000,0.000,0.000,0.000,0.000,-3.229,-13.229,-2.530,-10.192
2026-01-26 13:49:40.149,0.534,-29.043,6.216,0.275,0.011,0.045,-0.081,-4.709,-8.608,0.000,0.000,0.000,0.000,0.000,0.000,-2.755,-12.755,-2.322,-9.899
2026-01-26 13:49:40.170,0.749,-29.028,6.254,0.275,0.011,0.045,0.139,-4.704,-8.628,0.000,0.000,0.000,0.000,0.000,0.000,-0.497,-10.497,-1.577,-8.003
2026-01-26 13:49:40.202,0.892,-29.088,6.530,0.119,-0.163,-0.212,-0.148,-5.087,-8.642,0.000,0.000,0.000,0.000,0.000,0.000,0.845,-9.155,2.003,-3.401
2026-01-26 13:49:40.212,0.796,-29.314,6.805,0.119,-0.163,-0.212,-0.215,-5.077,-8.699,0.000,0.000,0.000,0.000,0.000,0.000,2.614,-7.386,5.220,5.739
2026-01-26 13:49:40.223,0.249,-29.709,7.405,-0.292,-0.401,-0.369,0.000,-5.048,-8.786,0.000,0.000,0.000,0.000,0.000,0.000,7.727,-2.273,6.008,12.962
2026-01-26 13:49:40.233,-0.225,-30.162,7.803,-0.292,-0.401,-0.369,0.148,-4.790,-8.652,0.000,0.000,0.000,0.000,0.000,0.000,10.838,0.838,6.732,16.754
2026-01-26 13:49:40.254,-1.125,-30.625,8.383,-0.488,-0.447,-0.341,0.282,-4.867,-8.403,0.000,0.000,0.000,0.000,0.000,0.000,14.936,4.936,4.463,16.477
2026-01-26 13:49:40.306,-1.744,-30.987,8.769,-0.488,-0.447,-0.341,0.345,-4.991,-8.278,0.000,0.000,0.000,0.000,0.000,0.000,14.758,4.758,4.687,16.584
2026-01-26 13:49:40.316,-2.637,-31.579,9.282,-0.557,-0.361,-0.287,0.392,-5.063,-8.278,0.000,0.000,0.000,0.000,0.000,0.000,16.055,6.055,4.376,12.368
2026-01-26 13:49:40.316,-3.457,-31.845,9.654,-0.557,-0.361,-0.287,0.627,-5.292,-8.106,0.000,0.000,0.000,0.000,0.000,0.000,16.143,6.143,4.240,12.685
2026-01-26 13:49:40.327,-4.353,-32.079,10.098,-0.642,-0.082,-0.291,0.737,-5.111,-8.106,0.000,0.000,0.000,0.000,0.000,0.000,17.964,7.964,10.373,6.988
2026-01-26 13:49:40.347,-5.275,-32.096,10.462,-0.642,-0.082,-0.291,1.163,-5.053,-7.508,0.000,0.000,0.000,0.000,0.000,0.000,17.847,7.847,9.992,7.273
2026-01-26 13:49:40.369,-6.227,-32.023,10.859,-0.632,0.131,-0.214,0.766,-5.469,-7.718,0.000,0.000,0.000,0.000,0.000,0.000,17.453,7.453,11.135,-0.719
2026-01-26 13:49:40.410,-7.604,-31.539,11.075,-0.564,0.292,-0.079,1.249,-5.130,-7.986,0.000,0.000,0.000,0.000,0.000,0.000,16.270,6.270,8.991,-8.684
2026-01-26 13:49:40.421,-7.946,-30.915,10.871,-0.365,0.531,0.166,1.335,-5.020,-8.053,0.000,0.000,0.000,0.000,0.000,0.000,12.105,2.105,3.558,-23.992
2026-01-26 13:49:40.442,-8.172,-30.493,10.653,-0.365,0.531,0.166,1.541,-4.991,-8.915,0.000,0.000,0.000,0.000,0.000,0.000,12.308,2.308,3.963,-23.257
2026-01-26 13:49:40.452,-8.092,-29.668,10.014,-0.160,0.877,0.314,1.565,-4.431,-8.570,0.000,0.000,0.000,0.000,0.000,0.000,7.988,-2.012,5.638,-36.000
2026-01-26 13:49:40.473,-7.862,-28.744,9.368,0.062,0.933,0.354,1.182,-4.986,-8.140,0.000,0.000,0.000,0.000,0.000,0.000,3.210,-6.790,4.461,-36.000
2026-01-26 13:49:40.494,-7.389,-27.557,8.785,0.206,0.864,0.349,1.105,-5.058,-8.594,0.000,0.000,0.000,0.000,0.000,0.000,3.764,-6.236,4.517,-36.000
2026-01-26 13:49:40.526,-6.856,-26.778,8.314,0.307,0.662,0.285,1.249,-3.823,-8.518,0.000,0.000,0.000,0.000,0.000,0.000,0.888,-9.112,3.302,-36.000
2026-01-26 13:49:40.536,-6.428,-26.358,8.061,0.307,0.662,0.285,0.967,-4.388,-8.977,0.000,0.000,0.000,0.000,0.000,0.000,-1.136,-11.136,1.811,-30.650
2026-01-26 13:49:40.547,-5.706,-26.075,7.863,0.432,0.087,0.089,0.904,-4.436,-9.245,0.000,0.000,0.000,0.000,0.000,0.000,-3.693,-13.693,-0.554,-20.360
2026-01-26 13:49:40.589,-5.386,-26.076,7.850,0.432,0.087,0.089,0.670,-4.350,-9.077,0.000,0.000,0.000,0.000,0.000,0.000,-3.650,-13.650,-1.832,-11.326
2026-01-26 13:49:40.609,-5.215,-26.224,8.020,0.083,-0.214,-0.129,0.613,-4.268,-8.905,0.000,0.000,0.000,0.000,0.000,0.000,3.650,-6.350,1.196,4.405
2026-01-26 13:49:40.619,-5.242,-26.403,8.239,0.083,-0.214,-0.129,0.617,-4.426,-8.943,0.000,0.000,0.000,0.000,0.000,0.000,3.338,-6.662,0.874,3.438
2026-01-26 13:49:40.640,-5.355,-26.663,8.636,0.040,-0.207,-0.270,0.938,-4.364,-8.924,0.000,0.000,0.000,0.000,0.000,0.000,4.190,-5.810,6.647,8.914
2026-01-26 13:49:40.650,-5.537,-26.839,9.160,-0.015,-0.137,-0.279,0.708,-4.177,-8.742,0.000,0.000,0.000,0.000,0.000,0.000,4.190,-5.810,7.734,7.827
2026-01-26 13:49:40.681,-5.663,-26.944,9.462,-0.015,-0.137,-0.279,0.991,-4.388,-8.790,0.000,0.000,0.000,0.000,0.000,0.000,5.298,-4.702,8.416,7.912
2026-01-26 13:49:40.692,-5.822,-27.139,9.799,-0.129,-0.226,-0.152,1.000,-4.340,-8.953,0.000,0.000,0.000,0.000,0.000,0.000,7.932,-2.068,1.089,4.330
2026-01-26 13:49:40.712,-6.196,-27.465,10.082,-0.277,-0.291,-0.068,1.187,-4.393,-8.632,0.000,0.000,0.000,0.000,0.000,0.000,7.578,-2.422,1.577,4.610
2026-01-26 13:49:40.733,-6.582,-27.821,10.264,-0.290,-0.371,-0.059,1.469,-4.709,-8.608,0.000,0.000,0.000,0.000,0.000,0.000,10.539,0.539,-3.089,2.543
2026-01-26 13:49:40.753,-6.852,-28.104,10.399,-0.290,-0.371,-0.059,1.287,-4.737,-8.542,0.000,0.000,0.000,0.000,0.000,0.000,10.795,0.795,-5.071,3.758
2026-01-26 13:49:40.774,-7.146,-28.445,10.569,-0.211,-0.316,-0.047,1.038,-4.651,-8.542,0.000,0.000,0.000,0.000,0.000,0.000,9.218,-0.782,-4.453,2.203
2026-01-26 13:49:40.826,-7.204,-28.723,10.717,-0.036,-0.260,-0.046,0.947,-4.804,-8.542,0.000,0.000,0.000,0.000,0.000,0.000,5.724,-4.276,-3.366,1.031
2026-01-26 13:49:40.836,-7.170,-28.890,10.876,0.098,-0.213,-0.060,0.947,-4.804,-8.326,0.000,0.000,0.000,0.000,0.000,0.000,3.040,-6.960,-1.875,0.647
2026-01-26 13:49:40.846,-7.086,-29.127,11.145,0.160,-0.190,-0.150,0.991,-4.532,-8.297,0.000,0.000,0.000,0.000,0.000,0.000,1.804,-8.196,2.216,3.800
2026-01-26 13:49:40.866,-7.142,-29.160,11.559,0.123,-0.087,-0.275,0.991,-4.532,-8.044,0.000,0.000,0.000,0.000,0.000,0.000,2.550,-7.450,9.246,6.741
2026-01-26 13:49:40.887,-7.185,-29.121,12.109,0.181,-0.004,-0.397,0.651,-4.728,-7.809,0.000,0.000,0.000,0.000,0.000,0.000,1.378,-8.622,15.809,9.979
2026-01-26 13:49:40.908,-7.154,-28.923,12.769,0.275,0.112,-0.516,0.636,-4.804,-7.991,0.000,0.000,0.000,0.000,0.000,0.000,-0.497,-10.497,22.861,12.386
2026-01-26 13:49:40.940,-7.230,-28.337,13.785,0.281,0.296,-0.649,0.636,-4.804,-7.991,0.000,0.000,0.000,0.000,0.000,0.000,-0.625,-10.625,30.000,14.027
2026-01-26 13:49:40.950,-7.234,-27.849,14.431,0.340,0.493,-0.738,0.866,-4.283,-8.369,0.000,0.000,0.000,0.000,0.000,0.000,-1.796,-11.796,30.000,13.665
2026-01-26 13:49:40.961,-7.222,-27.042,15.595,0.390,0.608,-0.795,1.187,-4.689,-8.369,0.000,0.000,0.000,0.000,0.000,0.000,-2.798,-12.798,30.000,13.622
2026-01-26 13:49:40.971,-7.093,-26.081,16.474,0.385,0.599,-0.838,1.187,-4.689,-8.929,0.000,0.000,0.000,0.000,0.000,0.000,-2.691,-12.691,30.000,15.561
2026-01-26 13:49:40.992,-6.842,-25.459,17.030,0.568,0.671,-0.651,1.737,-4.221,-9.408,0.000,0.000,0.000,0.000,0.000,0.000,-6.356,-16.356,30.000,6.613
2026-01-26 13:49:41.023,-6.771,-24.811,17.718,0.311,0.525,-0.568,1.378,-3.886,-9.465,0.000,0.000,0.000,0.000,0.000,0.000,-1.221,-11.221,30.000,6.208
2026-01-26 13:49:41.033,-6.852,-24.361,18.495,0.153,0.312,-0.488,1.378,-3.886,-9.465,0.000,0.000,0.000,0.000,0.000,0.000,1.932,-8.068,25.758,7.273
2026-01-26 13:49:41.054,-6.875,-24.205,18.934,0.174,0.147,-0.430,1.469,-4.177,-8.924,0.000,0.000,0.000,0.000,0.000,0.000,1.527,-8.473,20.155,8.275
2026-01-26 13:49:41.074,-6.859,-24.130,19.671,0.230,0.017,-0.421,1.287,-3.996,-8.924,0.000,0.000,0.000,0.000,0.000,0.000,0.398,-9.602,17.172,10.490
2026-01-26 13:49:41.095,-6.922,-24.093,20.110,0.126,0.009,-0.408,1.287,-3.996,-8.589,0.000,0.000,0.000,0.000,0.000,0.000,2.486,-7.514,16.490,10.149
2026-01-26 13:49:41.115,-7.036,-24.005,20.584,0.060,0.046,-0.333,1.120,-3.723,-8.470,0.000,0.000,0.000,0.000,0.000,0.000,3.807,-6.193,14.253,6.421
2026-01-26 13:49:41.146,-6.955,-23.887,21.107,0.181,0.076,-0.292,1.043,-3.838,-8.656,0.000,0.000,0.000,0.000,0.000,0.000,1.378,-8.622,13.188,4.163
2026-01-26 13:49:41.157,-6.794,-23.632,21.528,0.276,0.135,-0.306,1.038,-3.895,-8.656,0.000,0.000,0.000,0.000,0.000,0.000,-0.518,-10.518,14.935,3.523
2026-01-26 13:49:41.168,-6.683,-23.356,21.960,0.255,0.205,-0.331,1.038,-3.895,-8.776,0.000,0.000,0.000,0.000,0.000,0.000,-0.092,-10.092,17.343,3.161
2026-01-26 13:49:41.188,-6.619,-23.032,22.377,0.199,0.250,-0.320,1.000,-3.799,-8.738,0.000,0.000,0.000,0.000,0.000,0.000,1.208,-8.792,18.088,2.075
2026-01-26 13:49:41.209,-6.556,-22.778,22.676,0.199,0.273,-0.320,0.861,-3.517,-8.781,0.000,0.000,0.000,0.000,0.000,0.000,1.016,-8.984,18.237,1.329
2026-01-26 13:49:41.240,-6.478,-22.394,23.197,0.207,0.301,-0.331,0.866,-3.541,-8.781,0.000,0.000,0.000,0.000,0.000,0.000,0.867,-9.133,19.281,1.222
2026-01-26 13:49:41.251,-6.438,-21.876,23.634,0.163,0.334,-0.366,0.866,-3.541,-8.934,0.000,0.000,0.000,0.000,0.000,0.000,1.740,-8.260,21.348,1.968
2026-01-26 13:49:41.271,-6.454,-21.539,24.008,0.137,0.359,-0.426,1.034,-3.642,-9.097,0.000,0.000,0.000,0.000,0.000,0.000,2.252,-7.748,24.224,3.864
2026-01-26 13:49:41.292,-6.586,-21.066,24.750,0.116,0.355,-0.497,0.943,-3.484,-9.097,0.000,0.000,0.000,0.000,0.000,0.000,2.678,-7.322,26.994,6.804
2026-01-26 13:49:41.313,-6.781,-20.621,25.362,0.029,0.298,-0.513,0.943,-3.484,-9.049,0.000,0.000,0.000,0.000,0.000,0.000,4.425,-5.575,27.228,9.297
2026-01-26 13:49:41.333,-7.011,-20.390,25.816,-0.093,0.223,-0.513,1.048,-3.062,-9.125,0.000,0.000,0.000,0.000,0.000,0.000,6.854,-3.146,24.991,10.085
2026-01-26 13:49:41.364,-7.523,-20.014,26.583,-0.199,0.198,-0.581,1.048,-3.062,-9.125,0.000,0.000,0.000,0.000,0.000,0.000,8.984,-1.016,24.373,10.448
2026-01-26 13:49:41.374,-7.796,-19.742,27.087,-0.134,0.251,-0.581,1.474,-3.431,-9.628,0.000,0.000,0.000,0.000,0.000,0.000,7.684,-2.316,28.251,12.195
2026-01-26 13:49:41.395,-7.682,-19.287,28.074,0.270,0.322,-0.676,1.364,-3.196,-9.628,0.000,0.000,0.000,0.000,0.000,0.000,-0.390,-10.390,30.000,14.624
2026-01-26 13:49:41.405,-7.391,-18.731,28.799,0.240,0.334,-0.507,1.364,-3.196,-9.274,0.000,0.000,0.000,0.000,0.000,0.000,-4.800,-14.800,30.000,15.177
2026-01-26 13:49:41.426,-7.319,-18.401,29.237,0.240,0.334,-0.507,1.431,-2.905,-9.054,0.000,0.000,0.000,0.000,0.000,0.000,0.206,-9.794,26.972,7.593
2026-01-26 13:49:41.457,-7.658,-17.904,29.518,-0.159,0.347,-0.029,1.431,-2.905,-9.054,0.000,0.000,0.000,0.000,0.000,0.000,8.174,-1.826,17.002,-2.889
2026-01-26 13:49:41.477,-7.917,-17.672,29.545,-0.298,0.282,-0.029,2.120,-2.905,-9.245,0.000,0.000,0.000,0.000,0.000,0.000,10.965,0.965,6.796,-10.495
2026-01-26 13:49:41.488,-8.022,-17.489,29.702,-0.079,0.167,-0.039,1.665,-2.785,-9.245,0.000,0.000,0.000,0.000,0.000,0.000,6.577,-3.423,4.922,-7.768
2026-01-26 13:49:41.508,-7.976,-17.348,29.915,0.113,0.110,-0.196,1.665,-2.952,-9.355,0.000,0.000,0.000,0.000,0.000,0.000,2.742,-7.258,10.035,-0.354
2026-01-26 13:49:41.529,-8.095,-17.168,30.223,-0.001,0.133,-0.214,0.991,-2.833,-9.326,0.000,0.000,0.000,0.000,0.000,0.000,5.021,-4.979,11.228,-0.098
2026-01-26 13:49:41.550,-8.261,-17.049,30.664,-0.052,0.072,-0.251,0.651,-2.785,-9.326,0.000,0.000,0.000,0.000,0.000,0.000,6.044,-3.956,11.505,2.607
2026-01-26 13:49:41.581,-8.403,-17.097,30.967,-0.067,-0.068,-0.299,0.986,-2.574,-9.298,0.000,0.000,0.000,0.000,0.000,0.000,6.342,-3.658,10.610,7.337
2026-01-26 13:49:41.591,-8.441,-17.211,31.384,0.018,-0.130,-0.254,0.947,-2.488,-9.298,0.000,0.000,0.000,0.000,0.000,0.000,4.638,-5.362,7.542,6.741
2026-01-26 13:49:41.602,-8.334,-17.335,31.658,0.194,-0.123,-0.181,0.947,-2.488,-9.910,0.000,0.000,0.000,0.000,0.000,0.000,2.166,-7.834,5.454,4.567
2026-01-26 13:49:41.623,-8.207,-17.408,31.843,0.194,-0.123,-0.181,0.876,-3.024,-9.924,0.000,0.000,0.000,0.000,0.000,0.000,1.122,-8.878,4.794,3.694
2026-01-26 13:49:41.644,-8.052,-17.492,32.121,0.160,-0.092,-0.173,0.842,-3.072,-9.924,0.000,0.000,0.000,0.000,0.000,0.000,1.804,-8.196,5.071,2.735
2026-01-26 13:49:41.664,-7.994,-17.545,32.271,0.099,-0.092,-0.154,1.565,-2.952,-9.321,0.000,0.000,0.000,0.000,0.000,0.000,3.019,-6.981,4.346,2.011
2026-01-26 13:49:41.685,-7.959,-17.626,32.521,0.052,-0.079,-0.128,1.474,-2.976,-9.321,0.000,0.000,0.000,0.000,0.000,0.000,3.956,-6.044,3.537,0.690
2026-01-26 13:49:41.705,-7.933,-17.688,32.748,0.094,-0.110,-0.221,1.416,-2.598,-8.939,0.000,0.000,0.000,0.000,0.000,0.000,3.125,-6.875,6.626,5.015
2026-01-26 13:49:41.726,-7.680,-17.808,33.259,0.252,-0.140,-0.293,1.603,-2.684,-8.939,0.000,0.000,0.000,0.000,0.000,0.000,-0.049,-10.049,8.927,8.509
2026-01-26 13:49:41.757,-7.402,-17.869,33.712,0.362,-0.085,-0.347,1.603,-2.684,-9.149,0.000,0.000,0.000,0.000,0.000,0.000,-2.073,-12.073,10.312,8.828
2026-01-26 13:49:41.788,-7.198,-17.898,34.079,0.362,-0.085,-0.347,1.201,-2.732,-9.455,0.000,0.000,0.000,0.000,0.000,0.000,-2.244,-12.244,12.187,9.595
2026-01-26 13:49:41.799,-6.958,-17.881,34.616,0.293,-0.063,-0.314,1.263,-2.857,-9.455,0.000,0.000,0.000,0.000,0.000,0.000,-0.859,-10.859,11.313,7.827
2026-01-26 13:49:41.809,-6.820,-17.722,34.967,0.201,0.074,-0.200,1.263,-2.857,-9.164,0.000,0.000,0.000,0.000,0.000,0.000,0.739,-9.261,12.080,3.140
2026-01-26 13:49:41.830,-6.707,-17.538,35.176,0.201,0.184,-0.200,1.742,-3.096,-9.221,0.000,0.000,0.000,0.000,0.000,0.000,0.973,-9.027,11.697,-1.675
2026-01-26 13:49:41.840,-6.486,-17.157,35.477,0.199,0.247,-0.166,1.704,-3.086,-9.221,0.000,0.000,0.000,0.000,0.000,0.000,1.016,-8.984,11.590,-4.296
2026-01-26 13:49:41.871,-6.297,-16.935,35.670,0.289,0.242,-0.181,1.804,-2.780,-9.365,0.000,0.000,0.000,0.000,0.000,0.000,-0.774,-10.774,12.080,-3.593
2026-01-26 13:49:41.892,-6.046,-16.661,36.047,0.311,0.221,-0.209,1.139,-2.584,-9.604,0.000,0.000,0.000,0.000,0.000,0.000,-1.221,-11.221,12.762,-2.059
2026-01-26 13:49:41.913,-5.949,-16.348,36.256,0.129,0.226,-0.172,0.813,-2.450,-9.580,0.000,0.000,0.000,0.000,0.000,0.000,2.422,-7.578,11.377,-3.656
2026-01-26 13:49:41.923,-5.761,-16.199,36.293,0.334,0.035,0.087,0.813,-2.450,-9.580,0.000,0.000,0.000,0.000,0.000,0.000,2.529,-7.471,3.345,-9.345
2026-01-26 13:49:41.943,-5.363,-16.207,36.253,0.334,0.035,0.087,0.699,-2.412,-9.522,0.000,0.000,0.000,0.000,0.000,0.000,-1.690,-11.690,-2.791,-10.197
2026-01-26 13:49:41.965,-4.955,-16.186,36.273,0.245,-0.029,-0.030,0.699,-2.412,-9.522,0.000,0.000,0.000,0.000,0.000,0.000,-2.819,-12.819,-3.196,-9.025
2026-01-26 13:49:41.995,-4.737,-16.211,36.349,0.245,-0.029,-0.030,0.598,-2.728,-9.116,0.000,0.000,0.000,0.000,0.000,0.000,0.100,-9.900,0.618,-4.232
2026-01-26 13:49:42.006,-4.685,-16.204,36.623,0.047,0.025,-0.187,0.598,-2.728,-9.116,0.000,0.000,0.000,0.000,0.000,0.000,2.571,-7.429,4.197,-0.823
2026-01-26 13:49:42.026,-4.714,-16.162,36.827,0.047,0.025,-0.187,0.794,-2.708,-9.211,0.000,0.000,0.000,0.000,0.000,0.000,4.063,-5.937,7.989,1.009
2026-01-26 13:49:42.047,-4.823,-16.088,37.192,-0.007,0.036,-0.201,0.785,-2.622,-9.211,0.000,0.000,0.000,0.000,0.000,0.000,5.149,-4.851,8.714,1.265
2026-01-26 13:49:42.058,-4.969,-16.028,37.450,-0.110,0.033,-0.148,0.785,-2.622,-9.278,0.000,0.000,0.000,0.000,0.000,0.000,6.214,-3.786,8.778,1.329
2026-01-26 13:49:42.110,-5.166,-15.956,37.657,-0.084,0.048,-0.119,0.790,-2.503,-9.321,0.000,0.000,0.000,0.000,0.000,0.000,7.194,-2.806,6.583,-0.738
2026-01-26 13:49:42.120,-5.266,-15.904,37.792,-0.084,0.048,-0.119,0.928,-2.503,-9.321,0.000,0.000,0.000,0.000,0.000,0.000,6.683,-3.317,5.731,-2.186
2026-01-26 13:49:42.130,-5.366,-15.792,37.990,-0.054,0.077,-0.104,1.034,-2.369,-9.360,0.000,0.000,0.000,0.000,0.000,0.000,6.087,-3.913,5.710,-3.358
2026-01-26 13:49:42.141,-5.412,-15.724,38.103,-0.026,0.065,-0.094,1.038,-2.369,-9.317,0.000,0.000,0.000,0.000,0.000,0.000,5.511,-4.489,5.049,-3.550
2026-01-26 13:49:42.161,-5.491,-15.611,38.268,-0.035,0.069,-0.077,0.991,-2.608,-9.307,0.000,0.000,0.000,0.000,0.000,0.000,5.703,-4.297,4.453,-4.317
2026-01-26 13:49:42.203,-5.575,-15.511,38.346,-0.081,0.109,-0.061,0.991,-2.608,-9.470,0.000,0.000,0.000,0.000,0.000,0.000,6.619,-3.381,4.602,-5.744
2026-01-26 13:49:42.223,-5.757,-15.340,38.439,-0.127,0.115,-0.040,0.914,-2.737,-9.503,0.000,0.000,0.000,0.000,0.000,0.000,7.535,-2.465,3.920,-6.682
2026-01-26 13:49:42.234,-5.924,-15.233,38.484,-0.145,0.092,-0.021,0.785,-2.306,-9.503,0.000,0.000,0.000,0.000,0.000,0.000,7.898,-2.102,2.684,-6.980
2026-01-26 13:49:42.244,-6.044,-15.139,38.515,-0.108,0.079,-0.012,0.785,-2.306,-9.580,0.000,0.000,0.000,0.000,0.000,0.000,7.152,-2.848,2.045,-7.108
2026-01-26 13:49:42.265,-6.036,-15.058,38.579,0.017,0.085,-0.042,0.794,-2.354,-9.685,0.000,0.000,0.000,0.000,0.000,0.000,4.659,-5.341,3.366,-6.043
2026-01-26 13:49:42.286,-6.018,-14.922,38.710,0.025,0.084,-0.097,0.995,-2.115,-9.743,0.000,0.000,0.000,0.000,0.000,0.000,4.510,-5.490,5.561,-3.806
2026-01-26 13:49:42.318,-6.149,-14.851,38.905,-0.079,0.043,-0.145,1.325,-2.283,-9.790,0.000,0.000,0.000,0.000,0.000,0.000,6.577,-3.423,6.647,-1.057
2026-01-26 13:49:42.318,-6.410,-14.846,39.161,-0.182,-0.029,-0.177,1.177,-2.383,-9.843,0.000,0.000,0.000,0.000,0.000,0.000,8.643,-1.357,6.498,1.649
2026-01-26 13:49:42.360,-6.654,-14.947,39.369,-0.176,-0.113,-0.129,1.177,-2.383,-9.570,0.000,0.000,0.000,0.000,0.000,0.000,8.515,-1.485,2.898,1.414
2026-01-26 13:49:42.360,-6.726,-15.106,39.390,-0.092,-0.194,0.027,0.694,-2.622,-8.948,0.000,0.000,0.000,0.000,0.000,0.000,6.832,-3.168,-4.943,-3.188
2026-01-26 13:49:42.381,-6.743,-15.362,39.142,-0.066,-0.159,0.256,0.512,-2.340,-9.556,0.000,0.000,0.000,0.000,0.000,0.000,6.321,-3.679,-13.401,-13.052
2026-01-26 13:49:42.412,-6.868,-15.435,38.788,-0.211,-0.040,0.331,1.129,-2.340,-9.556,0.000,0.000,0.000,0.000,0.000,0.000,9.218,-0.782,-14.061,-18.442
2026-01-26 13:49:42.423,-7.164,-15.457,38.718,-0.256,-0.032,0.118,1.613,-3.153,-9.881,0.000,0.000,0.000,0.000,0.000,0.000,10.113,0.113,-5.369,-10.091
2026-01-26 13:49:42.444,-7.306,-15.529,38.815,-0.192,-0.086,-0.103,1.704,-2.833,-9.996,0.000,0.000,0.000,0.000,0.000,0.000,8.835,-1.165,2.407,-0.141
2026-01-26 13:49:42.475,-7.484,-15.704,39.092,-0.055,-0.165,-0.144,1.651,-2.517,-9.857,0.000,0.000,0.000,0.000,0.000,0.000,6.108,-3.892,2.450,3.055
2026-01-26 13:49:42.486,-7.502,-15.925,39.236,0.004,-0.213,-0.054,1.660,-2.455,-9.661,0.000,0.000,0.000,0.000,0.000,0.000,4.915,-5.085,-2.088,0.434
2026-01-26 13:49:42.528,-7.541,-16.102,39.288,-0.037,-0.216,0.016,1.512,-3.019,-9.522,0.000,0.000,0.000,0.000,0.000,0.000,5.746,-4.254,-4.964,-2.314
2026-01-26 13:49:42.528,-7.586,-16.441,39.287,-0.027,-0.249,0.078,1.105,-2.723,-9.326,0.000,0.000,0.000,0.000,0.000,0.000,5.533,-4.467,-8.096,-4.125
2026-01-26 13:49:42.538,-7.536,-16.789,39.167,-0.018,-0.284,0.167,1.105,-2.723,-9.077,0.000,0.000,0.000,0.000,0.000,0.000,5.362,-4.638,-12.378,-7.001
2026-01-26 13:49:42.559,-7.519,-17.096,39.029,-0.010,-0.262,0.184,1.187,-2.378,-8.809,0.000,0.000,0.000,0.000,0.000,0.000,5.192,-4.808,-12.613,-8.131
2026-01-26 13:49:42.579,-7.537,-17.236,39.017,-0.040,-0.169,0.103,1.392,-2.225,-8.690,0.000,0.000,0.000,0.000,0.000,0.000,5.810,-4.190,-7.521,-6.746
2026-01-26 13:49:42.611,-7.705,-17.300,39.155,-0.109,-0.046,-0.052,1.364,-2.838,-8.766,0.000,0.000,0.000,0.000,0.000,0.000,7.173,-2.827,1.172,-2.996
2026-01-26 13:49:42.621,-7.890,-17.264,39.322,-0.170,0.011,-0.112,1.364,-2.838,-8.757,0.000,0.000,0.000,0.000,0.000,0.000,8.409,-1.591,4.687,-1.739
2026-01-26 13:49:42.642,-8.053,-17.193,39.545,-0.065,0.032,-0.070,0.995,-2.565,-8.719,0.000,0.000,0.000,0.000,0.000,0.000,6.300,-3.700,3.451,-3.827
2026-01-26 13:49:42.663,-7.843,-17.095,39.582,0.235,0.111,0.015,0.995,-2.565,-8.943,0.000,0.000,0.000,0.000,0.000,0.000,0.292,-9.708,1.619,-8.812
2026-01-26 13:49:42.684,-7.684,-16.834,39.524,0.040,0.207,0.104,1.043,-3.058,-9.350,0.000,0.000,0.000,0.000,0.000,0.000,4.190,-5.810,-0.043,-14.309
2026-01-26 13:49:42.716,-7.896,-16.697,39.434,-0.230,0.137,0.129,1.048,-2.823,-9.350,0.000,0.000,0.000,0.000,0.000,0.000,9.602,-0.398,-2.407,-13.904
2026-01-26 13:49:42.726,-8.373,-16.667,39.414,-0.390,0.016,0.092,1.048,-2.823,-9.312,0.000,0.000,0.000,0.000,0.000,0.000,12.798,2.798,-3.345,-9.984
2026-01-26 13:49:42.736,-8.628,-16.664,39.485,-0.307,0.003,-0.003,1.273,-2.814,-9.594,0.000,0.000,0.000,0.000,0.000,0.000,11.136,1.136,0.192,-5.936
2026-01-26 13:49:42.777,-9.105,-16.582,39.731,-0.319,0.047,-0.101,1.469,-2.871,-9.594,0.000,0.000,0.000,0.000,0.000,0.000,11.370,1.370,4.985,-2.889
2026-01-26 13:49:42.829,-9.410,-16.563,39.926,-0.316,0.023,-0.150,1.474,-2.828,-9.278,0.000,0.000,0.000,0.000,0.000,0.000,11.328,1.328,6.477,-0.461
2026-01-26 13:49:42.840,-9.726,-16.562,40.146,-0.259,-0.023,-0.118,1.479,-2.565,-9.278,0.000,0.000,0.000,0.000,0.000,0.000,10.177,0.177,4.261,-0.802
2026-01-26 13:49:42.850,-10.072,-16.575,40.330,-0.229,-0.054,-0.060,1.479,-2.565,-9.341,0.000,0.000,0.000,0.000,0.000,0.000,9.581,-0.419,1.300,-2.527
2026-01-26 13:49:42.861,-10.490,-16.691,40.526,-0.341,-0.067,-0.071,2.086,-2.905,-9.508,0.000,0.000,0.000,0.000,0.000,0.000,11.818,1.818,1.513,-1.803
2026-01-26 13:49:42.881,-10.770,-16.715,40.674,-0.332,-0.126,-0.103,2.072,-2.833,-9.518,0.000,0.000,0.000,0.000,0.000,0.000,11.647,1.647,1.619,0.647
2026-01-26 13:49:42.902,-11.001,-16.927,40.873,-0.162,-0.159,-0.064,1.814,-2.627,-9.077,0.000,0.000,0.000,0.000,0.000,0.000,8.238,-1.762,-0.618,-0.269
2026-01-26 13:49:42.942,-10.922,-17.020,40.985,0.069,-0.093,-0.015,1.761,-2.641,-9.077,0.000,0.000,0.000,0.000,0.000,0.000,3.615,-6.385,-1.257,-3.550
2026-01-26 13:49:42.953,-10.670,-16.975,41.045,0.164,0.020,0.011,1.761,-2.641,-9.039,0.000,0.000,0.000,0.000,0.000,0.000,1.719,-8.281,-0.021,-6.831
2026-01-26 13:49:42.964,-10.525,-16.958,41.072,0.168,0.050,0.028,1.608,-2.713,-9.020,0.000,0.000,0.000,0.000,0.000,0.000,1.634,-8.366,-0.107,-8.109
2026-01-26 13:49:42.984,-10.390,-16.952,41.131,0.104,-0.022,0.011,1.756,-3.005,-9.063,0.000,0.000,0.000,0.000,0.000,0.000,2.912,-7.088,-0.874,-5.979
2026-01-26 13:49:43.005,-10.426,-17.009,41.205,-0.032,-0.053,0.009,1.656,-2.742,-9.063,0.000,0.000,0.000,0.000,0.000,0.000,5.639,-4.361,-1.406,-5.276
2026-01-26 13:49:43.016,-10.637,-17.032,41.320,-0.147,-0.042,-0.003,1.656,-2.742,-9.240,0.000,0.000,0.000,0.000,0.000,0.000,7.940,-2.060,-0.703,-5.041
2026-01-26 13:49:43.036,-10.811,-17.060,41.484,-0.146,-0.025,-0.065,1.756,-2.967,-9.384,0.000,0.000,0.000,0.000,0.000,0.000,7.919,-2.081,2.109,-2.911
2026-01-26 13:49:43.057,-10.878,-17.047,41.614,-0.063,-0.021,-0.093,1.794,-2.919,-9.455,0.000,0.000,0.000,0.000,0.000,0.000,6.257,-3.743,3.281,-1.867
2026-01-26 13:49:43.078,-10.946,-17.080,41.746,-0.042,-0.034,-0.042,1.943,-2.728,-9.369,0.000,0.000,0.000,0.000,0.000,0.000,5.831,-4.169,0.980,-3.656
2026-01-26 13:49:43.099,-10.966,-17.129,41.788,-0.029,-0.056,0.021,1.943,-2.728,-9.326,0.000,0.000,0.000,0.000,0.000,0.000,5.575,-4.425,-1.981,-5.723
2026-01-26 13:49:43.130,-11.007,-17.192,41.836,-0.037,-0.045,0.034,1.732,-3.000,-9.321,0.000,0.000,0.000,0.000,0.000,0.000,5.746,-4.254,-2.258,-6.469
2026-01-26 13:49:43.140,-11.026,-17.204,41.849,-0.033,-0.011,0.043,1.732,-3.000,-9.159,0.000,0.000,0.000,0.000,0.000,0.000,5.660,-4.340,-1.917,-7.491
2026-01-26 13:49:43.160,-10.970,-17.203,41.815,0.022,0.018,0.084,1.550,-2.804,-9.154,0.000,0.000,0.000,0.000,0.000,0.000,4.553,-5.447,-3.004,-9.728
2026-01-26 13:49:43.181,-10.861,-17.198,41.771,0.069,0.029,0.097,1.550,-2.804,-9.159,0.000,0.000,0.000,0.000,0.000,0.000,3.615,-6.385,-3.302,-10.453
2026-01-26 13:49:43.203,-10.793,-17.162,41.806,0.045,0.020,0.010,1.895,-2.900,-9.044,0.000,0.000,0.000,0.000,0.000,0.000,4.105,-5.895,0.021,-6.788
2026-01-26 13:49:43.233,-10.935,-17.101,41.925,-0.107,0.040,-0.087,1.895,-2.900,-9.025,0.000,0.000,0.000,0.000,0.000,0.000,7.131,-2.869,4.304,-3.316
2026-01-26 13:49:43.244,-11.269,-16.983,42.140,-0.260,0.078,-0.115,1.799,-2.799,-9.159,0.000,0.000,0.000,0.000,0.000,0.000,10.198,0.198,6.157,-2.953
2026-01-26 13:49:43.265,-11.794,-16.850,42.276,-0.337,0.063,-0.064,1.967,-2.871,-9.159,0.000,0.000,0.000,0.000,0.000,0.000,11.732,1.732,3.814,-4.700
2026-01-26 13:49:43.275,-12.473,-16.820,42.277,-0.522,0.002,0.013,1.967,-2.871,-9.245,0.000,0.000,0.000,0.000,0.000,0.000,15.440,5.440,-0.469,-6.554
2026-01-26 13:49:43.296,-13.358,-17.070,42.283,-1.003,-0.133,0.096,2.206,-2.857,-9.288,0.000,0.000,0.000,0.000,0.000,0.000,25.070,15.070,-6.498,-7.172
2026-01-26 13:49:43.317,-15.118,-17.471,42.253,-1.583,-0.329,0.152,2.536,-2.881,-8.829,0.000,0.000,0.000,0.000,0.000,0.000,35.000,25.000,-12.677,-5.510
2026-01-26 13:49:43.348,-17.695,-17.831,42.274,-1.923,-0.426,0.134,2.536,-2.881,-8.829,0.000,0.000,0.000,0.000,0.000,0.000,35.000,25.000,-13.891,-2.847
2026-01-26 13:49:43.379,-19.411,-18.433,42.484,-1.875,-0.437,0.001,2.818,-3.182,-9.140,0.000,0.000,0.000,0.000,0.000,0.000,35.000,25.000,-8.778,2.693
2026-01-26 13:49:43.399,-21.654,-18.625,43.000,-1.629,-0.382,-0.211,3.311,-3.182,-9.140,0.000,0.000,0.000,0.000,0.000,0.000,35.000,25.000,0.788,10.085
2026-01-26 13:49:43.420,-22.923,-18.954,43.448,-1.316,-0.343,-0.312,3.436,-3.034,-8.379,0.000,0.000,0.000,0.000,0.000,0.000,31.312,21.312,5.625,13.345
2026-01-26 13:49:43.442,-24.068,-19.087,43.922,-0.937,-0.267,-0.287,3.756,-3.120,-8.379,0.000,0.000,0.000,0.000,0.000,0.000,23.749,13.749,6.115,10.810
2026-01-26 13:49:43.462,-24.763,-19.081,44.207,-0.624,-0.182,-0.227,3.756,-3.120,-8.245,0.000,0.000,0.000,0.000,0.000,0.000,17.485,7.485,5.433,6.719
2026-01-26 13:49:43.484,-24.951,-19.185,44.633,-0.084,-0.143,-0.219,3.886,-3.235,-8.154,0.000,0.000,0.000,0.000,0.000,0.000,6.683,-3.317,5.923,5.633
2026-01-26 13:49:43.504,-24.439,-19.203,44.830,0.484,-0.053,-0.193,3.886,-3.235,-8.073,0.000,0.000,0.000,0.000,0.000,0.000,-4.673,-14.673,6.647,2.778
2026-01-26 13:49:43.515,-23.186,-18.875,45.109,1.107,0.159,-0.206,4.005,-2.962,-8.274,0.000,0.000,0.000,0.000,0.000,0.000,-17.136,-27.136,11.398,-0.951
2026-01-26 13:49:43.545,-21.344,-18.630,45.165,1.731,0.412,-0.224,4.005,-2.962,-8.608,0.000,0.000,0.000,0.000,0.000,0.000,-25.000,-35.000,17.193,-5.297
2026-01-26 13:49:43.566,-18.517,-17.626,45.309,2.621,0.649,-0.224,3.699,-2.833,-8.800,0.000,0.000,0.000,0.000,0.000,0.000,-25.000,-35.000,21.923,-10.027
2026-01-26 13:49:43.587,-15.414,-17.262,45.222,3.022,0.796,-0.081,3.512,-2.809,-9.063,0.000,0.000,0.000,0.000,0.000,0.000,-25.000,-35.000,19.153,-18.677
2026-01-26 13:49:43.607,-11.948,-16.010,45.066,2.806,0.692,0.130,3.129,-2.732,-9.384,0.000,0.000,0.000,0.000,0.000,0.000,-25.000,-35.000,8.650,-25.047
2026-01-26 13:49:43.618,-9.271,-15.801,44.831,2.380,0.501,0.285,2.335,-2.531,-9.403,0.000,0.000,0.000,0.000,0.000,0.000,-25.000,-35.000,-1.406,-27.433
2026-01-26 13:49:43.639,-6.984,-15.104,44.391,1.709,0.362,0.364,1.838,-2.665,-9.503,0.000,0.000,0.000,0.000,0.000,0.000,-25.000,-35.000,-7.329,-27.817
2026-01-26 13:49:43.679,-5.758,-15.065,44.022,0.928,0.138,0.408,1.220,-2.603,-9.633,0.000,0.000,0.000,0.000,0.000,0.000,-13.557,-23.557,-13.550,-25.090
2026-01-26 13:49:43.690,-5.268,-15.109,43.572,0.186,-0.143,0.459,0.656,-2.541,-9.436,0.000,0.000,0.000,0.000,0.000,0.000,1.272,-8.728,-21.220,-21.510
2026-01-26 13:49:43.700,-5.960,-15.705,42.968,-0.718,-0.410,0.526,0.560,-2.541,-9.312,0.000,0.000,0.000,0.000,0.000,0.000,19.360,9.360,-29.252,-18.847
2026-01-26 13:49:43.721,-7.268,-16.285,42.624,-1.606,-0.615,0.522,0.670,-2.728,-9.211,0.000,0.000,0.000,0.000,0.000,0.000,35.000,25.000,-30.000,-14.586
2026-01-26 13:49:43.732,-9.400,-17.088,42.334,-2.035,-0.671,0.350,0.708,-2.718,-9.034,0.000,0.000,0.000,0.000,0.000,0.000,35.000,25.000,-27.441,-6.597
2026-01-26 13:49:43.752,-11.508,-17.463,42.267,-1.972,-0.574,0.080,1.196,-2.828,-8.814,0.000,0.000,0.000,0.000,0.000,0.000,35.000,25.000,-14.679,2.288
2026-01-26 13:49:43.773,-13.860,-18.235,42.595,-1.893,-0.405,-0.142,1.660,-2.852,-8.714,0.000,0.000,0.000,0.000,0.000,0.000,35.000,25.000,-2.429,7.763
2026-01-26 13:49:43.793,-16.415,-18.373,43.005,-1.802,-0.327,-0.234,2.010,-3.067,-8.436,0.000,0.000,0.000,0.000,0.000,0.000,35.000,25.000,2.834,9.915
2026-01-26 13:49:43.814,-17.602,-18.537,43.357,-1.293,-0.214,-0.301,2.469,-3.254,-8.403,0.000,0.000,0.000,0.000,0.000,0.000,30.865,20.865,7.776,10.341
2026-01-26 13:49:43.835,-18.717,-18.669,43.856,-0.713,-0.054,-0.329,2.651,-3.082,-8.484,0.000,0.000,0.000,0.000,0.000,0.000,19.253,9.253,12.080,8.253
2026-01-26 13:49:43.866,-18.986,-18.402,44.324,-0.016,0.110,-0.329,2.804,-2.938,-8.728,0.000,0.000,0.000,0.000,0.000,0.000,5.320,-4.680,15.361,4.972
2026-01-26 13:49:43.877,-18.234,-17.931,44.612,0.680,0.322,-0.329,3.053,-3.000,-8.958,0.000,0.000,0.000,0.000,0.000,0.000,-8.593,-18.593,19.601,0.732
2026-01-26 13:49:43.897,-17.208,-17.423,44.801,1.220,0.512,-0.343,3.259,-3.082,-8.996,0.000,0.000,0.000,0.000,0.000,0.000,-19.395,-29.395,23.968,-2.527
2026-01-26 13:49:43.918,-15.383,-16.597,45.033,1.772,0.708,-0.348,3.082,-2.699,-9.063,0.000,0.000,0.000,0.000,0.000,0.000,-25.000,-35.000,28.102,-6.234
2026-01-26 13:49:43.939,-13.337,-16.035,45.297,2.068,0.817,-0.284,2.967,-2.536,-9.293,0.000,0.000,0.000,0.000,0.000,0.000,-25.000,-35.000,27.718,-10.964
2026-01-26 13:49:43.970,-10.990,-14.753,45.305,1.903,0.769,-0.150,2.651,-2.503,-9.522,0.000,0.000,0.000,0.000,0.000,0.000,-25.000,-35.000,21.391,-15.374
2026-01-26 13:49:43.980,-9.361,-14.359,45.335,1.454,0.543,0.016,2.283,-2.474,-9.757,0.000,0.000,0.000,0.000,0.000,0.000,-24.082,-34.082,10.227,-17.505
2026-01-26 13:49:44.011,-8.258,-13.794,45.155,0.697,0.238,0.175,1.876,-2.421,-9.647,0.000,0.000,0.000,0.000,0.000,0.000,-8.934,-18.934,-2.237,-17.739
2026-01-26 13:49:44.012,-8.241,-13.925,44.902,-0.152,-0.107,0.260,1.684,-2.354,-9.527,0.000,0.000,0.000,0.000,0.000,0.000,8.047,-1.953,-12.528,-14.266
2026-01-26 13:49:44.032,-9.043,-14.326,44.760,-0.942,-0.419,0.284,1.574,-2.273,-9.522,0.000,0.000,0.000,0.000,0.000,0.000,23.834,13.834,-19.750,-9.004
2026-01-26 13:49:44.053,-10.982,-15.178,44.555,-1.483,-0.585,0.289,1.565,-2.421,-9.513,0.000,0.000,0.000,0.000,0.000,0.000,34.657,24.657,-23.244,-5.851
2026-01-26 13:49:44.105,-12.517,-15.731,44.483,-1.822,-0.611,0.256,1.660,-2.493,-9.298,0.000,0.000,0.000,0.000,0.000,0.000,35.000,25.000,-22.456,-3.997
2026-01-26 13:49:44.116,-15.321,-16.650,44.492,-2.029,-0.637,0.165,1.790,-2.684,-9.006,0.000,0.000,0.000,0.000,0.000,0.000,35.000,25.000,-19.345,0.136
2026-01-26 13:49:44.126,-16.897,-17.136,44.693,-1.819,-0.619,-0.030,2.244,-2.756,-9.034,0.000,0.000,0.000,0.000,0.000,0.000,35.000,25.000,-11.185,7.571
2026-01-26 13:49:44.136,-18.923,-17.664,45.247,-1.250,-0.443,-0.255,2.436,-2.976,-8.762,0.000,0.000,0.000,0.000,0.000,0.000,29.991,19.991,1.321,13.047
2026-01-26 13:49:44.157,-19.285,-17.687,45.683,-0.333,-0.197,-0.427,2.737,-3.015,-8.742,0.000,0.000,0.000,0.000,0.000,0.000,11.669,1.669,13.145,15.028
2026-01-26 13:49:44.188,-18.945,-17.492,46.345,0.479,0.023,-0.435,2.986,-2.976,-8.829,0.000,0.000,0.000,0.000,0.000,0.000,-4.587,-14.587,17.854,10.916
2026-01-26 13:49:44.188,-18.077,-17.201,46.609,1.058,0.230,-0.357,3.335,-2.938,-8.848,0.000,0.000,0.000,0.000,0.000,0.000,-16.156,-26.156,18.876,3.673
2026-01-26 13:49:44.208,-16.222,-16.772,46.858,1.515,0.470,-0.317,3.469,-2.881,-8.800,0.000,0.000,0.000,0.000,0.000,0.000,-25.000,-35.000,22.094,-2.698
2026-01-26 13:49:44.229,-14.526,-16.117,47.171,2.119,0.836,-0.343,3.359,-2.531,-8.666,0.000,0.000,0.000,0.000,0.000,0.000,-25.000,-35.000,30.000,-9.004
2026-01-26 13:49:44.281,-11.205,-14.813,47.172,2.471,0.993,-0.240,3.062,-2.359,-9.049,0.000,0.000,0.000,0.000,0.000,0.000,-25.000,-35.000,29.444,-16.269
2026-01-26 13:49:44.291,-8.754,-13.837,47.118,2.139,0.812,0.081,2.503,-2.278,-9.542,0.000,0.000,0.000,0.000,0.000,0.000,-25.000,-35.000,12.996,-25.473
2026-01-26 13:49:44.302,-7.232,-13.116,46.556,1.144,0.377,0.454,1.995,-2.283,-9.680,0.000,0.000,0.000,0.000,0.000,0.000,-17.882,-27.882,-10.610,-31.694
2026-01-26 13:49:44.312,-7.311,-13.344,46.012,-0.167,-0.158,0.705,1.512,-2.168,-9.589,0.000,0.000,0.000,0.000,0.000,0.000,8.345,-1.655,-30.000,-31.055
2026-01-26 13:49:44.333,-8.639,-13.956,45.326,-1.327,-0.635,0.749,1.254,-2.163,-9.599,0.000,0.000,0.000,0.000,0.000,0.000,31.546,21.546,-30.000,-23.257
2026-01-26 13:49:44.354,-10.293,-14.648,44.647,-2.120,-0.818,0.666,1.129,-2.263,-9.465,0.000,0.000,0.000,0.000,0.000,0.000,35.000,25.000,-30.000,-16.269
2026-01-26 13:49:44.374,-13.491,-15.799,44.445,-2.352,-0.747,0.391,1.192,-2.613,-9.178,0.000,0.000,0.000,0.000,0.000,0.000,35.000,25.000,-30.000,-6.703
2026-01-26 13:49:44.395,-15.287,-16.371,44.359,-2.085,-0.551,0.082,1.464,-2.771,-8.838,0.000,0.000,0.000,0.000,0.000,0.000,35.000,25.000,-14.296,1.734
2026-01-26 13:49:44.406,-17.590,-16.874,44.781,-1.424,-0.300,-0.243,1.809,-2.857,-9.154,0.000,0.000,0.000,0.000,0.000,0.000,33.485,23.485,3.707,9.723
2026-01-26 13:49:44.427,-18.483,-17.033,45.412,-0.627,-0.131,-0.431,2.211,-2.890,-8.977,0.000,0.000,0.000,0.000,0.000,0.000,17.549,7.549,14.637,13.878
2026-01-26 13:49:44.447,-18.430,-16.866,45.828,0.132,0.031,-0.480,2.775,-2.833,-8.857,0.000,0.000,0.000,0.000,0.000,0.000,2.358,-7.642,19.835,12.600
2026-01-26 13:49:44.468,-17.847,-16.402,46.489,0.571,0.205,-0.500,3.493,-2.862,-8.900,0.000,0.000,0.000,0.000,0.000,0.000,-6.420,-16.420,24.075,9.894
2026-01-26 13:49:44.499,-17.012,-15.705,46.972,0.813,0.470,-0.536,3.613,-2.890,-8.953,0.000,0.000,0.000,0.000,0.000,0.000,-11.256,-21.256,30.000,6.037
2026-01-26 13:49:44.510,-15.740,-14.898,47.340,1.584,0.810,-0.626,3.627,-2.574,-8.848,0.000,0.000,0.000,0.000,0.000,0.000,-25.000,-35.000,30.000,2.863
2026-01-26 13:49:44.531,-12.895,-13.846,47.995,2.430,1.007,-0.580,3.268,-2.306,-8.977,0.000,0.000,0.000,0.000,0.000,0.000,-25.000,-35.000,30.000,-2.953
2026-01-26 13:49:44.552,-10.612,-12.577,48.026,2.471,0.920,-0.262,2.804,-2.024,-9.499,0.000,0.000,0.000,0.000,0.000,0.000,-25.000,-35.000,28.890,-13.926
2026-01-26 13:49:44.573,-8.178,-11.995,47.879,1.682,0.606,0.182,2.220,-1.804,-9.642,0.000,0.000,0.000,0.000,0.000,0.000,-25.000,-35.000,4.836,-25.409
2026-01-26 13:49:44.593,-7.019,-11.570,47.257,0.855,0.205,0.527,1.660,-2.043,-9.661,0.000,0.000,0.000,0.000,0.000,0.000,-12.108,-22.108,-17.002,-31.183
2026-01-26 13:49:44.614,-7.041,-11.808,46.736,-0.081,-0.172,0.682,1.273,-1.981,-9.542,0.000,0.000,0.000,0.000,0.000,0.000,6.619,-3.381,-30.000,-29.841
2026-01-26 13:49:44.635,-7.986,-12.483,45.952,-0.889,-0.429,0.636,1.153,-2.082,-9.384,0.000,0.000,0.000,0.000,0.000,0.000,22.790,12.790,-30.000,-22.852
2026-01-26 13:49:44.645,-9.106,-12.984,45.607,-1.367,-0.511,0.520,1.158,-2.168,-9.408,0.000,0.000,0.000,0.000,0.000,0.000,32.335,22.335,-30.000,-16.567
2026-01-26 13:49:44.666,-11.230,-13.479,45.131,-1.710,-0.467,0.399,1.120,-2.024,-9.283,0.000,0.000,0.000,0.000,0.000,0.000,35.000,25.000,-25.311,-12.647
2026-01-26 13:49:44.686,-12.893,-14.128,44.968,-1.875,-0.381,0.350,1.335,-2.038,-9.168,0.000,0.000,0.000,0.000,0.000,0.000,35.000,25.000,-21.646,-12.392
2026-01-26 13:49:44.707,-14.880,-14.570,44.862,-1.780,-0.357,0.161,1.780,-2.330,-9.149,0.000,0.000,0.000,0.000,0.000,0.000,35.000,25.000,-13.571,-5.297
2026-01-26 13:49:44.727,-16.675,-14.918,45.119,-1.142,-0.275,-0.134,2.034,-2.699,-9.073,0.000,0.000,0.000,0.000,0.000,0.000,27.839,17.839,-0.128,4.866
2026-01-26 13:49:44.748,-16.949,-14.845,45.595,-0.197,-0.059,-0.380,2.278,-2.598,-9.211,0.000,0.000,0.000,0.000,0.000,0.000,8.941,-1.059,14.040,10.384
2026-01-26 13:49:44.780,-16.276,-14.566,45.968,0.835,0.192,-0.469,2.407,-2.517,-9.336,0.000,0.000,0.000,0.000,0.000,0.000,-11.703,-21.703,22.584,8.914
2026-01-26 13:49:44.800,-14.285,-14.063,46.589,1.721,0.500,-0.494,2.718,-2.326,-9.422,0.000,0.000,0.000,0.000,0.000,0.000,-25.000,-35.000,29.763,3.779
2026-01-26 13:49:44.821,-12.307,-13.030,46.863,2.227,0.770,-0.520,2.909,-2.192,-9.317,0.000,0.000,0.000,0.000,0.000,0.000,-25.000,-35.000,30.000,-0.610
2026-01-26 13:49:44.831,-9.332,-12.153,47.395,2.336,0.889,-0.424,2.498,-1.780,-9.307,0.000,0.000,0.000,0.000,0.000,0.000,-25.000,-35.000,30.000,-6.831
2026-01-26 13:49:44.852,-7.399,-11.056,47.394,2.073,0.770,-0.127,1.952,-1.593,-9.618,0.000,0.000,0.000,0.000,0.000,0.000,-25.000,-35.000,20.474,-16.333
2026-01-26 13:49:44.873,-5.628,-10.490,47.236,1.420,0.453,0.216,1.608,-2.019,-9.948,0.000,0.000,0.000,0.000,0.000,0.000,-23.400,-33.400,0.405,-23.705
2026-01-26 13:49:44.894,-4.782,-10.467,46.743,0.395,0.004,0.444,1.168,-1.828,-9.690,0.000,0.000,0.000,0.000,0.000,0.000,-2.904,-12.904,-17.683,-23.854
2026-01-26 13:49:44.914,-5.375,-10.875,46.300,-0.749,-0.447,0.574,0.924,-1.747,-9.623,0.000,0.000,0.000,0.000,0.000,0.000,19.978,9.978,-30.000,-20.019
2026-01-26 13:49:44.935,-7.246,-11.610,45.594,-1.660,-0.757,0.591,0.947,-1.814,-9.666,0.000,0.000,0.000,0.000,0.000,0.000,35.000,25.000,-30.000,-14.501
2026-01-26 13:49:44.946,-9.078,-12.705,45.316,-2.035,-0.814,0.507,0.919,-2.043,-9.618,0.000,0.000,0.000,0.000,0.000,0.000,35.000,25.000,-30.000,-10.005
2026-01-26 13:49:44.966,-11.764,-13.395,44.952,-2.068,-0.665,0.328,1.206,-1.924,-9.168,0.000,0.000,0.000,0.000,0.000,0.000,35.000,25.000,-26.419,-5.830
2026-01-26 13:49:44.987,-13.850,-14.286,45.060,-1.725,-0.485,0.094,1.560,-2.316,-9.312,0.000,0.000,0.000,0.000,0.000,0.000,35.000,25.000,-13.444,-0.056
2026-01-26 13:49:45.007,-14.925,-14.528,45.257,-1.258,-0.348,-0.119,1.718,-2.292,-9.039,0.000,0.000,0.000,0.000,0.000,0.000,30.162,20.162,-2.194,5.739
2026-01-26 13:49:45.027,-16.141,-14.657,45.663,-0.619,-0.174,-0.305,2.043,-2.436,-9.020,0.000,0.000,0.000,0.000,0.000,0.000,15.780,5.780,10.077,10.149
2026-01-26 13:49:45.048,-16.395,-14.678,46.051,0.001,0.004,-0.414,2.335,-2.512,-9.140,0.000,0.000,0.000,0.000,0.000,0.000,4.979,-5.021,16.661,10.490
2026-01-26 13:49:45.069,-16.155,-14.435,46.559,0.510,0.146,-0.486,2.555,-2.498,-9.379,0.000,0.000,0.000,0.000,0.000,0.000,-5.205,-15.205,22.349,10.512
2026-01-26 13:49:45.090,-15.122,-14.067,47.283,1.088,0.317,-0.568,2.756,-2.436,-9.384,0.000,0.000,0.000,0.000,0.000,0.000,-16.753,-26.753,29.060,10.362
2026-01-26 13:49:45.122,-13.794,-13.314,47.692,1.768,0.614,-0.631,2.842,-2.053,-9.427,0.000,0.000,0.000,0.000,0.000,0.000,-25.000,-35.000,30.000,6.954
2026-01-26 13:49:45.143,-11.298,-12.477,48.416,2.136,0.886,-0.565,2.737,-1.881,-9.412,0.000,0.000,0.000,0.000,0.000,0.000,-25.000,-35.000,30.000,-1.824
2026-01-26 13:49:45.153,-9.439,-11.252,48.626,1.961,0.877,-0.362,2.373,-1.866,-9.283,0.000,0.000,0.000,0.000,0.000,0.000,-25.000,-35.000,30.000,-9.047
2026-01-26 13:49:45.174,-7.411,-10.547,48.802,1.305,0.538,-0.011,1.881,-1.828,-9.384,0.000,0.000,0.000,0.000,0.000,0.000,-19.458,-29.458,10.338,-15.486
2026-01-26 13:49:45.204,-6.818,-10.158,48.470,0.132,0.060,0.392,1.574,-1.785,-9.412,0.000,0.000,0.000,0.000,0.000,0.000,2.358,-7.642,-14.488,-22.874
2026-01-26 13:49:45.215,-7.395,-10.445,48.029,-1.137,-0.398,0.685,1.517,-1.876,-9.379,0.000,0.000,0.000,0.000,0.000,0.000,27.733,17.733,-30.000,-25.430
2026-01-26 13:49:45.236,-9.736,-11.397,47.161,-2.111,-0.659,0.755,1.617,-1.790,-9.317,0.000,0.000,0.000,0.000,0.000,0.000,35.000,25.000,-30.000,-23.023
2026-01-26 13:49:45.247,-11.667,-12.049,46.722,-2.476,-0.642,0.620,1.771,-1.895,-9.628,0.000,0.000,0.000,0.000,0.000,0.000,35.000,25.000,-30.000,-17.952
2026-01-26 13:49:45.267,-15.026,-12.909,46.288,-2.414,-0.448,0.341,1.766,-1.847,-9.652,0.000,0.000,0.000,0.000,0.000,0.000,35.000,25.000,-22.605,-10.666
2026-01-26 13:49:45.288,-16.711,-13.205,46.266,-1.825,-0.283,0.042,1.904,-1.919,-9.494,0.000,0.000,0.000,0.000,0.000,0.000,35.000,25.000,-7.329,-1.995
2026-01-26 13:49:45.309,-18.607,-13.450,46.575,-1.027,-0.222,-0.244,2.225,-2.311,-9.283,0.000,0.000,0.000,0.000,0.000,0.000,25.538,15.538,5.326,8.189
2026-01-26 13:49:45.330,-18.857,-13.358,47.124,0.096,-0.039,-0.519,2.460,-2.440,-9.384,0.000,0.000,0.000,0.000,0.000,0.000,3.083,-6.917,19.963,15.540
2026-01-26 13:49:45.361,-18.220,-13.094,47.602,1.156,0.190,-0.629,2.862,-2.431,-9.388,0.000,0.000,0.000,0.000,0.000,0.000,-18.116,-28.116,28.933,15.348
2026-01-26 13:49:45.371,-16.288,-12.732,48.190,1.735,0.376,-0.585,2.952,-2.062,-9.312,0.000,0.000,0.000,0.000,0.000,0.000,-25.000,-35.000,30.000,9.872
2026-01-26 13:49:45.392,-14.097,-11.675,48.787,1.922,0.594,-0.472,2.929,-1.560,-9.034,0.000,0.000,0.000,0.000,0.000,0.000,-25.000,-35.000,30.000,0.988
2026-01-26 13:49:45.413,-11.934,-10.814,49.092,1.961,0.718,-0.362,2.823,-1.699,-9.025,0.000,0.000,0.000,0.000,0.000,0.000,-25.000,-35.000,28.847,-5.872
2026-01-26 13:49:45.434,-10.407,-10.200,49.224,1.786,0.679,-0.186,2.665,-1.790,-9.106,0.000,0.000,0.000,0.000,0.000,0.000,-25.000,-35.000,21.028,-12.115
2026-01-26 13:49:45.455,-8.486,-9.509,49.176,1.127,0.395,0.115,2.187,-1.751,-9.604,0.000,0.000,0.000,0.000,0.000,0.000,-17.541,-27.541,3.302,-18.506
2026-01-26 13:49:45.476,-8.218,-9.496,48.878,-0.094,-0.064,0.516,1.694,-1.498,-9.685,0.000,0.000,0.000,0.000,0.000,0.000,6.875,-3.125,-21.902,-25.345
2026-01-26 13:49:45.487,-9.404,-10.183,48.010,-1.414,-0.572,0.829,1.656,-1.613,-9.738,0.000,0.000,0.000,0.000,0.000,0.000,33.272,23.272,-30.000,-27.710
2026-01-26 13:49:45.508,-11.088,-11.009,47.396,-2.398,-0.937,0.931,1.785,-1.742,-9.709,0.000,0.000,0.000,0.000,0.000,0.000,35.000,25.000,-30.000,-24.493
2026-01-26 13:49:45.528,-14.645,-12.634,46.598,-2.747,-1.037,0.734,1.900,-2.067,-9.604,0.000,0.000,0.000,0.000,0.000,0.000,35.000,25.000,-30.000,-14.629
2026-01-26 13:49:45.548,-16.823,-13.491,46.380,-2.577,-0.858,0.430,2.129,-1.823,-9.302,0.000,0.000,0.000,0.000,0.000,0.000,35.000,25.000,-30.000,-6.064
2026-01-26 13:49:45.580,-20.007,-14.551,46.392,-2.094,-0.657,0.118,2.402,-2.220,-9.484,0.000,0.000,0.000,0.000,0.000,0.000,35.000,25.000,-17.875,2.416
2026-01-26 13:49:45.601,-21.277,-14.940,46.645,-1.182,-0.517,-0.200,2.550,-2.613,-9.020,0.000,0.000,0.000,0.000,0.000,0.000,28.649,18.649,-2.322,12.344
2026-01-26 13:49:45.611,-21.922,-15.201,47.392,0.117,-0.298,-0.510,2.809,-2.828,-8.786,0.000,0.000,0.000,0.000,0.000,0.000,2.656,-7.344,14.445,20.376
2026-01-26 13:49:45.632,-21.212,-15.053,47.945,1.321,0.017,-0.686,3.091,-2.617,-9.006,0.000,0.000,0.000,0.000,0.000,0.000,-21.419,-31.419,27.782,21.100
2026-01-26 13:49:45.643,-18.783,-14.313,48.829,2.118,0.441,-0.735,3.436,-2.283,-9.054,0.000,0.000,0.000,0.000,0.000,0.000,-25.000,-35.000,30.000,14.581
2026-01-26 13:49:45.663,-16.826,-13.580,49.281,2.521,0.769,-0.716,3.479,-2.110,-8.819,0.000,0.000,0.000,0.000,0.000,0.000,-25.000,-35.000,30.000,7.252
2026-01-26 13:49:45.684,-13.327,-12.217,49.922,2.585,0.850,-0.578,2.991,-1.933,-8.675,0.000,0.000,0.000,0.000,0.000,0.000,-25.000,-35.000,30.000,0.136
2026-01-26 13:49:45.705,-10.947,-11.391,50.154,2.026,0.632,-0.211,2.790,-1.857,-8.896,0.000,0.000,0.000,0.000,0.000,0.000,-25.000,-35.000,21.071,-10.197
2026-01-26 13:49:45.726,-9.883,-11.149,50.076,0.916,0.161,0.232,2.680,-2.182,-9.513,0.000,0.000,0.000,0.000,0.000,0.000,-13.323,-23.323,-6.072,-18.506
2026-01-26 13:49:45.747,-9.848,-11.491,49.555,-0.578,-0.358,0.576,2.440,-2.024,-9.570,0.000,0.000,0.000,0.000,0.000,0.000,16.569,6.569,-30.000,-21.894
2026-01-26 13:49:45.779,-10.969,-12.125,49.085,-1.756,-0.744,0.764,2.019,-1.828,-9.283,0.000,0.000,0.000,0.000,0.000,0.000,35.000,25.000,-30.000,-21.681
2026-01-26 13:49:45.799,-13.908,-13.569,48.311,-2.409,-0.954,0.768,2.053,-2.120,-9.465,0.000,0.000,0.000,0.000,0.000,0.000,35.000,25.000,-30.000,-17.633
2026-01-26 13:49:45.820,-15.959,-14.438,48.018,-2.510,-0.886,0.528,2.077,-2.220,-9.207,0.000,0.000,0.000,0.000,0.000,0.000,35.000,25.000,-30.000,-9.409
2026-01-26 13:49:45.831,-19.038,-15.541,47.955,-1.989,-0.651,0.136,2.483,-2.550,-8.987,0.000,0.000,0.000,0.000,0.000,0.000,35.000,25.000,-18.472,1.563
2026-01-26 13:49:45.861,-20.296,-15.861,48.169,-1.177,-0.359,-0.193,2.570,-2.761,-9.106,0.000,0.000,0.000,0.000,0.000,0.000,28.542,18.542,0.533,8.892
2026-01-26 13:49:45.861,-21.098,-15.921,48.736,-0.076,-0.086,-0.414,2.747,-2.718,-8.795,0.000,0.000,0.000,0.000,0.000,0.000,6.513,-3.487,15.532,11.619
2026-01-26 13:49:45.882,-20.634,-15.691,49.074,0.919,0.193,-0.441,3.005,-2.627,-8.886,0.000,0.000,0.000,0.000,0.000,0.000,-13.386,-23.386,21.497,7.785
2026-01-26 13:49:45.903,-18.795,-15.243,49.610,1.788,0.523,-0.450,3.302,-2.536,-8.991,0.000,0.000,0.000,0.000,0.000,0.000,-25.000,-35.000,28.443,1.521
2026-01-26 13:49:45.923,-16.018,-13.899,49.851,2.535,0.881,-0.517,3.565,-2.407,-8.977,0.000,0.000,0.000,0.000,0.000,0.000,-25.000,-35.000,30.000,-2.953
2026-01-26 13:49:45.944,-13.676,-12.969,50.055,2.938,1.066,-0.439,3.115,-1.909,-8.905,0.000,0.000,0.000,0.000,0.000,0.000,-25.000,-35.000,30.000,-9.771
2026-01-26 13:49:45.965,-9.748,-11.523,50.091,2.719,0.973,-0.015,2.598,-1.646,-9.288,0.000,0.000,0.000,0.000,0.000,0.000,-25.000,-35.000,20.048,-24.855
2026-01-26 13:49:45.997,-7.927,-10.970,49.779,1.837,0.599,0.466,2.330,-2.125,-9.833,0.000,0.000,0.000,0.000,0.000,0.000,-25.000,-35.000,-6.647,-36.000
2026-01-26 13:49:46.027,-6.365,-10.730,48.858,0.540,0.055,0.781,1.627,-1.938,-9.719,0.000,0.000,0.000,0.000,0.000,0.000,-5.802,-15.802,-30.000,-36.000
2026-01-26 13:49:46.038,-10.245,-13.070,46.332,-2.338,-0.843,0.811,0.809,-2.110,-9.369,0.000,0.000,0.000,0.000,0.000,0.000,35.000,25.000,-30.000,-21.574
2026-01-26 13:49:46.048,-13.400,-14.256,45.692,-2.323,-0.669,0.493,0.914,-2.158,-9.049,0.000,0.000,0.000,0.000,0.000,0.000,35.000,25.000,-30.000,-12.349
2026-01-26 13:49:46.059,-15.113,-14.726,45.626,-1.935,-0.467,0.089,1.254,-2.440,-9.188,0.000,0.000,0.000,0.000,0.000,0.000,35.000,25.000,-12.911,-0.248
2026-01-26 13:49:46.079,-17.349,-15.124,45.959,-1.336,-0.276,-0.265,1.603,-2.479,-9.283,0.000,0.000,0.000,0.000,0.000,0.000,31.717,21.717,5.092,10.128
2026-01-26 13:49:46.100,-17.981,-15.096,46.397,-0.364,-0.070,-0.573,2.134,-2.570,-9.345,0.000,0.000,0.000,0.000,0.000,0.000,12.286,2.286,21.518,18.331
2026-01-26 13:49:46.121,-17.782,-14.715,47.334,0.619,0.124,-0.738,2.694,-2.646,-9.551,0.000,0.000,0.000,0.000,0.000,0.000,-7.378,-17.378,30.000,21.058
2026-01-26 13:49:46.142,-16.506,-14.067,48.133,1.433,0.406,-0.815,2.986,-2.216,-9.867,0.000,0.000,0.000,0.000,0.000,0.000,-23.656,-33.656,30.000,18.480
2026-01-26 13:49:46.183,-14.969,-13.376,48.701,2.149,0.699,-0.810,3.220,-2.216,-9.556,0.000,0.000,0.000,0.000,0.000,0.000,-25.000,-35.000,30.000,12.408
2026-01-26 13:49:46.194,-11.600,-11.977,49.548,2.704,0.917,-0.720,3.120,-1.890,-9.355,0.000,0.000,0.000,0.000,0.000,0.000,-25.000,-35.000,30.000,3.915
2026-01-26 13:49:46.204,-9.381,-11.161,49.881,2.694,0.869,-0.405,2.814,-1.680,-9.264,0.000,0.000,0.000,0.000,0.000,0.000,-25.000,-35.000,30.000,-7.193
2026-01-26 13:49:46.235,-6.314,-10.265,49.997,1.915,0.477,0.071,2.598,-1.952,-9.728,0.000,0.000,0.000,0.000,0.000,0.000,-25.000,-35.000,5.710,-17.420
2026-01-26 13:49:46.245,-5.542,-10.274,49.709,0.427,-0.163,0.531,2.038,-1.928,-9.719,0.000,0.000,0.000,0.000,0.000,0.000,-3.543,-13.543,-24.480,-23.960
2026-01-26 13:49:46.266,-6.115,-10.848,48.756,-1.193,-0.785,0.912,1.656,-1.785,-9.403,0.000,0.000,0.000,0.000,0.000,0.000,28.862,18.862,-30.000,-26.773
2026-01-26 13:49:46.277,-8.638,-12.529,47.777,-2.537,-1.165,1.062,1.412,-1.904,-9.015,0.000,0.000,0.000,0.000,0.000,0.000,35.000,25.000,-30.000,-25.175
2026-01-26 13:49:46.297,-11.072,-13.619,47.107,-3.216,-1.114,0.961,1.340,-2.225,-8.771,0.000,0.000,0.000,0.000,0.000,0.000,35.000,25.000,-30.000,-22.149
2026-01-26 13:49:46.318,-15.508,-15.072,46.336,-3.279,-0.738,0.632,1.325,-2.330,-8.503,0.000,0.000,0.000,0.000,0.000,0.000,35.000,25.000,-30.000,-16.504
2026-01-26 13:49:46.338,-17.765,-15.566,46.197,-2.453,-0.431,0.178,1.742,-2.986,-8.417,0.000,0.000,0.000,0.000,0.000,0.000,35.000,25.000,-15.745,-4.487
2026-01-26 13:49:46.359,-20.356,-15.855,46.484,-1.424,-0.169,-0.297,2.177,-2.842,-8.594,0.000,0.000,0.000,0.000,0.000,0.000,33.485,23.485,8.501,9.276
2026-01-26 13:49:46.400,-20.946,-15.602,46.885,-0.267,0.245,-0.631,2.503,-2.445,-8.891,0.000,0.000,0.000,0.000,0.000,0.000,10.348,0.348,30.000,14.325
2026-01-26 13:49:46.421,-20.301,-14.632,47.655,1.025,0.578,-0.772,2.962,-2.527,-9.302,0.000,0.000,0.000,0.000,0.000,0.000,-15.496,-25.496,30.000,13.324
2026-01-26 13:49:46.431,-18.782,-13.734,48.104,2.237,0.945,-0.833,3.139,-2.058,-9.656,0.000,0.000,0.000,0.000,0.000,0.000,-25.000,-35.000,30.000,8.424
2026-01-26 13:49:46.462,-15.580,-12.555,48.949,2.948,1.212,-0.763,3.019,-1.704,-9.628,0.000,0.000,0.000,0.000,0.000,0.000,-25.000,-35.000,30.000,0.264
2026-01-26 13:49:46.482,-11.900,-10.522,49.265,3.144,1.116,-0.501,2.503,-1.349,-9.881,0.000,0.000,0.000,0.000,0.000,0.000,-25.000,-35.000,30.000,0.264
2026-01-26 13:49:46.492,-9.472,-9.657,49.447,2.428,0.714,-0.049,2.244,-1.512,-10.082,0.000,0.000,0.000,0.000,0.000,0.000,-25.000,-35.000,16.235,-18.314
2026-01-26 13:49:46.503,-6.824,-9.024,49.253,1.088,0.143,0.357,2.086,-1.909,-10.298,0.000,0.000,0.000,0.000,0.000,0.000,-25.000,-35.000,16.235,-18.314
2026-01-26 13:49:46.534,-6.343,-9.144,48.925,-0.472,-0.495,0.583,1.560,-1.689,-9.833,0.000,0.000,0.000,0.000,0.000,0.000,14.438,4.438,-30.000,-19.401
2026-01-26 13:49:46.544,-7.759,-10.225,48.206,-1.834,-0.935,0.689,1.412,-1.603,-9.350,0.000,0.000,0.000,0.000,0.000,0.000,14.438,4.438,-30.000,-19.401
2026-01-26 13:49:46.565,-9.484,-11.144,47.802,-2.526,-1.077,0.591,1.373,-1.962,-9.331,0.000,0.000,0.000,0.000,0.000,0.000,35.000,25.000,-30.000,-8.109
2026-01-26 13:49:46.586,-13.037,-12.663,47.431,-2.564,-0.884,0.326,1.282,-2.067,-8.853,0.000,0.000,0.000,0.000,0.000,0.000,35.000,25.000,-30.000,-8.109
2026-01-26 13:49:46.596,-15.029,-13.344,47.421,-1.944,-0.884,0.026,1.651,-2.216,-8.742,0.000,0.000,0.000,0.000,0.000,0.000,35.000,25.000,-18.706,10.661
2026-01-26 13:49:46.617,-17.118,-13.746,47.744,-0.844,-0.229,-0.354,1.857,-2.426,-8.982,0.000,0.000,0.000,0.000,0.000,0.000,21.874,11.874,9.566,12.727
2026-01-26 13:49:46.637,-17.618,-13.807,48.363,0.183,0.015,-0.557,2.364,-2.412,-9.173,0.000,0.000,0.000,0.000,0.000,0.000,21.874,11.874,9.566,12.727
2026-01-26 13:49:46.658,-17.258,-13.565,48.846,1.095,0.264,-0.647,2.818,-2.316,-9.580,0.000,0.000,0.000,0.000,0.000,0.000,-16.902,-26.902,30.000,14.581
2026-01-26 13:49:46.699,-15.439,-12.771,49.661,1.754,0.542,-0.697,3.120,-2.369,-9.231,0.000,0.000,0.000,0.000,0.000,0.000,-16.902,-26.902,30.000,14.581
2026-01-26 13:49:46.730,-13.872,-12.106,50.135,2.274,0.785,-0.675,3.110,-1.794,-9.613,0.000,0.000,0.000,0.000,0.000,0.000,-25.000,-35.000,30.000,5.313
2026-01-26 13:49:46.740,-10.978,-11.243,50.851,2.285,0.842,-0.476,2.838,-1.670,-9.479,0.000,0.000,0.000,0.000,0.000,0.000,-25.000,-35.000,30.000,-3.784
2026-01-26 13:49:46.761,-8.575,-9.986,51.070,1.721,0.543,-0.158,2.469,-1.684,-9.652,0.000,0.000,0.000,0.000,0.000,0.000,-25.000,-35.000,30.000,-3.784
2026-01-26 13:49:46.771,-7.466,-9.693,51.080,0.639,0.006,0.274,2.105,-1.895,-9.728,0.000,0.000,0.000,0.000,0.000,0.000,-7.783,-17.783,-10.823,-17.079
2026-01-26 13:49:46.792,-7.348,-10.123,50.595,-0.733,-0.592,0.622,1.881,-1.971,-9.743,0.000,0.000,0.000,0.000,0.000,0.000,23.088,13.088,-30.000,-19.284
2026-01-26 13:49:46.802,-8.892,-11.161,49.955,-2.070,-1.022,0.797,1.522,-1.790,-9.173,0.000,0.000,0.000,0.000,0.000,0.000,19.658,9.658,-30.000,-19.039
2026-01-26 13:49:46.823,-11.322,-11.953,49.507,-2.817,-1.217,0.744,1.617,-1.971,-9.097,0.000,0.000,0.000,0.000,0.000,0.000,35.000,25.000,-30.000,-11.412
2026-01-26 13:49:46.844,-14.760,-13.964,48.965,-2.905,-1.040,0.483,1.684,-2.230,-8.824,0.000,0.000,0.000,0.000,0.000,0.000,35.000,25.000,-30.000,-11.412
2026-01-26 13:49:46.865,-17.423,-14.597,48.937,-2.180,-0.736,0.064,1.995,-2.460,-8.575,0.000,0.000,0.000,0.000,0.000,0.000,35.000,25.000,-17.279,6.165
2026-01-26 13:49:46.875,-19.374,-15.445,49.289,-0.872,-0.243,-0.312,2.354,-2.713,-8.853,0.000,0.000,0.000,0.000,0.000,0.000,35.000,25.000,-17.279,6.165
2026-01-26 13:49:46.896,-19.786,-15.401,49.656,0.414,0.149,-0.552,2.637,-2.589,-8.910,0.000,0.000,0.000,0.000,0.000,0.000,-3.288,-13.288,25.055,13.090
2026-01-26 13:49:46.927,-18.567,-14.680,50.355,1.666,0.545,-0.659,2.972,-2.493,-9.365,0.000,0.000,0.000,0.000,0.000,0.000,-25.000,-35.000,30.000,9.015
2026-01-26 13:49:46.948,-16.928,-13.935,50.763,1.666,0.545,-0.716,3.278,-2.019,-9.479,0.000,0.000,0.000,0.000,0.000,0.000,-25.000,-35.000,30.000,11.726
2026-01-26 13:49:46.959,-13.311,-12.794,51.490,3.180,1.288,-0.660,3.010,-1.971,-9.168,0.000,0.000,0.000,0.000,0.000,0.000,-25.000,-35.000,30.000,-5.340
2026-01-26 13:49:46.990,-9.439,-10.631,51.808,3.247,1.251,-0.502,2.632,-1.689,-9.240,0.000,0.000,0.000,0.000,0.000,0.000,-25.000,-35.000,30.000,-5.340
2026-01-26 13:49:47.031,-6.648,-9.871,52.017,2.208,0.796,-0.113,2.110,-1.670,-9.647,0.000,0.000,0.000,0.000,0.000,0.000,-25.000,-35.000,20.432,-17.398
2026-01-26 13:49:47.042,-5.086,-9.052,51.934,0.309,-0.002,0.357,2.077,-2.015,-10.030,0.000,0.000,0.000,0.000,0.000,0.000,3.570,-6.430,-18.661,-20.586
2026-01-26 13:49:47.052,-5.926,-9.662,51.421,-1.744,-0.905,0.724,1.742,-2.019,-9.824,0.000,0.000,0.000,0.000,0.000,0.000,-1.179,-11.179,-14.317,-20.232
2026-01-26 13:49:47.063,-8.422,-10.386,50.922,-3.286,-1.402,0.924,1.579,-1.570,-9.350,0.000,0.000,0.000,0.000,0.000,0.000,35.000,25.000,-30.000,-14.906
2026-01-26 13:49:47.084,-12.607,-12.843,49.993,-3.699,-1.360,0.870,1.469,-1.885,-9.121,0.000,0.000,0.000,0.000,0.000,0.000,35.000,25.000,-30.000,-14.906
2026-01-26 13:49:47.105,-16.114,-13.724,49.666,-3.115,-0.974,0.517,1.804,-2.479,-8.886,0.000,0.000,0.000,0.000,0.000,0.000,35.000,25.000,-30.000,-7.193
2026-01-26 13:49:47.115,-19.025,-15.170,49.536,-1.655,-0.504,0.028,2.172,-2.464,-8.953,0.000,0.000,0.000,0.000,0.000,0.000,35.000,25.000,-30.000,-7.193
2026-01-26 13:49:47.136,-20.055,-15.376,49.729,-0.195,-0.033,-0.359,2.388,-2.603,-9.010,0.000,0.000,0.000,0.000,0.000,0.000,8.899,-1.101,13.699,9.020
2026-01-26 13:49:47.156,-19.623,-14.943,50.301,1.045,0.414,-0.607,2.608,-2.598,-9.073,0.000,0.000,0.000,0.000,0.000,0.000,8.899,-1.101,13.699,9.020
2026-01-26 13:49:47.178,-18.527,-14.336,50.693,1.895,0.719,-0.674,3.163,-2.230,-9.441,0.000,0.000,0.000,0.000,0.000,0.000,-25.000,-35.000,30.000,6.591
2026-01-26 13:49:47.198,-15.644,-12.933,51.317,2.365,0.966,-0.663,3.144,-2.168,-9.058,0.000,0.000,0.000,0.000,0.000,0.000,-25.000,-35.000,30.000,0.503
2026-01-26 13:49:47.230,-13.606,-11.963,51.689,2.365,0.966,-0.657,2.885,-1.928,-9.030,0.000,0.000,0.000,0.000,0.000,0.000,-25.000,-35.000,30.000,0.967
2026-01-26 13:49:47.240,-10.088,-10.418,52.250,2.401,0.903,-0.409,2.512,-1.584,-9.331,0.000,0.000,0.000,0.000,0.000,0.000,-25.000,-35.000,30.000,-8.519
2026-01-26 13:49:47.261,-8.413,-9.773,52.421,2.401,0.903,0.010,2.383,-1.847,-9.862,0.000,0.000,0.000,0.000,0.000,0.000,-25.000,-35.000,17.683,-24.450
2026-01-26 13:49:47.282,-7.418,-9.517,52.220,-0.240,-0.227,0.389,1.895,-1.914,-9.790,0.000,0.000,0.000,0.000,0.000,0.000,9.794,-0.206,-20.091,-17.015
2026-01-26 13:49:47.302,-8.594,-10.300,51.756,-1.760,-0.795,0.674,1.723,-1.904,-9.824,0.000,0.000,0.000,0.000,0.000,0.000,35.000,25.000,-30.000,-17.087
2026-01-26 13:49:47.333,-11.028,-11.546,51.188,-2.617,-1.160,0.731,1.756,-1.809,-9.728,0.000,0.000,0.000,0.000,0.000,0.000,35.000,25.000,-30.000,-17.079
2026-01-26 13:49:47.354,-13.713,-12.429,50.660,-2.723,-1.143,0.559,1.637,-2.019,-9.384,0.000,0.000,0.000,0.000,0.000,0.000,35.000,25.000,-30.000,-5.510
2026-01-26 13:49:47.365,-16.826,-14.198,50.661,-2.345,-0.896,0.235,2.010,-2.153,-9.082,0.000,0.000,0.000,0.000,0.000,0.000,35.000,25.000,-30.000,-5.510
2026-01-26 13:49:47.375,-18.906,-14.713,50.751,-1.605,-0.578,-0.084,2.340,-2.412,-9.049,0.000,0.000,0.000,0.000,0.000,0.000,35.000,25.000,-8.203,8.935
2026-01-26 13:49:47.396,-20.452,-15.361,51.286,-0.766,-0.334,-0.353,2.579,-2.560,-8.838,0.000,0.000,0.000,0.000,0.000,0.000,35.000,25.000,-8.203,8.935
2026-01-26 13:49:47.417,-20.888,-15.407,51.713,0.165,-0.061,-0.544,2.909,-2.613,-8.647,0.000,0.000,0.000,0.000,0.000,0.000,1.698,-8.302,20.560,16.988
2026-01-26 13:49:47.438,-20.329,-15.054,52.479,0.912,0.172,-0.567,3.402,-2.503,-8.623,0.000,0.000,0.000,0.000,0.000,0.000,-15.104,-25.104,26.791,12.770
2026-01-26 13:49:47.458,-19.459,-14.664,52.890,1.440,0.172,-0.581,3.680,-2.483,-8.254,0.000,0.000,0.000,0.000,0.000,0.000,-23.805,-33.805,26.653,13.793
2026-01-26 13:49:47.479,-17.099,-13.577,53.489,2.168,0.834,-0.618,3.742,-2.082,-8.431,0.000,0.000,0.000,0.000,0.000,0.000,-25.000,-35.000,30.000,1.244
2026-01-26 13:49:47.500,-14.352,-12.252,53.843,2.810,1.270,-0.511,3.508,-1.909,-8.503,0.000,0.000,0.000,0.000,0.000,0.000,-25.000,-35.000,30.000,2.032
2026-01-26 13:49:47.521,-10.674,-10.956,54.103,2.929,1.344,-0.225,3.086,-2.005,-8.929,0.000,0.000,0.000,0.000,0.000,0.000,-25.000,-35.000,30.000,-22.405
2026-01-26 13:49:47.541,-8.623,-9.934,53.914,1.993,0.811,0.224,2.531,-1.756,-9.719,0.000,0.000,0.000,0.000,0.000,0.000,-25.000,-35.000,7.265,-31.162
2026-01-26 13:49:47.562,-7.255,-9.217,53.280,0.072,-0.015,0.762,1.938,-1.771,-10.082,0.000,0.000,0.000,0.000,0.000,0.000,-25.000,-35.000,7.265,-31.162
2026-01-26 13:49:47.582,-7.734,-9.584,52.604,-1.940,-0.829,1.113,1.699,-1.995,-10.216,0.000,0.000,0.000,0.000,0.000,0.000,35.000,25.000,-30.000,-33.953
2026-01-26 13:49:47.603,-11.036,-11.307,51.264,-3.143,-1.303,1.196,1.235,-1.593,-10.030,0.000,0.000,0.000,0.000,0.000,0.000,35.000,25.000,-30.000,-27.026
2026-01-26 13:49:47.613,-13.595,-12.585,50.579,-3.133,-1.303,0.947,1.201,-2.000,-9.833,0.000,0.000,0.000,0.000,0.000,0.000,35.000,25.000,-30.000,-17.824
2026-01-26 13:49:47.634,-17.442,-14.372,50.039,-2.329,-0.936,0.358,1.747,-2.134,-9.609,0.000,0.000,0.000,0.000,0.000,0.000,35.000,25.000,-29.303,0.559
2026-01-26 13:49:47.655,-19.082,-15.037,50.131,-1.198,-0.936,-0.236,2.077,-2.684,-9.767,0.000,0.000,0.000,0.000,0.000,0.000,28.968,18.968,-9.268,22.187
2026-01-26 13:49:47.676,-20.361,-15.413,50.895,-0.290,-0.322,-0.598,2.129,-2.689,-9.226,0.000,0.000,0.000,0.000,0.000,0.000,8.523,-1.477,19.814,24.000
2026-01-26 13:49:47.696,-20.489,-15.414,51.512,0.443,-0.169,-0.718,2.713,-2.598,-8.867,0.000,0.000,0.000,0.000,0.000,0.000,-3.863,-13.863,25.332,24.000
2026-01-26 13:49:47.717,-19.765,-15.152,52.593,0.907,0.015,-0.750,3.173,-2.603,-8.608,0.000,0.000,0.000,0.000,0.000,0.000,-14.289,-24.289,30.000,23.399
2026-01-26 13:49:47.738,-18.993,-14.837,53.219,1.282,0.284,-0.800,3.536,-2.440,-8.475,0.000,0.000,0.000,0.000,0.000,0.000,-20.630,-30.630,30.000,20.312
2026-01-26 13:49:47.759,-17.113,-13.933,54.152,1.693,0.592,-0.728,3.512,-2.139,-8.388,0.000,0.000,0.000,0.000,0.000,0.000,-25.000,-35.000,30.000,10.125
2026-01-26 13:49:47.789,-15.665,-13.210,54.582,2.025,0.856,-0.564,3.402,-2.000,-8.360,0.000,0.000,0.000,0.000,0.000,0.000,-25.000,-35.000,30.000,-0.588
2026-01-26 13:49:47.810,-12.901,-11.824,54.981,2.020,0.949,-0.312,3.168,-1.919,-8.599,0.000,0.000,0.000,0.000,0.000,0.000,-25.000,-35.000,30.000,-12.498
2026-01-26 13:49:47.820,-10.783,-10.977,54.987,1.416,0.757,0.029,2.938,-1.900,-8.977,0.000,0.000,0.000,0.000,0.000,0.000,-25.000,-35.000,30.000,-12.498
2026-01-26 13:49:47.841,-10.092,-10.421,54.718,0.303,0.314,0.394,2.474,-1.866,-9.546,0.000,0.000,0.000,0.000,0.000,0.000,-1.051,-11.051,-9.481,-28.051
2026-01-26 13:49:47.892,-10.446,-10.463,54.143,-1.039,-0.294,0.691,2.297,-1.876,-9.833,0.000,0.000,0.000,0.000,0.000,0.000,29.126,19.126,-30.000,-27.739
2026-01-26 13:49:47.912,-11.884,-11.114,53.455,-2.166,-0.791,0.846,2.230,-1.766,-9.833,0.000,0.000,0.000,0.000,0.000,0.000,35.000,25.000,-30.000,-23.532
2026-01-26 13:49:47.933,-13.658,-11.937,52.916,-2.166,-0.791,0.846,2.182,-1.876,-10.030,0.000,0.000,0.000,0.000,0.000,0.000,35.000,25.000,-30.000,-24.003
2026-01-26 13:49:47.954,-17.209,-13.504,52.308,-2.618,-0.973,0.508,2.426,-2.158,-10.030,0.000,0.000,0.000,0.000,0.000,0.000,35.000,25.000,-30.000,-5.563
2026-01-26 13:49:47.975,-19.227,-14.333,52.135,-2.439,-0.876,0.508,2.507,-2.225,-9.546,0.000,0.000,0.000,0.000,0.000,0.000,35.000,25.000,-30.000,-8.812
2026-01-26 13:49:47.996,-21.457,-15.122,52.259,-1.782,-0.622,0.199,2.756,-2.675,-8.795,0.000,0.000,0.000,0.000,0.000,0.000,35.000,25.000,-20.410,-1.526
2026-01-26 13:49:48.016,-22.229,-15.321,52.634,-0.849,-0.385,-0.408,2.929,-2.775,-8.441,0.000,0.000,0.000,0.000,0.000,0.000,21.980,11.980,9.918,19.300
2026-01-26 13:49:48.037,-22.218,-15.173,53.126,0.322,0.114,-0.488,2.929,-2.761,-8.250,0.000,0.000,0.000,0.000,0.000,0.000,6.768,-3.232,14.679,11.960
2026-01-26 13:49:48.068,-21.959,-14.899,53.650,0.322,0.114,-0.488,3.747,-2.455,-8.475,0.000,0.000,0.000,0.000,0.000,0.000,-1.434,-11.434,21.795,11.236
2026-01-26 13:49:48.079,-20.996,-14.250,54.029,1.014,0.521,-0.516,3.747,-2.431,-8.278,0.000,0.000,0.000,0.000,0.000,0.000,-6.739,-16.739,25.609,7.934
2026-01-26 13:49:48.089,-20.042,-13.748,54.313,1.014,0.521,-0.516,3.804,-2.192,-8.470,0.000,0.000,0.000,0.000,0.000,0.000,-15.283,-25.283,30.000,4.205
2026-01-26 13:49:48.110,-17.780,-12.269,54.752,1.747,0.755,-0.561,3.766,-1.890,-9.010,0.000,0.000,0.000,0.000,0.000,0.000,-25.000,-35.000,30.000,1.350
2026-01-26 13:49:48.131,-15.289,-11.007,54.959,2.260,1.017,-0.281,3.421,-1.660,-9.010,0.000,0.000,0.000,0.000,0.000,0.000,-25.000,-35.000,30.000,-16.168
2026-01-26 13:49:48.152,-13.456,-10.034,55.000,2.200,1.125,-0.281,2.804,-1.526,-9.613,0.000,0.000,0.000,0.000,0.000,0.000,-25.000,-35.000,30.000,-17.249
2026-01-26 13:49:48.173,-11.197,-8.985,54.643,1.761,0.913,0.418,2.254,-1.651,-9.613,0.000,0.000,0.000,0.000,0.000,0.000,-25.000,-35.000,-0.245,-36.000
2026-01-26 13:49:48.194,-10.434,-8.855,54.071,-0.291,-0.308,0.803,2.254,-1.354,-10.116,0.000,0.000,0.000,0.000,0.000,0.000,-15.091,-25.091,-8.394,-31.012
2026-01-26 13:49:48.215,-10.908,-9.127,53.483,-0.291,-0.308,0.803,1.995,-1.459,-10.408,0.000,0.000,0.000,0.000,0.000,0.000,10.816,0.816,-30.000,-31.971
2026-01-26 13:49:48.235,-13.293,-11.004,52.306,-1.800,-0.937,1.073,1.909,-1.474,-10.408,0.000,0.000,0.000,0.000,0.000,0.000,35.000,25.000,-30.000,-30.150
2026-01-26 13:49:48.255,-16.616,-12.558,51.342,-2.660,-1.321,0.830,1.866,-2.038,-9.714,0.000,0.000,0.000,0.000,0.000,0.000,35.000,25.000,-30.000,-22.916
2026-01-26 13:49:48.276,-18.682,-13.864,51.134,-2.660,-1.321,0.830,2.216,-2.388,-9.183,0.000,0.000,0.000,0.000,0.000,0.000,35.000,25.000,-30.000,-12.775
2026-01-26 13:49:48.307,-20.939,-15.323,51.343,-0.915,-0.672,-0.074,2.216,-2.933,-8.982,0.000,0.000,0.000,0.000,0.000,0.000,35.000,25.000,-30.000,0.157
2026-01-26 13:49:48.307,-21.623,-15.848,51.746,-0.915,-0.672,-0.074,2.704,-2.885,-8.556,0.000,0.000,0.000,0.000,0.000,0.000,23.301,13.301,-10.504,10.384
2026-01-26 13:49:48.328,-21.449,-15.967,52.336,0.741,0.053,-0.568,3.039,-2.885,-8.264,0.000,0.000,0.000,0.000,0.000,0.000,6.854,-3.146,10.099,15.859
2026-01-26 13:49:48.359,-20.743,-15.800,52.797,0.741,0.053,-0.568,3.460,-2.369,-8.336,0.000,0.000,0.000,0.000,0.000,0.000,-9.828,-19.828,23.777,15.646
2026-01-26 13:49:48.380,-18.721,-14.681,53.475,1.562,0.397,-0.638,3.575,-2.105,-8.336,0.000,0.000,0.000,0.000,0.000,0.000,-25.000,-35.000,30.000,11.635
2026-01-26 13:49:48.390,-16.874,-13.835,53.819,2.246,0.825,-0.638,3.297,-1.713,-8.254,0.000,0.000,0.000,0.000,0.000,0.000,-25.000,-35.000,30.000,3.033
2026-01-26 13:49:48.410,-13.079,-11.916,54.146,2.719,1.240,-0.333,2.804,-1.962,-8.254,0.000,0.000,0.000,0.000,0.000,0.000,-25.000,-35.000,30.000,-18.629
2026-01-26 13:49:48.441,-10.812,-10.755,54.239,2.719,1.337,-0.333,2.373,-1.919,-9.647,0.000,0.000,0.000,0.000,0.000,0.000,-25.000,-35.000,30.000,-19.401
2026-01-26 13:49:48.452,-8.647,-9.748,53.891,0.242,0.936,0.528,1.924,-1.933,-9.647,0.000,0.000,0.000,0.000,0.000,0.000,4.249,-5.751,-4.671,-36.000
2026-01-26 13:49:48.483,-9.204,-9.883,53.015,-1.760,-0.780,0.933,1.876,-1.799,-10.503,0.000,0.000,0.000,0.000,0.000,0.000,0.164,-9.836,-18.600,-29.670
2026-01-26 13:49:48.494,-10.352,-10.812,52.601,-1.760,-0.780,0.933,1.766,-1.641,-10.350,0.000,0.000,0.000,0.000,0.000,0.000,35.000,25.000,-30.000,-27.731
2026-01-26 13:49:48.525,-14.779,-13.029,51.581,-3.362,-1.342,0.887,2.048,-2.096,-10.350,0.000,0.000,0.000,0.000,0.000,0.000,35.000,25.000,-30.000,-13.622
2026-01-26 13:49:48.536,-17.547,-14.394,51.195,-3.362,-1.429,0.887,2.445,-2.345,-9.192,0.000,0.000,0.000,0.000,0.000,0.000,35.000,25.000,-30.000,-12.924
2026-01-26 13:49:48.546,-20.968,-15.935,51.276,-1.410,-1.168,-0.110,2.996,-2.584,-9.192,0.000,0.000,0.000,0.000,0.000,0.000,29.996,19.996,-16.261,24.000
2026-01-26 13:49:48.567,-22.303,-16.390,51.894,-0.101,-0.210,-0.466,3.053,-3.177,-8.398,0.000,0.000,0.000,0.000,0.000,0.000,33.208,23.208,-9.097,11.875
2026-01-26 13:49:48.609,-22.071,-16.282,52.385,-0.101,-0.210,-0.466,3.450,-3.225,-7.723,0.000,0.000,0.000,0.000,0.000,0.000,7.024,-2.976,14.424,16.818
2026-01-26 13:49:48.620,-20.066,-15.913,53.331,2.254,0.588,-0.723,3.378,-2.761,-7.441,0.000,0.000,0.000,0.000,0.000,0.000,-20.417,-30.417,28.443,19.502
2026-01-26 13:49:48.630,-17.896,-14.680,53.604,2.254,0.588,-0.723,3.149,-1.842,-7.800,0.000,0.000,0.000,0.000,0.000,0.000,-25.000,-35.000,30.000,11.172
2026-01-26 13:49:48.651,-14.566,-13.150,53.955,2.641,1.747,-0.344,2.421,-1.464,-7.963,0.000,0.000,0.000,0.000,0.000,0.000,-25.000,-35.000,30.000,-7.150
2026-01-26 13:49:48.671,-12.027,-11.020,53.705,2.641,1.747,-0.344,1.675,-1.555,-8.781,0.000,0.000,0.000,0.000,0.000,0.000,-25.000,-35.000,30.000,-22.237
2026-01-26 13:49:48.692,-9.375,-9.480,53.375,1.473,1.064,0.249,1.459,-1.694,-9.623,0.000,0.000,0.000,0.000,0.000,0.000,-25.000,-35.000,30.000,-34.679
2026-01-26 13:49:48.713,-8.350,-8.537,53.006,1.473,1.064,0.249,1.230,-1.637,-10.671,0.000,0.000,0.000,0.000,0.000,0.000,-24.465,-34.465,11.313,-36.000
2026-01-26 13:49:48.733,-8.648,-8.374,52.490,0.068,0.356,0.432,0.991,-1.282,-10.968,0.000,0.000,0.000,0.000,0.000,0.000,3.636,-6.364,-10.184,-30.416
2026-01-26 13:49:48.754,-10.610,-8.993,52.075,-2.661,-0.312,0.479,1.187,-0.991,-10.968,0.000,0.000,0.000,0.000,0.000,0.000,35.000,25.000,-25.380,-18.895
2026-01-26 13:49:48.775,-14.284,-9.860,51.696,-3.097,-1.124,0.331,1.861,-1.416,-10.680,0.000,0.000,0.000,0.000,0.000,0.000,35.000,25.000,-30.000,-8.535
2026-01-26 13:49:48.796,-17.104,-11.415,51.937,-3.097,-1.124,0.331,2.517,-1.976,-10.331,0.000,0.000,0.000,0.000,0.000,0.000,35.000,25.000,-30.000,3.225
2026-01-26 13:49:48.807,-20.265,-12.366,52.502,-1.806,-0.896,-0.342,2.919,-1.986,-9.326,0.000,0.000,0.000,0.000,0.000,0.000,35.000,25.000,-22.328,17.862
2026-01-26 13:49:48.827,-21.795,-13.214,53.245,-1.806,-0.896,-0.342,3.570,-2.134,-8.891,0.000,0.000,0.000,0.000,0.000,0.000,35.000,25.000,-4.240,24.000
2026-01-26 13:49:48.848,-22.543,-13.546,54.092,0.060,-0.392,-0.573,4.010,-2.058,-7.872,0.000,0.000,0.000,0.000,0.000,0.000,1.695,-8.305,15.899,24.000
2026-01-26 13:49:48.869,-22.274,-13.638,55.011,0.636,-0.113,-0.515,4.168,-1.986,-7.398,0.000,0.000,0.000,0.000,0.000,0.000,3.807,-6.193,15.084,24.000
2026-01-26 13:49:48.889,-21.929,-13.507,55.330,0.636,-0.113,-0.515,4.072,-2.206,-7.675,0.000,0.000,0.000,0.000,0.000,0.000,-7.719,-17.719,18.323,16.839
2026-01-26 13:49:48.910,-20.581,-12.838,55.666,1.120,0.262,-0.250,3.881,-2.048,-7.675,0.000,0.000,0.000,0.000,0.000,0.000,-17.853,-27.853,14.626,-1.856
2026-01-26 13:49:48.931,-19.627,-12.198,55.691,1.120,0.693,-0.250,3.613,-1.976,-8.120,0.000,0.000,0.000,0.000,0.000,0.000,-17.392,-27.392,23.883,-9.856
2026-01-26 13:49:48.951,-17.421,-10.729,55.346,1.691,1.052,0.091,3.297,-2.383,-8.120,0.000,0.000,0.000,0.000,0.000,0.000,-25.000,-35.000,16.485,-31.614
2026-01-26 13:49:48.973,-14.957,-9.379,54.752,1.701,0.932,0.297,3.053,-2.632,-8.924,0.000,0.000,0.000,0.000,0.000,0.000,-25.000,-35.000,19.388,-32.632
2026-01-26 13:49:48.993,-13.794,-9.040,54.400,1.701,0.932,0.297,2.455,-1.732,-9.365,0.000,0.000,0.000,0.000,0.000,0.000,-25.000,-35.000,6.754,-36.000
2026-01-26 13:49:49.024,-12.825,-8.671,53.694,0.986,0.469,0.505,2.364,-1.158,-9.963,0.000,0.000,0.000,0.000,0.000,0.000,-14.729,-24.729,-10.823,-35.572
2026-01-26 13:49:49.034,-13.183,-9.060,53.014,-1.270,-0.061,0.784,2.105,-1.110,-9.963,0.000,0.000,0.000,0.000,0.000,0.000,33.445,23.445,-30.000,-36.000
2026-01-26 13:49:49.045,-15.374,-10.150,52.194,-2.104,-0.774,0.760,1.871,-0.971,-10.365,0.000,0.000,0.000,0.000,0.000,0.000,30.396,20.396,-30.000,-28.285
2026-01-26 13:49:49.066,-17.148,-10.980,51.827,-2.104,-0.774,0.760,2.038,-1.574,-10.087,0.000,0.000,0.000,0.000,0.000,0.000,35.000,25.000,-30.000,-20.892
2026-01-26 13:49:49.086,-19.827,-11.971,51.468,-1.871,-0.856,0.331,2.579,-1.828,-9.628,0.000,0.000,0.000,0.000,0.000,0.000,35.000,25.000,-30.000,-12.093
2026-01-26 13:49:49.117,-21.284,-12.762,51.561,-1.871,-0.856,0.331,3.101,-2.120,-9.240,0.000,0.000,0.000,0.000,0.000,0.000,35.000,25.000,-30.000,-2.122
2026-01-26 13:49:49.128,-22.749,-13.615,52.056,-0.663,-0.477,-0.342,3.503,-2.316,-9.240,0.000,0.000,0.000,0.000,0.000,0.000,16.670,6.670,6.290,18.357
2026-01-26 13:49:49.148,-23.366,-13.849,52.509,-0.663,-0.477,-0.342,3.766,-2.498,-8.312,0.000,0.000,0.000,0.000,0.000,0.000,18.252,8.252,4.133,17.223
2026-01-26 13:49:49.176,-23.307,-13.523,53.382,0.555,0.259,-0.660,4.087,-2.546,-8.312,0.000,0.000,0.000,0.000,0.000,0.000,-7.448,-17.448,30.000,14.589
2026-01-26 13:49:49.186,-22.900,-13.083,53.848,0.555,0.259,-0.660,4.182,-2.493,-8.245,0.000,0.000,0.000,0.000,0.000,0.000,-6.100,-16.100,30.000,15.241
2026-01-26 13:49:49.217,-20.967,-11.727,54.510,2.019,1.061,-0.800,4.197,-1.799,-8.245,0.000,0.000,0.000,0.000,0.000,0.000,-25.000,-35.000,30.000,4.091
2026-01-26 13:49:49.227,-19.312,-10.649,54.886,2.019,1.061,-0.800,3.857,-1.421,-8.274,0.000,0.000,0.000,0.000,0.000,0.000,-25.000,-35.000,30.000,4.780
2026-01-26 13:49:49.248,-15.508,-8.468,55.377,2.940,1.459,-0.551,3.149,-1.340,-8.274,0.000,0.000,0.000,0.000,0.000,0.000,-25.000,-35.000,30.000,-14.509
2026-01-26 13:49:49.280,-12.657,-7.393,55.581,2.940,1.459,-0.551,2.656,-1.235,-9.379,0.000,0.000,0.000,0.000,0.000,0.000,-25.000,-35.000,30.000,-13.159
2026-01-26 13:49:49.290,-9.976,-5.884,55.333,2.511,1.111,0.447,1.814,-1.172,-9.891,0.000,0.000,0.000,0.000,0.000,0.000,-25.000,-35.000,4.325,-36.000
2026-01-26 13:49:49.310,-9.285,-5.825,54.711,-0.840,-0.515,0.968,1.493,-1.014,-10.499,0.000,0.000,0.000,0.000,0.000,0.000,26.750,16.750,-30.000,-34.672
2026-01-26 13:49:49.341,-11.186,-6.711,53.367,-2.746,-1.393,1.297,1.407,-1.005,-10.805,0.000,0.000,0.000,0.000,0.000,0.000,21.810,11.810,-30.000,-34.443
2026-01-26 13:49:49.351,-13.637,-8.051,52.552,-2.746,-1.393,1.297,1.900,-1.058,-10.657,0.000,0.000,0.000,0.000,0.000,0.000,35.000,25.000,-30.000,-30.032
2026-01-26 13:49:49.382,-18.212,-11.366,51.873,-3.767,-1.883,1.305,1.900,-1.440,-10.422,0.000,0.000,0.000,0.000,0.000,0.000,35.000,25.000,-30.000,-28.198
2026-01-26 13:49:49.393,-22.296,-13.589,51.566,-3.699,-1.780,0.946,3.005,-1.943,-10.422,0.000,0.000,0.000,0.000,0.000,0.000,35.000,25.000,-30.000,-13.838
2026-01-26 13:49:49.414,-24.960,-14.487,51.807,-2.646,-1.353,0.297,3.005,-1.943,-9.695,0.000,0.000,0.000,0.000,0.000,0.000,35.000,25.000,-30.000,9.169
2026-01-26 13:49:49.435,-26.706,-15.750,52.693,-1.170,-0.898,-0.330,3.345,-2.646,-9.121,0.000,0.000,0.000,0.000,0.000,0.000,28.393,18.393,-4.751,24.000
2026-01-26 13:49:49.445,-26.548,-15.861,53.471,0.224,-0.521,-0.721,3.345,-2.646,-8.350,0.000,0.000,0.000,0.000,0.000,0.000,0.526,-9.474,18.429,24.000
2026-01-26 13:49:49.466,-25.374,-15.439,54.671,1.204,-0.066,-0.839,4.154,-2.670,-8.049,0.000,0.000,0.000,0.000,0.000,0.000,-19.075,-29.075,30.000,24.000
2026-01-26 13:49:49.487,-23.561,-14.984,55.210,1.833,0.391,-0.838,4.154,-2.670,-7.833,0.000,0.000,0.000,0.000,0.000,0.000,-25.000,-35.000,30.000,19.715
2026-01-26 13:49:49.507,-21.004,-13.372,55.971,2.180,0.815,-0.812,3.651,-1.718,-7.628,0.000,0.000,0.000,0.000,0.000,0.000,-25.000,-35.000,30.000,10.171
2026-01-26 13:49:49.528,-18.544,-12.457,56.238,2.493,1.142,-0.699,3.651,-1.718,-7.747,0.000,0.000,0.000,0.000,0.000,0.000,-25.000,-35.000,30.000,-0.887
2026-01-26 13:49:49.549,-15.646,-10.407,56.525,2.333,1.220,-0.466,3.039,-1.876,-8.551,0.000,0.000,0.000,0.000,0.000,0.000,-25.000,-35.000,30.000,-11.774
2026-01-26 13:49:49.569,-14.274,-9.873,56.477,1.402,0.781,-0.093,3.039,-1.876,-9.183,0.000,0.000,0.000,0.000,0.000,0.000,-23.038,-33.038,19.324,-17.910
2026-01-26 13:49:49.590,-14.433,-9.795,56.212,-0.288,-0.118,0.321,2.493,-1.541,-9.867,0.000,0.000,0.000,0.000,0.000,0.000,10.752,0.752,-15.191,-16.461
2026-01-26 13:49:49.610,-16.710,-10.568,55.909,-2.263,-0.973,0.687,2.493,-1.541,-10.087,0.000,0.000,0.000,0.000,0.000,0.000,35.000,25.000,-30.000,-14.032
2026-01-26 13:49:49.631,-20.920,-13.054,55.555,-3.508,-1.563,0.796,3.493,-2.163,-10.197,0.000,0.000,0.000,0.000,0.000,0.000,35.000,25.000,-30.000,-7.830
2026-01-26 13:49:49.652,-24.467,-14.176,55.669,-3.512,-1.604,0.549,3.493,-2.163,-10.006,0.000,0.000,0.000,0.000,0.000,0.000,35.000,25.000,-30.000,2.056
2026-01-26 13:49:49.672,-27.613,-16.164,56.306,-2.304,-1.217,0.047,3.814,-2.579,-9.341,0.000,0.000,0.000,0.000,0.000,0.000,35.000,25.000,-26.206,16.456
2026-01-26 13:49:49.693,-28.403,-16.389,56.894,-0.714,-0.634,-0.404,3.814,-2.579,-8.714,0.000,0.000,0.000,0.000,0.000,0.000,19.275,9.275,3.473,22.826
2026-01-26 13:49:49.703,-27.946,-16.353,57.779,0.607,-0.170,-0.562,4.177,-2.775,-8.494,0.000,0.000,0.000,0.000,0.000,0.000,-7.144,-17.144,19.090,19.907
2026-01-26 13:49:49.744,-26.328,-16.084,58.211,1.618,0.212,-0.640,4.177,-2.775,-7.929,0.000,0.000,0.000,0.000,0.000,0.000,-25.000,-35.000,29.849,15.369
2026-01-26 13:49:49.754,-23.647,-14.725,58.822,2.287,0.670,-0.703,4.364,-2.560,-7.474,0.000,0.000,0.000,0.000,0.000,0.000,-25.000,-35.000,30.000,8.722
2026-01-26 13:49:49.775,-21.064,-13.787,59.123,2.643,1.144,-0.795,4.364,-2.560,-7.360,0.000,0.000,0.000,0.000,0.000,0.000,-25.000,-35.000,30.000,2.906
2026-01-26 13:49:49.785,-17.742,-11.324,59.579,2.713,1.483,-0.751,4.020,-1.498,-8.274,0.000,0.000,0.000,0.000,0.000,0.000,-25.000,-35.000,30.000,-5.617
2026-01-26 13:49:49.805,-15.072,-9.776,59.619,2.283,1.407,-0.396,3.345,-1.498,-8.274,0.000,0.000,0.000,0.000,0.000,0.000,-25.000,-35.000,30.000,-18.293
2026-01-26 13:49:49.837,-13.950,-8.867,59.328,1.145,0.836,0.146,2.929,-1.541,-9.781,0.000,0.000,0.000,0.000,0.000,0.000,-17.903,-27.903,10.887,-28.562
2026-01-26 13:49:49.847,-14.890,-8.931,58.707,-0.529,-0.036,0.638,2.550,-1.493,-9.781,0.000,0.000,0.000,0.000,0.000,0.000,15.589,5.589,-26.248,-30.799
2026-01-26 13:49:49.868,-17.516,-10.178,57.683,-2.227,-0.863,0.959,2.550,-1.493,-9.867,0.000,0.000,0.000,0.000,0.000,0.000,35.000,25.000,-30.000,-27.092
2026-01-26 13:49:49.889,-20.221,-11.501,57.557,-3.254,-1.361,1.002,2.775,-1.292,-10.140,0.000,0.000,0.000,0.000,0.000,0.000,35.000,25.000,-30.000,-18.868
2026-01-26 13:49:49.909,-24.245,-13.938,57.250,-3.246,-1.332,0.736,3.086,-2.316,-9.800,0.000,0.000,0.000,0.000,0.000,0.000,35.000,25.000,-30.000,-8.812
2026-01-26 13:49:49.940,-27.075,-14.861,57.572,-2.343,-0.923,0.226,3.484,-2.316,-9.800,0.000,0.000,0.000,0.000,0.000,0.000,35.000,25.000,-27.484,3.417
2026-01-26 13:49:49.940,-28.008,-15.236,58.037,-0.934,-0.463,-0.271,3.704,-2.483,-9.484,0.000,0.000,0.000,0.000,0.000,0.000,23.685,13.685,1.555,14.091
2026-01-26 13:49:49.961,-27.685,-15.086,58.640,0.331,-0.148,-0.488,3.948,-2.632,-8.958,0.000,0.000,0.000,0.000,0.000,0.000,-1.626,-11.626,16.554,16.477
2026-01-26 13:49:49.982,-25.714,-14.297,59.228,1.289,0.211,-0.570,3.948,-2.632,-8.522,0.000,0.000,0.000,0.000,0.000,0.000,-20.779,-30.779,27.015,12.578
2026-01-26 13:49:50.003,-24.329,-13.919,59.597,1.911,0.668,-0.599,4.316,-2.527,-7.958,0.000,0.000,0.000,0.000,0.000,0.000,-25.000,-35.000,30.000,4.589
2026-01-26 13:49:50.024,-21.310,-12.075,59.790,2.488,1.115,-0.693,3.780,-1.723,-7.948,0.000,0.000,0.000,0.000,0.000,0.000,-25.000,-35.000,30.000,-0.567
2026-01-26 13:49:50.066,-18.476,-11.045,59.956,2.877,1.368,-0.636,3.780,-1.723,-7.948,0.000,0.000,0.000,0.000,0.000,0.000,-25.000,-35.000,30.000,-7.917
2026-01-26 13:49:50.076,-15.211,-9.025,60.065,2.582,1.177,-0.316,3.163,-1.407,-8.498,0.000,0.000,0.000,0.000,0.000,0.000,-25.000,-35.000,30.000,-16.887
2026-01-26 13:49:50.087,-13.830,-8.804,59.880,1.385,0.504,0.162,3.163,-1.407,-9.331,0.000,0.000,0.000,0.000,0.000,0.000,-22.697,-32.697,3.601,-22.554
2026-01-26 13:49:50.108,-14.246,-9.221,59.318,-0.499,-0.422,0.620,2.728,-1.541,-9.666,0.000,0.000,0.000,0.000,0.000,0.000,14.971,4.971,-30.000,-22.362
2026-01-26 13:49:50.128,-17.341,-10.700,58.451,-2.343,-1.264,0.948,2.637,-1.541,-9.666,0.000,0.000,0.000,0.000,0.000,0.000,35.000,25.000,-30.000,-18.634
2026-01-26 13:49:50.149,-20.522,-13.067,58.348,-3.257,-1.690,0.942,2.871,-2.292,-9.030,0.000,0.000,0.000,0.000,0.000,0.000,35.000,25.000,-30.000,-13.668
2026-01-26 13:49:50.160,-24.290,-14.805,58.275,-3.055,-1.532,0.670,3.220,-2.292,-9.030,0.000,0.000,0.000,0.000,0.000,0.000,35.000,25.000,-30.000,-2.802
2026-01-26 13:49:50.180,-26.237,-16.018,58.620,-1.969,-0.991,0.207,3.402,-2.397,-8.594,0.000,0.000,0.000,0.000,0.000,0.000,35.000,25.000,-28.080,5.547
2026-01-26 13:49:50.202,-26.871,-16.154,58.977,-0.539,-0.276,-0.185,3.919,-2.847,-8.594,0.000,0.000,0.000,0.000,0.000,0.000,15.780,5.780,1.896,6.932
2026-01-26 13:49:50.222,-25.773,-15.546,59.271,0.608,0.191,-0.333,3.919,-2.847,-8.470,0.000,0.000,0.000,0.000,0.000,0.000,-7.165,-17.165,17.151,3.523
2026-01-26 13:49:50.243,-24.760,-15.223,59.439,1.375,0.602,-0.345,4.053,-2.809,-8.144,0.000,0.000,0.000,0.000,0.000,0.000,-22.505,-32.505,25.843,-4.232
2026-01-26 13:49:50.274,-22.441,-13.747,59.234,1.826,1.007,-0.287,4.211,-2.244,-8.116,0.000,0.000,0.000,0.000,0.000,0.000,-25.000,-35.000,30.000,-14.671
2026-01-26 13:49:50.284,-20.290,-12.770,59.090,2.143,1.328,-0.291,4.211,-2.244,-8.211,0.000,0.000,0.000,0.000,0.000,0.000,-25.000,-35.000,30.000,-20.935
2026-01-26 13:49:50.315,-17.480,-10.684,58.862,2.171,1.376,-0.218,2.905,-1.627,-8.575,0.000,0.000,0.000,0.000,0.000,0.000,-25.000,-35.000,30.000,-24.791
2026-01-26 13:49:50.326,-15.692,-9.784,58.375,1.530,0.919,0.111,2.905,-1.627,-9.374,0.000,0.000,0.000,0.000,0.000,0.000,-25.000,-35.000,13.955,-28.818
2026-01-26 13:49:50.357,-15.582,-9.875,57.947,0.092,0.079,0.554,2.474,-1.464,-10.269,0.000,0.000,0.000,0.000,0.000,0.000,3.168,-6.832,-20.581,-29.734
2026-01-26 13:49:50.388,-23.055,-14.061,56.722,-2.640,-1.188,0.622,2.862,-2.507,-9.125,0.000,0.000,0.000,0.000,0.000,0.000,35.000,25.000,-30.000,-7.129
2026-01-26 13:49:50.398,-25.212,-14.778,57.039,-1.795,-0.737,0.145,2.862,-2.507,-9.125,0.000,0.000,0.000,0.000,0.000,0.000,35.000,25.000,-20.538,2.948
2026-01-26 13:49:50.398,-25.782,-14.850,57.435,-0.583,-0.199,-0.353,3.211,-2.522,-8.518,0.000,0.000,0.000,0.000,0.000,0.000,16.654,6.654,10.120,12.088
2026-01-26 13:49:50.419,-25.458,-14.293,58.061,0.342,0.194,-0.659,3.804,-2.354,-8.518,0.000,0.000,0.000,0.000,0.000,0.000,-1.839,-11.839,30.000,16.498
2026-01-26 13:49:50.440,-24.559,-13.667,58.568,0.983,0.488,-0.835,3.804,-2.354,-8.029,0.000,0.000,0.000,0.000,0.000,0.000,-14.665,-24.665,30.000,17.649
2026-01-26 13:49:50.460,-23.109,-12.124,59.424,1.239,0.777,-0.933,4.053,-2.182,-8.264,0.000,0.000,0.000,0.000,0.000,0.000,-19.778,-29.778,30.000,15.795
2026-01-26 13:49:50.481,-21.515,-10.914,60.083,1.350,0.876,-0.915,3.852,-1.747,-8.264,0.000,0.000,0.000,0.000,0.000,0.000,-21.994,-31.994,30.000,13.090
2026-01-26 13:49:50.502,-20.137,-9.822,60.675,1.308,0.752,-0.689,3.852,-1.747,-8.714,0.000,0.000,0.000,0.000,0.000,0.000,-21.163,-31.163,30.000,6.528
2026-01-26 13:49:50.523,-19.265,-9.228,60.772,0.921,0.432,-0.263,3.646,-1.392,-9.723,0.000,0.000,0.000,0.000,0.000,0.000,-13.429,-23.429,19.175,-4.125
2026-01-26 13:49:50.543,-19.054,-9.341,60.676,0.191,-0.029,0.157,3.637,-1.436,-9.489,0.000,0.000,0.000,0.000,0.000,0.000,1.186,-8.814,-6.839,-11.689
2026-01-26 13:49:50.574,-20.028,-9.933,60.285,-0.705,-0.457,0.442,3.637,-1.436,-9.489,0.000,0.000,0.000,0.000,0.000,0.000,19.104,9.104,-26.823,-14.543
2026-01-26 13:49:50.585,-21.456,-11.109,60.186,-1.452,-0.811,0.574,3.651,-1.971,-9.049,0.000,0.000,0.000,0.000,0.000,0.000,34.039,24.039,-30.000,-12.754
2026-01-26 13:49:50.595,-23.730,-12.285,59.929,-1.794,-0.996,0.576,3.651,-1.971,-9.049,0.000,0.000,0.000,0.000,0.000,0.000,35.000,25.000,-30.000,-9.132
2026-01-26 13:49:50.616,-25.497,-13.511,60.030,-1.811,-0.889,0.450,3.809,-2.082,-7.852,0.000,0.000,0.000,0.000,0.000,0.000,35.000,25.000,-30.000,-6.192
2026-01-26 13:49:50.637,-27.466,-14.109,60.093,-1.551,-0.607,0.227,3.809,-2.082,-7.852,0.000,0.000,0.000,0.000,0.000,0.000,35.000,25.000,-21.220,-2.932
2026-01-26 13:49:50.679,-28.594,-14.516,60.226,-1.217,-0.284,0.081,4.254,-2.555,-8.058,0.000,0.000,0.000,0.000,0.000,0.000,29.331,19.331,-8.927,-3.550
2026-01-26 13:49:50.710,-29.298,-14.273,60.488,-0.620,0.077,-0.184,4.254,-2.555,-8.058,0.000,0.000,0.000,0.000,0.000,0.000,17.400,7.400,8.906,-0.162
2026-01-26 13:49:50.720,-29.025,-13.655,60.593,0.210,0.422,-0.397,4.694,-2.354,-8.513,0.000,0.000,0.000,0.000,0.000,0.000,0.803,-9.197,24.331,1.457
2026-01-26 13:49:50.731,-27.438,-12.268,60.882,1.018,0.742,-0.586,4.694,-2.354,-8.513,0.000,0.000,0.000,0.000,0.000,0.000,-15.368,-25.368,30.000,2.586
2026-01-26 13:49:50.742,-26.161,-11.318,61.072,1.516,0.926,-0.657,4.800,-1.464,-9.183,0.000,0.000,0.000,0.000,0.000,0.000,-25.000,-35.000,30.000,1.776
2026-01-26 13:49:50.762,-23.800,-9.843,61.378,1.694,0.887,-0.582,4.800,-1.464,-9.183,0.000,0.000,0.000,0.000,0.000,0.000,-25.000,-35.000,30.000,-0.482
2026-01-26 13:49:50.783,-22.421,-9.175,61.475,1.650,0.714,-0.361,4.723,-1.598,-9.719,0.000,0.000,0.000,0.000,0.000,0.000,-25.000,-35.000,28.720,-5.830
2026-01-26 13:49:50.814,-20.285,-8.433,61.492,1.508,0.474,-0.099,4.436,-1.555,-9.781,0.000,0.000,0.000,0.000,0.000,0.000,-25.000,-35.000,13.444,-11.518
2026-01-26 13:49:50.824,-19.256,-8.387,61.341,1.223,0.154,0.197,3.694,-1.278,-9.795,0.000,0.000,0.000,0.000,0.000,0.000,-19.458,-29.458,-4.794,-16.972
2026-01-26 13:49:50.845,-18.383,-8.679,61.015,0.625,-0.209,0.467,3.364,-1.230,-9.475,0.000,0.000,0.000,0.000,0.000,0.000,-7.506,-17.506,-22.839,-20.488
2026-01-26 13:49:50.856,-18.318,-9.526,60.516,-0.198,-0.641,0.625,3.163,-1.589,-9.001,0.000,0.000,0.000,0.000,0.000,0.000,8.963,-1.037,-30.000,-18.187
2026-01-26 13:49:50.897,-19.803,-11.107,60.139,-1.240,-1.040,0.765,3.067,-1.766,-8.475,0.000,0.000,0.000,0.000,0.000,0.000,29.799,19.799,-30.000,-15.800
2026-01-26 13:49:50.908,-21.561,-12.377,59.885,-2.098,-1.288,0.832,2.972,-1.876,-8.053,0.000,0.000,0.000,0.000,0.000,0.000,35.000,25.000,-30.000,-13.521
2026-01-26 13:49:50.918,-24.868,-14.292,59.573,-2.446,-1.137,0.741,3.302,-2.077,-7.790,0.000,0.000,0.000,0.000,0.000,0.000,35.000,25.000,-30.000,-12.924
2026-01-26 13:49:50.939,-26.557,-15.012,59.573,-2.007,-0.776,0.398,3.790,-3.010,-7.656,0.000,0.000,0.000,0.000,0.000,0.000,35.000,25.000,-30.000,-6.426
2026-01-26 13:49:50.959,-28.610,-15.549,59.754,-1.310,-0.314,0.018,4.015,-2.641,-7.986,0.000,0.000,0.000,0.000,0.000,0.000,31.206,21.206,-7.009,-0.439
2026-01-26 13:49:50.980,-28.991,-15.365,59.890,-0.459,0.102,-0.211,4.163,-2.608,-8.149,0.000,0.000,0.000,0.000,0.000,0.000,14.183,4.183,10.482,0.392
2026-01-26 13:49:51.021,-28.652,-14.691,60.034,0.379,0.428,-0.303,4.364,-2.641,-8.771,0.000,0.000,0.000,0.000,0.000,0.000,-2.585,-12.585,20.666,-2.463
2026-01-26 13:49:51.031,-27.666,-14.011,60.013,1.099,0.722,-0.324,4.536,-2.498,-8.987,0.000,0.000,0.000,0.000,0.000,0.000,-16.987,-26.987,27.399,-7.491
2026-01-26 13:49:51.041,-25.547,-12.723,59.997,1.545,0.859,-0.366,4.579,-2.163,-9.269,0.000,0.000,0.000,0.000,0.000,0.000,-25.000,-35.000,30.000,-8.514
2026-01-26 13:49:51.062,-23.875,-11.830,60.062,1.961,0.943,-0.462,4.522,-1.957,-9.317,0.000,0.000,0.000,0.000,0.000,0.000,-25.000,-35.000,30.000,-6.362
2026-01-26 13:49:51.083,-20.789,-10.241,60.216,2.256,1.048,-0.474,4.201,-1.574,-9.197,0.000,0.000,0.000,0.000,0.000,0.000,-25.000,-35.000,30.000,-8.003
2026-01-26 13:49:51.104,-18.738,-9.260,60.269,2.444,1.100,-0.389,3.795,-1.656,-8.867,0.000,0.000,0.000,0.000,0.000,0.000,-25.000,-35.000,30.000,-12.456
2026-01-26 13:49:51.136,-15.429,-7.876,60.370,2.374,0.925,-0.272,3.192,-1.665,-8.915,0.000,0.000,0.000,0.000,0.000,0.000,-25.000,-35.000,29.359,-13.627
2026-01-26 13:49:51.146,-14.039,-7.450,60.305,1.685,0.557,0.009,2.503,-1.225,-8.886,0.000,0.000,0.000,0.000,0.000,0.000,-25.000,-35.000,10.802,-17.484
2026-01-26 13:49:51.157,-13.236,-7.539,59.888,0.326,-0.064,0.439,2.139,-1.278,-9.149,0.000,0.000,0.000,0.000,0.000,0.000,-1.519,-11.519,-18.834,-22.277
2026-01-26 13:49:51.177,-14.416,-8.433,59.380,-1.403,-0.832,0.875,1.924,-1.321,-9.604,0.000,0.000,0.000,0.000,0.000,0.000,33.059,23.059,-30.000,-24.344
2026-01-26 13:49:51.198,-17.935,-10.620,58.576,-2.822,-1.419,1.034,1.971,-1.402,-9.700,0.000,0.000,0.000,0.000,0.000,0.000,35.000,25.000,-30.000,-18.996
2026-01-26 13:49:51.218,-20.665,-12.079,58.339,-3.260,-1.523,0.856,2.402,-1.608,-9.613,0.000,0.000,0.000,0.000,0.000,0.000,35.000,25.000,-30.000,-10.259
2026-01-26 13:49:51.239,-24.592,-13.964,58.476,-2.670,-1.223,0.352,3.029,-2.182,-9.106,0.000,0.000,0.000,0.000,0.000,0.000,35.000,25.000,-30.000,4.397
2026-01-26 13:49:51.260,-25.846,-14.447,58.949,-1.409,-0.764,-0.216,3.622,-2.388,-8.843,0.000,0.000,0.000,0.000,0.000,0.000,33.187,23.187,-6.626,17.926
2026-01-26 13:49:51.281,-26.590,-14.557,59.903,-0.193,-0.288,-0.592,3.685,-2.550,-8.608,0.000,0.000,0.000,0.000,0.000,0.000,8.856,-1.144,17.939,23.444
2026-01-26 13:49:51.302,-25.931,-14.110,60.414,0.838,0.194,-0.718,3.914,-2.254,-8.393,0.000,0.000,0.000,0.000,0.000,0.000,-11.767,-21.767,30.000,18.842
2026-01-26 13:49:51.323,-23.914,-12.929,61.110,1.636,0.637,-0.749,4.599,-2.302,-8.130,0.000,0.000,0.000,0.000,0.000,0.000,-25.000,-35.000,30.000,11.215
2026-01-26 13:49:51.354,-22.193,-11.956,61.480,2.084,0.893,-0.789,4.728,-2.015,-7.953,0.000,0.000,0.000,0.000,0.000,0.000,-25.000,-35.000,30.000,7.721
2026-01-26 13:49:51.364,-19.517,-10.504,61.962,2.560,1.135,-0.787,4.560,-1.909,-7.594,0.000,0.000,0.000,0.000,0.000,0.000,-25.000,-35.000,30.000,2.799
2026-01-26 13:49:51.385,-16.943,-9.493,62.466,2.737,1.333,-0.648,4.201,-1.933,-7.575,0.000,0.000,0.000,0.000,0.000,0.000,-25.000,-35.000,30.000,-6.746
2026-01-26 13:49:51.405,-14.025,-7.483,62.348,2.170,1.241,-0.142,3.383,-1.526,-8.465,0.000,0.000,0.000,0.000,0.000,0.000,-25.000,-35.000,30.000,-25.153
2026-01-26 13:49:51.415,-12.745,-6.769,61.635,0.622,0.525,0.577,2.632,-1.349,-9.857,0.000,0.000,0.000,0.000,0.000,0.000,-7.442,-17.442,-12.591,-36.000
2026-01-26 13:49:51.447,-13.875,-7.437,60.802,-1.361,-0.479,1.177,2.364,-1.316,-10.776,0.000,0.000,0.000,0.000,0.000,0.000,32.228,22.228,-30.000,-36.000
2026-01-26 13:49:51.467,-16.641,-9.123,59.704,-2.896,-1.360,1.414,2.402,-1.292,-11.307,0.000,0.000,0.000,0.000,0.000,0.000,35.000,25.000,-30.000,-35.337
2026-01-26 13:49:51.488,-21.096,-11.951,58.701,-3.344,-1.728,1.316,2.388,-1.034,-11.279,0.000,0.000,0.000,0.000,0.000,0.000,35.000,25.000,-30.000,-28.624
2026-01-26 13:49:51.498,-23.303,-13.453,58.540,-2.671,-1.584,0.863,2.804,-1.651,-10.413,0.000,0.000,0.000,0.000,0.000,0.000,35.000,25.000,-30.000,-10.515
2026-01-26 13:49:51.519,-25.421,-14.836,58.852,-1.425,-1.242,0.141,3.527,-2.579,-9.609,0.000,0.000,0.000,0.000,0.000,0.000,33.506,23.506,-30.000,13.217
2026-01-26 13:49:51.549,-26.059,-15.598,59.585,-0.459,-0.982,-0.366,3.713,-3.086,-8.838,0.000,0.000,0.000,0.000,0.000,0.000,14.183,4.183,-4.985,24.000
2026-01-26 13:49:51.560,-26.537,-16.404,60.628,-0.098,-0.790,-0.522,3.819,-3.182,-8.283,0.000,0.000,0.000,0.000,0.000,0.000,6.960,-3.040,5.071,24.000
2026-01-26 13:49:51.591,-26.732,-16.654,61.449,-0.023,-0.592,-0.445,3.972,-2.785,-7.762,0.000,0.000,0.000,0.000,0.000,0.000,5.469,-4.531,5.965,23.657
2026-01-26 13:49:51.601,-26.676,-16.962,62.078,0.189,-0.317,-0.312,4.144,-2.560,-7.364,0.000,0.000,0.000,0.000,0.000,0.000,1.229,-8.771,6.136,12.834
2026-01-26 13:49:51.622,-26.072,-16.871,62.575,0.907,0.043,-0.393,4.321,-2.785,-7.187,0.000,0.000,0.000,0.000,0.000,0.000,-13.131,-23.131,16.576,8.871
2026-01-26 13:49:51.643,-18.883,-13.406,62.803,2.583,1.531,-0.339,4.048,-1.895,-7.446,0.000,0.000,0.000,0.000,0.000,0.000,-25.000,-35.000,30.000,-22.450
2026-01-26 13:49:51.653,-16.544,-12.068,62.669,2.739,1.628,-0.125,3.455,-1.431,-8.001,0.000,0.000,0.000,0.000,0.000,0.000,-25.000,-35.000,30.000,-31.015
2026-01-26 13:49:51.685,-13.273,-10.232,62.024,2.101,1.236,0.284,2.732,-1.904,-9.054,0.000,0.000,0.000,0.000,0.000,0.000,-25.000,-35.000,13.337,-36.000
2026-01-26 13:49:51.695,-12.472,-9.664,60.960,0.426,0.403,0.833,1.967,-1.713,-10.006,0.000,0.000,0.000,0.000,0.000,0.000,-3.522,-13.522,-25.268,-36.000
2026-01-26 13:49:51.715,-13.992,-10.484,59.800,-1.503,-0.518,1.202,1.727,-1.493,-10.695,0.000,0.000,0.000,0.000,0.000,0.000,35.000,25.000,-30.000,-36.000
2026-01-26 13:49:51.746,-15.886,-11.126,59.023,-2.743,-1.168,1.148,1.866,-1.163,-10.824,0.000,0.000,0.000,0.000,0.000,0.000,35.000,25.000,-30.000,-28.584
2026-01-26 13:49:51.756,-19.752,-13.142,58.715,-2.836,-1.325,0.741,2.388,-1.885,-10.326,0.000,0.000,0.000,0.000,0.000,0.000,35.000,25.000,-30.000,-9.153
2026-01-26 13:49:51.788,-21.616,-14.227,58.785,-2.035,-1.064,0.119,2.795,-2.397,-9.561,0.000,0.000,0.000,0.000,0.000,0.000,35.000,25.000,-26.056,10.512
2026-01-26 13:49:51.798,-23.288,-15.156,59.497,-0.755,-0.542,-0.359,3.062,-2.617,-9.025,0.000,0.000,0.000,0.000,0.000,0.000,20.105,10.105,3.515,19.204
2026-01-26 13:49:51.819,-23.266,-15.206,60.144,0.287,-0.070,-0.518,3.383,-2.718,-8.742,0.000,0.000,0.000,0.000,0.000,0.000,-0.731,-10.731,19.303,16.115
2026-01-26 13:49:51.840,-22.035,-14.822,60.626,1.154,0.284,-0.503,3.713,-2.952,-8.336,0.000,0.000,0.000,0.000,0.000,0.000,-18.074,-28.074,25.801,8.424
2026-01-26 13:49:51.861,-20.259,-14.052,61.062,1.648,0.635,-0.407,3.713,-2.608,-7.986,0.000,0.000,0.000,0.000,0.000,0.000,-25.000,-35.000,28.975,-2.421
2026-01-26 13:49:51.881,-18.554,-13.270,61.127,2.084,1.007,-0.343,3.627,-1.900,-7.915,0.000,0.000,0.000,0.000,0.000,0.000,-25.000,-35.000,30.000,-12.413
2026-01-26 13:49:51.892,-15.222,-11.479,60.945,2.483,1.454,-0.257,3.326,-1.675,-8.063,0.000,0.000,0.000,0.000,0.000,0.000,-25.000,-35.000,30.000,-24.813
2026-01-26 13:49:51.923,-12.942,-10.114,60.900,2.729,1.697,-0.172,3.072,-1.641,-8.388,0.000,0.000,0.000,0.000,0.000,0.000,-25.000,-35.000,30.000,-29.140
2026-01-26 13:49:51.964,-9.538,-8.000,60.562,2.300,1.424,0.033,2.335,-1.608,-9.283,0.000,0.000,0.000,0.000,0.000,0.000,-25.000,-35.000,27.164,-35.806
2026-01-26 13:49:51.974,-8.305,-6.892,59.956,0.806,0.609,0.471,1.436,-1.081,-10.116,0.000,0.000,0.000,0.000,0.000,0.000,-11.128,-21.128,-6.647,-36.000
2026-01-26 13:49:51.974,-9.310,-7.391,59.298,-1.202,-0.409,0.901,1.053,-1.282,-10.637,0.000,0.000,0.000,0.000,0.000,0.000,29.032,19.032,-30.000,-33.867
2026-01-26 13:49:51.995,-12.286,-8.514,58.428,-2.693,-1.189,1.058,1.058,-0.991,-10.800,0.000,0.000,0.000,0.000,0.000,0.000,35.000,25.000,-30.000,-24.536
2026-01-26 13:49:52.016,-14.901,-9.877,57.669,-3.245,-1.513,0.905,1.579,-1.321,-10.680,0.000,0.000,0.000,0.000,0.000,0.000,35.000,25.000,-30.000,-12.219
2026-01-26 13:49:52.036,-19.077,-12.050,57.682,-2.906,-1.394,0.470,2.187,-1.675,-10.216,0.000,0.000,0.000,0.000,0.000,0.000,35.000,25.000,-30.000,3.097
2026-01-26 13:49:52.057,-20.829,-13.067,57.954,-1.871,-1.008,-0.058,2.503,-2.091,-9.628,0.000,0.000,0.000,0.000,0.000,0.000,35.000,25.000,-17.854,16.456
2026-01-26 13:49:52.078,-22.307,-13.919,58.718,-0.669,-0.535,-0.413,2.795,-2.388,-9.197,0.000,0.000,0.000,0.000,0.000,0.000,18.380,8.380,5.838,21.228
2026-01-26 13:49:52.110,-22.132,-13.965,59.489,0.455,-0.118,-0.638,3.034,-2.479,-8.522,0.000,0.000,0.000,0.000,0.000,0.000,-4.097,-14.097,23.159,21.889
2026-01-26 13:49:52.132,-20.829,-13.512,60.180,1.190,0.283,-0.706,3.579,-2.675,-8.293,0.000,0.000,0.000,0.000,0.000,0.000,-18.798,-28.798,30.000,16.584
2026-01-26 13:49:52.132,-19.683,-12.824,60.850,1.494,0.659,-0.701,3.756,-2.196,-8.207,0.000,0.000,0.000,0.000,0.000,0.000,-24.870,-34.870,30.000,8.850
2026-01-26 13:49:52.163,-17.285,-11.354,61.442,1.867,1.016,-0.671,3.675,-1.881,-8.192,0.000,0.000,0.000,0.000,0.000,0.000,-25.000,-35.000,30.000,0.519
2026-01-26 13:49:52.194,-15.535,-10.290,61.711,2.167,1.235,-0.599,3.311,-1.876,-8.250,0.000,0.000,0.000,0.000,0.000,0.000,-25.000,-35.000,30.000,-6.746
2026-01-26 13:49:52.205,-12.580,-8.494,62.041,2.120,1.172,-0.382,3.163,-1.560,-8.675,0.000,0.000,0.000,0.000,0.000,0.000,-25.000,-35.000,30.000,-15.063
2026-01-26 13:49:52.215,-10.942,-7.247,62.020,1.392,0.788,-0.075,2.713,-1.148,-9.465,0.000,0.000,0.000,0.000,0.000,0.000,-22.846,-32.846,18.749,-18.783
2026-01-26 13:49:52.235,-10.172,-6.771,61.802,0.082,0.199,0.323,2.206,-1.196,-9.786,0.000,0.000,0.000,0.000,0.000,0.000,6.635,-3.365,-12.386,-23.409
2026-01-26 13:49:52.256,-10.819,-7.067,61.422,-1.193,-0.480,0.636,2.010,-1.254,-10.044,0.000,0.000,0.000,0.000,0.000,0.000,28.862,18.862,-30.000,-21.830
2026-01-26 13:49:52.277,-14.985,-9.501,60.492,-2.245,-1.253,0.634,2.062,-1.383,-10.628,0.000,0.000,0.000,0.000,0.000,0.000,35.000,25.000,-30.000,-6.298
2026-01-26 13:49:52.297,-17.823,-10.915,60.202,-2.285,-1.312,0.456,2.168,-1.268,-10.508,0.000,0.000,0.000,0.000,0.000,0.000,35.000,25.000,-30.000,3.049
2026-01-26 13:49:52.318,-19.914,-12.528,60.498,-1.952,-1.260,0.202,2.570,-1.641,-10.054,0.000,0.000,0.000,0.000,0.000,0.000,35.000,25.000,-30.000,11.108
2026-01-26 13:49:52.329,-22.008,-13.692,60.943,-1.413,-1.144,-0.078,2.828,-2.479,-9.235,0.000,0.000,0.000,0.000,0.000,0.000,31.903,21.903,-18.080,21.103
2026-01-26 13:49:52.349,-23.282,-14.829,61.883,-0.594,-0.834,-0.391,3.043,-2.728,-8.460,0.000,0.000,0.000,0.000,0.000,0.000,16.888,6.888,-1.044,24.000
2026-01-26 13:49:52.370,-23.429,-15.054,62.518,0.197,-0.422,-0.586,3.407,-2.565,-8.034,0.000,0.000,0.000,0.000,0.000,0.000,1.059,-8.941,14.999,24.000
2026-01-26 13:49:52.412,-22.891,-14.981,63.504,0.747,0.002,-0.664,3.914,-2.818,-7.800,0.000,0.000,0.000,0.000,0.000,0.000,-11.309,-21.309,28.038,19.833
2026-01-26 13:49:52.432,-22.114,-14.426,64.007,1.032,0.389,-0.684,4.082,-2.780,-7.728,0.000,0.000,0.000,0.000,0.000,0.000,-15.645,-25.645,30.000,13.580
2026-01-26 13:49:52.443,-20.569,-13.557,64.751,1.535,0.819,-0.685,3.981,-2.330,-7.661,0.000,0.000,0.000,0.000,0.000,0.000,-25.000,-35.000,30.000,3.944
2026-01-26 13:49:52.474,-18.868,-12.228,64.921,1.905,1.109,-0.554,3.871,-2.225,-7.623,0.000,0.000,0.000,0.000,0.000,0.000,-25.000,-35.000,30.000,-6.021
2026-01-26 13:49:52.495,-16.734,-11.076,65.168,1.611,0.989,-0.241,3.685,-2.005,-8.312,0.000,0.000,0.000,0.000,0.000,0.000,-25.000,-35.000,27.534,-17.406
2026-01-26 13:49:52.505,-15.691,-10.188,64.922,0.595,0.515,0.211,3.316,-1.584,-8.948,0.000,0.000,0.000,0.000,0.000,0.000,-6.910,-16.910,1.854,-24.727
2026-01-26 13:49:52.526,-15.929,-10.107,64.330,-0.819,-0.159,0.638,3.168,-1.809,-9.872,0.000,0.000,0.000,0.000,0.000,0.000,24.920,14.920,-30.000,-28.802
2026-01-26 13:49:52.557,-17.424,-11.005,63.927,-2.116,-0.912,0.790,3.192,-1.814,-10.197,0.000,0.000,0.000,0.000,0.000,0.000,35.000,25.000,-30.000,-19.380
2026-01-26 13:49:52.588,-20.432,-12.348,63.399,-2.642,-1.381,0.663,3.278,-1.943,-10.441,0.000,0.000,0.000,0.000,0.000,0.000,35.000,25.000,-30.000,-3.081
2026-01-26 13:49:52.598,-23.669,-14.463,63.739,-2.418,-1.262,0.337,3.407,-2.029,-10.049,0.000,0.000,0.000,0.000,0.000,0.000,35.000,25.000,-30.000,5.782
2026-01-26 13:49:52.599,-25.224,-15.253,64.073,-1.442,-0.901,-0.060,3.670,-2.460,-9.566,0.000,0.000,0.000,0.000,0.000,0.000,33.847,23.847,-15.638,14.410
2026-01-26 13:49:52.630,-26.451,-15.934,64.774,-0.360,-0.507,-0.274,3.828,-3.024,-8.929,0.000,0.000,0.000,0.000,0.000,0.000,12.201,2.201,0.810,15.092
2026-01-26 13:49:52.640,-26.275,-15.962,65.177,0.583,-0.123,-0.404,3.933,-3.115,-8.259,0.000,0.000,0.000,0.000,0.000,0.000,-6.654,-16.654,13.699,12.600
2026-01-26 13:49:52.650,-24.938,-15.588,65.733,1.267,0.195,-0.424,4.197,-3.110,-7.747,0.000,0.000,0.000,0.000,0.000,0.000,-20.332,-30.332,20.858,7.060
2026-01-26 13:49:52.671,-23.709,-15.116,65.951,1.573,0.519,-0.406,4.340,-2.675,-7.776,0.000,0.000,0.000,0.000,0.000,0.000,-25.000,-35.000,26.610,-0.141
2026-01-26 13:49:52.702,-21.166,-13.900,66.159,1.976,0.917,-0.407,4.221,-2.230,-7.852,0.000,0.000,0.000,0.000,0.000,0.000,-25.000,-35.000,30.000,-8.067
2026-01-26 13:49:52.722,-19.272,-12.843,66.156,2.366,1.337,-0.352,4.163,-2.192,-7.790,0.000,0.000,0.000,0.000,0.000,0.000,-25.000,-35.000,30.000,-18.677
2026-01-26 13:49:52.733,-15.753,-10.847,65.981,2.584,1.483,-0.172,3.756,-2.249,-7.991,0.000,0.000,0.000,0.000,0.000,0.000,-25.000,-35.000,30.000,-28.797
2026-01-26 13:49:52.754,-13.824,-9.867,65.749,2.137,1.122,0.141,3.168,-1.876,-8.661,0.000,0.000,0.000,0.000,0.000,0.000,-25.000,-35.000,16.810,-34.059
2026-01-26 13:49:52.775,-12.073,-9.222,65.126,0.785,0.467,0.611,2.646,-1.455,-9.384,0.000,0.000,0.000,0.000,0.000,0.000,-10.702,-20.702,-16.765,-36.000
2026-01-26 13:49:52.786,-12.579,-9.452,64.106,-1.049,-0.300,1.032,2.445,-1.359,-10.087,0.000,0.000,0.000,0.000,0.000,0.000,25.986,15.986,-30.000,-36.000
2026-01-26 13:49:52.807,-14.852,-10.595,63.117,-2.420,-0.878,1.152,2.220,-1.373,-10.034,0.000,0.000,0.000,0.000,0.000,0.000,35.000,25.000,-30.000,-34.506
2026-01-26 13:49:52.838,-17.734,-12.010,62.355,-2.707,-1.031,0.980,2.345,-1.699,-9.795,0.000,0.000,0.000,0.000,0.000,0.000,35.000,25.000,-30.000,-24.578
2026-01-26 13:49:52.848,-19.629,-12.898,62.047,-2.100,-0.797,0.567,2.598,-2.072,-9.575,0.000,0.000,0.000,0.000,0.000,0.000,35.000,25.000,-30.000,-12.732
2026-01-26 13:49:52.869,-21.556,-13.698,61.944,-0.941,-0.321,0.119,2.948,-2.431,-9.666,0.000,0.000,0.000,0.000,0.000,0.000,23.813,13.813,-11.185,-4.359
2026-01-26 13:49:52.900,-21.721,-13.689,62.054,0.150,0.087,-0.189,2.952,-2.574,-9.561,0.000,0.000,0.000,0.000,0.000,0.000,1.996,-8.004,9.289,-0.205
2026-01-26 13:49:52.911,-20.661,-13.147,62.315,1.122,0.420,-0.320,2.933,-2.397,-9.173,0.000,0.000,0.000,0.000,0.000,0.000,-17.434,-27.434,21.177,-1.611
2026-01-26 13:49:52.931,-19.363,-12.588,62.431,1.701,0.655,-0.301,2.976,-2.421,-8.929,0.000,0.000,0.000,0.000,0.000,0.000,-25.000,-35.000,25.162,-7.044
2026-01-26 13:49:52.952,-16.612,-11.428,62.588,2.087,0.829,-0.315,2.991,-1.986,-8.805,0.000,0.000,0.000,0.000,0.000,0.000,-25.000,-35.000,29.188,-9.963
2026-01-26 13:49:52.973,-14.773,-10.598,62.695,2.218,0.978,-0.336,2.885,-1.670,-8.675,0.000,0.000,0.000,0.000,0.000,0.000,-25.000,-35.000,30.000,-12.136
2026-01-26 13:49:52.994,-11.881,-9.218,62.852,1.986,0.938,-0.232,2.790,-1.507,-8.604,0.000,0.000,0.000,0.000,0.000,0.000,-25.000,-35.000,28.059,-15.481
2026-01-26 13:49:53.008,-10.718,-8.686,62.848,1.120,0.510,0.028,2.254,-1.388,-9.106,0.000,0.000,0.000,0.000,0.000,0.000,-17.392,-27.392,9.097,-17.313
2026-01-26 13:49:53.028,-10.379,-8.568,62.525,-0.381,-0.194,0.422,1.861,-1.302,-9.436,0.000,0.000,0.000,0.000,0.000,0.000,12.627,2.627,-20.751,-18.996
2026-01-26 13:49:53.049,-11.630,-9.314,62.174,-1.919,-0.842,0.703,1.871,-1.526,-9.484,0.000,0.000,0.000,0.000,0.000,0.000,35.000,25.000,-30.000,-17.292
2026-01-26 13:49:53.070,-14.716,-10.444,61.483,-2.858,-1.242,0.713,2.082,-1.574,-9.513,0.000,0.000,0.000,0.000,0.000,0.000,35.000,25.000,-30.000,-8.663
2026-01-26 13:49:53.090,-17.522,-12.171,61.469,-2.894,-1.204,0.464,2.421,-1.794,-9.580,0.000,0.000,0.000,0.000,0.000,0.000,35.000,25.000,-30.000,-0.503
2026-01-26 13:49:53.112,-20.740,-13.150,61.553,-2.165,-0.827,0.070,2.857,-2.000,-9.551,0.000,0.000,0.000,0.000,0.000,0.000,35.000,25.000,-18.402,6.778
2026-01-26 13:49:53.154,-22.210,-13.864,61.971,-1.012,-0.330,-0.284,3.129,-2.684,-9.757,0.000,0.000,0.000,0.000,0.000,0.000,25.240,15.240,4.772,11.982
2026-01-26 13:49:53.164,-22.677,-13.697,62.646,0.249,0.185,-0.554,3.235,-2.833,-9.585,0.000,0.000,0.000,0.000,0.000,0.000,-3.139,-13.139,27.154,11.161
2026-01-26 13:49:53.175,-21.844,-13.011,62.999,1.273,0.623,-0.672,3.393,-2.814,-9.451,0.000,0.000,0.000,0.000,0.000,0.000,-20.460,-30.460,30.000,8.424
2026-01-26 13:49:53.195,-19.785,-12.051,63.711,1.944,0.866,-0.713,3.412,-2.350,-9.274,0.000,0.000,0.000,0.000,0.000,0.000,-25.000,-35.000,30.000,4.578
2026-01-26 13:49:53.205,-17.626,-10.645,64.003,2.421,1.037,-0.767,3.469,-1.684,-8.881,0.000,0.000,0.000,0.000,0.000,0.000,-25.000,-35.000,30.000,3.950
2026-01-26 13:49:53.226,-14.488,-9.479,64.847,2.618,1.045,-0.778,3.240,-1.244,-8.250,0.000,0.000,0.000,0.000,0.000,0.000,-25.000,-35.000,30.000,4.184
2026-01-26 13:49:53.246,-12.239,-8.131,65.133,2.185,0.788,-0.497,2.771,-0.976,-8.250,0.000,0.000,0.000,0.000,0.000,0.000,-25.000,-35.000,30.000,-1.867
2026-01-26 13:49:53.267,-10.526,-7.616,65.361,0.786,0.240,0.021,2.321,-1.105,-9.092,0.000,0.000,0.000,0.000,0.000,0.000,-10.723,-20.723,3.941,-11.646
2026-01-26 13:49:53.288,-11.303,-7.988,65.015,-1.241,-0.533,0.571,2.172,-1.608,-9.508,0.000,0.000,0.000,0.000,0.000,0.000,29.821,19.821,-30.000,-18.187
2026-01-26 13:49:53.308,-13.335,-9.124,64.582,-2.987,-1.471,0.947,2.369,-1.570,-9.838,0.000,0.000,0.000,0.000,0.000,0.000,35.000,25.000,-30.000,-14.458
2026-01-26 13:49:53.329,-18.239,-12.049,63.988,-3.848,-2.111,1.026,2.771,-1.637,-9.972,0.000,0.000,0.000,0.000,0.000,0.000,35.000,25.000,-30.000,-17.034
2026-01-26 13:49:53.361,-21.408,-13.922,63.917,-3.703,-2.029,0.763,3.402,-1.737,-9.810,0.000,0.000,0.000,0.000,0.000,0.000,35.000,25.000,-30.000,-6.509
2026-01-26 13:49:53.371,-25.671,-16.230,64.308,-2.497,-1.375,0.209,3.814,-2.656,-9.566,0.000,0.000,0.000,0.000,0.000,0.000,35.000,25.000,-30.000,11.518
2026-01-26 13:49:53.391,-26.850,-16.784,64.745,-0.732,-0.591,-0.290,4.096,-3.278,-8.943,0.000,0.000,0.000,0.000,0.000,0.000,19.637,9.637,-0.234,17.415
2026-01-26 13:49:53.422,-26.378,-16.530,65.522,1.161,0.205,-0.666,3.919,-3.326,-8.254,0.000,0.000,0.000,0.000,0.000,0.000,-18.223,-28.223,30.000,14.552
2026-01-26 13:49:53.433,-24.651,-15.685,65.894,2.527,0.934,-0.813,4.091,-3.072,-7.628,0.000,0.000,0.000,0.000,0.000,0.000,-25.000,-35.000,30.000,7.827
2026-01-26 13:49:53.453,-20.494,-13.512,66.299,3.245,1.570,-0.777,3.986,-2.622,-7.369,0.000,0.000,0.000,0.000,0.000,0.000,-25.000,-35.000,30.000,-4.937
2026-01-26 13:49:53.474,-17.482,-11.848,66.403,3.714,1.974,-0.638,3.402,-1.924,-7.446,0.000,0.000,0.000,0.000,0.000,0.000,-25.000,-35.000,30.000,-10.476
2026-01-26 13:49:53.494,-12.568,-9.247,66.392,3.350,1.724,-0.238,2.785,-1.603,-8.178,0.000,0.000,0.000,0.000,0.000,0.000,-25.000,-35.000,30.000,-26.498
2026-01-26 13:49:53.504,-10.697,-8.470,66.136,1.663,0.672,0.386,2.306,-1.646,-9.460,0.000,0.000,0.000,0.000,0.000,0.000,-25.000,-35.000,-1.981,-34.869
2026-01-26 13:49:53.535,-10.726,-8.969,65.226,-1.156,-0.725,0.998,2.225,-1.306,-10.642,0.000,0.000,0.000,0.000,0.000,0.000,28.116,18.116,-30.000,-27.923
2026-01-26 13:49:53.556,-14.186,-11.013,64.308,-3.763,-1.816,1.291,2.335,-1.278,-10.470,0.000,0.000,0.000,0.000,0.000,0.000,35.000,25.000,-30.000,-27.644
2026-01-26 13:49:53.576,-17.896,-13.046,63.829,-4.766,-2.287,1.196,2.756,-1.373,-10.140,0.000,0.000,0.000,0.000,0.000,0.000,35.000,25.000,-30.000,-23.852
2026-01-26 13:49:53.587,-23.846,-16.278,63.749,-3.855,-2.027,0.702,3.101,-2.373,-9.393,0.000,0.000,0.000,0.000,0.000,0.000,35.000,25.000,-30.000,-4.080
2026-01-26 13:49:53.629,-26.141,-17.486,64.143,-2.004,-1.256,0.000,3.814,-3.627,-8.963,0.000,0.000,0.000,0.000,0.000,0.000,35.000,25.000,-25.119,19.119
2026-01-26 13:49:53.640,-28.027,-18.387,65.022,-0.054,-0.305,-0.508,3.967,-3.819,-8.518,0.000,0.000,0.000,0.000,0.000,0.000,35.000,25.000,-25.119,19.119
2026-01-26 13:49:53.650,-27.718,-18.165,65.496,-0.054,-0.305,-0.508,4.020,-3.354,-7.762,0.000,0.000,0.000,0.000,0.000,0.000,6.087,-3.913,14.232,20.419
2026-01-26 13:49:53.671,-25.002,-16.802,65.896,2.641,1.115,-0.609,3.972,-2.766,-7.632,0.000,0.000,0.000,0.000,0.000,0.000,-25.000,-35.000,30.000,-5.667
2026-01-26 13:49:53.691,-22.518,-15.607,65.955,2.641,1.115,-0.493,3.871,-2.278,-7.671,0.000,0.000,0.000,0.000,0.000,0.000,-25.000,-35.000,30.000,-8.578
