timestamp,angle_roll,angle_pitch,angle_yaw,gyro_x,gyro_y,gyro_z,acc_x,acc_y,acc_z,target_roll,target_pitch,target_yaw,target_wx,target_wy,target_wz,rudder1,rudder2,rudder3,rudder4
2026-01-26 13:02:06.960,0.375,-4.337,-58.776,-0.024,-0.074,0.015,-0.163,-0.857,-9.738,0.000,0.000,0.000,0.000,0.000,0.000,5.436,-4.564,-1.634,-4.834
2026-01-26 13:02:06.991,0.327,-4.421,-58.993,-0.052,-0.092,0.015,-0.024,-0.761,-9.848,0.000,0.000,0.000,0.000,0.000,0.000,6.032,-3.968,-2.460,-4.776
2026-01-26 13:02:07.011,0.219,-4.540,-59.324,-0.077,-0.095,0.019,-0.048,-0.847,-9.848,0.000,0.000,0.000,0.000,0.000,0.000,6.555,-3.445,-2.676,-4.858
2026-01-26 13:02:07.023,0.201,-4.636,-59.533,-0.048,-0.094,0.021,-0.048,-0.919,-9.790,0.000,0.000,0.000,0.000,0.000,0.000,5.962,-4.038,-2.735,-4.969
2026-01-26 13:02:07.034,0.234,-4.725,-59.856,0.007,-0.083,0.033,-0.187,-0.890,-9.790,0.000,0.000,0.000,0.000,0.000,0.000,4.840,-5.160,-2.969,-5.673
2026-01-26 13:02:07.055,0.292,-4.780,-60.183,0.029,-0.053,0.092,-0.187,-0.890,-9.723,0.000,0.000,0.000,0.000,0.000,0.000,4.485,-5.515,-3.513,-7.217
2026-01-26 13:02:07.076,0.337,-4.772,-60.485,0.031,-0.009,0.092,-0.148,-0.794,-9.637,0.000,0.000,0.000,0.000,0.000,0.000,4.376,-5.624,-3.851,-9.478
2026-01-26 13:02:07.096,0.479,-4.700,-61.011,0.068,0.040,0.110,0.033,-0.861,-9.637,0.000,0.000,0.000,0.000,0.000,0.000,3.623,-6.377,-3.574,-11.203
2026-01-26 13:02:07.127,0.613,-4.624,-61.384,0.099,0.062,0.077,0.033,-0.861,-9.633,0.000,0.000,0.000,0.000,0.000,0.000,3.109,-6.891,-2.874,-11.222
2026-01-26 13:02:07.137,0.718,-4.554,-61.647,0.065,0.065,0.042,0.033,-0.967,-9.685,0.000,0.000,0.000,0.000,0.000,0.000,2.955,-7.045,-1.784,-10.352
2026-01-26 13:02:07.157,0.744,-4.500,-61.786,0.038,0.065,0.042,-0.120,-0.828,-9.738,0.000,0.000,0.000,0.000,0.000,0.000,4.241,-5.759,-0.385,-8.981
2026-01-26 13:02:07.178,0.709,-4.402,-61.953,-0.012,0.071,0.004,-0.120,-0.828,-9.738,0.000,0.000,0.000,0.000,0.000,0.000,5.098,-4.902,0.687,-8.135
2026-01-26 13:02:07.199,0.681,-4.342,-62.057,-0.026,0.075,0.004,-0.206,-0.675,-9.838,0.000,0.000,0.000,0.000,0.000,0.000,5.524,-4.476,1.359,-7.657
2026-01-26 13:02:07.219,0.657,-4.270,-62.232,-0.021,0.067,-0.004,-0.172,-0.646,-9.877,0.000,0.000,0.000,0.000,0.000,0.000,5.418,-4.582,1.491,-7.192
2026-01-26 13:02:07.240,0.627,-4.221,-62.415,-0.016,0.047,-0.011,-0.172,-0.646,-9.877,0.000,0.000,0.000,0.000,0.000,0.000,5.329,-4.671,1.162,-6.821
2026-01-26 13:02:07.261,0.597,-4.209,-62.564,-0.028,0.024,-0.011,-0.163,-0.794,-9.810,0.000,0.000,0.000,0.000,0.000,0.000,5.558,-4.442,0.936,-6.041
2026-01-26 13:02:07.281,0.556,-4.234,-62.789,-0.029,-0.007,-0.019,-0.096,-0.775,-9.810,0.000,0.000,0.000,0.000,0.000,0.000,5.573,-4.427,0.590,-5.099
2026-01-26 13:02:07.302,0.525,-4.273,-62.973,-0.030,-0.024,-0.020,-0.096,-0.775,-9.738,0.000,0.000,0.000,0.000,0.000,0.000,5.527,-4.473,0.342,-4.723
2026-01-26 13:02:07.323,0.491,-4.296,-63.107,-0.033,-0.024,-0.020,-0.043,-0.790,-9.733,0.000,0.000,0.000,0.000,0.000,0.000,5.662,-4.338,0.301,-4.725
2026-01-26 13:02:07.343,0.441,-4.327,-63.334,-0.035,-0.018,-0.017,-0.043,-0.790,-9.733,0.000,0.000,0.000,0.000,0.000,0.000,5.699,-4.301,0.325,-4.961
2026-01-26 13:02:07.353,0.395,-4.326,-63.520,-0.037,-0.001,-0.017,-0.048,-0.737,-9.762,0.000,0.000,0.000,0.000,0.000,0.000,5.734,-4.266,0.587,-5.266
2026-01-26 13:02:07.374,0.389,-4.321,-63.660,-0.013,0.007,-0.021,-0.053,-0.785,-9.795,0.000,0.000,0.000,0.000,0.000,0.000,5.265,-4.735,0.968,-5.306
2026-01-26 13:02:07.395,0.387,-4.310,-63.891,0.000,0.010,-0.026,-0.043,-0.751,-9.800,0.000,0.000,0.000,0.000,0.000,0.000,4.991,-5.009,1.225,-5.180
2026-01-26 13:02:07.416,0.379,-4.301,-64.034,-0.003,0.010,-0.022,-0.077,-0.703,-9.743,0.000,0.000,0.000,0.000,0.000,0.000,5.064,-4.936,1.068,-5.321
2026-01-26 13:02:07.436,0.383,-4.295,-64.232,0.005,0.010,-0.019,-0.096,-0.675,-9.781,0.000,0.000,0.000,0.000,0.000,0.000,4.907,-5.093,0.959,-5.425
2026-01-26 13:02:07.457,0.405,-4.261,-64.489,0.017,0.022,-0.024,-0.053,-0.541,-9.915,0.000,0.000,0.000,0.000,0.000,0.000,4.737,-5.263,1.310,-5.393
2026-01-26 13:02:07.478,0.432,-4.214,-64.650,0.032,0.043,-0.042,-0.048,-0.306,-9.996,0.000,0.000,0.000,0.000,0.000,0.000,4.357,-5.643,2.542,-5.176
2026-01-26 13:02:07.499,0.485,-4.135,-64.857,0.041,0.055,-0.073,-0.086,-0.345,-9.944,0.000,0.000,0.000,0.000,0.000,0.000,4.171,-5.829,4.014,-4.177
2026-01-26 13:02:07.520,0.490,-4.059,-64.959,0.028,0.055,-0.110,0.010,-0.636,-9.886,0.000,0.000,0.000,0.000,0.000,0.000,4.448,-5.552,5.505,-2.684
2026-01-26 13:02:07.541,0.446,-3.999,-64.910,-0.024,0.065,-0.133,0.230,-0.593,-9.642,0.000,0.000,0.000,0.000,0.000,0.000,5.322,-4.678,6.570,-1.960
2026-01-26 13:02:07.562,0.312,-3.818,-64.868,-0.098,0.154,-0.076,0.024,-0.593,-9.475,0.000,0.000,0.000,0.000,0.000,0.000,6.955,-3.045,6.113,-6.062
2026-01-26 13:02:07.583,0.193,-3.553,-64.851,-0.105,0.223,0.012,-0.029,-1.302,-9.264,0.000,0.000,0.000,0.000,0.000,0.000,7.096,-2.904,4.013,-10.993
2026-01-26 13:02:07.593,0.208,-3.293,-64.753,0.023,0.191,0.053,0.244,-1.043,-9.532,0.000,0.000,0.000,0.000,0.000,0.000,4.902,-5.098,1.802,-12.020
2026-01-26 13:02:07.615,0.318,-3.205,-64.617,0.098,0.136,0.068,0.330,-0.924,-10.011,0.000,0.000,0.000,0.000,0.000,0.000,3.046,-6.954,-0.014,-11.440
2026-01-26 13:02:07.646,0.489,-3.139,-64.386,0.116,0.062,0.101,0.072,-0.971,-10.078,0.000,0.000,0.000,0.000,0.000,0.000,2.671,-7.329,-2.841,-11.212
2026-01-26 13:02:07.677,0.681,-3.228,-64.279,0.143,-0.022,0.126,-0.220,-0.957,-9.843,0.000,0.000,0.000,0.000,0.000,0.000,2.315,-7.685,-4.985,-11.072
2026-01-26 13:02:07.687,0.865,-3.360,-64.193,0.188,-0.110,0.113,-0.373,-0.895,-9.757,0.000,0.000,0.000,0.000,0.000,0.000,1.234,-8.766,-6.722,-8.312
2026-01-26 13:02:07.698,1.156,-3.560,-63.983,0.222,-0.167,0.070,-0.703,-0.995,-9.700,0.000,0.000,0.000,0.000,0.000,0.000,0.548,-9.452,-6.188,-5.436
2026-01-26 13:02:07.718,1.426,-3.838,-63.721,0.202,-0.170,0.014,-0.627,-0.837,-9.685,0.000,0.000,0.000,0.000,0.000,0.000,0.983,-9.017,-3.967,-3.184
2026-01-26 13:02:07.750,1.528,-4.019,-63.389,0.104,-0.148,-0.044,-0.622,-0.689,-9.647,0.000,0.000,0.000,0.000,0.000,0.000,2.632,-7.368,-1.254,-1.210
2026-01-26 13:02:07.771,1.527,-4.108,-63.130,0.027,-0.107,-0.074,-0.483,-0.708,-9.891,0.000,0.000,0.000,0.000,0.000,0.000,4.462,-5.538,0.810,-0.930
2026-01-26 13:02:07.812,1.462,-4.190,-62.752,-0.035,-0.054,-0.075,-0.273,-0.622,-9.833,0.000,0.000,0.000,0.000,0.000,0.000,5.738,-4.262,1.948,-1.982
2026-01-26 13:02:07.833,1.417,-4.239,-62.554,-0.044,-0.049,-0.074,-0.301,-0.708,-9.814,0.000,0.000,0.000,0.000,0.000,0.000,5.877,-4.123,1.953,-2.073
2026-01-26 13:02:07.843,1.346,-4.329,-62.310,-0.042,-0.065,-0.062,-0.225,-0.675,-9.886,0.000,0.000,0.000,0.000,0.000,0.000,5.831,-4.169,1.181,-2.196
2026-01-26 13:02:07.874,1.301,-4.437,-62.222,-0.041,-0.080,-0.040,-0.177,-0.694,-9.881,0.000,0.000,0.000,0.000,0.000,0.000,5.829,-4.171,-0.013,-2.791
2026-01-26 13:02:07.884,1.277,-4.513,-62.206,-0.033,-0.086,-0.019,-0.096,-0.751,-9.781,0.000,0.000,0.000,0.000,0.000,0.000,5.655,-4.345,-0.943,-3.523
2026-01-26 13:02:07.925,1.244,-4.606,-62.220,-0.018,-0.076,-0.003,-0.067,-0.818,-9.771,0.000,0.000,0.000,0.000,0.000,0.000,5.364,-4.636,-1.391,-4.353
2026-01-26 13:02:07.956,1.242,-4.666,-62.271,-0.012,-0.051,0.010,-0.100,-0.866,-9.690,0.000,0.000,0.000,0.000,0.000,0.000,5.267,-4.733,-1.551,-5.216
2026-01-26 13:02:07.976,1.239,-4.660,-62.304,-0.008,-0.009,0.017,-0.153,-0.943,-9.680,0.000,0.000,0.000,0.000,0.000,0.000,5.156,-4.844,-0.854,-6.509
2026-01-26 13:02:07.987,1.211,-4.575,-62.349,-0.019,0.056,0.015,-0.144,-0.890,-9.723,0.000,0.000,0.000,0.000,0.000,0.000,5.305,-4.695,0.133,-7.326
2026-01-26 13:02:07.997,1.174,-4.466,-62.363,-0.035,0.110,0.008,-0.167,-0.842,-9.747,0.000,0.000,0.000,0.000,0.000,0.000,5.704,-4.296,1.875,-8.515
2026-01-26 13:02:08.022,1.119,-4.259,-62.374,-0.039,0.148,0.003,-0.220,-0.818,-9.805,0.000,0.000,0.000,0.000,0.000,0.000,5.781,-4.219,2.855,-9.111
2026-01-26 13:02:08.032,1.088,-4.040,-62.372,-0.029,0.189,0.002,-0.206,-0.679,-9.795,0.000,0.000,0.000,0.000,0.000,0.000,5.611,-4.389,3.579,-9.749
2026-01-26 13:02:08.043,1.066,-3.869,-62.366,-0.025,0.201,-0.002,-0.172,-0.613,-9.752,0.000,0.000,0.000,0.000,0.000,0.000,5.497,-4.503,4.093,-9.965
2026-01-26 13:02:08.053,1.083,-3.670,-62.323,-0.002,0.169,-0.011,-0.196,-0.613,-9.786,0.000,0.000,0.000,0.000,0.000,0.000,5.022,-4.978,3.801,-8.906
2026-01-26 13:02:08.074,1.075,-3.548,-62.310,0.008,0.107,-0.011,-0.201,-0.617,-9.857,0.000,0.000,0.000,0.000,0.000,0.000,4.888,-5.112,2.966,-8.071
2026-01-26 13:02:08.084,1.047,-3.500,-62.345,-0.024,0.074,0.002,-0.144,-0.613,-9.872,0.000,0.000,0.000,0.000,0.000,0.000,5.473,-4.527,1.393,-7.564
2026-01-26 13:02:08.094,0.973,-3.422,-62.414,-0.059,0.078,0.009,-0.091,-0.689,-9.762,0.000,0.000,0.000,0.000,0.000,0.000,6.208,-3.792,1.223,-7.905
2026-01-26 13:02:08.115,0.922,-3.323,-62.438,-0.045,0.090,0.001,-0.134,-0.603,-9.633,0.000,0.000,0.000,0.000,0.000,0.000,5.903,-4.097,1.753,-7.838
2026-01-26 13:02:08.136,0.926,-3.206,-62.481,-0.010,0.101,-0.003,-0.239,-0.584,-9.738,0.000,0.000,0.000,0.000,0.000,0.000,5.171,-4.829,2.160,-7.905
2026-01-26 13:02:08.157,0.926,-3.075,-62.531,0.005,0.103,0.002,-0.258,-0.502,-9.786,0.000,0.000,0.000,0.000,0.000,0.000,4.959,-5.041,1.976,-8.147
2026-01-26 13:02:08.168,0.926,-3.023,-62.603,-0.000,0.075,0.006,-0.244,-0.412,-9.771,0.000,0.000,0.000,0.000,0.000,0.000,5.006,-4.994,1.251,-7.762
2026-01-26 13:02:08.189,0.905,-2.980,-62.781,-0.021,0.044,0.008,-0.215,-0.397,-9.838,0.000,0.000,0.000,0.000,0.000,0.000,5.438,-4.562,0.539,-7.178
2026-01-26 13:02:08.210,0.833,-2.935,-62.947,-0.050,0.035,0.004,-0.206,-0.512,-9.853,0.000,0.000,0.000,0.000,0.000,0.000,5.830,-4.170,0.588,-6.886
2026-01-26 13:02:08.230,0.792,-2.903,-63.047,-0.052,0.038,-0.011,-0.196,-0.541,-9.800,0.000,0.000,0.000,0.000,0.000,0.000,6.049,-3.951,1.179,-6.326
2026-01-26 13:02:08.251,0.765,-2.860,-63.180,-0.026,0.042,-0.022,-0.234,-0.502,-9.762,0.000,0.000,0.000,0.000,0.000,0.000,5.498,-4.502,1.743,-5.954
2026-01-26 13:02:08.292,0.756,-2.788,-63.265,-0.007,0.056,-0.026,-0.187,-0.440,-9.781,0.000,0.000,0.000,0.000,0.000,0.000,5.194,-4.806,2.118,-6.030
2026-01-26 13:02:08.303,0.726,-2.749,-63.325,-0.031,0.051,-0.028,-0.153,-0.536,-9.738,0.000,0.000,0.000,0.000,0.000,0.000,5.626,-4.374,2.142,-5.884
2026-01-26 13:02:08.324,0.693,-2.725,-63.419,-0.026,0.030,-0.028,-0.100,-0.541,-9.795,0.000,0.000,0.000,0.000,0.000,0.000,5.504,-4.496,1.692,-5.476
2026-01-26 13:02:08.334,0.664,-2.695,-63.507,-0.024,0.024,-0.016,-0.077,-0.546,-9.814,0.000,0.000,0.000,0.000,0.000,0.000,5.474,-4.526,1.141,-5.863
2026-01-26 13:02:08.355,0.656,-2.684,-63.589,-0.015,0.017,-0.006,-0.038,-0.546,-9.714,0.000,0.000,0.000,0.000,0.000,0.000,5.294,-4.706,0.601,-6.089
2026-01-26 13:02:08.365,0.667,-2.670,-63.703,0.005,0.018,-0.001,-0.072,-0.493,-9.790,0.000,0.000,0.000,0.000,0.000,0.000,4.906,-5.094,0.373,-6.331
2026-01-26 13:02:08.406,0.676,-2.633,-63.840,0.006,0.034,0.002,-0.077,-0.569,-9.800,0.000,0.000,0.000,0.000,0.000,0.000,4.883,-5.117,0.630,-6.758
2026-01-26 13:02:08.407,0.670,-2.592,-63.942,0.001,0.037,-0.002,-0.086,-0.546,-9.800,0.000,0.000,0.000,0.000,0.000,0.000,4.970,-5.030,0.793,-6.665
2026-01-26 13:02:08.428,0.662,-2.577,-64.015,-0.006,0.027,-0.009,-0.115,-0.479,-9.824,0.000,0.000,0.000,0.000,0.000,0.000,5.124,-4.876,0.877,-6.195
2026-01-26 13:02:08.458,0.635,-2.561,-64.151,-0.019,0.022,-0.009,-0.167,-0.431,-9.781,0.000,0.000,0.000,0.000,0.000,0.000,5.398,-4.602,0.805,-6.081
2026-01-26 13:02:08.500,0.613,-2.535,-64.245,-0.021,0.024,-0.009,-0.144,-0.373,-9.786,0.000,0.000,0.000,0.000,0.000,0.000,5.417,-4.583,0.841,-6.117
2026-01-26 13:02:08.510,0.597,-2.517,-64.381,-0.015,0.020,-0.009,-0.148,-0.412,-9.800,0.000,0.000,0.000,0.000,0.000,0.000,5.297,-4.703,0.771,-6.047
2026-01-26 13:02:08.521,0.593,-2.497,-64.557,-0.003,0.016,-0.011,-0.163,-0.488,-9.781,0.000,0.000,0.000,0.000,0.000,0.000,5.138,-4.862,0.773,-5.921
2026-01-26 13:02:08.531,0.519,-2.434,-64.865,-0.034,0.029,-0.018,-0.038,-0.440,-9.800,0.000,0.000,0.000,0.000,0.000,0.000,5.684,-4.316,1.297,-5.848
2026-01-26 13:02:08.552,0.482,-2.405,-64.975,-0.025,0.023,-0.019,-0.067,-0.450,-9.810,0.000,0.000,0.000,0.000,0.000,0.000,5.570,-4.430,1.272,-5.738
2026-01-26 13:02:08.583,0.450,-2.389,-65.066,-0.028,0.020,-0.014,-0.067,-0.455,-9.824,0.000,0.000,0.000,0.000,0.000,0.000,5.556,-4.444,0.958,-5.850
2026-01-26 13:02:08.625,0.413,-2.375,-65.136,-0.039,0.018,-0.009,-0.048,-0.512,-9.829,0.000,0.000,0.000,0.000,0.000,0.000,5.775,-4.225,0.727,-6.003
2026-01-26 13:02:08.635,0.349,-2.368,-65.254,-0.048,0.017,-0.007,-0.033,-0.526,-9.824,0.000,0.000,0.000,0.000,0.000,0.000,5.958,-4.042,0.642,-6.045
2026-01-26 13:02:08.646,0.292,-2.335,-65.306,-0.044,0.026,-0.010,-0.010,-0.450,-9.843,0.000,0.000,0.000,0.000,0.000,0.000,5.910,-4.090,0.842,-6.075
2026-01-26 13:02:08.656,0.257,-2.307,-65.318,-0.042,0.034,-0.013,-0.043,-0.440,-9.800,0.000,0.000,0.000,0.000,0.000,0.000,5.849,-4.151,1.200,-6.177
2026-01-26 13:02:08.667,0.192,-2.270,-65.299,-0.055,0.040,-0.018,-0.014,-0.479,-9.786,0.000,0.000,0.000,0.000,0.000,0.000,6.116,-3.884,1.502,-6.096
2026-01-26 13:02:08.687,0.098,-2.229,-65.259,-0.086,0.038,-0.020,0.033,-0.474,-9.752,0.000,0.000,0.000,0.000,0.000,0.000,6.714,-3.286,1.573,-5.954
2026-01-26 13:02:08.718,-0.101,-2.198,-65.185,-0.162,0.049,-0.012,0.029,-0.479,-9.714,0.000,0.000,0.000,0.000,0.000,0.000,8.300,-1.700,1.506,-6.526
2026-01-26 13:02:08.738,-0.356,-2.049,-65.107,-0.205,0.107,-0.003,0.053,-0.488,-9.723,0.000,0.000,0.000,0.000,0.000,0.000,8.880,-1.120,1.919,-7.663
2026-01-26 13:02:08.749,-0.507,-1.924,-65.022,-0.188,0.141,-0.009,0.144,-0.345,-9.728,0.000,0.000,0.000,0.000,0.000,0.000,8.750,-1.250,3.185,-8.461
2026-01-26 13:02:08.769,-0.651,-1.702,-64.836,-0.092,0.157,-0.021,0.163,-0.249,-9.953,0.000,0.000,0.000,0.000,0.000,0.000,6.770,-3.230,3.969,-8.307
2026-01-26 13:02:08.800,-0.681,-1.566,-64.708,-0.033,0.127,-0.017,0.158,-0.196,-10.015,0.000,0.000,0.000,0.000,0.000,0.000,5.961,-4.039,3.405,-8.084
2026-01-26 13:02:08.811,-0.672,-1.522,-64.648,-0.003,0.074,-0.004,0.048,-0.211,-9.814,0.000,0.000,0.000,0.000,0.000,0.000,5.054,-4.946,1.637,-7.339
2026-01-26 13:02:08.831,-0.624,-1.566,-64.633,0.029,-0.034,0.014,-0.067,-0.191,-9.743,0.000,0.000,0.000,0.000,0.000,0.000,4.396,-5.604,-1.320,-5.831
2026-01-26 13:02:08.862,-0.589,-1.665,-64.724,0.022,-0.080,0.031,-0.067,-0.077,-9.690,0.000,0.000,0.000,0.000,0.000,0.000,4.491,-5.509,-2.619,-5.853
2026-01-26 13:02:08.873,-0.555,-1.769,-64.809,0.024,-0.091,0.020,-0.053,-0.191,-9.728,0.000,0.000,0.000,0.000,0.000,0.000,4.545,-5.455,-2.567,-5.010
2026-01-26 13:02:08.893,-0.524,-1.837,-64.827,0.029,-0.084,-0.013,-0.019,-0.340,-9.709,0.000,0.000,0.000,0.000,0.000,0.000,4.410,-5.590,-1.162,-3.815
2026-01-26 13:02:08.935,-0.502,-1.913,-64.774,0.007,-0.061,-0.035,0.024,-0.392,-9.743,0.000,0.000,0.000,0.000,0.000,0.000,4.878,-5.122,0.235,-3.423
2026-01-26 13:02:08.946,-0.515,-1.953,-64.682,-0.013,-0.039,-0.037,0.139,-0.383,-9.814,0.000,0.000,0.000,0.000,0.000,0.000,5.151,-4.849,0.629,-3.646
2026-01-26 13:02:08.967,-0.524,-1.991,-64.623,-0.011,-0.047,-0.029,0.206,-0.421,-9.833,0.000,0.000,0.000,0.000,0.000,0.000,5.229,-4.771,0.212,-3.911
2026-01-26 13:02:08.977,-0.523,-2.093,-64.592,0.002,-0.074,-0.013,0.191,-0.483,-9.848,0.000,0.000,0.000,0.000,0.000,0.000,4.958,-5.042,-0.961,-3.974
2026-01-26 13:02:08.987,-0.505,-2.191,-64.650,0.014,-0.083,0.004,0.172,-0.469,-9.752,0.000,0.000,0.000,0.000,0.000,0.000,4.795,-5.205,-1.796,-4.545
2026-01-26 13:02:09.019,-0.486,-2.266,-64.713,0.022,-0.087,0.018,0.139,-0.512,-9.752,0.000,0.000,0.000,0.000,0.000,0.000,4.559,-5.441,-2.462,-4.987
2026-01-26 13:02:09.029,-0.445,-2.399,-64.791,0.028,-0.092,0.022,0.110,-0.493,-9.843,0.000,0.000,0.000,0.000,0.000,0.000,4.439,-5.561,-2.717,-5.030
2026-01-26 13:02:09.050,-0.406,-2.512,-64.821,0.034,-0.098,0.019,0.048,-0.416,-9.833,0.000,0.000,0.000,0.000,0.000,0.000,4.354,-5.646,-2.680,-4.811
2026-01-26 13:02:09.081,-0.383,-2.601,-64.844,0.030,-0.102,0.015,-0.014,-0.421,-9.886,0.000,0.000,0.000,0.000,0.000,0.000,4.392,-5.608,-2.655,-4.581
2026-01-26 13:02:09.102,-0.379,-2.728,-64.918,0.006,-0.105,0.010,-0.010,-0.435,-9.829,0.000,0.000,0.000,0.000,0.000,0.000,4.876,-5.124,-2.476,-4.291
2026-01-26 13:02:09.123,-0.365,-2.870,-65.012,0.002,-0.109,-0.004,-0.048,-0.522,-9.738,0.000,0.000,0.000,0.000,0.000,0.000,4.953,-5.047,-2.009,-3.693
2026-01-26 13:02:09.134,-0.362,-2.957,-65.089,0.001,-0.105,-0.013,-0.072,-0.507,-9.690,0.000,0.000,0.000,0.000,0.000,0.000,4.978,-5.022,-1.559,-3.376
2026-01-26 13:02:09.144,-0.380,-3.054,-65.215,-0.017,-0.066,-0.021,0.005,-0.541,-9.714,0.000,0.000,0.000,0.000,0.000,0.000,5.347,-4.653,-0.442,-3.853
2026-01-26 13:02:09.175,-0.399,-3.080,-65.280,-0.016,-0.026,-0.033,0.077,-0.584,-9.700,0.000,0.000,0.000,0.000,0.000,0.000,5.344,-4.656,0.569,-3.927
2026-01-26 13:02:09.186,-0.407,-3.078,-65.326,-0.006,-0.000,-0.037,0.053,-0.641,-9.714,0.000,0.000,0.000,0.000,0.000,0.000,5.187,-4.813,1.349,-4.367
2026-01-26 13:02:09.207,-0.417,-3.068,-65.355,-0.007,0.009,-0.029,0.081,-0.598,-9.719,0.000,0.000,0.000,0.000,0.000,0.000,5.143,-4.857,1.351,-5.008
2026-01-26 13:02:09.227,-0.432,-3.062,-65.399,-0.012,0.001,-0.021,0.115,-0.622,-9.833,0.000,0.000,0.000,0.000,0.000,0.000,5.212,-4.788,0.940,-5.235
2026-01-26 13:02:09.248,-0.448,-3.077,-65.416,-0.015,-0.012,-0.013,0.177,-0.584,-9.905,0.000,0.000,0.000,0.000,0.000,0.000,5.293,-4.707,0.275,-5.252
2026-01-26 13:02:09.268,-0.464,-3.121,-65.463,-0.008,-0.026,-0.007,0.167,-0.579,-9.843,0.000,0.000,0.000,0.000,0.000,0.000,5.153,-4.847,-0.267,-5.179
2026-01-26 13:02:09.289,-0.436,-3.175,-65.518,0.026,-0.044,0.000,0.067,-0.703,-9.781,0.000,0.000,0.000,0.000,0.000,0.000,4.704,-5.296,-0.787,-5.213
2026-01-26 13:02:09.310,-0.403,-3.218,-65.570,0.035,-0.047,0.005,0.067,-0.622,-9.747,0.000,0.000,0.000,0.000,0.000,0.000,4.308,-5.692,-1.126,-5.257
2026-01-26 13:02:09.321,-0.367,-3.258,-65.642,0.031,-0.030,0.005,0.062,-0.593,-9.776,0.000,0.000,0.000,0.000,0.000,0.000,4.386,-5.614,-0.793,-5.590
2026-01-26 13:02:09.352,-0.322,-3.288,-65.655,0.035,-0.017,-0.003,0.053,-0.632,-9.762,0.000,0.000,0.000,0.000,0.000,0.000,4.304,-5.696,-0.229,-5.558
2026-01-26 13:02:09.362,-0.292,-3.310,-65.628,0.026,-0.015,-0.005,0.010,-0.646,-9.680,0.000,0.000,0.000,0.000,0.000,0.000,4.479,-5.521,-0.109,-5.507
2026-01-26 13:02:09.423,-0.290,-3.328,-65.592,0.010,-0.018,0.000,0.005,-0.622,-9.676,0.000,0.000,0.000,0.000,0.000,0.000,4.804,-5.196,-0.352,-5.648
2026-01-26 13:02:09.433,-0.302,-3.356,-65.541,-0.008,-0.016,0.002,0.014,-0.579,-9.814,0.000,0.000,0.000,0.000,0.000,0.000,5.173,-4.827,-0.380,-5.748
2026-01-26 13:02:09.433,-0.302,-3.371,-65.508,0.000,-0.016,-0.005,0.033,-0.593,-9.877,0.000,0.000,0.000,0.000,0.000,0.000,4.993,-5.007,-0.101,-5.473
2026-01-26 13:02:09.444,-0.282,-3.404,-65.460,0.013,-0.023,-0.012,0.033,-0.584,-9.824,0.000,0.000,0.000,0.000,0.000,0.000,4.743,-5.257,0.021,-5.041
2026-01-26 13:02:09.464,-0.290,-3.437,-65.430,-0.005,-0.027,-0.009,0.048,-0.627,-9.747,0.000,0.000,0.000,0.000,0.000,0.000,5.123,-4.877,-0.198,-5.120
2026-01-26 13:02:09.485,-0.309,-3.461,-65.409,-0.017,-0.027,-0.003,0.053,-0.703,-9.709,0.000,0.000,0.000,0.000,0.000,0.000,5.330,-4.670,-0.422,-5.322
2026-01-26 13:02:09.516,-0.336,-3.486,-65.359,-0.016,-0.012,-0.001,0.086,-0.713,-9.728,0.000,0.000,0.000,0.000,0.000,0.000,5.323,-4.677,-0.195,-5.720
2026-01-26 13:02:09.557,-0.337,-3.473,-65.329,-0.008,0.010,-0.001,0.110,-0.703,-9.757,0.000,0.000,0.000,0.000,0.000,0.000,5.156,-4.844,0.252,-6.167
2026-01-26 13:02:09.567,-0.330,-3.422,-65.271,0.007,0.040,0.002,0.067,-0.713,-9.733,0.000,0.000,0.000,0.000,0.000,0.000,4.851,-5.149,0.759,-6.887
2026-01-26 13:02:09.578,-0.314,-3.377,-65.224,0.007,0.039,0.010,0.024,-0.651,-9.743,0.000,0.000,0.000,0.000,0.000,0.000,4.848,-5.152,0.404,-7.214
2026-01-26 13:02:09.589,-0.318,-3.367,-65.188,0.002,0.028,0.013,0.043,-0.584,-9.843,0.000,0.000,0.000,0.000,0.000,0.000,4.954,-5.046,0.029,-7.094
2026-01-26 13:02:09.599,-0.317,-3.357,-65.133,0.000,0.009,0.007,0.024,-0.574,-9.867,0.000,0.000,0.000,0.000,0.000,0.000,5.000,-5.000,-0.119,-6.478
2026-01-26 13:02:09.642,-0.302,-3.363,-65.096,0.014,0.001,0.001,-0.005,-0.569,-9.776,0.000,0.000,0.000,0.000,0.000,0.000,4.717,-5.283,-0.030,-6.055
2026-01-26 13:02:09.652,-0.291,-3.368,-65.071,0.006,-0.002,0.000,-0.010,-0.636,-9.743,0.000,0.000,0.000,0.000,0.000,0.000,4.810,-5.190,-0.022,-5.978
2026-01-26 13:02:09.662,-0.304,-3.375,-65.045,-0.006,-0.003,-0.001,0.033,-0.699,-9.752,0.000,0.000,0.000,0.000,0.000,0.000,5.123,-4.877,-0.029,-5.928
2026-01-26 13:02:09.683,-0.326,-3.376,-64.993,-0.018,0.002,-0.001,0.096,-0.579,-9.781,0.000,0.000,0.000,0.000,0.000,0.000,5.318,-4.682,0.057,-5.971
2026-01-26 13:02:09.703,-0.327,-3.368,-64.963,-0.010,0.010,-0.002,0.081,-0.608,-9.767,0.000,0.000,0.000,0.000,0.000,0.000,5.192,-4.808,0.257,-6.130
2026-01-26 13:02:09.734,-0.325,-3.361,-64.914,0.004,0.006,-0.004,0.024,-0.703,-9.767,0.000,0.000,0.000,0.000,0.000,0.000,4.904,-5.096,0.293,-5.952
2026-01-26 13:02:09.744,-0.331,-3.352,-64.887,-0.007,0.011,-0.006,-0.019,-0.608,-9.790,0.000,0.000,0.000,0.000,0.000,0.000,5.132,-4.868,0.458,-5.989
2026-01-26 13:02:09.765,-0.358,-3.318,-64.838,-0.016,0.029,-0.013,-0.005,-0.593,-9.733,0.000,0.000,0.000,0.000,0.000,0.000,5.323,-4.677,1.106,-6.083
2026-01-26 13:02:09.786,-0.368,-3.286,-64.775,-0.010,0.031,-0.023,0.048,-0.632,-9.762,0.000,0.000,0.000,0.000,0.000,0.000,5.240,-4.760,1.562,-5.687
2026-01-26 13:02:09.796,-0.389,-3.261,-64.724,-0.018,0.035,-0.023,0.062,-0.526,-9.757,0.000,0.000,0.000,0.000,0.000,0.000,5.363,-4.637,1.641,-5.767
2026-01-26 13:02:09.838,-0.423,-3.211,-64.668,-0.023,0.036,-0.019,0.057,-0.589,-9.776,0.000,0.000,0.000,0.000,0.000,0.000,5.453,-4.547,1.492,-5.958
2026-01-26 13:02:09.838,-0.436,-3.190,-64.639,-0.017,0.030,-0.019,0.062,-0.679,-9.833,0.000,0.000,0.000,0.000,0.000,0.000,5.342,-4.658,1.345,-5.854
2026-01-26 13:02:09.859,-0.452,-3.174,-64.571,-0.012,0.015,-0.017,0.086,-0.651,-9.810,0.000,0.000,0.000,0.000,0.000,0.000,5.246,-4.754,0.948,-5.600
2026-01-26 13:02:09.880,-0.465,-3.176,-64.525,-0.012,0.007,-0.009,0.124,-0.550,-9.800,0.000,0.000,0.000,0.000,0.000,0.000,5.238,-4.762,0.501,-5.777
2026-01-26 13:02:09.922,-0.469,-3.190,-64.471,-0.004,-0.002,-0.005,0.134,-0.565,-9.833,0.000,0.000,0.000,0.000,0.000,0.000,5.070,-4.930,0.161,-5.772
2026-01-26 13:02:09.932,-0.458,-3.191,-64.439,0.010,0.003,-0.007,0.081,-0.617,-9.814,0.000,0.000,0.000,0.000,0.000,0.000,5.005,-4.995,0.203,-5.777
2026-01-26 13:02:09.942,-0.437,-3.185,-64.406,0.025,0.009,-0.008,0.043,-0.632,-9.757,0.000,0.000,0.000,0.000,0.000,0.000,4.497,-5.503,0.505,-5.866
2026-01-26 13:02:09.963,-0.394,-3.165,-64.326,0.029,0.018,-0.011,0.048,-0.622,-9.743,0.000,0.000,0.000,0.000,0.000,0.000,4.427,-5.573,0.802,-5.923
2026-01-26 13:02:09.974,-0.377,-3.149,-64.256,0.026,0.021,-0.013,0.062,-0.589,-9.786,0.000,0.000,0.000,0.000,0.000,0.000,4.471,-5.529,0.956,-5.891
2026-01-26 13:02:10.005,-0.354,-3.106,-64.105,0.019,0.033,-0.013,0.081,-0.598,-9.848,0.000,0.000,0.000,0.000,0.000,0.000,4.624,-5.376,1.208,-6.143
2026-01-26 13:02:10.016,-0.314,-3.070,-63.969,0.028,0.029,-0.011,0.086,-0.589,-9.819,0.000,0.000,0.000,0.000,0.000,0.000,4.603,-5.397,1.152,-6.300
2026-01-26 13:02:10.057,-0.287,-3.064,-63.871,0.033,0.013,-0.003,0.072,-0.613,-9.767,0.000,0.000,0.000,0.000,0.000,0.000,4.338,-5.662,0.365,-6.152
2026-01-26 13:02:10.067,-0.252,-3.080,-63.724,0.030,-0.003,0.006,0.019,-0.608,-9.637,0.000,0.000,0.000,0.000,0.000,0.000,4.404,-5.596,-0.369,-6.233
2026-01-26 13:02:10.089,-0.230,-3.086,-63.623,0.020,0.001,0.013,-0.014,-0.579,-9.676,0.000,0.000,0.000,0.000,0.000,0.000,4.449,-5.551,-0.397,-6.115
2026-01-26 13:02:10.099,-0.222,-3.075,-63.549,0.014,0.007,0.007,0.010,-0.569,-9.824,0.000,0.000,0.000,0.000,0.000,0.000,4.726,-5.274,-0.145,-6.408
2026-01-26 13:02:10.130,-0.217,-3.029,-63.416,0.005,0.034,-0.005,0.019,-0.565,-9.857,0.000,0.000,0.000,0.000,0.000,0.000,4.899,-5.101,0.890,-6.464
2026-01-26 13:02:10.182,-0.198,-3.005,-63.452,0.017,0.021,-0.005,0.005,-0.498,-9.862,0.000,0.000,0.000,0.000,0.000,0.000,4.640,-5.360,0.583,-6.205
2026-01-26 13:02:10.192,-0.187,-3.007,-63.679,0.010,0.002,0.001,0.029,-0.546,-9.704,0.000,0.000,0.000,0.000,0.000,0.000,4.825,-5.175,-0.053,-6.090
2026-01-26 13:02:10.203,-0.150,-3.009,-63.956,0.036,0.005,-0.003,0.019,-0.579,-9.848,0.000,0.000,0.000,0.000,0.000,0.000,4.996,-5.004,-0.144,-5.941
2026-01-26 13:02:10.224,-0.114,-2.983,-64.221,0.028,0.025,-0.002,0.019,-0.598,-9.719,0.000,0.000,0.000,0.000,0.000,0.000,3.750,-6.250,0.312,-6.184
2026-01-26 13:02:10.245,-0.104,-2.959,-64.420,0.023,0.020,-0.012,0.038,-0.488,-9.781,0.000,0.000,0.000,0.000,0.000,0.000,4.538,-5.462,0.875,-5.938
2026-01-26 13:02:10.255,0.037,-2.946,-64.730,0.121,0.017,-0.004,-0.029,-0.163,-9.958,0.000,0.000,0.000,0.000,0.000,0.000,2.363,-7.637,0.468,-6.250
2026-01-26 13:02:10.266,0.237,-2.930,-65.009,0.165,0.010,0.015,-0.455,-0.215,-9.881,0.000,0.000,0.000,0.000,0.000,0.000,1.760,-8.240,-0.517,-6.862
2026-01-26 13:02:10.276,0.288,-2.968,-65.218,0.148,0.002,-0.010,-0.507,-0.364,-9.771,0.000,0.000,0.000,0.000,0.000,0.000,2.035,-7.965,0.418,-5.651
2026-01-26 13:02:10.297,0.086,-3.221,-65.450,-0.118,-0.173,-0.069,-0.402,-0.464,-9.867,0.000,0.000,0.000,0.000,0.000,0.000,7.515,-2.485,-0.585,0.673
2026-01-26 13:02:10.317,-0.091,-3.473,-65.506,-0.149,-0.218,-0.105,-0.139,-0.670,-9.786,0.000,0.000,0.000,0.000,0.000,0.000,8.321,-1.679,-1.713,1.209
2026-01-26 13:02:10.338,-0.224,-3.659,-65.518,-0.113,-0.187,-0.103,0.201,-0.799,-9.656,0.000,0.000,0.000,0.000,0.000,0.000,7.261,-2.739,0.377,1.847
2026-01-26 13:02:10.359,-0.322,-3.823,-65.561,-0.096,-0.135,-0.080,0.254,-0.995,-9.676,0.000,0.000,0.000,0.000,0.000,0.000,6.928,-3.072,0.457,-0.294
2026-01-26 13:02:10.390,-0.403,-3.906,-65.626,-0.087,-0.112,-0.053,0.464,-1.062,-9.666,0.000,0.000,0.000,0.000,0.000,0.000,6.732,-3.268,-0.132,-1.650
2026-01-26 13:02:10.503,-0.344,-3.845,-66.615,0.089,0.081,0.033,0.120,-0.703,-9.767,0.000,0.000,0.000,0.000,0.000,0.000,3.213,-6.787,0.303,-8.945
2026-01-26 13:02:10.514,-0.245,-3.777,-66.955,0.093,0.064,0.040,-0.120,-0.641,-9.767,0.000,0.000,0.000,0.000,0.000,0.000,3.156,-6.844,-0.400,-8.865
2026-01-26 13:02:10.535,-0.146,-3.748,-67.327,0.071,0.028,0.037,-0.191,-0.546,-9.743,0.000,0.000,0.000,0.000,0.000,0.000,3.453,-6.547,-0.546,-8.437
2026-01-26 13:02:10.555,-0.118,-3.764,-67.500,0.044,-0.004,0.026,-0.206,-0.613,-9.838,0.000,0.000,0.000,0.000,0.000,0.000,4.117,-5.883,-1.118,-6.970
2026-01-26 13:02:10.597,-0.087,-3.814,-67.823,0.025,-0.030,-0.003,-0.139,-0.679,-9.867,0.000,0.000,0.000,0.000,0.000,0.000,4.503,-5.497,-0.478,-5.266
2026-01-26 13:02:10.607,-0.016,-3.842,-68.007,0.062,-0.019,-0.030,-0.062,-0.584,-10.001,0.000,0.000,0.000,0.000,0.000,0.000,3.653,-6.347,0.994,-4.342
2026-01-26 13:02:10.617,0.289,-3.736,-68.147,0.258,0.047,-0.054,-0.005,-0.737,-10.025,0.000,0.000,0.000,0.000,0.000,0.000,1.018,-8.982,2.078,-3.732
2026-01-26 13:02:10.638,0.713,-3.556,-68.176,0.451,0.166,-0.094,0.043,-0.770,-10.216,0.000,0.000,0.000,0.000,0.000,0.000,-4.017,-14.017,7.062,-5.562
2026-01-26 13:02:10.659,1.623,-3.180,-68.122,0.784,0.353,-0.130,0.038,-0.689,-10.317,0.000,0.000,0.000,0.000,0.000,0.000,-11.201,-21.201,12.762,-7.954
2026-01-26 13:02:10.680,2.639,-2.706,-68.000,1.295,0.441,-0.199,-0.010,-0.751,-10.207,0.000,0.000,0.000,0.000,0.000,0.000,-20.890,-30.890,16.797,-6.860
2026-01-26 13:02:10.700,5.326,-1.427,-67.533,1.949,0.942,-0.254,-0.297,-0.727,-9.920,0.000,0.000,0.000,0.000,0.000,0.000,-25.000,-35.000,29.878,-15.052
2026-01-26 13:02:10.721,7.302,-0.397,-67.130,2.330,1.130,-0.253,-0.780,-0.445,-9.594,0.000,0.000,0.000,0.000,0.000,0.000,-25.000,-35.000,30.000,-18.471
2026-01-26 13:02:10.752,10.731,1.542,-66.389,2.442,1.437,-0.210,-1.268,-0.220,-9.226,0.000,0.000,0.000,0.000,0.000,0.000,-25.000,-35.000,30.000,-26.657
2026-01-26 13:02:10.763,12.658,2.618,-65.977,2.299,1.473,-0.151,-2.005,0.081,-9.269,0.000,0.000,0.000,0.000,0.000,0.000,-25.000,-35.000,30.000,-29.409
2026-01-26 13:02:10.794,15.285,4.014,-65.568,1.874,1.098,-0.032,-2.656,0.488,-8.982,0.000,0.000,0.000,0.000,0.000,0.000,-25.000,-35.000,22.168,-26.756
2026-01-26 13:02:10.805,16.513,4.728,-65.637,1.214,0.704,0.100,-3.062,0.871,-8.809,0.000,0.000,0.000,0.000,0.000,0.000,-25.000,-35.000,20.260,-23.661
2026-01-26 13:02:10.815,16.871,4.999,-65.954,0.494,0.264,0.230,-3.340,1.120,-8.503,0.000,0.000,0.000,0.000,0.000,0.000,-4.876,-14.876,-3.934,-20.474
2026-01-26 13:02:10.846,16.029,4.787,-67.094,-0.517,-0.304,0.357,-3.426,1.225,-8.408,0.000,0.000,0.000,0.000,0.000,0.000,16.895,6.895,-21.819,-13.998
2026-01-26 13:02:10.856,13.806,3.900,-68.524,-1.757,-0.969,0.493,-3.182,1.258,-8.881,0.000,0.000,0.000,0.000,0.000,0.000,24.697,14.697,-25.304,-9.245
2026-01-26 13:02:10.887,11.173,2.681,-69.877,-3.043,-1.282,0.636,-2.732,0.924,-9.580,0.000,0.000,0.000,0.000,0.000,0.000,35.000,25.000,-30.000,-5.828
2026-01-26 13:02:10.898,5.105,-0.644,-72.496,-4.248,-2.493,0.717,-1.675,0.517,-10.685,0.000,0.000,0.000,0.000,0.000,0.000,35.000,25.000,-30.000,-5.079
2026-01-26 13:02:10.919,1.358,-3.041,-73.957,-4.275,-2.827,0.666,-0.589,0.455,-11.307,0.000,0.000,0.000,0.000,0.000,0.000,35.000,25.000,-30.000,-2.653
2026-01-26 13:02:10.940,-3.023,-6.729,-75.719,-3.136,-2.554,0.414,0.043,-0.479,-11.006,0.000,0.000,0.000,0.000,0.000,0.000,35.000,25.000,-30.000,8.708
2026-01-26 13:02:10.950,-4.244,-8.290,-76.244,-1.589,-2.313,0.039,0.416,-1.522,-10.111,0.000,0.000,0.000,0.000,0.000,0.000,35.000,25.000,-30.000,22.423
2026-01-26 13:02:10.971,-4.288,-9.208,-76.088,-0.151,-0.782,-0.303,0.746,-2.598,-8.910,0.000,0.000,0.000,0.000,0.000,0.000,6.436,-3.564,-0.166,21.836
2026-01-26 13:02:10.992,-3.787,-9.019,-75.598,0.494,-0.291,-0.468,0.947,-2.273,-8.192,0.000,0.000,0.000,0.000,0.000,0.000,-4.874,-14.874,12.895,18.517
2026-01-26 13:02:11.012,-2.685,-7.800,-74.494,0.797,0.703,-0.480,0.919,-2.000,-8.805,0.000,0.000,0.000,0.000,0.000,0.000,-10.940,-20.940,30.000,-0.858
2026-01-26 13:02:11.033,-1.534,-6.387,-73.600,1.073,1.155,-0.469,1.187,-1.771,-9.604,0.000,0.000,0.000,0.000,0.000,0.000,-17.050,-27.050,30.000,-10.895
2026-01-26 13:02:11.064,0.937,-4.125,-72.529,1.883,1.558,-0.478,1.163,-1.105,-10.274,0.000,0.000,0.000,0.000,0.000,0.000,-25.000,-35.000,30.000,-13.017
2026-01-26 13:02:11.074,2.959,-2.441,-71.770,2.318,1.896,-0.452,0.608,-0.622,-10.255,0.000,0.000,0.000,0.000,0.000,0.000,-25.000,-35.000,30.000,-17.912
2026-01-26 13:02:11.115,5.701,-0.254,-70.718,2.475,1.962,-0.362,-0.435,-0.440,-9.704,0.000,0.000,0.000,0.000,0.000,0.000,-25.000,-35.000,30.000,-17.912
2026-01-26 13:02:11.126,7.921,1.368,-70.000,2.023,1.592,-0.222,-1.335,-0.206,-9.432,0.000,0.000,0.000,0.000,0.000,0.000,-25.000,-35.000,30.000,-27.116
2026-01-26 13:02:11.136,9.119,2.349,-69.665,1.188,0.989,-0.034,-2.067,0.407,-9.321,0.000,0.000,0.000,0.000,0.000,0.000,-25.000,-35.000,30.000,-24.141
2026-01-26 13:02:11.156,9.401,2.669,-69.756,0.403,0.417,0.156,-2.373,0.746,-9.025,0.000,0.000,0.000,0.000,0.000,0.000,-3.051,-13.051,2.121,-20.563
2026-01-26 13:02:11.177,8.654,2.432,-70.576,-0.470,-0.199,0.304,-2.196,0.847,-8.771,0.000,0.000,0.000,0.000,0.000,0.000,15.592,5.592,-17.669,-14.099
2026-01-26 13:02:11.197,7.501,1.887,-71.333,-1.349,-0.441,0.407,-1.885,0.627,-9.101,0.000,0.000,0.000,0.000,0.000,0.000,31.987,21.987,-25.123,-13.475
2026-01-26 13:02:11.208,4.372,0.310,-72.879,-1.909,-1.001,0.407,-1.464,0.546,-9.101,0.000,0.000,0.000,0.000,0.000,0.000,35.000,25.000,-30.000,-2.074
2026-01-26 13:02:11.228,1.888,-1.009,-73.899,-2.692,-1.450,0.497,-0.641,-0.129,-10.259,0.000,0.000,0.000,0.000,0.000,0.000,35.000,25.000,-30.000,3.113
2026-01-26 13:02:11.259,-1.746,-3.372,-75.325,-2.815,-1.716,0.468,0.134,-0.258,-10.259,0.000,0.000,0.000,0.000,0.000,0.000,35.000,25.000,-30.000,5.294
2026-01-26 13:02:11.270,-3.303,-4.545,-75.972,-2.163,-1.459,0.353,0.469,-0.742,-10.259,0.000,0.000,0.000,0.000,0.000,0.000,35.000,25.000,-30.000,9.075
2026-01-26 13:02:11.291,-3.875,-5.308,-76.289,-0.915,-0.813,0.130,0.660,-0.952,-10.259,0.000,0.000,0.000,0.000,0.000,0.000,22.844,12.844,-21.236,4.839
2026-01-26 13:02:11.332,-3.093,-4.968,-75.978,0.684,0.318,-0.348,0.660,-0.952,-9.934,0.000,0.000,0.000,0.000,0.000,0.000,2.877,-7.123,2.495,2.967
2026-01-26 13:02:11.342,-2.017,-4.242,-75.495,1.117,0.677,-0.348,0.512,-0.751,-10.288,0.000,0.000,0.000,0.000,0.000,0.000,-17.338,-27.338,27.473,-5.606
2026-01-26 13:02:11.353,0.744,-2.240,-74.251,1.772,1.232,-0.469,0.421,-0.756,-10.202,0.000,0.000,0.000,0.000,0.000,0.000,-25.000,-35.000,30.000,-11.871
2026-01-26 13:02:11.373,3.508,-0.372,-72.981,2.466,1.669,-0.583,0.421,-0.756,-10.020,0.000,0.000,0.000,0.000,0.000,0.000,-25.000,-35.000,30.000,-13.246
2026-01-26 13:02:11.394,6.457,1.513,-71.713,2.638,1.753,-0.583,-0.656,0.187,-9.623,0.000,0.000,0.000,0.000,0.000,0.000,-25.000,-35.000,30.000,-12.692
2026-01-26 13:02:11.405,9.186,2.855,-70.570,2.254,1.297,-0.276,-0.656,0.187,-9.427,0.000,0.000,0.000,0.000,0.000,0.000,-25.000,-35.000,30.000,-16.910
2026-01-26 13:02:11.425,11.061,3.752,-69.975,2.022,1.078,-0.276,-2.283,0.727,-9.164,0.000,0.000,0.000,0.000,0.000,0.000,-25.000,-35.000,30.000,-16.517
2026-01-26 13:02:11.446,12.104,4.015,-69.857,0.909,0.343,0.001,-2.283,0.727,-9.135,0.000,0.000,0.000,0.000,0.000,0.000,-21.506,-31.506,15.828,-14.371
2026-01-26 13:02:11.487,12.415,4.027,-69.983,0.596,0.146,0.001,-2.641,0.770,-8.862,0.000,0.000,0.000,0.000,0.000,0.000,-6.926,-16.926,2.908,-8.951
2026-01-26 13:02:11.488,12.075,3.678,-70.433,-0.404,-0.360,0.199,-2.641,0.770,-8.455,0.000,0.000,0.000,0.000,0.000,0.000,2.466,-7.534,-5.670,-6.679
2026-01-26 13:02:11.540,11.222,3.234,-70.946,-0.803,-0.536,0.199,-2.192,0.431,-8.833,0.000,0.000,0.000,0.000,0.000,0.000,21.051,11.051,-18.682,-3.254
2026-01-26 13:02:11.561,7.806,1.551,-72.505,-1.965,-1.104,0.361,-1.818,0.512,-9.470,0.000,0.000,0.000,0.000,0.000,0.000,35.000,25.000,-30.000,1.643
2026-01-26 13:02:11.572,4.063,-0.538,-74.152,-3.216,-1.991,0.664,-1.818,0.512,-10.393,0.000,0.000,0.000,0.000,0.000,0.000,35.000,25.000,-30.000,1.779
2026-01-26 13:02:11.582,0.482,-2.951,-75.637,-3.437,-2.230,0.664,-0.416,-0.234,-10.814,0.000,0.000,0.000,0.000,0.000,0.000,35.000,25.000,-30.000,-2.568
2026-01-26 13:02:11.593,-1.570,-4.989,-76.793,-1.748,-1.563,0.175,-0.416,-0.234,-10.427,0.000,0.000,0.000,0.000,0.000,0.000,35.000,25.000,-30.000,3.973
2026-01-26 13:02:11.644,-2.163,-5.804,-77.087,-1.093,-1.175,0.175,0.445,-1.254,-9.757,0.000,0.000,0.000,0.000,0.000,0.000,26.860,16.860,-30.000,10.483
2026-01-26 13:02:11.665,-1.658,-5.685,-76.643,0.332,-0.222,-0.366,0.445,-1.498,-9.757,0.000,0.000,0.000,0.000,0.000,0.000,-2.694,-12.694,11.540,13.753
2026-01-26 13:02:11.675,-0.710,-4.855,-75.858,0.889,0.678,-0.439,0.445,-1.498,-9.709,0.000,0.000,0.000,0.000,0.000,0.000,-7.927,-17.927,22.287,1.029
2026-01-26 13:02:11.686,0.230,-4.003,-75.164,1.072,0.900,-0.439,0.737,-0.900,-10.331,0.000,0.000,0.000,0.000,0.000,0.000,-16.432,-26.432,30.000,-6.416
2026-01-26 13:02:11.696,2.973,-1.950,-73.811,1.758,1.326,-0.478,0.239,-0.502,-10.331,0.000,0.000,0.000,0.000,0.000,0.000,-25.000,-35.000,30.000,-13.541
2026-01-26 13:02:11.716,5.024,-0.480,-72.863,2.275,1.691,-0.521,-0.440,-0.014,-9.829,0.000,0.000,0.000,0.000,0.000,0.000,-25.000,-35.000,30.000,-15.142
2026-01-26 13:02:11.727,8.395,1.649,-71.381,2.477,1.722,-0.484,-1.369,0.177,-9.829,0.000,0.000,0.000,0.000,0.000,0.000,-25.000,-35.000,30.000,-16.633
2026-01-26 13:02:11.748,10.092,2.612,-70.645,2.136,1.404,-0.362,-2.211,0.498,-9.412,0.000,0.000,0.000,0.000,0.000,0.000,-25.000,-35.000,30.000,-19.607
2026-01-26 13:02:11.779,11.699,3.388,-70.092,1.425,0.841,-0.201,-2.579,0.613,-9.039,0.000,0.000,0.000,0.000,0.000,0.000,-23.492,-33.492,24.852,-14.788
2026-01-26 13:02:11.790,12.133,3.532,-70.111,0.389,0.337,0.085,-2.694,0.713,-9.039,0.000,0.000,0.000,0.000,0.000,0.000,-1.749,-11.749,2.530,-16.599
2026-01-26 13:02:11.811,11.576,3.147,-70.531,-0.372,-0.261,0.221,-2.589,0.828,-8.632,0.000,0.000,0.000,0.000,0.000,0.000,3.422,-6.578,-3.496,-9.321
2026-01-26 13:02:11.862,10.519,2.576,-71.264,-0.710,-0.454,0.221,-2.407,0.574,-8.278,0.000,0.000,0.000,0.000,0.000,0.000,19.194,9.194,-17.891,-5.749
2026-01-26 13:02:11.893,7.777,1.392,-72.584,-1.839,-1.010,0.384,-1.857,0.440,-8.278,0.000,0.000,0.000,0.000,0.000,0.000,35.000,25.000,-30.000,-0.958
2026-01-26 13:02:11.904,2.904,-1.321,-74.246,-3.400,-1.883,0.687,-1.302,0.426,-10.250,0.000,0.000,0.000,0.000,0.000,0.000,35.000,25.000,-30.000,1.076
2026-01-26 13:02:11.914,-0.037,-2.939,-75.515,-3.741,-2.114,0.687,-0.479,0.067,-11.130,0.000,0.000,0.000,0.000,0.000,0.000,35.000,25.000,-30.000,-3.484
2026-01-26 13:02:11.925,-2.419,-4.917,-76.890,-2.023,-1.552,0.186,-0.479,0.067,-10.948,0.000,0.000,0.000,0.000,0.000,0.000,35.000,25.000,-30.000,2.823
2026-01-26 13:02:11.956,-3.225,-5.763,-77.214,-1.358,-1.199,0.186,0.282,-0.919,-10.269,0.000,0.000,0.000,0.000,0.000,0.000,32.163,22.163,-30.000,10.543
2026-01-26 13:02:11.966,-2.629,-5.646,-76.297,0.450,-0.292,-0.619,0.689,-1.292,-10.269,0.000,0.000,0.000,0.000,0.000,0.000,-5.467,-15.467,20.957,24.000
2026-01-26 13:02:11.987,-1.350,-4.567,-74.882,1.234,0.871,-0.762,0.689,-1.292,-9.609,0.000,0.000,0.000,0.000,0.000,0.000,-12.783,-22.783,30.000,9.413
2026-01-26 13:02:12.007,-0.058,-3.442,-73.626,1.493,1.174,-0.762,0.761,-0.837,-9.944,0.000,0.000,0.000,0.000,0.000,0.000,-24.850,-34.850,30.000,1.005
2026-01-26 13:02:12.018,2.619,-1.393,-71.647,1.852,1.429,-0.699,-0.048,-0.258,-9.944,0.000,0.000,0.000,0.000,0.000,0.000,-25.000,-35.000,30.000,-6.726
2026-01-26 13:02:12.028,4.336,-0.211,-70.412,2.003,1.470,-0.696,-0.708,0.287,-9.996,0.000,0.000,0.000,0.000,0.000,0.000,-25.000,-35.000,30.000,-7.581
2026-01-26 13:02:12.049,6.991,1.318,-68.350,1.958,1.312,-0.698,-1.483,0.751,-9.996,0.000,0.000,0.000,0.000,0.000,0.000,-25.000,-35.000,30.000,-4.245
2026-01-26 13:02:12.070,8.385,2.034,-67.188,1.720,1.107,-0.636,-1.995,0.694,-10.111,0.000,0.000,0.000,0.000,0.000,0.000,-25.000,-35.000,30.000,-2.699
2026-01-26 13:02:12.090,10.304,2.807,-65.262,1.460,0.825,-0.637,-2.105,0.321,-9.570,0.000,0.000,0.000,0.000,0.000,0.000,-24.206,-34.206,30.000,2.975
2026-01-26 13:02:12.111,11.545,3.026,-63.759,0.972,0.507,-0.584,-2.105,0.321,-8.987,0.000,0.000,0.000,0.000,0.000,0.000,-19.495,-29.495,30.000,7.812
2026-01-26 13:02:12.132,12.174,3.119,-62.748,0.783,0.411,-0.584,-1.895,0.215,-8.987,0.000,0.000,0.000,0.000,0.000,0.000,-10.664,-20.664,30.000,9.149
2026-01-26 13:02:12.173,12.847,3.200,-61.490,0.551,0.299,-0.470,-1.871,-0.019,-8.987,0.000,0.000,0.000,0.000,0.000,0.000,-5.935,-15.935,24.738,6.845
2026-01-26 13:02:12.173,13.026,3.262,-60.840,0.080,0.190,-0.162,-1.871,-0.019,-8.546,0.000,0.000,0.000,0.000,0.000,0.000,-2.133,-12.133,18.488,2.144
2026-01-26 13:02:12.183,12.840,3.278,-60.585,-0.128,0.139,-0.162,-2.038,-0.100,-8.269,0.000,0.000,0.000,0.000,0.000,0.000,7.557,-2.443,9.248,-2.295
2026-01-26 13:02:12.204,11.077,2.806,-61.159,-0.902,-0.127,0.088,-2.153,0.330,-8.317,0.000,0.000,0.000,0.000,0.000,0.000,23.048,13.048,-6.058,-6.972
2026-01-26 13:02:12.225,8.132,2.334,-62.359,-2.486,-0.742,0.614,-2.153,0.330,-9.092,0.000,0.000,0.000,0.000,0.000,0.000,35.000,25.000,-25.659,-12.555
2026-01-26 13:02:12.246,4.823,1.174,-63.572,-2.919,-0.940,0.614,-1.091,0.479,-10.288,0.000,0.000,0.000,0.000,0.000,0.000,35.000,25.000,-30.000,-11.773
2026-01-26 13:02:12.277,1.904,0.384,-65.049,-2.349,-0.776,0.296,-1.091,0.479,-10.819,0.000,0.000,0.000,0.000,0.000,0.000,35.000,25.000,-30.000,-7.385
2026-01-26 13:02:12.287,0.321,-0.085,-65.598,-2.032,-0.625,0.296,-0.311,0.751,-10.915,0.000,0.000,0.000,0.000,0.000,0.000,35.000,25.000,-24.317,-5.332
2026-01-26 13:02:12.308,-1.023,-0.401,-65.625,-1.368,-0.369,0.061,0.435,0.163,-11.623,0.000,0.000,0.000,0.000,0.000,0.000,32.120,22.120,-9.715,-1.142
2026-01-26 13:02:12.329,-0.666,-0.067,-64.810,0.378,0.353,-0.636,0.435,0.163,-11.460,0.000,0.000,0.000,0.000,0.000,0.000,12.542,2.542,11.232,5.821
2026-01-26 13:02:12.360,0.937,0.937,-63.745,0.945,0.629,-0.636,0.546,0.220,-10.915,0.000,0.000,0.000,0.000,0.000,0.000,-13.892,-23.892,30.000,6.855
2026-01-26 13:02:12.371,3.671,1.965,-61.424,2.043,0.962,-0.805,-0.014,0.249,-10.915,0.000,0.000,0.000,0.000,0.000,0.000,-25.000,-35.000,30.000,6.849
2026-01-26 13:02:12.381,5.950,2.758,-59.933,2.471,1.047,-0.845,-0.924,0.474,-9.384,0.000,0.000,0.000,0.000,0.000,0.000,-25.000,-35.000,30.000,6.856
2026-01-26 13:02:12.412,9.596,3.823,-57.591,2.537,1.003,-0.796,-1.828,0.761,-9.384,0.000,0.000,0.000,0.000,0.000,0.000,-25.000,-35.000,30.000,5.801
2026-01-26 13:02:12.443,11.647,4.336,-56.297,2.402,0.917,-0.701,-2.062,0.287,-9.398,0.000,0.000,0.000,0.000,0.000,0.000,-25.000,-35.000,30.000,3.716
2026-01-26 13:02:12.453,14.087,4.904,-54.604,1.918,0.788,-0.587,-2.373,0.746,-9.398,0.000,0.000,0.000,0.000,0.000,0.000,-25.000,-35.000,30.000,1.794
2026-01-26 13:02:12.464,14.968,4.985,-53.904,1.257,0.442,-0.401,-2.512,0.407,-8.733,0.000,0.000,0.000,0.000,0.000,0.000,-20.139,-30.139,24.865,1.178
2026-01-26 13:02:12.484,14.924,4.652,-53.678,0.317,-0.028,-0.173,-2.622,0.301,-8.733,0.000,0.000,0.000,0.000,0.000,0.000,-1.013,-11.013,6.203,1.646
2026-01-26 13:02:12.515,13.796,4.186,-54.206,-1.079,-0.519,0.388,-2.622,0.301,-8.144,0.000,0.000,0.000,0.000,0.000,0.000,12.633,2.633,-9.119,-3.017
2026-01-26 13:02:12.525,11.425,3.308,-55.097,-1.602,-0.682,0.388,-2.163,0.167,-8.489,0.000,0.000,0.000,0.000,0.000,0.000,35.000,25.000,-29.148,-7.872
2026-01-26 13:02:12.566,7.908,2.347,-57.168,-2.873,-1.144,0.648,-2.163,0.167,-8.977,0.000,0.000,0.000,0.000,0.000,0.000,35.000,25.000,-30.000,-10.330
2026-01-26 13:02:12.576,4.350,0.955,-58.449,-3.111,-1.217,0.648,-1.474,0.081,-8.977,0.000,0.000,0.000,0.000,0.000,0.000,35.000,25.000,-30.000,-7.593
2026-01-26 13:02:12.587,1.537,0.184,-59.950,-2.633,-0.948,0.453,-0.957,0.770,-10.207,0.000,0.000,0.000,0.000,0.000,0.000,35.000,25.000,-30.000,-3.277
2026-01-26 13:02:12.619,-0.032,-0.229,-60.436,-2.103,-0.622,0.266,-0.689,0.632,-10.590,0.000,0.000,0.000,0.000,0.000,0.000,35.000,25.000,-23.073,-4.190
2026-01-26 13:02:12.619,-1.584,-0.735,-60.608,-1.247,-0.404,-0.005,0.287,0.450,-11.207,0.000,0.000,0.000,0.000,0.000,0.000,29.293,19.293,-7.730,2.157
2026-01-26 13:02:12.639,-1.218,-0.549,-59.975,0.064,0.051,-0.292,0.287,0.450,-11.456,0.000,0.000,0.000,0.000,0.000,0.000,7.462,-2.538,11.418,5.975
2026-01-26 13:02:12.670,0.043,-0.020,-59.222,0.829,0.300,-0.454,0.278,0.368,-11.212,0.000,0.000,0.000,0.000,0.000,0.000,-11.571,-21.571,24.181,6.165
2026-01-26 13:02:12.691,1.883,0.360,-57.809,1.408,0.364,-0.518,0.498,-0.043,-11.049,0.000,0.000,0.000,0.000,0.000,0.000,-23.534,-33.534,27.997,7.420
2026-01-26 13:02:12.711,3.507,0.642,-56.871,1.767,0.364,-0.551,0.560,-0.043,-10.633,0.000,0.000,0.000,0.000,0.000,0.000,-25.000,-35.000,29.333,8.769
2026-01-26 13:02:12.731,6.506,1.067,-55.371,2.089,0.379,-0.518,-0.148,-0.019,-10.082,0.000,0.000,0.000,0.000,0.000,0.000,-25.000,-35.000,28.294,7.123
2026-01-26 13:02:12.742,8.298,1.245,-54.660,2.121,0.328,-0.411,-0.876,-0.019,-9.417,0.000,0.000,0.000,0.000,0.000,0.000,-25.000,-35.000,22.986,3.867
2026-01-26 13:02:12.762,10.906,1.363,-53.809,1.896,0.195,-0.275,-1.507,-0.038,-9.144,0.000,0.000,0.000,0.000,0.000,0.000,-25.000,-35.000,14.788,1.199
2026-01-26 13:02:12.783,11.859,1.278,-53.614,1.359,0.016,-0.136,-2.187,-0.038,-8.484,0.000,0.000,0.000,0.000,0.000,0.000,-22.186,-32.186,5.752,-0.887
2026-01-26 13:02:12.803,12.691,1.028,-53.603,0.700,-0.142,-0.013,-2.498,-0.412,-8.111,0.000,0.000,0.000,0.000,0.000,0.000,-8.528,-18.528,-2.445,-2.532
2026-01-26 13:02:12.834,12.237,0.759,-54.066,-0.215,-0.279,0.159,-2.507,-0.560,-7.632,0.000,0.000,0.000,0.000,0.000,0.000,6.692,-3.308,-11.535,-7.162
2026-01-26 13:02:12.855,10.838,0.450,-54.910,-1.254,-0.466,0.432,-2.373,-0.560,-7.106,0.000,0.000,0.000,0.000,0.000,0.000,30.077,20.077,-26.598,-13.959
2026-01-26 13:02:12.865,6.879,-0.386,-57.013,-2.669,-0.762,0.724,-2.177,-0.134,-7.302,0.000,0.000,0.000,0.000,0.000,0.000,35.000,25.000,-30.000,-19.518
2026-01-26 13:02:12.876,1.765,-1.671,-59.351,-4.339,-1.200,0.959,-1.641,-0.134,-8.216,0.000,0.000,0.000,0.000,0.000,0.000,35.000,25.000,-30.000,-21.605
2026-01-26 13:02:12.896,-2.670,-3.371,-60.798,-4.209,-1.271,0.846,-0.378,-0.278,-10.068,0.000,0.000,0.000,0.000,0.000,0.000,35.000,25.000,-30.000,-14.441
2026-01-26 13:02:12.937,-5.509,-3.859,-62.424,-2.966,-0.742,0.487,0.684,0.450,-12.087,0.000,0.000,0.000,0.000,0.000,0.000,35.000,25.000,-30.000,-7.024
2026-01-26 13:02:12.937,-5.995,-3.814,-62.478,-1.175,-0.123,0.014,1.708,0.148,-12.221,0.000,0.000,0.000,0.000,0.000,0.000,28.491,18.491,-3.041,-4.109
2026-01-26 13:02:12.958,-4.684,-2.873,-61.787,0.648,0.486,-0.361,1.871,-0.096,-12.116,0.000,0.000,0.000,0.000,0.000,0.000,-9.227,-19.227,24.556,-1.708
2026-01-26 13:02:13.010,-2.759,-1.940,-60.957,1.850,0.871,-0.531,1.608,-0.096,-11.441,0.000,0.000,0.000,0.000,0.000,0.000,-25.000,-35.000,30.000,-2.196
2026-01-26 13:02:13.021,1.002,-0.462,-59.538,2.584,0.992,-0.515,1.129,-0.402,-10.992,0.000,0.000,0.000,0.000,0.000,0.000,-25.000,-35.000,30.000,-5.306
2026-01-26 13:02:13.032,3.381,0.206,-58.794,2.760,0.865,-0.430,0.340,-0.402,-10.250,0.000,0.000,0.000,0.000,0.000,0.000,-25.000,-35.000,30.000,-6.081
2026-01-26 13:02:13.042,7.206,1.069,-57.792,2.735,0.693,-0.309,-0.756,0.187,-9.609,0.000,0.000,0.000,0.000,0.000,0.000,-25.000,-35.000,26.122,-7.366
2026-01-26 13:02:13.062,9.198,1.459,-57.401,2.482,0.577,-0.206,-1.632,0.187,-9.082,0.000,0.000,0.000,0.000,0.000,0.000,-25.000,-35.000,19.782,-9.292
2026-01-26 13:02:13.083,11.955,1.947,-56.950,2.043,0.429,-0.119,-2.134,0.062,-8.666,0.000,0.000,0.000,0.000,0.000,0.000,-25.000,-35.000,13.232,-9.730
2026-01-26 13:02:13.135,13.126,2.123,-56.850,1.220,0.226,-0.037,-2.570,0.029,-8.245,0.000,0.000,0.000,0.000,0.000,0.000,-21.755,-31.755,6.594,-9.612
2026-01-26 13:02:13.145,13.300,2.150,-57.041,0.482,0.049,0.099,-2.833,-0.091,-7.991,0.000,0.000,0.000,0.000,0.000,0.000,-4.648,-14.648,-2.992,-10.934
2026-01-26 13:02:13.176,12.296,1.933,-57.914,-0.530,-0.221,0.312,-2.943,0.005,-7.651,0.000,0.000,0.000,0.000,0.000,0.000,9.672,-0.328,-15.300,-15.670
2026-01-26 13:02:13.187,10.256,1.482,-59.052,-1.878,-0.615,0.587,-2.335,-0.263,-7.742,0.000,0.000,0.000,0.000,0.000,0.000,35.000,25.000,-30.000,-17.196
2026-01-26 13:02:13.208,4.885,-0.008,-61.799,-3.621,-1.219,0.941,-1.919,0.258,-8.317,0.000,0.000,0.000,0.000,0.000,0.000,35.000,25.000,-30.000,-18.813
2026-01-26 13:02:13.239,0.573,-1.621,-63.855,-4.766,-1.805,1.139,-1.158,0.258,-9.977,0.000,0.000,0.000,0.000,0.000,0.000,35.000,25.000,-30.000,-21.551
2026-01-26 13:02:13.281,-4.760,-4.196,-66.359,-3.964,-1.757,0.834,0.029,0.086,-11.657,0.000,0.000,0.000,0.000,0.000,0.000,35.000,25.000,-30.000,-9.364
2026-01-26 13:02:13.292,-5.960,-4.842,-66.957,-2.175,-0.989,0.368,1.029,0.086,-11.901,0.000,0.000,0.000,0.000,0.000,0.000,35.000,25.000,-30.000,-0.942
2026-01-26 13:02:13.344,-5.962,-4.866,-66.875,-0.265,-0.148,-0.141,1.718,-0.684,-11.293,0.000,0.000,0.000,0.000,0.000,0.000,8.967,-1.033,3.256,1.993
2026-01-26 13:02:13.354,-4.411,-3.972,-66.018,1.149,0.566,-0.418,1.632,-0.684,-10.881,0.000,0.000,0.000,0.000,0.000,0.000,-13.934,-23.934,25.982,1.425
2026-01-26 13:02:13.365,-2.565,-3.060,-65.191,1.922,0.876,-0.522,1.311,-0.723,-10.575,0.000,0.000,0.000,0.000,0.000,0.000,-25.000,-35.000,30.000,-2.635
2026-01-26 13:02:13.376,1.379,-1.379,-63.695,2.738,1.134,-0.541,0.947,-0.794,-10.379,0.000,0.000,0.000,0.000,0.000,0.000,-25.000,-35.000,30.000,-5.654
2026-01-26 13:02:13.386,4.257,-0.298,-62.718,3.248,1.279,-0.546,-0.038,-0.258,-9.963,0.000,0.000,0.000,0.000,0.000,0.000,-25.000,-35.000,30.000,-9.720
2026-01-26 13:02:13.396,8.706,1.197,-61.234,3.176,1.182,-0.445,-0.981,0.091,-9.441,0.000,0.000,0.000,0.000,0.000,0.000,-25.000,-35.000,30.000,-11.754
2026-01-26 13:02:13.417,10.713,1.745,-60.631,2.604,0.878,-0.299,-1.641,0.091,-9.106,0.000,0.000,0.000,0.000,0.000,0.000,-25.000,-35.000,29.534,-11.586
2026-01-26 13:02:13.459,13.328,2.325,-59.936,1.964,0.561,-0.179,-2.412,0.206,-8.795,0.000,0.000,0.000,0.000,0.000,0.000,-25.000,-35.000,18.152,-9.834
2026-01-26 13:02:13.490,14.397,2.584,-59.779,1.133,0.343,-0.048,-2.972,0.096,-8.101,0.000,0.000,0.000,0.000,0.000,0.000,-20.034,-30.034,9.936,-12.101
2026-01-26 13:02:13.500,14.535,2.680,-59.898,0.461,0.168,0.073,-3.235,0.148,-7.829,0.000,0.000,0.000,0.000,0.000,0.000,-4.212,-14.212,0.443,-12.281
2026-01-26 13:02:13.521,13.514,2.659,-60.576,-0.572,-0.076,0.258,-3.460,0.416,-7.651,0.000,0.000,0.000,0.000,0.000,0.000,17.207,7.207,-12.039,-14.627
2026-01-26 13:02:13.531,10.878,2.213,-61.799,-2.055,-0.519,0.473,-3.120,0.301,-7.695,0.000,0.000,0.000,0.000,0.000,0.000,35.000,25.000,-28.041,-15.797
2026-01-26 13:02:13.542,8.053,1.531,-62.963,-2.983,-0.873,0.597,-2.302,0.244,-8.977,0.000,0.000,0.000,0.000,0.000,0.000,35.000,25.000,-30.000,-12.426
2026-01-26 13:02:13.552,4.141,0.445,-64.497,-2.782,-0.860,0.456,-1.220,0.464,-10.494,0.000,0.000,0.000,0.000,0.000,0.000,35.000,25.000,-30.000,-6.557
2026-01-26 13:02:13.563,3.240,0.377,-64.765,-1.541,-0.296,0.148,-0.325,0.837,-11.231,0.000,0.000,0.000,0.000,0.000,0.000,35.000,25.000,-11.816,-5.987
2026-01-26 13:02:13.594,3.034,0.766,-64.678,-0.317,0.214,-0.075,-0.057,0.392,-11.001,0.000,0.000,0.000,0.000,0.000,0.000,18.116,8.116,4.492,-4.527
2026-01-26 13:02:13.604,3.316,1.076,-64.421,0.133,0.330,-0.145,-0.311,0.493,-10.456,0.000,0.000,0.000,0.000,0.000,0.000,2.349,-7.651,12.394,-6.804
2026-01-26 13:02:13.615,3.623,1.354,-64.244,0.169,0.202,-0.043,-0.469,0.024,-10.360,0.000,0.000,0.000,0.000,0.000,0.000,1.646,-8.354,5.629,-8.220
2026-01-26 13:02:13.625,3.560,1.267,-64.418,-0.045,-0.053,0.067,-0.904,0.187,-9.910,0.000,0.000,0.000,0.000,0.000,0.000,5.288,-4.712,-2.994,-8.333
2026-01-26 13:02:13.636,3.536,1.110,-64.596,-0.048,-0.163,0.091,-1.058,0.502,-9.671,0.000,0.000,0.000,0.000,0.000,0.000,5.960,-4.040,-6.896,-6.390
2026-01-26 13:02:13.657,3.701,1.004,-64.823,0.085,-0.096,0.065,-1.014,0.488,-9.575,0.000,0.000,0.000,0.000,0.000,0.000,3.198,-6.802,-4.439,-6.759
2026-01-26 13:02:13.678,3.814,1.055,-64.837,0.102,0.015,0.004,-1.110,0.507,-9.278,0.000,0.000,0.000,0.000,0.000,0.000,2.963,-7.037,0.156,-6.454
2026-01-26 13:02:13.699,3.775,1.134,-64.746,-0.045,0.043,-0.046,-1.196,0.402,-9.331,0.000,0.000,0.000,0.000,0.000,0.000,6.023,-3.977,2.717,-5.010
2026-01-26 13:02:13.740,3.481,1.126,-64.640,-0.256,-0.004,-0.053,-1.058,0.215,-9.499,0.000,0.000,0.000,0.000,0.000,0.000,9.523,-0.477,2.163,-3.945
2026-01-26 13:02:13.751,3.080,1.040,-64.689,-0.438,-0.085,0.020,-0.885,0.412,-9.585,0.000,0.000,0.000,0.000,0.000,0.000,13.760,3.760,-2.486,-5.091
2026-01-26 13:02:13.761,2.395,0.835,-64.912,-0.501,-0.155,0.081,-0.679,0.273,-9.891,0.000,0.000,0.000,0.000,0.000,0.000,14.796,4.796,-5.980,-6.540
2026-01-26 13:02:13.792,2.220,0.780,-64.996,-0.303,-0.099,0.040,-0.675,-0.029,-10.255,0.000,0.000,0.000,0.000,0.000,0.000,11.066,1.066,-3.586,-5.609
2026-01-26 13:02:13.813,2.180,0.835,-64.902,-0.080,0.026,-0.058,-0.584,-0.263,-10.240,0.000,0.000,0.000,0.000,0.000,0.000,6.433,-3.567,2.922,-4.320
2026-01-26 13:02:13.834,2.241,0.958,-64.635,0.011,0.102,-0.120,-0.656,-0.120,-10.039,0.000,0.000,0.000,0.000,0.000,0.000,5.046,-4.954,6.453,-2.866
2026-01-26 13:02:13.844,2.216,1.017,-64.453,-0.041,0.084,-0.110,-0.804,0.230,-10.058,0.000,0.000,0.000,0.000,0.000,0.000,5.810,-4.190,6.064,-3.286
2026-01-26 13:02:13.855,2.154,0.997,-64.239,-0.070,-0.001,-0.074,-0.632,0.435,-10.207,0.000,0.000,0.000,0.000,0.000,0.000,6.257,-3.743,3.481,-3.558
2026-01-26 13:02:13.875,2.123,0.901,-64.131,-0.064,-0.083,-0.071,-0.412,0.622,-10.020,0.000,0.000,0.000,0.000,0.000,0.000,6.276,-3.724,1.181,-1.514
2026-01-26 13:02:13.896,2.020,0.720,-63.927,-0.090,-0.126,-0.080,-0.148,0.603,-9.786,0.000,0.000,0.000,0.000,0.000,0.000,6.823,-3.177,0.666,-0.232
2026-01-26 13:02:13.917,1.846,0.567,-63.743,-0.156,-0.140,-0.088,0.014,0.560,-9.728,0.000,0.000,0.000,0.000,0.000,0.000,7.927,-2.073,0.775,0.256
2026-01-26 13:02:13.938,1.713,0.449,-63.612,-0.162,-0.146,-0.084,0.062,0.158,-9.656,0.000,0.000,0.000,0.000,0.000,0.000,8.245,-1.755,0.440,0.292
2026-01-26 13:02:13.958,1.537,0.267,-63.420,-0.121,-0.135,-0.067,0.086,-0.072,-9.537,0.000,0.000,0.000,0.000,0.000,0.000,7.378,-2.622,-0.035,-0.639
2026-01-26 13:02:13.999,1.462,0.174,-63.317,-0.067,-0.092,-0.047,-0.043,-0.187,-9.436,0.000,0.000,0.000,0.000,0.000,0.000,6.647,-3.353,-0.235,-2.015
2026-01-26 13:02:14.010,1.365,0.138,-63.265,-0.103,-0.061,-0.031,-0.177,-0.177,-9.312,0.000,0.000,0.000,0.000,0.000,0.000,7.059,-2.941,0.037,-3.523
2026-01-26 13:02:14.020,1.034,0.094,-63.218,-0.248,-0.037,-0.015,-0.258,-0.120,-9.365,0.000,0.000,0.000,0.000,0.000,0.000,10.058,0.058,-0.117,-4.690
2026-01-26 13:02:14.094,0.767,0.115,-63.193,-0.300,0.005,-0.022,-0.292,-0.077,-9.623,0.000,0.000,0.000,0.000,0.000,0.000,11.006,1.006,0.968,-5.221
2026-01-26 13:02:14.094,0.363,0.178,-63.097,-0.312,0.075,-0.055,-0.316,0.105,-9.805,0.000,0.000,0.000,0.000,0.000,0.000,11.232,1.232,3.708,-5.277
2026-01-26 13:02:14.104,0.007,0.377,-62.922,-0.296,0.119,-0.085,-0.402,0.349,-10.025,0.000,0.000,0.000,0.000,0.000,0.000,11.016,1.016,5.609,-4.834
2026-01-26 13:02:14.115,-0.243,0.466,-62.735,-0.309,0.103,-0.129,-0.488,0.230,-10.159,0.000,0.000,0.000,0.000,0.000,0.000,11.182,1.182,7.247,-2.893
2026-01-26 13:02:14.178,-0.366,0.579,-62.285,-0.058,0.078,-0.184,0.282,0.062,-10.752,0.000,0.000,0.000,0.000,0.000,0.000,5.954,-4.046,8.884,-0.183
2026-01-26 13:02:14.188,-0.003,0.725,-62.013,0.294,0.145,-0.152,0.278,0.402,-10.413,0.000,0.000,0.000,0.000,0.000,0.000,-0.886,-10.886,9.003,-2.816
2026-01-26 13:02:14.199,0.590,1.006,-61.522,0.314,0.194,-0.192,-0.215,-0.220,-9.781,0.000,0.000,0.000,0.000,0.000,0.000,-1.176,-11.176,11.552,-2.169
2026-01-26 13:02:14.209,0.713,1.111,-61.045,0.181,0.151,-0.324,-0.053,-0.249,-9.967,0.000,0.000,0.000,0.000,0.000,0.000,1.388,-8.612,15.989,3.961
2026-01-26 13:02:14.230,0.784,1.217,-60.053,0.030,0.112,-0.402,0.038,0.014,-9.475,0.000,0.000,0.000,0.000,0.000,0.000,4.391,-5.609,18.295,7.834
2026-01-26 13:02:14.250,0.321,1.302,-58.900,-0.411,0.082,-0.509,0.029,-0.239,-9.355,0.000,0.000,0.000,0.000,0.000,0.000,10.382,0.382,22.172,12.564
2026-01-26 13:02:14.262,0.036,1.318,-57.758,-0.378,0.048,-0.748,-0.694,0.383,-10.240,0.000,0.000,0.000,0.000,0.000,0.000,12.568,2.568,30.000,22.955
2026-01-26 13:02:14.283,-0.104,1.204,-55.839,-0.120,-0.095,-0.625,-0.694,1.177,-10.398,0.000,0.000,0.000,0.000,0.000,0.000,7.228,-2.772,22.988,20.994
2026-01-26 13:02:14.304,-0.165,0.974,-54.728,-0.100,-0.202,-0.444,-0.244,0.560,-10.235,0.000,0.000,0.000,0.000,0.000,0.000,6.910,-3.090,14.275,15.220
2026-01-26 13:02:14.366,-0.244,0.739,-54.131,-0.115,-0.264,-0.305,0.301,0.048,-9.422,0.000,0.000,0.000,0.000,0.000,0.000,7.297,-2.703,6.908,11.465
2026-01-26 13:02:14.407,-0.314,0.429,-53.486,-0.051,-0.204,-0.178,0.301,0.000,-9.087,0.000,0.000,0.000,0.000,0.000,0.000,5.961,-4.039,3.116,5.158
2026-01-26 13:02:14.427,-0.253,0.425,-53.364,0.034,-0.063,-0.026,-0.225,0.038,-9.077,0.000,0.000,0.000,0.000,0.000,0.000,4.328,-5.672,-0.213,-3.699
2026-01-26 13:02:14.448,0.077,0.630,-53.596,0.236,0.119,0.157,-0.718,0.273,-9.106,0.000,0.000,0.000,0.000,0.000,0.000,0.271,-9.729,-3.878,-14.650
2026-01-26 13:02:14.489,0.544,1.015,-54.388,0.404,0.305,0.393,-0.689,0.215,-8.872,0.000,0.000,0.000,0.000,0.000,0.000,-3.196,-13.196,-9.482,-27.922
2026-01-26 13:02:14.500,0.940,1.363,-55.414,0.457,0.366,0.698,-0.914,0.924,-9.709,0.000,0.000,0.000,0.000,0.000,0.000,-4.131,-14.131,-20.616,-36.000
2026-01-26 13:02:14.510,1.567,1.877,-57.781,0.462,0.338,0.988,-0.694,1.077,-10.063,0.000,0.000,0.000,0.000,0.000,0.000,-4.243,-14.243,-30.000,-36.000
2026-01-26 13:02:14.521,1.947,2.051,-60.377,0.403,0.066,1.099,-0.464,0.225,-10.240,0.000,0.000,0.000,0.000,0.000,0.000,-3.007,-13.007,-30.000,-36.000
2026-01-26 13:02:14.521,2.244,1.857,-62.783,0.332,-0.241,1.022,0.292,-0.124,-10.422,0.000,0.000,0.000,0.000,0.000,0.000,-1.597,-11.597,-30.000,-36.000
2026-01-26 13:02:14.541,2.472,1.510,-64.758,0.264,-0.364,0.793,0.833,-0.431,-10.465,0.000,0.000,0.000,0.000,0.000,0.000,-0.662,-10.662,-30.000,-30.944
2026-01-26 13:02:14.552,2.550,1.294,-65.729,0.172,-0.311,0.434,0.818,-0.823,-10.293,0.000,0.000,0.000,0.000,0.000,0.000,1.568,-8.432,-23.591,-17.137
2026-01-26 13:02:14.603,2.583,1.187,-66.197,0.062,-0.040,-0.027,0.378,-0.660,-10.259,0.000,0.000,0.000,0.000,0.000,0.000,3.300,-6.700,-1.322,-2.547
2026-01-26 13:02:14.613,2.615,1.334,-65.657,0.060,0.153,-0.457,-0.005,-0.057,-10.111,0.000,0.000,0.000,0.000,0.000,0.000,3.800,-6.200,21.345,9.215
2026-01-26 13:02:14.644,2.695,1.674,-63.796,0.050,0.299,-0.775,-0.402,0.081,-9.900,0.000,0.000,0.000,0.000,0.000,0.000,4.018,-5.982,30.000,18.947
2026-01-26 13:02:14.685,2.676,1.878,-61.657,-0.051,0.289,-0.984,-0.699,0.019,-9.747,0.000,0.000,0.000,0.000,0.000,0.000,5.359,-4.641,30.000,24.000
2026-01-26 13:02:14.706,2.572,2.003,-59.887,-0.145,0.268,-1.050,-1.182,0.517,-9.432,0.000,0.000,0.000,0.000,0.000,0.000,7.894,-2.106,30.000,24.000
2026-01-26 13:02:14.717,2.305,2.184,-57.025,-0.258,0.225,-0.965,-1.756,1.062,-9.307,0.000,0.000,0.000,0.000,0.000,0.000,9.670,-0.330,30.000,24.000
2026-01-26 13:02:14.727,2.178,2.189,-55.772,-0.234,0.106,-0.614,-2.723,2.364,-9.546,0.000,0.000,0.000,0.000,0.000,0.000,9.680,-0.320,26.690,16.440
2026-01-26 13:02:14.737,2.050,2.060,-54.695,-0.154,-0.084,-0.223,-2.244,1.335,-9.886,0.000,0.000,0.000,0.000,0.000,0.000,8.024,-1.976,7.131,4.722
2026-01-26 13:02:14.748,2.027,1.974,-54.688,-0.076,-0.096,0.066,-1.220,0.603,-9.422,0.000,0.000,0.000,0.000,0.000,0.000,6.967,-3.033,-4.613,-6.628
2026-01-26 13:02:14.748,2.128,1.948,-55.150,0.043,-0.077,0.365,-0.756,0.598,-9.269,0.000,0.000,0.000,0.000,0.000,0.000,4.143,-5.857,-16.145,-19.085
2026-01-26 13:02:14.758,2.458,1.934,-56.680,0.225,-0.083,0.641,-0.660,0.584,-9.455,0.000,0.000,0.000,0.000,0.000,0.000,0.383,-9.617,-27.307,-29.953
2026-01-26 13:02:14.809,2.710,1.923,-58.009,0.289,-0.099,0.832,-0.699,0.278,-9.278,0.000,0.000,0.000,0.000,0.000,0.000,-0.772,-10.772,-30.000,-36.000
2026-01-26 13:02:14.820,3.082,1.952,-60.304,0.299,-0.106,0.845,-0.206,-0.201,-9.690,0.000,0.000,0.000,0.000,0.000,0.000,-0.973,-10.973,-30.000,-36.000
2026-01-26 13:02:14.830,3.344,1.913,-62.130,0.241,-0.091,0.702,0.699,-0.483,-10.221,0.000,0.000,0.000,0.000,0.000,0.000,0.222,-9.778,-29.886,-32.274
2026-01-26 13:02:14.841,3.446,1.876,-63.053,0.181,-0.097,0.444,1.053,-0.885,-10.695,0.000,0.000,0.000,0.000,0.000,0.000,1.381,-8.619,-19.688,-21.807
2026-01-26 13:02:14.851,3.474,1.866,-63.704,0.048,-0.031,0.074,1.005,-0.746,-10.771,0.000,0.000,0.000,0.000,0.000,0.000,4.137,-5.863,-3.389,-8.491
2026-01-26 13:02:14.872,3.422,1.989,-63.363,-0.016,0.139,-0.331,0.699,-0.287,-10.365,0.000,0.000,0.000,0.000,0.000,0.000,5.321,-4.679,16.014,4.448
2026-01-26 13:02:14.893,3.331,2.252,-61.916,-0.103,0.303,-0.675,0.110,-0.100,-10.121,0.000,0.000,0.000,0.000,0.000,0.000,7.064,-2.936,30.000,14.939
2026-01-26 13:02:14.913,3.113,2.565,-59.907,-0.176,0.326,-0.879,-0.254,0.010,-9.762,0.000,0.000,0.000,0.000,0.000,0.000,8.110,-1.890,30.000,22.575
2026-01-26 13:02:14.924,2.964,2.680,-58.337,-0.215,0.279,-0.927,-0.995,0.412,-9.460,0.000,0.000,0.000,0.000,0.000,0.000,9.306,-0.694,30.000,24.000
2026-01-26 13:02:14.934,2.708,2.802,-55.854,-0.243,0.193,-0.826,-1.761,1.072,-9.393,0.000,0.000,0.000,0.000,0.000,0.000,9.768,-0.232,30.000,22.743
2026-01-26 13:02:14.954,2.602,2.826,-54.792,-0.204,0.122,-0.517,-2.823,2.177,-9.345,0.000,0.000,0.000,0.000,0.000,0.000,9.079,-0.921,23.135,12.240
2026-01-26 13:02:14.975,2.560,2.758,-54.031,-0.075,-0.046,-0.103,-2.584,1.536,-9.633,0.000,0.000,0.000,0.000,0.000,0.000,6.402,-3.598,3.105,-0.838
2026-01-26 13:02:15.017,2.606,2.704,-54.161,-0.009,-0.079,0.159,-1.536,0.737,-9.441,0.000,0.000,0.000,0.000,0.000,0.000,5.171,-4.829,-7.952,-10.789
2026-01-26 13:02:15.027,2.783,2.707,-55.031,0.126,-0.061,0.426,-0.947,0.818,-9.388,0.000,0.000,0.000,0.000,0.000,0.000,2.478,-7.522,-18.265,-21.824
2026-01-26 13:02:15.038,2.964,2.697,-56.496,0.157,-0.078,0.675,-0.833,0.790,-9.685,0.000,0.000,0.000,0.000,0.000,0.000,1.946,-8.054,-28.359,-31.629
2026-01-26 13:02:15.059,3.051,2.625,-57.839,0.140,-0.157,0.823,-0.852,0.498,-9.723,0.000,0.000,0.000,0.000,0.000,0.000,2.197,-7.803,-30.000,-35.803
2026-01-26 13:02:15.079,3.129,2.345,-60.221,0.089,-0.309,0.821,-0.531,-0.091,-9.767,0.000,0.000,0.000,0.000,0.000,0.000,3.246,-6.754,-30.000,-32.559
2026-01-26 13:02:15.100,3.115,2.099,-61.520,0.036,-0.358,0.702,0.345,-0.383,-9.924,0.000,0.000,0.000,0.000,0.000,0.000,4.281,-5.719,-30.000,-26.912
2026-01-26 13:02:15.122,2.934,1.680,-63.134,-0.112,-0.357,0.451,0.732,-0.751,-10.235,0.000,0.000,0.000,0.000,0.000,0.000,7.342,-2.658,-25.099,-16.949
2026-01-26 13:02:15.142,2.676,1.486,-63.580,-0.203,-0.183,0.099,0.703,-0.636,-10.255,0.000,0.000,0.000,0.000,0.000,0.000,8.585,-1.415,-8.698,-5.228
2026-01-26 13:02:15.163,2.494,1.534,-63.312,-0.205,0.018,-0.288,0.632,-0.273,-10.168,0.000,0.000,0.000,0.000,0.000,0.000,9.091,-0.909,11.885,5.167
2026-01-26 13:02:15.225,2.263,1.891,-61.893,-0.169,0.320,-0.631,0.373,-0.029,-10.058,0.000,0.000,0.000,0.000,0.000,0.000,8.354,-1.646,30.000,12.641
2026-01-26 13:02:15.235,2.185,2.176,-60.577,-0.134,0.390,-0.825,0.010,0.000,-9.944,0.000,0.000,0.000,0.000,0.000,0.000,7.672,-2.328,30.000,19.212
2026-01-26 13:02:15.256,2.119,2.505,-58.255,-0.136,0.371,-0.865,-0.287,0.345,-9.680,0.000,0.000,0.000,0.000,0.000,0.000,7.718,-2.282,30.000,21.173
2026-01-26 13:02:15.297,1.934,2.733,-56.301,-0.181,0.226,-0.780,-0.526,0.560,-9.604,0.000,0.000,0.000,0.000,0.000,0.000,8.653,-1.347,30.000,20.803
2026-01-26 13:02:15.308,1.807,2.767,-55.155,-0.199,0.133,-0.611,-0.971,0.933,-9.537,0.000,0.000,0.000,0.000,0.000,0.000,8.978,-1.022,27.126,15.791
2026-01-26 13:02:15.400,1.640,2.756,-54.000,-0.153,0.046,-0.290,-1.603,1.713,-9.604,0.000,0.000,0.000,0.000,0.000,0.000,8.067,-1.933,12.504,4.676
2026-01-26 13:02:15.410,1.617,2.725,-53.899,-0.040,-0.040,0.053,-1.570,1.201,-9.776,0.000,0.000,0.000,0.000,0.000,0.000,5.717,-4.283,-2.966,-7.253
2026-01-26 13:02:15.430,1.709,2.677,-54.306,0.062,-0.061,0.296,-1.244,0.761,-9.432,0.000,0.000,0.000,0.000,0.000,0.000,5.281,-4.719,-3.252,-6.967
2026-01-26 13:02:15.441,1.855,2.672,-54.954,0.118,-0.064,0.296,-1.163,0.957,-9.561,0.000,0.000,0.000,0.000,0.000,0.000,2.630,-7.370,-13.126,-16.566
2026-01-26 13:02:15.462,2.175,2.763,-56.688,0.241,-0.021,0.711,-1.081,0.723,-9.738,0.000,0.000,0.000,0.000,0.000,0.000,0.108,-9.892,-29.753,-34.932
2026-01-26 13:02:15.472,2.455,2.735,-58.428,0.265,-0.079,0.799,-0.900,0.498,-9.757,0.000,0.000,0.000,0.000,0.000,0.000,-0.248,-10.248,-28.788,-34.097
2026-01-26 13:02:15.493,2.625,2.651,-59.780,0.267,-0.126,0.799,-0.651,-0.105,-9.810,0.000,0.000,0.000,0.000,0.000,0.000,-0.335,-10.335,-30.000,-35.435
2026-01-26 13:02:15.503,2.784,2.454,-61.720,0.173,-0.227,0.563,0.297,-0.105,-9.810,0.000,0.000,0.000,0.000,0.000,0.000,1.644,-8.356,-26.181,-23.085
2026-01-26 13:02:15.545,2.855,2.272,-62.704,0.064,-0.154,0.280,0.613,-0.675,-10.350,0.000,0.000,0.000,0.000,0.000,0.000,2.154,-7.846,-27.061,-23.979
2026-01-26 13:02:15.555,2.815,2.270,-62.970,-0.022,0.009,-0.108,0.842,-0.120,-10.393,0.000,0.000,0.000,0.000,0.000,0.000,5.438,-4.562,4.492,-1.885
2026-01-26 13:02:15.565,2.756,2.461,-62.260,-0.077,0.237,-0.454,0.775,0.211,-10.250,0.000,0.000,0.000,0.000,0.000,0.000,6.598,-3.402,24.981,8.833
2026-01-26 13:02:15.576,2.624,2.840,-61.307,-0.093,0.337,-0.454,0.517,-0.278,-9.881,0.000,0.000,0.000,0.000,0.000,0.000,6.857,-3.143,24.904,5.443
2026-01-26 13:02:15.586,2.502,3.301,-59.003,-0.185,0.473,-0.880,0.292,-0.124,-9.470,0.000,0.000,0.000,0.000,0.000,0.000,8.786,-1.214,30.000,20.414
2026-01-26 13:02:15.618,2.290,3.698,-57.494,-0.212,0.476,-0.880,-0.502,0.536,-9.513,0.000,0.000,0.000,0.000,0.000,0.000,9.247,-0.753,30.000,19.672
2026-01-26 13:02:15.649,2.020,3.935,-55.241,-0.289,0.305,-0.674,-1.129,1.206,-9.451,0.000,0.000,0.000,0.000,0.000,0.000,10.799,0.799,30.000,14.147
2026-01-26 13:02:15.659,1.762,4.113,-54.097,-0.259,0.158,-0.323,-2.053,2.082,-9.489,0.000,0.000,0.000,0.000,0.000,0.000,10.082,0.082,14.121,2.239
2026-01-26 13:02:15.670,1.649,4.138,-53.755,-0.231,0.095,-0.323,-1.842,1.565,-9.786,0.000,0.000,0.000,0.000,0.000,0.000,9.617,-0.383,14.823,5.042
2026-01-26 13:02:15.680,1.592,4.121,-54.134,-0.057,-0.015,0.265,-1.125,0.909,-9.470,0.000,0.000,0.000,0.000,0.000,0.000,5.982,-4.018,-12.062,-17.363
2026-01-26 13:02:15.690,1.673,4.115,-54.966,0.076,-0.025,0.454,-0.522,0.842,-9.479,0.000,0.000,0.000,0.000,0.000,0.000,3.260,-6.740,-19.613,-24.630
2026-01-26 13:02:15.701,1.816,4.172,-56.154,0.157,0.010,0.577,-0.761,0.526,-9.723,0.000,0.000,0.000,0.000,0.000,0.000,2.205,-7.795,-18.603,-23.744
2026-01-26 13:02:15.722,1.913,4.226,-57.185,0.170,-0.000,0.631,-0.809,0.713,-9.948,0.000,0.000,0.000,0.000,0.000,0.000,1.601,-8.399,-25.231,-31.220
2026-01-26 13:02:15.753,2.095,4.177,-59.027,0.197,-0.094,0.649,-0.900,1.416,-10.034,0.000,0.000,0.000,0.000,0.000,0.000,1.530,-8.470,-25.610,-30.841
2026-01-26 13:02:15.763,2.227,4.058,-60.140,0.215,-0.150,0.649,-0.536,1.096,-10.188,0.000,0.000,0.000,0.000,0.000,0.000,0.707,-9.293,-28.965,-28.978
2026-01-26 13:02:15.795,2.380,3.807,-61.530,0.185,-0.287,0.498,-0.158,0.316,-9.944,0.000,0.000,0.000,0.000,0.000,0.000,1.292,-8.708,-25.669,-20.172
2026-01-26 13:02:15.857,2.535,3.417,-62.713,0.140,-0.311,0.258,0.057,-0.081,-9.795,0.000,0.000,0.000,0.000,0.000,0.000,1.820,-8.180,-26.567,-19.274
2026-01-26 13:02:15.868,2.618,3.261,-62.990,0.109,-0.157,-0.054,0.440,0.000,-10.001,0.000,0.000,0.000,0.000,0.000,0.000,2.829,-7.171,-0.980,-0.716
2026-01-26 13:02:15.878,2.720,3.402,-62.498,0.054,0.131,-0.350,0.617,0.201,-9.920,0.000,0.000,0.000,0.000,0.000,0.000,4.005,-5.995,18.539,6.417
2026-01-26 13:02:15.899,2.757,3.687,-61.772,0.026,0.265,-0.350,0.488,0.373,-9.776,0.000,0.000,0.000,0.000,0.000,0.000,4.472,-5.528,19.301,2.695
2026-01-26 13:02:15.940,2.878,4.238,-60.050,-0.021,0.511,-0.650,-0.029,0.335,-9.747,0.000,0.000,0.000,0.000,0.000,0.000,5.494,-4.506,30.000,10.112
2026-01-26 13:02:15.951,2.812,4.730,-58.907,-0.042,0.554,-0.650,-0.397,0.234,-9.867,0.000,0.000,0.000,0.000,0.000,0.000,5.841,-4.159,30.000,8.920
2026-01-26 13:02:15.961,2.733,5.087,-57.426,-0.150,0.375,-0.563,-0.306,0.699,-9.566,0.000,0.000,0.000,0.000,0.000,0.000,8.005,-1.995,30.000,9.024
2026-01-26 13:02:15.971,2.561,5.303,-55.967,-0.199,0.221,-0.423,-0.565,0.904,-9.771,0.000,0.000,0.000,0.000,0.000,0.000,9.041,-0.959,20.469,6.011
2026-01-26 13:02:15.982,2.403,5.411,-55.239,-0.182,0.155,-0.211,-0.670,1.392,-9.633,0.000,0.000,0.000,0.000,0.000,0.000,9.350,-0.650,20.185,7.690
2026-01-26 13:02:15.992,2.320,5.503,-55.006,-0.112,0.129,0.016,-0.943,1.345,-9.604,0.000,0.000,0.000,0.000,0.000,0.000,7.246,-2.754,1.935,-9.213
2026-01-26 13:02:16.003,2.266,5.584,-55.320,-0.015,0.046,0.242,-0.976,1.392,-9.637,0.000,0.000,0.000,0.000,0.000,0.000,5.165,-4.835,-10.073,-17.579
2026-01-26 13:02:16.023,2.288,5.537,-56.127,0.069,-0.059,0.452,-1.369,1.531,-10.015,0.000,0.000,0.000,0.000,0.000,0.000,4.438,-5.562,-9.768,-15.620
2026-01-26 13:02:16.034,2.318,5.427,-57.005,0.107,-0.191,0.606,-1.459,1.488,-10.159,0.000,0.000,0.000,0.000,0.000,0.000,2.853,-7.147,-28.060,-26.431
2026-01-26 13:02:16.075,2.328,5.092,-58.835,0.149,-0.390,0.661,-0.947,0.823,-9.886,0.000,0.000,0.000,0.000,0.000,0.000,1.958,-8.042,-30.000,-24.608
2026-01-26 13:02:16.086,2.520,4.413,-60.299,0.187,-0.542,0.586,-0.182,0.340,-9.690,0.000,0.000,0.000,0.000,0.000,0.000,1.605,-8.395,-30.000,-22.819
2026-01-26 13:02:16.096,2.624,3.983,-61.223,0.199,-0.588,0.586,0.201,-0.029,-9.824,0.000,0.000,0.000,0.000,0.000,0.000,1.015,-8.985,-30.000,-17.682
2026-01-26 13:02:16.117,2.703,3.563,-62.094,0.111,-0.352,0.142,0.330,0.038,-9.929,0.000,0.000,0.000,0.000,0.000,0.000,2.890,-7.110,-11.102,-3.767
2026-01-26 13:02:16.127,2.742,3.449,-62.147,0.023,-0.080,-0.105,0.100,0.120,-9.867,0.000,0.000,0.000,0.000,0.000,0.000,4.687,-5.313,4.249,0.616
2026-01-26 13:02:16.137,2.653,3.590,-61.712,-0.085,0.123,-0.274,-0.129,0.584,-9.633,0.000,0.000,0.000,0.000,0.000,0.000,5.398,-4.602,5.046,-2.652
2026-01-26 13:02:16.137,2.511,3.735,-61.169,-0.202,0.187,-0.400,-0.321,0.263,-9.656,0.000,0.000,0.000,0.000,0.000,0.000,9.042,-0.958,19.731,6.270
2026-01-26 13:02:16.158,2.105,3.935,-59.933,-0.336,0.175,-0.474,-0.086,0.440,-9.743,0.000,0.000,0.000,0.000,0.000,0.000,11.901,1.901,22.759,9.905
2026-01-26 13:02:16.179,1.640,3.988,-58.801,-0.460,0.095,-0.516,0.057,0.565,-9.805,0.000,0.000,0.000,0.000,0.000,0.000,12.785,2.785,22.026,9.898
2026-01-26 13:02:16.199,1.228,3.966,-57.914,-0.514,0.052,-0.523,-0.077,0.579,-9.671,0.000,0.000,0.000,0.000,0.000,0.000,15.276,5.276,21.957,13.886
2026-01-26 13:02:16.209,0.644,3.886,-56.746,-0.568,-0.042,-0.473,-0.201,0.861,-9.790,0.000,0.000,0.000,0.000,0.000,0.000,16.370,6.370,18.071,13.767
2026-01-26 13:02:16.251,-0.047,3.770,-55.504,-0.544,-0.067,-0.380,-0.282,0.790,-9.848,0.000,0.000,0.000,0.000,0.000,0.000,15.808,5.808,13.408,10.089
2026-01-26 13:02:16.262,-0.499,3.654,-54.780,-0.456,-0.107,-0.254,-0.469,1.010,-9.934,0.000,0.000,0.000,0.000,0.000,0.000,15.484,5.484,13.840,10.584
2026-01-26 13:02:16.272,-0.754,3.514,-54.447,-0.339,-0.170,-0.075,-0.574,1.120,-9.948,0.000,0.000,0.000,0.000,0.000,0.000,11.775,1.775,-0.393,0.401
2026-01-26 13:02:16.293,-1.006,3.204,-54.401,-0.204,-0.226,0.071,-0.301,0.627,-9.924,0.000,0.000,0.000,0.000,0.000,0.000,10.529,0.529,-1.041,1.049
2026-01-26 13:02:16.303,-1.046,2.952,-54.687,-0.061,-0.227,0.177,0.077,0.522,-9.900,0.000,0.000,0.000,0.000,0.000,0.000,8.003,-1.997,-7.723,-3.987
2026-01-26 13:02:16.324,-0.984,2.804,-55.036,0.068,-0.165,0.258,0.493,0.335,-10.001,0.000,0.000,0.000,0.000,0.000,0.000,3.636,-6.364,-13.613,-13.011
2026-01-26 13:02:16.334,-0.790,2.669,-55.871,0.136,-0.096,0.336,1.144,0.077,-9.738,0.000,0.000,0.000,0.000,0.000,0.000,2.374,-7.626,-12.815,-13.809
2026-01-26 13:02:16.355,-0.646,2.598,-56.362,0.140,-0.074,0.336,1.297,0.005,-10.446,0.000,0.000,0.000,0.000,0.000,0.000,2.192,-7.808,-14.910,-17.935
2026-01-26 13:02:16.365,-0.136,2.573,-56.655,0.408,-0.037,-0.025,0.613,0.507,-10.657,0.000,0.000,0.000,0.000,0.000,0.000,-3.524,-13.524,1.440,-3.434
2026-01-26 13:02:16.396,0.532,2.606,-56.576,0.560,0.071,-0.048,-0.067,0.593,-10.006,0.000,0.000,0.000,0.000,0.000,0.000,-5.349,-15.349,1.260,-5.300
2026-01-26 13:02:16.406,1.011,2.684,-56.539,0.592,0.114,-0.048,-0.522,0.416,-9.455,0.000,0.000,0.000,0.000,0.000,0.000,-6.845,-16.845,4.211,-6.333
2026-01-26 13:02:16.417,1.594,2.716,-56.719,0.446,-0.019,0.123,-0.775,0.421,-9.470,0.000,0.000,0.000,0.000,0.000,0.000,-3.652,-13.652,-5.927,-10.838
2026-01-26 13:02:16.469,1.801,2.578,-56.988,0.368,-0.068,0.123,-0.828,0.541,-9.546,0.000,0.000,0.000,0.000,0.000,0.000,-2.357,-12.357,-6.258,-9.542
2026-01-26 13:02:16.479,1.712,2.375,-57.497,-0.002,-0.163,0.178,-0.876,0.416,-9.594,0.000,0.000,0.000,0.000,0.000,0.000,5.335,-4.665,-10.420,-9.764
2026-01-26 13:02:16.500,1.612,2.159,-57.882,-0.073,-0.180,0.127,-0.646,0.560,-9.556,0.000,0.000,0.000,0.000,0.000,0.000,6.423,-3.577,-8.412,-7.218
2026-01-26 13:02:16.510,1.562,2.015,-58.087,-0.046,-0.140,0.043,-0.579,0.632,-9.752,0.000,0.000,0.000,0.000,0.000,0.000,6.213,-3.787,-8.625,-7.517
2026-01-26 13:02:16.520,1.505,1.965,-58.123,-0.095,-0.112,-0.027,-0.555,0.402,-9.465,0.000,0.000,0.000,0.000,0.000,0.000,6.904,-3.096,-1.147,-2.680
2026-01-26 13:02:16.592,1.308,1.941,-58.019,-0.153,-0.033,-0.064,-0.416,0.201,-9.585,0.000,0.000,0.000,0.000,0.000,0.000,8.106,-1.894,2.080,-2.599
2026-01-26 13:02:16.603,1.147,1.914,-57.916,-0.165,-0.035,-0.064,-0.416,0.335,-9.752,0.000,0.000,0.000,0.000,0.000,0.000,8.307,-1.693,1.866,-2.752
2026-01-26 13:02:16.623,0.824,1.806,-57.855,-0.239,-0.061,0.004,-0.330,0.340,-9.920,0.000,0.000,0.000,0.000,0.000,0.000,9.814,-0.186,-1.607,-5.203
2026-01-26 13:02:16.633,0.645,1.783,-57.874,-0.248,-0.057,0.004,-0.239,0.258,-10.039,0.000,0.000,0.000,0.000,0.000,0.000,9.952,-0.048,-1.305,-5.036
2026-01-26 13:02:16.633,0.503,1.721,-57.889,-0.117,-0.055,-0.014,-0.115,0.215,-10.006,0.000,0.000,0.000,0.000,0.000,0.000,7.191,-2.809,-0.427,-4.193
2026-01-26 13:02:16.654,0.481,1.653,-57.842,-0.045,-0.056,-0.028,0.019,0.230,-9.819,0.000,0.000,0.000,0.000,0.000,0.000,6.478,-3.522,-0.617,-4.275
2026-01-26 13:02:16.665,0.479,1.607,-57.798,-0.023,-0.055,-0.028,0.019,0.230,-9.805,0.000,0.000,0.000,0.000,0.000,0.000,5.464,-4.536,0.032,-3.774
2026-01-26 13:02:16.727,0.541,1.612,-57.745,0.002,-0.025,-0.022,0.029,0.349,-9.805,0.000,0.000,0.000,0.000,0.000,0.000,4.956,-5.044,0.374,-4.627
2026-01-26 13:02:16.738,0.712,1.622,-57.704,0.139,0.016,-0.022,0.029,0.349,-10.604,0.000,0.000,0.000,0.000,0.000,0.000,2.211,-7.789,1.215,-5.425
2026-01-26 13:02:16.758,2.334,2.188,-57.279,0.812,0.197,-0.116,0.191,0.708,-10.604,0.000,0.000,0.000,0.000,0.000,0.000,-11.472,-21.472,8.645,-5.356
2026-01-26 13:02:16.769,4.359,2.569,-56.649,1.913,0.530,-0.330,0.191,0.708,-10.441,0.000,0.000,0.000,0.000,0.000,0.000,-25.000,-35.000,23.791,-3.415
2026-01-26 13:02:16.789,8.413,3.682,-55.310,3.338,1.027,-0.529,-1.172,0.723,-10.317,0.000,0.000,0.000,0.000,0.000,0.000,-25.000,-35.000,30.000,-5.368
2026-01-26 13:02:16.820,14.466,5.122,-53.101,4.009,1.270,-0.633,-1.172,0.723,-10.317,0.000,0.000,0.000,0.000,0.000,0.000,-25.000,-35.000,30.000,-5.400
2026-01-26 13:02:16.841,18.493,5.818,-51.517,4.495,1.313,-0.772,-3.350,0.689,-9.168,0.000,0.000,0.000,0.000,0.000,0.000,-25.000,-35.000,30.000,-1.368
2026-01-26 13:02:16.872,25.346,6.600,-48.693,4.861,1.328,-0.840,-3.350,0.689,-9.168,0.000,0.000,0.000,0.000,0.000,0.000,-25.000,-35.000,30.000,1.075
2026-01-26 13:02:16.883,28.854,6.828,-47.204,4.266,1.127,-0.713,-5.312,0.947,-7.350,0.000,0.000,0.000,0.000,0.000,0.000,-25.000,-35.000,30.000,-0.034
2026-01-26 13:02:16.893,32.057,6.781,-45.933,2.781,0.622,-0.443,-5.312,0.947,-7.350,0.000,0.000,0.000,0.000,0.000,0.000,-25.000,-35.000,30.000,-2.154
2026-01-26 13:02:16.904,33.044,6.626,-45.619,1.636,0.213,-0.207,-5.804,1.086,-7.374,0.000,0.000,0.000,0.000,0.000,0.000,-25.000,-35.000,12.547,-1.972
2026-01-26 13:02:16.935,33.733,6.399,-45.626,0.743,-0.080,-0.055,-5.804,1.086,-7.374,0.000,0.000,0.000,0.000,0.000,0.000,-12.414,-22.414,1.438,-3.049
2026-01-26 13:02:16.966,34.120,6.326,-45.659,0.597,-0.076,-0.011,-5.699,0.976,-7.489,0.000,0.000,0.000,0.000,0.000,0.000,-6.945,-16.945,-1.091,-4.057
2026-01-26 13:02:16.987,34.703,6.295,-45.553,0.522,0.017,-0.035,-5.699,0.976,-7.489,0.000,0.000,0.000,0.000,0.000,0.000,-5.656,-15.656,1.474,-4.662
2026-01-26 13:02:17.101,34.933,6.288,-45.447,0.366,0.062,-0.053,-5.800,0.751,-7.675,0.000,0.000,0.000,0.000,0.000,0.000,-2.324,-12.324,3.380,-5.119
2026-01-26 13:02:17.142,34.750,6.305,-45.384,-0.003,0.084,-0.015,-5.666,0.842,-7.675,0.000,0.000,0.000,0.000,0.000,0.000,5.186,-4.814,2.289,-7.096
2026-01-26 13:02:17.153,34.446,6.299,-45.423,-0.232,0.011,0.014,-5.666,0.842,-8.140,0.000,0.000,0.000,0.000,0.000,0.000,9.647,-0.353,-0.346,-6.805
2026-01-26 13:02:17.174,33.854,6.276,-45.567,-0.333,-0.041,0.047,-5.651,1.215,-8.140,0.000,0.000,0.000,0.000,0.000,0.000,11.694,1.694,-2.725,-7.067
2026-01-26 13:02:17.184,33.291,6.292,-45.839,-0.532,-0.107,0.106,-5.651,1.215,-8.183,0.000,0.000,0.000,0.000,0.000,0.000,15.645,5.645,-6.376,-8.104
2026-01-26 13:02:17.226,31.761,6.078,-46.326,-0.933,-0.269,0.135,-5.187,0.904,-8.183,0.000,0.000,0.000,0.000,0.000,0.000,23.811,13.811,-10.844,-5.979
2026-01-26 13:02:17.237,30.561,5.930,-46.861,-1.229,-0.390,0.166,-5.187,0.904,-8.068,0.000,0.000,0.000,0.000,0.000,0.000,29.577,19.577,-14.446,-4.848
2026-01-26 13:02:17.247,26.612,5.243,-48.179,-2.249,-0.657,0.387,-4.670,1.081,-8.068,0.000,0.000,0.000,0.000,0.000,0.000,35.000,25.000,-28.733,-8.245
2026-01-26 13:02:17.257,22.612,4.910,-50.465,-3.893,-1.166,0.854,-4.670,1.081,-7.953,0.000,0.000,0.000,0.000,0.000,0.000,35.000,25.000,-30.000,-16.828
2026-01-26 13:02:17.288,13.683,3.176,-53.728,-5.872,-1.778,1.140,-3.216,0.191,-7.953,0.000,0.000,0.000,0.000,0.000,0.000,35.000,25.000,-30.000,-21.615
2026-01-26 13:02:17.349,7.996,1.950,-56.584,-6.457,-1.936,1.139,-3.216,0.191,-9.154,0.000,0.000,0.000,0.000,0.000,0.000,35.000,25.000,-30.000,-21.551
2026-01-26 13:02:17.360,-0.932,-0.228,-59.215,-6.788,-1.867,1.108,0.081,-0.115,-9.154,0.000,0.000,0.000,0.000,0.000,0.000,35.000,25.000,-30.000,-20.315
2026-01-26 13:02:17.370,-4.812,-1.308,-60.569,-5.292,-1.393,0.627,0.081,-0.115,-10.039,0.000,0.000,0.000,0.000,0.000,0.000,35.000,25.000,-30.000,-3.229
2026-01-26 13:02:17.381,-7.315,-1.366,-60.654,-2.554,-0.417,0.055,2.168,-0.163,-10.360,0.000,0.000,0.000,0.000,0.000,0.000,35.000,25.000,-10.197,-0.234
2026-01-26 13:02:17.413,-8.057,-1.056,-60.112,-1.428,0.082,-0.248,2.168,-0.163,-10.135,0.000,0.000,0.000,0.000,0.000,0.000,33.556,23.556,11.569,2.288
2026-01-26 13:02:17.443,-9.043,-0.633,-59.536,-0.892,0.159,-0.265,2.900,-0.172,-10.738,0.000,0.000,0.000,0.000,0.000,0.000,22.658,12.658,13.825,1.395
2026-01-26 13:02:17.454,-9.780,-0.675,-59.455,-0.711,-0.039,-0.053,2.900,-0.172,-10.384,0.000,0.000,0.000,0.000,0.000,0.000,19.737,9.737,1.921,-3.660
2026-01-26 13:02:17.464,-10.419,-0.930,-59.615,-0.802,-0.213,0.124,2.192,-0.627,-9.121,0.000,0.000,0.000,0.000,0.000,0.000,21.034,11.034,-9.233,-6.696
2026-01-26 13:02:17.475,-11.898,-1.316,-60.005,-1.131,-0.249,0.177,2.192,-0.627,-9.121,0.000,0.000,0.000,0.000,0.000,0.000,26.681,16.681,-11.959,-8.187
2026-01-26 13:02:17.485,-12.538,-1.505,-60.164,-0.934,-0.133,0.115,2.383,-0.311,-9.747,0.000,0.000,0.000,0.000,0.000,0.000,23.678,13.678,-7.250,-7.911
2026-01-26 13:02:17.526,-12.830,-1.325,-60.405,-0.388,0.081,0.095,2.287,-0.005,-10.168,0.000,0.000,0.000,0.000,0.000,0.000,12.565,2.565,-2.092,-11.493
2026-01-26 13:02:17.557,-12.748,-1.153,-60.522,-0.031,0.144,0.046,2.287,-0.005,-10.168,0.000,0.000,0.000,0.000,0.000,0.000,6.636,-3.364,0.875,-10.539
2026-01-26 13:02:17.588,-12.642,-1.066,-60.484,0.054,0.106,-0.027,2.000,-0.014,-10.058,0.000,0.000,0.000,0.000,0.000,0.000,3.924,-6.076,3.199,-7.025
2026-01-26 13:02:17.620,-12.426,-0.980,-60.368,0.089,0.015,-0.051,2.493,-0.100,-10.034,0.000,0.000,0.000,0.000,0.000,0.000,3.212,-6.788,2.293,-4.245
2026-01-26 13:02:17.630,-11.805,-0.905,-60.128,0.296,0.007,-0.054,2.493,-0.100,-10.034,0.000,0.000,0.000,0.000,0.000,0.000,-0.333,-10.333,2.344,-3.998
2026-01-26 13:02:17.714,-10.911,-0.674,-59.819,0.856,0.145,-0.198,2.828,0.388,-11.566,0.000,0.000,0.000,0.000,0.000,0.000,-12.125,-22.125,10.802,-0.993
2026-01-26 13:02:17.745,-6.724,0.794,-58.798,2.455,0.506,-0.509,2.469,0.861,-11.566,0.000,0.000,0.000,0.000,0.000,0.000,-25.000,-35.000,30.000,4.127
2026-01-26 13:02:17.755,-2.712,1.818,-57.057,4.146,0.909,-0.793,2.469,0.861,-11.403,0.000,0.000,0.000,0.000,0.000,0.000,-25.000,-35.000,30.000,7.536
2026-01-26 13:02:17.765,5.768,3.672,-54.841,5.807,1.237,-0.916,0.340,0.263,-10.484,0.000,0.000,0.000,0.000,0.000,0.000,-25.000,-35.000,30.000,5.791
2026-01-26 13:02:17.807,10.930,4.386,-52.743,5.999,1.172,-0.860,0.340,0.263,-9.518,0.000,0.000,0.000,0.000,0.000,0.000,-25.000,-35.000,30.000,4.966
2026-01-26 13:02:17.817,16.950,4.381,-50.970,5.283,0.844,-0.714,-3.024,0.129,-7.771,0.000,0.000,0.000,0.000,0.000,0.000,-25.000,-35.000,30.000,5.675
2026-01-26 13:02:17.859,21.489,4.480,-49.729,3.833,0.499,-0.446,-3.024,0.129,-7.771,0.000,0.000,0.000,0.000,0.000,0.000,-25.000,-35.000,28.794,0.871
2026-01-26 13:02:17.869,23.237,4.422,-49.390,2.626,0.217,-0.189,-4.977,0.354,-7.149,0.000,0.000,0.000,0.000,0.000,0.000,-25.000,-35.000,11.890,-2.806
2026-01-26 13:02:17.879,24.804,4.373,-49.330,1.516,0.031,-0.024,-4.977,0.354,-7.149,0.000,0.000,0.000,0.000,0.000,0.000,-25.000,-35.000,2.110,-6.192
2026-01-26 13:02:17.900,25.487,4.400,-49.294,1.076,0.063,-0.005,-5.192,0.751,-7.934,0.000,0.000,0.000,0.000,0.000,0.000,-16.512,-26.512,1.449,-7.065
2026-01-26 13:02:17.921,26.476,4.541,-48.901,0.820,0.191,-0.083,-5.192,0.751,-7.934,0.000,0.000,0.000,0.000,0.000,0.000,-12.139,-22.139,6.770,-6.123
2026-01-26 13:02:17.932,27.057,4.664,-48.565,0.748,0.288,-0.134,-4.536,0.613,-8.714,0.000,0.000,0.000,0.000,0.000,0.000,-9.968,-19.968,11.131,-6.393
2026-01-26 13:02:17.942,27.817,4.860,-48.139,0.623,0.290,-0.104,-4.536,0.613,-8.714,0.000,0.000,0.000,0.000,0.000,0.000,-7.818,-17.818,9.963,-7.611
2026-01-26 13:02:17.973,28.179,4.964,-47.985,0.502,0.225,-0.043,-4.622,0.924,-8.771,0.000,0.000,0.000,0.000,0.000,0.000,-5.050,-15.050,6.204,-8.795
2026-01-26 13:02:17.973,28.376,5.129,-47.976,0.267,0.142,0.028,-4.622,0.924,-8.771,0.000,0.000,0.000,0.000,0.000,0.000,-1.012,-11.012,1.966,-10.182
2026-01-26 13:02:18.005,28.356,5.192,-48.024,0.084,0.068,0.051,-4.857,0.976,-8.551,0.000,0.000,0.000,0.000,0.000,0.000,3.314,-6.686,-0.660,-9.388
2026-01-26 13:02:18.025,28.228,5.229,-48.201,-0.001,-0.015,0.059,-4.857,0.976,-8.551,0.000,0.000,0.000,0.000,0.000,0.000,4.770,-5.230,-2.402,-8.285
2026-01-26 13:02:18.178,3.930,0.843,-57.496,-6.669,-1.886,1.182,-0.679,-0.273,-7.776,0.000,0.000,0.000,0.000,0.000,0.000,35.000,25.000,-30.000,-23.276
2026-01-26 13:02:18.250,-20.475,-5.861,-63.908,-3.650,-0.941,0.219,5.168,-0.809,-10.484,0.000,0.000,0.000,0.000,0.000,0.000,35.000,25.000,-27.359,3.803
2026-01-26 13:02:18.260,-21.791,-5.599,-63.031,-1.785,-0.375,-0.460,5.168,-0.809,-10.341,0.000,0.000,0.000,0.000,0.000,0.000,35.000,25.000,1.284,13.510
2026-01-26 13:02:18.271,-21.921,-5.235,-62.298,-0.616,-0.067,-0.460,5.642,-0.933,-10.097,0.000,0.000,0.000,0.000,0.000,0.000,17.310,7.310,17.061,13.755
2026-01-26 13:02:18.292,-21.580,-4.811,-61.609,0.111,0.032,-0.288,5.154,-1.158,-9.331,0.000,0.000,0.000,0.000,0.000,0.000,2.330,-7.670,12.183,4.826
2026-01-26 13:02:18.303,-21.548,-4.830,-61.437,0.093,-0.024,0.022,4.914,-1.593,-8.833,0.000,0.000,0.000,0.000,0.000,0.000,3.149,-6.851,-1.380,-6.410
2026-01-26 13:02:18.313,-22.076,-5.198,-61.567,-0.405,-0.160,0.153,4.259,-1.440,-8.341,0.000,0.000,0.000,0.000,0.000,0.000,13.469,3.469,-9.407,-8.822
2026-01-26 13:02:18.323,-22.488,-5.435,-61.767,-0.512,-0.175,0.148,4.005,-0.928,-8.953,0.000,0.000,0.000,0.000,0.000,0.000,15.233,5.233,-9.414,-8.432
2026-01-26 13:02:18.344,-22.553,-5.474,-61.944,-0.080,0.014,0.055,3.953,-0.751,-9.470,0.000,0.000,0.000,0.000,0.000,0.000,6.228,-3.772,-1.753,-8.636
2026-01-26 13:02:18.354,-21.890,-5.196,-61.995,0.373,0.145,-0.044,4.020,-0.584,-9.881,0.000,0.000,0.000,0.000,0.000,0.000,-2.467,-12.467,4.673,-7.137
2026-01-26 13:02:18.396,-20.505,-4.758,-61.701,1.145,0.293,-0.207,4.029,-0.579,-10.149,0.000,0.000,0.000,0.000,0.000,0.000,-18.384,-28.384,14.213,-3.681
2026-01-26 13:02:18.406,-17.962,-3.702,-61.093,2.000,0.460,-0.501,4.268,-0.431,-10.743,0.000,0.000,0.000,0.000,0.000,0.000,-25.000,-35.000,29.248,4.848
2026-01-26 13:02:18.426,-13.235,-2.390,-59.627,4.036,0.918,-0.773,3.981,-0.196,-10.771,0.000,0.000,0.000,0.000,0.000,0.000,-25.000,-35.000,30.000,6.227
2026-01-26 13:02:18.457,-7.439,-0.331,-58.154,4.994,1.136,-0.845,3.058,-0.134,-10.231,0.000,0.000,0.000,0.000,0.000,0.000,-25.000,-35.000,30.000,5.078
2026-01-26 13:02:18.478,-0.601,0.860,-56.138,5.852,1.263,-0.818,1.995,-0.139,-9.695,0.000,0.000,0.000,0.000,0.000,0.000,-25.000,-35.000,30.000,1.410
2026-01-26 13:02:18.488,5.469,2.442,-54.396,5.734,1.184,-0.706,0.153,-0.029,-8.838,0.000,0.000,0.000,0.000,0.000,0.000,-25.000,-35.000,30.000,-1.453
2026-01-26 13:02:18.539,10.801,2.822,-52.895,4.690,0.918,-0.511,-1.512,-0.191,-8.274,0.000,0.000,0.000,0.000,0.000,0.000,-25.000,-35.000,30.000,-3.927
2026-01-26 13:02:18.580,15.456,3.362,-51.565,3.534,0.652,-0.354,-2.890,0.086,-8.096,0.000,0.000,0.000,0.000,0.000,0.000,-25.000,-35.000,28.739,-6.403
2026-01-26 13:02:18.776,-1.174,-0.347,-57.360,-7.061,-1.889,1.225,-0.589,-0.187,-8.058,0.000,0.000,0.000,0.000,0.000,0.000,35.000,25.000,-30.000,-25.002
2026-01-26 13:02:18.816,-11.555,-3.587,-60.479,-7.501,-2.029,1.235,1.287,-0.598,-9.570,0.000,0.000,0.000,0.000,0.000,0.000,35.000,25.000,-30.000,-25.407
2026-01-26 13:02:18.827,-17.028,-5.571,-61.825,-6.938,-1.935,1.063,3.359,-0.957,-10.116,0.000,0.000,0.000,0.000,0.000,0.000,35.000,25.000,-30.000,-18.504
2026-01-26 13:02:18.929,-28.126,-9.703,-62.675,-1.320,-0.469,-0.151,5.953,-1.206,-9.719,0.000,0.000,0.000,0.000,0.000,0.000,35.000,25.000,-7.344,13.403
2026-01-26 13:02:18.939,-27.342,-9.139,-62.148,0.324,0.077,-0.398,6.005,-1.742,-8.967,0.000,0.000,0.000,0.000,0.000,0.000,-1.488,-11.488,17.455,8.375
2026-01-26 13:02:18.950,-25.917,-8.320,-61.526,1.164,0.356,-0.366,5.484,-1.809,-8.326,0.000,0.000,0.000,0.000,0.000,0.000,-18.757,-28.757,21.913,1.361
2026-01-26 13:02:18.960,-24.864,-7.770,-61.322,1.018,0.346,-0.109,5.048,-2.015,-8.384,0.000,0.000,0.000,0.000,0.000,0.000,-15.362,-25.362,11.266,-8.573
2026-01-26 13:02:18.981,-24.720,-7.831,-61.365,0.088,0.017,0.132,4.264,-1.689,-8.355,0.000,0.000,0.000,0.000,0.000,0.000,3.918,-6.082,-5.187,-11.337
2026-01-26 13:02:19.002,-25.224,-8.183,-61.562,-0.338,-0.120,0.206,3.838,-1.373,-8.714,0.000,0.000,0.000,0.000,0.000,0.000,11.757,1.757,-10.628,-11.820
2026-01-26 13:02:19.023,-25.622,-8.439,-61.770,-0.350,-0.113,0.114,3.909,-1.072,-9.235,0.000,0.000,0.000,0.000,0.000,0.000,11.891,1.891,-6.787,-8.332
2026-01-26 13:02:19.023,-25.262,-8.265,-61.719,0.097,0.033,-0.090,4.354,-1.067,-9.767,0.000,0.000,0.000,0.000,0.000,0.000,3.059,-6.941,4.264,-3.063
2026-01-26 13:02:19.033,-23.696,-7.592,-61.173,1.337,0.358,-0.367,4.977,-1.062,-10.307,0.000,0.000,0.000,0.000,0.000,0.000,-22.586,-32.586,22.051,1.307
2026-01-26 13:02:19.074,-20.609,-6.163,-60.315,2.446,0.606,-0.696,5.297,-0.904,-10.604,0.000,0.000,0.000,0.000,0.000,0.000,-25.000,-35.000,30.000,9.702
2026-01-26 13:02:19.095,-15.283,-4.402,-58.519,4.590,1.158,-0.940,4.948,-0.718,-10.346,0.000,0.000,0.000,0.000,0.000,0.000,-25.000,-35.000,30.000,8.041
2026-01-26 13:02:19.115,-8.961,-1.953,-56.829,5.527,1.410,-0.981,3.924,-0.636,-9.743,0.000,0.000,0.000,0.000,0.000,0.000,-25.000,-35.000,30.000,5.039
2026-01-26 13:02:19.136,-1.967,-0.391,-54.645,6.070,1.519,-0.863,2.244,-0.613,-9.154,0.000,0.000,0.000,0.000,0.000,0.000,-25.000,-35.000,30.000,-1.485
2026-01-26 13:02:19.157,3.871,1.300,-52.890,5.670,1.369,-0.696,0.373,-0.488,-8.738,0.000,0.000,0.000,0.000,0.000,0.000,-25.000,-35.000,30.000,-5.541
2026-01-26 13:02:19.168,8.763,1.842,-51.392,4.409,0.986,-0.485,-1.455,-0.345,-8.345,0.000,0.000,0.000,0.000,0.000,0.000,-25.000,-35.000,30.000,-6.063
2026-01-26 13:02:19.178,12.183,2.569,-50.395,3.624,0.773,-0.282,-2.799,0.019,-8.173,0.000,0.000,0.000,0.000,0.000,0.000,-25.000,-35.000,26.748,-10.165
2026-01-26 13:02:19.188,14.834,2.729,-49.726,2.501,0.520,-0.184,-3.665,0.301,-8.183,0.000,0.000,0.000,0.000,0.000,0.000,-25.000,-35.000,17.600,-8.899
2026-01-26 13:02:19.219,17.131,3.094,-48.999,1.816,0.438,-0.161,-3.943,0.593,-8.317,0.000,0.000,0.000,0.000,0.000,0.000,-25.000,-35.000,15.541,-8.673
2026-01-26 13:02:19.229,18.171,3.291,-48.520,1.444,0.422,-0.186,-3.919,0.737,-8.675,0.000,0.000,0.000,0.000,0.000,0.000,-23.878,-33.878,15.892,-6.979
2026-01-26 13:02:19.260,19.711,3.639,-47.680,1.190,0.412,-0.203,-3.876,0.713,-8.809,0.000,0.000,0.000,0.000,0.000,0.000,-18.639,-28.639,16.364,-6.087
2026-01-26 13:02:19.260,20.361,3.767,-47.283,0.986,0.369,-0.146,-3.618,0.694,-8.900,0.000,0.000,0.000,0.000,0.000,0.000,-14.729,-24.729,13.222,-7.547
2026-01-26 13:02:19.271,20.807,3.858,-46.977,0.474,0.190,-0.041,-3.441,0.751,-9.101,0.000,0.000,0.000,0.000,0.000,0.000,-4.473,-14.473,5.445,-8.164
2026-01-26 13:02:19.281,20.896,3.895,-46.870,0.154,0.061,0.022,-3.531,0.785,-9.164,0.000,0.000,0.000,0.000,0.000,0.000,2.124,-7.876,0.238,-8.028
2026-01-26 13:02:19.301,20.756,3.890,-46.919,0.002,0.008,0.066,-3.603,0.880,-9.087,0.000,0.000,0.000,0.000,0.000,0.000,4.959,-5.041,-2.470,-8.771
2026-01-26 13:02:19.312,20.428,3.882,-47.060,-0.217,-0.077,0.105,-3.708,0.742,-8.757,0.000,0.000,0.000,0.000,0.000,0.000,9.478,-0.522,-5.792,-8.603
2026-01-26 13:02:19.322,19.256,3.712,-47.599,-0.752,-0.208,0.224,-3.737,0.613,-8.288,0.000,0.000,0.000,0.000,0.000,0.000,16.658,6.658,-12.332,-11.607
2026-01-26 13:02:19.352,17.478,3.471,-48.394,-1.732,-0.422,0.442,-3.570,0.459,-8.020,0.000,0.000,0.000,0.000,0.000,0.000,35.000,25.000,-26.101,-15.223
2026-01-26 13:02:19.424,13.640,3.127,-50.025,-3.216,-0.805,0.756,-3.120,0.368,-8.001,0.000,0.000,0.000,0.000,0.000,0.000,35.000,25.000,-30.000,-19.871
2026-01-26 13:02:19.445,6.592,1.465,-53.115,-4.896,-1.293,1.081,-2.153,0.029,-7.848,0.000,0.000,0.000,0.000,0.000,0.000,35.000,25.000,-30.000,-26.243
2026-01-26 13:02:19.455,0.607,0.319,-55.414,-6.394,-1.739,1.333,-0.574,-0.196,-8.082,0.000,0.000,0.000,0.000,0.000,0.000,35.000,25.000,-30.000,-29.327
2026-01-26 13:02:19.476,-9.352,-3.268,-59.073,-7.278,-2.037,1.432,0.957,-0.493,-9.073,0.000,0.000,0.000,0.000,0.000,0.000,35.000,25.000,-30.000,-33.290
2026-01-26 13:02:19.527,-14.945,-4.834,-60.757,-6.786,-1.903,1.221,2.378,-0.139,-10.666,0.000,0.000,0.000,0.000,0.000,0.000,35.000,25.000,-30.000,-24.832
2026-01-26 13:02:19.537,-21.278,-7.623,-62.258,-4.990,-1.480,0.729,3.646,-0.201,-11.671,0.000,0.000,0.000,0.000,0.000,0.000,35.000,25.000,-30.000,-5.167
2026-01-26 13:02:19.547,-23.479,-8.348,-62.424,-3.315,-1.063,0.149,4.532,-0.770,-11.350,0.000,0.000,0.000,0.000,0.000,0.000,35.000,25.000,-27.204,9.316
2026-01-26 13:02:19.558,-24.382,-8.527,-62.066,-1.051,-0.444,-0.323,5.268,-1.311,-10.226,0.000,0.000,0.000,0.000,0.000,0.000,22.966,12.966,7.283,17.253
2026-01-26 13:02:19.568,-23.051,-7.653,-61.011,0.635,0.094,-0.471,5.245,-1.378,-9.020,0.000,0.000,0.000,0.000,0.000,0.000,7.698,-2.302,15.326,16.384
2026-01-26 13:02:19.578,-21.676,-7.025,-60.467,1.323,0.386,-0.358,4.804,-1.598,-8.451,0.000,0.000,0.000,0.000,0.000,0.000,-21.457,-31.457,22.052,0.625
2026-01-26 13:02:19.589,-19.806,-6.077,-60.073,1.327,0.486,-0.159,4.177,-1.613,-8.915,0.000,0.000,0.000,0.000,0.000,0.000,-20.989,-30.989,16.036,-9.338
2026-01-26 13:02:19.619,-18.932,-5.724,-59.906,0.760,0.302,0.007,3.388,-1.053,-9.274,0.000,0.000,0.000,0.000,0.000,0.000,-13.243,-23.243,6.912,-13.508
2026-01-26 13:02:19.651,-18.531,-5.632,-59.986,0.521,0.191,0.098,2.579,-0.522,-9.427,0.000,0.000,0.000,0.000,0.000,0.000,-5.411,-15.411,-0.100,-13.740
2026-01-26 13:02:19.661,-18.142,-5.597,-60.113,0.338,0.092,0.080,2.196,-0.474,-9.436,0.000,0.000,0.000,0.000,0.000,0.000,-1.608,-11.608,-1.380,-10.878
2026-01-26 13:02:19.671,-17.850,-5.529,-60.144,0.255,0.076,-0.025,1.952,-0.613,-9.269,0.000,0.000,0.000,0.000,0.000,0.000,-0.104,-10.104,2.501,-6.541
2026-01-26 13:02:19.733,-17.617,-5.397,-59.868,0.197,0.061,-0.130,2.172,-0.483,-9.661,0.000,0.000,0.000,0.000,0.000,0.000,1.054,-8.946,6.427,-2.030
2026-01-26 13:02:19.743,-16.816,-4.938,-59.173,0.528,0.130,-0.305,3.024,-0.368,-11.020,0.000,0.000,0.000,0.000,0.000,0.000,1.329,-8.671,13.186,5.230
2026-01-26 13:02:19.753,-14.644,-3.964,-58.655,2.165,0.552,-0.896,4.287,-0.201,-12.776,0.000,0.000,0.000,0.000,0.000,0.000,-25.000,-35.000,30.000,18.789
2026-01-26 13:02:19.815,-8.045,-1.729,-55.414,5.656,1.513,-1.723,4.307,0.455,-11.886,0.000,0.000,0.000,0.000,0.000,0.000,-25.000,-35.000,30.000,24.000
2026-01-26 13:02:19.836,1.764,1.769,-52.443,8.342,2.306,-1.848,2.483,0.043,-9.140,0.000,0.000,0.000,0.000,0.000,0.000,-25.000,-35.000,30.000,24.000
2026-01-26 13:02:19.877,11.704,3.436,-47.548,8.397,2.254,-1.168,0.723,-0.656,-7.498,0.000,0.000,0.000,0.000,0.000,0.000,-25.000,-35.000,30.000,7.324
2026-01-26 13:02:19.887,17.302,4.427,-45.699,5.449,1.223,-0.241,-2.015,-0.746,-7.116,0.000,0.000,0.000,0.000,0.000,0.000,-25.000,-35.000,30.000,-20.807
2026-01-26 13:02:19.897,18.882,4.091,-45.687,1.886,0.054,0.395,-4.354,-0.182,-7.580,0.000,0.000,0.000,0.000,0.000,0.000,-25.000,-35.000,-19.265,-24.717
2026-01-26 13:02:19.908,18.296,3.728,-46.931,0.019,-0.396,0.431,-5.398,0.679,-8.006,0.000,0.000,0.000,0.000,0.000,0.000,-1.984,-11.984,-23.969,-16.503
2026-01-26 13:02:19.918,18.357,3.705,-47.243,0.184,-0.182,0.107,-5.536,1.412,-8.211,0.000,0.000,0.000,0.000,0.000,0.000,1.323,-8.677,-7.915,-6.650
2026-01-26 13:02:19.939,19.295,3.989,-47.004,0.661,0.193,-0.140,-5.077,1.680,-8.288,0.000,0.000,0.000,0.000,0.000,0.000,-8.786,-18.786,9.945,-4.738
2026-01-26 13:02:19.949,19.865,4.146,-46.577,0.674,0.307,-0.191,-4.426,1.134,-8.522,0.000,0.000,0.000,0.000,0.000,0.000,-8.471,-18.471,13.797,-4.500
2026-01-26 13:02:19.959,20.178,4.245,-45.873,0.289,0.242,-0.145,-4.024,0.895,-8.800,0.000,0.000,0.000,0.000,0.000,0.000,0.000,-10.000,10.221,-5.046
2026-01-26 13:02:19.969,20.082,4.237,-45.568,-0.005,0.102,-0.077,-3.350,0.751,-9.613,0.000,0.000,0.000,0.000,0.000,0.000,5.107,-4.893,5.118,-4.982
2026-01-26 13:02:19.980,19.969,4.190,-45.267,-0.067,0.015,-0.038,-3.048,0.904,-9.589,0.000,0.000,0.000,0.000,0.000,0.000,6.226,-3.774,1.575,-4.939
2026-01-26 13:02:19.990,20.045,4.188,-45.069,0.047,0.012,-0.013,-3.082,0.947,-9.317,0.000,0.000,0.000,0.000,0.000,0.000,5.685,-4.315,0.621,-5.556
2026-01-26 13:02:20.011,19.982,4.188,-45.067,-0.025,-0.017,0.070,-3.560,0.823,-8.714,0.000,0.000,0.000,0.000,0.000,0.000,5.493,-4.507,-3.129,-8.453
2026-01-26 13:02:20.032,19.250,4.103,-45.441,-0.421,-0.124,0.218,-4.048,0.943,-8.431,0.000,0.000,0.000,0.000,0.000,0.000,7.185,-2.815,-9.549,-13.878
2026-01-26 13:02:20.053,17.742,4.001,-46.114,-1.376,-0.373,0.476,-4.383,0.785,-7.833,0.000,0.000,0.000,0.000,0.000,0.000,32.523,22.523,-26.486,-17.566
2026-01-26 13:02:20.074,13.765,3.423,-47.778,-3.333,-0.897,0.870,-4.015,0.541,-7.221,0.000,0.000,0.000,0.000,0.000,0.000,35.000,25.000,-30.000,-23.899
2026-01-26 13:02:20.095,4.738,1.518,-51.117,-6.579,-1.812,1.238,-2.670,-0.019,-7.044,0.000,0.000,0.000,0.000,0.000,0.000,35.000,25.000,-30.000,-25.535
2026-01-26 13:02:20.105,-2.270,-0.452,-53.370,-7.911,-2.255,1.385,-0.378,-0.598,-7.718,0.000,0.000,0.000,0.000,0.000,0.000,35.000,25.000,-30.000,-31.394
2026-01-26 13:02:20.116,-13.565,-4.635,-56.133,-8.372,-2.430,1.236,1.330,-0.799,-8.987,0.000,0.000,0.000,0.000,0.000,0.000,35.000,25.000,-30.000,-31.394
2026-01-26 13:02:20.146,-19.075,-6.155,-57.425,-7.004,-1.939,0.726,3.522,-0.598,-11.058,0.000,0.000,0.000,0.000,0.000,0.000,35.000,25.000,-30.000,-5.039
2026-01-26 13:02:20.167,-23.388,-7.429,-57.457,-3.909,-0.971,-0.130,5.498,-0.053,-12.346,0.000,0.000,0.000,0.000,0.000,0.000,35.000,25.000,-30.000,-5.039
2026-01-26 13:02:20.188,-23.188,-6.689,-56.688,-0.813,-0.076,-0.723,6.216,-0.526,-10.724,0.000,0.000,0.000,0.000,0.000,0.000,21.258,11.258,27.395,24.000
2026-01-26 13:02:20.229,-21.586,-5.510,-55.438,1.112,0.430,-0.581,6.034,-1.048,-9.039,0.000,0.000,0.000,0.000,0.000,0.000,-18.263,-28.263,30.000,7.765
2026-01-26 13:02:20.239,-20.514,-4.894,-54.723,0.807,0.245,-0.061,5.182,-1.704,-8.317,0.000,0.000,0.000,0.000,0.000,0.000,-23.378,-33.378,30.000,7.616
2026-01-26 13:02:20.250,-21.041,-5.214,-54.829,-0.317,-0.139,0.298,4.192,-1.890,-8.403,0.000,0.000,0.000,0.000,0.000,0.000,11.338,1.338,-14.693,-15.126
2026-01-26 13:02:20.291,-22.283,-5.845,-55.215,-1.059,-0.330,0.306,3.795,-1.115,-9.245,0.000,0.000,0.000,0.000,0.000,0.000,26.508,16.508,-18.844,-11.694
2026-01-26 13:02:20.353,-22.997,-6.181,-55.550,-0.665,-0.138,0.131,3.814,-0.536,-9.953,0.000,0.000,0.000,0.000,0.000,0.000,28.113,18.113,-18.688,-11.770
2026-01-26 13:02:20.404,-22.724,-6.040,-55.639,0.055,0.093,-0.002,3.589,-0.311,-9.810,0.000,0.000,0.000,0.000,0.000,0.000,3.897,-6.103,1.930,-7.802
2026-01-26 13:02:20.509,3.772,1.987,-45.479,10.850,2.657,-2.102,3.498,-0.024,-8.781,0.000,0.000,0.000,0.000,0.000,0.000,-25.000,-35.000,30.000,24.000
2026-01-26 13:02:20.529,12.976,3.626,-41.986,9.988,2.233,-1.289,1.354,-1.426,-6.977,0.000,0.000,0.000,0.000,0.000,0.000,-25.000,-35.000,30.000,15.559
2026-01-26 13:02:20.540,21.979,4.156,-39.161,6.229,0.892,-0.182,-2.603,-1.225,-5.718,0.000,0.000,0.000,0.000,0.000,0.000,-25.000,-35.000,17.283,-19.826
2026-01-26 13:02:20.561,23.648,3.921,-39.313,2.458,-0.164,0.587,-5.254,-0.703,-5.953,0.000,0.000,0.000,0.000,0.000,0.000,-25.000,-35.000,-26.751,-26.205
2026-01-26 13:02:20.571,22.786,3.529,-41.103,0.075,-0.598,0.541,-6.537,0.244,-6.771,0.000,0.000,0.000,0.000,0.000,0.000,3.496,-6.504,-30.000,-15.676
2026-01-26 13:02:20.592,22.476,3.522,-41.867,0.094,-0.229,0.172,-6.814,1.646,-7.216,0.000,0.000,0.000,0.000,0.000,0.000,2.016,-7.984,-8.685,-7.339
2026-01-26 13:02:20.613,23.354,3.896,-41.599,0.768,0.264,-0.087,-6.292,1.971,-7.575,0.000,0.000,0.000,0.000,0.000,0.000,-7.342,-17.342,4.316,-3.328
2026-01-26 13:02:20.623,23.722,4.091,-41.191,0.567,0.383,-0.142,-5.532,1.282,-8.207,0.000,0.000,0.000,0.000,0.000,0.000,-6.335,-16.335,13.331,-7.996
2026-01-26 13:02:20.633,23.342,4.205,-40.710,-0.095,0.231,-0.117,-4.780,0.943,-8.948,0.000,0.000,0.000,0.000,0.000,0.000,-2.180,-12.180,13.447,-8.113
2026-01-26 13:02:20.644,22.752,4.111,-40.437,-0.494,0.007,-0.044,-3.665,0.952,-9.877,0.000,0.000,0.000,0.000,0.000,0.000,14.883,4.883,1.899,-4.363
2026-01-26 13:02:20.654,22.109,3.912,-40.295,-0.423,-0.129,-0.046,-3.110,0.823,-9.604,0.000,0.000,0.000,0.000,0.000,0.000,17.458,7.458,-0.276,-2.187
2026-01-26 13:02:20.674,22.081,3.828,-40.173,-0.101,-0.086,-0.035,-3.206,0.785,-8.857,0.000,0.000,0.000,0.000,0.000,0.000,7.023,-2.977,-0.335,-2.895
2026-01-26 13:02:20.685,21.745,3.761,-40.270,-0.280,-0.127,0.219,-3.646,0.512,-7.589,0.000,0.000,0.000,0.000,0.000,0.000,11.454,1.454,-12.769,-13.279
2026-01-26 13:02:20.695,20.421,3.686,-40.969,-1.810,-0.493,0.788,-4.173,0.359,-6.106,0.000,0.000,0.000,0.000,0.000,0.000,35.000,25.000,-30.000,-27.646
2026-01-26 13:02:20.747,13.224,2.914,-44.370,-5.200,-1.312,1.578,-3.464,-0.029,-6.221,0.000,0.000,0.000,0.000,0.000,0.000,35.000,25.000,-30.000,-36.000
2026-01-26 13:02:20.788,0.064,-0.482,-48.691,-9.547,-2.354,1.985,-1.201,0.096,-9.666,0.000,0.000,0.000,0.000,0.000,0.000,35.000,25.000,-30.000,-36.000
2026-01-26 13:02:20.799,-9.416,-3.698,-52.821,-8.360,-2.813,1.343,-0.033,0.019,-12.394,0.000,0.000,0.000,0.000,0.000,0.000,35.000,25.000,-30.000,-29.732
2026-01-26 13:02:20.829,-13.159,-5.198,-53.637,-5.571,-1.993,0.368,1.689,1.134,-12.638,0.000,0.000,0.000,0.000,0.000,0.000,35.000,25.000,-30.000,9.278
2026-01-26 13:02:20.840,-13.810,-5.272,-53.165,-1.333,-0.548,-0.642,3.388,-0.412,-10.475,0.000,0.000,0.000,0.000,0.000,0.000,35.000,25.000,-30.000,6.451
2026-01-26 13:02:20.901,-12.580,-4.516,-51.575,0.438,0.059,-0.642,3.809,-0.660,-8.613,0.000,0.000,0.000,0.000,0.000,0.000,-3.755,-13.755,26.862,18.483
2026-01-26 13:02:21.055,-9.446,-2.665,-49.848,-0.097,-0.072,-0.130,1.838,-0.373,-9.723,0.000,0.000,0.000,0.000,0.000,0.000,6.935,-3.065,3.763,0.634
2026-01-26 13:02:21.086,-9.249,-2.552,-49.232,0.120,0.005,-0.172,1.804,-0.440,-9.723,0.000,0.000,0.000,0.000,0.000,0.000,2.517,-7.483,6.956,0.701
2026-01-26 13:02:21.107,-9.078,-2.457,-48.878,0.176,0.033,-0.172,1.397,-0.517,-9.580,0.000,0.000,0.000,0.000,0.000,0.000,1.475,-8.525,7.525,0.196
2026-01-26 13:02:21.117,-8.502,-2.144,-48.039,0.298,0.082,-0.416,1.086,-0.139,-9.910,0.000,0.000,0.000,0.000,0.000,0.000,-1.002,-11.002,19.235,9.940
2026-01-26 13:02:21.138,-7.055,-1.429,-46.964,1.028,0.374,-0.604,1.086,0.206,-10.302,0.000,0.000,0.000,0.000,0.000,0.000,-8.554,-18.554,21.473,5.806
2026-01-26 13:02:21.180,-5.839,-0.851,-45.914,1.291,0.474,-0.604,1.503,0.416,-9.934,0.000,0.000,0.000,0.000,0.000,0.000,-20.817,-30.817,30.000,8.682
2026-01-26 13:02:21.200,-4.089,-0.232,-44.163,1.597,0.496,-0.538,0.895,0.234,-9.934,0.000,0.000,0.000,0.000,0.000,0.000,-25.000,-35.000,30.000,5.287
2026-01-26 13:02:21.211,-2.553,0.220,-42.629,1.115,0.229,-0.453,0.244,0.292,-9.618,0.000,0.000,0.000,0.000,0.000,0.000,-22.750,-32.750,28.767,8.312
2026-01-26 13:02:21.221,-1.932,0.303,-41.837,0.910,0.129,-0.453,-0.129,0.120,-9.848,0.000,0.000,0.000,0.000,0.000,0.000,-13.196,-23.196,20.691,9.528
2026-01-26 13:02:21.242,-1.323,0.335,-40.944,0.625,0.066,-0.322,-0.211,-0.029,-9.848,0.000,0.000,0.000,0.000,0.000,0.000,-7.407,-17.407,13.957,5.381
2026-01-26 13:02:21.252,-0.792,0.355,-40.146,0.415,-0.010,-0.272,-0.211,-0.024,-9.671,0.000,0.000,0.000,0.000,0.000,0.000,-4.918,-14.918,13.068,6.669
2026-01-26 13:02:21.294,-0.521,0.333,-39.472,0.355,-0.025,-0.272,-0.201,-0.124,-9.604,0.000,0.000,0.000,0.000,0.000,0.000,-2.093,-12.093,10.369,5.363
2026-01-26 13:02:21.409,-0.202,0.548,-38.324,-0.173,0.108,0.087,-0.828,0.373,-10.221,0.000,0.000,0.000,0.000,0.000,0.000,8.463,-1.537,-1.312,-11.634
2026-01-26 13:02:21.419,-0.261,0.783,-38.312,-0.043,0.150,0.004,-0.924,0.316,-10.221,0.000,0.000,0.000,0.000,0.000,0.000,5.731,-4.269,3.016,-8.984
2026-01-26 13:02:21.440,-0.242,0.912,-38.260,-0.007,0.149,0.004,-0.751,0.325,-9.996,0.000,0.000,0.000,0.000,0.000,0.000,5.133,-4.867,2.823,-9.122
2026-01-26 13:02:21.451,-0.466,1.020,-38.003,-0.127,0.098,-0.047,-0.321,0.498,-9.996,0.000,0.000,0.000,0.000,0.000,0.000,7.576,-2.424,3.765,-6.111
2026-01-26 13:02:21.461,-0.733,1.017,-37.866,-0.287,0.018,-0.047,0.234,0.699,-9.929,0.000,0.000,0.000,0.000,0.000,0.000,10.747,0.747,2.236,-4.486
2026-01-26 13:02:21.492,-1.322,0.905,-37.717,-0.434,-0.077,-0.018,0.660,0.522,-9.929,0.000,0.000,0.000,0.000,0.000,0.000,13.731,3.731,-0.849,-3.702
2026-01-26 13:02:21.502,-1.628,0.831,-37.629,-0.392,-0.093,-0.016,0.713,0.263,-9.743,0.000,0.000,0.000,0.000,0.000,0.000,12.842,2.842,-1.216,-3.506
2026-01-26 13:02:21.523,-1.880,0.817,-37.507,-0.239,-0.045,-0.021,0.526,0.100,-9.700,0.000,0.000,0.000,0.000,0.000,0.000,9.729,-0.271,-0.055,-4.283
2026-01-26 13:02:21.523,-1.982,0.874,-37.572,-0.124,0.038,0.129,0.526,0.100,-9.551,0.000,0.000,0.000,0.000,0.000,0.000,7.570,-2.430,-1.195,-7.702
2026-01-26 13:02:21.533,-2.116,0.912,-37.820,-0.121,0.057,0.129,0.311,0.081,-9.365,0.000,0.000,0.000,0.000,0.000,0.000,7.428,-2.572,-4.046,-12.309
2026-01-26 13:02:21.554,-2.324,0.983,-38.201,-0.148,0.050,0.187,0.033,0.301,-9.365,0.000,0.000,0.000,0.000,0.000,0.000,7.979,-2.021,-6.482,-14.475
2026-01-26 13:02:21.575,-2.598,1.036,-38.621,-0.223,0.060,0.247,0.033,0.301,-9.546,0.000,0.000,0.000,0.000,0.000,0.000,9.529,-0.471,-7.005,-15.230
2026-01-26 13:02:21.585,-2.848,1.050,-39.177,-0.220,0.064,0.247,-0.718,0.967,-9.451,0.000,0.000,0.000,0.000,0.000,0.000,9.406,-0.594,-8.588,-17.141
2026-01-26 13:02:21.595,-2.883,1.184,-40.165,-0.312,0.108,0.394,0.770,0.574,-9.451,0.000,0.000,0.000,0.000,0.000,0.000,11.269,1.269,-13.596,-23.936
2026-01-26 13:02:21.626,-1.357,1.339,-42.309,1.030,0.057,1.095,-0.354,1.699,-9.561,0.000,0.000,0.000,0.000,0.000,0.000,-6.528,-16.528,-22.769,-32.020
2026-01-26 13:02:21.668,-0.488,1.221,-43.607,1.370,0.038,1.095,-0.397,0.239,-10.446,0.000,0.000,0.000,0.000,0.000,0.000,-22.409,-32.409,-30.000,-36.000
2026-01-26 13:02:21.700,0.501,0.454,-46.952,0.896,-0.420,1.228,0.368,-0.536,-10.518,0.000,0.000,0.000,0.000,0.000,0.000,-12.930,-22.930,-30.000,-36.000
2026-01-26 13:02:21.731,0.781,-0.488,-49.224,0.398,-0.822,1.067,0.708,-0.675,-10.518,0.000,0.000,0.000,0.000,0.000,0.000,-2.786,-12.786,-30.000,-32.103
2026-01-26 13:02:21.731,0.828,-1.194,-50.659,0.134,-0.857,0.858,0.325,-1.273,-10.111,0.000,0.000,0.000,0.000,0.000,0.000,2.322,-7.678,-30.000,-23.166
2026-01-26 13:02:21.741,0.605,-1.763,-51.916,-0.104,-0.562,0.542,-0.120,-1.426,-10.111,0.000,0.000,0.000,0.000,0.000,0.000,7.155,-2.845,-30.000,-16.555
2026-01-26 13:02:21.751,0.232,-1.755,-51.905,-0.256,0.028,-0.186,-0.292,-0.608,-9.781,0.000,0.000,0.000,0.000,0.000,0.000,9.672,-0.328,-9.409,-8.479
2026-01-26 13:02:21.761,-0.015,-1.557,-51.438,-0.273,0.179,-0.186,-0.148,-0.096,-10.020,0.000,0.000,0.000,0.000,0.000,0.000,10.468,0.468,11.010,-2.139
2026-01-26 13:02:21.792,-0.519,-1.009,-50.301,-0.321,0.364,-0.401,0.244,-0.215,-10.020,0.000,0.000,0.000,0.000,0.000,0.000,11.442,1.442,23.376,2.667
