packet_timestamp,statemachine,angle_roll,angle_pitch,angle_yaw,gyro_x,gyro_y,gyro_z,acc_x,acc_y,acc_z,rudder1,rudder2,rudder3,rudder4
13105,16,3.284,-11.378,82.052,-0.064,-0.027,0.145,-0.718,-2.105,-9.767,-9.790,9.790,18.107,39.797
13106,16,3.269,-11.392,81.968,-0.064,-0.027,0.145,-0.880,-2.153,-9.757,-9.765,9.765,18.137,39.767
13107,16,3.237,-11.424,81.838,-0.069,-0.043,0.154,-0.880,-2.153,-9.757,-9.839,9.839,18.148,40.212
13108,16,3.221,-11.450,81.752,-0.069,-0.043,0.154,-0.943,-2.096,-9.757,-9.782,9.782,18.217,40.143
13109,16,3.211,-11.465,81.707,-0.069,-0.050,0.147,-0.943,-2.096,-9.762,-9.675,9.675,18.527,40.046
13110,16,3.192,-11.490,81.621,-0.069,-0.050,0.147,-0.986,-2.105,-9.714,-9.644,9.644,18.563,40.010
13111,16,3.166,-11.539,81.520,-0.069,-0.060,0.115,-0.986,-2.105,-9.714,-9.239,9.239,19.506,39.341
13112,16,3.139,-11.582,81.459,-0.069,-0.060,0.115,-0.957,-2.201,-9.714,-9.165,9.165,19.594,39.253
13113,16,3.123,-11.608,81.432,-0.091,-0.089,0.081,-0.957,-2.201,-9.566,-8.609,8.609,20.900,38.799
13114,16,3.090,-11.657,81.382,-0.091,-0.089,0.081,-0.986,-2.306,-9.436,-8.557,8.557,20.962,38.737
13115,16,3.081,-11.754,81.329,-0.040,-0.109,0.049,-0.986,-2.306,-9.436,-8.436,8.436,21.998,38.250
13116,16,3.092,-11.825,81.301,-0.040,-0.109,0.049,-1.019,-2.402,-9.436,-8.437,8.437,21.990,38.257
13117,16,3.108,-11.861,81.288,0.025,-0.123,0.020,-1.019,-2.402,-9.508,-8.438,8.438,22.861,37.782
13118,16,3.134,-11.936,81.267,0.025,-0.123,0.020,-1.062,-2.440,-9.489,-8.495,8.495,22.786,37.857
13119,16,3.179,-12.052,81.258,0.031,-0.127,-0.015,-1.062,-2.440,-9.489,-8.179,8.179,23.608,37.157
13120,16,3.211,-12.122,81.273,0.031,-0.127,-0.015,-1.038,-2.421,-9.489,-8.255,8.255,23.507,37.258
13121,16,3.226,-12.151,81.290,0.049,-0.089,-0.082,-1.038,-2.421,-9.518,-7.539,7.539,24.610,35.089
13122,16,3.260,-12.212,81.324,0.049,-0.089,-0.082,-1.038,-2.421,-9.518,-7.609,7.609,24.519,35.181
13123,16,3.297,-12.284,81.419,0.051,-0.051,-0.158,-0.957,-2.440,-9.637,-7.672,7.672,24.437,35.262
13124,16,3.320,-12.326,81.495,0.051,-0.051,-0.158,-0.957,-2.440,-9.637,-6.801,6.801,25.696,32.907
13125,16,3.313,-12.350,81.548,-0.010,-0.062,-0.209,-0.756,-2.417,-9.618,-5.851,5.851,27.135,31.773
13126,16,3.295,-12.399,81.655,-0.010,-0.062,-0.209,-0.756,-2.417,-9.618,-5.826,5.826,27.164,31.745
13127,16,3.260,-12.492,81.833,-0.011,-0.089,-0.240,-0.632,-2.460,-9.566,-5.827,5.827,27.160,31.748
13128,16,3.236,-12.556,81.952,-0.011,-0.089,-0.240,-0.632,-2.460,-9.566,-5.354,5.354,28.424,31.275
13129,16,3.242,-12.592,82.013,0.064,-0.094,-0.246,-0.483,-2.455,-9.503,-5.664,5.664,28.622,31.199
13130,16,3.258,-12.658,82.139,0.064,-0.094,-0.246,-0.483,-2.455,-9.503,-5.703,5.703,28.569,31.252
13131,16,3.285,-12.738,82.325,0.075,-0.052,-0.241,-0.435,-2.330,-9.503,-5.752,5.752,28.505,31.317
13132,16,3.303,-12.784,82.453,0.075,-0.052,-0.241,-0.435,-2.330,-9.503,-5.927,5.927,27.705,30.930
13133,16,3.316,-12.785,82.517,0.095,0.020,-0.246,-0.345,-2.134,-9.465,-5.985,5.985,26.773,29.791
13134,16,3.343,-12.789,82.653,0.095,0.020,-0.246,-0.345,-2.134,-9.465,-6.036,6.036,26.710,29.855
13135,16,3.370,-12.749,82.853,0.076,0.093,-0.235,-0.306,-1.991,-9.307,-6.042,6.042,26.702,29.863
13136,16,3.382,-12.707,82.991,0.076,0.093,-0.235,-0.306,-1.991,-9.307,-6.129,6.129,25.342,29.153
13137,16,3.404,-12.659,83.052,0.123,0.175,-0.212,-0.278,-1.976,-9.073,-6.690,6.690,23.546,28.605
13138,16,3.447,-12.573,83.175,0.123,0.175,-0.212,-0.278,-1.976,-9.073,-6.753,6.753,23.471,28.680
13139,16,3.597,-12.386,83.357,0.279,0.267,-0.191,-0.301,-1.909,-8.819,-6.777,6.777,23.444,28.707
13140,16,3.659,-12.320,83.478,0.279,0.267,-0.191,-0.301,-1.909,-8.819,-8.142,8.142,21.203,28.300
13141,16,3.851,-12.155,83.531,0.486,0.326,-0.183,-0.373,-1.847,-8.838,-9.582,9.582,19.797,28.032
13142,16,4.097,-11.981,83.648,0.486,0.326,-0.183,-0.373,-1.847,-8.838,-9.988,9.988,19.300,28.530
13143,16,4.514,-11.721,83.795,0.564,0.330,-0.137,-0.608,-1.799,-8.948,-10.261,10.261,18.962,28.867
13144,16,4.693,-11.667,83.891,0.564,0.330,-0.137,-0.608,-1.799,-8.948,-11.941,11.941,16.879,30.829
13145,16,4.985,-11.457,83.913,0.656,0.317,-0.087,-0.909,-1.828,-9.068,-13.496,13.496,15.246,32.827
13146,16,5.335,-11.286,83.975,0.656,0.317,-0.087,-0.909,-1.828,-9.068,-14.066,14.066,14.551,33.522
13147,16,5.937,-11.021,84.031,0.778,0.334,-0.031,-1.196,-1.895,-9.422,-14.494,14.494,14.021,34.052
13148,16,6.220,-10.993,84.067,0.778,0.334,-0.031,-1.196,-1.895,-9.422,-16.835,16.835,11.117,36.469
13149,16,6.549,-10.737,84.053,0.669,0.365,0.049,-1.249,-1.809,-9.709,-17.777,17.777,8.102,38.601
13150,16,6.917,-10.534,84.041,0.669,0.365,0.049,-1.249,-1.809,-9.709,-18.341,18.341,7.428,39.275
13151,16,7.433,-10.211,83.999,0.591,0.394,0.083,-1.168,-1.828,-9.455,-18.693,18.693,7.002,39.702
13152,16,7.630,-10.130,83.969,0.591,0.394,0.083,-1.168,-1.828,-9.455,-19.446,19.446,4.899,40.983
13153,16,8.014,-9.888,83.967,0.925,0.373,0.029,-1.297,-1.967,-9.130,-20.989,20.989,5.911,40.579
13154,16,8.525,-9.685,83.966,0.925,0.373,0.029,-1.297,-1.967,-9.130,-21.760,21.760,4.994,41.496
13155,16,9.642,-9.386,84.023,1.563,0.385,-0.064,-1.641,-2.048,-9.326,-22.516,22.516,4.059,42.432
13156,16,10.257,-9.460,84.077,1.563,0.385,-0.064,-1.641,-2.048,-9.326,-26.534,26.534,3.828,42.328
13157,16,11.031,-9.078,84.123,1.924,0.454,-0.081,-2.144,-1.699,-9.570,-29.196,29.196,2.033,42.144
13158,16,12.092,-8.848,84.203,1.924,0.454,-0.081,-2.144,-1.699,-9.570,-30.578,30.578,0.172,44.006
13159,16,13.520,-8.480,84.285,1.638,0.480,0.017,-2.527,-1.287,-9.594,-31.275,31.275,-1.224,45.401
13160,16,14.151,-8.518,84.309,1.638,0.480,0.017,-2.527,-1.287,-9.594,-32.169,32.169,-6.247,49.663
13161,16,14.760,-8.108,84.317,1.250,0.405,0.104,-2.641,-1.349,-9.173,-31.678,31.678,-8.072,53.649
13162,16,15.444,-7.883,84.306,1.250,0.405,0.104,-2.641,-1.349,-9.173,-32.184,32.184,-9.083,54.660
13163,16,16.576,-7.579,84.303,1.444,0.353,0.077,-3.158,-1.426,-9.130,-32.658,32.658,-10.031,55.609
13164,16,17.149,-7.635,84.284,1.444,0.353,0.077,-3.158,-1.426,-9.130,-34.193,34.193,-10.406,57.475
13165,16,17.781,-7.319,84.315,1.492,0.267,0.028,-3.493,-1.292,-9.331,-34.189,34.189,-8.702,58.206
13166,16,18.597,-7.182,84.335,1.492,0.267,0.028,-3.493,-1.292,-9.331,-34.807,34.807,-9.939,59.442
13167,16,19.600,-7.008,84.413,1.104,0.233,-0.058,-3.732,-0.809,-9.446,-35.297,35.297,-10.917,60.420
13168,16,20.034,-7.084,84.461,1.104,0.233,-0.058,-3.732,-0.809,-9.446,-32.946,32.946,-9.616,60.094
13169,16,20.340,-6.837,84.551,0.591,0.317,-0.142,-3.819,-0.579,-9.738,-29.429,29.429,-8.909,56.982
13170,16,20.633,-6.702,84.687,0.591,0.317,-0.142,-3.819,-0.579,-9.738,-29.582,29.582,-9.216,57.289
13171,16,20.747,-6.447,84.928,0.015,0.418,-0.157,-4.063,-0.617,-10.212,-29.577,29.577,-9.206,57.279
13172,16,20.667,-6.310,85.089,0.015,0.418,-0.157,-4.063,-0.617,-10.212,-26.291,26.291,-9.828,55.040
13173,16,20.519,-6.138,85.158,-0.635,0.469,-0.048,-4.082,-0.435,-10.709,-24.173,24.173,-12.819,56.570
13174,16,20.132,-5.895,85.281,-0.635,0.469,-0.048,-4.082,-0.435,-10.709,-23.711,23.711,-11.895,55.646
13175,16,19.095,-5.512,85.364,-1.452,0.436,0.126,-3.637,-0.368,-11.044,-23.096,23.096,-10.666,54.417
13176,16,18.385,-5.118,85.395,-1.452,0.436,0.126,-3.637,-0.368,-11.044,-19.944,19.944,-12.061,56.755
13177,16,17.696,-5.110,85.353,-1.990,0.430,0.245,-2.981,-0.163,-11.020,-18.192,18.192,-13.860,58.707
13178,16,16.566,-4.832,85.299,-1.990,0.430,0.245,-2.981,-0.163,-11.020,-17.140,17.140,-11.757,56.603
13179,16,14.676,-4.355,85.151,-2.358,0.497,0.363,-2.378,-0.144,-10.944,-16.084,16.084,-9.643,54.490
13180,16,13.576,-3.783,85.047,-2.358,0.497,0.363,-2.378,-0.144,-10.944,-13.904,13.904,-9.928,52.857
13181,16,12.590,-3.827,84.931,-2.721,0.592,0.477,-1.900,0.124,-11.011,-12.750,12.750,-12.596,52.817
13182,16,11.069,-3.438,84.741,-2.721,0.592,0.477,-1.900,0.124,-11.011,-10.491,10.491,-9.884,50.105
13183,16,8.472,-2.768,84.363,-3.293,0.732,0.630,-1.364,0.182,-10.714,-8.311,8.311,-7.241,47.462
13184,16,6.943,-1.965,84.086,-3.293,0.732,0.630,-1.364,0.182,-10.714,-3.382,3.382,-8.407,44.640
13185,16,5.681,-2.025,83.897,-3.453,0.885,0.730,-0.627,0.072,-10.436,-2.133,2.133,-11.174,43.025
13186,16,3.766,-1.487,83.527,-3.453,0.885,0.730,-0.627,0.072,-10.436,0.555,-0.555,-8.076,39.927
13187,16,1.035,-0.667,82.936,-3.206,0.952,0.734,0.215,0.187,-9.982,2.764,-2.764,-5.542,37.392
13188,16,-0.479,0.164,82.513,-3.206,0.952,0.734,0.215,0.187,-9.982,4.977,-4.977,-2.696,32.629
13189,16,-1.572,0.125,82.293,-3.046,0.900,0.752,0.885,0.100,-9.604,5.362,-5.362,-0.832,32.256
13190,16,-3.255,0.613,81.836,-3.046,0.900,0.752,0.885,0.100,-9.604,7.483,-7.483,1.489,29.936
13191,16,-5.647,1.233,81.123,-2.806,0.755,0.764,1.402,0.230,-9.412,9.137,-9.137,3.245,28.179
13192,16,-6.972,1.868,80.615,-2.806,0.755,0.764,1.402,0.230,-9.412,10.572,-10.572,7.971,27.593
13193,16,-7.846,1.737,80.388,-2.354,0.601,0.746,1.756,0.163,-9.101,9.642,-9.642,11.839,28.138
13194,16,-9.140,2.000,79.898,-2.354,0.601,0.746,1.756,0.163,-9.101,11.148,-11.148,13.415,26.562
13195,16,-10.834,2.282,79.200,-1.912,0.430,0.698,1.995,0.388,-9.226,12.221,-12.221,14.482,25.495
13196,16,-11.718,2.627,78.724,-1.912,0.430,0.698,1.995,0.388,-9.226,12.416,-12.416,19.987,24.860
13197,16,-12.288,2.461,78.547,-1.516,0.273,0.614,2.321,0.785,-9.403,12.226,-12.226,25.168,24.184
13198,16,-13.108,2.526,78.155,-1.516,0.273,0.614,2.321,0.785,-9.403,13.170,-13.170,26.150,23.201
13199,16,-14.192,2.515,77.648,-1.254,0.070,0.527,2.464,0.818,-9.436,13.628,-13.628,26.773,22.579
13200,16,-14.743,2.640,77.354,-1.254,0.070,0.527,2.464,0.818,-9.436,14.055,-14.055,33.139,21.995
13201,16,-15.147,2.414,77.203,-1.057,-0.067,0.486,2.617,0.388,-9.298,13.929,-13.929,36.821,22.239
13202,16,-15.708,2.299,76.935,-1.057,-0.067,0.486,2.617,0.388,-9.298,14.325,-14.325,37.612,21.449
13203,16,-16.419,2.084,76.586,-0.821,-0.162,0.427,2.876,0.301,-9.116,14.551,-14.551,38.064,20.996
13204,16,-16.743,2.069,76.383,-0.821,-0.162,0.427,2.876,0.301,-9.116,14.622,-14.622,41.915,19.854
13205,16,-16.982,1.829,76.288,-0.539,-0.229,0.363,2.986,0.148,-9.068,14.267,-14.267,44.987,18.700
13206,16,-17.254,1.643,76.121,-0.539,-0.229,0.363,2.986,0.148,-9.068,14.523,-14.523,45.500,18.187
13207,16,-17.471,1.342,75.900,-0.197,-0.277,0.329,3.019,-0.206,-8.987,14.648,-14.648,45.749,17.937
13208,16,-17.498,1.213,75.781,-0.197,-0.277,0.329,3.019,-0.206,-8.987,13.597,-13.597,47.751,17.305
13209,16,-17.509,1.023,75.707,0.100,-0.320,0.294,3.010,-0.340,-8.886,12.648,-12.648,49.435,16.839
13210,16,-17.428,0.794,75.593,0.100,-0.320,0.294,3.010,-0.340,-8.886,12.705,-12.705,49.549,16.725
13211,16,-17.097,0.446,75.468,0.473,-0.360,0.231,2.962,-0.493,-8.666,12.692,-12.692,49.522,16.752
13212,16,-16.814,0.212,75.426,0.473,-0.360,0.231,2.962,-0.493,-8.666,11.498,-11.498,51.441,15.989
13213,16,-16.514,0.074,75.396,1.008,-0.444,0.132,2.718,-0.723,-8.422,9.926,-9.926,54.847,14.988
13214,16,-15.931,-0.195,75.392,1.008,-0.444,0.132,2.718,-0.723,-8.422,9.653,-9.653,54.301,15.534
13215,16,-14.724,-0.652,75.480,1.604,-0.576,-0.011,2.589,-0.770,-8.269,9.386,-9.386,53.766,16.068
13216,16,-13.903,-1.087,75.598,1.604,-0.576,-0.011,2.589,-0.770,-8.269,7.416,-7.416,57.679,15.930
13217,16,-13.143,-1.172,75.678,2.371,-0.758,-0.213,2.287,-0.833,-8.254,5.597,-5.597,64.313,14.501
13236,16,14.572,-12.631,80.653,0.343,-0.052,-0.126,-2.531,-2.067,-10.145,-26.444,26.444,-0.140,58.774
13237,16,14.606,-12.543,80.721,0.118,0.196,-0.052,-2.531,-2.254,-9.881,-26.226,26.226,-5.499,57.042
13238,16,14.615,-12.422,80.807,0.118,0.196,-0.052,-2.531,-2.254,-9.881,-26.169,26.169,-5.384,56.927
13263,16,-10.311,-0.089,76.964,-2.264,1.179,0.263,1.857,-0.110,-9.599,19.635,-19.635,14.314,2.045
13264,16,-11.460,0.615,76.658,-2.264,1.179,0.263,1.857,-0.110,-9.599,20.058,-20.058,21.107,2.343
13265,16,-12.020,0.722,76.513,-1.780,0.887,0.231,2.283,0.187,-9.537,18.695,-18.695,26.766,5.024
13266,16,-12.977,1.152,76.237,-1.780,0.887,0.231,2.283,0.187,-9.537,19.695,-19.695,27.745,4.045
13267,16,-14.193,1.633,75.876,-1.383,0.588,0.187,2.689,0.450,-9.446,20.167,-20.167,28.428,3.362
13268,16,-14.868,1.987,75.650,-1.383,0.588,0.187,2.689,0.450,-9.446,19.286,-19.286,34.916,5.426
13269,16,-15.174,1.950,75.587,-0.942,0.258,0.114,3.000,0.651,-9.336,18.209,-18.209,41.889,7.889
13270,16,-15.664,2.048,75.459,-0.942,0.258,0.114,3.000,0.651,-9.336,18.475,-18.475,42.422,7.355
13271,16,-16.084,2.014,75.350,-0.383,-0.092,0.063,3.134,0.502,-9.288,18.619,-18.619,42.709,7.068
13272,16,-16.214,2.004,75.305,-0.383,-0.092,0.063,3.134,0.502,-9.288,16.686,-16.686,49.418,10.342
13273,16,-16.238,1.821,75.317,0.020,-0.379,0.054,3.254,0.388,-9.188,14.870,-14.870,53.931,14.047
13274,16,-16.190,1.589,75.332,0.020,-0.379,0.054,3.254,0.388,-9.188,14.941,-14.941,54.074,13.904
13275,16,-15.883,1.161,75.392,0.455,-0.544,0.049,3.311,0.268,-8.958,14.928,-14.928,54.047,13.931
13276,16,-15.581,0.880,75.448,0.455,-0.544,0.049,3.311,0.268,-8.958,12.750,-12.750,56.397,16.299
13277,16,-15.344,0.679,75.475,0.888,-0.592,0.032,3.158,-0.091,-8.781,10.725,-10.725,57.367,16.698
13278,16,-14.827,0.346,75.543,0.888,-0.592,0.032,3.158,-0.091,-8.781,10.520,-10.520,56.957,17.109
13279,16,-13.824,-0.180,75.663,1.307,-0.639,0.005,2.785,-0.340,-8.690,10.298,-10.298,56.514,17.552
13280,16,-13.137,-0.596,75.767,1.307,-0.639,0.005,2.785,-0.340,-8.690,7.966,-7.966,56.705,18.700
13281,16,-12.609,-0.714,75.828,1.693,-0.672,-0.130,2.383,-0.435,-8.451,7.190,-7.190,59.897,16.451
13282,16,-11.660,-1.072,75.986,1.693,-0.672,-0.130,2.383,-0.435,-8.451,6.113,-6.113,58.781,17.567
13283,16,-9.893,-1.652,76.345,2.318,-0.781,-0.357,1.904,-0.421,-8.355,5.058,-5.058,57.720,18.628
13284,16,-8.748,-2.236,76.616,2.318,-0.781,-0.357,1.904,-0.421,-8.355,2.374,-2.374,62.344,17.108
13289,16,-0.698,-4.905,78.630,3.577,-1.364,-0.805,-0.737,-1.665,-8.259,-9.285,9.285,69.402,26.700
13290,16,1.750,-5.833,79.264,4.494,-1.627,-1.111,-0.737,-1.665,-8.259,-13.741,13.741,76.429,27.190
13291,16,5.602,-7.314,80.216,4.494,-1.627,-1.395,-0.737,-1.665,-8.259,-17.251,17.251,72.172,31.447
13300,16,23.317,-15.825,82.787,1.372,-0.983,-0.029,-4.154,-2.689,-10.355,-41.501,41.501,-6.663,91.899
13315,16,7.311,-6.462,78.238,-4.700,2.436,0.767,-2.306,-1.373,-8.958,-7.782,7.782,-51.272,38.807
13316,16,4.795,-4.626,78.102,-4.739,2.991,0.767,-1.512,-1.110,-9.015,4.570,-4.570,-41.595,13.273
13317,16,3.377,-3.897,77.775,-4.739,2.991,0.767,-0.412,-0.636,-9.116,6.744,-6.744,-39.001,10.679
13318,16,0.867,-2.149,77.530,-4.535,3.119,0.462,-0.412,-0.636,-9.116,13.202,-13.202,-28.907,-3.067
13319,16,-2.739,0.362,77.096,-4.535,3.119,0.136,-0.412,-0.636,-9.116,16.456,-16.456,-25.245,-6.729
13320,16,-4.895,1.977,76.852,-3.988,2.858,0.136,0.349,0.172,-9.331,21.759,-21.759,-9.166,-15.351
13321,16,-6.038,2.698,76.688,-3.988,2.858,0.136,1.144,0.493,-9.388,23.016,-23.016,-7.898,-16.619
13322,16,-7.752,3.911,76.529,-3.144,2.242,-0.129,1.144,0.493,-9.388,23.862,-23.862,9.207,-16.132
13323,16,-10.008,5.481,76.297,-3.144,2.242,-0.275,1.144,0.493,-9.388,25.438,-25.438,10.605,-17.530
13324,16,-11.062,6.242,76.177,-2.050,1.378,-0.275,2.120,0.809,-9.379,23.246,-23.246,27.819,-10.060
13325,16,-11.641,6.580,76.179,-2.050,1.378,-0.275,2.613,1.397,-9.460,23.754,-23.754,28.237,-10.479
13326,16,-11.965,6.801,76.279,-0.745,0.425,-0.403,2.613,1.397,-9.460,19.095,-19.095,45.260,-0.261
13327,16,-12.177,6.910,76.482,-0.745,0.425,-0.392,2.613,1.397,-9.460,19.354,-19.354,45.450,-0.452
13328,16,-11.917,6.702,76.665,0.263,-0.402,-0.392,2.536,1.258,-9.786,13.907,-13.907,56.813,11.804
13329,16,-11.821,6.576,76.793,0.263,-0.402,-0.392,2.613,1.134,-9.853,13.848,-13.848,56.788,11.829
13330,16,-11.216,6.080,76.994,0.929,-0.875,-0.275,2.613,1.134,-9.853,8.575,-8.575,60.264,21.866
13331,16,-10.215,5.260,77.288,0.929,-0.875,-0.187,2.613,1.134,-9.853,8.081,-8.081,59.883,22.248
13332,16,-9.397,4.613,77.474,1.346,-1.162,-0.187,2.216,1.029,-9.934,3.840,-3.840,60.938,29.411
13333,16,-9.003,4.278,77.557,1.346,-1.162,-0.187,1.857,0.555,-10.192,3.487,-3.487,60.639,29.710
13334,16,-8.040,3.528,77.716,1.644,-1.334,-0.136,1.857,0.555,-10.192,0.449,-0.449,60.993,34.256
13335,16,-6.498,2.382,77.947,1.644,-1.334,-0.166,1.857,0.555,-10.192,-0.490,0.490,60.118,35.131
13336,16,-5.368,1.554,78.104,2.044,-1.404,-0.166,1.464,0.201,-9.939,-3.968,3.968,60.036,37.221
13337,16,-4.753,1.202,78.182,2.044,-1.404,-0.166,1.062,0.029,-9.508,-4.674,4.674,59.303,37.955
13338,16,-3.388,0.367,78.398,2.413,-1.497,-0.293,1.062,0.029,-9.508,-6.547,6.547,62.091,37.815
13339,16,-1.241,-0.927,78.742,2.413,-1.497,-0.459,1.062,0.029,-9.508,-8.134,8.134,60.374,39.532
13340,16,0.246,-1.955,78.950,2.842,-1.644,-0.459,0.345,-0.402,-9.015,-11.309,11.309,63.147,40.959
13341,16,1.124,-2.308,79.137,2.842,-1.644,-0.459,-0.440,-1.163,-8.872,-12.525,12.525,61.755,42.351
13342,16,2.957,-3.345,79.458,3.312,-1.826,-0.621,-0.440,-1.163,-8.872,-15.496,15.496,65.321,43.990
13343,16,5.745,-4.923,79.899,3.312,-1.826,-0.687,-0.440,-1.163,-8.872,-18.123,18.123,62.181,47.130
13344,16,7.529,-6.152,80.042,3.521,-1.856,-0.687,-1.335,-1.215,-9.226,-22.998,22.998,58.588,51.574
13345,16,8.633,-6.541,80.305,3.521,-1.856,-0.687,-2.053,-1.115,-9.886,-24.800,24.800,56.390,53.773
13346,16,10.301,-7.520,80.529,3.073,-1.676,-0.650,-2.053,-1.115,-9.886,-25.970,25.970,49.208,55.811
13347,16,12.615,-8.900,80.805,3.073,-1.676,-0.532,-2.053,-1.115,-9.886,-28.886,28.886,45.469,59.550
13348,16,13.827,-9.796,80.945,2.416,-1.373,-0.532,-2.493,-0.943,-9.810,-29.511,29.511,33.327,63.048
13349,16,14.556,-10.098,81.016,2.416,-1.373,-0.532,-2.833,-1.302,-9.542,-30.372,30.372,31.604,64.771
13350,16,15.295,-10.697,81.072,1.418,-1.064,-0.328,-2.833,-1.302,-9.542,-28.966,28.966,20.020,67.529
13351,16,16.161,-11.457,81.124,1.418,-1.064,-0.130,-2.833,-1.302,-9.542,-30.021,30.021,17.911,69.638
13352,16,16.431,-11.745,81.098,0.523,-0.632,-0.130,-2.704,-1.546,-9.427,-28.699,28.699,5.428,69.763
13353,16,16.530,-11.951,81.131,0.523,-0.632,-0.130,-2.665,-1.660,-9.288,-28.923,28.923,4.981,70.210
13354,16,16.507,-11.996,81.167,0.052,-0.140,-0.039,-2.665,-1.660,-9.288,-27.704,27.704,-4.321,65.451
13355,16,16.388,-11.964,81.231,0.052,-0.140,0.023,-2.665,-1.660,-9.288,-27.720,27.720,-4.353,65.483
13356,16,16.194,-11.807,81.297,-0.267,0.225,0.023,-2.699,-1.694,-9.135,-26.462,26.462,-10.238,60.958
13357,16,16.095,-11.727,81.320,-0.267,0.225,0.023,-2.598,-1.660,-9.010,-26.315,26.315,-9.943,60.664
13358,16,15.813,-11.443,81.391,-0.421,0.451,0.052,-2.598,-1.660,-9.010,-25.459,25.459,-12.992,57.260
13359,16,15.402,-10.997,81.505,-0.421,0.451,0.056,-2.598,-1.660,-9.010,-25.026,25.026,-12.127,56.395
13360,16,15.105,-10.696,81.579,-0.415,0.556,0.056,-2.402,-1.531,-8.915,-24.418,24.418,-12.362,53.618
13361,16,15.003,-10.496,81.619,-0.415,0.556,0.056,-2.373,-1.378,-9.144,-24.210,24.210,-11.947,53.203
13362,16,14.737,-10.175,81.695,-0.421,0.540,0.045,-2.373,-1.378,-9.144,-23.608,23.608,-10.567,52.279
13363,16,14.350,-9.712,81.802,-0.421,0.540,0.049,-2.373,-1.378,-9.144,-23.180,23.180,-9.712,51.424
13364,16,14.085,-9.446,81.861,-0.395,0.493,0.049,-2.407,-1.335,-9.451,-22.790,22.790,-8.006,51.057
13365,16,13.988,-9.275,81.889,-0.395,0.493,0.049,-2.393,-1.354,-9.647,-22.613,22.613,-7.653,50.704
13366,16,13.734,-9.008,81.918,-0.432,0.444,0.085,-2.393,-1.354,-9.647,-22.510,22.510,-7.119,51.570
13367,16,13.350,-8.619,81.947,-0.432,0.444,0.112,-2.393,-1.354,-9.647,-22.143,22.143,-6.385,50.836
13368,16,13.086,-8.375,81.948,-0.451,0.415,0.112,-2.287,-1.340,-9.728,-21.851,21.851,-5.571,50.844
13369,16,12.965,-8.242,81.946,-0.451,0.415,0.112,-2.168,-1.268,-9.800,-21.680,21.680,-5.229,50.502
13370,16,12.686,-8.000,81.951,-0.490,0.407,0.101,-2.168,-1.268,-9.800,-20.985,20.985,-4.112,49.628
13371,16,12.263,-7.647,81.956,-0.490,0.407,0.076,-2.168,-1.268,-9.800,-20.631,20.631,-3.403,48.920
13372,16,11.975,-7.416,81.966,-0.525,0.380,0.076,-2.096,-1.215,-9.867,-19.570,19.570,-1.301,47.578
13373,16,11.818,-7.316,81.968,-0.525,0.380,0.076,-2.101,-1.158,-9.829,-19.281,19.281,-0.934,47.211
13374,16,11.521,-7.123,81.972,-0.532,0.334,0.065,-2.101,-1.158,-9.829,-18.570,18.570,0.677,46.909
13375,16,11.073,-6.844,81.969,-0.532,0.334,0.067,-2.101,-1.158,-9.829,-18.048,18.048,1.341,46.245
13376,16,10.794,-6.647,81.964,-0.545,0.294,0.067,-1.957,-1.129,-9.795,-17.210,17.210,2.865,45.878
13377,16,10.621,-6.588,81.956,-0.545,0.294,0.067,-1.708,-1.062,-9.728,-16.923,16.923,3.217,45.526
13378,16,10.270,-6.427,81.956,-0.634,0.288,0.050,-1.708,-1.062,-9.728,-15.671,15.671,4.473,44.452
13379,16,9.663,-6.155,81.958,-0.634,0.288,0.044,-1.708,-1.062,-9.728,-15.110,15.110,5.174,43.751
13380,16,9.211,-5.874,81.967,-0.908,0.386,0.044,-1.637,-0.909,-9.896,-12.420,12.420,5.463,40.662
13381,16,8.904,-5.829,81.965,-0.908,0.386,0.044,-1.426,-0.699,-9.891,-11.947,11.947,6.029,40.096
13382,16,8.079,-5.436,81.964,-1.469,0.691,0.096,-1.426,-0.699,-9.891,-8.434,8.434,2.020,35.369
13383,16,6.725,-4.726,81.951,-1.469,0.691,0.127,-1.426,-0.699,-9.891,-7.195,7.195,3.545,33.845
13384,16,5.732,-4.015,81.939,-1.904,1.106,0.127,-1.101,-0.703,-9.910,-2.840,2.840,-0.035,25.585
13385,16,5.128,-3.785,81.926,-1.904,1.106,0.127,-0.861,-0.646,-10.087,-1.925,1.925,1.050,24.500
13386,16,3.840,-2.942,81.870,-2.308,1.490,0.184,-0.861,-0.646,-10.087,1.346,-1.346,-3.539,18.101
13387,16,1.743,-1.600,81.715,-2.308,1.490,0.296,-0.861,-0.646,-10.087,3.137,-3.137,-1.432,15.994
13388,16,0.212,-0.488,81.531,-2.935,1.774,0.296,-0.507,-0.120,-10.259,8.193,-8.193,-4.483,10.949
13389,16,-0.703,-0.120,81.426,-2.935,1.774,0.296,0.100,0.057,-10.537,9.388,-9.388,-3.151,9.618
13390,16,-2.773,0.993,81.138,-3.706,2.010,0.381,0.100,0.057,-10.537,14.769,-14.769,-5.837,5.547
13391,16,-6.016,2.713,80.601,-3.706,2.010,0.423,0.100,0.057,-10.537,16.969,-16.969,-3.548,3.258
13392,16,-8.190,4.149,80.145,-4.190,2.287,0.423,1.062,0.426,-10.082,22.641,-22.641,-4.803,-3.401
13393,16,-9.544,4.543,79.908,-4.190,2.287,0.423,2.450,0.723,-9.408,24.078,-24.078,-3.392,-4.812
13394,16,-11.783,5.829,79.386,-3.971,2.446,0.369,2.450,0.723,-9.408,25.734,-25.734,-2.493,-10.246
13395,16,-15.019,7.669,78.521,-3.971,2.446,0.333,2.450,0.723,-9.408,27.430,-27.430,-1.222,-11.516
13396,16,-16.916,8.915,77.908,-3.469,2.275,0.333,3.091,1.192,-9.077,26.176,-26.176,3.733,-11.602
13397,16,-17.996,9.371,77.600,-3.469,2.275,0.333,3.713,1.943,-8.987,26.467,-26.467,3.710,-12.788
13398,16,-19.610,10.280,77.005,-2.804,1.899,0.327,3.713,1.943,-8.987,23.505,-23.505,8.315,-9.631
13399,16,-21.895,11.470,76.107,-2.804,1.899,0.377,3.713,1.943,-8.987,23.648,-23.648,7.039,-11.477
13400,16,-23.145,12.149,75.538,-2.267,1.374,0.377,4.091,2.378,-8.996,20.638,-20.638,12.365,-4.851
13401,16,-23.880,12.351,75.265,-2.267,1.374,0.377,4.441,2.598,-8.953,20.794,-20.794,12.281,-5.559
13402,16,-24.757,12.619,74.827,-1.521,0.784,0.395,4.441,2.598,-8.953,17.001,-17.001,20.074,2.496
13403,16,-25.807,12.831,74.277,-1.521,0.784,0.358,4.441,2.598,-8.953,17.056,-17.056,19.562,1.760
13404,16,-26.071,12.818,74.041,-0.615,0.036,0.358,4.785,2.900,-8.656,13.272,-13.272,31.863,11.067
13405,16,-26.302,12.677,73.946,-0.615,0.036,0.358,4.852,2.766,-8.589,13.435,-13.435,32.323,10.876
13406,16,-26.145,12.242,73.947,0.168,-0.666,0.289,4.852,2.766,-8.589,10.590,-10.590,45.074,19.347
13407,16,-25.742,11.486,74.035,0.168,-0.666,0.216,4.852,2.766,-8.589,10.701,-10.701,45.740,19.570
13408,16,-25.170,10.940,74.179,0.763,-1.137,0.216,4.685,2.699,-8.465,8.932,-8.932,56.287,25.303
13409,16,-24.991,10.525,74.274,0.763,-1.137,0.216,4.546,2.172,-8.675,9.105,-9.105,57.202,25.528
13410,16,-24.290,9.760,74.492,1.120,-1.383,0.218,4.546,2.172,-8.675,7.453,-7.453,62.114,29.909
13411,16,-23.242,8.600,74.803,1.120,-1.383,0.263,4.546,2.172,-8.675,7.522,-7.522,63.270,30.792
13412,16,-22.470,7.897,74.979,1.185,-1.427,0.263,4.201,1.747,-8.766,6.817,-6.817,64.443,33.484
13413,16,-22.188,7.412,75.085,1.185,-1.427,0.263,3.823,1.364,-8.489,6.949,-6.949,64.707,33.220
13414,16,-21.481,6.695,75.237,1.214,-1.288,0.259,3.823,1.364,-8.489,6.898,-6.898,62.909,31.031
13415,16,-20.393,5.682,75.462,1.214,-1.288,0.169,3.823,1.364,-8.489,6.870,-6.870,62.854,31.086
13416,16,-19.612,5.093,75.611,1.362,-1.100,0.169,3.364,1.067,-8.364,7.144,-7.144,62.204,26.380
13417,16,-19.235,4.787,75.684,1.362,-1.100,0.169,2.862,0.636,-8.527,7.092,-7.092,62.101,26.483
13418,16,-18.362,4.261,75.859,1.545,-1.002,0.068,2.862,0.636,-8.527,7.219,-7.219,62.777,23.006
13419,16,-17.057,3.493,76.124,1.545,-1.002,-0.005,2.862,0.636,-8.527,7.012,-7.012,62.363,23.421
13420,16,-16.231,2.956,76.314,1.550,-0.935,-0.005,2.249,0.378,-8.800,7.467,-7.467,62.367,21.498
13421,16,-15.757,2.766,76.395,1.550,-0.935,-0.005,1.823,0.517,-8.872,7.262,-7.262,61.957,21.908
13422,16,-15.026,2.359,76.597,1.312,-0.813,-0.088,1.823,0.517,-8.872,9.208,-9.208,61.724,18.642
13423,16,-13.973,1.799,76.925,1.312,-0.813,-0.250,1.823,0.517,-8.872,8.961,-8.961,61.228,19.137
13424,16,-13.363,1.442,77.191,1.176,-0.656,-0.250,1.699,0.407,-8.781,11.211,-11.211,62.128,13.763
13425,16,-12.993,1.342,77.315,1.176,-0.656,-0.250,1.718,0.148,-8.719,10.872,-10.872,61.718,14.174
13426,16,-12.238,1.125,77.669,1.355,-0.540,-0.460,1.718,0.148,-8.719,11.768,-11.768,64.461,8.113
13427,16,-11.023,0.805,78.245,1.355,-0.540,-0.658,1.718,0.148,-8.719,11.085,-11.085,63.800,8.774
13428,16,-10.223,0.451,78.710,1.664,-0.521,-0.658,1.632,0.110,-8.757,10.447,-10.447,66.835,5.191
13429,16,-9.635,0.500,78.922,1.664,-0.521,-0.658,1.416,0.373,-9.393,9.690,-9.690,65.995,6.031
13430,16,-8.639,0.248,79.402,1.800,-0.601,-0.719,1.416,0.373,-9.393,8.584,-8.584,67.399,6.910
13431,16,-7.207,-0.188,80.088,1.800,-0.601,-0.603,1.416,0.373,-9.393,7.599,-7.599,66.379,7.930
13432,16,-6.426,-0.649,80.505,1.592,-0.742,-0.603,1.359,0.249,-10.054,5.551,-5.551,63.737,14.620
13433,16,-5.906,-0.727,80.701,1.592,-0.742,-0.603,1.182,0.081,-10.221,4.885,-4.885,63.001,15.355
13434,16,-5.219,-1.165,81.015,1.283,-0.855,-0.435,1.182,0.081,-10.221,3.502,-3.502,59.529,22.054
13435,16,-4.216,-1.837,81.437,1.283,-0.855,-0.306,1.182,0.081,-10.221,2.707,-2.707,58.676,22.907
13436,16,-3.609,-2.320,81.667,1.186,-0.872,-0.306,1.134,-0.096,-10.317,0.378,-0.378,54.379,27.691
13437,16,-3.276,-2.527,81.778,1.186,-0.872,-0.306,0.967,-0.124,-10.341,-0.056,0.056,53.896,28.174
13438,16,-2.659,-2.955,81.958,1.163,-0.805,-0.233,0.967,-0.124,-10.341,-1.663,1.663,50.216,29.937
13439,16,-1.830,-3.561,82.192,1.163,-0.805,-0.161,0.967,-0.124,-10.341,-2.448,2.448,49.328,30.825
13440,16,-1.398,-3.932,82.316,0.855,-0.692,-0.161,0.613,-0.301,-10.456,-2.749,2.749,44.835,32.092
13441,16,-1.172,-4.107,82.377,0.855,-0.692,-0.161,0.536,-0.464,-10.451,-3.066,3.066,44.469,32.457
13442,16,-0.824,-4.395,82.458,0.693,-0.552,-0.091,0.536,-0.464,-10.451,-3.632,3.632,40.128,32.781
13443,16,-0.373,-4.789,82.560,0.693,-0.552,-0.034,0.536,-0.464,-10.451,-4.138,4.138,39.537,33.372
13444,16,-0.163,-4.993,82.603,0.420,-0.423,-0.034,0.306,-0.651,-10.341,-3.930,3.930,35.751,33.475
13445,16,-0.072,-5.111,82.626,0.420,-0.423,-0.034,0.292,-0.761,-10.235,-4.065,4.065,35.592,33.634
13446,16,0.036,-5.245,82.668,0.256,-0.278,-0.025,0.292,-0.761,-10.235,-3.526,3.526,33.092,31.995
13447,16,0.155,-5.414,82.734,0.256,-0.278,-0.056,0.292,-0.761,-10.235,-3.712,3.712,32.872,32.215
13448,16,0.183,-5.464,82.787,0.085,-0.156,-0.056,0.220,-0.842,-10.154,-2.496,2.496,31.878,29.708
13449,16,0.178,-5.512,82.817,0.085,-0.156,-0.056,0.220,-0.842,-10.154,-2.488,2.488,31.888,29.699
13450,16,0.167,-5.552,82.879,0.085,-0.156,-0.056,0.220,-0.890,-10.078,-2.472,2.472,31.906,29.680
13451,16,0.113,-5.570,82.986,-0.011,-0.052,-0.091,0.220,-0.890,-10.078,-1.530,1.530,31.325,27.309
13452,16,0.026,-5.533,83.062,-0.138,-0.005,-0.107,0.196,-0.933,-9.934,-0.515,0.515,31.265,26.030
13453,16,-0.047,-5.549,83.103,-0.138,-0.005,-0.107,0.196,-0.933,-9.934,-0.405,0.405,31.395,25.900
13454,16,-0.178,-5.540,83.186,-0.138,-0.005,-0.107,0.244,-0.857,-9.752,-0.207,0.207,31.629,25.666
13455,16,-0.406,-5.525,83.314,-0.224,-0.006,-0.121,0.244,-0.857,-9.752,0.584,-0.584,32.229,25.097
13456,16,-0.509,-5.498,83.408,-0.193,-0.034,-0.142,0.407,-0.785,-9.676,1.001,-1.001,33.508,24.609
13457,16,-0.603,-5.538,83.455,-0.193,-0.034,-0.142,0.407,-0.785,-9.676,1.144,-1.144,33.677,24.439
13458,16,-0.716,-5.558,83.552,-0.193,-0.034,-0.142,0.479,-0.809,-9.685,1.315,-1.315,33.879,24.237
12367,16,3.661,-11.619,86.653,-0.021,-0.071,-0.113,-0.378,-1.656,-9.594,-7.521,7.521,24.257,34.925
12368,16,3.647,-11.629,86.689,-0.021,-0.042,-0.074,-0.383,-1.704,-9.700,-7.957,7.957,22.913,35.417
12369,16,3.627,-11.649,86.730,-0.021,-0.042,-0.074,-0.383,-1.704,-9.700,-7.924,7.924,22.953,35.377
12370,16,3.613,-11.661,86.766,-0.021,-0.042,-0.074,-0.392,-1.694,-9.709,-7.902,7.902,22.979,35.351
12371,16,3.592,-11.670,86.802,-0.016,-0.020,-0.022,-0.392,-1.694,-9.709,-8.553,8.553,21.415,36.307
12372,16,3.580,-11.668,86.804,-0.031,-0.022,0.021,-0.402,-1.737,-9.709,-8.981,8.981,20.407,37.375
12373,16,3.565,-11.678,86.805,-0.031,-0.022,0.021,-0.402,-1.737,-9.709,-8.957,8.957,20.437,37.345
12374,16,3.549,-11.685,86.796,-0.031,-0.022,0.021,-0.440,-1.814,-9.637,-8.929,8.929,20.471,37.311
12375,16,3.534,-11.708,86.775,-0.025,-0.043,0.045,-0.440,-1.814,-9.637,-9.253,9.253,20.175,38.185
12376,16,3.533,-11.725,86.764,-0.021,-0.067,0.044,-0.450,-1.909,-9.561,-9.237,9.237,20.574,38.487
12377,16,3.518,-11.752,86.755,-0.021,-0.067,0.044,-0.450,-1.909,-9.561,-9.213,9.213,20.601,38.459
12378,16,3.515,-11.782,86.742,-0.021,-0.067,0.044,-0.474,-1.971,-9.460,-9.214,9.214,20.599,38.461
12379,16,3.513,-11.826,86.726,-0.002,-0.066,0.033,-0.474,-1.971,-9.460,-9.177,9.177,20.849,38.181
12380,16,3.519,-11.841,86.719,0.002,-0.045,0.030,-0.512,-2.062,-9.436,-9.176,9.176,20.600,37.822
12381,16,3.515,-11.856,86.714,0.002,-0.045,0.030,-0.512,-2.062,-9.436,-9.171,9.171,20.605,37.817
12382,16,3.517,-11.865,86.704,0.002,-0.045,0.030,-0.598,-2.182,-9.475,-9.175,9.175,20.599,37.822
12383,16,3.512,-11.862,86.680,-0.009,-0.006,0.045,-0.598,-2.182,-9.475,-9.301,9.301,19.687,37.638
12384,16,3.493,-11.843,86.662,-0.044,0.031,0.062,-0.598,-2.216,-9.441,-9.300,9.300,18.778,37.482
12385,16,3.480,-11.832,86.642,-0.044,0.031,0.062,-0.598,-2.216,-9.441,-9.274,9.274,18.811,37.450
12386,16,3.442,-11.808,86.614,-0.044,0.031,0.062,-0.546,-2.187,-9.254,-9.203,9.203,18.901,37.359
12387,16,3.362,-11.769,86.564,-0.110,0.045,0.068,-0.546,-2.187,-9.254,-8.904,8.904,18.605,37.260
12388,16,3.310,-11.733,86.545,-0.110,0.052,0.059,-0.670,-2.220,-9.278,-8.585,8.585,18.990,36.662
12389,16,3.275,-11.725,86.525,-0.110,0.052,0.059,-0.670,-2.220,-9.278,-8.521,8.521,19.071,36.581
12390,16,3.251,-11.686,86.501,-0.110,0.052,0.059,-0.785,-2.244,-9.585,-8.472,8.472,19.134,36.518
12391,16,3.261,-11.620,86.475,-0.000,0.084,0.040,-0.785,-2.244,-9.585,-8.795,8.795,19.130,35.609
12392,16,3.255,-11.585,86.477,0.017,0.098,0.003,-0.785,-2.096,-9.920,-8.405,8.405,19.881,34.462
12393,16,3.278,-11.545,86.478,0.017,0.098,0.003,-0.785,-2.096,-9.920,-8.440,8.440,19.839,34.504
12394,16,3.270,-11.496,86.495,0.017,0.098,0.003,-0.684,-1.900,-10.068,-8.417,8.417,19.870,34.473
12395,16,3.223,-11.429,86.549,-0.047,0.087,-0.053,-0.684,-1.900,-10.068,-7.362,7.362,21.472,33.175
12396,16,3.176,-11.405,86.600,-0.083,0.035,-0.101,-0.574,-1.904,-10.054,-6.432,6.432,23.606,32.532
12397,16,3.140,-11.406,86.643,-0.083,0.035,-0.101,-0.574,-1.904,-10.054,-6.368,6.368,23.686,32.453
12398,16,3.092,-11.416,86.707,-0.083,0.035,-0.101,-0.469,-2.010,-9.977,-6.284,6.284,23.789,32.349
12399,16,3.021,-11.463,86.802,-0.062,-0.046,-0.111,-0.469,-2.010,-9.977,-6.234,6.234,25.231,33.220
12400,16,3.031,-11.514,86.840,-0.006,-0.126,-0.101,-0.373,-2.101,-9.857,-6.576,6.576,26.197,34.537
12401,16,3.004,-11.577,86.883,-0.006,-0.126,-0.101,-0.373,-2.101,-9.857,-6.537,6.537,26.242,34.492
12402,16,2.989,-11.660,86.934,-0.006,-0.126,-0.101,-0.383,-2.072,-9.867,-6.522,6.522,26.256,34.478
12403,16,2.960,-11.792,87.008,-0.018,-0.149,-0.093,-0.383,-2.072,-9.867,-6.561,6.561,26.387,35.017
12404,16,2.957,-11.832,87.045,-0.021,-0.103,-0.087,-0.282,-2.038,-9.743,-6.590,6.590,25.621,34.474
12405,16,2.925,-11.884,87.081,-0.021,-0.103,-0.087,-0.282,-2.038,-9.743,-6.540,6.540,25.680,34.415
12406,16,2.892,-11.936,87.128,-0.021,-0.103,-0.087,-0.311,-2.038,-9.771,-6.488,6.488,25.743,34.352
12407,16,2.824,-11.996,87.196,-0.064,-0.070,-0.072,-0.311,-2.038,-9.771,-6.421,6.421,24.948,34.203
12408,16,2.797,-12.007,87.218,-0.064,-0.054,-0.043,-0.282,-2.019,-9.723,-6.675,6.675,24.121,34.574
12409,16,2.759,-12.041,87.239,-0.064,-0.054,-0.043,-0.282,-2.019,-9.723,-6.611,6.611,24.200,34.495
12410,16,2.720,-12.074,87.259,-0.064,-0.054,-0.043,-0.278,-1.924,-9.633,-6.546,6.546,24.279,34.416
12411,16,2.667,-12.128,87.279,-0.055,-0.065,-0.011,-0.278,-1.924,-9.633,-6.959,6.959,23.669,35.331
12412,16,2.667,-12.155,87.271,-0.031,-0.084,0.018,-0.306,-1.952,-9.618,-7.384,7.384,23.291,36.256
12413,16,2.640,-12.193,87.270,-0.031,-0.084,0.018,-0.306,-1.952,-9.618,-7.342,7.342,23.343,36.204
12414,16,2.628,-12.243,87.252,-0.031,-0.084,0.018,-0.349,-2.019,-9.580,-7.327,7.327,23.359,36.188
12415,16,2.612,-12.320,87.215,-0.027,-0.098,0.051,-0.349,-2.019,-9.580,-7.750,7.750,22.744,37.199
12416,16,2.616,-12.350,87.189,-0.028,-0.089,0.063,-0.373,-2.096,-9.546,-7.894,7.894,22.323,37.377
12417,16,2.594,-12.389,87.168,-0.028,-0.089,0.063,-0.373,-2.096,-9.546,-7.860,7.860,22.364,37.335
12418,16,2.591,-12.426,87.137,-0.028,-0.089,0.063,-0.483,-2.201,-9.589,-7.859,7.859,22.363,37.336
12419,16,2.592,-12.465,87.094,-0.010,-0.055,0.056,-0.483,-2.201,-9.589,-7.870,7.870,22.035,36.690
12420,16,2.596,-12.472,87.081,-0.000,-0.021,0.037,-0.512,-2.239,-9.633,-7.693,7.693,22.008,35.744
12421,16,2.595,-12.479,87.068,-0.000,-0.021,0.037,-0.512,-2.239,-9.633,-7.692,7.692,22.008,35.743
12422,16,2.591,-12.484,87.059,-0.000,-0.021,0.037,-0.531,-2.263,-9.695,-7.686,7.686,22.016,35.736
12423,16,2.578,-12.489,87.050,-0.021,-0.005,0.018,-0.531,-2.263,-9.695,-7.331,7.331,22.277,35.018
12424,16,2.567,-12.484,87.056,-0.027,-0.006,-0.002,-0.522,-2.292,-9.700,-7.015,7.015,22.844,34.481
12425,16,2.554,-12.492,87.058,-0.027,-0.006,-0.002,-0.522,-2.292,-9.700,-6.994,6.994,22.871,34.454
12426,16,2.541,-12.500,87.069,-0.027,-0.006,-0.002,-0.469,-2.302,-9.709,-6.970,6.970,22.900,34.425
12427,16,2.522,-12.523,87.088,-0.021,-0.022,-0.018,-0.469,-2.302,-9.709,-6.784,6.784,23.545,34.237
12428,16,2.518,-12.541,87.105,-0.022,-0.049,-0.031,-0.426,-2.292,-9.680,-6.596,6.596,24.272,34.271
12429,16,2.497,-12.567,87.119,-0.022,-0.049,-0.031,-0.426,-2.292,-9.680,-6.561,6.561,24.314,34.229
12430,16,2.486,-12.602,87.142,-0.022,-0.049,-0.031,-0.421,-2.278,-9.680,-6.545,6.545,24.333,34.210
12431,16,2.469,-12.658,87.173,-0.013,-0.063,-0.035,-0.421,-2.278,-9.680,-6.532,6.532,24.646,34.292
12432,16,2.478,-12.688,87.186,0.004,-0.067,-0.031,-0.392,-2.292,-9.647,-6.675,6.675,24.592,34.468
12433,16,2.470,-12.721,87.201,0.004,-0.067,-0.031,-0.392,-2.292,-9.647,-6.664,6.664,24.605,34.456
12434,16,2.464,-12.761,87.218,0.004,-0.067,-0.031,-0.407,-2.263,-9.647,-6.659,6.659,24.610,34.451
12435,16,2.458,-12.821,87.239,-0.004,-0.069,-0.025,-0.407,-2.263,-9.647,-6.698,6.698,24.478,34.643
12436,16,2.460,-12.849,87.254,-0.012,-0.062,-0.033,-0.364,-2.206,-9.556,-6.555,6.555,24.580,34.328
12437,16,2.444,-12.880,87.272,-0.012,-0.062,-0.033,-0.364,-2.206,-9.556,-6.530,6.530,24.611,34.297
12438,16,2.429,-12.918,87.300,-0.012,-0.062,-0.033,-0.316,-2.182,-9.465,-6.508,6.508,24.637,34.271
12439,16,2.408,-12.976,87.346,-0.015,-0.065,-0.049,-0.316,-2.182,-9.465,-6.284,6.284,25.092,33.907
12440,16,2.421,-13.005,87.369,0.015,-0.067,-0.052,-0.316,-2.230,-9.403,-6.397,6.397,25.195,33.866
12441,16,2.412,-13.034,87.394,0.015,-0.067,-0.052,-0.316,-2.230,-9.403,-6.383,6.383,25.211,33.849
12442,16,2.414,-13.075,87.428,0.015,-0.067,-0.052,-0.316,-2.230,-9.412,-6.392,6.392,25.198,33.862
12443,16,2.433,-13.127,87.464,0.034,-0.060,-0.039,-0.345,-2.244,-9.412,-6.662,6.662,24.753,34.094
12444,16,2.449,-13.154,87.479,0.034,-0.060,-0.039,-0.273,-2.211,-9.412,-6.724,6.724,24.673,34.175
12445,16,2.448,-13.170,87.496,0.027,-0.044,-0.034,-0.273,-2.211,-9.355,-6.752,6.752,24.311,34.079
12446,16,2.459,-13.198,87.517,0.027,-0.044,-0.034,-0.273,-2.211,-9.312,-6.776,6.776,24.281,34.110
12447,16,2.457,-13.211,87.557,0.011,-0.016,-0.040,-0.230,-2.216,-9.312,-6.614,6.614,24.047,33.553
12448,16,2.452,-13.213,87.577,0.011,-0.016,-0.040,-0.182,-2.235,-9.312,-6.606,6.606,24.058,33.542
12449,16,2.454,-13.205,87.599,0.014,0.019,-0.043,-0.182,-2.235,-9.331,-6.598,6.598,23.605,32.990
12450,16,2.453,-13.197,87.627,0.014,0.019,-0.043,-0.182,-2.235,-9.398,-6.596,6.596,23.608,32.987
12451,16,2.461,-13.151,87.657,0.023,0.054,-0.025,-0.177,-2.172,-9.398,-6.869,6.869,22.655,32.935
12452,16,2.457,-13.128,87.668,0.023,0.054,-0.025,-0.201,-2.129,-9.398,-6.868,6.868,22.659,32.932
12453,16,2.471,-13.098,87.670,0.023,0.066,0.006,-0.201,-2.129,-9.455,-7.276,7.276,21.692,33.563
12454,16,2.483,-13.061,87.669,0.023,0.066,0.006,-0.201,-2.129,-9.427,-7.293,7.293,21.673,33.583
12455,16,2.504,-13.010,87.643,0.029,0.058,0.042,-0.177,-2.110,-9.427,-7.767,7.767,20.906,34.593
12456,16,2.513,-12.992,87.632,0.029,0.058,0.042,-0.191,-2.163,-9.427,-7.805,7.805,20.860,34.640
12457,16,2.538,-12.969,87.603,0.039,0.045,0.064,-0.191,-2.163,-9.388,-8.182,8.182,20.429,35.435
12458,16,2.551,-12.953,87.572,0.039,0.045,0.064,-0.191,-2.163,-9.475,-8.204,8.204,20.402,35.462
12459,16,2.622,-12.886,87.506,0.062,0.062,0.084,-0.340,-2.211,-9.475,-8.623,8.623,19.586,35.792
12460,16,2.636,-12.862,87.482,0.062,0.062,0.084,-0.407,-2.196,-9.475,-8.713,8.713,19.474,35.903
12461,16,2.685,-12.806,87.433,0.069,0.104,0.095,-0.407,-2.196,-9.594,-8.966,8.966,18.498,35.662
12462,16,2.705,-12.769,87.382,0.069,0.104,0.095,-0.407,-2.196,-9.642,-8.997,8.997,18.461,35.699
12463,16,2.762,-12.615,87.300,0.026,0.150,0.097,-0.407,-2.206,-9.642,-8.863,8.863,17.684,35.168
12464,16,2.748,-12.550,87.279,0.026,0.150,0.097,-0.378,-2.225,-9.642,-8.854,8.854,17.702,35.150
12465,16,2.782,-12.473,87.227,0.010,0.173,0.092,-0.378,-2.225,-9.637,-8.757,8.757,17.456,34.756
12466,16,2.768,-12.400,87.179,0.010,0.173,0.092,-0.378,-2.225,-9.709,-8.721,8.721,17.504,34.708
12467,16,2.817,-12.253,87.100,0.019,0.146,0.092,-0.392,-2.283,-9.709,-8.825,8.825,17.818,35.155
12468,16,2.821,-12.205,87.076,0.019,0.146,0.092,-0.459,-2.306,-9.709,-8.838,8.838,17.808,35.165
12469,16,2.860,-12.158,87.021,0.049,0.097,0.097,-0.459,-2.306,-9.771,-9.118,9.118,18.296,36.077
12470,16,2.875,-12.126,86.965,0.049,0.097,0.097,-0.459,-2.306,-9.810,-9.140,9.140,18.270,36.103
12471,16,2.962,-12.063,86.878,0.065,0.058,0.096,-0.536,-2.321,-9.810,-9.277,9.277,18.774,36.725
12472,16,2.989,-12.052,86.851,0.065,0.058,0.096,-0.603,-2.364,-9.810,-9.402,9.402,18.619,36.880
12473,16,3.029,-12.029,86.797,0.064,0.038,0.092,-0.603,-2.364,-9.819,-9.411,9.411,18.916,37.132
12474,16,3.058,-12.025,86.740,0.064,0.038,0.092,-0.603,-2.364,-9.819,-9.461,9.461,18.853,37.194
12475,16,3.129,-11.986,86.669,0.052,0.038,0.074,-0.656,-2.373,-9.795,-9.230,9.230,19.240,36.807
12476,16,3.143,-11.978,86.645,0.052,0.038,0.074,-0.708,-2.354,-9.795,-9.323,9.323,19.125,36.922
12477,16,3.173,-11.954,86.613,0.040,0.053,0.045,-0.708,-2.354,-9.824,-8.955,8.955,19.570,36.052
12478,16,3.186,-11.943,86.579,0.040,0.053,0.045,-0.708,-2.354,-9.824,-8.976,8.976,19.543,36.078
12479,16,3.220,-11.894,86.550,0.022,0.054,0.022,-0.713,-2.335,-9.800,-8.638,8.638,20.049,35.542
12480,16,3.231,-11.889,86.539,0.022,0.054,0.022,-0.675,-2.297,-9.800,-8.677,8.677,20.001,35.590
12481,16,3.249,-11.875,86.530,0.034,0.029,0.005,-0.675,-2.297,-9.747,-8.553,8.553,20.756,35.565
12482,16,3.260,-11.875,86.522,0.034,0.029,0.005,-0.675,-2.297,-9.747,-8.572,8.572,20.732,35.590
12483,16,3.313,-11.886,86.513,0.050,-0.005,-0.006,-0.694,-2.263,-9.704,-8.545,8.545,21.462,35.833
12484,16,3.337,-11.902,86.510,0.050,-0.005,-0.006,-0.703,-2.287,-9.704,-8.647,8.647,21.333,35.962
12485,16,3.349,-11.914,86.516,0.043,-0.023,-0.022,-0.703,-2.287,-9.709,-8.434,8.434,21.961,35.852
12486,16,3.372,-11.936,86.520,0.043,-0.023,-0.022,-0.703,-2.287,-9.709,-8.478,8.478,21.904,35.908
12487,16,3.398,-11.959,86.542,0.035,-0.012,-0.036,-0.718,-2.302,-9.666,-8.286,8.286,22.061,35.417
12488,16,3.410,-11.971,86.545,0.035,-0.012,-0.036,-0.727,-2.259,-9.666,-8.342,8.342,21.988,35.490
12489,16,3.415,-11.974,86.574,0.018,0.005,-0.055,-0.727,-2.259,-9.661,-8.026,8.026,22.213,34.778
12490,16,3.420,-11.982,86.598,0.018,0.005,-0.055,-0.727,-2.259,-9.661,-8.037,8.037,22.199,34.791
12491,16,3.428,-11.978,86.660,0.022,0.017,-0.079,-0.675,-2.192,-9.599,-7.770,7.770,22.611,34.045
12492,16,3.431,-11.979,86.679,0.022,0.017,-0.079,-0.660,-2.077,-9.599,-7.784,7.784,22.593,34.062
12493,16,3.425,-11.981,86.735,0.009,0.020,-0.103,-0.660,-2.077,-9.666,-7.399,7.399,23.173,33.392
12494,16,3.419,-11.977,86.793,0.009,0.020,-0.103,-0.660,-2.077,-9.666,-7.387,7.387,23.188,33.377
12495,16,3.406,-11.973,86.886,0.003,0.022,-0.113,-0.608,-2.048,-9.690,-7.239,7.239,23.399,33.105
12496,16,3.403,-11.969,86.916,0.003,0.022,-0.113,-0.536,-2.034,-9.690,-7.211,7.211,23.434,33.069
12497,16,3.394,-11.973,86.977,0.006,0.011,-0.109,-0.536,-2.034,-9.676,-7.265,7.265,23.514,33.324
12498,16,3.388,-11.975,87.037,0.006,0.011,-0.109,-0.536,-2.034,-9.676,-7.254,7.254,23.528,33.311
12499,16,3.381,-11.982,87.108,0.010,0.001,-0.088,-0.541,-2.029,-9.733,-7.519,7.519,23.164,33.948
12500,16,3.383,-11.987,87.132,0.010,0.001,-0.088,-0.531,-2.053,-9.733,-7.517,7.517,23.166,33.947
12501,16,3.380,-11.998,87.169,0.010,-0.015,-0.065,-0.531,-2.053,-9.762,-7.805,7.805,22.814,34.755
12502,16,3.378,-12.007,87.207,0.010,-0.015,-0.065,-0.531,-2.053,-9.762,-7.804,7.804,22.814,34.755
12503,16,3.382,-12.045,87.252,0.016,-0.035,-0.053,-0.560,-2.072,-9.752,-7.983,7.983,22.809,35.339
12504,16,3.391,-12.065,87.268,0.016,-0.035,-0.053,-0.555,-2.091,-9.752,-8.015,8.015,22.766,35.381
12505,16,3.383,-12.086,87.303,0.005,-0.047,-0.058,-0.555,-2.091,-9.666,-7.898,7.898,23.053,35.429
12506,16,3.385,-12.108,87.337,0.005,-0.047,-0.058,-0.555,-2.091,-9.666,-7.905,7.905,23.043,35.439
12507,16,3.374,-12.164,87.404,0.011,-0.048,-0.074,-0.522,-2.053,-9.594,-7.723,7.723,23.467,35.046
12508,16,3.382,-12.184,87.427,0.011,-0.048,-0.074,-0.517,-2.038,-9.594,-7.740,7.740,23.443,35.069
12509,16,3.377,-12.201,87.474,0.023,-0.038,-0.076,-0.517,-2.038,-9.570,-7.771,7.771,23.366,34.873
12510,16,3.386,-12.224,87.520,0.023,-0.038,-0.076,-0.517,-2.038,-9.570,-7.790,7.790,23.341,34.898
12511,16,3.392,-12.238,87.578,0.026,-0.013,-0.059,-0.555,-2.010,-9.618,-8.016,8.016,22.546,34.962
12512,16,3.395,-12.244,87.600,0.026,-0.013,-0.059,-0.565,-1.957,-9.618,-8.034,8.034,22.523,34.985
12513,16,3.402,-12.234,87.627,0.017,0.016,-0.034,-0.565,-1.957,-9.656,-8.308,8.308,21.487,35.199
12514,16,3.398,-12.230,87.655,0.017,0.016,-0.034,-0.565,-1.957,-9.656,-8.302,8.302,21.495,35.191
12515,16,3.392,-12.209,87.689,-0.007,0.017,-0.027,-0.507,-1.890,-9.589,-8.278,8.278,21.288,35.368
12516,16,3.390,-12.204,87.702,-0.007,0.017,-0.027,-0.455,-1.838,-9.589,-8.253,8.253,21.319,35.337
12517,16,3.386,-12.205,87.739,0.009,-0.002,-0.048,-0.455,-1.838,-9.451,-8.060,8.060,22.134,35.070
12518,16,3.385,-12.204,87.777,0.009,-0.002,-0.048,-0.455,-1.838,-9.451,-8.057,8.057,22.138,35.065
12519,16,3.384,-12.213,87.851,0.018,-0.012,-0.068,-0.412,-1.871,-9.465,-7.852,7.852,22.781,34.697
12520,16,3.379,-12.211,87.874,0.018,-0.012,-0.068,-0.392,-1.909,-9.465,-7.843,7.843,22.791,34.686
12521,16,3.380,-12.203,87.914,0.009,0.019,-0.056,-0.392,-1.909,-9.503,-7.941,7.941,22.058,34.537
12522,16,3.373,-12.192,87.958,0.009,0.019,-0.056,-0.392,-1.909,-9.503,-7.926,7.926,22.078,34.517
12523,16,3.376,-12.135,87.987,0.009,0.059,-0.012,-0.397,-1.995,-9.527,-8.489,8.489,20.394,35.075
12524,16,3.364,-12.106,87.996,0.009,0.059,-0.012,-0.459,-2.029,-9.527,-8.456,8.456,20.438,35.031
12525,16,3.387,-12.063,87.983,0.020,0.086,0.045,-0.459,-2.029,-9.594,-9.254,9.254,18.591,36.087
12526,16,3.385,-12.025,87.969,0.020,0.086,0.045,-0.459,-2.029,-9.594,-9.244,9.244,18.605,36.073
12527,16,3.430,-11.906,87.918,0.026,0.115,0.076,-0.512,-1.991,-9.690,-9.695,9.695,17.377,36.478
12528,16,3.423,-11.854,87.906,0.026,0.115,0.076,-0.531,-1.967,-9.690,-9.696,9.696,17.383,36.473
12529,16,3.448,-11.800,87.875,0.010,0.116,0.069,-0.531,-1.967,-9.743,-9.571,9.571,17.488,36.338
12530,16,3.440,-11.749,87.843,0.010,0.116,0.069,-0.531,-1.967,-9.743,-9.548,9.548,17.518,36.307
12531,16,3.488,-11.656,87.813,0.033,0.081,0.042,-0.574,-1.967,-9.800,-9.364,9.364,18.659,36.171
12532,16,3.501,-11.633,87.805,0.033,0.081,0.042,-0.613,-1.943,-9.800,-9.408,9.408,18.609,36.220
12533,16,3.531,-11.608,87.798,0.058,0.043,0.018,-0.613,-1.943,-9.872,-9.286,9.286,19.684,36.242
12534,16,3.548,-11.595,87.794,0.058,0.043,0.018,-0.613,-1.943,-9.872,-9.315,9.315,19.649,36.277
12535,16,3.585,-11.567,87.796,0.031,0.015,0.007,-0.622,-1.943,-9.891,-9.084,9.084,20.267,36.449
12536,16,3.595,-11.562,87.796,0.031,0.015,0.007,-0.651,-2.043,-9.891,-9.125,9.125,20.217,36.500
12537,16,3.599,-11.562,87.800,0.010,-0.002,0.002,-0.651,-2.043,-9.886,-8.960,8.960,20.584,36.620
12538,16,3.601,-11.564,87.802,0.010,-0.002,0.002,-0.651,-2.043,-9.886,-8.964,8.964,20.578,36.625
12539,16,3.597,-11.569,87.800,-0.005,-0.009,0.007,-0.679,-2.115,-9.881,-8.956,8.956,20.536,36.850
12540,16,3.592,-11.569,87.801,-0.005,-0.009,0.007,-0.632,-2.067,-9.881,-8.940,8.940,20.556,36.830
12541,16,3.577,-11.580,87.807,-0.026,-0.014,-0.004,-0.632,-2.067,-9.790,-8.667,8.667,20.956,36.582
12542,16,3.569,-11.582,87.808,-0.026,-0.014,-0.004,-0.632,-2.067,-9.790,-8.654,8.654,20.972,36.567
12543,16,3.539,-11.616,87.842,-0.022,-0.031,-0.034,-0.627,-2.043,-9.767,-8.272,8.272,21.992,36.034
12544,16,3.536,-11.634,87.852,-0.022,-0.031,-0.034,-0.656,-2.029,-9.767,-8.247,8.247,22.020,36.005
12545,16,3.523,-11.655,87.884,-0.001,-0.048,-0.059,-0.656,-2.029,-9.728,-8.029,8.029,22.899,35.614
12546,16,3.523,-11.678,87.916,-0.001,-0.048,-0.059,-0.656,-2.029,-9.728,-8.032,8.032,22.893,35.620
12547,16,3.504,-11.718,87.989,0.002,-0.034,-0.083,-0.679,-1.952,-9.680,-7.728,7.728,23.324,34.793
12548,16,3.494,-11.721,88.015,0.002,-0.034,-0.083,-0.665,-1.885,-9.680,-7.698,7.698,23.360,34.756
12549,16,3.470,-11.731,88.074,-0.032,0.001,-0.105,-0.665,-1.885,-9.599,-7.208,7.208,23.467,33.645
12550,16,3.446,-11.725,88.136,-0.032,0.001,-0.105,-0.665,-1.885,-9.599,-7.164,7.164,23.521,33.591
12551,16,3.413,-11.711,88.245,-0.013,0.029,-0.123,-0.608,-1.847,-9.522,-7.022,7.022,23.583,32.739
12552,16,3.398,-11.703,88.284,-0.013,0.029,-0.123,-0.613,-1.842,-9.522,-6.958,6.958,23.664,32.657
12553,16,3.396,-11.690,88.357,0.016,0.029,-0.124,-0.613,-1.842,-9.499,-7.081,7.081,23.701,32.621
12554,16,3.388,-11.682,88.427,0.016,0.029,-0.124,-0.613,-1.842,-9.499,-7.067,7.067,23.719,32.602
12555,16,3.418,-11.659,88.519,0.048,0.021,-0.104,-0.703,-1.838,-9.518,-7.489,7.489,23.318,33.216
12556,16,3.430,-11.655,88.551,0.048,0.021,-0.104,-0.804,-1.857,-9.518,-7.536,7.536,23.261,33.273
12557,16,3.454,-11.632,88.606,0.063,0.038,-0.089,-0.804,-1.857,-9.460,-7.835,7.835,22.598,33.449
12558,16,3.468,-11.628,88.662,0.063,0.038,-0.089,-0.804,-1.857,-9.460,-7.859,7.859,22.568,33.479
12559,16,3.500,-11.568,88.750,0.035,0.052,-0.101,-0.847,-1.823,-9.326,-7.608,7.608,22.623,33.028
12560,16,3.507,-11.554,88.782,0.035,0.052,-0.101,-0.876,-1.866,-9.326,-7.631,7.631,22.597,33.054
12561,16,3.517,-11.532,88.869,0.045,0.045,-0.144,-0.876,-1.866,-9.178,-7.161,7.161,23.751,32.113
12562,16,3.521,-11.522,88.956,0.045,0.045,-0.144,-0.876,-1.866,-9.178,-7.166,7.166,23.746,32.118
12563,16,3.597,-11.494,89.116,0.100,0.028,-0.184,-0.928,-1.866,-9.044,-6.994,6.994,24.932,31.420
12564,16,3.618,-11.488,89.171,0.100,0.028,-0.184,-0.952,-1.818,-9.044,-7.103,7.103,24.797,31.555
12565,16,3.681,-11.477,89.292,0.142,0.030,-0.211,-0.952,-1.818,-8.924,-7.086,7.086,25.298,30.992
12566,16,3.725,-11.486,89.384,0.142,0.030,-0.211,-0.952,-1.818,-8.924,-7.166,7.166,25.198,31.093
12567,16,3.852,-11.418,89.612,0.162,0.074,-0.227,-1.000,-1.794,-8.943,-7.159,7.159,24.861,30.182
12568,16,3.890,-11.400,89.679,0.162,0.074,-0.227,-1.043,-1.895,-8.943,-7.341,7.341,24.637,30.405
12569,16,3.977,-11.328,89.819,0.186,0.142,-0.240,-1.043,-1.895,-9.049,-7.444,7.444,23.813,29.282
12570,16,4.022,-11.295,89.928,0.186,0.142,-0.240,-1.043,-1.895,-9.049,-7.517,7.517,23.725,29.370
12571,16,4.207,-11.115,90.180,0.206,0.187,-0.243,-1.077,-1.904,-9.077,-7.713,7.713,22.982,28.804
12572,16,4.260,-11.068,90.248,0.206,0.187,-0.243,-1.096,-1.818,-9.077,-7.943,7.943,22.706,29.080
12573,16,4.372,-10.958,90.406,0.236,0.215,-0.263,-1.096,-1.818,-9.116,-8.016,8.016,22.611,28.383
12574,16,4.426,-10.907,90.527,0.236,0.215,-0.263,-1.096,-1.818,-9.116,-8.098,8.098,22.513,28.482
12575,16,4.680,-10.670,90.830,0.274,0.243,-0.299,-1.110,-1.828,-9.240,-8.023,8.023,23.190,27.804
12576,16,4.747,-10.610,90.919,0.274,0.243,-0.299,-1.105,-1.871,-9.240,-8.321,8.321,22.439,27.764
12577,16,4.882,-10.468,91.111,0.290,0.284,-0.322,-1.105,-1.871,-9.412,-8.320,8.320,22.171,26.846
12578,16,4.946,-10.396,91.257,0.290,0.284,-0.322,-1.105,-1.871,-9.412,-8.414,8.414,22.061,26.955
12579,16,5.225,-10.092,91.581,0.290,0.314,-0.311,-1.096,-1.871,-9.671,-8.755,8.755,21.551,27.466
12580,16,5.295,-10.015,91.675,0.290,0.314,-0.311,-1.115,-1.818,-9.671,-9.048,9.048,20.783,27.381
12581,16,5.429,-9.850,91.840,0.280,0.331,-0.271,-1.115,-1.818,-9.944,-9.691,9.691,19.315,28.362
12582,16,5.485,-9.756,91.963,0.280,0.331,-0.271,-1.115,-1.818,-9.944,-9.761,9.761,19.238,28.439
12583,16,5.772,-9.433,92.202,0.279,0.328,-0.222,-1.153,-1.857,-10.125,-10.578,10.578,17.770,29.907
12584,16,5.843,-9.349,92.267,0.279,0.328,-0.222,-1.211,-1.909,-10.125,-10.859,10.859,17.495,30.273
12585,16,5.989,-9.196,92.365,0.283,0.304,-0.165,-1.211,-1.909,-10.283,-11.787,11.787,16.204,32.265
12586,16,6.055,-9.118,92.440,0.283,0.304,-0.165,-1.211,-1.909,-10.283,-11.874,11.874,16.105,32.363
12587,16,6.328,-8.868,92.557,0.247,0.240,-0.115,-1.144,-1.991,-10.341,-12.518,12.518,14.624,33.845
12588,16,6.394,-8.809,92.585,0.247,0.240,-0.115,-1.148,-2.172,-10.341,-12.787,12.787,15.229,35.066
12589,16,6.522,-8.755,92.618,0.241,0.126,-0.080,-1.148,-2.172,-10.374,-13.386,13.386,15.750,37.801
12590,16,6.604,-8.747,92.640,0.241,0.126,-0.080,-1.148,-2.172,-10.374,-13.518,13.518,15.591,37.961
12591,16,6.907,-8.723,92.661,0.313,0.012,-0.055,-1.244,-2.354,-10.456,-14.390,14.390,14.735,38.816
12592,16,6.993,-8.728,92.664,0.313,0.012,-0.055,-1.278,-2.498,-10.456,-14.812,14.812,15.847,40.961
12593,16,7.170,-8.779,92.643,0.319,-0.059,-0.018,-1.278,-2.498,-10.728,-15.608,15.608,15.545,43.272
12594,16,7.313,-8.858,92.617,0.319,-0.059,-0.018,-1.278,-2.498,-10.728,-15.864,15.864,15.223,43.594
12595,16,7.471,-8.902,92.545,0.152,-0.056,0.023,-1.249,-2.527,-10.518,-15.670,15.670,14.042,44.775
12596,16,7.512,-8.927,92.523,0.152,-0.056,0.023,-0.938,-2.594,-10.518,-15.900,15.900,13.722,45.034
12597,16,7.589,-8.996,92.483,0.143,-0.088,0.002,-0.938,-2.594,-9.991,-15.733,15.733,14.523,45.146
12598,16,7.663,-9.063,92.450,0.143,-0.088,0.002,-0.938,-2.594,-9.991,-15.877,15.877,14.339,45.330
12599,16,7.722,-9.256,92.381,0.086,-0.189,-0.010,-0.751,-2.598,-9.561,-15.503,15.503,14.557,45.112
12600,16,7.743,-9.320,92.360,0.086,-0.189,-0.010,-0.546,-2.536,-9.561,-15.667,15.667,15.762,46.768
12601,16,7.791,-9.499,92.312,0.101,-0.275,-0.007,-0.546,-2.536,-9.384,-15.911,15.911,16.743,48.252
12602,16,7.873,-9.643,92.266,0.101,-0.275,-0.007,-0.546,-2.536,-9.384,-16.096,16.096,16.497,48.498
12603,16,7.880,-9.946,92.162,0.067,-0.284,0.020,-0.397,-2.426,-9.226,-16.281,16.281,15.778,49.218
12604,16,7.894,-10.037,92.133,0.067,-0.284,0.020,-0.402,-2.235,-9.226,-16.449,16.449,15.673,49.596
12605,16,7.907,-10.163,92.053,0.042,-0.196,0.056,-0.402,-2.235,-9.288,-16.841,16.841,13.405,49.338
12606,16,7.949,-10.263,91.993,0.042,-0.196,0.056,-0.402,-2.235,-9.288,-16.949,16.949,13.259,49.484
12607,16,7.905,-10.316,91.854,0.003,-0.012,0.100,-0.502,-1.991,-9.546,-17.259,17.259,12.216,50.527
12608,16,7.899,-10.323,91.814,0.003,-0.012,0.100,-0.713,-1.632,-9.546,-17.240,17.240,9.603,47.874
12609,16,7.843,-10.201,91.730,-0.084,0.222,0.141,-0.713,-1.632,-9.848,-17.171,17.171,5.446,45.367
12610,16,7.768,-10.096,91.675,-0.084,0.222,0.141,-0.713,-1.632,-9.848,-17.008,17.008,5.660,45.152
12611,16,7.584,-9.706,91.517,-0.216,0.438,0.179,-0.976,-1.316,-10.058,-16.690,16.690,4.887,45.925
12612,16,7.519,-9.578,91.473,-0.216,0.438,0.179,-1.005,-0.909,-10.058,-16.231,16.231,2.409,42.224
12613,16,7.300,-9.250,91.383,-0.374,0.571,0.213,-1.005,-0.909,-10.068,-15.398,15.398,0.272,40.557
12614,16,7.059,-8.947,91.336,-0.374,0.571,0.213,-1.005,-0.909,-10.068,-14.908,14.908,0.906,39.923
12615,16,6.697,-8.415,91.176,-0.487,0.583,0.193,-0.785,-0.498,-9.967,-14.714,14.714,1.166,39.663
12616,16,6.559,-8.244,91.139,-0.487,0.583,0.193,-0.785,-0.498,-9.967,-13.071,13.071,2.565,37.929
12617,16,6.300,-7.931,91.072,-0.487,0.583,0.193,-0.775,-0.392,-10.049,-12.570,12.570,3.207,37.288
12618,16,6.049,-7.658,91.042,-0.417,0.490,0.165,-0.775,-0.392,-10.049,-12.105,12.105,5.819,37.323
12619,16,5.789,-7.315,90.890,-0.278,0.301,0.201,-0.919,-0.311,-10.231,-11.894,11.894,6.091,37.052
12620,16,5.710,-7.220,90.845,-0.278,0.301,0.201,-0.919,-0.311,-10.231,-12.608,12.608,8.426,40.104
12621,16,5.575,-7.093,90.718,-0.278,0.301,0.201,-1.158,-0.306,-10.470,-12.366,12.366,8.729,39.800
12622,16,5.473,-7.008,90.603,-0.239,0.083,0.312,-1.158,-0.306,-10.470,-13.769,13.769,9.302,45.467
12623,16,5.252,-6.979,90.245,-0.309,-0.051,0.424,-1.345,-0.383,-10.561,-13.648,13.648,9.449,45.320
12624,16,5.177,-6.976,90.133,-0.309,-0.051,0.424,-1.345,-0.383,-10.561,-14.348,14.348,8.987,49.617
12625,16,5.025,-6.983,89.897,-0.309,-0.051,0.424,-1.378,-0.598,-10.403,-14.113,14.113,9.268,49.336
12626,16,4.917,-6.961,89.718,-0.340,-0.098,0.451,-1.378,-0.598,-10.403,-14.119,14.119,9.481,50.462
12627,16,4.668,-6.978,89.318,-0.368,-0.097,0.404,-1.450,-0.928,-10.331,-13.927,13.927,9.706,50.237
12628,16,4.529,-7.047,89.213,-0.368,-0.097,0.404,-1.450,-0.928,-10.331,-12.807,12.807,11.335,48.578
12629,16,4.336,-7.073,89.023,-0.368,-0.097,0.404,-1.321,-1.192,-10.078,-12.509,12.509,11.690,48.222
12630,16,4.186,-7.042,88.899,-0.436,-0.101,0.321,-1.321,-1.192,-10.078,-10.890,10.890,14.118,45.916
12631,16,3.838,-7.094,88.654,-0.505,-0.134,0.216,-0.976,-1.287,-9.690,-10.639,10.639,14.414,45.620
12632,16,3.630,-7.203,88.601,-0.505,-0.134,0.216,-0.976,-1.287,-9.690,-8.394,8.394,18.204,42.774
12633,16,3.393,-7.272,88.513,-0.505,-0.134,0.216,-0.751,-1.378,-9.489,-8.033,8.033,18.635,42.343
12634,16,3.246,-7.277,88.465,-0.435,-0.165,0.121,-0.751,-1.378,-9.489,-6.968,6.968,21.725,40.136
12635,16,2.980,-7.417,88.347,-0.272,-0.151,0.111,-0.646,-1.378,-9.546,-6.686,6.686,22.058,39.802
12636,16,2.864,-7.506,88.317,-0.272,-0.151,0.111,-0.646,-1.378,-9.546,-7.077,7.077,22.472,38.993
12637,16,2.728,-7.576,88.228,-0.272,-0.151,0.111,-0.804,-1.254,-9.877,-6.868,6.868,22.720,38.744
12638,16,2.635,-7.582,88.142,-0.307,-0.124,0.197,-0.804,-1.254,-9.877,-7.624,7.624,20.344,40.329
12639,16,2.465,-7.657,87.879,-0.209,-0.069,0.314,-0.813,-1.239,-9.786,-7.442,7.442,20.561,40.113
12640,16,2.397,-7.701,87.791,-0.209,-0.069,0.314,-0.813,-1.239,-9.786,-9.213,9.213,17.075,42.046
12641,16,2.333,-7.728,87.584,-0.209,-0.069,0.314,-0.924,-1.258,-9.862,-9.113,9.113,17.196,41.926
12642,16,2.299,-7.731,87.401,-0.182,-0.074,0.414,-0.924,-1.258,-9.862,-10.444,10.444,14.817,44.426
12643,16,2.262,-7.792,86.975,-0.117,-0.115,0.439,-0.880,-1.249,-9.666,-10.371,10.371,14.904,44.339
12644,16,2.232,-7.840,86.852,-0.117,-0.115,0.439,-0.880,-1.249,-9.666,-10.979,10.979,14.911,45.519
12645,16,2.246,-7.910,86.609,-0.117,-0.115,0.439,-0.880,-1.278,-9.570,-11.008,11.008,14.873,45.557
12646,16,2.304,-7.991,86.430,-0.018,-0.191,0.402,-0.880,-1.278,-9.570,-11.139,11.139,16.759,45.832
12647,16,2.427,-8.168,86.064,0.110,-0.247,0.343,-0.861,-1.364,-9.518,-11.150,11.150,16.743,45.848
12648,16,2.469,-8.241,85.968,0.110,-0.247,0.343,-0.861,-1.364,-9.518,-11.338,11.338,18.666,45.538
12649,16,2.567,-8.383,85.786,0.110,-0.247,0.343,-0.813,-1.369,-9.470,-11.513,11.513,18.447,45.757
12650,16,2.670,-8.516,85.654,0.074,-0.294,0.280,-0.813,-1.369,-9.470,-10.729,10.729,20.460,45.083
12651,16,2.736,-8.720,85.402,-0.051,-0.285,0.233,-0.742,-1.483,-9.293,-10.771,10.771,20.404,45.140
12652,16,2.699,-8.836,85.337,-0.051,-0.285,0.233,-0.742,-1.483,-9.293,-9.606,9.606,21.390,43.910
12653,16,2.687,-8.976,85.220,-0.051,-0.285,0.233,-0.574,-1.608,-9.077,-9.603,9.603,21.387,43.913
12654,16,2.700,-9.063,85.144,-0.105,-0.246,0.158,-0.574,-1.608,-9.077,-8.418,8.418,22.672,41.501
12655,16,2.670,-9.244,85.055,-0.023,-0.185,0.040,-0.464,-1.589,-8.982,-8.331,8.331,22.773,41.401
12656,16,2.644,-9.319,85.043,-0.023,-0.185,0.040,-0.464,-1.589,-8.982,-7.302,7.302,24.797,37.642
12657,16,2.651,-9.401,85.043,-0.023,-0.185,0.040,-0.536,-1.517,-9.226,-7.323,7.323,24.768,37.670
12658,16,2.669,-9.448,85.052,-0.003,-0.115,-0.046,-0.536,-1.517,-9.226,-6.382,6.382,25.874,34.556
12659,16,2.622,-9.491,85.112,-0.092,-0.032,-0.058,-0.469,-1.421,-9.283,-6.366,6.366,25.892,34.538
12660,16,2.584,-9.515,85.130,-0.092,-0.032,-0.058,-0.469,-1.421,-9.283,-5.659,5.659,25.142,32.913
12661,16,2.517,-9.508,85.153,-0.092,-0.032,-0.058,-0.287,-1.397,-9.178,-5.546,5.546,25.281,32.775
12662,16,2.443,-9.469,85.162,-0.162,0.035,-0.023,-0.287,-1.397,-9.178,-5.491,5.491,23.630,32.508
12663,16,2.349,-9.441,85.164,-0.077,0.042,0.020,-0.115,-1.416,-9.154,-5.398,5.398,23.744,32.394
12664,16,2.332,-9.429,85.158,-0.077,0.042,0.020,-0.115,-1.416,-9.154,-6.273,6.273,22.682,33.274
12665,16,2.323,-9.409,85.129,-0.077,0.042,0.020,-0.134,-1.526,-9.307,-6.257,6.257,22.702,33.253
12666,16,2.335,-9.408,85.106,0.017,0.004,0.085,-0.134,-1.526,-9.307,-7.558,7.558,21.586,35.435
12667,16,2.399,-9.410,84.967,0.065,-0.019,0.158,-0.292,-1.622,-9.508,-7.588,7.588,21.551,35.471
12668,16,2.433,-9.403,84.919,0.065,-0.019,0.158,-0.292,-1.622,-9.508,-8.865,8.865,19.912,37.779
12669,16,2.468,-9.402,84.822,0.065,-0.019,0.158,-0.316,-1.651,-9.494,-8.924,8.924,19.839,37.852
12670,16,2.475,-9.404,84.769,-0.005,-0.005,0.184,-0.316,-1.651,-9.494,-8.917,8.917,18.961,38.334
12671,16,2.456,-9.369,84.590,-0.082,0.037,0.125,-0.273,-1.574,-9.360,-8.939,8.939,18.935,38.360
12672,16,2.433,-9.359,84.555,-0.082,0.037,0.125,-0.273,-1.574,-9.360,-7.714,7.714,19.937,36.141
12673,16,2.385,-9.321,84.518,-0.082,0.037,0.125,-0.100,-1.402,-9.254,-7.629,7.629,20.043,36.035
12674,16,2.318,-9.270,84.517,-0.114,0.085,0.013,-0.100,-1.402,-9.254,-5.954,5.954,22.300,32.408
12675,16,2.206,-9.171,84.553,-0.113,0.137,-0.059,0.038,-1.340,-9.264,-5.892,5.892,22.376,32.332
12676,16,2.172,-9.128,84.572,-0.113,0.137,-0.059,0.038,-1.340,-9.264,-4.810,4.810,23.658,29.559
12677,16,2.099,-9.023,84.610,-0.113,0.137,-0.059,0.163,-1.196,-9.384,-4.680,4.680,23.822,29.395
12678,16,2.013,-8.908,84.632,-0.107,0.232,-0.052,0.163,-1.196,-9.384,-4.638,4.638,22.499,28.008
12679,16,1.892,-8.668,84.664,-0.112,0.336,0.022,0.230,-1.125,-9.546,-4.598,4.598,22.551,27.957
12680,16,1.891,-8.534,84.659,-0.112,0.336,0.022,0.230,-1.125,-9.546,-5.310,5.310,19.455,28.100
12681,16,1.825,-8.328,84.616,-0.112,0.336,0.022,0.172,-1.263,-9.680,-5.185,5.185,19.614,27.942
12682,16,1.720,-8.154,84.579,-0.117,0.372,0.160,0.172,-1.263,-9.680,-6.693,6.693,15.889,30.631
12683,16,1.650,-7.853,84.332,-0.099,0.321,0.297,0.124,-1.335,-9.685,-6.692,6.692,15.895,30.626
12684,16,1.664,-7.723,84.249,-0.099,0.321,0.297,0.124,-1.335,-9.685,-8.380,8.380,13.343,34.638
12685,16,1.645,-7.555,84.067,-0.099,0.321,0.297,0.038,-1.325,-9.647,-8.338,8.338,13.399,34.583
12686,16,1.604,-7.445,83.972,-0.023,0.260,0.356,0.038,-1.325,-9.647,-9.375,9.375,12.894,36.822
12687,16,1.624,-7.234,83.585,-0.018,0.222,0.325,-0.144,-1.273,-9.757,-9.437,9.437,12.823,36.894
12688,16,1.655,-7.137,83.488,-0.018,0.222,0.325,-0.144,-1.273,-9.757,-9.075,9.075,14.151,36.661
12689,16,1.658,-7.016,83.331,-0.018,0.222,0.325,-0.153,-1.249,-9.704,-9.070,9.070,14.160,36.652
12690,16,1.629,-6.930,83.265,-0.006,0.210,0.235,-0.153,-1.249,-9.704,-7.960,7.960,16.627,34.520
12691,16,1.614,-6.752,83.055,-0.060,0.191,0.135,-0.230,-1.321,-9.877,-8.004,8.004,16.577,34.570
12692,16,1.614,-6.680,83.017,-0.060,0.191,0.135,-0.230,-1.321,-9.877,-6.401,6.401,19.460,32.234
12693,16,1.570,-6.568,82.967,-0.060,0.191,0.135,-0.196,-1.196,-9.915,-6.326,6.326,19.554,32.141
12694,16,1.503,-6.470,82.955,-0.085,0.217,0.050,-0.196,-1.196,-9.915,-5.023,5.023,21.438,29.495
12695,16,1.423,-6.281,82.930,-0.074,0.248,-0.009,-0.057,-1.134,-9.848,-5.005,5.005,21.462,29.472
12696,16,1.422,-6.187,82.932,-0.074,0.248,-0.009,-0.057,-1.134,-9.848,-4.207,4.207,22.638,27.413
12697,16,1.379,-6.056,82.944,-0.074,0.248,-0.009,0.167,-1.129,-9.824,-4.133,4.133,22.730,27.321
12698,16,1.312,-5.951,82.954,-0.060,0.244,-0.032,0.167,-1.129,-9.824,-3.802,3.802,23.507,26.666
12699,16,1.253,-5.746,82.992,-0.042,0.264,-0.042,0.278,-1.139,-10.006,-3.798,3.798,23.513,26.660
12700,16,1.263,-5.644,83.000,-0.042,0.264,-0.042,0.278,-1.139,-10.006,-3.682,3.682,23.572,26.023
12701,16,1.245,-5.489,83.018,-0.042,0.264,-0.042,0.297,-1.120,-10.274,-3.647,3.647,23.616,25.978
12702,16,1.205,-5.365,83.027,0.019,0.319,-0.030,0.297,-1.120,-10.274,-4.031,4.031,22.629,25.413
12703,16,1.225,-5.088,83.037,0.086,0.389,0.014,0.225,-0.962,-10.714,-4.085,4.085,22.568,25.474
12704,16,1.306,-4.912,83.031,0.086,0.389,0.014,0.225,-0.962,-10.714,-5.040,5.040,20.392,25.641
12705,16,1.333,-4.687,83.006,0.086,0.389,0.014,0.105,-0.804,-11.121,-5.068,5.068,20.365,25.669
12706,16,1.284,-4.521,82.988,0.038,0.427,0.084,0.105,-0.804,-11.121,-5.626,5.626,18.158,26.780
12707,16,1.279,-4.166,82.874,-0.032,0.405,0.123,0.096,-0.584,-11.192,-5.719,5.719,18.054,26.884
12708,16,1.314,-4.000,82.843,-0.032,0.405,0.123,0.096,-0.584,-11.192,-5.771,5.771,17.511,28.066
12709,16,1.282,-3.810,82.779,-0.032,0.405,0.123,0.182,-0.536,-10.934,-5.716,5.716,17.580,27.997
12710,16,1.210,-3.686,82.753,-0.063,0.285,0.108,0.182,-0.536,-10.934,-5.266,5.266,19.787,29.199
12711,16,1.189,-3.547,82.664,-0.032,0.063,0.059,0.345,-0.613,-10.561,-5.271,5.271,19.784,29.202
12712,16,1.176,-3.531,82.650,-0.032,0.063,0.059,0.345,-0.613,-10.561,-4.752,4.752,24.260,31.087
12713,16,1.174,-3.570,82.642,-0.032,0.063,0.059,0.483,-0.617,-10.231,-4.751,4.751,24.261,31.086
12714,16,1.221,-3.649,82.642,0.071,-0.174,-0.010,0.483,-0.617,-10.231,-4.487,4.487,29.259,32.845
12715,16,1.317,-3.884,82.688,0.152,-0.337,-0.066,0.483,-0.761,-10.001,-4.479,4.479,29.266,32.838
12716,16,1.318,-4.021,82.708,0.152,-0.337,-0.066,0.483,-0.761,-10.001,-4.342,4.342,32.808,33.952
12717,16,1.386,-4.227,82.747,0.152,-0.337,-0.066,0.373,-0.866,-9.963,-4.453,4.453,32.674,34.087
12718,16,1.496,-4.399,82.761,0.153,-0.375,-0.067,0.373,-0.866,-9.963,-4.615,4.615,33.046,34.811
12719,16,1.559,-4.686,82.828,0.101,-0.301,-0.044,0.301,-0.919,-9.924,-4.610,4.610,33.047,34.809
12720,16,1.544,-4.809,82.839,0.101,-0.301,-0.044,0.301,-0.919,-9.924,-4.741,4.741,31.288,34.468
12721,16,1.561,-4.947,82.861,0.101,-0.301,-0.044,0.292,-0.900,-9.886,-4.776,4.776,31.243,34.513
12722,16,1.585,-5.020,82.868,0.032,-0.180,-0.025,0.292,-0.900,-9.886,-4.709,4.709,28.979,33.307
12723,16,1.541,-5.127,82.906,-0.037,-0.096,-0.018,0.201,-0.885,-9.862,-4.677,4.677,29.016,33.271
12724,16,1.499,-5.179,82.914,-0.037,-0.096,-0.018,0.201,-0.885,-9.862,-4.325,4.325,27.753,32.129
12725,16,1.459,-5.229,82.940,-0.037,-0.096,-0.018,0.163,-0.866,-9.771,-4.267,4.267,27.819,32.063
12726,16,1.442,-5.253,82.958,-0.029,-0.079,-0.044,0.163,-0.866,-9.771,-3.967,3.967,28.242,31.153
12727,16,1.438,-5.348,83.053,0.077,-0.116,-0.096,0.043,-0.818,-9.743,-3.915,3.915,28.302,31.093
12728,16,1.437,-5.391,83.087,0.077,-0.116,-0.096,0.043,-0.818,-9.743,-3.842,3.842,30.075,30.385
12729,16,1.475,-5.471,83.164,0.077,-0.116,-0.096,-0.086,-0.809,-9.781,-3.905,3.905,30.000,30.461
12730,16,1.540,-5.554,83.212,0.129,-0.173,-0.154,-0.086,-0.809,-9.781,-3.536,3.536,32.147,29.926
12738,16,2.011,-6.936,84.772,0.189,-0.338,-0.477,0.124,-1.282,-9.623,-0.624,0.624,41.549,25.243
12748,16,3.012,-7.293,87.693,0.116,0.110,-0.519,-0.220,-0.914,-10.202,-1.353,1.353,34.244,19.764
12756,16,3.777,-8.187,89.539,0.315,-0.339,-0.292,-0.560,-1.436,-9.585,-6.537,6.537,33.292,33.529
12757,16,3.924,-8.378,89.685,0.315,-0.339,-0.292,-0.766,-1.660,-9.489,-6.806,6.806,32.952,33.870
12758,16,4.084,-8.548,89.744,0.320,-0.313,-0.268,-0.766,-1.660,-9.489,-7.410,7.410,31.637,34.454
12759,16,4.301,-8.800,89.994,0.326,-0.263,-0.272,-0.952,-1.751,-9.455,-7.533,7.533,31.481,34.610
12760,16,4.381,-8.880,90.106,0.326,-0.263,-0.272,-0.952,-1.751,-9.455,-7.950,7.950,30.311,34.350
12761,16,4.503,-9.015,90.253,0.326,-0.263,-0.272,-1.058,-1.833,-9.494,-8.179,8.179,30.021,34.639
12762,16,4.609,-9.130,90.324,0.228,-0.193,-0.297,-1.058,-1.833,-9.494,-7.567,7.567,29.405,33.247
12763,16,4.690,-9.261,90.628,0.124,-0.118,-0.365,-0.947,-1.861,-9.470,-7.646,7.646,29.303,33.348
12764,16,4.697,-9.314,90.777,0.124,-0.118,-0.365,-0.947,-1.861,-9.470,-6.377,6.377,29.805,30.716
12765,16,4.734,-9.392,90.987,0.124,-0.118,-0.365,-1.091,-1.943,-9.604,-6.455,6.455,29.702,30.819
12766,16,4.787,-9.454,91.094,0.147,-0.089,-0.413,-1.091,-1.943,-9.604,-6.075,6.075,30.360,29.339
12767,16,4.855,-9.571,91.443,0.152,-0.116,-0.333,-1.459,-2.120,-9.738,-6.102,6.102,30.324,29.375
12768,16,4.882,-9.619,91.579,0.152,-0.116,-0.333,-1.459,-2.120,-9.738,-7.295,7.295,28.491,31.969
12769,16,4.951,-9.708,91.723,0.152,-0.116,-0.333,-1.804,-2.082,-9.695,-7.431,7.431,28.317,32.143
12770,16,5.040,-9.806,91.774,0.180,-0.148,-0.241,-1.804,-2.082,-9.695,-8.899,8.899,26.238,35.136
12773,16,5.368,-10.096,92.225,0.238,-0.148,-0.249,-1.924,-1.593,-9.561,-9.702,9.702,25.660,35.713
12774,16,5.455,-10.179,92.313,0.193,-0.097,-0.361,-1.924,-1.593,-9.561,-8.250,8.250,27.510,32.403
12775,16,5.494,-10.221,92.706,0.054,0.020,-0.501,-1.694,-1.354,-9.561,-8.334,8.334,27.403,32.510
12776,16,5.493,-10.233,92.919,0.054,0.020,-0.501,-1.694,-1.354,-9.561,-5.891,5.891,29.223,27.341
12777,16,5.447,-10.221,93.214,0.054,0.020,-0.501,-1.321,-1.378,-9.513,-5.810,5.810,29.324,27.241
12778,16,5.375,-10.173,93.374,-0.083,0.115,-0.554,-1.321,-1.378,-9.513,-4.322,4.322,29.472,24.384
12779,16,5.211,-10.090,93.902,-0.138,0.141,-0.499,-0.957,-1.340,-9.446,-4.219,4.219,29.600,24.256
12780,16,5.144,-10.076,94.117,-0.138,0.141,-0.499,-0.957,-1.340,-9.446,-4.323,4.323,28.242,24.883
12781,16,5.053,-10.016,94.361,-0.138,0.141,-0.499,-0.699,-1.316,-9.470,-4.154,4.154,28.454,24.671
12782,16,4.994,-9.957,94.466,-0.076,0.128,-0.362,-0.699,-1.316,-9.470,-6.060,6.060,25.372,28.118
12783,16,4.900,-9.874,94.799,-0.076,0.128,-0.362,-0.699,-1.316,-9.470,-5.988,5.988,25.464,28.027
12784,16,4.898,-9.842,94.877,-0.027,0.098,-0.179,-0.589,-1.287,-9.393,-8.408,8.408,21.457,32.886
12785,16,4.874,-9.789,94.983,-0.027,0.098,-0.179,-0.589,-1.287,-9.355,-8.355,8.355,21.526,32.816
12786,16,4.884,-9.779,94.982,0.028,0.025,-0.002,-0.488,-1.388,-9.355,-10.853,10.853,18.138,38.305
12787,16,4.942,-9.773,94.958,0.028,0.025,-0.002,-0.488,-1.388,-9.355,-10.887,10.887,18.097,38.346
12788,16,4.997,-9.761,94.894,0.107,-0.045,0.133,-0.569,-1.684,-9.350,-13.123,13.123,15.519,42.902
12791,16,5.277,-9.815,94.459,0.112,-0.038,0.232,-0.871,-1.938,-9.542,-14.742,14.742,12.514,45.725
12792,16,5.385,-9.758,94.332,0.190,0.029,0.273,-0.799,-2.000,-9.561,-15.932,15.932,10.183,46.138
12793,16,5.517,-9.727,94.160,0.190,0.029,0.273,-0.799,-2.000,-9.987,-16.146,16.146,9.923,46.398
12794,16,5.525,-9.688,94.074,-0.014,0.114,0.278,-1.048,-2.029,-9.987,-15.199,15.199,8.571,45.315
12795,16,5.530,-9.548,93.794,-0.014,0.114,0.278,-1.048,-2.029,-9.987,-15.207,15.207,8.569,45.317
12796,16,5.568,-9.463,93.666,-0.009,0.175,0.266,-1.019,-2.216,-10.068,-15.093,15.093,8.001,44.151
12797,16,5.586,-9.353,93.508,-0.009,0.175,0.266,-1.019,-2.216,-10.475,-15.096,15.096,8.008,44.144
12798,16,5.565,-9.318,93.410,-0.124,0.105,0.320,-1.263,-2.555,-10.475,-15.143,15.143,7.722,46.408
12799,16,5.502,-9.211,93.061,-0.124,0.105,0.320,-1.263,-2.555,-10.475,-15.056,15.056,7.834,46.295
12800,16,5.471,-9.213,92.875,-0.119,-0.004,0.380,-1.431,-2.584,-10.403,-15.742,15.742,8.003,49.261
12801,16,5.441,-9.210,92.634,-0.119,-0.004,0.380,-1.431,-2.584,-10.360,-15.690,15.690,8.066,49.198
12802,16,5.427,-9.236,92.512,-0.117,-0.100,0.379,-1.646,-2.144,-10.360,-15.672,15.672,9.479,50.525
12803,16,5.413,-9.329,92.090,-0.117,-0.100,0.379,-1.646,-2.144,-10.360,-15.646,15.646,9.507,50.497
12804,16,5.387,-9.381,91.935,-0.081,-0.125,0.313,-1.928,-1.670,-10.413,-14.997,14.997,11.505,49.199
12805,16,5.383,-9.446,91.731,-0.081,-0.125,0.313,-1.928,-1.670,-10.441,-15.006,15.006,11.488,49.216
12806,16,5.373,-9.474,91.646,-0.100,-0.105,0.245,-2.082,-1.402,-10.441,-14.047,14.047,12.929,47.227
12807,16,5.349,-9.555,91.374,-0.100,-0.105,0.245,-2.082,-1.402,-10.441,-14.027,14.027,12.948,47.208
12808,16,5.283,-9.609,91.275,-0.177,-0.108,0.203,-1.986,-1.220,-10.231,-13.027,13.027,14.129,46.088
12809,16,5.223,-9.662,91.148,-0.177,-0.108,0.203,-1.986,-1.220,-9.819,-12.941,12.941,14.231,45.986
12810,16,5.188,-9.703,91.092,-0.191,-0.161,0.165,-1.665,-1.168,-9.819,-12.343,12.343,16.007,45.732
12811,16,5.108,-9.847,90.904,-0.191,-0.161,0.165,-1.665,-1.168,-9.819,-12.248,12.248,16.117,45.622
12812,16,5.048,-9.951,90.835,-0.134,-0.245,0.150,-1.369,-1.325,-9.479,-12.261,12.261,17.779,46.364
12815,16,5.084,-10.452,90.462,-0.055,-0.313,0.175,-1.273,-1.498,-9.211,-13.012,13.012,18.047,48.044
12824,16,5.304,-11.262,89.079,-0.099,0.030,0.221,-1.349,-2.350,-9.106,-14.077,14.077,11.042,45.249
12828,16,5.208,-11.050,88.655,-0.084,0.109,0.117,-1.072,-2.426,-9.312,-12.639,12.639,12.791,41.247
12829,16,5.190,-10.992,88.578,-0.084,0.109,0.117,-1.072,-2.426,-9.417,-12.593,12.593,12.854,41.185
12830,16,5.179,-10.973,88.552,-0.071,0.079,0.065,-0.981,-2.493,-9.417,-11.982,11.982,14.614,40.277
12831,16,5.144,-10.908,88.469,-0.071,0.079,0.065,-0.981,-2.493,-9.417,-11.941,11.941,14.668,40.223
12832,16,5.133,-10.905,88.453,-0.058,0.046,0.003,-0.876,-2.393,-9.479,-11.181,11.181,16.757,39.077
12833,16,5.110,-10.894,88.431,-0.058,0.046,0.003,-0.876,-2.393,-9.455,-11.139,11.139,16.810,39.024
12834,16,5.089,-10.894,88.443,-0.083,0.031,-0.079,-0.742,-2.096,-9.455,-9.950,9.950,19.119,37.141
12835,16,4.993,-10.867,88.500,-0.083,0.031,-0.079,-0.742,-2.096,-9.455,-9.867,9.867,19.221,37.039
12836,16,4.914,-10.891,88.557,-0.165,0.035,-0.163,-0.502,-1.751,-9.235,-8.184,8.184,21.539,34.600
12837,16,4.810,-10.892,88.631,-0.165,0.035,-0.163,-0.502,-1.751,-9.197,-8.004,8.004,21.761,34.377
12838,16,4.750,-10.880,88.685,-0.179,0.074,-0.210,-0.340,-1.479,-9.197,-7.242,7.242,22.518,32.524
12839,16,4.529,-10.810,88.873,-0.179,0.074,-0.210,-0.340,-1.479,-9.197,-7.029,7.029,22.785,32.258
12840,16,4.466,-10.802,88.934,-0.147,0.097,-0.170,-0.292,-1.273,-9.245,-7.388,7.388,21.833,32.540
12843,16,4.220,-10.628,89.080,-0.092,0.095,-0.064,-0.349,-1.110,-9.326,-8.642,8.642,19.647,34.787
12844,16,4.206,-10.582,89.059,-0.072,0.119,0.046,-0.435,-1.048,-9.446,-9.969,9.969,16.735,36.999
12848,16,4.181,-10.125,88.857,-0.013,0.234,0.148,-0.502,-1.378,-9.843,-11.413,11.413,12.730,37.716
12849,16,4.185,-9.979,88.787,-0.013,0.234,0.148,-0.502,-1.378,-10.078,-11.392,11.392,12.767,37.680
12850,16,4.185,-9.910,88.753,-0.013,0.224,0.137,-0.632,-1.584,-10.078,-11.245,11.245,13.208,37.544
12853,16,4.262,-9.473,88.557,0.059,0.184,0.104,-0.675,-1.622,-10.322,-11.233,11.233,14.573,37.305
12854,16,4.269,-9.437,88.533,0.011,0.118,0.096,-0.756,-1.684,-10.322,-10.891,10.891,15.727,38.038
12855,16,4.271,-9.314,88.453,0.011,0.118,0.096,-0.756,-1.684,-10.322,-10.894,10.894,15.729,38.035
12856,16,4.261,-9.299,88.424,-0.049,0.038,0.070,-0.665,-1.718,-10.140,-10.233,10.233,17.567,38.480
12857,16,4.233,-9.273,88.388,-0.049,0.038,0.070,-0.665,-1.718,-9.891,-10.182,10.182,17.630,38.417
12858,16,4.222,-9.281,88.381,-0.044,-0.027,0.026,-0.603,-1.847,-9.891,-9.632,9.632,19.699,38.205
12859,16,4.202,-9.317,88.351,-0.044,-0.027,0.026,-0.603,-1.847,-9.891,-9.591,9.591,19.748,38.156
12860,16,4.198,-9.352,88.348,0.033,-0.087,0.007,-0.603,-1.991,-9.714,-9.764,9.764,21.045,38.594
12861,16,4.217,-9.404,88.337,0.033,-0.087,0.007,-0.603,-1.991,-9.637,-9.806,9.806,20.990,38.649
12862,16,4.241,-9.440,88.331,0.091,-0.121,0.006,-0.598,-1.967,-9.637,-10.126,10.126,21.444,39.168
12863,16,4.342,-9.570,88.303,0.091,-0.121,0.006,-0.598,-1.967,-9.637,-10.223,10.223,21.321,39.292
12864,16,4.361,-9.602,88.300,0.083,-0.088,0.000,-0.603,-1.971,-9.585,-10.241,10.241,20.836,38.833
12865,16,4.402,-9.655,88.289,0.083,-0.088,0.000,-0.603,-1.971,-9.623,-10.321,10.321,20.733,38.936
12866,16,4.415,-9.663,88.290,0.048,-0.018,-0.011,-0.617,-2.029,-9.623,-10.035,10.035,19.967,37.693
12867,16,4.445,-9.687,88.292,0.048,-0.018,-0.011,-0.617,-2.029,-9.623,-10.076,10.076,19.915,37.745
12868,16,4.462,-9.670,88.294,0.038,0.044,-0.017,-0.632,-1.991,-9.695,-9.987,9.987,19.145,36.750
12869,16,4.478,-9.653,88.300,0.038,0.044,-0.017,-0.632,-1.991,-9.833,-10.011,10.011,19.117,36.778
12870,16,4.488,-9.637,88.303,0.043,0.067,-0.020,-0.727,-1.838,-9.833,-10.005,10.005,18.848,36.378
12871,16,4.512,-9.590,88.320,0.043,0.067,-0.020,-0.727,-1.838,-9.833,-10.025,10.025,18.825,36.400
12872,16,4.531,-9.571,88.334,0.048,0.050,-0.033,-0.790,-1.660,-9.920,-9.931,9.931,19.344,36.369
12873,16,4.552,-9.549,88.348,0.048,0.050,-0.033,-0.790,-1.660,-9.967,-9.961,9.961,19.308,36.404
12874,16,4.563,-9.552,88.367,0.053,0.011,-0.067,-0.833,-1.541,-9.967,-9.580,9.580,20.700,36.138
12875,16,4.601,-9.563,88.433,0.053,0.011,-0.067,-0.833,-1.541,-9.967,-9.612,9.612,20.661,36.177
12876,16,4.608,-9.581,88.481,0.049,-0.033,-0.111,-0.766,-1.531,-9.896,-9.095,9.095,22.313,35.773
12877,16,4.621,-9.606,88.544,0.049,-0.033,-0.111,-0.766,-1.531,-9.743,-9.121,9.121,22.279,35.807
12878,16,4.625,-9.635,88.584,0.040,-0.078,-0.150,-0.598,-1.507,-9.743,-8.600,8.600,23.885,35.480
12885,16,4.906,-10.012,89.041,0.110,-0.055,-0.017,-0.498,-1.732,-9.920,-11.166,11.166,19.522,39.203
12886,16,4.931,-10.013,89.019,0.089,-0.020,0.083,-0.699,-1.924,-9.920,-12.358,12.358,16.466,41.255
12887,16,5.014,-10.030,88.931,0.089,-0.020,0.083,-0.699,-1.924,-9.920,-12.443,12.443,16.361,41.360
12888,16,5.037,-10.017,88.882,0.050,-0.003,0.107,-0.924,-1.967,-9.934,-12.635,12.635,15.413,41.821
12889,16,5.063,-10.024,88.818,0.050,-0.003,0.107,-0.924,-1.967,-9.905,-12.680,12.680,15.357,41.877
12890,16,5.059,-10.013,88.806,-0.029,-0.002,0.027,-0.976,-1.809,-9.905,-11.278,11.278,17.352,39.852
12891,16,5.022,-10.009,88.795,-0.029,-0.002,0.027,-0.976,-1.809,-9.905,-11.243,11.243,17.395,39.809
12892,16,4.999,-10.017,88.834,-0.027,0.010,-0.099,-0.876,-1.680,-9.833,-9.617,9.617,20.450,36.419
12893,16,4.974,-10.010,88.888,-0.027,0.010,-0.099,-0.876,-1.680,-9.929,-9.574,9.574,20.504,36.365
12894,16,4.928,-10.024,88.934,-0.118,-0.018,-0.159,-0.756,-1.723,-9.929,-8.295,8.295,22.482,35.179
12895,16,4.785,-10.038,89.070,-0.118,-0.018,-0.159,-0.756,-1.723,-9.929,-8.147,8.147,22.662,34.998
12896,16,4.708,-10.088,89.137,-0.127,-0.055,-0.124,-0.579,-1.780,-9.771,-8.333,8.333,22.573,36.153
12897,16,4.653,-10.096,89.196,-0.127,-0.055,-0.124,-0.579,-1.780,-9.647,-8.242,8.242,22.684,36.041
12898,16,4.607,-10.151,89.210,-0.042,-0.086,-0.059,-0.498,-1.727,-9.647,-9.415,9.415,21.577,38.031
12899,16,4.563,-10.235,89.246,-0.042,-0.086,-0.059,-0.498,-1.727,-9.647,-9.368,9.368,21.632,37.976
12900,16,4.532,-10.287,89.234,-0.042,-0.105,0.010,-0.636,-1.603,-9.747,-10.168,10.168,20.259,39.897
12901,16,4.529,-10.321,89.218,-0.042,-0.105,0.010,-0.636,-1.603,-9.599,-10.170,10.170,20.254,39.902
12902,16,4.503,-10.363,89.201,-0.017,-0.076,0.059,-0.708,-1.474,-9.599,-10.871,10.871,18.642,40.662
12903,16,4.489,-10.415,89.148,-0.017,-0.076,0.059,-0.708,-1.474,-9.599,-10.863,10.863,18.648,40.656
12904,16,4.467,-10.436,89.097,-0.058,-0.047,0.085,-0.837,-1.464,-9.685,-10.953,10.953,17.619,40.863
12905,16,4.454,-10.441,89.049,-0.058,-0.047,0.085,-0.837,-1.464,-9.613,-10.933,10.933,17.644,40.838
12906,16,4.419,-10.453,89.027,-0.096,-0.025,0.079,-0.866,-1.421,-9.613,-10.603,10.603,17.555,40.288
12907,16,4.332,-10.444,88.968,-0.096,-0.025,0.079,-0.866,-1.421,-9.613,-10.522,10.522,17.655,40.188
12908,16,4.281,-10.468,88.934,-0.129,-0.029,0.061,-0.866,-1.512,-9.532,-9.978,9.978,18.356,39.609
12909,16,4.231,-10.455,88.905,-0.129,-0.029,0.061,-0.866,-1.512,-9.412,-9.891,9.891,18.465,39.500
12910,16,4.180,-10.477,88.896,-0.135,-0.029,0.043,-0.770,-1.627,-9.412,-9.549,9.549,19.019,38.946
12911,16,4.060,-10.475,88.872,-0.135,-0.029,0.043,-0.770,-1.627,-9.412,-9.430,9.430,19.165,38.799
12912,16,4.014,-10.497,88.868,-0.110,-0.030,0.016,-0.665,-1.718,-9.321,-9.063,9.063,20.046,37.949
12913,16,3.974,-10.492,88.865,-0.110,-0.030,0.016,-0.665,-1.718,-9.321,-8.994,8.994,20.131,37.864
12914,16,3.934,-10.507,88.868,-0.091,-0.007,0.004,-0.603,-1.804,-9.345,-8.878,8.878,20.185,37.171
12915,16,3.839,-10.489,88.875,-0.091,-0.007,0.004,-0.603,-1.804,-9.345,-8.792,8.792,20.291,37.065
12916,16,3.812,-10.481,88.868,-0.087,0.040,0.012,-0.536,-1.842,-9.398,-8.773,8.773,19.581,36.406
12917,16,3.770,-10.449,88.865,-0.087,0.040,0.012,-0.536,-1.842,-9.398,-8.694,8.694,19.680,36.307
12918,16,3.743,-10.431,88.856,-0.092,0.072,0.032,-0.512,-1.804,-9.455,-8.877,8.877,18.779,36.295
12919,16,3.647,-10.340,88.838,-0.092,0.072,0.032,-0.512,-1.804,-9.455,-8.785,8.785,18.895,36.178
12920,16,3.615,-10.319,88.802,-0.107,0.072,0.062,-0.469,-1.785,-9.455,-8.936,8.936,18.335,36.738
12921,16,3.565,-10.271,88.768,-0.107,0.072,0.062,-0.469,-1.785,-9.455,-8.843,8.843,18.453,36.620
12922,16,3.547,-10.256,88.748,-0.070,0.064,0.079,-0.397,-1.766,-9.441,-9.204,9.204,18.191,37.126
12923,16,3.487,-10.190,88.686,-0.070,0.064,0.079,-0.397,-1.766,-9.441,-9.140,9.140,18.273,37.044
12924,16,3.508,-10.156,88.637,0.004,0.069,0.083,-0.421,-1.742,-9.599,-9.547,9.547,18.116,37.048
12925,16,3.504,-10.127,88.594,0.004,0.069,0.083,-0.421,-1.742,-9.599,-9.536,9.536,18.132,37.032
12926,16,3.531,-10.086,88.563,0.033,0.088,0.112,-0.608,-1.876,-9.819,-10.078,10.078,17.093,37.523
12927,16,3.563,-9.999,88.471,0.033,0.088,0.112,-0.608,-1.876,-9.819,-10.120,10.120,17.045,37.572
12928,16,3.604,-9.946,88.387,0.028,0.109,0.148,-0.746,-1.919,-9.953,-10.604,10.604,15.784,38.255
12929,16,3.610,-9.904,88.306,0.028,0.109,0.148,-0.746,-1.919,-9.953,-10.608,10.608,15.782,38.257
12930,16,3.645,-9.850,88.268,0.027,0.108,0.140,-0.790,-1.814,-10.034,-10.546,10.546,15.952,38.117
12931,16,3.683,-9.752,88.149,0.027,0.108,0.140,-0.790,-1.814,-10.034,-10.587,10.587,15.906,38.163
12932,16,3.709,-9.712,88.096,0.023,0.078,0.094,-0.794,-1.766,-10.082,-10.042,10.042,17.427,37.494
12933,16,3.721,-9.683,88.041,0.023,0.078,0.094,-0.794,-1.766,-10.082,-10.057,10.057,17.411,37.510
12934,16,3.747,-9.662,88.022,0.032,0.021,0.053,-0.780,-1.842,-10.054,-9.634,9.634,19.182,37.352
12935,16,3.796,-9.660,87.971,0.032,0.021,0.053,-0.780,-1.842,-10.054,-9.674,9.674,19.133,37.401
12936,16,3.812,-9.671,87.937,0.037,-0.034,0.051,-0.770,-1.924,-9.991,-9.743,9.743,19.891,38.226
12937,16,3.837,-9.692,87.902,0.037,-0.034,0.051,-0.770,-1.924,-9.991,-9.790,9.790,19.832,38.285
12938,16,3.847,-9.714,87.880,0.011,-0.076,0.068,-0.723,-1.866,-9.872,-9.891,9.891,19.973,39.331
12939,16,3.882,-9.797,87.810,0.011,-0.076,0.068,-0.723,-1.866,-9.872,-9.919,9.919,19.935,39.369
12940,16,3.880,-9.838,87.764,0.007,-0.095,0.069,-0.694,-1.780,-9.685,-9.965,9.965,20.118,39.734
12941,16,3.905,-9.881,87.718,0.007,-0.095,0.069,-0.694,-1.780,-9.685,-10.015,10.015,20.054,39.798
12942,16,3.907,-9.920,87.696,0.031,-0.100,0.060,-0.684,-1.799,-9.623,-10.024,10.024,20.352,39.652
12943,16,3.968,-10.029,87.632,0.031,-0.100,0.060,-0.684,-1.799,-9.623,-10.076,10.076,20.284,39.720
12944,16,3.976,-10.063,87.605,0.046,-0.093,0.049,-0.679,-1.814,-9.642,-10.107,10.107,20.328,39.463
12945,16,4.017,-10.108,87.570,0.046,-0.093,0.049,-0.679,-1.814,-9.642,-10.186,10.186,20.228,39.563
12946,16,4.029,-10.132,87.556,0.056,-0.059,0.047,-0.718,-1.881,-9.723,-10.237,10.237,19.762,39.055
12953,16,4.053,-10.150,87.436,-0.036,0.021,0.011,-0.708,-1.771,-9.704,-9.365,9.365,19.471,37.063
12954,16,4.038,-10.145,87.435,-0.036,0.021,0.011,-0.670,-1.689,-9.676,-9.338,9.338,19.504,37.030
12955,16,4.011,-10.143,87.428,-0.031,0.000,0.013,-0.670,-1.689,-9.676,-9.364,9.364,19.789,37.354
12956,16,4.000,-10.150,87.419,-0.031,0.000,0.016,-0.670,-1.608,-9.676,-9.368,9.368,19.753,37.389
12957,16,3.995,-10.151,87.412,-0.023,-0.009,0.016,-0.670,-1.608,-9.728,-9.398,9.398,19.884,37.502
12958,16,3.983,-10.158,87.410,-0.023,-0.009,0.016,-0.675,-1.603,-9.776,-9.379,9.379,19.907,37.479
12959,16,3.969,-10.175,87.383,-0.027,-0.023,0.033,-0.675,-1.603,-9.776,-9.560,9.560,19.713,38.100
12960,16,3.954,-10.192,87.359,-0.027,-0.023,0.056,-0.689,-1.622,-9.776,-9.825,9.825,19.160,38.652
12961,16,3.946,-10.202,87.339,-0.043,-0.043,0.056,-0.689,-1.622,-9.814,-9.734,9.734,19.447,38.913
12962,16,3.928,-10.221,87.318,-0.043,-0.043,0.056,-0.694,-1.632,-9.833,-9.707,9.707,19.479,38.881
12965,16,3.884,-10.323,87.182,-0.053,-0.080,0.087,-0.756,-1.656,-9.833,-9.983,9.983,19.302,40.123
12966,16,3.858,-10.356,87.148,-0.053,-0.080,0.087,-0.751,-1.694,-9.790,-9.945,9.945,19.348,40.077
12967,16,3.844,-10.426,87.075,-0.036,-0.094,0.092,-0.751,-1.694,-9.790,-10.076,10.076,19.445,40.377
12968,16,3.833,-10.477,87.027,-0.036,-0.094,0.092,-0.737,-1.742,-9.790,-10.062,10.062,19.458,40.364
12969,16,3.838,-10.512,86.988,-0.047,-0.105,0.089,-0.737,-1.742,-9.795,-9.997,9.997,19.658,40.498
12970,16,3.812,-10.555,86.954,-0.047,-0.105,0.089,-0.727,-1.747,-9.690,-9.961,9.961,19.700,40.456
12973,16,3.745,-10.729,86.802,-0.061,-0.119,0.087,-0.727,-1.823,-9.633,-9.780,9.780,20.045,40.507
12974,16,3.715,-10.783,86.769,-0.061,-0.119,0.087,-0.775,-1.861,-9.566,-9.737,9.737,20.095,40.457
12975,16,3.696,-10.880,86.688,-0.046,-0.128,0.100,-0.775,-1.861,-9.566,-9.961,9.961,19.906,40.889
12976,16,3.684,-10.943,86.629,-0.046,-0.128,0.100,-0.723,-1.909,-9.566,-9.946,9.946,19.919,40.876
12977,16,3.690,-10.988,86.584,-0.051,-0.126,0.100,-0.723,-1.909,-9.460,-9.939,9.939,19.862,40.872
12978,16,3.665,-11.041,86.546,-0.051,-0.126,0.100,-0.613,-1.871,-9.336,-9.905,9.905,19.901,40.834
12979,16,3.631,-11.123,86.494,-0.058,-0.107,0.065,-0.613,-1.871,-9.336,-9.405,9.405,20.538,39.649
12980,16,3.612,-11.170,86.474,-0.058,-0.107,0.065,-0.502,-1.943,-9.336,-9.363,9.363,20.586,39.601
12981,16,3.605,-11.192,86.472,-0.046,-0.075,0.007,-0.502,-1.943,-9.298,-8.695,8.695,21.575,37.698
12982,16,3.579,-11.230,86.475,-0.046,-0.075,0.007,-0.416,-2.015,-9.278,-8.655,8.655,21.622,37.651
12999,16,3.355,-10.378,85.861,0.001,0.036,0.115,-0.794,-1.904,-10.054,-9.698,9.698,18.063,38.045
13000,16,3.370,-10.366,85.808,0.001,0.036,0.115,-0.775,-1.885,-10.054,-9.729,9.729,18.027,38.082
13001,16,3.378,-10.371,85.777,0.006,0.002,0.065,-0.775,-1.885,-10.063,-9.144,9.144,19.747,37.335
13002,16,3.388,-10.366,85.747,0.006,0.002,0.065,-0.703,-1.904,-9.982,-9.160,9.160,19.727,37.355
13003,16,3.410,-10.411,85.714,0.017,-0.052,0.036,-0.703,-1.904,-9.982,-8.886,8.886,21.181,37.453
13004,16,3.424,-10.460,85.693,0.017,-0.052,0.036,-0.613,-1.928,-9.982,-8.931,8.931,21.122,37.513
13005,16,3.448,-10.514,85.674,0.009,-0.113,0.027,-0.613,-1.928,-9.767,-8.819,8.819,22.164,38.205
13006,16,3.438,-10.561,85.664,0.009,-0.113,0.027,-0.431,-1.981,-9.532,-8.810,8.810,22.172,38.197
13007,16,3.460,-10.684,85.640,0.017,-0.140,0.015,-0.431,-1.981,-9.532,-8.740,8.740,22.799,38.331
13008,16,3.480,-10.762,85.628,0.017,-0.140,0.015,-0.373,-1.976,-9.532,-8.810,8.810,22.705,38.425
13009,16,3.525,-10.823,85.619,0.052,-0.128,0.006,-0.373,-1.976,-9.441,-8.969,8.969,22.636,38.159
13010,16,3.525,-10.875,85.615,0.052,-0.128,0.006,-0.416,-1.919,-9.518,-8.978,8.978,22.622,38.173
13013,16,3.635,-10.972,85.531,0.020,-0.012,0.070,-0.464,-1.857,-9.618,-9.824,9.824,19.103,38.375
13014,16,3.645,-10.972,85.501,0.020,-0.012,0.070,-0.431,-1.804,-9.575,-9.841,9.841,19.081,38.397
13015,16,3.628,-10.918,85.417,-0.033,0.059,0.107,-0.431,-1.804,-9.575,-9.995,9.995,17.214,38.255
13016,16,3.622,-10.867,85.357,-0.033,0.059,0.107,-0.445,-1.857,-9.575,-9.970,9.970,17.250,38.219
13024,16,3.659,-10.591,84.866,0.006,0.009,0.113,-0.684,-1.919,-9.857,-10.262,10.262,17.803,39.096
13025,16,3.650,-10.580,84.843,-0.022,0.011,0.102,-0.684,-1.919,-9.862,-9.969,9.969,18.059,38.779
13026,16,3.651,-10.579,84.785,-0.022,0.011,0.102,-0.718,-1.995,-9.781,-9.969,9.969,18.059,38.780
13030,16,3.539,-10.555,84.643,-0.063,0.004,0.052,-0.617,-1.938,-9.700,-8.944,8.944,19.647,37.374
13039,16,3.466,-10.664,84.307,-0.038,-0.027,0.061,-0.809,-1.928,-9.795,-9.086,9.086,19.978,37.926
13040,16,3.452,-10.686,84.285,-0.038,-0.027,0.061,-0.751,-1.986,-9.795,-9.046,9.046,20.025,37.879
13041,16,3.446,-10.704,84.280,-0.039,-0.052,0.012,-0.751,-1.986,-9.666,-8.420,8.420,21.624,37.010
13042,16,3.426,-10.732,84.274,-0.039,-0.052,0.012,-0.627,-1.952,-9.508,-8.390,8.390,21.660,36.974
13046,16,3.354,-10.889,84.355,-0.031,-0.056,-0.049,-0.469,-1.952,-9.489,-7.575,7.575,23.352,35.404
13047,16,3.330,-10.914,84.384,-0.021,-0.022,-0.037,-0.469,-1.952,-9.489,-7.755,7.755,22.590,35.192
13048,16,3.322,-10.916,84.392,-0.021,-0.022,-0.037,-0.464,-1.871,-9.489,-7.718,7.718,22.635,35.147
13053,16,3.335,-10.804,84.300,0.019,0.050,0.077,-0.603,-1.747,-9.829,-9.350,9.350,18.751,36.962
13056,16,3.455,-10.752,84.136,0.059,0.021,0.087,-0.723,-1.737,-9.958,-9.879,9.879,18.651,37.883
13057,16,3.483,-10.765,84.111,0.034,-0.022,0.087,-0.723,-1.737,-10.039,-9.807,9.807,19.212,38.570
13058,16,3.500,-10.766,84.064,0.034,-0.022,0.087,-0.689,-1.761,-9.982,-9.837,9.837,19.175,38.607
13059,16,3.522,-10.808,84.013,0.011,-0.058,0.061,-0.689,-1.761,-9.982,-9.424,9.424,20.295,38.491
13060,16,3.539,-10.844,83.988,0.011,-0.058,0.061,-0.708,-1.890,-9.982,-9.467,9.467,20.239,38.548
13061,16,3.565,-10.884,83.977,0.022,-0.086,0.033,-0.708,-1.890,-9.944,-9.231,9.231,21.276,38.332
13062,16,3.568,-10.914,83.963,0.022,-0.086,0.033,-0.703,-1.943,-9.857,-9.242,9.242,21.261,38.347
13063,16,3.575,-11.002,83.941,0.002,-0.107,0.023,-0.703,-1.943,-9.857,-9.060,9.060,21.738,38.449
13064,16,3.576,-11.065,83.937,0.002,-0.107,0.023,-0.608,-1.943,-9.857,-9.061,9.061,21.730,38.456
13065,16,3.587,-11.111,83.931,-0.014,-0.125,0.004,-0.608,-1.943,-9.599,-8.768,8.768,22.433,38.271
13066,16,3.567,-11.165,83.934,-0.014,-0.125,0.004,-0.536,-1.976,-9.427,-8.743,8.743,22.461,38.243
13067,16,3.573,-11.284,83.946,0.007,-0.140,-0.018,-0.536,-1.976,-9.427,-8.620,8.620,23.168,37.962
13068,16,3.575,-11.359,83.961,0.007,-0.140,-0.018,-0.502,-2.000,-9.427,-8.618,8.618,23.162,37.968
13069,16,3.598,-11.413,83.967,0.007,-0.129,-0.033,-0.502,-2.000,-9.398,-8.480,8.480,23.319,37.507
13070,16,3.579,-11.469,83.989,0.007,-0.129,-0.033,-0.431,-2.043,-9.379,-8.457,8.457,23.345,37.481
13071,16,3.575,-11.550,84.018,0.004,-0.094,-0.036,-0.431,-2.043,-9.379,-8.430,8.430,22.884,36.937
13072,16,3.571,-11.590,84.035,0.004,-0.094,-0.036,-0.330,-2.053,-9.379,-8.408,8.408,22.907,36.915
13073,16,3.565,-11.606,84.045,-0.013,-0.053,-0.025,-0.330,-2.053,-9.384,-8.463,8.463,22.042,36.622
13080,16,3.634,-11.545,83.856,0.020,0.040,0.108,-0.474,-1.838,-9.743,-10.389,10.389,17.267,38.719
13081,16,3.636,-11.534,83.826,-0.004,0.033,0.124,-0.474,-1.838,-9.810,-10.469,10.469,16.972,39.227
13082,16,3.642,-11.507,83.759,-0.004,0.033,0.124,-0.488,-1.838,-9.743,-10.474,10.474,16.968,39.232
13083,16,3.621,-11.501,83.670,-0.039,-0.002,0.109,-0.488,-1.838,-9.743,-10.087,10.087,17.873,39.331
13084,16,3.603,-11.503,83.619,-0.039,-0.002,0.109,-0.493,-1.909,-9.743,-10.043,10.043,17.928,39.276
13085,16,3.596,-11.513,83.597,-0.034,-0.030,0.087,-0.493,-1.909,-9.613,-9.793,9.793,18.869,39.126
13086,16,3.582,-11.522,83.551,-0.034,-0.030,0.087,-0.512,-1.957,-9.575,-9.768,9.768,18.899,39.096
13087,16,3.568,-11.544,83.482,-0.025,-0.032,0.091,-0.512,-1.957,-9.575,-9.852,9.852,18.854,39.202
13088,16,3.556,-11.551,83.430,-0.025,-0.032,0.091,-0.498,-1.938,-9.575,-9.816,9.816,18.898,39.158
13089,16,3.549,-11.550,83.399,-0.046,-0.010,0.111,-0.498,-1.938,-9.599,-9.950,9.950,18.088,39.329
13090,16,3.530,-11.550,83.343,-0.046,-0.010,0.111,-0.455,-1.957,-9.580,-9.916,9.916,18.130,39.287
13091,16,3.467,-11.523,83.234,-0.094,0.020,0.137,-0.455,-1.957,-9.580,-9.944,9.944,17.121,39.443
13092,16,3.436,-11.501,83.158,-0.094,0.020,0.137,-0.455,-1.971,-9.580,-9.835,9.835,17.258,39.307
13093,16,3.422,-11.488,83.118,-0.068,0.039,0.156,-0.455,-1.971,-9.556,-10.163,10.163,16.565,39.451
13094,16,3.399,-11.458,83.036,-0.068,0.039,0.156,-0.493,-2.034,-9.642,-10.116,10.116,16.625,39.392
13095,16,3.403,-11.432,82.902,-0.022,0.021,0.169,-0.493,-2.034,-9.642,-10.515,10.515,16.542,39.992
13096,16,3.402,-11.420,82.808,-0.022,0.021,0.169,-0.574,-2.034,-9.642,-10.518,10.518,16.540,39.994
13097,16,3.402,-11.414,82.761,-0.035,0.005,0.178,-0.574,-2.034,-9.738,-10.558,10.558,16.558,40.432
13098,16,3.396,-11.407,82.662,-0.035,0.005,0.178,-0.627,-2.058,-9.767,-10.548,10.548,16.572,40.419
13099,16,3.382,-11.387,82.517,-0.050,0.012,0.177,-0.627,-2.058,-9.767,-10.440,10.440,16.533,40.275
13100,16,3.368,-11.378,82.427,-0.050,0.012,0.177,-0.660,-2.062,-9.767,-10.406,10.406,16.576,40.232
13101,16,3.363,-11.373,82.383,-0.053,0.009,0.162,-0.660,-2.062,-9.795,-10.193,10.193,17.009,39.891
13102,16,3.351,-11.366,82.292,-0.053,0.009,0.162,-0.665,-2.077,-9.795,-10.172,10.172,17.035,39.864
13103,16,3.313,-11.366,82.174,-0.069,-0.006,0.146,-0.665,-2.077,-9.795,-9.858,9.858,17.691,39.635
13104,16,3.295,-11.373,82.091,-0.069,-0.006,0.146,-0.718,-2.105,-9.795,-9.794,9.794,17.769,39.556
13105,16,3.284,-11.378,82.052,-0.064,-0.027,0.145,-0.718,-2.105,-9.767,-9.790,9.790,18.107,39.797
13106,16,3.269,-11.392,81.968,-0.064,-0.027,0.145,-0.880,-2.153,-9.757,-9.765,9.765,18.137,39.767
13107,16,3.237,-11.424,81.838,-0.069,-0.043,0.154,-0.880,-2.153,-9.757,-9.839,9.839,18.148,40.212
13108,16,3.221,-11.450,81.752,-0.069,-0.043,0.154,-0.943,-2.096,-9.757,-9.782,9.782,18.217,40.143
13109,16,3.211,-11.465,81.707,-0.069,-0.050,0.147,-0.943,-2.096,-9.762,-9.675,9.675,18.527,40.046
13110,16,3.192,-11.490,81.621,-0.069,-0.050,0.147,-0.986,-2.105,-9.714,-9.644,9.644,18.563,40.010
13111,16,3.166,-11.539,81.520,-0.069,-0.060,0.115,-0.986,-2.105,-9.714,-9.239,9.239,19.506,39.341
13112,16,3.139,-11.582,81.459,-0.069,-0.060,0.115,-0.957,-2.201,-9.714,-9.165,9.165,19.594,39.253
13113,16,3.123,-11.608,81.432,-0.091,-0.089,0.081,-0.957,-2.201,-9.566,-8.609,8.609,20.900,38.799
13114,16,3.090,-11.657,81.382,-0.091,-0.089,0.081,-0.986,-2.306,-9.436,-8.557,8.557,20.962,38.737
13115,16,3.081,-11.754,81.329,-0.040,-0.109,0.049,-0.986,-2.306,-9.436,-8.436,8.436,21.998,38.250
13116,16,3.092,-11.825,81.301,-0.040,-0.109,0.049,-1.019,-2.402,-9.436,-8.437,8.437,21.990,38.257
13117,16,3.108,-11.861,81.288,0.025,-0.123,0.020,-1.019,-2.402,-9.508,-8.438,8.438,22.861,37.782
13118,16,3.134,-11.936,81.267,0.025,-0.123,0.020,-1.062,-2.440,-9.489,-8.495,8.495,22.786,37.857
13119,16,3.179,-12.052,81.258,0.031,-0.127,-0.015,-1.062,-2.440,-9.489,-8.179,8.179,23.608,37.157
13120,16,3.211,-12.122,81.273,0.031,-0.127,-0.015,-1.038,-2.421,-9.489,-8.255,8.255,23.507,37.258
13121,16,3.226,-12.151,81.290,0.049,-0.089,-0.082,-1.038,-2.421,-9.518,-7.539,7.539,24.610,35.089
13122,16,3.260,-12.212,81.324,0.049,-0.089,-0.082,-1.038,-2.421,-9.518,-7.609,7.609,24.519,35.181
13126,16,3.295,-12.399,81.655,-0.010,-0.062,-0.209,-0.756,-2.417,-9.618,-5.826,5.826,27.164,31.745
13127,16,3.260,-12.492,81.833,-0.011,-0.089,-0.240,-0.632,-2.460,-9.566,-5.827,5.827,27.160,31.748
13128,16,3.236,-12.556,81.952,-0.011,-0.089,-0.240,-0.632,-2.460,-9.566,-5.354,5.354,28.424,31.275
13134,16,3.343,-12.789,82.653,0.095,0.020,-0.246,-0.345,-2.134,-9.465,-6.036,6.036,26.710,29.855
13135,16,3.370,-12.749,82.853,0.076,0.093,-0.235,-0.306,-1.991,-9.307,-6.042,6.042,26.702,29.863
13143,16,4.514,-11.721,83.795,0.564,0.330,-0.137,-0.608,-1.799,-8.948,-10.261,10.261,18.962,28.867
13144,16,4.693,-11.667,83.891,0.564,0.330,-0.137,-0.608,-1.799,-8.948,-11.941,11.941,16.879,30.829
13145,16,4.985,-11.457,83.913,0.656,0.317,-0.087,-0.909,-1.828,-9.068,-13.496,13.496,15.246,32.827
13146,16,5.335,-11.286,83.975,0.656,0.317,-0.087,-0.909,-1.828,-9.068,-14.066,14.066,14.551,33.522
13147,16,5.937,-11.021,84.031,0.778,0.334,-0.031,-1.196,-1.895,-9.422,-14.494,14.494,14.021,34.052
13148,16,6.220,-10.993,84.067,0.778,0.334,-0.031,-1.196,-1.895,-9.422,-16.835,16.835,11.117,36.469
13149,16,6.549,-10.737,84.053,0.669,0.365,0.049,-1.249,-1.809,-9.709,-17.777,17.777,8.102,38.601
13150,16,6.917,-10.534,84.041,0.669,0.365,0.049,-1.249,-1.809,-9.709,-18.341,18.341,7.428,39.275
13151,16,7.433,-10.211,83.999,0.591,0.394,0.083,-1.168,-1.828,-9.455,-18.693,18.693,7.002,39.702
13152,16,7.630,-10.130,83.969,0.591,0.394,0.083,-1.168,-1.828,-9.455,-19.446,19.446,4.899,40.983
13153,16,8.014,-9.888,83.967,0.925,0.373,0.029,-1.297,-1.967,-9.130,-20.989,20.989,5.911,40.579
13154,16,8.525,-9.685,83.966,0.925,0.373,0.029,-1.297,-1.967,-9.130,-21.760,21.760,4.994,41.496
13155,16,9.642,-9.386,84.023,1.563,0.385,-0.064,-1.641,-2.048,-9.326,-22.516,22.516,4.059,42.432
13156,16,10.257,-9.460,84.077,1.563,0.385,-0.064,-1.641,-2.048,-9.326,-26.534,26.534,3.828,42.328
13157,16,11.031,-9.078,84.123,1.924,0.454,-0.081,-2.144,-1.699,-9.570,-29.196,29.196,2.033,42.144
13158,16,12.092,-8.848,84.203,1.924,0.454,-0.081,-2.144,-1.699,-9.570,-30.578,30.578,0.172,44.006
13159,16,13.520,-8.480,84.285,1.638,0.480,0.017,-2.527,-1.287,-9.594,-31.275,31.275,-1.224,45.401
13164,16,17.149,-7.635,84.284,1.444,0.353,0.077,-3.158,-1.426,-9.130,-34.193,34.193,-10.406,57.475
13165,16,17.781,-7.319,84.315,1.492,0.267,0.028,-3.493,-1.292,-9.331,-34.189,34.189,-8.702,58.206
13166,16,18.597,-7.182,84.335,1.492,0.267,0.028,-3.493,-1.292,-9.331,-34.807,34.807,-9.939,59.442
13167,16,19.600,-7.008,84.413,1.104,0.233,-0.058,-3.732,-0.809,-9.446,-35.297,35.297,-10.917,60.420
13168,16,20.034,-7.084,84.461,1.104,0.233,-0.058,-3.732,-0.809,-9.446,-32.946,32.946,-9.616,60.094
13169,16,20.340,-6.837,84.551,0.591,0.317,-0.142,-3.819,-0.579,-9.738,-29.429,29.429,-8.909,56.982
13170,16,20.633,-6.702,84.687,0.591,0.317,-0.142,-3.819,-0.579,-9.738,-29.582,29.582,-9.216,57.289
13171,16,20.747,-6.447,84.928,0.015,0.418,-0.157,-4.063,-0.617,-10.212,-29.577,29.577,-9.206,57.279
13172,16,20.667,-6.310,85.089,0.015,0.418,-0.157,-4.063,-0.617,-10.212,-26.291,26.291,-9.828,55.040
13173,16,20.519,-6.138,85.158,-0.635,0.469,-0.048,-4.082,-0.435,-10.709,-24.173,24.173,-12.819,56.570
13174,16,20.132,-5.895,85.281,-0.635,0.469,-0.048,-4.082,-0.435,-10.709,-23.711,23.711,-11.895,55.646
13175,16,19.095,-5.512,85.364,-1.452,0.436,0.126,-3.637,-0.368,-11.044,-23.096,23.096,-10.666,54.417
13176,16,18.385,-5.118,85.395,-1.452,0.436,0.126,-3.637,-0.368,-11.044,-19.944,19.944,-12.061,56.755
13177,16,17.696,-5.110,85.353,-1.990,0.430,0.245,-2.981,-0.163,-11.020,-18.192,18.192,-13.860,58.707
13178,16,16.566,-4.832,85.299,-1.990,0.430,0.245,-2.981,-0.163,-11.020,-17.140,17.140,-11.757,56.603
13179,16,14.676,-4.355,85.151,-2.358,0.497,0.363,-2.378,-0.144,-10.944,-16.084,16.084,-9.643,54.490
13180,16,13.576,-3.783,85.047,-2.358,0.497,0.363,-2.378,-0.144,-10.944,-13.904,13.904,-9.928,52.857
13181,16,12.590,-3.827,84.931,-2.721,0.592,0.477,-1.900,0.124,-11.011,-12.750,12.750,-12.596,52.817
13182,16,11.069,-3.438,84.741,-2.721,0.592,0.477,-1.900,0.124,-11.011,-10.491,10.491,-9.884,50.105
13183,16,8.472,-2.768,84.363,-3.293,0.732,0.630,-1.364,0.182,-10.714,-8.311,8.311,-7.241,47.462
13184,16,6.943,-1.965,84.086,-3.293,0.732,0.630,-1.364,0.182,-10.714,-3.382,3.382,-8.407,44.640
13185,16,5.681,-2.025,83.897,-3.453,0.885,0.730,-0.627,0.072,-10.436,-2.133,2.133,-11.174,43.025
13195,16,-10.834,2.282,79.200,-1.912,0.430,0.698,1.995,0.388,-9.226,12.221,-12.221,14.482,25.495
13198,16,-13.108,2.526,78.155,-1.516,0.273,0.614,2.321,0.785,-9.403,13.170,-13.170,26.150,23.201
13199,16,-14.192,2.515,77.648,-1.254,0.070,0.527,2.464,0.818,-9.436,13.628,-13.628,26.773,22.579
13200,16,-14.743,2.640,77.354,-1.254,0.070,0.527,2.464,0.818,-9.436,14.055,-14.055,33.139,21.995
13201,16,-15.147,2.414,77.203,-1.057,-0.067,0.486,2.617,0.388,-9.298,13.929,-13.929,36.821,22.239
13202,16,-15.708,2.299,76.935,-1.057,-0.067,0.486,2.617,0.388,-9.298,14.325,-14.325,37.612,21.449
13203,16,-16.419,2.084,76.586,-0.821,-0.162,0.427,2.876,0.301,-9.116,14.551,-14.551,38.064,20.996
13204,16,-16.743,2.069,76.383,-0.821,-0.162,0.427,2.876,0.301,-9.116,14.622,-14.622,41.915,19.854
13205,16,-16.982,1.829,76.288,-0.539,-0.229,0.363,2.986,0.148,-9.068,14.267,-14.267,44.987,18.700
13206,16,-17.254,1.643,76.121,-0.539,-0.229,0.363,2.986,0.148,-9.068,14.523,-14.523,45.500,18.187
13207,16,-17.471,1.342,75.900,-0.197,-0.277,0.329,3.019,-0.206,-8.987,14.648,-14.648,45.749,17.937
13208,16,-17.498,1.213,75.781,-0.197,-0.277,0.329,3.019,-0.206,-8.987,13.597,-13.597,47.751,17.305
13209,16,-17.509,1.023,75.707,0.100,-0.320,0.294,3.010,-0.340,-8.886,12.648,-12.648,49.435,16.839
13210,16,-17.428,0.794,75.593,0.100,-0.320,0.294,3.010,-0.340,-8.886,12.705,-12.705,49.549,16.725
13211,16,-17.097,0.446,75.468,0.473,-0.360,0.231,2.962,-0.493,-8.666,12.692,-12.692,49.522,16.752
13212,16,-16.814,0.212,75.426,0.473,-0.360,0.231,2.962,-0.493,-8.666,11.498,-11.498,51.441,15.989
13213,16,-16.514,0.074,75.396,1.008,-0.444,0.132,2.718,-0.723,-8.422,9.926,-9.926,54.847,14.988
13214,16,-15.931,-0.195,75.392,1.008,-0.444,0.132,2.718,-0.723,-8.422,9.653,-9.653,54.301,15.534
13215,16,-14.724,-0.652,75.480,1.604,-0.576,-0.011,2.589,-0.770,-8.269,9.386,-9.386,53.766,16.068
13216,16,-13.903,-1.087,75.598,1.604,-0.576,-0.011,2.589,-0.770,-8.269,7.416,-7.416,57.679,15.930
13217,16,-13.143,-1.172,75.678,2.371,-0.758,-0.213,2.287,-0.833,-8.254,5.597,-5.597,64.313,14.501
13218,16,-11.806,-1.574,75.889,2.371,-0.758,-0.213,2.287,-0.833,-8.254,4.158,-4.158,62.650,16.163
13219,16,-9.378,-2.309,76.327,3.156,-1.014,-0.413,1.498,-0.890,-8.379,2.659,-2.659,61.112,17.701
13220,16,-7.819,-3.102,76.637,3.156,-1.014,-0.413,1.498,-0.890,-8.379,-2.126,2.126,66.063,20.055
13221,16,-6.622,-3.204,76.838,3.608,-1.316,-0.517,0.455,-1.019,-8.699,-4.737,4.737,71.073,23.659
13222,16,-4.628,-3.924,77.207,3.608,-1.316,-0.517,0.455,-1.019,-8.699,-7.413,7.413,68.048,26.683
13223,16,-1.537,-5.148,77.764,3.813,-1.545,-0.599,-0.254,-1.086,-9.135,-9.959,9.959,65.139,29.593
13224,16,0.351,-6.262,78.026,3.813,-1.545,-0.599,-0.254,-1.086,-9.135,-14.620,14.620,64.960,36.315
13225,16,1.575,-6.480,78.308,3.761,-1.614,-0.698,-0.928,-0.947,-9.609,-15.021,15.021,66.159,37.095
13226,16,3.622,-7.406,78.670,3.761,-1.614,-0.698,-0.928,-0.947,-9.609,-18.321,18.321,62.156,41.098
13227,16,6.505,-8.746,79.174,3.454,-1.501,-0.708,-1.684,-1.436,-9.972,-21.409,21.409,58.334,44.920
13228,16,8.193,-9.806,79.324,3.454,-1.501,-0.708,-1.684,-1.436,-9.972,-24.686,24.686,50.793,49.234
13229,16,9.109,-9.991,79.601,2.780,-1.241,-0.598,-2.230,-1.574,-10.279,-24.297,24.297,42.330,50.271
13230,16,10.590,-10.721,79.835,2.780,-1.241,-0.598,-2.230,-1.574,-10.279,-27.097,27.097,38.767,53.834
13231,16,12.326,-11.587,80.107,1.900,-0.849,-0.432,-2.464,-1.680,-10.527,-29.159,29.159,35.785,56.816
13232,16,13.224,-12.167,80.159,1.900,-0.849,-0.432,-2.464,-1.680,-10.527,-28.728,28.728,22.249,59.152
13233,16,13.573,-12.205,80.328,1.033,-0.421,-0.263,-2.512,-1.838,-10.475,-26.896,26.896,11.123,58.042
13234,16,14.082,-12.446,80.445,1.033,-0.421,-0.263,-2.512,-1.838,-10.475,-27.560,27.560,9.796,59.369
13235,16,14.468,-12.584,80.589,0.343,-0.052,-0.126,-2.531,-2.067,-10.145,-27.960,27.960,8.995,60.170
13239,16,14.569,-12.175,80.914,-0.011,0.308,0.004,-2.512,-2.235,-9.714,-26.051,26.051,-5.149,56.691
13240,16,14.481,-12.035,80.976,-0.011,0.308,0.004,-2.512,-2.235,-9.714,-25.880,25.880,-7.693,56.040
13241,16,14.455,-11.894,81.001,-0.172,0.317,0.036,-2.460,-1.933,-9.829,-25.372,25.372,-8.424,56.496
13242,16,14.324,-11.699,81.049,-0.172,0.317,0.036,-2.460,-1.933,-9.829,-25.133,25.133,-7.945,56.018
13243,16,14.013,-11.451,81.094,-0.390,0.243,0.054,-2.445,-1.871,-9.929,-24.859,24.859,-7.396,55.469
13244,16,13.785,-11.287,81.117,-0.390,0.243,0.054,-2.445,-1.871,-9.929,-23.502,23.502,-5.801,56.004
13245,16,13.589,-11.230,81.115,-0.610,0.218,0.091,-2.421,-1.828,-9.996,-22.624,22.624,-5.900,56.803
13246,16,13.232,-11.092,81.108,-0.610,0.218,0.091,-2.421,-1.828,-9.996,-22.191,22.191,-5.034,55.937
13247,16,12.448,-10.821,81.042,-1.073,0.298,0.202,-2.440,-1.732,-10.154,-21.662,21.662,-3.977,54.880
13248,16,11.928,-10.530,80.981,-1.073,0.298,0.202,-2.440,-1.732,-10.154,-19.693,19.693,-5.803,54.423
13249,16,11.316,-10.458,80.902,-1.910,0.504,0.385,-2.287,-1.550,-10.197,-17.000,17.000,-11.991,54.737
13250,16,10.260,-10.132,80.751,-1.910,0.504,0.385,-2.287,-1.550,-10.197,-15.091,15.091,-9.589,52.336
13251,16,8.250,-9.433,80.446,-2.691,0.859,0.539,-1.785,-1.570,-9.963,-13.019,13.019,-6.950,49.696
13252,16,6.962,-8.688,80.202,-2.691,0.859,0.539,-1.785,-1.570,-9.963,-7.159,7.159,-11.030,43.642
13253,16,5.949,-8.538,80.079,-3.013,1.247,0.564,-0.914,-1.656,-9.704,-4.174,4.174,-15.135,36.637
13254,16,4.296,-7.808,79.815,-3.013,1.247,0.564,-0.914,-1.656,-9.704,-1.354,1.354,-11.652,33.155
13255,16,1.860,-6.570,79.422,-2.945,1.537,0.487,-0.388,-1.421,-9.637,1.188,-1.188,-8.533,30.035
13258,16,-2.127,-4.337,78.703,-2.903,1.649,0.441,0.158,-0.952,-9.843,9.605,-9.605,-2.380,12.408
13259,16,-4.523,-3.034,78.235,-2.942,1.573,0.378,0.833,-0.455,-9.843,11.625,-11.625,-0.085,10.112
13260,16,-6.025,-2.055,77.944,-2.942,1.573,0.378,0.833,-0.455,-9.843,15.734,-15.734,6.041,6.147
13261,16,-6.869,-1.814,77.749,-2.705,1.427,0.311,1.369,-0.062,-9.781,16.474,-16.474,11.011,5.347
13262,16,-8.345,-1.065,77.431,-2.705,1.427,0.311,1.369,-0.062,-9.781,18.239,-18.239,12.894,3.465
13263,16,-10.311,-0.089,76.964,-2.264,1.179,0.263,1.857,-0.110,-9.599,19.635,-19.635,14.314,2.045
13264,16,-11.460,0.615,76.658,-2.264,1.179,0.263,1.857,-0.110,-9.599,20.058,-20.058,21.107,2.343
13265,16,-12.020,0.722,76.513,-1.780,0.887,0.231,2.283,0.187,-9.537,18.695,-18.695,26.766,5.024
13272,16,-16.214,2.004,75.305,-0.383,-0.092,0.063,3.134,0.502,-9.288,16.686,-16.686,49.418,10.342
13273,16,-16.238,1.821,75.317,0.020,-0.379,0.054,3.254,0.388,-9.188,14.870,-14.870,53.931,14.047
13303,16,24.459,-16.173,82.243,0.654,-0.396,0.257,-3.823,-2.579,-10.188,-41.479,41.479,-22.186,90.651
13304,16,24.419,-16.044,82.082,-0.060,0.044,0.500,-4.072,-2.742,-9.991,-40.947,40.947,-34.543,90.438
13305,16,24.421,-15.912,81.907,-0.060,0.044,0.500,-4.154,-2.814,-9.872,-40.947,40.947,-34.543,90.438
13306,16,24.053,-15.554,81.625,-0.702,0.309,0.724,-4.154,-2.814,-9.872,-40.545,40.545,-43.951,92.268
13307,16,23.232,-14.925,81.168,-0.702,0.309,0.724,-4.154,-2.814,-9.872,-40.545,40.545,-43.951,92.268
13308,16,22.429,-14.344,80.999,-1.688,0.601,0.951,-4.302,-2.311,-9.924,-38.449,38.449,-53.794,93.770
13309,16,21.881,-14.108,80.634,-1.688,0.601,0.951,-3.780,-1.991,-9.886,-38.277,38.277,-53.450,93.427
13310,16,20.188,-13.305,80.226,-3.104,1.027,1.180,-3.780,-1.991,-9.886,-31.755,31.755,-60.651,88.453
13311,16,17.333,-11.945,79.607,-3.104,1.027,1.233,-3.780,-1.991,-9.886,-30.629,30.629,-58.398,86.201
13312,16,15.236,-10.619,79.479,-4.249,1.684,1.233,-2.641,-1.713,-9.350,-20.037,20.037,-58.056,67.080
13313,16,13.831,-10.271,78.983,-4.249,1.684,1.233,-2.306,-1.373,-8.958,-18.471,18.471,-54.924,63.947
13314,16,11.220,-8.789,78.704,-4.700,2.436,1.033,-2.306,-1.373,-8.958,-10.166,10.166,-54.286,41.821
13315,16,7.311,-6.462,78.238,-4.700,2.436,0.767,-2.306,-1.373,-8.958,-7.782,7.782,-51.272,38.807
13316,16,4.795,-4.626,78.102,-4.739,2.991,0.767,-1.512,-1.110,-9.015,4.570,-4.570,-41.595,13.273
13317,16,3.377,-3.897,77.775,-4.739,2.991,0.767,-0.412,-0.636,-9.116,6.744,-6.744,-39.001,10.679
13318,16,0.867,-2.149,77.530,-4.535,3.119,0.462,-0.412,-0.636,-9.116,13.202,-13.202,-28.907,-3.067
13319,16,-2.739,0.362,77.096,-4.535,3.119,0.136,-0.412,-0.636,-9.116,16.456,-16.456,-25.245,-6.729
13320,16,-4.895,1.977,76.852,-3.988,2.858,0.136,0.349,0.172,-9.331,21.759,-21.759,-9.166,-15.351
13321,16,-6.038,2.698,76.688,-3.988,2.858,0.136,1.144,0.493,-9.388,23.016,-23.016,-7.898,-16.619
13322,16,-7.752,3.911,76.529,-3.144,2.242,-0.129,1.144,0.493,-9.388,23.862,-23.862,9.207,-16.132
13323,16,-10.008,5.481,76.297,-3.144,2.242,-0.275,1.144,0.493,-9.388,25.438,-25.438,10.605,-17.530
13324,16,-11.062,6.242,76.177,-2.050,1.378,-0.275,2.120,0.809,-9.379,23.246,-23.246,27.819,-10.060
13325,16,-11.641,6.580,76.179,-2.050,1.378,-0.275,2.613,1.397,-9.460,23.754,-23.754,28.237,-10.479
13326,16,-11.965,6.801,76.279,-0.745,0.425,-0.403,2.613,1.397,-9.460,19.095,-19.095,45.260,-0.261
13327,16,-12.177,6.910,76.482,-0.745,0.425,-0.392,2.613,1.397,-9.460,19.354,-19.354,45.450,-0.452
13328,16,-11.917,6.702,76.665,0.263,-0.402,-0.392,2.536,1.258,-9.786,13.907,-13.907,56.813,11.804
13329,16,-11.821,6.576,76.793,0.263,-0.402,-0.392,2.613,1.134,-9.853,13.848,-13.848,56.788,11.829
13330,16,-11.216,6.080,76.994,0.929,-0.875,-0.275,2.613,1.134,-9.853,8.575,-8.575,60.264,21.866
13331,16,-10.215,5.260,77.288,0.929,-0.875,-0.187,2.613,1.134,-9.853,8.081,-8.081,59.883,22.248
13332,16,-9.397,4.613,77.474,1.346,-1.162,-0.187,2.216,1.029,-9.934,3.840,-3.840,60.938,29.411
13333,16,-9.003,4.278,77.557,1.346,-1.162,-0.187,1.857,0.555,-10.192,3.487,-3.487,60.639,29.710
13334,16,-8.040,3.528,77.716,1.644,-1.334,-0.136,1.857,0.555,-10.192,0.449,-0.449,60.993,34.256
13335,16,-6.498,2.382,77.947,1.644,-1.334,-0.166,1.857,0.555,-10.192,-0.490,0.490,60.118,35.131
13336,16,-5.368,1.554,78.104,2.044,-1.404,-0.166,1.464,0.201,-9.939,-3.968,3.968,60.036,37.221
13339,16,-1.241,-0.927,78.742,2.413,-1.497,-0.459,1.062,0.029,-9.508,-8.134,8.134,60.374,39.532
13340,16,0.246,-1.955,78.950,2.842,-1.644,-0.459,0.345,-0.402,-9.015,-11.309,11.309,63.147,40.959
13341,16,1.124,-2.308,79.137,2.842,-1.644,-0.459,-0.440,-1.163,-8.872,-12.525,12.525,61.755,42.351
13342,16,2.957,-3.345,79.458,3.312,-1.826,-0.621,-0.440,-1.163,-8.872,-15.496,15.496,65.321,43.990
13343,16,5.745,-4.923,79.899,3.312,-1.826,-0.687,-0.440,-1.163,-8.872,-18.123,18.123,62.181,47.130
13344,16,7.529,-6.152,80.042,3.521,-1.856,-0.687,-1.335,-1.215,-9.226,-22.998,22.998,58.588,51.574
13345,16,8.633,-6.541,80.305,3.521,-1.856,-0.687,-2.053,-1.115,-9.886,-24.800,24.800,56.390,53.773
13349,16,14.556,-10.098,81.016,2.416,-1.373,-0.532,-2.833,-1.302,-9.542,-30.372,30.372,31.604,64.771
13350,16,15.295,-10.697,81.072,1.418,-1.064,-0.328,-2.833,-1.302,-9.542,-28.966,28.966,20.020,67.529
13351,16,16.161,-11.457,81.124,1.418,-1.064,-0.130,-2.833,-1.302,-9.542,-30.021,30.021,17.911,69.638
13352,16,16.431,-11.745,81.098,0.523,-0.632,-0.130,-2.704,-1.546,-9.427,-28.699,28.699,5.428,69.763
13353,16,16.530,-11.951,81.131,0.523,-0.632,-0.130,-2.665,-1.660,-9.288,-28.923,28.923,4.981,70.210
13354,16,16.507,-11.996,81.167,0.052,-0.140,-0.039,-2.665,-1.660,-9.288,-27.704,27.704,-4.321,65.451
13355,16,16.388,-11.964,81.231,0.052,-0.140,0.023,-2.665,-1.660,-9.288,-27.720,27.720,-4.353,65.483
13356,16,16.194,-11.807,81.297,-0.267,0.225,0.023,-2.699,-1.694,-9.135,-26.462,26.462,-10.238,60.958
13357,16,16.095,-11.727,81.320,-0.267,0.225,0.023,-2.598,-1.660,-9.010,-26.315,26.315,-9.943,60.664
13358,16,15.813,-11.443,81.391,-0.421,0.451,0.052,-2.598,-1.660,-9.010,-25.459,25.459,-12.992,57.260
13359,16,15.402,-10.997,81.505,-0.421,0.451,0.056,-2.598,-1.660,-9.010,-25.026,25.026,-12.127,56.395
13360,16,15.105,-10.696,81.579,-0.415,0.556,0.056,-2.402,-1.531,-8.915,-24.418,24.418,-12.362,53.618
13361,16,15.003,-10.496,81.619,-0.415,0.556,0.056,-2.373,-1.378,-9.144,-24.210,24.210,-11.947,53.203
13362,16,14.737,-10.175,81.695,-0.421,0.540,0.045,-2.373,-1.378,-9.144,-23.608,23.608,-10.567,52.279
13363,16,14.350,-9.712,81.802,-0.421,0.540,0.049,-2.373,-1.378,-9.144,-23.180,23.180,-9.712,51.424
13364,16,14.085,-9.446,81.861,-0.395,0.493,0.049,-2.407,-1.335,-9.451,-22.790,22.790,-8.006,51.057
13365,16,13.988,-9.275,81.889,-0.395,0.493,0.049,-2.393,-1.354,-9.647,-22.613,22.613,-7.653,50.704
13366,16,13.734,-9.008,81.918,-0.432,0.444,0.085,-2.393,-1.354,-9.647,-22.510,22.510,-7.119,51.570
13380,16,9.211,-5.874,81.967,-0.908,0.386,0.044,-1.637,-0.909,-9.896,-12.420,12.420,5.463,40.662
13381,16,8.904,-5.829,81.965,-0.908,0.386,0.044,-1.426,-0.699,-9.891,-11.947,11.947,6.029,40.096
13382,16,8.079,-5.436,81.964,-1.469,0.691,0.096,-1.426,-0.699,-9.891,-8.434,8.434,2.020,35.369
13383,16,6.725,-4.726,81.951,-1.469,0.691,0.127,-1.426,-0.699,-9.891,-7.195,7.195,3.545,33.845
13384,16,5.732,-4.015,81.939,-1.904,1.106,0.127,-1.101,-0.703,-9.910,-2.840,2.840,-0.035,25.585
13385,16,5.128,-3.785,81.926,-1.904,1.106,0.127,-0.861,-0.646,-10.087,-1.925,1.925,1.050,24.500
13386,16,3.840,-2.942,81.870,-2.308,1.490,0.184,-0.861,-0.646,-10.087,1.346,-1.346,-3.539,18.101
13387,16,1.743,-1.600,81.715,-2.308,1.490,0.296,-0.861,-0.646,-10.087,3.137,-3.137,-1.432,15.994
13388,16,0.212,-0.488,81.531,-2.935,1.774,0.296,-0.507,-0.120,-10.259,8.193,-8.193,-4.483,10.949
13389,16,-0.703,-0.120,81.426,-2.935,1.774,0.296,0.100,0.057,-10.537,9.388,-9.388,-3.151,9.618
13390,16,-2.773,0.993,81.138,-3.706,2.010,0.381,0.100,0.057,-10.537,14.769,-14.769,-5.837,5.547
13391,16,-6.016,2.713,80.601,-3.706,2.010,0.423,0.100,0.057,-10.537,16.969,-16.969,-3.548,3.258
13392,16,-8.190,4.149,80.145,-4.190,2.287,0.423,1.062,0.426,-10.082,22.641,-22.641,-4.803,-3.401
13393,16,-9.544,4.543,79.908,-4.190,2.287,0.423,2.450,0.723,-9.408,24.078,-24.078,-3.392,-4.812
13394,16,-11.783,5.829,79.386,-3.971,2.446,0.369,2.450,0.723,-9.408,25.734,-25.734,-2.493,-10.246
13395,16,-15.019,7.669,78.521,-3.971,2.446,0.333,2.450,0.723,-9.408,27.430,-27.430,-1.222,-11.516
13396,16,-16.916,8.915,77.908,-3.469,2.275,0.333,3.091,1.192,-9.077,26.176,-26.176,3.733,-11.602
13397,16,-17.996,9.371,77.600,-3.469,2.275,0.333,3.713,1.943,-8.987,26.467,-26.467,3.710,-12.788
13398,16,-19.610,10.280,77.005,-2.804,1.899,0.327,3.713,1.943,-8.987,23.505,-23.505,8.315,-9.631
13399,16,-21.895,11.470,76.107,-2.804,1.899,0.377,3.713,1.943,-8.987,23.648,-23.648,7.039,-11.477
13400,16,-23.145,12.149,75.538,-2.267,1.374,0.377,4.091,2.378,-8.996,20.638,-20.638,12.365,-4.851
13401,16,-23.880,12.351,75.265,-2.267,1.374,0.377,4.441,2.598,-8.953,20.794,-20.794,12.281,-5.559
13402,16,-24.757,12.619,74.827,-1.521,0.784,0.395,4.441,2.598,-8.953,17.001,-17.001,20.074,2.496
13403,16,-25.807,12.831,74.277,-1.521,0.784,0.358,4.441,2.598,-8.953,17.056,-17.056,19.562,1.760
13404,16,-26.071,12.818,74.041,-0.615,0.036,0.358,4.785,2.900,-8.656,13.272,-13.272,31.863,11.067
13405,16,-26.302,12.677,73.946,-0.615,0.036,0.358,4.852,2.766,-8.589,13.435,-13.435,32.323,10.876
13406,16,-26.145,12.242,73.947,0.168,-0.666,0.289,4.852,2.766,-8.589,10.590,-10.590,45.074,19.347
13407,16,-25.742,11.486,74.035,0.168,-0.666,0.216,4.852,2.766,-8.589,10.701,-10.701,45.740,19.570
13408,16,-25.170,10.940,74.179,0.763,-1.137,0.216,4.685,2.699,-8.465,8.932,-8.932,56.287,25.303
13409,16,-24.991,10.525,74.274,0.763,-1.137,0.216,4.546,2.172,-8.675,9.105,-9.105,57.202,25.528
13410,16,-24.290,9.760,74.492,1.120,-1.383,0.218,4.546,2.172,-8.675,7.453,-7.453,62.114,29.909
13411,16,-23.242,8.600,74.803,1.120,-1.383,0.263,4.546,2.172,-8.675,7.522,-7.522,63.270,30.792
13412,16,-22.470,7.897,74.979,1.185,-1.427,0.263,4.201,1.747,-8.766,6.817,-6.817,64.443,33.484
13413,16,-22.188,7.412,75.085,1.185,-1.427,0.263,3.823,1.364,-8.489,6.949,-6.949,64.707,33.220
13414,16,-21.481,6.695,75.237,1.214,-1.288,0.259,3.823,1.364,-8.489,6.898,-6.898,62.909,31.031
13415,16,-20.393,5.682,75.462,1.214,-1.288,0.169,3.823,1.364,-8.489,6.870,-6.870,62.854,31.086
13416,16,-19.612,5.093,75.611,1.362,-1.100,0.169,3.364,1.067,-8.364,7.144,-7.144,62.204,26.380
13417,16,-19.235,4.787,75.684,1.362,-1.100,0.169,2.862,0.636,-8.527,7.092,-7.092,62.101,26.483
13418,16,-18.362,4.261,75.859,1.545,-1.002,0.068,2.862,0.636,-8.527,7.219,-7.219,62.777,23.006
13419,16,-17.057,3.493,76.124,1.545,-1.002,-0.005,2.862,0.636,-8.527,7.012,-7.012,62.363,23.421
13420,16,-16.231,2.956,76.314,1.550,-0.935,-0.005,2.249,0.378,-8.800,7.467,-7.467,62.367,21.498
13421,16,-15.757,2.766,76.395,1.550,-0.935,-0.005,1.823,0.517,-8.872,7.262,-7.262,61.957,21.908
13422,16,-15.026,2.359,76.597,1.312,-0.813,-0.088,1.823,0.517,-8.872,9.208,-9.208,61.724,18.642
13423,16,-13.973,1.799,76.925,1.312,-0.813,-0.250,1.823,0.517,-8.872,8.961,-8.961,61.228,19.137
13424,16,-13.363,1.442,77.191,1.176,-0.656,-0.250,1.699,0.407,-8.781,11.211,-11.211,62.128,13.763
13425,16,-12.993,1.342,77.315,1.176,-0.656,-0.250,1.718,0.148,-8.719,10.872,-10.872,61.718,14.174
13426,16,-12.238,1.125,77.669,1.355,-0.540,-0.460,1.718,0.148,-8.719,11.768,-11.768,64.461,8.113
13427,16,-11.023,0.805,78.245,1.355,-0.540,-0.658,1.718,0.148,-8.719,11.085,-11.085,63.800,8.774
13428,16,-10.223,0.451,78.710,1.664,-0.521,-0.658,1.632,0.110,-8.757,10.447,-10.447,66.835,5.191
13429,16,-9.635,0.500,78.922,1.664,-0.521,-0.658,1.416,0.373,-9.393,9.690,-9.690,65.995,6.031
13430,16,-8.639,0.248,79.402,1.800,-0.601,-0.719,1.416,0.373,-9.393,8.584,-8.584,67.399,6.910
13431,16,-7.207,-0.188,80.088,1.800,-0.601,-0.603,1.416,0.373,-9.393,7.599,-7.599,66.379,7.930
13432,16,-6.426,-0.649,80.505,1.592,-0.742,-0.603,1.359,0.249,-10.054,5.551,-5.551,63.737,14.620
13433,16,-5.906,-0.727,80.701,1.592,-0.742,-0.603,1.182,0.081,-10.221,4.885,-4.885,63.001,15.355
13434,16,-5.219,-1.165,81.015,1.283,-0.855,-0.435,1.182,0.081,-10.221,3.502,-3.502,59.529,22.054
13435,16,-4.216,-1.837,81.437,1.283,-0.855,-0.306,1.182,0.081,-10.221,2.707,-2.707,58.676,22.907
13436,16,-3.609,-2.320,81.667,1.186,-0.872,-0.306,1.134,-0.096,-10.317,0.378,-0.378,54.379,27.691
13437,16,-3.276,-2.527,81.778,1.186,-0.872,-0.306,0.967,-0.124,-10.341,-0.056,0.056,53.896,28.174
13438,16,-2.659,-2.955,81.958,1.163,-0.805,-0.233,0.967,-0.124,-10.341,-1.663,1.663,50.216,29.937
13439,16,-1.830,-3.561,82.192,1.163,-0.805,-0.161,0.967,-0.124,-10.341,-2.448,2.448,49.328,30.825
13440,16,-1.398,-3.932,82.316,0.855,-0.692,-0.161,0.613,-0.301,-10.456,-2.749,2.749,44.835,32.092
13441,16,-1.172,-4.107,82.377,0.855,-0.692,-0.161,0.536,-0.464,-10.451,-3.066,3.066,44.469,32.457
13442,16,-0.824,-4.395,82.458,0.693,-0.552,-0.091,0.536,-0.464,-10.451,-3.632,3.632,40.128,32.781
13443,16,-0.373,-4.789,82.560,0.693,-0.552,-0.034,0.536,-0.464,-10.451,-4.138,4.138,39.537,33.372
13444,16,-0.163,-4.993,82.603,0.420,-0.423,-0.034,0.306,-0.651,-10.341,-3.930,3.930,35.751,33.475
13445,16,-0.072,-5.111,82.626,0.420,-0.423,-0.034,0.292,-0.761,-10.235,-4.065,4.065,35.592,33.634
13446,16,0.036,-5.245,82.668,0.256,-0.278,-0.025,0.292,-0.761,-10.235,-3.526,3.526,33.092,31.995
13447,16,0.155,-5.414,82.734,0.256,-0.278,-0.056,0.292,-0.761,-10.235,-3.712,3.712,32.872,32.215
13454,16,-0.178,-5.540,83.186,-0.138,-0.005,-0.107,0.244,-0.857,-9.752,-0.207,0.207,31.629,25.666
13457,16,-0.603,-5.538,83.455,-0.193,-0.034,-0.142,0.407,-0.785,-9.676,1.144,-1.144,33.677,24.439
13458,16,-0.716,-5.558,83.552,-0.193,-0.034,-0.142,0.479,-0.809,-9.685,1.315,-1.315,33.879,24.237
12367,16,3.661,-11.619,86.653,-0.021,-0.071,-0.113,-0.378,-1.656,-9.594,-7.521,7.521,24.257,34.925
12368,16,3.647,-11.629,86.689,-0.021,-0.042,-0.074,-0.383,-1.704,-9.700,-7.957,7.957,22.913,35.417
12369,16,3.627,-11.649,86.730,-0.021,-0.042,-0.074,-0.383,-1.704,-9.700,-7.924,7.924,22.953,35.377
12370,16,3.613,-11.661,86.766,-0.021,-0.042,-0.074,-0.392,-1.694,-9.709,-7.902,7.902,22.979,35.351
12371,16,3.592,-11.670,86.802,-0.016,-0.020,-0.022,-0.392,-1.694,-9.709,-8.553,8.553,21.415,36.307
12372,16,3.580,-11.668,86.804,-0.031,-0.022,0.021,-0.402,-1.737,-9.709,-8.981,8.981,20.407,37.375
12373,16,3.565,-11.678,86.805,-0.031,-0.022,0.021,-0.402,-1.737,-9.709,-8.957,8.957,20.437,37.345
12374,16,3.549,-11.685,86.796,-0.031,-0.022,0.021,-0.440,-1.814,-9.637,-8.929,8.929,20.471,37.311
12375,16,3.534,-11.708,86.775,-0.025,-0.043,0.045,-0.440,-1.814,-9.637,-9.253,9.253,20.175,38.185
12376,16,3.533,-11.725,86.764,-0.021,-0.067,0.044,-0.450,-1.909,-9.561,-9.237,9.237,20.574,38.487
12377,16,3.518,-11.752,86.755,-0.021,-0.067,0.044,-0.450,-1.909,-9.561,-9.213,9.213,20.601,38.459
12380,16,3.519,-11.841,86.719,0.002,-0.045,0.030,-0.512,-2.062,-9.436,-9.176,9.176,20.600,37.822
12381,16,3.515,-11.856,86.714,0.002,-0.045,0.030,-0.512,-2.062,-9.436,-9.171,9.171,20.605,37.817
12382,16,3.517,-11.865,86.704,0.002,-0.045,0.030,-0.598,-2.182,-9.475,-9.175,9.175,20.599,37.822
12383,16,3.512,-11.862,86.680,-0.009,-0.006,0.045,-0.598,-2.182,-9.475,-9.301,9.301,19.687,37.638
12384,16,3.493,-11.843,86.662,-0.044,0.031,0.062,-0.598,-2.216,-9.441,-9.300,9.300,18.778,37.482
12412,16,2.667,-12.155,87.271,-0.031,-0.084,0.018,-0.306,-1.952,-9.618,-7.384,7.384,23.291,36.256
12413,16,2.640,-12.193,87.270,-0.031,-0.084,0.018,-0.306,-1.952,-9.618,-7.342,7.342,23.343,36.204
12414,16,2.628,-12.243,87.252,-0.031,-0.084,0.018,-0.349,-2.019,-9.580,-7.327,7.327,23.359,36.188
12415,16,2.612,-12.320,87.215,-0.027,-0.098,0.051,-0.349,-2.019,-9.580,-7.750,7.750,22.744,37.199
12416,16,2.616,-12.350,87.189,-0.028,-0.089,0.063,-0.373,-2.096,-9.546,-7.894,7.894,22.323,37.377
12417,16,2.594,-12.389,87.168,-0.028,-0.089,0.063,-0.373,-2.096,-9.546,-7.860,7.860,22.364,37.335
12418,16,2.591,-12.426,87.137,-0.028,-0.089,0.063,-0.483,-2.201,-9.589,-7.859,7.859,22.363,37.336
12419,16,2.592,-12.465,87.094,-0.010,-0.055,0.056,-0.483,-2.201,-9.589,-7.870,7.870,22.035,36.690
12420,16,2.596,-12.472,87.081,-0.000,-0.021,0.037,-0.512,-2.239,-9.633,-7.693,7.693,22.008,35.744
12421,16,2.595,-12.479,87.068,-0.000,-0.021,0.037,-0.512,-2.239,-9.633,-7.692,7.692,22.008,35.743
12422,16,2.591,-12.484,87.059,-0.000,-0.021,0.037,-0.531,-2.263,-9.695,-7.686,7.686,22.016,35.736
12423,16,2.578,-12.489,87.050,-0.021,-0.005,0.018,-0.531,-2.263,-9.695,-7.331,7.331,22.277,35.018
12424,16,2.567,-12.484,87.056,-0.027,-0.006,-0.002,-0.522,-2.292,-9.700,-7.015,7.015,22.844,34.481
12425,16,2.554,-12.492,87.058,-0.027,-0.006,-0.002,-0.522,-2.292,-9.700,-6.994,6.994,22.871,34.454
12426,16,2.541,-12.500,87.069,-0.027,-0.006,-0.002,-0.469,-2.302,-9.709,-6.970,6.970,22.900,34.425
12427,16,2.522,-12.523,87.088,-0.021,-0.022,-0.018,-0.469,-2.302,-9.709,-6.784,6.784,23.545,34.237
12428,16,2.518,-12.541,87.105,-0.022,-0.049,-0.031,-0.426,-2.292,-9.680,-6.596,6.596,24.272,34.271
12429,16,2.497,-12.567,87.119,-0.022,-0.049,-0.031,-0.426,-2.292,-9.680,-6.561,6.561,24.314,34.229
12430,16,2.486,-12.602,87.142,-0.022,-0.049,-0.031,-0.421,-2.278,-9.680,-6.545,6.545,24.333,34.210
12431,16,2.469,-12.658,87.173,-0.013,-0.063,-0.035,-0.421,-2.278,-9.680,-6.532,6.532,24.646,34.292
12435,16,2.458,-12.821,87.239,-0.004,-0.069,-0.025,-0.407,-2.263,-9.647,-6.698,6.698,24.478,34.643
12436,16,2.460,-12.849,87.254,-0.012,-0.062,-0.033,-0.364,-2.206,-9.556,-6.555,6.555,24.580,34.328
12437,16,2.444,-12.880,87.272,-0.012,-0.062,-0.033,-0.364,-2.206,-9.556,-6.530,6.530,24.611,34.297
12438,16,2.429,-12.918,87.300,-0.012,-0.062,-0.033,-0.316,-2.182,-9.465,-6.508,6.508,24.637,34.271
12439,16,2.408,-12.976,87.346,-0.015,-0.065,-0.049,-0.316,-2.182,-9.465,-6.284,6.284,25.092,33.907
12440,16,2.421,-13.005,87.369,0.015,-0.067,-0.052,-0.316,-2.230,-9.403,-6.397,6.397,25.195,33.866
12441,16,2.412,-13.034,87.394,0.015,-0.067,-0.052,-0.316,-2.230,-9.403,-6.383,6.383,25.211,33.849
12442,16,2.414,-13.075,87.428,0.015,-0.067,-0.052,-0.316,-2.230,-9.412,-6.392,6.392,25.198,33.862
12443,16,2.433,-13.127,87.464,0.034,-0.060,-0.039,-0.345,-2.244,-9.412,-6.662,6.662,24.753,34.094
12444,16,2.449,-13.154,87.479,0.034,-0.060,-0.039,-0.273,-2.211,-9.412,-6.724,6.724,24.673,34.175
12445,16,2.448,-13.170,87.496,0.027,-0.044,-0.034,-0.273,-2.211,-9.355,-6.752,6.752,24.311,34.079
12446,16,2.459,-13.198,87.517,0.027,-0.044,-0.034,-0.273,-2.211,-9.312,-6.776,6.776,24.281,34.110
12447,16,2.457,-13.211,87.557,0.011,-0.016,-0.040,-0.230,-2.216,-9.312,-6.614,6.614,24.047,33.553
12448,16,2.452,-13.213,87.577,0.011,-0.016,-0.040,-0.182,-2.235,-9.312,-6.606,6.606,24.058,33.542
12449,16,2.454,-13.205,87.599,0.014,0.019,-0.043,-0.182,-2.235,-9.331,-6.598,6.598,23.605,32.990
12450,16,2.453,-13.197,87.627,0.014,0.019,-0.043,-0.182,-2.235,-9.398,-6.596,6.596,23.608,32.987
12451,16,2.461,-13.151,87.657,0.023,0.054,-0.025,-0.177,-2.172,-9.398,-6.869,6.869,22.655,32.935
12452,16,2.457,-13.128,87.668,0.023,0.054,-0.025,-0.201,-2.129,-9.398,-6.868,6.868,22.659,32.932
12453,16,2.471,-13.098,87.670,0.023,0.066,0.006,-0.201,-2.129,-9.455,-7.276,7.276,21.692,33.563
12454,16,2.483,-13.061,87.669,0.023,0.066,0.006,-0.201,-2.129,-9.427,-7.293,7.293,21.673,33.583
12455,16,2.504,-13.010,87.643,0.029,0.058,0.042,-0.177,-2.110,-9.427,-7.767,7.767,20.906,34.593
12456,16,2.513,-12.992,87.632,0.029,0.058,0.042,-0.191,-2.163,-9.427,-7.805,7.805,20.860,34.640
12457,16,2.538,-12.969,87.603,0.039,0.045,0.064,-0.191,-2.163,-9.388,-8.182,8.182,20.429,35.435
12458,16,2.551,-12.953,87.572,0.039,0.045,0.064,-0.191,-2.163,-9.475,-8.204,8.204,20.402,35.462
12459,16,2.622,-12.886,87.506,0.062,0.062,0.084,-0.340,-2.211,-9.475,-8.623,8.623,19.586,35.792
12460,16,2.636,-12.862,87.482,0.062,0.062,0.084,-0.407,-2.196,-9.475,-8.713,8.713,19.474,35.903
12461,16,2.685,-12.806,87.433,0.069,0.104,0.095,-0.407,-2.196,-9.594,-8.966,8.966,18.498,35.662
12462,16,2.705,-12.769,87.382,0.069,0.104,0.095,-0.407,-2.196,-9.642,-8.997,8.997,18.461,35.699
12463,16,2.762,-12.615,87.300,0.026,0.150,0.097,-0.407,-2.206,-9.642,-8.863,8.863,17.684,35.168
12464,16,2.748,-12.550,87.279,0.026,0.150,0.097,-0.378,-2.225,-9.642,-8.854,8.854,17.702,35.150
12471,16,2.962,-12.063,86.878,0.065,0.058,0.096,-0.536,-2.321,-9.810,-9.277,9.277,18.774,36.725
12476,16,3.143,-11.978,86.645,0.052,0.038,0.074,-0.708,-2.354,-9.795,-9.323,9.323,19.125,36.922
12477,16,3.173,-11.954,86.613,0.040,0.053,0.045,-0.708,-2.354,-9.824,-8.955,8.955,19.570,36.052
12478,16,3.186,-11.943,86.579,0.040,0.053,0.045,-0.708,-2.354,-9.824,-8.976,8.976,19.543,36.078
12479,16,3.220,-11.894,86.550,0.022,0.054,0.022,-0.713,-2.335,-9.800,-8.638,8.638,20.049,35.542
12483,16,3.313,-11.886,86.513,0.050,-0.005,-0.006,-0.694,-2.263,-9.704,-8.545,8.545,21.462,35.833
12484,16,3.337,-11.902,86.510,0.050,-0.005,-0.006,-0.703,-2.287,-9.704,-8.647,8.647,21.333,35.962
12485,16,3.349,-11.914,86.516,0.043,-0.023,-0.022,-0.703,-2.287,-9.709,-8.434,8.434,21.961,35.852
12486,16,3.372,-11.936,86.520,0.043,-0.023,-0.022,-0.703,-2.287,-9.709,-8.478,8.478,21.904,35.908
12487,16,3.398,-11.959,86.542,0.035,-0.012,-0.036,-0.718,-2.302,-9.666,-8.286,8.286,22.061,35.417
12488,16,3.410,-11.971,86.545,0.035,-0.012,-0.036,-0.727,-2.259,-9.666,-8.342,8.342,21.988,35.490
12489,16,3.415,-11.974,86.574,0.018,0.005,-0.055,-0.727,-2.259,-9.661,-8.026,8.026,22.213,34.778
12490,16,3.420,-11.982,86.598,0.018,0.005,-0.055,-0.727,-2.259,-9.661,-8.037,8.037,22.199,34.791
12491,16,3.428,-11.978,86.660,0.022,0.017,-0.079,-0.675,-2.192,-9.599,-7.770,7.770,22.611,34.045
12492,16,3.431,-11.979,86.679,0.022,0.017,-0.079,-0.660,-2.077,-9.599,-7.784,7.784,22.593,34.062
12493,16,3.425,-11.981,86.735,0.009,0.020,-0.103,-0.660,-2.077,-9.666,-7.399,7.399,23.173,33.392
12494,16,3.419,-11.977,86.793,0.009,0.020,-0.103,-0.660,-2.077,-9.666,-7.387,7.387,23.188,33.377
12495,16,3.406,-11.973,86.886,0.003,0.022,-0.113,-0.608,-2.048,-9.690,-7.239,7.239,23.399,33.105
12496,16,3.403,-11.969,86.916,0.003,0.022,-0.113,-0.536,-2.034,-9.690,-7.211,7.211,23.434,33.069
12497,16,3.394,-11.973,86.977,0.006,0.011,-0.109,-0.536,-2.034,-9.676,-7.265,7.265,23.514,33.324
12498,16,3.388,-11.975,87.037,0.006,0.011,-0.109,-0.536,-2.034,-9.676,-7.254,7.254,23.528,33.311
12499,16,3.381,-11.982,87.108,0.010,0.001,-0.088,-0.541,-2.029,-9.733,-7.519,7.519,23.164,33.948
12500,16,3.383,-11.987,87.132,0.010,0.001,-0.088,-0.531,-2.053,-9.733,-7.517,7.517,23.166,33.947
12501,16,3.380,-11.998,87.169,0.010,-0.015,-0.065,-0.531,-2.053,-9.762,-7.805,7.805,22.814,34.755
12502,16,3.378,-12.007,87.207,0.010,-0.015,-0.065,-0.531,-2.053,-9.762,-7.804,7.804,22.814,34.755
12503,16,3.382,-12.045,87.252,0.016,-0.035,-0.053,-0.560,-2.072,-9.752,-7.983,7.983,22.809,35.339
12504,16,3.391,-12.065,87.268,0.016,-0.035,-0.053,-0.555,-2.091,-9.752,-8.015,8.015,22.766,35.381
12505,16,3.383,-12.086,87.303,0.005,-0.047,-0.058,-0.555,-2.091,-9.666,-7.898,7.898,23.053,35.429
12506,16,3.385,-12.108,87.337,0.005,-0.047,-0.058,-0.555,-2.091,-9.666,-7.905,7.905,23.043,35.439
12507,16,3.374,-12.164,87.404,0.011,-0.048,-0.074,-0.522,-2.053,-9.594,-7.723,7.723,23.467,35.046
12508,16,3.382,-12.184,87.427,0.011,-0.048,-0.074,-0.517,-2.038,-9.594,-7.740,7.740,23.443,35.069
12509,16,3.377,-12.201,87.474,0.023,-0.038,-0.076,-0.517,-2.038,-9.570,-7.771,7.771,23.366,34.873
12510,16,3.386,-12.224,87.520,0.023,-0.038,-0.076,-0.517,-2.038,-9.570,-7.790,7.790,23.341,34.898
12511,16,3.392,-12.238,87.578,0.026,-0.013,-0.059,-0.555,-2.010,-9.618,-8.016,8.016,22.546,34.962
12516,16,3.390,-12.204,87.702,-0.007,0.017,-0.027,-0.455,-1.838,-9.589,-8.253,8.253,21.319,35.337
12517,16,3.386,-12.205,87.739,0.009,-0.002,-0.048,-0.455,-1.838,-9.451,-8.060,8.060,22.134,35.070
12518,16,3.385,-12.204,87.777,0.009,-0.002,-0.048,-0.455,-1.838,-9.451,-8.057,8.057,22.138,35.065
12519,16,3.384,-12.213,87.851,0.018,-0.012,-0.068,-0.412,-1.871,-9.465,-7.852,7.852,22.781,34.697
12520,16,3.379,-12.211,87.874,0.018,-0.012,-0.068,-0.392,-1.909,-9.465,-7.843,7.843,22.791,34.686
12521,16,3.380,-12.203,87.914,0.009,0.019,-0.056,-0.392,-1.909,-9.503,-7.941,7.941,22.058,34.537
12522,16,3.373,-12.192,87.958,0.009,0.019,-0.056,-0.392,-1.909,-9.503,-7.926,7.926,22.078,34.517
12523,16,3.376,-12.135,87.987,0.009,0.059,-0.012,-0.397,-1.995,-9.527,-8.489,8.489,20.394,35.075
12524,16,3.364,-12.106,87.996,0.009,0.059,-0.012,-0.459,-2.029,-9.527,-8.456,8.456,20.438,35.031
12525,16,3.387,-12.063,87.983,0.020,0.086,0.045,-0.459,-2.029,-9.594,-9.254,9.254,18.591,36.087
12526,16,3.385,-12.025,87.969,0.020,0.086,0.045,-0.459,-2.029,-9.594,-9.244,9.244,18.605,36.073
12527,16,3.430,-11.906,87.918,0.026,0.115,0.076,-0.512,-1.991,-9.690,-9.695,9.695,17.377,36.478
12528,16,3.423,-11.854,87.906,0.026,0.115,0.076,-0.531,-1.967,-9.690,-9.696,9.696,17.383,36.473
12529,16,3.448,-11.800,87.875,0.010,0.116,0.069,-0.531,-1.967,-9.743,-9.571,9.571,17.488,36.338
12534,16,3.548,-11.595,87.794,0.058,0.043,0.018,-0.613,-1.943,-9.872,-9.315,9.315,19.649,36.277
12546,16,3.523,-11.678,87.916,-0.001,-0.048,-0.059,-0.656,-2.029,-9.728,-8.032,8.032,22.893,35.620
12547,16,3.504,-11.718,87.989,0.002,-0.034,-0.083,-0.679,-1.952,-9.680,-7.728,7.728,23.324,34.793
12548,16,3.494,-11.721,88.015,0.002,-0.034,-0.083,-0.665,-1.885,-9.680,-7.698,7.698,23.360,34.756
12549,16,3.470,-11.731,88.074,-0.032,0.001,-0.105,-0.665,-1.885,-9.599,-7.208,7.208,23.467,33.645
12550,16,3.446,-11.725,88.136,-0.032,0.001,-0.105,-0.665,-1.885,-9.599,-7.164,7.164,23.521,33.591
12551,16,3.413,-11.711,88.245,-0.013,0.029,-0.123,-0.608,-1.847,-9.522,-7.022,7.022,23.583,32.739
12552,16,3.398,-11.703,88.284,-0.013,0.029,-0.123,-0.613,-1.842,-9.522,-6.958,6.958,23.664,32.657
12553,16,3.396,-11.690,88.357,0.016,0.029,-0.124,-0.613,-1.842,-9.499,-7.081,7.081,23.701,32.621
12554,16,3.388,-11.682,88.427,0.016,0.029,-0.124,-0.613,-1.842,-9.499,-7.067,7.067,23.719,32.602
12561,16,3.517,-11.532,88.869,0.045,0.045,-0.144,-0.876,-1.866,-9.178,-7.161,7.161,23.751,32.113
12562,16,3.521,-11.522,88.956,0.045,0.045,-0.144,-0.876,-1.866,-9.178,-7.166,7.166,23.746,32.118
12572,16,4.260,-11.068,90.248,0.206,0.187,-0.243,-1.096,-1.818,-9.077,-7.943,7.943,22.706,29.080
12585,16,5.989,-9.196,92.365,0.283,0.304,-0.165,-1.211,-1.909,-10.283,-11.787,11.787,16.204,32.265
12588,16,6.394,-8.809,92.585,0.247,0.240,-0.115,-1.148,-2.172,-10.341,-12.787,12.787,15.229,35.066
12589,16,6.522,-8.755,92.618,0.241,0.126,-0.080,-1.148,-2.172,-10.374,-13.386,13.386,15.750,37.801
12594,16,7.313,-8.858,92.617,0.319,-0.059,-0.018,-1.278,-2.498,-10.728,-15.864,15.864,15.223,43.594
12595,16,7.471,-8.902,92.545,0.152,-0.056,0.023,-1.249,-2.527,-10.518,-15.670,15.670,14.042,44.775
12596,16,7.512,-8.927,92.523,0.152,-0.056,0.023,-0.938,-2.594,-10.518,-15.900,15.900,13.722,45.034
12597,16,7.589,-8.996,92.483,0.143,-0.088,0.002,-0.938,-2.594,-9.991,-15.733,15.733,14.523,45.146
12598,16,7.663,-9.063,92.450,0.143,-0.088,0.002,-0.938,-2.594,-9.991,-15.877,15.877,14.339,45.330
12599,16,7.722,-9.256,92.381,0.086,-0.189,-0.010,-0.751,-2.598,-9.561,-15.503,15.503,14.557,45.112
12600,16,7.743,-9.320,92.360,0.086,-0.189,-0.010,-0.546,-2.536,-9.561,-15.667,15.667,15.762,46.768
12601,16,7.791,-9.499,92.312,0.101,-0.275,-0.007,-0.546,-2.536,-9.384,-15.911,15.911,16.743,48.252
12602,16,7.873,-9.643,92.266,0.101,-0.275,-0.007,-0.546,-2.536,-9.384,-16.096,16.096,16.497,48.498
12603,16,7.880,-9.946,92.162,0.067,-0.284,0.020,-0.397,-2.426,-9.226,-16.281,16.281,15.778,49.218
12604,16,7.894,-10.037,92.133,0.067,-0.284,0.020,-0.402,-2.235,-9.226,-16.449,16.449,15.673,49.596
12605,16,7.907,-10.163,92.053,0.042,-0.196,0.056,-0.402,-2.235,-9.288,-16.841,16.841,13.405,49.338
12606,16,7.949,-10.263,91.993,0.042,-0.196,0.056,-0.402,-2.235,-9.288,-16.949,16.949,13.259,49.484
12607,16,7.905,-10.316,91.854,0.003,-0.012,0.100,-0.502,-1.991,-9.546,-17.259,17.259,12.216,50.527
12608,16,7.899,-10.323,91.814,0.003,-0.012,0.100,-0.713,-1.632,-9.546,-17.240,17.240,9.603,47.874
12609,16,7.843,-10.201,91.730,-0.084,0.222,0.141,-0.713,-1.632,-9.848,-17.171,17.171,5.446,45.367
12610,16,7.768,-10.096,91.675,-0.084,0.222,0.141,-0.713,-1.632,-9.848,-17.008,17.008,5.660,45.152
12611,16,7.584,-9.706,91.517,-0.216,0.438,0.179,-0.976,-1.316,-10.058,-16.690,16.690,4.887,45.925
12612,16,7.519,-9.578,91.473,-0.216,0.438,0.179,-1.005,-0.909,-10.058,-16.231,16.231,2.409,42.224
12613,16,7.300,-9.250,91.383,-0.374,0.571,0.213,-1.005,-0.909,-10.068,-15.398,15.398,0.272,40.557
12614,16,7.059,-8.947,91.336,-0.374,0.571,0.213,-1.005,-0.909,-10.068,-14.908,14.908,0.906,39.923
12615,16,6.697,-8.415,91.176,-0.487,0.583,0.193,-0.785,-0.498,-9.967,-14.714,14.714,1.166,39.663
12616,16,6.559,-8.244,91.139,-0.487,0.583,0.193,-0.785,-0.498,-9.967,-13.071,13.071,2.565,37.929
12617,16,6.300,-7.931,91.072,-0.487,0.583,0.193,-0.775,-0.392,-10.049,-12.570,12.570,3.207,37.288
12618,16,6.049,-7.658,91.042,-0.417,0.490,0.165,-0.775,-0.392,-10.049,-12.105,12.105,5.819,37.323
12619,16,5.789,-7.315,90.890,-0.278,0.301,0.201,-0.919,-0.311,-10.231,-11.894,11.894,6.091,37.052
12620,16,5.710,-7.220,90.845,-0.278,0.301,0.201,-0.919,-0.311,-10.231,-12.608,12.608,8.426,40.104
12621,16,5.575,-7.093,90.718,-0.278,0.301,0.201,-1.158,-0.306,-10.470,-12.366,12.366,8.729,39.800
12622,16,5.473,-7.008,90.603,-0.239,0.083,0.312,-1.158,-0.306,-10.470,-13.769,13.769,9.302,45.467
12623,16,5.252,-6.979,90.245,-0.309,-0.051,0.424,-1.345,-0.383,-10.561,-13.648,13.648,9.449,45.320
12624,16,5.177,-6.976,90.133,-0.309,-0.051,0.424,-1.345,-0.383,-10.561,-14.348,14.348,8.987,49.617
12625,16,5.025,-6.983,89.897,-0.309,-0.051,0.424,-1.378,-0.598,-10.403,-14.113,14.113,9.268,49.336
12626,16,4.917,-6.961,89.718,-0.340,-0.098,0.451,-1.378,-0.598,-10.403,-14.119,14.119,9.481,50.462
12630,16,4.186,-7.042,88.899,-0.436,-0.101,0.321,-1.321,-1.192,-10.078,-10.890,10.890,14.118,45.916
12631,16,3.838,-7.094,88.654,-0.505,-0.134,0.216,-0.976,-1.287,-9.690,-10.639,10.639,14.414,45.620
12632,16,3.630,-7.203,88.601,-0.505,-0.134,0.216,-0.976,-1.287,-9.690,-8.394,8.394,18.204,42.774
12633,16,3.393,-7.272,88.513,-0.505,-0.134,0.216,-0.751,-1.378,-9.489,-8.033,8.033,18.635,42.343
12634,16,3.246,-7.277,88.465,-0.435,-0.165,0.121,-0.751,-1.378,-9.489,-6.968,6.968,21.725,40.136
12635,16,2.980,-7.417,88.347,-0.272,-0.151,0.111,-0.646,-1.378,-9.546,-6.686,6.686,22.058,39.802
12636,16,2.864,-7.506,88.317,-0.272,-0.151,0.111,-0.646,-1.378,-9.546,-7.077,7.077,22.472,38.993
12637,16,2.728,-7.576,88.228,-0.272,-0.151,0.111,-0.804,-1.254,-9.877,-6.868,6.868,22.720,38.744
12638,16,2.635,-7.582,88.142,-0.307,-0.124,0.197,-0.804,-1.254,-9.877,-7.624,7.624,20.344,40.329
12639,16,2.465,-7.657,87.879,-0.209,-0.069,0.314,-0.813,-1.239,-9.786,-7.442,7.442,20.561,40.113
12640,16,2.397,-7.701,87.791,-0.209,-0.069,0.314,-0.813,-1.239,-9.786,-9.213,9.213,17.075,42.046
12641,16,2.333,-7.728,87.584,-0.209,-0.069,0.314,-0.924,-1.258,-9.862,-9.113,9.113,17.196,41.926
12642,16,2.299,-7.731,87.401,-0.182,-0.074,0.414,-0.924,-1.258,-9.862,-10.444,10.444,14.817,44.426
12645,16,2.246,-7.910,86.609,-0.117,-0.115,0.439,-0.880,-1.278,-9.570,-11.008,11.008,14.873,45.557
12646,16,2.304,-7.991,86.430,-0.018,-0.191,0.402,-0.880,-1.278,-9.570,-11.139,11.139,16.759,45.832
12647,16,2.427,-8.168,86.064,0.110,-0.247,0.343,-0.861,-1.364,-9.518,-11.150,11.150,16.743,45.848
12648,16,2.469,-8.241,85.968,0.110,-0.247,0.343,-0.861,-1.364,-9.518,-11.338,11.338,18.666,45.538
12649,16,2.567,-8.383,85.786,0.110,-0.247,0.343,-0.813,-1.369,-9.470,-11.513,11.513,18.447,45.757
12650,16,2.670,-8.516,85.654,0.074,-0.294,0.280,-0.813,-1.369,-9.470,-10.729,10.729,20.460,45.083
12651,16,2.736,-8.720,85.402,-0.051,-0.285,0.233,-0.742,-1.483,-9.293,-10.771,10.771,20.404,45.140
12652,16,2.699,-8.836,85.337,-0.051,-0.285,0.233,-0.742,-1.483,-9.293,-9.606,9.606,21.390,43.910
12653,16,2.687,-8.976,85.220,-0.051,-0.285,0.233,-0.574,-1.608,-9.077,-9.603,9.603,21.387,43.913
12654,16,2.700,-9.063,85.144,-0.105,-0.246,0.158,-0.574,-1.608,-9.077,-8.418,8.418,22.672,41.501
12655,16,2.670,-9.244,85.055,-0.023,-0.185,0.040,-0.464,-1.589,-8.982,-8.331,8.331,22.773,41.401
12656,16,2.644,-9.319,85.043,-0.023,-0.185,0.040,-0.464,-1.589,-8.982,-7.302,7.302,24.797,37.642
12657,16,2.651,-9.401,85.043,-0.023,-0.185,0.040,-0.536,-1.517,-9.226,-7.323,7.323,24.768,37.670
12658,16,2.669,-9.448,85.052,-0.003,-0.115,-0.046,-0.536,-1.517,-9.226,-6.382,6.382,25.874,34.556
12659,16,2.622,-9.491,85.112,-0.092,-0.032,-0.058,-0.469,-1.421,-9.283,-6.366,6.366,25.892,34.538
12660,16,2.584,-9.515,85.130,-0.092,-0.032,-0.058,-0.469,-1.421,-9.283,-5.659,5.659,25.142,32.913
12661,16,2.517,-9.508,85.153,-0.092,-0.032,-0.058,-0.287,-1.397,-9.178,-5.546,5.546,25.281,32.775
12662,16,2.443,-9.469,85.162,-0.162,0.035,-0.023,-0.287,-1.397,-9.178,-5.491,5.491,23.630,32.508
12663,16,2.349,-9.441,85.164,-0.077,0.042,0.020,-0.115,-1.416,-9.154,-5.398,5.398,23.744,32.394
12664,16,2.332,-9.429,85.158,-0.077,0.042,0.020,-0.115,-1.416,-9.154,-6.273,6.273,22.682,33.274
12665,16,2.323,-9.409,85.129,-0.077,0.042,0.020,-0.134,-1.526,-9.307,-6.257,6.257,22.702,33.253
12666,16,2.335,-9.408,85.106,0.017,0.004,0.085,-0.134,-1.526,-9.307,-7.558,7.558,21.586,35.435
12667,16,2.399,-9.410,84.967,0.065,-0.019,0.158,-0.292,-1.622,-9.508,-7.588,7.588,21.551,35.471
12668,16,2.433,-9.403,84.919,0.065,-0.019,0.158,-0.292,-1.622,-9.508,-8.865,8.865,19.912,37.779
12669,16,2.468,-9.402,84.822,0.065,-0.019,0.158,-0.316,-1.651,-9.494,-8.924,8.924,19.839,37.852
12670,16,2.475,-9.404,84.769,-0.005,-0.005,0.184,-0.316,-1.651,-9.494,-8.917,8.917,18.961,38.334
12671,16,2.456,-9.369,84.590,-0.082,0.037,0.125,-0.273,-1.574,-9.360,-8.939,8.939,18.935,38.360
12672,16,2.433,-9.359,84.555,-0.082,0.037,0.125,-0.273,-1.574,-9.360,-7.714,7.714,19.937,36.141
12675,16,2.206,-9.171,84.553,-0.113,0.137,-0.059,0.038,-1.340,-9.264,-5.892,5.892,22.376,32.332
12676,16,2.172,-9.128,84.572,-0.113,0.137,-0.059,0.038,-1.340,-9.264,-4.810,4.810,23.658,29.559
12677,16,2.099,-9.023,84.610,-0.113,0.137,-0.059,0.163,-1.196,-9.384,-4.680,4.680,23.822,29.395
12678,16,2.013,-8.908,84.632,-0.107,0.232,-0.052,0.163,-1.196,-9.384,-4.638,4.638,22.499,28.008
12679,16,1.892,-8.668,84.664,-0.112,0.336,0.022,0.230,-1.125,-9.546,-4.598,4.598,22.551,27.957
12680,16,1.891,-8.534,84.659,-0.112,0.336,0.022,0.230,-1.125,-9.546,-5.310,5.310,19.455,28.100
12681,16,1.825,-8.328,84.616,-0.112,0.336,0.022,0.172,-1.263,-9.680,-5.185,5.185,19.614,27.942
12682,16,1.720,-8.154,84.579,-0.117,0.372,0.160,0.172,-1.263,-9.680,-6.693,6.693,15.889,30.631
12683,16,1.650,-7.853,84.332,-0.099,0.321,0.297,0.124,-1.335,-9.685,-6.692,6.692,15.895,30.626
12684,16,1.664,-7.723,84.249,-0.099,0.321,0.297,0.124,-1.335,-9.685,-8.380,8.380,13.343,34.638
12685,16,1.645,-7.555,84.067,-0.099,0.321,0.297,0.038,-1.325,-9.647,-8.338,8.338,13.399,34.583
12686,16,1.604,-7.445,83.972,-0.023,0.260,0.356,0.038,-1.325,-9.647,-9.375,9.375,12.894,36.822
12687,16,1.624,-7.234,83.585,-0.018,0.222,0.325,-0.144,-1.273,-9.757,-9.437,9.437,12.823,36.894
12688,16,1.655,-7.137,83.488,-0.018,0.222,0.325,-0.144,-1.273,-9.757,-9.075,9.075,14.151,36.661
12689,16,1.658,-7.016,83.331,-0.018,0.222,0.325,-0.153,-1.249,-9.704,-9.070,9.070,14.160,36.652
12690,16,1.629,-6.930,83.265,-0.006,0.210,0.235,-0.153,-1.249,-9.704,-7.960,7.960,16.627,34.520
12691,16,1.614,-6.752,83.055,-0.060,0.191,0.135,-0.230,-1.321,-9.877,-8.004,8.004,16.577,34.570
12692,16,1.614,-6.680,83.017,-0.060,0.191,0.135,-0.230,-1.321,-9.877,-6.401,6.401,19.460,32.234
12693,16,1.570,-6.568,82.967,-0.060,0.191,0.135,-0.196,-1.196,-9.915,-6.326,6.326,19.554,32.141
12694,16,1.503,-6.470,82.955,-0.085,0.217,0.050,-0.196,-1.196,-9.915,-5.023,5.023,21.438,29.495
12695,16,1.423,-6.281,82.930,-0.074,0.248,-0.009,-0.057,-1.134,-9.848,-5.005,5.005,21.462,29.472
12696,16,1.422,-6.187,82.932,-0.074,0.248,-0.009,-0.057,-1.134,-9.848,-4.207,4.207,22.638,27.413
12697,16,1.379,-6.056,82.944,-0.074,0.248,-0.009,0.167,-1.129,-9.824,-4.133,4.133,22.730,27.321
12698,16,1.312,-5.951,82.954,-0.060,0.244,-0.032,0.167,-1.129,-9.824,-3.802,3.802,23.507,26.666
12699,16,1.253,-5.746,82.992,-0.042,0.264,-0.042,0.278,-1.139,-10.006,-3.798,3.798,23.513,26.660
12700,16,1.263,-5.644,83.000,-0.042,0.264,-0.042,0.278,-1.139,-10.006,-3.682,3.682,23.572,26.023
12701,16,1.245,-5.489,83.018,-0.042,0.264,-0.042,0.297,-1.120,-10.274,-3.647,3.647,23.616,25.978
12702,16,1.205,-5.365,83.027,0.019,0.319,-0.030,0.297,-1.120,-10.274,-4.031,4.031,22.629,25.413
12703,16,1.225,-5.088,83.037,0.086,0.389,0.014,0.225,-0.962,-10.714,-4.085,4.085,22.568,25.474
12704,16,1.306,-4.912,83.031,0.086,0.389,0.014,0.225,-0.962,-10.714,-5.040,5.040,20.392,25.641
12705,16,1.333,-4.687,83.006,0.086,0.389,0.014,0.105,-0.804,-11.121,-5.068,5.068,20.365,25.669
12706,16,1.284,-4.521,82.988,0.038,0.427,0.084,0.105,-0.804,-11.121,-5.626,5.626,18.158,26.780
12707,16,1.279,-4.166,82.874,-0.032,0.405,0.123,0.096,-0.584,-11.192,-5.719,5.719,18.054,26.884
12708,16,1.314,-4.000,82.843,-0.032,0.405,0.123,0.096,-0.584,-11.192,-5.771,5.771,17.511,28.066
12709,16,1.282,-3.810,82.779,-0.032,0.405,0.123,0.182,-0.536,-10.934,-5.716,5.716,17.580,27.997
12710,16,1.210,-3.686,82.753,-0.063,0.285,0.108,0.182,-0.536,-10.934,-5.266,5.266,19.787,29.199
12711,16,1.189,-3.547,82.664,-0.032,0.063,0.059,0.345,-0.613,-10.561,-5.271,5.271,19.784,29.202
12712,16,1.176,-3.531,82.650,-0.032,0.063,0.059,0.345,-0.613,-10.561,-4.752,4.752,24.260,31.087
12713,16,1.174,-3.570,82.642,-0.032,0.063,0.059,0.483,-0.617,-10.231,-4.751,4.751,24.261,31.086
12714,16,1.221,-3.649,82.642,0.071,-0.174,-0.010,0.483,-0.617,-10.231,-4.487,4.487,29.259,32.845
12715,16,1.317,-3.884,82.688,0.152,-0.337,-0.066,0.483,-0.761,-10.001,-4.479,4.479,29.266,32.838
12716,16,1.318,-4.021,82.708,0.152,-0.337,-0.066,0.483,-0.761,-10.001,-4.342,4.342,32.808,33.952
12717,16,1.386,-4.227,82.747,0.152,-0.337,-0.066,0.373,-0.866,-9.963,-4.453,4.453,32.674,34.087
12718,16,1.496,-4.399,82.761,0.153,-0.375,-0.067,0.373,-0.866,-9.963,-4.615,4.615,33.046,34.811
12719,16,1.559,-4.686,82.828,0.101,-0.301,-0.044,0.301,-0.919,-9.924,-4.610,4.610,33.047,34.809
12720,16,1.544,-4.809,82.839,0.101,-0.301,-0.044,0.301,-0.919,-9.924,-4.741,4.741,31.288,34.468
12721,16,1.561,-4.947,82.861,0.101,-0.301,-0.044,0.292,-0.900,-9.886,-4.776,4.776,31.243,34.513
12722,16,1.585,-5.020,82.868,0.032,-0.180,-0.025,0.292,-0.900,-9.886,-4.709,4.709,28.979,33.307
12723,16,1.541,-5.127,82.906,-0.037,-0.096,-0.018,0.201,-0.885,-9.862,-4.677,4.677,29.016,33.271
12724,16,1.499,-5.179,82.914,-0.037,-0.096,-0.018,0.201,-0.885,-9.862,-4.325,4.325,27.753,32.129
12725,16,1.459,-5.229,82.940,-0.037,-0.096,-0.018,0.163,-0.866,-9.771,-4.267,4.267,27.819,32.063
12726,16,1.442,-5.253,82.958,-0.029,-0.079,-0.044,0.163,-0.866,-9.771,-3.967,3.967,28.242,31.153
12727,16,1.438,-5.348,83.053,0.077,-0.116,-0.096,0.043,-0.818,-9.743,-3.915,3.915,28.302,31.093
12728,16,1.437,-5.391,83.087,0.077,-0.116,-0.096,0.043,-0.818,-9.743,-3.842,3.842,30.075,30.385
12729,16,1.475,-5.471,83.164,0.077,-0.116,-0.096,-0.086,-0.809,-9.781,-3.905,3.905,30.000,30.461
12730,16,1.540,-5.554,83.212,0.129,-0.173,-0.154,-0.086,-0.809,-9.781,-3.536,3.536,32.147,29.926
12731,16,1.610,-5.729,83.453,0.111,-0.249,-0.244,0.005,-0.809,-9.637,-3.557,3.557,32.121,29.953
12737,16,1.912,-6.776,84.642,0.226,-0.354,-0.427,0.124,-1.282,-9.623,-1.269,1.269,40.732,26.516
12741,16,2.330,-7.412,85.776,0.306,-0.260,-0.513,-0.225,-1.574,-10.159,-1.302,1.302,40.669,23.900
12742,16,2.483,-7.513,85.907,0.390,-0.120,-0.490,-0.225,-1.574,-10.159,-2.270,2.270,37.779,22.803
12743,16,2.689,-7.559,86.450,0.349,0.039,-0.441,-0.359,-1.383,-10.389,-2.431,2.431,37.584,22.998
12746,16,2.939,-7.436,86.970,0.182,0.128,-0.462,-0.301,-1.029,-10.312,-2.291,2.291,32.684,20.807
12747,16,2.981,-7.342,87.543,0.116,0.110,-0.519,-0.220,-0.914,-10.202,-2.366,2.366,32.598,20.893
12748,16,3.012,-7.293,87.693,0.116,0.110,-0.519,-0.220,-0.914,-10.202,-1.353,1.353,34.244,19.764
12749,16,3.038,-7.275,87.990,0.116,0.110,-0.519,-0.263,-1.005,-10.073,-1.391,1.391,34.199,19.809
12758,16,4.084,-8.548,89.744,0.320,-0.313,-0.268,-0.766,-1.660,-9.489,-7.410,7.410,31.637,34.454
12759,16,4.301,-8.800,89.994,0.326,-0.263,-0.272,-0.952,-1.751,-9.455,-7.533,7.533,31.481,34.610
12760,16,4.381,-8.880,90.106,0.326,-0.263,-0.272,-0.952,-1.751,-9.455,-7.950,7.950,30.311,34.350
12761,16,4.503,-9.015,90.253,0.326,-0.263,-0.272,-1.058,-1.833,-9.494,-8.179,8.179,30.021,34.639
12762,16,4.609,-9.130,90.324,0.228,-0.193,-0.297,-1.058,-1.833,-9.494,-7.567,7.567,29.405,33.247
12763,16,4.690,-9.261,90.628,0.124,-0.118,-0.365,-0.947,-1.861,-9.470,-7.646,7.646,29.303,33.348
12764,16,4.697,-9.314,90.777,0.124,-0.118,-0.365,-0.947,-1.861,-9.470,-6.377,6.377,29.805,30.716
12765,16,4.734,-9.392,90.987,0.124,-0.118,-0.365,-1.091,-1.943,-9.604,-6.455,6.455,29.702,30.819
12766,16,4.787,-9.454,91.094,0.147,-0.089,-0.413,-1.091,-1.943,-9.604,-6.075,6.075,30.360,29.339
12767,16,4.855,-9.571,91.443,0.152,-0.116,-0.333,-1.459,-2.120,-9.738,-6.102,6.102,30.324,29.375
12768,16,4.882,-9.619,91.579,0.152,-0.116,-0.333,-1.459,-2.120,-9.738,-7.295,7.295,28.491,31.969
12769,16,4.951,-9.708,91.723,0.152,-0.116,-0.333,-1.804,-2.082,-9.695,-7.431,7.431,28.317,32.143
12770,16,5.040,-9.806,91.774,0.180,-0.148,-0.241,-1.804,-2.082,-9.695,-8.899,8.899,26.238,35.136
12771,16,5.193,-9.965,91.979,0.238,-0.148,-0.249,-1.986,-1.938,-9.575,-8.976,8.976,26.138,35.235
12772,16,5.263,-10.007,92.074,0.238,-0.148,-0.249,-1.986,-1.938,-9.575,-9.503,9.503,25.913,35.460
12773,16,5.368,-10.096,92.225,0.238,-0.148,-0.249,-1.924,-1.593,-9.561,-9.702,9.702,25.660,35.713
12774,16,5.455,-10.179,92.313,0.193,-0.097,-0.361,-1.924,-1.593,-9.561,-8.250,8.250,27.510,32.403
12775,16,5.494,-10.221,92.706,0.054,0.020,-0.501,-1.694,-1.354,-9.561,-8.334,8.334,27.403,32.510
12776,16,5.493,-10.233,92.919,0.054,0.020,-0.501,-1.694,-1.354,-9.561,-5.891,5.891,29.223,27.341
12786,16,4.884,-9.779,94.982,0.028,0.025,-0.002,-0.488,-1.388,-9.355,-10.853,10.853,18.138,38.305
12787,16,4.942,-9.773,94.958,0.028,0.025,-0.002,-0.488,-1.388,-9.355,-10.887,10.887,18.097,38.346
12788,16,4.997,-9.761,94.894,0.107,-0.045,0.133,-0.569,-1.684,-9.350,-13.123,13.123,15.519,42.902
12789,16,5.074,-9.775,94.802,0.107,-0.045,0.133,-0.569,-1.684,-9.542,-13.255,13.255,15.356,43.065
12790,16,5.117,-9.781,94.724,0.112,-0.038,0.232,-0.871,-1.938,-9.542,-14.594,14.594,12.696,45.543
12791,16,5.277,-9.815,94.459,0.112,-0.038,0.232,-0.871,-1.938,-9.542,-14.742,14.742,12.514,45.725
12792,16,5.385,-9.758,94.332,0.190,0.029,0.273,-0.799,-2.000,-9.561,-15.932,15.932,10.183,46.138
12793,16,5.517,-9.727,94.160,0.190,0.029,0.273,-0.799,-2.000,-9.987,-16.146,16.146,9.923,46.398
12794,16,5.525,-9.688,94.074,-0.014,0.114,0.278,-1.048,-2.029,-9.987,-15.199,15.199,8.571,45.315
12795,16,5.530,-9.548,93.794,-0.014,0.114,0.278,-1.048,-2.029,-9.987,-15.207,15.207,8.569,45.317
12796,16,5.568,-9.463,93.666,-0.009,0.175,0.266,-1.019,-2.216,-10.068,-15.093,15.093,8.001,44.151
12797,16,5.586,-9.353,93.508,-0.009,0.175,0.266,-1.019,-2.216,-10.475,-15.096,15.096,8.008,44.144
12798,16,5.565,-9.318,93.410,-0.124,0.105,0.320,-1.263,-2.555,-10.475,-15.143,15.143,7.722,46.408
12799,16,5.502,-9.211,93.061,-0.124,0.105,0.320,-1.263,-2.555,-10.475,-15.056,15.056,7.834,46.295
12800,16,5.471,-9.213,92.875,-0.119,-0.004,0.380,-1.431,-2.584,-10.403,-15.742,15.742,8.003,49.261
12801,16,5.441,-9.210,92.634,-0.119,-0.004,0.380,-1.431,-2.584,-10.360,-15.690,15.690,8.066,49.198
12802,16,5.427,-9.236,92.512,-0.117,-0.100,0.379,-1.646,-2.144,-10.360,-15.672,15.672,9.479,50.525
12803,16,5.413,-9.329,92.090,-0.117,-0.100,0.379,-1.646,-2.144,-10.360,-15.646,15.646,9.507,50.497
12804,16,5.387,-9.381,91.935,-0.081,-0.125,0.313,-1.928,-1.670,-10.413,-14.997,14.997,11.505,49.199
12805,16,5.383,-9.446,91.731,-0.081,-0.125,0.313,-1.928,-1.670,-10.441,-15.006,15.006,11.488,49.216
12806,16,5.373,-9.474,91.646,-0.100,-0.105,0.245,-2.082,-1.402,-10.441,-14.047,14.047,12.929,47.227
12807,16,5.349,-9.555,91.374,-0.100,-0.105,0.245,-2.082,-1.402,-10.441,-14.027,14.027,12.948,47.208
12808,16,5.283,-9.609,91.275,-0.177,-0.108,0.203,-1.986,-1.220,-10.231,-13.027,13.027,14.129,46.088
12809,16,5.223,-9.662,91.148,-0.177,-0.108,0.203,-1.986,-1.220,-9.819,-12.941,12.941,14.231,45.986
12810,16,5.188,-9.703,91.092,-0.191,-0.161,0.165,-1.665,-1.168,-9.819,-12.343,12.343,16.007,45.732
12811,16,5.108,-9.847,90.904,-0.191,-0.161,0.165,-1.665,-1.168,-9.819,-12.248,12.248,16.117,45.622
12812,16,5.048,-9.951,90.835,-0.134,-0.245,0.150,-1.369,-1.325,-9.479,-12.261,12.261,17.779,46.364
12813,16,5.008,-10.078,90.738,-0.134,-0.245,0.150,-1.369,-1.325,-9.211,-12.225,12.225,17.813,46.330
12814,16,5.016,-10.157,90.680,-0.055,-0.313,0.175,-1.273,-1.498,-9.211,-12.956,12.956,18.130,47.961
12815,16,5.084,-10.452,90.462,-0.055,-0.313,0.175,-1.273,-1.498,-9.211,-13.012,13.012,18.047,48.044
12816,16,5.065,-10.571,90.356,-0.032,-0.330,0.239,-1.287,-1.732,-9.039,-14.054,14.054,16.517,50.061
12817,16,5.094,-10.738,90.205,-0.032,-0.330,0.239,-1.287,-1.732,-8.838,-14.145,14.145,16.390,50.188
12818,16,5.113,-10.809,90.118,-0.033,-0.297,0.285,-1.302,-1.847,-8.838,-14.774,14.774,14.680,50.954
12819,16,5.205,-11.067,89.804,-0.033,-0.297,0.285,-1.302,-1.847,-8.838,-14.870,14.870,14.548,51.086
12820,16,5.211,-11.128,89.684,-0.017,-0.209,0.278,-1.340,-1.995,-8.805,-15.009,15.009,13.268,49.840
12821,16,5.250,-11.227,89.513,-0.017,-0.209,0.278,-1.340,-1.995,-8.972,-15.104,15.104,13.142,49.967
12822,16,5.268,-11.244,89.439,-0.029,-0.086,0.249,-1.378,-2.206,-8.972,-14.721,14.721,12.066,47.542
12823,16,5.310,-11.280,89.179,-0.029,-0.086,0.249,-1.378,-2.206,-8.972,-14.785,14.785,11.983,47.625
12824,16,5.304,-11.262,89.079,-0.099,0.030,0.221,-1.349,-2.350,-9.106,-14.077,14.077,11.042,45.249
12825,16,5.292,-11.236,88.944,-0.099,0.030,0.221,-1.349,-2.350,-9.197,-14.049,14.049,11.078,45.213
12826,16,5.277,-11.204,88.890,-0.121,0.100,0.175,-1.211,-2.421,-9.197,-13.330,13.330,11.264,43.018
12827,16,5.211,-11.092,88.715,-0.121,0.100,0.175,-1.211,-2.421,-9.197,-13.257,13.257,11.360,42.922
12828,16,5.208,-11.050,88.655,-0.084,0.109,0.117,-1.072,-2.426,-9.312,-12.639,12.639,12.791,41.247
12829,16,5.190,-10.992,88.578,-0.084,0.109,0.117,-1.072,-2.426,-9.417,-12.593,12.593,12.854,41.185
12830,16,5.179,-10.973,88.552,-0.071,0.079,0.065,-0.981,-2.493,-9.417,-11.982,11.982,14.614,40.277
12831,16,5.144,-10.908,88.469,-0.071,0.079,0.065,-0.981,-2.493,-9.417,-11.941,11.941,14.668,40.223
12832,16,5.133,-10.905,88.453,-0.058,0.046,0.003,-0.876,-2.393,-9.479,-11.181,11.181,16.757,39.077
12833,16,5.110,-10.894,88.431,-0.058,0.046,0.003,-0.876,-2.393,-9.455,-11.139,11.139,16.810,39.024
12834,16,5.089,-10.894,88.443,-0.083,0.031,-0.079,-0.742,-2.096,-9.455,-9.950,9.950,19.119,37.141
12835,16,4.993,-10.867,88.500,-0.083,0.031,-0.079,-0.742,-2.096,-9.455,-9.867,9.867,19.221,37.039
12836,16,4.914,-10.891,88.557,-0.165,0.035,-0.163,-0.502,-1.751,-9.235,-8.184,8.184,21.539,34.600
12837,16,4.810,-10.892,88.631,-0.165,0.035,-0.163,-0.502,-1.751,-9.197,-8.004,8.004,21.761,34.377
12838,16,4.750,-10.880,88.685,-0.179,0.074,-0.210,-0.340,-1.479,-9.197,-7.242,7.242,22.518,32.524
12839,16,4.529,-10.810,88.873,-0.179,0.074,-0.210,-0.340,-1.479,-9.197,-7.029,7.029,22.785,32.258
12840,16,4.466,-10.802,88.934,-0.147,0.097,-0.170,-0.292,-1.273,-9.245,-7.388,7.388,21.833,32.540
12841,16,4.366,-10.759,89.020,-0.147,0.097,-0.170,-0.292,-1.273,-9.326,-7.204,7.204,22.063,32.310
12842,16,4.337,-10.732,89.036,-0.092,0.095,-0.064,-0.349,-1.110,-9.326,-8.757,8.757,19.501,34.933
12843,16,4.220,-10.628,89.080,-0.092,0.095,-0.064,-0.349,-1.110,-9.326,-8.642,8.642,19.647,34.787
12844,16,4.206,-10.582,89.059,-0.072,0.119,0.046,-0.435,-1.048,-9.446,-9.969,9.969,16.735,36.999
12845,16,4.167,-10.507,89.035,-0.072,0.119,0.046,-0.435,-1.048,-9.604,-9.888,9.888,16.840,36.894
12846,16,4.172,-10.449,89.005,-0.004,0.184,0.112,-0.464,-1.110,-9.604,-11.051,11.051,14.270,37.608
12847,16,4.143,-10.239,88.915,-0.004,0.184,0.112,-0.464,-1.110,-9.604,-11.033,11.033,14.299,37.578
12848,16,4.181,-10.125,88.857,-0.013,0.234,0.148,-0.502,-1.378,-9.843,-11.413,11.413,12.730,37.716
12849,16,4.185,-9.979,88.787,-0.013,0.234,0.148,-0.502,-1.378,-10.078,-11.392,11.392,12.767,37.680
12857,16,4.233,-9.273,88.388,-0.049,0.038,0.070,-0.665,-1.718,-9.891,-10.182,10.182,17.630,38.417
12861,16,4.217,-9.404,88.337,0.033,-0.087,0.007,-0.603,-1.991,-9.637,-9.806,9.806,20.990,38.649
12862,16,4.241,-9.440,88.331,0.091,-0.121,0.006,-0.598,-1.967,-9.637,-10.126,10.126,21.444,39.168
12863,16,4.342,-9.570,88.303,0.091,-0.121,0.006,-0.598,-1.967,-9.637,-10.223,10.223,21.321,39.292
12864,16,4.361,-9.602,88.300,0.083,-0.088,0.000,-0.603,-1.971,-9.585,-10.241,10.241,20.836,38.833
12865,16,4.402,-9.655,88.289,0.083,-0.088,0.000,-0.603,-1.971,-9.623,-10.321,10.321,20.733,38.936
12866,16,4.415,-9.663,88.290,0.048,-0.018,-0.011,-0.617,-2.029,-9.623,-10.035,10.035,19.967,37.693
12867,16,4.445,-9.687,88.292,0.048,-0.018,-0.011,-0.617,-2.029,-9.623,-10.076,10.076,19.915,37.745
12868,16,4.462,-9.670,88.294,0.038,0.044,-0.017,-0.632,-1.991,-9.695,-9.987,9.987,19.145,36.750
12869,16,4.478,-9.653,88.300,0.038,0.044,-0.017,-0.632,-1.991,-9.833,-10.011,10.011,19.117,36.778
12870,16,4.488,-9.637,88.303,0.043,0.067,-0.020,-0.727,-1.838,-9.833,-10.005,10.005,18.848,36.378
12871,16,4.512,-9.590,88.320,0.043,0.067,-0.020,-0.727,-1.838,-9.833,-10.025,10.025,18.825,36.400
12875,16,4.601,-9.563,88.433,0.053,0.011,-0.067,-0.833,-1.541,-9.967,-9.612,9.612,20.661,36.177
12876,16,4.608,-9.581,88.481,0.049,-0.033,-0.111,-0.766,-1.531,-9.896,-9.095,9.095,22.313,35.773
12877,16,4.621,-9.606,88.544,0.049,-0.033,-0.111,-0.766,-1.531,-9.743,-9.121,9.121,22.279,35.807
12881,16,4.694,-9.838,88.890,0.087,-0.100,-0.165,-0.412,-1.479,-9.637,-8.806,8.806,24.366,35.638
12882,16,4.719,-9.866,88.924,0.126,-0.094,-0.123,-0.378,-1.541,-9.637,-9.579,9.579,23.148,36.673
12883,16,4.820,-9.973,89.023,0.126,-0.094,-0.123,-0.378,-1.541,-9.637,-9.683,9.683,23.015,36.806
12884,16,4.852,-9.982,89.032,0.110,-0.055,-0.017,-0.498,-1.732,-9.824,-11.068,11.068,19.646,39.080
12885,16,4.906,-10.012,89.041,0.110,-0.055,-0.017,-0.498,-1.732,-9.920,-11.166,11.166,19.522,39.203
12890,16,5.059,-10.013,88.806,-0.029,-0.002,0.027,-0.976,-1.809,-9.905,-11.278,11.278,17.352,39.852
12891,16,5.022,-10.009,88.795,-0.029,-0.002,0.027,-0.976,-1.809,-9.905,-11.243,11.243,17.395,39.809
12892,16,4.999,-10.017,88.834,-0.027,0.010,-0.099,-0.876,-1.680,-9.833,-9.617,9.617,20.450,36.419
12893,16,4.974,-10.010,88.888,-0.027,0.010,-0.099,-0.876,-1.680,-9.929,-9.574,9.574,20.504,36.365
12894,16,4.928,-10.024,88.934,-0.118,-0.018,-0.159,-0.756,-1.723,-9.929,-8.295,8.295,22.482,35.179
12895,16,4.785,-10.038,89.070,-0.118,-0.018,-0.159,-0.756,-1.723,-9.929,-8.147,8.147,22.662,34.998
12896,16,4.708,-10.088,89.137,-0.127,-0.055,-0.124,-0.579,-1.780,-9.771,-8.333,8.333,22.573,36.153
12897,16,4.653,-10.096,89.196,-0.127,-0.055,-0.124,-0.579,-1.780,-9.647,-8.242,8.242,22.684,36.041
12902,16,4.503,-10.363,89.201,-0.017,-0.076,0.059,-0.708,-1.474,-9.599,-10.871,10.871,18.642,40.662
12903,16,4.489,-10.415,89.148,-0.017,-0.076,0.059,-0.708,-1.474,-9.599,-10.863,10.863,18.648,40.656
12904,16,4.467,-10.436,89.097,-0.058,-0.047,0.085,-0.837,-1.464,-9.685,-10.953,10.953,17.619,40.863
12905,16,4.454,-10.441,89.049,-0.058,-0.047,0.085,-0.837,-1.464,-9.613,-10.933,10.933,17.644,40.838
12906,16,4.419,-10.453,89.027,-0.096,-0.025,0.079,-0.866,-1.421,-9.613,-10.603,10.603,17.555,40.288
12907,16,4.332,-10.444,88.968,-0.096,-0.025,0.079,-0.866,-1.421,-9.613,-10.522,10.522,17.655,40.188
12908,16,4.281,-10.468,88.934,-0.129,-0.029,0.061,-0.866,-1.512,-9.532,-9.978,9.978,18.356,39.609
12909,16,4.231,-10.455,88.905,-0.129,-0.029,0.061,-0.866,-1.512,-9.412,-9.891,9.891,18.465,39.500
12910,16,4.180,-10.477,88.896,-0.135,-0.029,0.043,-0.770,-1.627,-9.412,-9.549,9.549,19.019,38.946
12911,16,4.060,-10.475,88.872,-0.135,-0.029,0.043,-0.770,-1.627,-9.412,-9.430,9.430,19.165,38.799
12912,16,4.014,-10.497,88.868,-0.110,-0.030,0.016,-0.665,-1.718,-9.321,-9.063,9.063,20.046,37.949
12913,16,3.974,-10.492,88.865,-0.110,-0.030,0.016,-0.665,-1.718,-9.321,-8.994,8.994,20.131,37.864
12914,16,3.934,-10.507,88.868,-0.091,-0.007,0.004,-0.603,-1.804,-9.345,-8.878,8.878,20.185,37.171
12917,16,3.770,-10.449,88.865,-0.087,0.040,0.012,-0.536,-1.842,-9.398,-8.694,8.694,19.680,36.307
12924,16,3.508,-10.156,88.637,0.004,0.069,0.083,-0.421,-1.742,-9.599,-9.547,9.547,18.116,37.048
12925,16,3.504,-10.127,88.594,0.004,0.069,0.083,-0.421,-1.742,-9.599,-9.536,9.536,18.132,37.032
12926,16,3.531,-10.086,88.563,0.033,0.088,0.112,-0.608,-1.876,-9.819,-10.078,10.078,17.093,37.523
12927,16,3.563,-9.999,88.471,0.033,0.088,0.112,-0.608,-1.876,-9.819,-10.120,10.120,17.045,37.572
12928,16,3.604,-9.946,88.387,0.028,0.109,0.148,-0.746,-1.919,-9.953,-10.604,10.604,15.784,38.255
12929,16,3.610,-9.904,88.306,0.028,0.109,0.148,-0.746,-1.919,-9.953,-10.608,10.608,15.782,38.257
12930,16,3.645,-9.850,88.268,0.027,0.108,0.140,-0.790,-1.814,-10.034,-10.546,10.546,15.952,38.117
12931,16,3.683,-9.752,88.149,0.027,0.108,0.140,-0.790,-1.814,-10.034,-10.587,10.587,15.906,38.163
12935,16,3.796,-9.660,87.971,0.032,0.021,0.053,-0.780,-1.842,-10.054,-9.674,9.674,19.133,37.401
12936,16,3.812,-9.671,87.937,0.037,-0.034,0.051,-0.770,-1.924,-9.991,-9.743,9.743,19.891,38.226
12937,16,3.837,-9.692,87.902,0.037,-0.034,0.051,-0.770,-1.924,-9.991,-9.790,9.790,19.832,38.285
12938,16,3.847,-9.714,87.880,0.011,-0.076,0.068,-0.723,-1.866,-9.872,-9.891,9.891,19.973,39.331
12939,16,3.882,-9.797,87.810,0.011,-0.076,0.068,-0.723,-1.866,-9.872,-9.919,9.919,19.935,39.369
12940,16,3.880,-9.838,87.764,0.007,-0.095,0.069,-0.694,-1.780,-9.685,-9.965,9.965,20.118,39.734
12941,16,3.905,-9.881,87.718,0.007,-0.095,0.069,-0.694,-1.780,-9.685,-10.015,10.015,20.054,39.798
12942,16,3.907,-9.920,87.696,0.031,-0.100,0.060,-0.684,-1.799,-9.623,-10.024,10.024,20.352,39.652
12943,16,3.968,-10.029,87.632,0.031,-0.100,0.060,-0.684,-1.799,-9.623,-10.076,10.076,20.284,39.720
12946,16,4.029,-10.132,87.556,0.056,-0.059,0.047,-0.718,-1.881,-9.723,-10.237,10.237,19.762,39.055
12947,16,4.089,-10.189,87.511,0.056,-0.059,0.047,-0.718,-1.881,-9.723,-10.305,10.305,19.676,39.141
12948,16,4.104,-10.190,87.487,0.026,-0.011,0.042,-0.713,-1.785,-9.738,-10.154,10.154,19.036,38.411
12949,16,4.121,-10.199,87.463,0.026,-0.011,0.042,-0.713,-1.785,-9.738,-10.186,10.186,18.997,38.450
12950,16,4.114,-10.192,87.459,-0.034,0.021,0.021,-0.689,-1.732,-9.714,-9.621,9.621,19.064,37.470
12951,16,4.080,-10.167,87.446,-0.034,0.021,0.021,-0.689,-1.732,-9.714,-9.590,9.590,19.103,37.431
12952,16,4.068,-10.165,87.439,-0.036,0.021,0.011,-0.708,-1.771,-9.704,-9.393,9.393,19.435,37.099
12953,16,4.053,-10.150,87.436,-0.036,0.021,0.011,-0.708,-1.771,-9.704,-9.365,9.365,19.471,37.063
12954,16,4.038,-10.145,87.435,-0.036,0.021,0.011,-0.670,-1.689,-9.676,-9.338,9.338,19.504,37.030
12955,16,4.011,-10.143,87.428,-0.031,0.000,0.013,-0.670,-1.689,-9.676,-9.364,9.364,19.789,37.354
12956,16,4.000,-10.150,87.419,-0.031,0.000,0.016,-0.670,-1.608,-9.676,-9.368,9.368,19.753,37.389
12957,16,3.995,-10.151,87.412,-0.023,-0.009,0.016,-0.670,-1.608,-9.728,-9.398,9.398,19.884,37.502
12958,16,3.983,-10.158,87.410,-0.023,-0.009,0.016,-0.675,-1.603,-9.776,-9.379,9.379,19.907,37.479
12959,16,3.969,-10.175,87.383,-0.027,-0.023,0.033,-0.675,-1.603,-9.776,-9.560,9.560,19.713,38.100
12960,16,3.954,-10.192,87.359,-0.027,-0.023,0.056,-0.689,-1.622,-9.776,-9.825,9.825,19.160,38.652
12961,16,3.946,-10.202,87.339,-0.043,-0.043,0.056,-0.689,-1.622,-9.814,-9.734,9.734,19.447,38.913
12962,16,3.928,-10.221,87.318,-0.043,-0.043,0.056,-0.694,-1.632,-9.833,-9.707,9.707,19.479,38.881
12963,16,3.905,-10.264,87.259,-0.040,-0.062,0.074,-0.694,-1.632,-9.833,-9.910,9.910,19.351,39.557
12964,16,3.888,-10.300,87.217,-0.040,-0.062,0.087,-0.756,-1.656,-9.833,-10.049,10.049,19.043,39.865
12965,16,3.884,-10.323,87.182,-0.053,-0.080,0.087,-0.756,-1.656,-9.833,-9.983,9.983,19.302,40.123
12966,16,3.858,-10.356,87.148,-0.053,-0.080,0.087,-0.751,-1.694,-9.790,-9.945,9.945,19.348,40.077
12967,16,3.844,-10.426,87.075,-0.036,-0.094,0.092,-0.751,-1.694,-9.790,-10.076,10.076,19.445,40.377
12968,16,3.833,-10.477,87.027,-0.036,-0.094,0.092,-0.737,-1.742,-9.790,-10.062,10.062,19.458,40.364
12969,16,3.838,-10.512,86.988,-0.047,-0.105,0.089,-0.737,-1.742,-9.795,-9.997,9.997,19.658,40.498
12970,16,3.812,-10.555,86.954,-0.047,-0.105,0.089,-0.727,-1.747,-9.690,-9.961,9.961,19.700,40.456
12971,16,3.769,-10.636,86.888,-0.070,-0.108,0.086,-0.727,-1.747,-9.690,-9.763,9.763,19.857,40.360
12972,16,3.747,-10.692,86.841,-0.070,-0.108,0.086,-0.727,-1.823,-9.690,-9.717,9.717,19.909,40.308
12973,16,3.745,-10.729,86.802,-0.061,-0.119,0.087,-0.727,-1.823,-9.633,-9.780,9.780,20.045,40.507
12974,16,3.715,-10.783,86.769,-0.061,-0.119,0.087,-0.775,-1.861,-9.566,-9.737,9.737,20.095,40.457
12975,16,3.696,-10.880,86.688,-0.046,-0.128,0.100,-0.775,-1.861,-9.566,-9.961,9.961,19.906,40.889
12976,16,3.684,-10.943,86.629,-0.046,-0.128,0.100,-0.723,-1.909,-9.566,-9.946,9.946,19.919,40.876
12977,16,3.690,-10.988,86.584,-0.051,-0.126,0.100,-0.723,-1.909,-9.460,-9.939,9.939,19.862,40.872
12978,16,3.665,-11.041,86.546,-0.051,-0.126,0.100,-0.613,-1.871,-9.336,-9.905,9.905,19.901,40.834
12979,16,3.631,-11.123,86.494,-0.058,-0.107,0.065,-0.613,-1.871,-9.336,-9.405,9.405,20.538,39.649
12980,16,3.612,-11.170,86.474,-0.058,-0.107,0.065,-0.502,-1.943,-9.336,-9.363,9.363,20.586,39.601
12981,16,3.605,-11.192,86.472,-0.046,-0.075,0.007,-0.502,-1.943,-9.298,-8.695,8.695,21.575,37.698
12982,16,3.579,-11.230,86.475,-0.046,-0.075,0.007,-0.416,-2.015,-9.278,-8.655,8.655,21.622,37.651
12983,16,3.535,-11.255,86.499,-0.049,-0.030,-0.021,-0.416,-2.015,-9.278,-8.232,8.232,21.761,36.234
12984,16,3.506,-11.254,86.517,-0.049,-0.030,-0.021,-0.301,-2.010,-9.278,-8.156,8.156,21.855,36.140
12985,16,3.474,-11.235,86.533,-0.054,0.028,-0.029,-0.301,-2.010,-9.293,-7.976,7.976,21.295,35.057
12986,16,3.453,-11.231,86.545,-0.054,0.028,-0.029,-0.292,-1.943,-9.446,-7.938,7.938,21.342,35.009
12987,16,3.403,-11.143,86.568,-0.050,0.103,-0.020,-0.292,-1.943,-9.446,-7.998,7.998,20.136,34.054
12988,16,3.360,-11.070,86.572,-0.050,0.103,-0.020,-0.330,-1.924,-9.446,-7.878,7.878,20.292,33.899
12989,16,3.298,-10.992,86.568,-0.088,0.159,0.028,-0.330,-1.924,-9.599,-8.166,8.166,18.455,34.153
12990,16,3.283,-10.937,86.554,-0.088,0.159,0.028,-0.383,-1.909,-9.680,-8.130,8.130,18.503,34.105
12991,16,3.233,-10.795,86.481,-0.070,0.166,0.089,-0.383,-1.909,-9.680,-8.920,8.920,16.946,35.449
12992,16,3.218,-10.707,86.420,-0.070,0.166,0.089,-0.512,-1.895,-9.680,-8.845,8.845,17.047,35.348
12993,16,3.202,-10.653,86.371,-0.014,0.134,0.131,-0.512,-1.895,-9.824,-9.609,9.609,16.514,36.794
12994,16,3.222,-10.592,86.314,-0.014,0.134,0.131,-0.679,-1.914,-9.977,-9.635,9.635,16.485,36.823
12995,16,3.266,-10.508,86.184,0.028,0.096,0.153,-0.679,-1.914,-9.977,-10.163,10.163,16.427,37.977
12996,16,3.295,-10.463,86.095,0.028,0.096,0.153,-0.785,-1.890,-9.977,-10.228,10.228,16.350,38.053
12997,16,3.308,-10.440,86.032,0.022,0.062,0.149,-0.785,-1.890,-10.039,-10.167,10.167,16.922,38.456
13001,16,3.378,-10.371,85.777,0.006,0.002,0.065,-0.775,-1.885,-10.063,-9.144,9.144,19.747,37.335
13002,16,3.388,-10.366,85.747,0.006,0.002,0.065,-0.703,-1.904,-9.982,-9.160,9.160,19.727,37.355
13003,16,3.410,-10.411,85.714,0.017,-0.052,0.036,-0.703,-1.904,-9.982,-8.886,8.886,21.181,37.453
13004,16,3.424,-10.460,85.693,0.017,-0.052,0.036,-0.613,-1.928,-9.982,-8.931,8.931,21.122,37.513
13005,16,3.448,-10.514,85.674,0.009,-0.113,0.027,-0.613,-1.928,-9.767,-8.819,8.819,22.164,38.205
13006,16,3.438,-10.561,85.664,0.009,-0.113,0.027,-0.431,-1.981,-9.532,-8.810,8.810,22.172,38.197
13007,16,3.460,-10.684,85.640,0.017,-0.140,0.015,-0.431,-1.981,-9.532,-8.740,8.740,22.799,38.331
13008,16,3.480,-10.762,85.628,0.017,-0.140,0.015,-0.373,-1.976,-9.532,-8.810,8.810,22.705,38.425
13009,16,3.525,-10.823,85.619,0.052,-0.128,0.006,-0.373,-1.976,-9.441,-8.969,8.969,22.636,38.159
13010,16,3.525,-10.875,85.615,0.052,-0.128,0.006,-0.416,-1.919,-9.518,-8.978,8.978,22.622,38.173
13011,16,3.593,-10.939,85.589,0.074,-0.075,0.025,-0.416,-1.919,-9.518,-9.393,9.393,21.304,37.969
13012,16,3.621,-10.962,85.560,0.074,-0.075,0.025,-0.464,-1.857,-9.518,-9.492,9.492,21.178,38.096
13013,16,3.635,-10.972,85.531,0.020,-0.012,0.070,-0.464,-1.857,-9.618,-9.824,9.824,19.103,38.375
13014,16,3.645,-10.972,85.501,0.020,-0.012,0.070,-0.431,-1.804,-9.575,-9.841,9.841,19.081,38.397
13015,16,3.628,-10.918,85.417,-0.033,0.059,0.107,-0.431,-1.804,-9.575,-9.995,9.995,17.214,38.255
13016,16,3.622,-10.867,85.357,-0.033,0.059,0.107,-0.445,-1.857,-9.575,-9.970,9.970,17.250,38.219
13017,16,3.600,-10.820,85.329,-0.022,0.108,0.119,-0.445,-1.857,-9.652,-10.137,10.137,16.290,37.779
13018,16,3.614,-10.772,85.264,-0.022,0.108,0.119,-0.522,-1.771,-9.819,-10.153,10.153,16.273,37.796
13019,16,3.615,-10.690,85.168,-0.014,0.089,0.121,-0.522,-1.771,-9.819,-10.191,10.191,16.519,38.067
13020,16,3.621,-10.651,85.106,-0.014,0.089,0.121,-0.546,-1.804,-9.819,-10.214,10.214,16.496,38.090
13021,16,3.621,-10.633,85.072,0.004,0.040,0.117,-0.546,-1.804,-9.819,-10.247,10.247,17.308,38.678
13022,16,3.636,-10.610,85.012,0.004,0.040,0.117,-0.608,-1.833,-9.857,-10.269,10.269,17.283,38.703
13023,16,3.654,-10.597,84.924,0.006,0.009,0.113,-0.608,-1.833,-9.857,-10.239,10.239,17.831,39.069
13024,16,3.659,-10.591,84.866,0.006,0.009,0.113,-0.684,-1.919,-9.857,-10.262,10.262,17.803,39.096
13025,16,3.650,-10.580,84.843,-0.022,0.011,0.102,-0.684,-1.919,-9.862,-9.969,9.969,18.059,38.779
13026,16,3.651,-10.579,84.785,-0.022,0.011,0.102,-0.718,-1.995,-9.781,-9.969,9.969,18.059,38.780
13027,16,3.611,-10.564,84.720,-0.059,0.015,0.085,-0.718,-1.995,-9.781,-9.535,9.535,18.474,38.242
13028,16,3.582,-10.556,84.683,-0.059,0.015,0.085,-0.670,-1.967,-9.781,-9.453,9.453,18.576,38.140
13029,16,3.558,-10.547,84.671,-0.063,0.004,0.052,-0.670,-1.967,-9.709,-8.976,8.976,19.608,37.413
13030,16,3.539,-10.555,84.643,-0.063,0.004,0.052,-0.617,-1.938,-9.700,-8.944,8.944,19.647,37.374
13031,16,3.497,-10.571,84.616,-0.053,-0.015,0.031,-0.617,-1.938,-9.700,-8.694,8.694,20.492,37.077
13032,16,3.475,-10.581,84.595,-0.053,-0.015,0.031,-0.613,-1.895,-9.700,-8.620,8.620,20.583,36.986
13033,16,3.464,-10.584,84.579,-0.042,-0.020,0.047,-0.613,-1.895,-9.776,-8.860,8.860,20.282,37.440
13034,16,3.447,-10.599,84.553,-0.042,-0.020,0.047,-0.694,-1.876,-9.829,-8.834,8.834,20.313,37.408
13035,16,3.455,-10.617,84.482,-0.006,-0.020,0.078,-0.694,-1.876,-9.829,-9.411,9.411,19.522,38.199
13036,16,3.468,-10.627,84.433,-0.006,-0.020,0.078,-0.780,-1.885,-9.829,-9.435,9.435,19.490,38.231
13037,16,3.475,-10.636,84.409,0.003,-0.017,0.086,-0.780,-1.885,-9.877,-9.605,9.605,19.213,38.417
13038,16,3.485,-10.639,84.361,0.003,-0.017,0.086,-0.809,-1.928,-9.795,-9.622,9.622,19.191,38.438
13039,16,3.466,-10.664,84.307,-0.038,-0.027,0.061,-0.809,-1.928,-9.795,-9.086,9.086,19.978,37.926
13040,16,3.452,-10.686,84.285,-0.038,-0.027,0.061,-0.751,-1.986,-9.795,-9.046,9.046,20.025,37.879
13041,16,3.446,-10.704,84.280,-0.039,-0.052,0.012,-0.751,-1.986,-9.666,-8.420,8.420,21.624,37.010
13042,16,3.426,-10.732,84.274,-0.039,-0.052,0.012,-0.627,-1.952,-9.508,-8.390,8.390,21.660,36.974
13043,16,3.399,-10.796,84.299,-0.030,-0.067,-0.034,-0.627,-1.952,-9.508,-7.866,7.866,23.016,36.045
13044,16,3.382,-10.835,84.319,-0.030,-0.067,-0.034,-0.483,-1.938,-9.508,-7.806,7.806,23.086,35.975
13045,16,3.377,-10.855,84.332,-0.031,-0.056,-0.049,-0.483,-1.938,-9.451,-7.609,7.609,23.312,35.444
13046,16,3.354,-10.889,84.355,-0.031,-0.056,-0.049,-0.469,-1.952,-9.489,-7.575,7.575,23.352,35.404
13047,16,3.330,-10.914,84.384,-0.021,-0.022,-0.037,-0.469,-1.952,-9.489,-7.755,7.755,22.590,35.192
13048,16,3.322,-10.916,84.392,-0.021,-0.022,-0.037,-0.464,-1.871,-9.489,-7.718,7.718,22.635,35.147
13049,16,3.314,-10.909,84.393,-0.014,0.020,-0.005,-0.464,-1.871,-9.566,-8.140,8.140,21.246,35.319
13050,16,3.309,-10.904,84.391,-0.014,0.020,-0.005,-0.526,-1.790,-9.738,-8.130,8.130,21.258,35.306
13051,16,3.315,-10.854,84.355,-0.002,0.059,0.039,-0.526,-1.790,-9.738,-8.737,8.737,19.607,35.862
13052,16,3.326,-10.822,84.323,-0.002,0.059,0.039,-0.603,-1.747,-9.738,-8.765,8.765,19.575,35.894
13053,16,3.335,-10.804,84.300,0.019,0.050,0.077,-0.603,-1.747,-9.829,-9.350,9.350,18.751,36.962
13054,16,3.358,-10.777,84.259,0.019,0.050,0.077,-0.675,-1.756,-9.958,-9.384,9.384,18.709,37.003
13055,16,3.421,-10.755,84.187,0.059,0.021,0.087,-0.675,-1.756,-9.958,-9.765,9.765,18.791,37.743
13056,16,3.455,-10.752,84.136,0.059,0.021,0.087,-0.723,-1.737,-9.958,-9.879,9.879,18.651,37.883
13057,16,3.483,-10.765,84.111,0.034,-0.022,0.087,-0.723,-1.737,-10.039,-9.807,9.807,19.212,38.570
13058,16,3.500,-10.766,84.064,0.034,-0.022,0.087,-0.689,-1.761,-9.982,-9.837,9.837,19.175,38.607
13059,16,3.522,-10.808,84.013,0.011,-0.058,0.061,-0.689,-1.761,-9.982,-9.424,9.424,20.295,38.491
13060,16,3.539,-10.844,83.988,0.011,-0.058,0.061,-0.708,-1.890,-9.982,-9.467,9.467,20.239,38.548
13061,16,3.565,-10.884,83.977,0.022,-0.086,0.033,-0.708,-1.890,-9.944,-9.231,9.231,21.276,38.332
13062,16,3.568,-10.914,83.963,0.022,-0.086,0.033,-0.703,-1.943,-9.857,-9.242,9.242,21.261,38.347
13063,16,3.575,-11.002,83.941,0.002,-0.107,0.023,-0.703,-1.943,-9.857,-9.060,9.060,21.738,38.449
13064,16,3.576,-11.065,83.937,0.002,-0.107,0.023,-0.608,-1.943,-9.857,-9.061,9.061,21.730,38.456
13065,16,3.587,-11.111,83.931,-0.014,-0.125,0.004,-0.608,-1.943,-9.599,-8.768,8.768,22.433,38.271
13066,16,3.567,-11.165,83.934,-0.014,-0.125,0.004,-0.536,-1.976,-9.427,-8.743,8.743,22.461,38.243
13067,16,3.573,-11.284,83.946,0.007,-0.140,-0.018,-0.536,-1.976,-9.427,-8.620,8.620,23.168,37.962
13068,16,3.575,-11.359,83.961,0.007,-0.140,-0.018,-0.502,-2.000,-9.427,-8.618,8.618,23.162,37.968
13069,16,3.598,-11.413,83.967,0.007,-0.129,-0.033,-0.502,-2.000,-9.398,-8.480,8.480,23.319,37.507
13070,16,3.579,-11.469,83.989,0.007,-0.129,-0.033,-0.431,-2.043,-9.379,-8.457,8.457,23.345,37.481
13071,16,3.575,-11.550,84.018,0.004,-0.094,-0.036,-0.431,-2.043,-9.379,-8.430,8.430,22.884,36.937
13072,16,3.571,-11.590,84.035,0.004,-0.094,-0.036,-0.330,-2.053,-9.379,-8.408,8.408,22.907,36.915
13073,16,3.565,-11.606,84.045,-0.013,-0.053,-0.025,-0.330,-2.053,-9.384,-8.463,8.463,22.042,36.622
13074,16,3.551,-11.637,84.058,-0.013,-0.053,-0.025,-0.273,-1.995,-9.436,-8.442,8.442,22.066,36.599
13075,16,3.561,-11.641,84.062,0.016,-0.005,0.002,-0.273,-1.995,-9.436,-8.932,8.932,20.699,36.596
13076,16,3.572,-11.635,84.046,0.016,-0.005,0.002,-0.316,-1.967,-9.436,-8.956,8.956,20.669,36.626
13077,16,3.581,-11.627,84.030,0.025,0.023,0.055,-0.316,-1.967,-9.604,-9.678,9.678,18.910,37.563
13078,16,3.592,-11.611,84.005,0.025,0.023,0.055,-0.392,-1.914,-9.743,-9.696,9.696,18.889,37.585
13079,16,3.621,-11.570,83.919,0.020,0.040,0.108,-0.392,-1.914,-9.743,-10.341,10.341,17.324,38.662
13080,16,3.634,-11.545,83.856,0.020,0.040,0.108,-0.474,-1.838,-9.743,-10.389,10.389,17.267,38.719
13081,16,3.636,-11.534,83.826,-0.004,0.033,0.124,-0.474,-1.838,-9.810,-10.469,10.469,16.972,39.227
13082,16,3.642,-11.507,83.759,-0.004,0.033,0.124,-0.488,-1.838,-9.743,-10.474,10.474,16.968,39.232
13083,16,3.621,-11.501,83.670,-0.039,-0.002,0.109,-0.488,-1.838,-9.743,-10.087,10.087,17.873,39.331
13084,16,3.603,-11.503,83.619,-0.039,-0.002,0.109,-0.493,-1.909,-9.743,-10.043,10.043,17.928,39.276
13085,16,3.596,-11.513,83.597,-0.034,-0.030,0.087,-0.493,-1.909,-9.613,-9.793,9.793,18.869,39.126
13086,16,3.582,-11.522,83.551,-0.034,-0.030,0.087,-0.512,-1.957,-9.575,-9.768,9.768,18.899,39.096
13087,16,3.568,-11.544,83.482,-0.025,-0.032,0.091,-0.512,-1.957,-9.575,-9.852,9.852,18.854,39.202
13088,16,3.556,-11.551,83.430,-0.025,-0.032,0.091,-0.498,-1.938,-9.575,-9.816,9.816,18.898,39.158
13089,16,3.549,-11.550,83.399,-0.046,-0.010,0.111,-0.498,-1.938,-9.599,-9.950,9.950,18.088,39.329
13090,16,3.530,-11.550,83.343,-0.046,-0.010,0.111,-0.455,-1.957,-9.580,-9.916,9.916,18.130,39.287
13091,16,3.467,-11.523,83.234,-0.094,0.020,0.137,-0.455,-1.957,-9.580,-9.944,9.944,17.121,39.443
13092,16,3.436,-11.501,83.158,-0.094,0.020,0.137,-0.455,-1.971,-9.580,-9.835,9.835,17.258,39.307
13093,16,3.422,-11.488,83.118,-0.068,0.039,0.156,-0.455,-1.971,-9.556,-10.163,10.163,16.565,39.451
13094,16,3.399,-11.458,83.036,-0.068,0.039,0.156,-0.493,-2.034,-9.642,-10.116,10.116,16.625,39.392
13095,16,3.403,-11.432,82.902,-0.022,0.021,0.169,-0.493,-2.034,-9.642,-10.515,10.515,16.542,39.992
13096,16,3.402,-11.420,82.808,-0.022,0.021,0.169,-0.574,-2.034,-9.642,-10.518,10.518,16.540,39.994
13097,16,3.402,-11.414,82.761,-0.035,0.005,0.178,-0.574,-2.034,-9.738,-10.558,10.558,16.558,40.432
13098,16,3.396,-11.407,82.662,-0.035,0.005,0.178,-0.627,-2.058,-9.767,-10.548,10.548,16.572,40.419
13099,16,3.382,-11.387,82.517,-0.050,0.012,0.177,-0.627,-2.058,-9.767,-10.440,10.440,16.533,40.275
13100,16,3.368,-11.378,82.427,-0.050,0.012,0.177,-0.660,-2.062,-9.767,-10.406,10.406,16.576,40.232
13101,16,3.363,-11.373,82.383,-0.053,0.009,0.162,-0.660,-2.062,-9.795,-10.193,10.193,17.009,39.891
13102,16,3.351,-11.366,82.292,-0.053,0.009,0.162,-0.665,-2.077,-9.795,-10.172,10.172,17.035,39.864
13103,16,3.313,-11.366,82.174,-0.069,-0.006,0.146,-0.665,-2.077,-9.795,-9.858,9.858,17.691,39.635
13104,16,3.295,-11.373,82.091,-0.069,-0.006,0.146,-0.718,-2.105,-9.795,-9.794,9.794,17.769,39.556
13105,16,3.284,-11.378,82.052,-0.064,-0.027,0.145,-0.718,-2.105,-9.767,-9.790,9.790,18.107,39.797
13106,16,3.269,-11.392,81.968,-0.064,-0.027,0.145,-0.880,-2.153,-9.757,-9.765,9.765,18.137,39.767
13107,16,3.237,-11.424,81.838,-0.069,-0.043,0.154,-0.880,-2.153,-9.757,-9.839,9.839,18.148,40.212
13108,16,3.221,-11.450,81.752,-0.069,-0.043,0.154,-0.943,-2.096,-9.757,-9.782,9.782,18.217,40.143
13109,16,3.211,-11.465,81.707,-0.069,-0.050,0.147,-0.943,-2.096,-9.762,-9.675,9.675,18.527,40.046
13110,16,3.192,-11.490,81.621,-0.069,-0.050,0.147,-0.986,-2.105,-9.714,-9.644,9.644,18.563,40.010
13111,16,3.166,-11.539,81.520,-0.069,-0.060,0.115,-0.986,-2.105,-9.714,-9.239,9.239,19.506,39.341
13112,16,3.139,-11.582,81.459,-0.069,-0.060,0.115,-0.957,-2.201,-9.714,-9.165,9.165,19.594,39.253
13113,16,3.123,-11.608,81.432,-0.091,-0.089,0.081,-0.957,-2.201,-9.566,-8.609,8.609,20.900,38.799
13114,16,3.090,-11.657,81.382,-0.091,-0.089,0.081,-0.986,-2.306,-9.436,-8.557,8.557,20.962,38.737
13115,16,3.081,-11.754,81.329,-0.040,-0.109,0.049,-0.986,-2.306,-9.436,-8.436,8.436,21.998,38.250
13116,16,3.092,-11.825,81.301,-0.040,-0.109,0.049,-1.019,-2.402,-9.436,-8.437,8.437,21.990,38.257
13117,16,3.108,-11.861,81.288,0.025,-0.123,0.020,-1.019,-2.402,-9.508,-8.438,8.438,22.861,37.782
13118,16,3.134,-11.936,81.267,0.025,-0.123,0.020,-1.062,-2.440,-9.489,-8.495,8.495,22.786,37.857
13119,16,3.179,-12.052,81.258,0.031,-0.127,-0.015,-1.062,-2.440,-9.489,-8.179,8.179,23.608,37.157
13120,16,3.211,-12.122,81.273,0.031,-0.127,-0.015,-1.038,-2.421,-9.489,-8.255,8.255,23.507,37.258
13121,16,3.226,-12.151,81.290,0.049,-0.089,-0.082,-1.038,-2.421,-9.518,-7.539,7.539,24.610,35.089
13122,16,3.260,-12.212,81.324,0.049,-0.089,-0.082,-1.038,-2.421,-9.518,-7.609,7.609,24.519,35.181
13123,16,3.297,-12.284,81.419,0.051,-0.051,-0.158,-0.957,-2.440,-9.637,-7.672,7.672,24.437,35.262
13124,16,3.320,-12.326,81.495,0.051,-0.051,-0.158,-0.957,-2.440,-9.637,-6.801,6.801,25.696,32.907
13125,16,3.313,-12.350,81.548,-0.010,-0.062,-0.209,-0.756,-2.417,-9.618,-5.851,5.851,27.135,31.773
13126,16,3.295,-12.399,81.655,-0.010,-0.062,-0.209,-0.756,-2.417,-9.618,-5.826,5.826,27.164,31.745
13127,16,3.260,-12.492,81.833,-0.011,-0.089,-0.240,-0.632,-2.460,-9.566,-5.827,5.827,27.160,31.748
13128,16,3.236,-12.556,81.952,-0.011,-0.089,-0.240,-0.632,-2.460,-9.566,-5.354,5.354,28.424,31.275
13129,16,3.242,-12.592,82.013,0.064,-0.094,-0.246,-0.483,-2.455,-9.503,-5.664,5.664,28.622,31.199
13130,16,3.258,-12.658,82.139,0.064,-0.094,-0.246,-0.483,-2.455,-9.503,-5.703,5.703,28.569,31.252
13131,16,3.285,-12.738,82.325,0.075,-0.052,-0.241,-0.435,-2.330,-9.503,-5.752,5.752,28.505,31.317
13132,16,3.303,-12.784,82.453,0.075,-0.052,-0.241,-0.435,-2.330,-9.503,-5.927,5.927,27.705,30.930
13133,16,3.316,-12.785,82.517,0.095,0.020,-0.246,-0.345,-2.134,-9.465,-5.985,5.985,26.773,29.791
13134,16,3.343,-12.789,82.653,0.095,0.020,-0.246,-0.345,-2.134,-9.465,-6.036,6.036,26.710,29.855
13135,16,3.370,-12.749,82.853,0.076,0.093,-0.235,-0.306,-1.991,-9.307,-6.042,6.042,26.702,29.863
13136,16,3.382,-12.707,82.991,0.076,0.093,-0.235,-0.306,-1.991,-9.307,-6.129,6.129,25.342,29.153
13137,16,3.404,-12.659,83.052,0.123,0.175,-0.212,-0.278,-1.976,-9.073,-6.690,6.690,23.546,28.605
13138,16,3.447,-12.573,83.175,0.123,0.175,-0.212,-0.278,-1.976,-9.073,-6.753,6.753,23.471,28.680
13139,16,3.597,-12.386,83.357,0.279,0.267,-0.191,-0.301,-1.909,-8.819,-6.777,6.777,23.444,28.707
13140,16,3.659,-12.320,83.478,0.279,0.267,-0.191,-0.301,-1.909,-8.819,-8.142,8.142,21.203,28.300
13141,16,3.851,-12.155,83.531,0.486,0.326,-0.183,-0.373,-1.847,-8.838,-9.582,9.582,19.797,28.032
13142,16,4.097,-11.981,83.648,0.486,0.326,-0.183,-0.373,-1.847,-8.838,-9.988,9.988,19.300,28.530
13143,16,4.514,-11.721,83.795,0.564,0.330,-0.137,-0.608,-1.799,-8.948,-10.261,10.261,18.962,28.867
13144,16,4.693,-11.667,83.891,0.564,0.330,-0.137,-0.608,-1.799,-8.948,-11.941,11.941,16.879,30.829
13145,16,4.985,-11.457,83.913,0.656,0.317,-0.087,-0.909,-1.828,-9.068,-13.496,13.496,15.246,32.827
13146,16,5.335,-11.286,83.975,0.656,0.317,-0.087,-0.909,-1.828,-9.068,-14.066,14.066,14.551,33.522
13147,16,5.937,-11.021,84.031,0.778,0.334,-0.031,-1.196,-1.895,-9.422,-14.494,14.494,14.021,34.052
13148,16,6.220,-10.993,84.067,0.778,0.334,-0.031,-1.196,-1.895,-9.422,-16.835,16.835,11.117,36.469
13149,16,6.549,-10.737,84.053,0.669,0.365,0.049,-1.249,-1.809,-9.709,-17.777,17.777,8.102,38.601
13150,16,6.917,-10.534,84.041,0.669,0.365,0.049,-1.249,-1.809,-9.709,-18.341,18.341,7.428,39.275
13151,16,7.433,-10.211,83.999,0.591,0.394,0.083,-1.168,-1.828,-9.455,-18.693,18.693,7.002,39.702
13152,16,7.630,-10.130,83.969,0.591,0.394,0.083,-1.168,-1.828,-9.455,-19.446,19.446,4.899,40.983
13153,16,8.014,-9.888,83.967,0.925,0.373,0.029,-1.297,-1.967,-9.130,-20.989,20.989,5.911,40.579
13154,16,8.525,-9.685,83.966,0.925,0.373,0.029,-1.297,-1.967,-9.130,-21.760,21.760,4.994,41.496
13155,16,9.642,-9.386,84.023,1.563,0.385,-0.064,-1.641,-2.048,-9.326,-22.516,22.516,4.059,42.432
13156,16,10.257,-9.460,84.077,1.563,0.385,-0.064,-1.641,-2.048,-9.326,-26.534,26.534,3.828,42.328
13157,16,11.031,-9.078,84.123,1.924,0.454,-0.081,-2.144,-1.699,-9.570,-29.196,29.196,2.033,42.144
13158,16,12.092,-8.848,84.203,1.924,0.454,-0.081,-2.144,-1.699,-9.570,-30.578,30.578,0.172,44.006
13159,16,13.520,-8.480,84.285,1.638,0.480,0.017,-2.527,-1.287,-9.594,-31.275,31.275,-1.224,45.401
13160,16,14.151,-8.518,84.309,1.638,0.480,0.017,-2.527,-1.287,-9.594,-32.169,32.169,-6.247,49.663
13161,16,14.760,-8.108,84.317,1.250,0.405,0.104,-2.641,-1.349,-9.173,-31.678,31.678,-8.072,53.649
13162,16,15.444,-7.883,84.306,1.250,0.405,0.104,-2.641,-1.349,-9.173,-32.184,32.184,-9.083,54.660
13163,16,16.576,-7.579,84.303,1.444,0.353,0.077,-3.158,-1.426,-9.130,-32.658,32.658,-10.031,55.609
13164,16,17.149,-7.635,84.284,1.444,0.353,0.077,-3.158,-1.426,-9.130,-34.193,34.193,-10.406,57.475
13165,16,17.781,-7.319,84.315,1.492,0.267,0.028,-3.493,-1.292,-9.331,-34.189,34.189,-8.702,58.206
13166,16,18.597,-7.182,84.335,1.492,0.267,0.028,-3.493,-1.292,-9.331,-34.807,34.807,-9.939,59.442
13167,16,19.600,-7.008,84.413,1.104,0.233,-0.058,-3.732,-0.809,-9.446,-35.297,35.297,-10.917,60.420
13168,16,20.034,-7.084,84.461,1.104,0.233,-0.058,-3.732,-0.809,-9.446,-32.946,32.946,-9.616,60.094
13169,16,20.340,-6.837,84.551,0.591,0.317,-0.142,-3.819,-0.579,-9.738,-29.429,29.429,-8.909,56.982
13170,16,20.633,-6.702,84.687,0.591,0.317,-0.142,-3.819,-0.579,-9.738,-29.582,29.582,-9.216,57.289
13171,16,20.747,-6.447,84.928,0.015,0.418,-0.157,-4.063,-0.617,-10.212,-29.577,29.577,-9.206,57.279
13172,16,20.667,-6.310,85.089,0.015,0.418,-0.157,-4.063,-0.617,-10.212,-26.291,26.291,-9.828,55.040
13173,16,20.519,-6.138,85.158,-0.635,0.469,-0.048,-4.082,-0.435,-10.709,-24.173,24.173,-12.819,56.570
13174,16,20.132,-5.895,85.281,-0.635,0.469,-0.048,-4.082,-0.435,-10.709,-23.711,23.711,-11.895,55.646
13175,16,19.095,-5.512,85.364,-1.452,0.436,0.126,-3.637,-0.368,-11.044,-23.096,23.096,-10.666,54.417
13176,16,18.385,-5.118,85.395,-1.452,0.436,0.126,-3.637,-0.368,-11.044,-19.944,19.944,-12.061,56.755
13177,16,17.696,-5.110,85.353,-1.990,0.430,0.245,-2.981,-0.163,-11.020,-18.192,18.192,-13.860,58.707
13178,16,16.566,-4.832,85.299,-1.990,0.430,0.245,-2.981,-0.163,-11.020,-17.140,17.140,-11.757,56.603
13179,16,14.676,-4.355,85.151,-2.358,0.497,0.363,-2.378,-0.144,-10.944,-16.084,16.084,-9.643,54.490
13180,16,13.576,-3.783,85.047,-2.358,0.497,0.363,-2.378,-0.144,-10.944,-13.904,13.904,-9.928,52.857
13181,16,12.590,-3.827,84.931,-2.721,0.592,0.477,-1.900,0.124,-11.011,-12.750,12.750,-12.596,52.817
13182,16,11.069,-3.438,84.741,-2.721,0.592,0.477,-1.900,0.124,-11.011,-10.491,10.491,-9.884,50.105
13183,16,8.472,-2.768,84.363,-3.293,0.732,0.630,-1.364,0.182,-10.714,-8.311,8.311,-7.241,47.462
13184,16,6.943,-1.965,84.086,-3.293,0.732,0.630,-1.364,0.182,-10.714,-3.382,3.382,-8.407,44.640
13185,16,5.681,-2.025,83.897,-3.453,0.885,0.730,-0.627,0.072,-10.436,-2.133,2.133,-11.174,43.025
13186,16,3.766,-1.487,83.527,-3.453,0.885,0.730,-0.627,0.072,-10.436,0.555,-0.555,-8.076,39.927
13187,16,1.035,-0.667,82.936,-3.206,0.952,0.734,0.215,0.187,-9.982,2.764,-2.764,-5.542,37.392
13188,16,-0.479,0.164,82.513,-3.206,0.952,0.734,0.215,0.187,-9.982,4.977,-4.977,-2.696,32.629
13189,16,-1.572,0.125,82.293,-3.046,0.900,0.752,0.885,0.100,-9.604,5.362,-5.362,-0.832,32.256
13190,16,-3.255,0.613,81.836,-3.046,0.900,0.752,0.885,0.100,-9.604,7.483,-7.483,1.489,29.936
13191,16,-5.647,1.233,81.123,-2.806,0.755,0.764,1.402,0.230,-9.412,9.137,-9.137,3.245,28.179
13192,16,-6.972,1.868,80.615,-2.806,0.755,0.764,1.402,0.230,-9.412,10.572,-10.572,7.971,27.593
13193,16,-7.846,1.737,80.388,-2.354,0.601,0.746,1.756,0.163,-9.101,9.642,-9.642,11.839,28.138
13194,16,-9.140,2.000,79.898,-2.354,0.601,0.746,1.756,0.163,-9.101,11.148,-11.148,13.415,26.562
13195,16,-10.834,2.282,79.200,-1.912,0.430,0.698,1.995,0.388,-9.226,12.221,-12.221,14.482,25.495
13196,16,-11.718,2.627,78.724,-1.912,0.430,0.698,1.995,0.388,-9.226,12.416,-12.416,19.987,24.860
13197,16,-12.288,2.461,78.547,-1.516,0.273,0.614,2.321,0.785,-9.403,12.226,-12.226,25.168,24.184
13198,16,-13.108,2.526,78.155,-1.516,0.273,0.614,2.321,0.785,-9.403,13.170,-13.170,26.150,23.201
13199,16,-14.192,2.515,77.648,-1.254,0.070,0.527,2.464,0.818,-9.436,13.628,-13.628,26.773,22.579
13200,16,-14.743,2.640,77.354,-1.254,0.070,0.527,2.464,0.818,-9.436,14.055,-14.055,33.139,21.995
13201,16,-15.147,2.414,77.203,-1.057,-0.067,0.486,2.617,0.388,-9.298,13.929,-13.929,36.821,22.239
13202,16,-15.708,2.299,76.935,-1.057,-0.067,0.486,2.617,0.388,-9.298,14.325,-14.325,37.612,21.449
13203,16,-16.419,2.084,76.586,-0.821,-0.162,0.427,2.876,0.301,-9.116,14.551,-14.551,38.064,20.996
13204,16,-16.743,2.069,76.383,-0.821,-0.162,0.427,2.876,0.301,-9.116,14.622,-14.622,41.915,19.854
13205,16,-16.982,1.829,76.288,-0.539,-0.229,0.363,2.986,0.148,-9.068,14.267,-14.267,44.987,18.700
13206,16,-17.254,1.643,76.121,-0.539,-0.229,0.363,2.986,0.148,-9.068,14.523,-14.523,45.500,18.187
13207,16,-17.471,1.342,75.900,-0.197,-0.277,0.329,3.019,-0.206,-8.987,14.648,-14.648,45.749,17.937
13208,16,-17.498,1.213,75.781,-0.197,-0.277,0.329,3.019,-0.206,-8.987,13.597,-13.597,47.751,17.305
13209,16,-17.509,1.023,75.707,0.100,-0.320,0.294,3.010,-0.340,-8.886,12.648,-12.648,49.435,16.839
13210,16,-17.428,0.794,75.593,0.100,-0.320,0.294,3.010,-0.340,-8.886,12.705,-12.705,49.549,16.725
13211,16,-17.097,0.446,75.468,0.473,-0.360,0.231,2.962,-0.493,-8.666,12.692,-12.692,49.522,16.752
13212,16,-16.814,0.212,75.426,0.473,-0.360,0.231,2.962,-0.493,-8.666,11.498,-11.498,51.441,15.989
13213,16,-16.514,0.074,75.396,1.008,-0.444,0.132,2.718,-0.723,-8.422,9.926,-9.926,54.847,14.988
13214,16,-15.931,-0.195,75.392,1.008,-0.444,0.132,2.718,-0.723,-8.422,9.653,-9.653,54.301,15.534
13215,16,-14.724,-0.652,75.480,1.604,-0.576,-0.011,2.589,-0.770,-8.269,9.386,-9.386,53.766,16.068
13216,16,-13.903,-1.087,75.598,1.604,-0.576,-0.011,2.589,-0.770,-8.269,7.416,-7.416,57.679,15.930
13217,16,-13.143,-1.172,75.678,2.371,-0.758,-0.213,2.287,-0.833,-8.254,5.597,-5.597,64.313,14.501
13218,16,-11.806,-1.574,75.889,2.371,-0.758,-0.213,2.287,-0.833,-8.254,4.158,-4.158,62.650,16.163
13219,16,-9.378,-2.309,76.327,3.156,-1.014,-0.413,1.498,-0.890,-8.379,2.659,-2.659,61.112,17.701
13220,16,-7.819,-3.102,76.637,3.156,-1.014,-0.413,1.498,-0.890,-8.379,-2.126,2.126,66.063,20.055
13221,16,-6.622,-3.204,76.838,3.608,-1.316,-0.517,0.455,-1.019,-8.699,-4.737,4.737,71.073,23.659
13222,16,-4.628,-3.924,77.207,3.608,-1.316,-0.517,0.455,-1.019,-8.699,-7.413,7.413,68.048,26.683
13223,16,-1.537,-5.148,77.764,3.813,-1.545,-0.599,-0.254,-1.086,-9.135,-9.959,9.959,65.139,29.593
13224,16,0.351,-6.262,78.026,3.813,-1.545,-0.599,-0.254,-1.086,-9.135,-14.620,14.620,64.960,36.315
13225,16,1.575,-6.480,78.308,3.761,-1.614,-0.698,-0.928,-0.947,-9.609,-15.021,15.021,66.159,37.095
13226,16,3.622,-7.406,78.670,3.761,-1.614,-0.698,-0.928,-0.947,-9.609,-18.321,18.321,62.156,41.098
13227,16,6.505,-8.746,79.174,3.454,-1.501,-0.708,-1.684,-1.436,-9.972,-21.409,21.409,58.334,44.920
13228,16,8.193,-9.806,79.324,3.454,-1.501,-0.708,-1.684,-1.436,-9.972,-24.686,24.686,50.793,49.234
13229,16,9.109,-9.991,79.601,2.780,-1.241,-0.598,-2.230,-1.574,-10.279,-24.297,24.297,42.330,50.271
13230,16,10.590,-10.721,79.835,2.780,-1.241,-0.598,-2.230,-1.574,-10.279,-27.097,27.097,38.767,53.834
13231,16,12.326,-11.587,80.107,1.900,-0.849,-0.432,-2.464,-1.680,-10.527,-29.159,29.159,35.785,56.816
13232,16,13.224,-12.167,80.159,1.900,-0.849,-0.432,-2.464,-1.680,-10.527,-28.728,28.728,22.249,59.152
13233,16,13.573,-12.205,80.328,1.033,-0.421,-0.263,-2.512,-1.838,-10.475,-26.896,26.896,11.123,58.042
13234,16,14.082,-12.446,80.445,1.033,-0.421,-0.263,-2.512,-1.838,-10.475,-27.560,27.560,9.796,59.369
13235,16,14.468,-12.584,80.589,0.343,-0.052,-0.126,-2.531,-2.067,-10.145,-27.960,27.960,8.995,60.170
13236,16,14.572,-12.631,80.653,0.343,-0.052,-0.126,-2.531,-2.067,-10.145,-26.444,26.444,-0.140,58.774
13237,16,14.606,-12.543,80.721,0.118,0.196,-0.052,-2.531,-2.254,-9.881,-26.226,26.226,-5.499,57.042
13238,16,14.615,-12.422,80.807,0.118,0.196,-0.052,-2.531,-2.254,-9.881,-26.169,26.169,-5.384,56.927
13239,16,14.569,-12.175,80.914,-0.011,0.308,0.004,-2.512,-2.235,-9.714,-26.051,26.051,-5.149,56.691
13240,16,14.481,-12.035,80.976,-0.011,0.308,0.004,-2.512,-2.235,-9.714,-25.880,25.880,-7.693,56.040
13241,16,14.455,-11.894,81.001,-0.172,0.317,0.036,-2.460,-1.933,-9.829,-25.372,25.372,-8.424,56.496
13242,16,14.324,-11.699,81.049,-0.172,0.317,0.036,-2.460,-1.933,-9.829,-25.133,25.133,-7.945,56.018
13243,16,14.013,-11.451,81.094,-0.390,0.243,0.054,-2.445,-1.871,-9.929,-24.859,24.859,-7.396,55.469
13244,16,13.785,-11.287,81.117,-0.390,0.243,0.054,-2.445,-1.871,-9.929,-23.502,23.502,-5.801,56.004
13245,16,13.589,-11.230,81.115,-0.610,0.218,0.091,-2.421,-1.828,-9.996,-22.624,22.624,-5.900,56.803
13246,16,13.232,-11.092,81.108,-0.610,0.218,0.091,-2.421,-1.828,-9.996,-22.191,22.191,-5.034,55.937
13247,16,12.448,-10.821,81.042,-1.073,0.298,0.202,-2.440,-1.732,-10.154,-21.662,21.662,-3.977,54.880
13248,16,11.928,-10.530,80.981,-1.073,0.298,0.202,-2.440,-1.732,-10.154,-19.693,19.693,-5.803,54.423
13249,16,11.316,-10.458,80.902,-1.910,0.504,0.385,-2.287,-1.550,-10.197,-17.000,17.000,-11.991,54.737
13250,16,10.260,-10.132,80.751,-1.910,0.504,0.385,-2.287,-1.550,-10.197,-15.091,15.091,-9.589,52.336
13251,16,8.250,-9.433,80.446,-2.691,0.859,0.539,-1.785,-1.570,-9.963,-13.019,13.019,-6.950,49.696
13252,16,6.962,-8.688,80.202,-2.691,0.859,0.539,-1.785,-1.570,-9.963,-7.159,7.159,-11.030,43.642
13253,16,5.949,-8.538,80.079,-3.013,1.247,0.564,-0.914,-1.656,-9.704,-4.174,4.174,-15.135,36.637
13254,16,4.296,-7.808,79.815,-3.013,1.247,0.564,-0.914,-1.656,-9.704,-1.354,1.354,-11.652,33.155
13255,16,1.860,-6.570,79.422,-2.945,1.537,0.487,-0.388,-1.421,-9.637,1.188,-1.188,-8.533,30.035
13256,16,0.368,-5.564,79.136,-2.945,1.537,0.487,-0.388,-1.421,-9.637,5.587,-5.587,-6.216,19.440
13257,16,-0.544,-5.246,79.002,-2.903,1.649,0.441,0.158,-0.952,-9.843,7.315,-7.315,-5.051,15.078
13258,16,-2.127,-4.337,78.703,-2.903,1.649,0.441,0.158,-0.952,-9.843,9.605,-9.605,-2.380,12.408
13259,16,-4.523,-3.034,78.235,-2.942,1.573,0.378,0.833,-0.455,-9.843,11.625,-11.625,-0.085,10.112
13260,16,-6.025,-2.055,77.944,-2.942,1.573,0.378,0.833,-0.455,-9.843,15.734,-15.734,6.041,6.147
13261,16,-6.869,-1.814,77.749,-2.705,1.427,0.311,1.369,-0.062,-9.781,16.474,-16.474,11.011,5.347
13262,16,-8.345,-1.065,77.431,-2.705,1.427,0.311,1.369,-0.062,-9.781,18.239,-18.239,12.894,3.465
13263,16,-10.311,-0.089,76.964,-2.264,1.179,0.263,1.857,-0.110,-9.599,19.635,-19.635,14.314,2.045
13264,16,-11.460,0.615,76.658,-2.264,1.179,0.263,1.857,-0.110,-9.599,20.058,-20.058,21.107,2.343
13265,16,-12.020,0.722,76.513,-1.780,0.887,0.231,2.283,0.187,-9.537,18.695,-18.695,26.766,5.024
13266,16,-12.977,1.152,76.237,-1.780,0.887,0.231,2.283,0.187,-9.537,19.695,-19.695,27.745,4.045
13267,16,-14.193,1.633,75.876,-1.383,0.588,0.187,2.689,0.450,-9.446,20.167,-20.167,28.428,3.362
13268,16,-14.868,1.987,75.650,-1.383,0.588,0.187,2.689,0.450,-9.446,19.286,-19.286,34.916,5.426
13269,16,-15.174,1.950,75.587,-0.942,0.258,0.114,3.000,0.651,-9.336,18.209,-18.209,41.889,7.889
13270,16,-15.664,2.048,75.459,-0.942,0.258,0.114,3.000,0.651,-9.336,18.475,-18.475,42.422,7.355
13271,16,-16.084,2.014,75.350,-0.383,-0.092,0.063,3.134,0.502,-9.288,18.619,-18.619,42.709,7.068
13272,16,-16.214,2.004,75.305,-0.383,-0.092,0.063,3.134,0.502,-9.288,16.686,-16.686,49.418,10.342
13273,16,-16.238,1.821,75.317,0.020,-0.379,0.054,3.254,0.388,-9.188,14.870,-14.870,53.931,14.047
13274,16,-16.190,1.589,75.332,0.020,-0.379,0.054,3.254,0.388,-9.188,14.941,-14.941,54.074,13.904
13275,16,-15.883,1.161,75.392,0.455,-0.544,0.049,3.311,0.268,-8.958,14.928,-14.928,54.047,13.931
13276,16,-15.581,0.880,75.448,0.455,-0.544,0.049,3.311,0.268,-8.958,12.750,-12.750,56.397,16.299
13277,16,-15.344,0.679,75.475,0.888,-0.592,0.032,3.158,-0.091,-8.781,10.725,-10.725,57.367,16.698
13278,16,-14.827,0.346,75.543,0.888,-0.592,0.032,3.158,-0.091,-8.781,10.520,-10.520,56.957,17.109
13279,16,-13.824,-0.180,75.663,1.307,-0.639,0.005,2.785,-0.340,-8.690,10.298,-10.298,56.514,17.552
13280,16,-13.137,-0.596,75.767,1.307,-0.639,0.005,2.785,-0.340,-8.690,7.966,-7.966,56.705,18.700
13281,16,-12.609,-0.714,75.828,1.693,-0.672,-0.130,2.383,-0.435,-8.451,7.190,-7.190,59.897,16.451
13282,16,-11.660,-1.072,75.986,1.693,-0.672,-0.130,2.383,-0.435,-8.451,6.113,-6.113,58.781,17.567
13283,16,-9.893,-1.652,76.345,2.318,-0.781,-0.357,1.904,-0.421,-8.355,5.058,-5.058,57.720,18.628
13284,16,-8.748,-2.236,76.616,2.318,-0.781,-0.357,1.904,-0.421,-8.355,2.374,-2.374,62.344,17.108
13285,16,-7.803,-2.322,76.835,2.908,-1.027,-0.573,1.192,-0.756,-8.321,0.866,-0.866,69.844,16.639
13286,16,-6.198,-2.859,77.238,2.908,-1.027,-0.573,1.192,-0.756,-8.321,-1.208,1.208,67.542,18.941
13287,16,-3.621,-3.773,77.889,2.908,-1.027,-0.805,1.192,-0.756,-8.321,-3.051,3.051,65.493,20.990
13288,16,-1.869,-4.769,78.294,3.577,-1.364,-0.805,0.349,-1.364,-8.254,-7.560,7.560,71.427,24.674
13289,16,-0.698,-4.905,78.630,3.577,-1.364,-0.805,-0.737,-1.665,-8.259,-9.285,9.285,69.402,26.700
13290,16,1.750,-5.833,79.264,4.494,-1.627,-1.111,-0.737,-1.665,-8.259,-13.741,13.741,76.429,27.190
13291,16,5.602,-7.314,80.216,4.494,-1.627,-1.395,-0.737,-1.665,-8.259,-17.251,17.251,72.172,31.447
13292,16,8.083,-8.766,80.630,5.241,-1.768,-1.395,-1.627,-1.450,-8.824,-23.109,23.109,72.615,35.052
13293,16,9.839,-8.957,81.214,5.241,-1.768,-1.395,-3.072,-0.895,-9.857,-24.889,24.889,69.054,38.612
13294,16,12.520,-10.098,81.835,5.020,-1.788,-1.433,-3.072,-0.895,-9.857,-27.521,27.521,64.065,44.150
13295,16,16.259,-11.789,82.593,5.020,-1.788,-1.093,-3.072,-0.895,-9.857,-29.133,29.133,60.842,47.373
13296,16,18.146,-13.024,82.653,3.987,-1.674,-1.093,-4.053,-1.115,-10.676,-36.533,36.533,39.285,65.673
13297,16,19.450,-13.383,83.088,3.987,-1.674,-1.093,-4.493,-2.302,-10.848,-38.110,38.110,36.132,68.826
13298,16,20.825,-14.235,83.112,2.559,-1.469,-0.533,-4.493,-2.302,-10.848,-40.002,40.002,15.141,83.973
13299,16,22.591,-15.322,83.025,2.559,-1.469,-0.533,-4.493,-2.302,-10.848,-41.041,41.041,13.063,86.051
13300,16,23.317,-15.825,82.787,1.372,-0.983,-0.029,-4.154,-2.689,-10.355,-41.501,41.501,-6.663,91.899
13301,16,23.739,-16.046,82.754,1.372,-0.983,-0.029,-3.823,-2.579,-10.188,-41.501,41.501,-6.663,91.899
13302,16,24.102,-16.152,82.554,0.654,-0.396,0.257,-3.823,-2.579,-10.188,-41.479,41.479,-22.186,90.651
13303,16,24.459,-16.173,82.243,0.654,-0.396,0.257,-3.823,-2.579,-10.188,-41.479,41.479,-22.186,90.651
13304,16,24.419,-16.044,82.082,-0.060,0.044,0.500,-4.072,-2.742,-9.991,-40.947,40.947,-34.543,90.438
13305,16,24.421,-15.912,81.907,-0.060,0.044,0.500,-4.154,-2.814,-9.872,-40.947,40.947,-34.543,90.438
13306,16,24.053,-15.554,81.625,-0.702,0.309,0.724,-4.154,-2.814,-9.872,-40.545,40.545,-43.951,92.268
13307,16,23.232,-14.925,81.168,-0.702,0.309,0.724,-4.154,-2.814,-9.872,-40.545,40.545,-43.951,92.268
13308,16,22.429,-14.344,80.999,-1.688,0.601,0.951,-4.302,-2.311,-9.924,-38.449,38.449,-53.794,93.770
13309,16,21.881,-14.108,80.634,-1.688,0.601,0.951,-3.780,-1.991,-9.886,-38.277,38.277,-53.450,93.427
13310,16,20.188,-13.305,80.226,-3.104,1.027,1.180,-3.780,-1.991,-9.886,-31.755,31.755,-60.651,88.453
13311,16,17.333,-11.945,79.607,-3.104,1.027,1.233,-3.780,-1.991,-9.886,-30.629,30.629,-58.398,86.201
13312,16,15.236,-10.619,79.479,-4.249,1.684,1.233,-2.641,-1.713,-9.350,-20.037,20.037,-58.056,67.080
13313,16,13.831,-10.271,78.983,-4.249,1.684,1.233,-2.306,-1.373,-8.958,-18.471,18.471,-54.924,63.947
13314,16,11.220,-8.789,78.704,-4.700,2.436,1.033,-2.306,-1.373,-8.958,-10.166,10.166,-54.286,41.821
13315,16,7.311,-6.462,78.238,-4.700,2.436,0.767,-2.306,-1.373,-8.958,-7.782,7.782,-51.272,38.807
13316,16,4.795,-4.626,78.102,-4.739,2.991,0.767,-1.512,-1.110,-9.015,4.570,-4.570,-41.595,13.273
13317,16,3.377,-3.897,77.775,-4.739,2.991,0.767,-0.412,-0.636,-9.116,6.744,-6.744,-39.001,10.679
13318,16,0.867,-2.149,77.530,-4.535,3.119,0.462,-0.412,-0.636,-9.116,13.202,-13.202,-28.907,-3.067
13319,16,-2.739,0.362,77.096,-4.535,3.119,0.136,-0.412,-0.636,-9.116,16.456,-16.456,-25.245,-6.729
13320,16,-4.895,1.977,76.852,-3.988,2.858,0.136,0.349,0.172,-9.331,21.759,-21.759,-9.166,-15.351
13321,16,-6.038,2.698,76.688,-3.988,2.858,0.136,1.144,0.493,-9.388,23.016,-23.016,-7.898,-16.619
13322,16,-7.752,3.911,76.529,-3.144,2.242,-0.129,1.144,0.493,-9.388,23.862,-23.862,9.207,-16.132
13323,16,-10.008,5.481,76.297,-3.144,2.242,-0.275,1.144,0.493,-9.388,25.438,-25.438,10.605,-17.530
13324,16,-11.062,6.242,76.177,-2.050,1.378,-0.275,2.120,0.809,-9.379,23.246,-23.246,27.819,-10.060
13325,16,-11.641,6.580,76.179,-2.050,1.378,-0.275,2.613,1.397,-9.460,23.754,-23.754,28.237,-10.479
13326,16,-11.965,6.801,76.279,-0.745,0.425,-0.403,2.613,1.397,-9.460,19.095,-19.095,45.260,-0.261
13327,16,-12.177,6.910,76.482,-0.745,0.425,-0.392,2.613,1.397,-9.460,19.354,-19.354,45.450,-0.452
13328,16,-11.917,6.702,76.665,0.263,-0.402,-0.392,2.536,1.258,-9.786,13.907,-13.907,56.813,11.804
13329,16,-11.821,6.576,76.793,0.263,-0.402,-0.392,2.613,1.134,-9.853,13.848,-13.848,56.788,11.829
13330,16,-11.216,6.080,76.994,0.929,-0.875,-0.275,2.613,1.134,-9.853,8.575,-8.575,60.264,21.866
13331,16,-10.215,5.260,77.288,0.929,-0.875,-0.187,2.613,1.134,-9.853,8.081,-8.081,59.883,22.248
13332,16,-9.397,4.613,77.474,1.346,-1.162,-0.187,2.216,1.029,-9.934,3.840,-3.840,60.938,29.411
13333,16,-9.003,4.278,77.557,1.346,-1.162,-0.187,1.857,0.555,-10.192,3.487,-3.487,60.639,29.710
13334,16,-8.040,3.528,77.716,1.644,-1.334,-0.136,1.857,0.555,-10.192,0.449,-0.449,60.993,34.256
13335,16,-6.498,2.382,77.947,1.644,-1.334,-0.166,1.857,0.555,-10.192,-0.490,0.490,60.118,35.131
13336,16,-5.368,1.554,78.104,2.044,-1.404,-0.166,1.464,0.201,-9.939,-3.968,3.968,60.036,37.221
13337,16,-4.753,1.202,78.182,2.044,-1.404,-0.166,1.062,0.029,-9.508,-4.674,4.674,59.303,37.955
13338,16,-3.388,0.367,78.398,2.413,-1.497,-0.293,1.062,0.029,-9.508,-6.547,6.547,62.091,37.815
13339,16,-1.241,-0.927,78.742,2.413,-1.497,-0.459,1.062,0.029,-9.508,-8.134,8.134,60.374,39.532
13340,16,0.246,-1.955,78.950,2.842,-1.644,-0.459,0.345,-0.402,-9.015,-11.309,11.309,63.147,40.959
13341,16,1.124,-2.308,79.137,2.842,-1.644,-0.459,-0.440,-1.163,-8.872,-12.525,12.525,61.755,42.351
13342,16,2.957,-3.345,79.458,3.312,-1.826,-0.621,-0.440,-1.163,-8.872,-15.496,15.496,65.321,43.990
13343,16,5.745,-4.923,79.899,3.312,-1.826,-0.687,-0.440,-1.163,-8.872,-18.123,18.123,62.181,47.130
13344,16,7.529,-6.152,80.042,3.521,-1.856,-0.687,-1.335,-1.215,-9.226,-22.998,22.998,58.588,51.574
13345,16,8.633,-6.541,80.305,3.521,-1.856,-0.687,-2.053,-1.115,-9.886,-24.800,24.800,56.390,53.773
13346,16,10.301,-7.520,80.529,3.073,-1.676,-0.650,-2.053,-1.115,-9.886,-25.970,25.970,49.208,55.811
13347,16,12.615,-8.900,80.805,3.073,-1.676,-0.532,-2.053,-1.115,-9.886,-28.886,28.886,45.469,59.550
13348,16,13.827,-9.796,80.945,2.416,-1.373,-0.532,-2.493,-0.943,-9.810,-29.511,29.511,33.327,63.048
13349,16,14.556,-10.098,81.016,2.416,-1.373,-0.532,-2.833,-1.302,-9.542,-30.372,30.372,31.604,64.771
13350,16,15.295,-10.697,81.072,1.418,-1.064,-0.328,-2.833,-1.302,-9.542,-28.966,28.966,20.020,67.529
13351,16,16.161,-11.457,81.124,1.418,-1.064,-0.130,-2.833,-1.302,-9.542,-30.021,30.021,17.911,69.638
13352,16,16.431,-11.745,81.098,0.523,-0.632,-0.130,-2.704,-1.546,-9.427,-28.699,28.699,5.428,69.763
13353,16,16.530,-11.951,81.131,0.523,-0.632,-0.130,-2.665,-1.660,-9.288,-28.923,28.923,4.981,70.210
13354,16,16.507,-11.996,81.167,0.052,-0.140,-0.039,-2.665,-1.660,-9.288,-27.704,27.704,-4.321,65.451
13355,16,16.388,-11.964,81.231,0.052,-0.140,0.023,-2.665,-1.660,-9.288,-27.720,27.720,-4.353,65.483
13356,16,16.194,-11.807,81.297,-0.267,0.225,0.023,-2.699,-1.694,-9.135,-26.462,26.462,-10.238,60.958
13357,16,16.095,-11.727,81.320,-0.267,0.225,0.023,-2.598,-1.660,-9.010,-26.315,26.315,-9.943,60.664
13358,16,15.813,-11.443,81.391,-0.421,0.451,0.052,-2.598,-1.660,-9.010,-25.459,25.459,-12.992,57.260
13359,16,15.402,-10.997,81.505,-0.421,0.451,0.056,-2.598,-1.660,-9.010,-25.026,25.026,-12.127,56.395
13360,16,15.105,-10.696,81.579,-0.415,0.556,0.056,-2.402,-1.531,-8.915,-24.418,24.418,-12.362,53.618
13361,16,15.003,-10.496,81.619,-0.415,0.556,0.056,-2.373,-1.378,-9.144,-24.210,24.210,-11.947,53.203
13362,16,14.737,-10.175,81.695,-0.421,0.540,0.045,-2.373,-1.378,-9.144,-23.608,23.608,-10.567,52.279
13363,16,14.350,-9.712,81.802,-0.421,0.540,0.049,-2.373,-1.378,-9.144,-23.180,23.180,-9.712,51.424
13364,16,14.085,-9.446,81.861,-0.395,0.493,0.049,-2.407,-1.335,-9.451,-22.790,22.790,-8.006,51.057
13365,16,13.988,-9.275,81.889,-0.395,0.493,0.049,-2.393,-1.354,-9.647,-22.613,22.613,-7.653,50.704
13366,16,13.734,-9.008,81.918,-0.432,0.444,0.085,-2.393,-1.354,-9.647,-22.510,22.510,-7.119,51.570
13367,16,13.350,-8.619,81.947,-0.432,0.444,0.112,-2.393,-1.354,-9.647,-22.143,22.143,-6.385,50.836
13368,16,13.086,-8.375,81.948,-0.451,0.415,0.112,-2.287,-1.340,-9.728,-21.851,21.851,-5.571,50.844
13369,16,12.965,-8.242,81.946,-0.451,0.415,0.112,-2.168,-1.268,-9.800,-21.680,21.680,-5.229,50.502
