packet_timestamp,statemachine,angle_roll,angle_pitch,angle_yaw,gyro_x,gyro_y,gyro_z,acc_x,acc_y,acc_z,rudder1,rudder2,rudder3,rudder4
13105,16,3.284,-11.378,82.052,-0.064,-0.027,0.145,-0.718,-2.105,-9.767,-9.790,9.790,18.107,39.797
13106,16,3.269,-11.392,81.968,-0.064,-0.027,0.145,-0.880,-2.153,-9.757,-9.765,9.765,18.137,39.767
13107,16,3.237,-11.424,81.838,-0.069,-0.043,0.154,-0.880,-2.153,-9.757,-9.839,9.839,18.148,40.212
13108,16,3.221,-11.450,81.752,-0.069,-0.043,0.154,-0.943,-2.096,-9.757,-9.782,9.782,18.217,40.143
13109,16,3.211,-11.465,81.707,-0.069,-0.050,0.147,-0.943,-2.096,-9.762,-9.675,9.675,18.527,40.046
13110,16,3.192,-11.490,81.621,-0.069,-0.050,0.147,-0.986,-2.105,-9.714,-9.644,9.644,18.563,40.010
13111,16,3.166,-11.539,81.520,-0.069,-0.060,0.115,-0.986,-2.105,-9.714,-9.239,9.239,19.506,39.341
13112,16,3.139,-11.582,81.459,-0.069,-0.060,0.115,-0.957,-2.201,-9.714,-9.165,9.165,19.594,39.253
13113,16,3.123,-11.608,81.432,-0.091,-0.089,0.081,-0.957,-2.201,-9.566,-8.609,8.609,20.900,38.799
13114,16,3.090,-11.657,81.382,-0.091,-0.089,0.081,-0.986,-2.306,-9.436,-8.557,8.557,20.962,38.737
13115,16,3.081,-11.754,81.329,-0.040,-0.109,0.049,-0.986,-2.306,-9.436,-8.436,8.436,21.998,38.250
13116,16,3.092,-11.825,81.301,-0.040,-0.109,0.049,-1.019,-2.402,-9.436,-8.437,8.437,21.990,38.257
13117,16,3.108,-11.861,81.288,0.025,-0.123,0.020,-1.019,-2.402,-9.508,-8.438,8.438,22.861,37.782
13118,16,3.134,-11.936,81.267,0.025,-0.123,0.020,-1.062,-2.440,-9.489,-8.495,8.495,22.786,37.857
13119,16,3.179,-12.052,81.258,0.031,-0.127,-0.015,-1.062,-2.440,-9.489,-8.179,8.179,23.608,37.157
13120,16,3.211,-12.122,81.273,0.031,-0.127,-0.015,-1.038,-2.421,-9.489,-8.255,8.255,23.507,37.258
13121,16,3.226,-12.151,81.290,0.049,-0.089,-0.082,-1.038,-2.421,-9.518,-7.539,7.539,24.610,35.089
13122,16,3.260,-12.212,81.324,0.049,-0.089,-0.082,-1.038,-2.421,-9.518,-7.609,7.609,24.519,35.181
13123,16,3.297,-12.284,81.419,0.051,-0.051,-0.158,-0.957,-2.440,-9.637,-7.672,7.672,24.437,35.262
13124,16,3.320,-12.326,81.495,0.051,-0.051,-0.158,-0.957,-2.440,-9.637,-6.801,6.801,25.696,32.907
13125,16,3.313,-12.350,81.548,-0.010,-0.062,-0.209,-0.756,-2.417,-9.618,-5.851,5.851,27.135,31.773
13126,16,3.295,-12.399,81.655,-0.010,-0.062,-0.209,-0.756,-2.417,-9.618,-5.826,5.826,27.164,31.745
13127,16,3.260,-12.492,81.833,-0.011,-0.089,-0.240,-0.632,-2.460,-9.566,-5.827,5.827,27.160,31.748
13128,16,3.236,-12.556,81.952,-0.011,-0.089,-0.240,-0.632,-2.460,-9.566,-5.354,5.354,28.424,31.275
13129,16,3.242,-12.592,82.013,0.064,-0.094,-0.246,-0.483,-2.455,-9.503,-5.664,5.664,28.622,31.199
13130,16,3.258,-12.658,82.139,0.064,-0.094,-0.246,-0.483,-2.455,-9.503,-5.703,5.703,28.569,31.252
13131,16,3.285,-12.738,82.325,0.075,-0.052,-0.241,-0.435,-2.330,-9.503,-5.752,5.752,28.505,31.317
13132,16,3.303,-12.784,82.453,0.075,-0.052,-0.241,-0.435,-2.330,-9.503,-5.927,5.927,27.705,30.930
13133,16,3.316,-12.785,82.517,0.095,0.020,-0.246,-0.345,-2.134,-9.465,-5.985,5.985,26.773,29.791
13134,16,3.343,-12.789,82.653,0.095,0.020,-0.246,-0.345,-2.134,-9.465,-6.036,6.036,26.710,29.855
13135,16,3.370,-12.749,82.853,0.076,0.093,-0.235,-0.306,-1.991,-9.307,-6.042,6.042,26.702,29.863
13136,16,3.382,-12.707,82.991,0.076,0.093,-0.235,-0.306,-1.991,-9.307,-6.129,6.129,25.342,29.153
13137,16,3.404,-12.659,83.052,0.123,0.175,-0.212,-0.278,-1.976,-9.073,-6.690,6.690,23.546,28.605
13138,16,3.447,-12.573,83.175,0.123,0.175,-0.212,-0.278,-1.976,-9.073,-6.753,6.753,23.471,28.680
13139,16,3.597,-12.386,83.357,0.279,0.267,-0.191,-0.301,-1.909,-8.819,-6.777,6.777,23.444,28.707
13140,16,3.659,-12.320,83.478,0.279,0.267,-0.191,-0.301,-1.909,-8.819,-8.142,8.142,21.203,28.300
13141,16,3.851,-12.155,83.531,0.486,0.326,-0.183,-0.373,-1.847,-8.838,-9.582,9.582,19.797,28.032
13142,16,4.097,-11.981,83.648,0.486,0.326,-0.183,-0.373,-1.847,-8.838,-9.988,9.988,19.300,28.530
13143,16,4.514,-11.721,83.795,0.564,0.330,-0.137,-0.608,-1.799,-8.948,-10.261,10.261,18.962,28.867
13144,16,4.693,-11.667,83.891,0.564,0.330,-0.137,-0.608,-1.799,-8.948,-11.941,11.941,16.879,30.829
13145,16,4.985,-11.457,83.913,0.656,0.317,-0.087,-0.909,-1.828,-9.068,-13.496,13.496,15.246,32.827
13146,16,5.335,-11.286,83.975,0.656,0.317,-0.087,-0.909,-1.828,-9.068,-14.066,14.066,14.551,33.522
13147,16,5.937,-11.021,84.031,0.778,0.334,-0.031,-1.196,-1.895,-9.422,-14.494,14.494,14.021,34.052
13148,16,6.220,-10.993,84.067,0.778,0.334,-0.031,-1.196,-1.895,-9.422,-16.835,16.835,11.117,36.469
13149,16,6.549,-10.737,84.053,0.669,0.365,0.049,-1.249,-1.809,-9.709,-17.777,17.777,8.102,38.601
13150,16,6.917,-10.534,84.041,0.669,0.365,0.049,-1.249,-1.809,-9.709,-18.341,18.341,7.428,39.275
13151,16,7.433,-10.211,83.999,0.591,0.394,0.083,-1.168,-1.828,-9.455,-18.693,18.693,7.002,39.702
13152,16,7.630,-10.130,83.969,0.591,0.394,0.083,-1.168,-1.828,-9.455,-19.446,19.446,4.899,40.983
13153,16,8.014,-9.888,83.967,0.925,0.373,0.029,-1.297,-1.967,-9.130,-20.989,20.989,5.911,40.579
13154,16,8.525,-9.685,83.966,0.925,0.373,0.029,-1.297,-1.967,-9.130,-21.760,21.760,4.994,41.496
13155,16,9.642,-9.386,84.023,1.563,0.385,-0.064,-1.641,-2.048,-9.326,-22.516,22.516,4.059,42.432
13156,16,10.257,-9.460,84.077,1.563,0.385,-0.064,-1.641,-2.048,-9.326,-26.534,26.534,3.828,42.328
13157,16,11.031,-9.078,84.123,1.924,0.454,-0.081,-2.144,-1.699,-9.570,-29.196,29.196,2.033,42.144
13158,16,12.092,-8.848,84.203,1.924,0.454,-0.081,-2.144,-1.699,-9.570,-30.578,30.578,0.172,44.006
13159,16,13.520,-8.480,84.285,1.638,0.480,0.017,-2.527,-1.287,-9.594,-31.275,31.275,-1.224,45.401
13160,16,14.151,-8.518,84.309,1.638,0.480,0.017,-2.527,-1.287,-9.594,-32.169,32.169,-6.247,49.663
13161,16,14.760,-8.108,84.317,1.250,0.405,0.104,-2.641,-1.349,-9.173,-31.678,31.678,-8.072,53.649
13162,16,15.444,-7.883,84.306,1.250,0.405,0.104,-2.641,-1.349,-9.173,-32.184,32.184,-9.083,54.660
13163,16,16.576,-7.579,84.303,1.444,0.353,0.077,-3.158,-1.426,-9.130,-32.658,32.658,-10.031,55.609
13164,16,17.149,-7.635,84.284,1.444,0.353,0.077,-3.158,-1.426,-9.130,-34.193,34.193,-10.406,57.475
13165,16,17.781,-7.319,84.315,1.492,0.267,0.028,-3.493,-1.292,-9.331,-34.189,34.189,-8.702,58.206
13166,16,18.597,-7.182,84.335,1.492,0.267,0.028,-3.493,-1.292,-9.331,-34.807,34.807,-9.939,59.442
13167,16,19.600,-7.008,84.413,1.104,0.233,-0.058,-3.732,-0.809,-9.446,-35.297,35.297,-10.917,60.420
13168,16,20.034,-7.084,84.461,1.104,0.233,-0.058,-3.732,-0.809,-9.446,-32.946,32.946,-9.616,60.094
13169,16,20.340,-6.837,84.551,0.591,0.317,-0.142,-3.819,-0.579,-9.738,-29.429,29.429,-8.909,56.982
13170,16,20.633,-6.702,84.687,0.591,0.317,-0.142,-3.819,-0.579,-9.738,-29.582,29.582,-9.216,57.289
13171,16,20.747,-6.447,84.928,0.015,0.418,-0.157,-4.063,-0.617,-10.212,-29.577,29.577,-9.206,57.279
13172,16,20.667,-6.310,85.089,0.015,0.418,-0.157,-4.063,-0.617,-10.212,-26.291,26.291,-9.828,55.040
13173,16,20.519,-6.138,85.158,-0.635,0.469,-0.048,-4.082,-0.435,-10.709,-24.173,24.173,-12.819,56.570
13174,16,20.132,-5.895,85.281,-0.635,0.469,-0.048,-4.082,-0.435,-10.709,-23.711,23.711,-11.895,55.646
13175,16,19.095,-5.512,85.364,-1.452,0.436,0.126,-3.637,-0.368,-11.044,-23.096,23.096,-10.666,54.417
13176,16,18.385,-5.118,85.395,-1.452,0.436,0.126,-3.637,-0.368,-11.044,-19.944,19.944,-12.061,56.755
13177,16,17.696,-5.110,85.353,-1.990,0.430,0.245,-2.981,-0.163,-11.020,-18.192,18.192,-13.860,58.707
13178,16,16.566,-4.832,85.299,-1.990,0.430,0.245,-2.981,-0.163,-11.020,-17.140,17.140,-11.757,56.603
13179,16,14.676,-4.355,85.151,-2.358,0.497,0.363,-2.378,-0.144,-10.944,-16.084,16.084,-9.643,54.490
13180,16,13.576,-3.783,85.047,-2.358,0.497,0.363,-2.378,-0.144,-10.944,-13.904,13.904,-9.928,52.857
13181,16,12.590,-3.827,84.931,-2.721,0.592,0.477,-1.900,0.124,-11.011,-12.750,12.750,-12.596,52.817
13182,16,11.069,-3.438,84.741,-2.721,0.592,0.477,-1.900,0.124,-11.011,-10.491,10.491,-9.884,50.105
13183,16,8.472,-2.768,84.363,-3.293,0.732,0.630,-1.364,0.182,-10.714,-8.311,8.311,-7.241,47.462
13184,16,6.943,-1.965,84.086,-3.293,0.732,0.630,-1.364,0.182,-10.714,-3.382,3.382,-8.407,44.640
13185,16,5.681,-2.025,83.897,-3.453,0.885,0.730,-0.627,0.072,-10.436,-2.133,2.133,-11.174,43.025
13186,16,3.766,-1.487,83.527,-3.453,0.885,0.730,-0.627,0.072,-10.436,0.555,-0.555,-8.076,39.927
13187,16,1.035,-0.667,82.936,-3.206,0.952,0.734,0.215,0.187,-9.982,2.764,-2.764,-5.542,37.392
13188,16,-0.479,0.164,82.513,-3.206,0.952,0.734,0.215,0.187,-9.982,4.977,-4.977,-2.696,32.629
13189,16,-1.572,0.125,82.293,-3.046,0.900,0.752,0.885,0.100,-9.604,5.362,-5.362,-0.832,32.256
13190,16,-3.255,0.613,81.836,-3.046,0.900,0.752,0.885,0.100,-9.604,7.483,-7.483,1.489,29.936
13191,16,-5.647,1.233,81.123,-2.806,0.755,0.764,1.402,0.230,-9.412,9.137,-9.137,3.245,28.179
13192,16,-6.972,1.868,80.615,-2.806,0.755,0.764,1.402,0.230,-9.412,10.572,-10.572,7.971,27.593
13193,16,-7.846,1.737,80.388,-2.354,0.601,0.746,1.756,0.163,-9.101,9.642,-9.642,11.839,28.138
13194,16,-9.140,2.000,79.898,-2.354,0.601,0.746,1.756,0.163,-9.101,11.148,-11.148,13.415,26.562
13195,16,-10.834,2.282,79.200,-1.912,0.430,0.698,1.995,0.388,-9.226,12.221,-12.221,14.482,25.495
13196,16,-11.718,2.627,78.724,-1.912,0.430,0.698,1.995,0.388,-9.226,12.416,-12.416,19.987,24.860
13197,16,-12.288,2.461,78.547,-1.516,0.273,0.614,2.321,0.785,-9.403,12.226,-12.226,25.168,24.184
13198,16,-13.108,2.526,78.155,-1.516,0.273,0.614,2.321,0.785,-9.403,13.170,-13.170,26.150,23.201
13199,16,-14.192,2.515,77.648,-1.254,0.070,0.527,2.464,0.818,-9.436,13.628,-13.628,26.773,22.579
13200,16,-14.743,2.640,77.354,-1.254,0.070,0.527,2.464,0.818,-9.436,14.055,-14.055,33.139,21.995
13201,16,-15.147,2.414,77.203,-1.057,-0.067,0.486,2.617,0.388,-9.298,13.929,-13.929,36.821,22.239
13202,16,-15.708,2.299,76.935,-1.057,-0.067,0.486,2.617,0.388,-9.298,14.325,-14.325,37.612,21.449
13203,16,-16.419,2.084,76.586,-0.821,-0.162,0.427,2.876,0.301,-9.116,14.551,-14.551,38.064,20.996
13204,16,-16.743,2.069,76.383,-0.821,-0.162,0.427,2.876,0.301,-9.116,14.622,-14.622,41.915,19.854
13205,16,-16.982,1.829,76.288,-0.539,-0.229,0.363,2.986,0.148,-9.068,14.267,-14.267,44.987,18.700
13206,16,-17.254,1.643,76.121,-0.539,-0.229,0.363,2.986,0.148,-9.068,14.523,-14.523,45.500,18.187
13207,16,-17.471,1.342,75.900,-0.197,-0.277,0.329,3.019,-0.206,-8.987,14.648,-14.648,45.749,17.937
13208,16,-17.498,1.213,75.781,-0.197,-0.277,0.329,3.019,-0.206,-8.987,13.597,-13.597,47.751,17.305
13209,16,-17.509,1.023,75.707,0.100,-0.320,0.294,3.010,-0.340,-8.886,12.648,-12.648,49.435,16.839
13210,16,-17.428,0.794,75.593,0.100,-0.320,0.294,3.010,-0.340,-8.886,12.705,-12.705,49.549,16.725
13211,16,-17.097,0.446,75.468,0.473,-0.360,0.231,2.962,-0.493,-8.666,12.692,-12.692,49.522,16.752
13212,16,-16.814,0.212,75.426,0.473,-0.360,0.231,2.962,-0.493,-8.666,11.498,-11.498,51.441,15.989
13213,16,-16.514,0.074,75.396,1.008,-0.444,0.132,2.718,-0.723,-8.422,9.926,-9.926,54.847,14.988
13214,16,-15.931,-0.195,75.392,1.008,-0.444,0.132,2.718,-0.723,-8.422,9.653,-9.653,54.301,15.534
13215,16,-14.724,-0.652,75.480,1.604,-0.576,-0.011,2.589,-0.770,-8.269,9.386,-9.386,53.766,16.068
13216,16,-13.903,-1.087,75.598,1.604,-0.576,-0.011,2.589,-0.770,-8.269,7.416,-7.416,57.679,15.930
13217,16,-13.143,-1.172,75.678,2.371,-0.758,-0.213,2.287,-0.833,-8.254,5.597,-5.597,64.313,14.501
13218,16,-11.806,-1.574,75.889,2.371,-0.758,-0.213,2.287,-0.833,-8.254,4.158,-4.158,62.650,16.163
13219,16,-9.378,-2.309,76.327,3.156,-1.014,-0.413,1.498,-0.890,-8.379,2.659,-2.659,61.112,17.701
13220,16,-7.819,-3.102,76.637,3.156,-1.014,-0.413,1.498,-0.890,-8.379,-2.126,2.126,66.063,20.055
13221,16,-6.622,-3.204,76.838,3.608,-1.316,-0.517,0.455,-1.019,-8.699,-4.737,4.737,71.073,23.659
13222,16,-4.628,-3.924,77.207,3.608,-1.316,-0.517,0.455,-1.019,-8.699,-7.413,7.413,68.048,26.683
13223,16,-1.537,-5.148,77.764,3.813,-1.545,-0.599,-0.254,-1.086,-9.135,-9.959,9.959,65.139,29.593
13224,16,0.351,-6.262,78.026,3.813,-1.545,-0.599,-0.254,-1.086,-9.135,-14.620,14.620,64.960,36.315
13225,16,1.575,-6.480,78.308,3.761,-1.614,-0.698,-0.928,-0.947,-9.609,-15.021,15.021,66.159,37.095
13226,16,3.622,-7.406,78.670,3.761,-1.614,-0.698,-0.928,-0.947,-9.609,-18.321,18.321,62.156,41.098
13227,16,6.505,-8.746,79.174,3.454,-1.501,-0.708,-1.684,-1.436,-9.972,-21.409,21.409,58.334,44.920
13228,16,8.193,-9.806,79.324,3.454,-1.501,-0.708,-1.684,-1.436,-9.972,-24.686,24.686,50.793,49.234
13229,16,9.109,-9.991,79.601,2.780,-1.241,-0.598,-2.230,-1.574,-10.279,-24.297,24.297,42.330,50.271
13230,16,10.590,-10.721,79.835,2.780,-1.241,-0.598,-2.230,-1.574,-10.279,-27.097,27.097,38.767,53.834
13231,16,12.326,-11.587,80.107,1.900,-0.849,-0.432,-2.464,-1.680,-10.527,-29.159,29.159,35.785,56.816
13232,16,13.224,-12.167,80.159,1.900,-0.849,-0.432,-2.464,-1.680,-10.527,-28.728,28.728,22.249,59.152
13233,16,13.573,-12.205,80.328,1.033,-0.421,-0.263,-2.512,-1.838,-10.475,-26.896,26.896,11.123,58.042
13234,16,14.082,-12.446,80.445,1.033,-0.421,-0.263,-2.512,-1.838,-10.475,-27.560,27.560,9.796,59.369
13235,16,14.468,-12.584,80.589,0.343,-0.052,-0.126,-2.531,-2.067,-10.145,-27.960,27.960,8.995,60.170
13236,16,14.572,-12.631,80.653,0.343,-0.052,-0.126,-2.531,-2.067,-10.145,-26.444,26.444,-0.140,58.774
13237,16,14.606,-12.543,80.721,0.118,0.196,-0.052,-2.531,-2.254,-9.881,-26.226,26.226,-5.499,57.042
13238,16,14.615,-12.422,80.807,0.118,0.196,-0.052,-2.531,-2.254,-9.881,-26.169,26.169,-5.384,56.927
13239,16,14.569,-12.175,80.914,-0.011,0.308,0.004,-2.512,-2.235,-9.714,-26.051,26.051,-5.149,56.691
13240,16,14.481,-12.035,80.976,-0.011,0.308,0.004,-2.512,-2.235,-9.714,-25.880,25.880,-7.693,56.040
13241,16,14.455,-11.894,81.001,-0.172,0.317,0.036,-2.460,-1.933,-9.829,-25.372,25.372,-8.424,56.496
13242,16,14.324,-11.699,81.049,-0.172,0.317,0.036,-2.460,-1.933,-9.829,-25.133,25.133,-7.945,56.018
13243,16,14.013,-11.451,81.094,-0.390,0.243,0.054,-2.445,-1.871,-9.929,-24.859,24.859,-7.396,55.469
13244,16,13.785,-11.287,81.117,-0.390,0.243,0.054,-2.445,-1.871,-9.929,-23.502,23.502,-5.801,56.004
13245,16,13.589,-11.230,81.115,-0.610,0.218,0.091,-2.421,-1.828,-9.996,-22.624,22.624,-5.900,56.803
13246,16,13.232,-11.092,81.108,-0.610,0.218,0.091,-2.421,-1.828,-9.996,-22.191,22.191,-5.034,55.937
13247,16,12.448,-10.821,81.042,-1.073,0.298,0.202,-2.440,-1.732,-10.154,-21.662,21.662,-3.977,54.880
13248,16,11.928,-10.530,80.981,-1.073,0.298,0.202,-2.440,-1.732,-10.154,-19.693,19.693,-5.803,54.423
13249,16,11.316,-10.458,80.902,-1.910,0.504,0.385,-2.287,-1.550,-10.197,-17.000,17.000,-11.991,54.737
13250,16,10.260,-10.132,80.751,-1.910,0.504,0.385,-2.287,-1.550,-10.197,-15.091,15.091,-9.589,52.336
13251,16,8.250,-9.433,80.446,-2.691,0.859,0.539,-1.785,-1.570,-9.963,-13.019,13.019,-6.950,49.696
13252,16,6.962,-8.688,80.202,-2.691,0.859,0.539,-1.785,-1.570,-9.963,-7.159,7.159,-11.030,43.642
13253,16,5.949,-8.538,80.079,-3.013,1.247,0.564,-0.914,-1.656,-9.704,-4.174,4.174,-15.135,36.637
13254,16,4.296,-7.808,79.815,-3.013,1.247,0.564,-0.914,-1.656,-9.704,-1.354,1.354,-11.652,33.155
13255,16,1.860,-6.570,79.422,-2.945,1.537,0.487,-0.388,-1.421,-9.637,1.188,-1.188,-8.533,30.035
13256,16,0.368,-5.564,79.136,-2.945,1.537,0.487,-0.388,-1.421,-9.637,5.587,-5.587,-6.216,19.440
13257,16,-0.544,-5.246,79.002,-2.903,1.649,0.441,0.158,-0.952,-9.843,7.315,-7.315,-5.051,15.078
13258,16,-2.127,-4.337,78.703,-2.903,1.649,0.441,0.158,-0.952,-9.843,9.605,-9.605,-2.380,12.408
13259,16,-4.523,-3.034,78.235,-2.942,1.573,0.378,0.833,-0.455,-9.843,11.625,-11.625,-0.085,10.112
13260,16,-6.025,-2.055,77.944,-2.942,1.573,0.378,0.833,-0.455,-9.843,15.734,-15.734,6.041,6.147
13261,16,-6.869,-1.814,77.749,-2.705,1.427,0.311,1.369,-0.062,-9.781,16.474,-16.474,11.011,5.347
13262,16,-8.345,-1.065,77.431,-2.705,1.427,0.311,1.369,-0.062,-9.781,18.239,-18.239,12.894,3.465
13263,16,-10.311,-0.089,76.964,-2.264,1.179,0.263,1.857,-0.110,-9.599,19.635,-19.635,14.314,2.045
13264,16,-11.460,0.615,76.658,-2.264,1.179,0.263,1.857,-0.110,-9.599,20.058,-20.058,21.107,2.343
13265,16,-12.020,0.722,76.513,-1.780,0.887,0.231,2.283,0.187,-9.537,18.695,-18.695,26.766,5.024
13266,16,-12.977,1.152,76.237,-1.780,0.887,0.231,2.283,0.187,-9.537,19.695,-19.695,27.745,4.045
13267,16,-14.193,1.633,75.876,-1.383,0.588,0.187,2.689,0.450,-9.446,20.167,-20.167,28.428,3.362
13268,16,-14.868,1.987,75.650,-1.383,0.588,0.187,2.689,0.450,-9.446,19.286,-19.286,34.916,5.426
13269,16,-15.174,1.950,75.587,-0.942,0.258,0.114,3.000,0.651,-9.336,18.209,-18.209,41.889,7.889
13270,16,-15.664,2.048,75.459,-0.942,0.258,0.114,3.000,0.651,-9.336,18.475,-18.475,42.422,7.355
13271,16,-16.084,2.014,75.350,-0.383,-0.092,0.063,3.134,0.502,-9.288,18.619,-18.619,42.709,7.068
13272,16,-16.214,2.004,75.305,-0.383,-0.092,0.063,3.134,0.502,-9.288,16.686,-16.686,49.418,10.342
13273,16,-16.238,1.821,75.317,0.020,-0.379,0.054,3.254,0.388,-9.188,14.870,-14.870,53.931,14.047
13274,16,-16.190,1.589,75.332,0.020,-0.379,0.054,3.254,0.388,-9.188,14.941,-14.941,54.074,13.904
13275,16,-15.883,1.161,75.392,0.455,-0.544,0.049,3.311,0.268,-8.958,14.928,-14.928,54.047,13.931
13276,16,-15.581,0.880,75.448,0.455,-0.544,0.049,3.311,0.268,-8.958,12.750,-12.750,56.397,16.299
13277,16,-15.344,0.679,75.475,0.888,-0.592,0.032,3.158,-0.091,-8.781,10.725,-10.725,57.367,16.698
13278,16,-14.827,0.346,75.543,0.888,-0.592,0.032,3.158,-0.091,-8.781,10.520,-10.520,56.957,17.109
13279,16,-13.824,-0.180,75.663,1.307,-0.639,0.005,2.785,-0.340,-8.690,10.298,-10.298,56.514,17.552
13280,16,-13.137,-0.596,75.767,1.307,-0.639,0.005,2.785,-0.340,-8.690,7.966,-7.966,56.705,18.700
13281,16,-12.609,-0.714,75.828,1.693,-0.672,-0.130,2.383,-0.435,-8.451,7.190,-7.190,59.897,16.451
13282,16,-11.660,-1.072,75.986,1.693,-0.672,-0.130,2.383,-0.435,-8.451,6.113,-6.113,58.781,17.567
13283,16,-9.893,-1.652,76.345,2.318,-0.781,-0.357,1.904,-0.421,-8.355,5.058,-5.058,57.720,18.628
13284,16,-8.748,-2.236,76.616,2.318,-0.781,-0.357,1.904,-0.421,-8.355,2.374,-2.374,62.344,17.108
13285,16,-7.803,-2.322,76.835,2.908,-1.027,-0.573,1.192,-0.756,-8.321,0.866,-0.866,69.844,16.639
13286,16,-6.198,-2.859,77.238,2.908,-1.027,-0.573,1.192,-0.756,-8.321,-1.208,1.208,67.542,18.941
13287,16,-3.621,-3.773,77.889,2.908,-1.027,-0.805,1.192,-0.756,-8.321,-3.051,3.051,65.493,20.990
13288,16,-1.869,-4.769,78.294,3.577,-1.364,-0.805,0.349,-1.364,-8.254,-7.560,7.560,71.427,24.674
13289,16,-0.698,-4.905,78.630,3.577,-1.364,-0.805,-0.737,-1.665,-8.259,-9.285,9.285,69.402,26.700
13290,16,1.750,-5.833,79.264,4.494,-1.627,-1.111,-0.737,-1.665,-8.259,-13.741,13.741,76.429,27.190
13291,16,5.602,-7.314,80.216,4.494,-1.627,-1.395,-0.737,-1.665,-8.259,-17.251,17.251,72.172,31.447
13292,16,8.083,-8.766,80.630,5.241,-1.768,-1.395,-1.627,-1.450,-8.824,-23.109,23.109,72.615,35.052
13293,16,9.839,-8.957,81.214,5.241,-1.768,-1.395,-3.072,-0.895,-9.857,-24.889,24.889,69.054,38.612
13294,16,12.520,-10.098,81.835,5.020,-1.788,-1.433,-3.072,-0.895,-9.857,-27.521,27.521,64.065,44.150
13295,16,16.259,-11.789,82.593,5.020,-1.788,-1.093,-3.072,-0.895,-9.857,-29.133,29.133,60.842,47.373
13296,16,18.146,-13.024,82.653,3.987,-1.674,-1.093,-4.053,-1.115,-10.676,-36.533,36.533,39.285,65.673
13297,16,19.450,-13.383,83.088,3.987,-1.674,-1.093,-4.493,-2.302,-10.848,-38.110,38.110,36.132,68.826
13298,16,20.825,-14.235,83.112,2.559,-1.469,-0.533,-4.493,-2.302,-10.848,-40.002,40.002,15.141,83.973
13299,16,22.591,-15.322,83.025,2.559,-1.469,-0.533,-4.493,-2.302,-10.848,-41.041,41.041,13.063,86.051
13300,16,23.317,-15.825,82.787,1.372,-0.983,-0.029,-4.154,-2.689,-10.355,-41.501,41.501,-6.663,91.899
13301,16,23.739,-16.046,82.754,1.372,-0.983,-0.029,-3.823,-2.579,-10.188,-41.501,41.501,-6.663,91.899
13302,16,24.102,-16.152,82.554,0.654,-0.396,0.257,-3.823,-2.579,-10.188,-41.479,41.479,-22.186,90.651
13303,16,24.459,-16.173,82.243,0.654,-0.396,0.257,-3.823,-2.579,-10.188,-41.479,41.479,-22.186,90.651
13304,16,24.419,-16.044,82.082,-0.060,0.044,0.500,-4.072,-2.742,-9.991,-40.947,40.947,-34.543,90.438
13305,16,24.421,-15.912,81.907,-0.060,0.044,0.500,-4.154,-2.814,-9.872,-40.947,40.947,-34.543,90.438
13306,16,24.053,-15.554,81.625,-0.702,0.309,0.724,-4.154,-2.814,-9.872,-40.545,40.545,-43.951,92.268
13307,16,23.232,-14.925,81.168,-0.702,0.309,0.724,-4.154,-2.814,-9.872,-40.545,40.545,-43.951,92.268
13308,16,22.429,-14.344,80.999,-1.688,0.601,0.951,-4.302,-2.311,-9.924,-38.449,38.449,-53.794,93.770
13309,16,21.881,-14.108,80.634,-1.688,0.601,0.951,-3.780,-1.991,-9.886,-38.277,38.277,-53.450,93.427
13310,16,20.188,-13.305,80.226,-3.104,1.027,1.180,-3.780,-1.991,-9.886,-31.755,31.755,-60.651,88.453
13311,16,17.333,-11.945,79.607,-3.104,1.027,1.233,-3.780,-1.991,-9.886,-30.629,30.629,-58.398,86.201
13312,16,15.236,-10.619,79.479,-4.249,1.684,1.233,-2.641,-1.713,-9.350,-20.037,20.037,-58.056,67.080
13313,16,13.831,-10.271,78.983,-4.249,1.684,1.233,-2.306,-1.373,-8.958,-18.471,18.471,-54.924,63.947
13314,16,11.220,-8.789,78.704,-4.700,2.436,1.033,-2.306,-1.373,-8.958,-10.166,10.166,-54.286,41.821
13315,16,7.311,-6.462,78.238,-4.700,2.436,0.767,-2.306,-1.373,-8.958,-7.782,7.782,-51.272,38.807
13316,16,4.795,-4.626,78.102,-4.739,2.991,0.767,-1.512,-1.110,-9.015,4.570,-4.570,-41.595,13.273
13317,16,3.377,-3.897,77.775,-4.739,2.991,0.767,-0.412,-0.636,-9.116,6.744,-6.744,-39.001,10.679
13318,16,0.867,-2.149,77.530,-4.535,3.119,0.462,-0.412,-0.636,-9.116,13.202,-13.202,-28.907,-3.067
13319,16,-2.739,0.362,77.096,-4.535,3.119,0.136,-0.412,-0.636,-9.116,16.456,-16.456,-25.245,-6.729
13320,16,-4.895,1.977,76.852,-3.988,2.858,0.136,0.349,0.172,-9.331,21.759,-21.759,-9.166,-15.351
13321,16,-6.038,2.698,76.688,-3.988,2.858,0.136,1.144,0.493,-9.388,23.016,-23.016,-7.898,-16.619
13322,16,-7.752,3.911,76.529,-3.144,2.242,-0.129,1.144,0.493,-9.388,23.862,-23.862,9.207,-16.132
13323,16,-10.008,5.481,76.297,-3.144,2.242,-0.275,1.144,0.493,-9.388,25.438,-25.438,10.605,-17.530
13324,16,-11.062,6.242,76.177,-2.050,1.378,-0.275,2.120,0.809,-9.379,23.246,-23.246,27.819,-10.060
13325,16,-11.641,6.580,76.179,-2.050,1.378,-0.275,2.613,1.397,-9.460,23.754,-23.754,28.237,-10.479
13326,16,-11.965,6.801,76.279,-0.745,0.425,-0.403,2.613,1.397,-9.460,19.095,-19.095,45.260,-0.261
13327,16,-12.177,6.910,76.482,-0.745,0.425,-0.392,2.613,1.397,-9.460,19.354,-19.354,45.450,-0.452
13328,16,-11.917,6.702,76.665,0.263,-0.402,-0.392,2.536,1.258,-9.786,13.907,-13.907,56.813,11.804
13329,16,-11.821,6.576,76.793,0.263,-0.402,-0.392,2.613,1.134,-9.853,13.848,-13.848,56.788,11.829
13330,16,-11.216,6.080,76.994,0.929,-0.875,-0.275,2.613,1.134,-9.853,8.575,-8.575,60.264,21.866
13331,16,-10.215,5.260,77.288,0.929,-0.875,-0.187,2.613,1.134,-9.853,8.081,-8.081,59.883,22.248
13332,16,-9.397,4.613,77.474,1.346,-1.162,-0.187,2.216,1.029,-9.934,3.840,-3.840,60.938,29.411
13333,16,-9.003,4.278,77.557,1.346,-1.162,-0.187,1.857,0.555,-10.192,3.487,-3.487,60.639,29.710
13334,16,-8.040,3.528,77.716,1.644,-1.334,-0.136,1.857,0.555,-10.192,0.449,-0.449,60.993,34.256
13335,16,-6.498,2.382,77.947,1.644,-1.334,-0.166,1.857,0.555,-10.192,-0.490,0.490,60.118,35.131
13336,16,-5.368,1.554,78.104,2.044,-1.404,-0.166,1.464,0.201,-9.939,-3.968,3.968,60.036,37.221
13337,16,-4.753,1.202,78.182,2.044,-1.404,-0.166,1.062,0.029,-9.508,-4.674,4.674,59.303,37.955
13338,16,-3.388,0.367,78.398,2.413,-1.497,-0.293,1.062,0.029,-9.508,-6.547,6.547,62.091,37.815
13339,16,-1.241,-0.927,78.742,2.413,-1.497,-0.459,1.062,0.029,-9.508,-8.134,8.134,60.374,39.532
13340,16,0.246,-1.955,78.950,2.842,-1.644,-0.459,0.345,-0.402,-9.015,-11.309,11.309,63.147,40.959
13341,16,1.124,-2.308,79.137,2.842,-1.644,-0.459,-0.440,-1.163,-8.872,-12.525,12.525,61.755,42.351
13342,16,2.957,-3.345,79.458,3.312,-1.826,-0.621,-0.440,-1.163,-8.872,-15.496,15.496,65.321,43.990
13343,16,5.745,-4.923,79.899,3.312,-1.826,-0.687,-0.440,-1.163,-8.872,-18.123,18.123,62.181,47.130
13344,16,7.529,-6.152,80.042,3.521,-1.856,-0.687,-1.335,-1.215,-9.226,-22.998,22.998,58.588,51.574
13345,16,8.633,-6.541,80.305,3.521,-1.856,-0.687,-2.053,-1.115,-9.886,-24.800,24.800,56.390,53.773
13346,16,10.301,-7.520,80.529,3.073,-1.676,-0.650,-2.053,-1.115,-9.886,-25.970,25.970,49.208,55.811
13347,16,12.615,-8.900,80.805,3.073,-1.676,-0.532,-2.053,-1.115,-9.886,-28.886,28.886,45.469,59.550
13348,16,13.827,-9.796,80.945,2.416,-1.373,-0.532,-2.493,-0.943,-9.810,-29.511,29.511,33.327,63.048
13349,16,14.556,-10.098,81.016,2.416,-1.373,-0.532,-2.833,-1.302,-9.542,-30.372,30.372,31.604,64.771
13350,16,15.295,-10.697,81.072,1.418,-1.064,-0.328,-2.833,-1.302,-9.542,-28.966,28.966,20.020,67.529
13351,16,16.161,-11.457,81.124,1.418,-1.064,-0.130,-2.833,-1.302,-9.542,-30.021,30.021,17.911,69.638
13352,16,16.431,-11.745,81.098,0.523,-0.632,-0.130,-2.704,-1.546,-9.427,-28.699,28.699,5.428,69.763
13353,16,16.530,-11.951,81.131,0.523,-0.632,-0.130,-2.665,-1.660,-9.288,-28.923,28.923,4.981,70.210
13354,16,16.507,-11.996,81.167,0.052,-0.140,-0.039,-2.665,-1.660,-9.288,-27.704,27.704,-4.321,65.451
13355,16,16.388,-11.964,81.231,0.052,-0.140,0.023,-2.665,-1.660,-9.288,-27.720,27.720,-4.353,65.483
13356,16,16.194,-11.807,81.297,-0.267,0.225,0.023,-2.699,-1.694,-9.135,-26.462,26.462,-10.238,60.958
13357,16,16.095,-11.727,81.320,-0.267,0.225,0.023,-2.598,-1.660,-9.010,-26.315,26.315,-9.943,60.664
13358,16,15.813,-11.443,81.391,-0.421,0.451,0.052,-2.598,-1.660,-9.010,-25.459,25.459,-12.992,57.260
13359,16,15.402,-10.997,81.505,-0.421,0.451,0.056,-2.598,-1.660,-9.010,-25.026,25.026,-12.127,56.395
13360,16,15.105,-10.696,81.579,-0.415,0.556,0.056,-2.402,-1.531,-8.915,-24.418,24.418,-12.362,53.618
13361,16,15.003,-10.496,81.619,-0.415,0.556,0.056,-2.373,-1.378,-9.144,-24.210,24.210,-11.947,53.203
13362,16,14.737,-10.175,81.695,-0.421,0.540,0.045,-2.373,-1.378,-9.144,-23.608,23.608,-10.567,52.279
13363,16,14.350,-9.712,81.802,-0.421,0.540,0.049,-2.373,-1.378,-9.144,-23.180,23.180,-9.712,51.424
13364,16,14.085,-9.446,81.861,-0.395,0.493,0.049,-2.407,-1.335,-9.451,-22.790,22.790,-8.006,51.057
13365,16,13.988,-9.275,81.889,-0.395,0.493,0.049,-2.393,-1.354,-9.647,-22.613,22.613,-7.653,50.704
13366,16,13.734,-9.008,81.918,-0.432,0.444,0.085,-2.393,-1.354,-9.647,-22.510,22.510,-7.119,51.570
13367,16,13.350,-8.619,81.947,-0.432,0.444,0.112,-2.393,-1.354,-9.647,-22.143,22.143,-6.385,50.836
13368,16,13.086,-8.375,81.948,-0.451,0.415,0.112,-2.287,-1.340,-9.728,-21.851,21.851,-5.571,50.844
13369,16,12.965,-8.242,81.946,-0.451,0.415,0.112,-2.168,-1.268,-9.800,-21.680,21.680,-5.229,50.502
13370,16,12.686,-8.000,81.951,-0.490,0.407,0.101,-2.168,-1.268,-9.800,-20.985,20.985,-4.112,49.628
13371,16,12.263,-7.647,81.956,-0.490,0.407,0.076,-2.168,-1.268,-9.800,-20.631,20.631,-3.403,48.920
13372,16,11.975,-7.416,81.966,-0.525,0.380,0.076,-2.096,-1.215,-9.867,-19.570,19.570,-1.301,47.578
13373,16,11.818,-7.316,81.968,-0.525,0.380,0.076,-2.101,-1.158,-9.829,-19.281,19.281,-0.934,47.211
13374,16,11.521,-7.123,81.972,-0.532,0.334,0.065,-2.101,-1.158,-9.829,-18.570,18.570,0.677,46.909
13375,16,11.073,-6.844,81.969,-0.532,0.334,0.067,-2.101,-1.158,-9.829,-18.048,18.048,1.341,46.245
13376,16,10.794,-6.647,81.964,-0.545,0.294,0.067,-1.957,-1.129,-9.795,-17.210,17.210,2.865,45.878
13377,16,10.621,-6.588,81.956,-0.545,0.294,0.067,-1.708,-1.062,-9.728,-16.923,16.923,3.217,45.526
13378,16,10.270,-6.427,81.956,-0.634,0.288,0.050,-1.708,-1.062,-9.728,-15.671,15.671,4.473,44.452
13379,16,9.663,-6.155,81.958,-0.634,0.288,0.044,-1.708,-1.062,-9.728,-15.110,15.110,5.174,43.751
13380,16,9.211,-5.874,81.967,-0.908,0.386,0.044,-1.637,-0.909,-9.896,-12.420,12.420,5.463,40.662
13381,16,8.904,-5.829,81.965,-0.908,0.386,0.044,-1.426,-0.699,-9.891,-11.947,11.947,6.029,40.096
13382,16,8.079,-5.436,81.964,-1.469,0.691,0.096,-1.426,-0.699,-9.891,-8.434,8.434,2.020,35.369
13383,16,6.725,-4.726,81.951,-1.469,0.691,0.127,-1.426,-0.699,-9.891,-7.195,7.195,3.545,33.845
13384,16,5.732,-4.015,81.939,-1.904,1.106,0.127,-1.101,-0.703,-9.910,-2.840,2.840,-0.035,25.585
13385,16,5.128,-3.785,81.926,-1.904,1.106,0.127,-0.861,-0.646,-10.087,-1.925,1.925,1.050,24.500
13386,16,3.840,-2.942,81.870,-2.308,1.490,0.184,-0.861,-0.646,-10.087,1.346,-1.346,-3.539,18.101
13387,16,1.743,-1.600,81.715,-2.308,1.490,0.296,-0.861,-0.646,-10.087,3.137,-3.137,-1.432,15.994
13388,16,0.212,-0.488,81.531,-2.935,1.774,0.296,-0.507,-0.120,-10.259,8.193,-8.193,-4.483,10.949
13389,16,-0.703,-0.120,81.426,-2.935,1.774,0.296,0.100,0.057,-10.537,9.388,-9.388,-3.151,9.618
13390,16,-2.773,0.993,81.138,-3.706,2.010,0.381,0.100,0.057,-10.537,14.769,-14.769,-5.837,5.547
13391,16,-6.016,2.713,80.601,-3.706,2.010,0.423,0.100,0.057,-10.537,16.969,-16.969,-3.548,3.258
13392,16,-8.190,4.149,80.145,-4.190,2.287,0.423,1.062,0.426,-10.082,22.641,-22.641,-4.803,-3.401
13393,16,-9.544,4.543,79.908,-4.190,2.287,0.423,2.450,0.723,-9.408,24.078,-24.078,-3.392,-4.812
13394,16,-11.783,5.829,79.386,-3.971,2.446,0.369,2.450,0.723,-9.408,25.734,-25.734,-2.493,-10.246
13395,16,-15.019,7.669,78.521,-3.971,2.446,0.333,2.450,0.723,-9.408,27.430,-27.430,-1.222,-11.516
13396,16,-16.916,8.915,77.908,-3.469,2.275,0.333,3.091,1.192,-9.077,26.176,-26.176,3.733,-11.602
13397,16,-17.996,9.371,77.600,-3.469,2.275,0.333,3.713,1.943,-8.987,26.467,-26.467,3.710,-12.788
13398,16,-19.610,10.280,77.005,-2.804,1.899,0.327,3.713,1.943,-8.987,23.505,-23.505,8.315,-9.631
13399,16,-21.895,11.470,76.107,-2.804,1.899,0.377,3.713,1.943,-8.987,23.648,-23.648,7.039,-11.477
13400,16,-23.145,12.149,75.538,-2.267,1.374,0.377,4.091,2.378,-8.996,20.638,-20.638,12.365,-4.851
13401,16,-23.880,12.351,75.265,-2.267,1.374,0.377,4.441,2.598,-8.953,20.794,-20.794,12.281,-5.559
13402,16,-24.757,12.619,74.827,-1.521,0.784,0.395,4.441,2.598,-8.953,17.001,-17.001,20.074,2.496
13403,16,-25.807,12.831,74.277,-1.521,0.784,0.358,4.441,2.598,-8.953,17.056,-17.056,19.562,1.760
13404,16,-26.071,12.818,74.041,-0.615,0.036,0.358,4.785,2.900,-8.656,13.272,-13.272,31.863,11.067
13405,16,-26.302,12.677,73.946,-0.615,0.036,0.358,4.852,2.766,-8.589,13.435,-13.435,32.323,10.876
13406,16,-26.145,12.242,73.947,0.168,-0.666,0.289,4.852,2.766,-8.589,10.590,-10.590,45.074,19.347
13407,16,-25.742,11.486,74.035,0.168,-0.666,0.216,4.852,2.766,-8.589,10.701,-10.701,45.740,19.570
13408,16,-25.170,10.940,74.179,0.763,-1.137,0.216,4.685,2.699,-8.465,8.932,-8.932,56.287,25.303
13409,16,-24.991,10.525,74.274,0.763,-1.137,0.216,4.546,2.172,-8.675,9.105,-9.105,57.202,25.528
13410,16,-24.290,9.760,74.492,1.120,-1.383,0.218,4.546,2.172,-8.675,7.453,-7.453,62.114,29.909
13411,16,-23.242,8.600,74.803,1.120,-1.383,0.263,4.546,2.172,-8.675,7.522,-7.522,63.270,30.792
13412,16,-22.470,7.897,74.979,1.185,-1.427,0.263,4.201,1.747,-8.766,6.817,-6.817,64.443,33.484
13413,16,-22.188,7.412,75.085,1.185,-1.427,0.263,3.823,1.364,-8.489,6.949,-6.949,64.707,33.220
13414,16,-21.481,6.695,75.237,1.214,-1.288,0.259,3.823,1.364,-8.489,6.898,-6.898,62.909,31.031
13415,16,-20.393,5.682,75.462,1.214,-1.288,0.169,3.823,1.364,-8.489,6.870,-6.870,62.854,31.086
13416,16,-19.612,5.093,75.611,1.362,-1.100,0.169,3.364,1.067,-8.364,7.144,-7.144,62.204,26.380
13417,16,-19.235,4.787,75.684,1.362,-1.100,0.169,2.862,0.636,-8.527,7.092,-7.092,62.101,26.483
13418,16,-18.362,4.261,75.859,1.545,-1.002,0.068,2.862,0.636,-8.527,7.219,-7.219,62.777,23.006
13419,16,-17.057,3.493,76.124,1.545,-1.002,-0.005,2.862,0.636,-8.527,7.012,-7.012,62.363,23.421
13420,16,-16.231,2.956,76.314,1.550,-0.935,-0.005,2.249,0.378,-8.800,7.467,-7.467,62.367,21.498
13421,16,-15.757,2.766,76.395,1.550,-0.935,-0.005,1.823,0.517,-8.872,7.262,-7.262,61.957,21.908
13422,16,-15.026,2.359,76.597,1.312,-0.813,-0.088,1.823,0.517,-8.872,9.208,-9.208,61.724,18.642
13423,16,-13.973,1.799,76.925,1.312,-0.813,-0.250,1.823,0.517,-8.872,8.961,-8.961,61.228,19.137
13424,16,-13.363,1.442,77.191,1.176,-0.656,-0.250,1.699,0.407,-8.781,11.211,-11.211,62.128,13.763
13425,16,-12.993,1.342,77.315,1.176,-0.656,-0.250,1.718,0.148,-8.719,10.872,-10.872,61.718,14.174
13426,16,-12.238,1.125,77.669,1.355,-0.540,-0.460,1.718,0.148,-8.719,11.768,-11.768,64.461,8.113
13427,16,-11.023,0.805,78.245,1.355,-0.540,-0.658,1.718,0.148,-8.719,11.085,-11.085,63.800,8.774
13428,16,-10.223,0.451,78.710,1.664,-0.521,-0.658,1.632,0.110,-8.757,10.447,-10.447,66.835,5.191
13429,16,-9.635,0.500,78.922,1.664,-0.521,-0.658,1.416,0.373,-9.393,9.690,-9.690,65.995,6.031
13430,16,-8.639,0.248,79.402,1.800,-0.601,-0.719,1.416,0.373,-9.393,8.584,-8.584,67.399,6.910
13431,16,-7.207,-0.188,80.088,1.800,-0.601,-0.603,1.416,0.373,-9.393,7.599,-7.599,66.379,7.930
13432,16,-6.426,-0.649,80.505,1.592,-0.742,-0.603,1.359,0.249,-10.054,5.551,-5.551,63.737,14.620
13433,16,-5.906,-0.727,80.701,1.592,-0.742,-0.603,1.182,0.081,-10.221,4.885,-4.885,63.001,15.355
13434,16,-5.219,-1.165,81.015,1.283,-0.855,-0.435,1.182,0.081,-10.221,3.502,-3.502,59.529,22.054
13435,16,-4.216,-1.837,81.437,1.283,-0.855,-0.306,1.182,0.081,-10.221,2.707,-2.707,58.676,22.907
13436,16,-3.609,-2.320,81.667,1.186,-0.872,-0.306,1.134,-0.096,-10.317,0.378,-0.378,54.379,27.691
13437,16,-3.276,-2.527,81.778,1.186,-0.872,-0.306,0.967,-0.124,-10.341,-0.056,0.056,53.896,28.174
13438,16,-2.659,-2.955,81.958,1.163,-0.805,-0.233,0.967,-0.124,-10.341,-1.663,1.663,50.216,29.937
13439,16,-1.830,-3.561,82.192,1.163,-0.805,-0.161,0.967,-0.124,-10.341,-2.448,2.448,49.328,30.825
13440,16,-1.398,-3.932,82.316,0.855,-0.692,-0.161,0.613,-0.301,-10.456,-2.749,2.749,44.835,32.092
13441,16,-1.172,-4.107,82.377,0.855,-0.692,-0.161,0.536,-0.464,-10.451,-3.066,3.066,44.469,32.457
13442,16,-0.824,-4.395,82.458,0.693,-0.552,-0.091,0.536,-0.464,-10.451,-3.632,3.632,40.128,32.781
13443,16,-0.373,-4.789,82.560,0.693,-0.552,-0.034,0.536,-0.464,-10.451,-4.138,4.138,39.537,33.372
13444,16,-0.163,-4.993,82.603,0.420,-0.423,-0.034,0.306,-0.651,-10.341,-3.930,3.930,35.751,33.475
13445,16,-0.072,-5.111,82.626,0.420,-0.423,-0.034,0.292,-0.761,-10.235,-4.065,4.065,35.592,33.634
13446,16,0.036,-5.245,82.668,0.256,-0.278,-0.025,0.292,-0.761,-10.235,-3.526,3.526,33.092,31.995
13447,16,0.155,-5.414,82.734,0.256,-0.278,-0.056,0.292,-0.761,-10.235,-3.712,3.712,32.872,32.215
13448,16,0.183,-5.464,82.787,0.085,-0.156,-0.056,0.220,-0.842,-10.154,-2.496,2.496,31.878,29.708
13449,16,0.178,-5.512,82.817,0.085,-0.156,-0.056,0.220,-0.842,-10.154,-2.488,2.488,31.888,29.699
13450,16,0.167,-5.552,82.879,0.085,-0.156,-0.056,0.220,-0.890,-10.078,-2.472,2.472,31.906,29.680
13451,16,0.113,-5.570,82.986,-0.011,-0.052,-0.091,0.220,-0.890,-10.078,-1.530,1.530,31.325,27.309
13452,16,0.026,-5.533,83.062,-0.138,-0.005,-0.107,0.196,-0.933,-9.934,-0.515,0.515,31.265,26.030
13453,16,-0.047,-5.549,83.103,-0.138,-0.005,-0.107,0.196,-0.933,-9.934,-0.405,0.405,31.395,25.900
13454,16,-0.178,-5.540,83.186,-0.138,-0.005,-0.107,0.244,-0.857,-9.752,-0.207,0.207,31.629,25.666
13455,16,-0.406,-5.525,83.314,-0.224,-0.006,-0.121,0.244,-0.857,-9.752,0.584,-0.584,32.229,25.097
13456,16,-0.509,-5.498,83.408,-0.193,-0.034,-0.142,0.407,-0.785,-9.676,1.001,-1.001,33.508,24.609
13457,16,-0.603,-5.538,83.455,-0.193,-0.034,-0.142,0.407,-0.785,-9.676,1.144,-1.144,33.677,24.439
13458,16,-0.716,-5.558,83.552,-0.193,-0.034,-0.142,0.479,-0.809,-9.685,1.315,-1.315,33.879,24.237
13459,16,106.965,-45.654,-43.049,0.842,2.661,-0.441,-7.288,-7.340,0.694,-31.195,31.195,-98.877,-20.928
13460,16,106.241,-45.806,-41.655,0.842,2.661,-0.441,-7.288,-7.340,0.694,-31.195,31.195,-96.097,-18.148
13461,16,105.393,-46.401,-39.889,0.842,2.661,-0.441,-7.168,-7.690,0.254,-31.195,31.195,-95.237,-17.288
13462,16,104.157,-47.238,-37.405,0.700,2.267,-0.492,-7.168,-7.690,0.254,-29.847,29.847,-87.912,-12.520
13463,16,103.633,-47.843,-36.358,0.500,1.815,-0.513,-6.929,-7.986,-0.129,-28.580,28.580,-79.539,-5.212
13464,16,103.083,-47.975,-35.385,0.500,1.815,-0.513,-6.929,-7.986,-0.129,-28.580,28.580,-78.901,-4.574
13465,16,102.422,-48.444,-34.155,0.500,1.815,-0.513,-6.618,-8.221,0.120,-28.580,28.580,-78.184,-3.856
13466,16,101.541,-49.135,-32.518,0.418,1.434,-0.574,-6.618,-8.221,0.120,-27.411,27.411,-70.869,0.422
13467,16,101.164,-49.691,-31.700,0.395,1.391,-0.616,-6.144,-8.159,0.100,-26.780,26.780,-68.228,0.986
13468,16,100.635,-49.839,-30.900,0.395,1.391,-0.616,-6.144,-8.159,0.100,-26.780,26.780,-67.598,1.615
13469,16,99.967,-50.283,-29.755,0.395,1.391,-0.616,-5.953,-7.929,-0.325,-26.780,26.780,-66.832,2.382
13470,16,98.867,-50.904,-27.943,0.379,1.469,-0.532,-5.953,-7.929,-0.325,-27.752,27.752,-69.565,3.856
13471,16,98.418,-51.394,-27.024,0.480,1.458,-0.479,-5.795,-7.824,-0.431,-28.910,28.910,-69.398,6.634
13472,16,97.813,-51.463,-26.101,0.480,1.458,-0.479,-5.795,-7.824,-0.431,-28.910,28.910,-68.647,7.384
13473,16,97.128,-51.803,-24.910,0.480,1.458,-0.479,-5.603,-7.910,-0.354,-28.910,28.910,-67.819,8.213
13474,16,96.131,-52.277,-23.180,0.478,1.325,-0.430,-5.603,-7.910,-0.354,-29.512,29.512,-66.740,11.741
13475,16,95.716,-52.647,-22.455,0.316,1.071,-0.413,-5.465,-8.049,-0.297,-28.915,28.915,-62.211,17.123
13476,16,95.246,-52.700,-21.776,0.316,1.071,-0.413,-5.465,-8.049,-0.297,-28.915,28.915,-61.618,17.715
13477,16,94.662,-52.967,-20.945,0.316,1.071,-0.413,-5.292,-8.111,-0.335,-28.915,28.915,-60.892,18.441
13478,16,93.803,-53.357,-19.862,0.060,0.815,-0.409,-5.292,-8.111,-0.335,-27.685,27.685,-56.994,22.553
13479,16,93.409,-53.640,-19.411,-0.047,0.615,-0.417,-5.192,-8.159,-0.569,-27.059,27.059,-52.731,26.443
13480,16,93.064,-53.736,-19.053,-0.047,0.615,-0.417,-5.192,-8.159,-0.569,-27.059,27.059,-52.293,26.881
13481,16,92.624,-53.987,-18.573,-0.047,0.615,-0.417,-5.034,-8.235,-0.670,-27.059,27.059,-51.737,27.437
13482,16,92.059,-54.364,-17.959,-0.025,0.458,-0.427,-5.034,-8.235,-0.670,-27.038,27.038,-49.003,29.638
13483,16,91.793,-54.597,-17.661,-0.017,0.344,-0.396,-4.886,-8.163,-0.636,-27.461,27.461,-47.322,32.864
13484,16,91.622,-54.712,-17.499,-0.017,0.344,-0.396,-4.886,-8.163,-0.636,-27.461,27.461,-47.103,33.083
13485,16,91.322,-54.946,-17.181,-0.017,0.344,-0.396,-4.886,-8.163,-0.780,-27.461,27.461,-46.720,33.466
13486,16,90.989,-55.240,-16.856,-0.018,0.240,-0.336,-4.718,-8.202,-0.780,-28.215,28.215,-46.608,36.615
13487,16,90.791,-55.407,-16.652,-0.018,0.240,-0.336,-4.603,-8.302,-0.780,-28.215,28.215,-46.062,37.160
13488,16,90.757,-55.508,-16.644,-0.004,0.110,-0.284,-4.603,-8.302,-0.833,-28.923,28.923,-45.441,40.337
13489,16,90.641,-55.681,-16.546,-0.004,0.110,-0.284,-4.603,-8.302,-0.842,-28.923,28.923,-45.291,40.487
13490,16,90.662,-55.903,-16.652,-0.015,-0.065,-0.245,-4.532,-8.422,-0.842,-29.363,29.363,-43.790,43.959
13491,16,90.638,-55.993,-16.669,-0.015,-0.065,-0.245,-4.536,-8.350,-0.842,-29.363,29.363,-43.779,43.970
13492,16,90.792,-56.114,-16.889,-0.022,-0.199,-0.221,-4.536,-8.350,-0.742,-29.632,29.632,-42.676,46.299
13493,16,90.916,-56.253,-17.092,-0.022,-0.199,-0.221,-4.536,-8.350,-0.546,-29.632,29.632,-42.840,46.135
13494,16,91.198,-56.447,-17.507,-0.015,-0.275,-0.208,-4.575,-8.355,-0.546,-29.829,29.829,-42.199,47.415
13495,16,91.278,-56.518,-17.641,-0.015,-0.275,-0.208,-4.680,-8.293,-0.546,-29.829,29.829,-42.554,47.059
13496,16,91.482,-56.636,-17.903,0.015,-0.252,-0.197,-4.680,-8.293,-0.330,-30.111,30.111,-43.409,46.737
13497,16,91.675,-56.760,-18.159,0.015,-0.252,-0.197,-4.680,-8.293,-0.244,-30.111,30.111,-43.664,46.482
13498,16,91.872,-56.932,-18.432,0.020,-0.180,-0.179,-4.651,-8.341,-0.244,-30.364,30.364,-45.236,45.816
13499,16,91.907,-57.010,-18.495,0.020,-0.180,-0.179,-4.646,-8.475,-0.244,-30.364,30.364,-45.462,45.589
13500,16,92.015,-57.101,-18.636,0.021,-0.111,-0.169,-4.646,-8.475,-0.196,-30.489,30.489,-46.834,44.697
13501,16,92.051,-57.181,-18.684,0.021,-0.111,-0.169,-4.646,-8.475,-0.191,-30.489,30.489,-46.883,44.648
13502,16,92.117,-57.370,-18.809,0.022,-0.039,-0.161,-4.699,-8.446,-0.191,-30.601,30.601,-48.180,43.778
13503,16,92.104,-57.432,-18.818,0.022,-0.039,-0.161,-4.800,-8.384,-0.191,-30.601,30.601,-48.191,43.767
13504,16,92.103,-57.535,-18.767,0.099,0.050,-0.164,-4.800,-8.384,-0.167,-30.945,30.945,-49.390,42.407
13505,16,92.071,-57.636,-18.693,0.099,0.050,-0.164,-4.800,-8.384,-0.225,-30.945,30.945,-49.349,42.448
13506,16,91.980,-57.810,-18.470,0.172,0.151,-0.161,-4.838,-8.460,-0.225,-31.347,31.347,-50.850,41.107
13507,16,91.939,-57.868,-18.388,0.172,0.151,-0.161,-4.685,-8.460,-0.225,-31.347,31.347,-50.705,41.252
13508,16,91.863,-57.978,-18.202,0.178,0.177,-0.170,-4.685,-8.776,-0.234,-31.259,31.259,-50.733,40.745
13509,16,91.786,-58.098,-18.031,0.178,0.177,-0.170,-4.685,-8.776,-0.234,-31.259,31.259,-50.632,40.846
13510,16,91.730,-58.254,-17.865,0.148,0.100,-0.158,-4.469,-8.987,-0.225,-31.270,31.270,-49.827,42.290
13511,16,91.709,-58.310,-17.811,0.148,0.100,-0.158,-4.460,-8.838,-0.225,-31.270,31.270,-49.757,42.360
13512,16,91.725,-58.360,-17.805,0.084,0.012,-0.060,-4.460,-8.838,-0.110,-32.175,32.175,-50.967,46.050
13513,16,91.729,-58.406,-17.783,0.084,0.012,-0.060,-4.460,-8.838,-0.110,-32.175,32.175,-50.973,46.044
13514,16,91.755,-58.426,-17.802,0.067,-0.001,0.015,-4.632,-8.733,0.038,-33.022,33.022,-52.670,48.075
13515,16,91.762,-58.430,-17.804,0.067,-0.001,0.015,-4.852,-8.618,0.038,-33.022,33.022,-52.699,48.047
13516,16,91.725,-58.447,-17.733,0.091,0.075,0.005,-4.852,-8.618,0.167,-33.019,33.019,-53.491,46.775
13517,16,91.694,-58.471,-17.674,0.091,0.075,0.005,-4.852,-8.618,0.167,-33.019,33.019,-53.449,46.817
13518,16,91.564,-58.565,-17.417,0.152,0.166,-0.085,-4.967,-8.608,0.378,-32.196,32.196,-52.428,43.311
13519,16,91.501,-58.610,-17.325,0.152,0.166,-0.085,-5.000,-8.508,0.378,-32.196,32.196,-52.240,43.499
13520,16,91.370,-58.721,-17.079,0.164,0.255,-0.181,-5.000,-8.508,0.340,-31.057,31.057,-50.933,40.012
13521,16,91.239,-58.851,-16.856,0.164,0.255,-0.181,-5.000,-8.508,0.340,-31.057,31.057,-50.760,40.185
13522,16,90.877,-59.071,-16.357,0.125,0.319,-0.245,-4.886,-8.431,0.225,-30.061,30.061,-49.898,37.852
13523,16,90.704,-59.171,-16.171,0.125,0.319,-0.245,-4.737,-8.408,0.225,-30.061,30.061,-49.364,38.385
13524,16,90.484,-59.326,-15.842,0.107,0.356,-0.295,-4.737,-8.408,0.081,-29.344,29.344,-48.352,36.894
13525,16,90.229,-59.514,-15.511,0.107,0.356,-0.295,-4.737,-8.408,0.081,-29.344,29.344,-48.012,37.234
13526,16,89.791,-59.791,-14.919,0.141,0.370,-0.323,-4.608,-8.350,0.000,-29.168,29.168,-47.300,36.561
13527,16,89.649,-59.886,-14.726,0.141,0.370,-0.323,-4.565,-8.384,0.000,-29.168,29.168,-46.741,37.121
13528,16,89.378,-60.070,-14.326,0.185,0.381,-0.317,-4.565,-8.384,-0.134,-29.459,29.459,-46.677,37.450
13529,16,89.122,-60.265,-13.956,0.185,0.381,-0.317,-4.565,-8.384,-0.134,-29.459,29.459,-46.331,37.796
13530,16,88.669,-60.516,-13.302,0.185,0.393,-0.307,-4.536,-8.494,-0.230,-29.592,29.592,-46.383,38.278
13531,16,88.528,-60.603,-13.098,0.185,0.393,-0.307,-4.469,-8.647,-0.230,-29.592,29.592,-45.962,38.699
13532,16,88.247,-60.783,-12.689,0.192,0.376,-0.323,-4.469,-8.647,-0.368,-29.424,29.424,-44.938,38.923
13533,16,87.977,-60.974,-12.307,0.192,0.376,-0.323,-4.469,-8.647,-0.368,-29.424,29.424,-44.570,39.291
13534,16,87.600,-61.238,-11.746,0.182,0.330,-0.328,-4.479,-8.570,-0.373,-29.310,29.310,-44.263,39.332
13535,16,87.473,-61.328,-11.561,0.182,0.330,-0.328,-4.469,-8.608,-0.373,-29.310,29.310,-43.096,40.499
13536,16,87.244,-61.496,-11.252,0.140,0.285,-0.305,-4.469,-8.608,-0.407,-29.389,29.389,-42.728,42.039
13537,16,87.005,-61.663,-10.938,0.140,0.285,-0.305,-4.469,-8.608,-0.407,-29.389,29.389,-42.400,42.366
13538,16,86.637,-61.902,-10.506,0.079,0.259,-0.294,-4.431,-8.704,-0.483,-29.219,29.219,-42.507,42.792
13539,16,86.517,-61.981,-10.363,0.079,0.259,-0.294,-4.354,-8.752,-0.483,-29.219,29.219,-41.617,43.683
13540,16,86.302,-62.144,-10.130,0.051,0.208,-0.296,-4.354,-8.752,-0.541,-29.054,29.054,-40.536,44.657
13541,16,86.074,-62.295,-9.875,0.051,0.208,-0.296,-4.354,-8.752,-0.541,-31.554,31.554,-40.221,44.972
13542,16,85.868,-62.552,-9.669,0.046,0.134,-0.299,-4.297,-8.843,-0.517,-31.487,31.487,-40.059,44.974
13543,16,85.799,-62.635,-9.600,0.046,0.134,-0.299,-4.283,-8.809,-0.517,-31.487,31.487,-38.706,46.327
13544,16,85.701,-62.783,-9.496,0.054,0.095,-0.265,-4.283,-8.809,-0.469,-31.956,31.956,-38.857,47.880
13545,16,85.563,-62.908,-9.344,0.054,0.095,-0.265,-4.283,-8.809,-0.469,-31.956,31.956,-38.665,48.073
13546,16,85.531,-63.115,-9.330,0.046,0.046,-0.222,-4.230,-8.953,-0.435,-32.459,32.459,-39.770,49.151
13547,16,85.509,-63.179,-9.310,0.046,0.046,-0.222,-4.158,-9.058,-0.435,-32.459,32.459,-38.974,49.947
13548,16,85.520,-63.280,-9.347,0.023,-0.016,-0.180,-4.158,-9.058,-0.426,-32.867,32.867,-39.142,51.857
13549,16,85.478,-63.359,-9.321,0.023,-0.016,-0.180,-4.158,-9.058,-0.426,-32.867,32.867,-39.082,51.917
13550,16,85.600,-63.476,-9.510,-0.007,-0.079,-0.128,-4.125,-9.116,-0.392,-33.365,33.365,-40.513,53.095
13551,16,85.670,-63.542,-9.627,-0.007,-0.079,-0.128,-4.130,-9.101,-0.392,-33.365,33.365,-39.746,53.862
13552,16,85.791,-63.577,-9.820,-0.031,-0.124,-0.048,-4.130,-9.101,-0.392,-34.246,34.246,-41.269,56.334
13553,16,85.845,-63.585,-9.928,-0.031,-0.124,-0.048,-4.130,-9.101,-0.392,-34.246,34.246,-41.343,56.260
13554,16,86.068,-63.586,-10.265,-0.036,-0.137,0.026,-4.216,-8.967,-0.426,-35.138,35.138,-43.352,57.926
13555,16,86.164,-63.603,-10.411,-0.036,-0.137,0.026,-4.283,-8.943,-0.426,-35.138,35.138,-43.419,57.860
13556,16,86.298,-63.575,-10.599,-0.000,-0.119,0.064,-4.283,-8.943,-0.464,-35.799,35.799,-44.822,58.374
13557,16,86.374,-63.558,-10.695,-0.000,-0.119,0.064,-4.283,-8.943,-0.464,-35.799,35.799,-44.926,58.270
13558,16,86.584,-63.480,-10.969,0.037,-0.082,0.086,-4.311,-8.915,-0.450,-36.079,36.079,-45.632,58.682
13559,16,86.646,-63.462,-11.047,0.037,-0.082,0.086,-4.278,-8.953,-0.450,-36.265,36.265,-46.392,57.922
13560,16,86.734,-63.416,-11.144,0.049,-0.061,0.092,-4.278,-8.953,-0.416,-36.390,36.390,-46.951,57.629
13561,16,86.798,-63.388,-11.208,0.049,-0.061,0.092,-4.278,-8.953,-0.416,-36.390,36.390,-47.040,57.541
13562,16,86.945,-63.302,-11.408,0.023,-0.069,0.093,-4.254,-8.939,-0.388,-36.403,36.403,-47.162,57.472
13563,16,86.992,-63.280,-11.468,0.023,-0.069,0.093,-4.273,-8.886,-0.388,-36.276,36.276,-47.213,57.421
13564,16,87.094,-63.241,-11.605,0.010,-0.095,0.085,-4.273,-8.886,-0.306,-36.113,36.113,-46.801,57.461
13565,16,87.163,-63.217,-11.687,0.010,-0.095,0.085,-4.273,-8.886,-0.306,-36.113,36.113,-46.896,57.365
13566,16,87.316,-63.129,-11.936,-0.020,-0.097,0.091,-4.321,-8.771,-0.206,-36.180,36.180,-47.137,57.390
13567,16,87.380,-63.116,-12.033,-0.020,-0.097,0.091,-4.316,-8.814,-0.206,-36.031,36.031,-47.298,57.230
13568,16,87.447,-63.082,-12.158,-0.034,-0.087,0.075,-4.316,-8.814,-0.148,-35.762,35.762,-47.128,56.601
13569,16,87.485,-63.064,-12.227,-0.034,-0.087,0.075,-4.316,-8.814,-0.148,-35.762,35.762,-47.180,56.549
13570,16,87.547,-63.004,-12.385,-0.027,-0.038,0.060,-4.273,-8.747,-0.110,-35.575,35.575,-46.865,56.117
13571,16,87.561,-62.997,-12.428,-0.027,-0.038,0.060,-4.225,-8.786,-0.110,-35.613,35.613,-47.611,55.371
13572,16,87.541,-62.967,-12.429,0.004,0.016,0.062,-4.225,-8.786,-0.163,-35.794,35.794,-48.415,54.675
13573,16,87.529,-62.954,-12.430,0.004,0.016,0.062,-4.225,-8.786,-0.163,-35.794,35.794,-48.398,54.692
13574,16,87.479,-62.894,-12.405,0.025,0.047,0.072,-4.297,-8.695,-0.182,-35.927,35.927,-48.627,54.995
13575,16,87.441,-62.867,-12.366,0.025,0.047,0.072,-4.364,-8.656,-0.182,-36.028,36.028,-48.987,54.635
13576,16,87.403,-62.823,-12.336,0.019,0.045,0.086,-4.364,-8.656,-0.215,-36.174,36.174,-49.252,55.062
13577,16,87.389,-62.799,-12.326,0.019,0.045,0.086,-4.364,-8.656,-0.215,-36.174,36.174,-49.234,55.080
13578,16,87.352,-62.719,-12.344,-0.017,0.018,0.092,-4.431,-8.570,-0.359,-36.241,36.241,-49.322,55.259
13579,16,87.307,-62.686,-12.318,-0.017,0.018,0.092,-4.431,-8.570,-0.359,-36.060,36.060,-48.876,55.705
13580,16,87.300,-62.639,-12.353,-0.023,-0.011,0.091,-4.431,-8.570,-0.474,-36.015,36.015,-48.430,56.097
13581,16,87.304,-62.615,-12.377,-0.023,-0.011,0.091,-4.431,-8.570,-0.474,-36.015,36.015,-48.436,56.091
13582,16,87.355,-62.528,-12.511,-0.027,-0.046,0.086,-4.421,-8.637,-0.507,-36.015,36.015,-48.453,56.075
13583,16,87.359,-62.507,-12.543,-0.027,-0.046,0.086,-4.460,-8.628,-0.507,-35.945,35.945,-47.905,56.410
13584,16,87.433,-62.461,-12.667,-0.027,-0.093,0.093,-4.460,-8.628,-0.536,-36.025,36.025,-47.496,57.138
13585,16,87.472,-62.439,-12.731,-0.027,-0.093,0.093,-4.460,-8.628,-0.536,-36.025,36.025,-47.550,57.084
13586,16,87.679,-62.336,-13.030,-0.017,-0.128,0.094,-4.532,-8.585,-0.574,-36.025,36.025,-47.690,56.944
13587,16,87.746,-62.321,-13.127,-0.017,-0.128,0.094,-4.488,-8.661,-0.574,-36.087,36.087,-47.449,57.238
13588,16,87.900,-62.282,-13.331,-0.015,-0.161,0.084,-4.488,-8.661,-0.589,-35.977,35.977,-46.948,57.260
13589,16,87.970,-62.260,-13.428,-0.015,-0.161,0.084,-4.488,-8.661,-0.589,-35.977,35.977,-47.044,57.163
13590,16,88.308,-62.143,-13.891,-0.037,-0.225,0.100,-4.469,-8.680,-0.550,-35.977,35.977,-47.289,56.919
13591,16,88.445,-62.140,-14.074,-0.037,-0.225,0.100,-4.484,-8.675,-0.550,-36.065,36.065,-47.178,57.829
13592,16,88.718,-62.073,-14.449,-0.069,-0.309,0.132,-4.484,-8.675,-0.392,-36.305,36.305,-47.146,59.458
13593,16,88.854,-62.042,-14.634,-0.069,-0.309,0.132,-4.484,-8.675,-0.392,-36.305,36.305,-47.332,59.273
13594,16,89.425,-61.845,-15.406,-0.070,-0.380,0.161,-4.536,-8.604,-0.182,-36.305,36.305,-47.754,58.851
13595,16,89.672,-61.838,-15.726,-0.070,-0.380,0.161,-4.608,-8.575,-0.182,-36.659,36.659,-48.143,59.899
13596,16,90.043,-61.746,-16.203,-0.060,-0.405,0.169,-4.608,-8.575,-0.057,-36.819,36.819,-48.510,59.959
13597,16,90.224,-61.700,-16.437,-0.060,-0.405,0.169,-4.608,-8.575,-0.057,-36.819,36.819,-48.755,59.714
13598,16,90.868,-61.503,-17.261,-0.036,-0.393,0.138,-4.603,-8.661,-0.010,-36.819,36.819,-49.255,59.214
13599,16,91.143,-61.500,-17.595,-0.036,-0.393,0.138,-4.632,-8.661,-0.010,-36.550,36.550,-49.395,57.530
13600,16,91.456,-61.415,-17.957,-0.010,-0.380,0.096,-4.632,-8.661,0.077,-36.150,36.150,-48.935,55.858
13601,16,91.692,-61.418,-18.257,-0.010,-0.380,0.096,-4.632,-8.661,0.077,-36.150,36.150,-49.255,55.538
13602,16,92.224,-61.337,-18.903,-0.044,-0.360,0.071,-4.637,-8.666,0.263,-36.150,36.150,-49.723,55.071
13603,16,92.521,-61.304,-19.302,-0.044,-0.360,0.071,-4.651,-8.613,0.263,-35.674,35.674,-50.052,53.517
13604,16,92.727,-61.246,-19.581,-0.069,-0.309,0.043,-4.651,-8.613,0.445,-35.186,35.186,-50.340,51.790
13605,16,92.913,-61.264,-19.842,-0.069,-0.309,0.043,-4.651,-8.613,0.445,-35.186,35.186,-50.593,51.537
13606,16,93.230,-61.244,-20.271,-0.045,-0.218,0.005,-4.670,-8.542,0.555,-35.186,35.186,-50.890,51.241
13607,16,93.414,-61.238,-20.529,-0.045,-0.218,0.005,-4.646,-8.446,0.555,-34.843,34.843,-51.631,48.636
13608,16,93.482,-61.242,-20.610,0.003,-0.095,-0.022,-4.646,-8.446,0.598,-34.736,34.736,-52.796,46.085
13609,16,93.548,-61.259,-20.699,0.003,-0.095,-0.022,-4.646,-8.446,0.598,-34.736,34.736,-52.886,45.995
13610,16,93.591,-61.291,-20.741,0.040,0.022,-0.036,-4.613,-8.441,0.493,-34.736,34.736,-52.950,45.931
13611,16,93.592,-61.315,-20.725,0.040,0.022,-0.036,-4.637,-8.513,0.493,-34.750,34.750,-54.275,43.914
13612,16,93.558,-61.344,-20.667,0.054,0.072,-0.031,-4.637,-8.513,0.311,-34.885,34.885,-55.078,43.378
13613,16,93.522,-61.346,-20.611,0.054,0.072,-0.031,-4.637,-8.513,0.311,-34.885,34.885,-55.029,43.426
13614,16,93.463,-61.378,-20.516,0.049,0.063,-0.025,-4.675,-8.675,0.134,-34.885,34.885,-54.976,43.479
13615,16,93.425,-61.395,-20.452,0.049,0.063,-0.025,-4.718,-8.742,0.134,-34.939,34.939,-54.922,43.853
13616,16,93.421,-61.416,-20.438,0.034,0.015,-0.035,-4.718,-8.742,0.124,-34.731,34.731,-53.966,44.276
13617,16,93.424,-61.429,-20.439,0.034,0.015,-0.035,-4.718,-8.742,0.124,-34.731,34.731,-53.970,44.272
13618,16,93.461,-61.464,-20.489,0.004,-0.035,-0.043,-4.737,-8.704,0.211,-34.731,34.731,-53.999,44.243
13619,16,93.499,-61.486,-20.541,0.004,-0.035,-0.043,-4.694,-8.680,0.211,-34.489,34.489,-53.172,44.697
13620,16,93.539,-61.499,-20.594,-0.007,-0.062,-0.045,-4.694,-8.680,0.292,-34.403,34.403,-52.792,44.971
13621,16,93.589,-61.522,-20.670,-0.007,-0.062,-0.045,-4.694,-8.680,0.292,-34.403,34.403,-52.862,44.901
13622,16,93.681,-61.561,-20.801,-0.005,-0.071,-0.046,-4.565,-8.747,0.306,-34.403,34.403,-52.949,44.814
13623,16,93.763,-61.582,-20.905,-0.005,-0.071,-0.046,-4.469,-8.723,0.306,-34.401,34.401,-52.935,44.775
13624,16,93.808,-61.580,-20.961,0.011,-0.081,-0.020,-4.469,-8.723,0.239,-34.800,34.800,-53.498,45.490
13625,16,93.893,-61.598,-21.058,0.011,-0.081,-0.020,-4.469,-8.723,0.239,-34.800,34.800,-53.614,45.374
13626,16,94.036,-61.594,-21.225,0.014,-0.093,0.015,-4.388,-8.723,0.244,-34.800,34.800,-53.738,45.250
13627,16,94.129,-61.584,-21.335,0.014,-0.093,0.015,-4.407,-8.618,0.244,-35.256,35.256,-54.645,46.100
13628,16,94.202,-61.548,-21.435,-0.009,-0.101,0.047,-4.407,-8.618,0.254,-35.543,35.543,-55.420,46.924
13629,16,94.269,-61.545,-21.519,-0.009,-0.101,0.047,-4.407,-8.618,0.254,-35.543,35.543,-55.511,46.833
13630,16,94.400,-61.492,-21.697,-0.015,-0.103,0.066,-4.503,-8.494,0.249,-35.543,35.543,-55.631,46.713
13631,16,94.487,-61.455,-21.817,-0.015,-0.103,0.066,-4.646,-8.503,0.249,-35.751,35.751,-56.252,47.051
13632,16,94.563,-61.413,-21.914,-0.003,-0.105,0.059,-4.646,-8.503,0.230,-35.716,35.716,-56.135,46.794
13633,16,94.631,-61.405,-21.997,-0.003,-0.105,0.059,-4.646,-8.503,0.230,-35.716,35.716,-56.228,46.702
13634,16,94.788,-61.372,-22.188,-0.000,-0.117,0.025,-4.752,-8.618,0.230,-35.716,35.716,-56.365,46.564
13635,16,94.900,-61.357,-22.323,-0.000,-0.117,0.025,-4.685,-8.733,0.230,-35.306,35.306,-55.571,45.654
13636,16,94.964,-61.345,-22.425,-0.031,-0.143,-0.023,-4.685,-8.733,0.215,-34.553,34.553,-54.093,44.735
13637,16,95.077,-61.371,-22.569,-0.031,-0.143,-0.023,-4.685,-8.733,0.215,-34.553,34.553,-54.246,44.582
13638,16,95.280,-61.399,-22.859,-0.061,-0.177,-0.051,-4.560,-8.719,0.273,-34.553,34.553,-54.426,44.402
13639,16,95.422,-61.420,-23.067,-0.061,-0.177,-0.051,-4.484,-8.623,0.273,-34.057,34.057,-53.536,43.907
13640,16,95.508,-61.407,-23.203,-0.056,-0.183,-0.029,-4.484,-8.623,0.364,-34.358,34.358,-54.121,44.441
13641,16,95.644,-61.439,-23.382,-0.056,-0.183,-0.029,-4.484,-8.623,0.364,-34.358,34.358,-54.306,44.256
13642,16,95.859,-61.438,-23.657,-0.004,-0.150,0.000,-4.460,-8.628,0.464,-34.358,34.358,-54.500,44.062
13643,16,96.001,-61.434,-23.827,-0.004,-0.150,0.000,-4.498,-8.585,0.464,-34.979,34.979,-55.980,44.020
13644,16,96.085,-61.412,-23.910,0.036,-0.116,0.012,-4.498,-8.585,0.579,-35.328,35.328,-56.871,43.714
13645,16,96.198,-61.418,-24.024,0.036,-0.116,0.012,-4.498,-8.585,0.579,-35.328,35.328,-57.025,43.561
13646,16,96.376,-61.401,-24.195,0.042,-0.097,0.016,-4.565,-8.489,0.632,-35.328,35.328,-57.184,43.401
13647,16,96.489,-61.390,-24.305,0.042,-0.097,0.016,-4.565,-8.479,0.632,-35.407,35.407,-57.798,43.001
13648,16,96.556,-61.369,-24.376,0.025,-0.096,0.016,-4.565,-8.479,0.651,-35.322,35.322,-57.903,42.896
13649,16,96.647,-61.374,-24.468,0.025,-0.096,0.016,-4.565,-8.479,0.651,-35.322,35.322,-58.026,42.773
13650,16,96.793,-61.358,-24.634,0.000,-0.099,0.013,-4.575,-8.508,0.613,-35.322,35.322,-58.134,42.665
13651,16,96.889,-61.346,-24.746,0.000,-0.099,0.013,-4.622,-8.522,0.613,-35.160,35.160,-58.226,42.413
13652,16,96.931,-61.340,-24.798,-0.013,-0.086,0.016,-4.622,-8.522,0.584,-35.136,35.136,-58.546,42.253
13653,16,97.003,-61.326,-24.895,-0.013,-0.086,0.016,-4.622,-8.522,0.584,-35.136,35.136,-58.642,42.157
13654,16,97.093,-61.312,-25.017,-0.014,-0.064,0.017,-4.689,-8.537,0.536,-35.136,35.136,-58.719,42.080
13655,16,97.144,-61.297,-25.088,-0.014,-0.064,0.017,-4.776,-8.561,0.536,-35.144,35.144,-59.178,41.674
13656,16,97.170,-61.296,-25.112,0.010,-0.051,-0.005,-4.776,-8.561,0.464,-34.981,34.981,-58.836,40.898
13657,16,97.226,-61.298,-25.176,0.010,-0.051,-0.005,-4.776,-8.561,0.464,-34.981,34.981,-58.912,40.822
13658,16,97.331,-61.319,-25.287,0.015,-0.072,-0.042,-4.776,-8.580,0.493,-34.981,34.981,-58.977,40.757
13659,16,97.418,-61.336,-25.381,0.015,-0.072,-0.042,-4.776,-8.675,0.493,-34.555,34.555,-57.964,39.959
13660,16,97.473,-61.356,-25.453,-0.010,-0.116,-0.076,-4.680,-8.675,0.541,-34.007,34.007,-56.562,39.656
13661,16,97.591,-61.389,-25.595,-0.010,-0.116,-0.076,-4.680,-8.675,0.541,-34.007,34.007,-56.724,39.494
13662,16,97.780,-61.436,-25.830,-0.033,-0.153,-0.075,-4.680,-8.675,0.541,-34.007,34.007,-56.833,39.386
13663,16,97.924,-61.467,-26.020,-0.033,-0.153,-0.075,-4.555,-8.647,0.613,-33.903,33.903,-56.673,39.598
13664,16,97.989,-61.484,-26.110,-0.033,-0.153,-0.075,-4.474,-8.642,0.660,-33.903,33.903,-56.763,39.509
13665,16,98.148,-61.500,-26.318,-0.036,-0.173,-0.052,-4.474,-8.642,0.660,-34.166,34.166,-57.265,40.125
13666,16,98.385,-61.517,-26.624,-0.026,-0.167,-0.033,-4.474,-8.642,0.660,-34.166,34.166,-57.427,39.963
13667,16,98.540,-61.523,-26.819,-0.026,-0.167,-0.033,-4.474,-8.585,0.636,-34.459,34.459,-58.352,39.996
13668,16,98.628,-61.523,-26.924,-0.026,-0.167,-0.033,-4.484,-8.585,0.675,-34.459,34.459,-58.471,39.878
13669,16,98.768,-61.518,-27.099,-0.012,-0.156,-0.005,-4.484,-8.585,0.675,-34.875,34.875,-59.520,40.214
13670,16,98.985,-61.500,-27.368,-0.021,-0.164,0.012,-4.484,-8.585,0.675,-34.875,34.875,-59.674,40.060
13671,16,99.139,-61.479,-27.560,-0.021,-0.164,0.012,-4.493,-8.675,0.713,-35.040,35.040,-60.324,40.262
13672,16,99.215,-61.469,-27.651,-0.021,-0.164,0.012,-4.498,-8.704,0.780,-35.040,35.040,-60.425,40.161
13673,16,99.364,-61.450,-27.852,-0.035,-0.177,0.016,-4.498,-8.704,0.780,-35.024,35.024,-60.549,40.250
13674,16,99.589,-61.418,-28.146,-0.036,-0.177,0.011,-4.498,-8.704,0.780,-35.024,35.024,-60.705,40.094
13675,16,99.744,-61.400,-28.348,-0.036,-0.177,0.011,-4.517,-8.647,0.828,-34.952,34.952,-60.927,39.606
13676,16,99.820,-61.386,-28.446,-0.036,-0.177,0.011,-4.546,-8.585,0.837,-34.952,34.952,-61.029,39.504
13677,16,99.965,-61.375,-28.632,-0.026,-0.167,0.001,-4.546,-8.585,0.837,-34.885,34.885,-61.121,38.933
13678,16,100.194,-61.356,-28.916,-0.020,-0.157,-0.002,-4.546,-8.585,0.837,-34.885,34.885,-61.245,38.808
13679,16,100.333,-61.345,-29.093,-0.020,-0.157,-0.002,-4.555,-8.585,0.857,-34.872,34.872,-61.688,38.205
13680,16,100.409,-61.338,-29.187,-0.020,-0.157,-0.002,-4.508,-8.671,0.914,-34.872,34.872,-61.790,38.104
13681,16,100.550,-61.328,-29.362,-0.018,-0.157,-0.006,-4.508,-8.671,0.914,-34.830,34.830,-61.873,37.807
13682,16,100.765,-61.319,-29.637,-0.042,-0.162,-0.016,-4.508,-8.671,0.914,-34.830,34.830,-61.983,37.697
13683,16,100.905,-61.313,-29.827,-0.042,-0.162,-0.016,-4.436,-8.742,0.933,-34.593,34.593,-62.036,37.165
13684,16,100.978,-61.310,-29.924,-0.042,-0.162,-0.016,-4.369,-8.723,0.981,-34.593,34.593,-62.134,37.067
13685,16,101.093,-61.303,-30.116,-0.088,-0.168,-0.013,-4.369,-8.723,0.981,-34.398,34.398,-62.277,37.084
13686,16,101.256,-61.284,-30.414,-0.166,-0.168,0.027,-4.369,-8.723,0.981,-34.398,34.398,-62.369,36.992
13687,16,101.337,-61.255,-30.614,-0.166,-0.179,0.027,-4.268,-8.632,0.957,-34.502,34.502,-63.435,37.897
13688,16,101.373,-61.241,-30.709,-0.166,-0.179,0.027,-4.374,-8.484,0.885,-34.502,34.502,-63.482,37.849
13689,16,101.431,-61.168,-30.909,-0.203,-0.192,0.104,-4.374,-8.484,0.885,-35.288,35.288,-65.316,39.904
13690,16,101.516,-61.039,-31.186,-0.157,-0.192,0.179,-4.374,-8.484,0.885,-35.288,35.288,-65.363,39.857
13691,16,101.586,-60.922,-31.366,-0.157,-0.194,0.179,-4.465,-8.561,0.909,-36.454,36.454,-67.336,41.613
13692,16,101.617,-60.865,-31.452,-0.157,-0.194,0.179,-4.579,-8.628,0.943,-36.454,36.454,-67.371,41.577
13693,16,101.695,-60.755,-31.623,-0.132,-0.190,0.172,-4.579,-8.628,0.943,-36.483,36.483,-67.340,41.236
13694,16,101.814,-60.605,-31.886,-0.142,-0.190,0.124,-4.579,-8.628,0.943,-36.483,36.483,-67.416,41.160
13695,16,101.888,-60.524,-32.059,-0.142,-0.191,0.124,-4.713,-8.542,0.981,-35.836,35.836,-66.364,39.815
13696,16,101.929,-60.481,-32.152,-0.142,-0.191,0.124,-4.814,-8.498,0.967,-35.836,35.836,-66.414,39.764
13697,16,101.980,-60.431,-32.328,-0.186,-0.174,0.064,-4.814,-8.498,0.967,-34.867,34.867,-65.230,37.966
13698,16,102.047,-60.372,-32.576,-0.170,-0.174,0.020,-4.814,-8.498,0.967,-34.867,34.867,-65.254,37.942
13699,16,102.091,-60.347,-32.737,-0.170,-0.154,0.020,-4.804,-8.479,0.957,-34.401,34.401,-64.553,36.459
13700,16,102.115,-60.334,-32.818,-0.170,-0.154,0.020,-4.761,-8.436,1.014,-34.401,34.401,-64.583,36.429
13701,16,102.182,-60.319,-32.964,-0.114,-0.141,0.006,-4.761,-8.436,1.014,-34.510,34.510,-64.523,35.796
13702,16,102.288,-60.298,-33.172,-0.053,-0.141,-0.004,-4.761,-8.436,1.014,-34.510,34.510,-64.563,35.756
13703,16,102.353,-60.278,-33.267,-0.053,-0.125,-0.004,-4.756,-8.475,1.115,-34.680,34.680,-64.710,35.077
13704,16,102.427,-60.285,-33.376,-0.053,-0.125,-0.004,-4.756,-8.513,1.172,-34.680,34.680,-64.810,34.977
13705,16,102.510,-60.292,-33.489,-0.035,-0.105,-0.033,-4.756,-8.513,1.172,-34.411,34.411,-64.477,33.872
13706,16,102.642,-60.310,-33.674,-0.054,-0.105,-0.060,-4.756,-8.513,1.172,-34.411,34.411,-64.539,33.810
13707,16,102.695,-60.320,-33.756,-0.054,-0.108,-0.060,-4.704,-8.532,1.134,-33.983,33.983,-64.032,32.986
13708,16,102.769,-60.346,-33.867,-0.054,-0.108,-0.060,-4.632,-8.537,1.058,-33.983,33.983,-64.134,32.883
13709,16,102.865,-60.362,-34.027,-0.084,-0.133,-0.062,-4.632,-8.537,1.058,-33.807,33.807,-63.847,33.064
13710,16,103.026,-60.386,-34.288,-0.084,-0.133,-0.045,-4.632,-8.537,1.058,-33.807,33.807,-63.896,33.015
13711,16,103.104,-60.370,-34.423,-0.091,-0.177,-0.045,-4.646,-8.551,1.096,-33.988,33.988,-63.969,33.794
13712,16,103.216,-60.391,-34.590,-0.091,-0.177,-0.045,-4.742,-8.451,1.134,-33.988,33.988,-64.123,33.640
13713,16,103.366,-60.376,-34.813,-0.082,-0.201,-0.019,-4.742,-8.451,1.134,-34.350,34.350,-64.611,34.430
13714,16,103.595,-60.350,-35.148,-0.082,-0.201,-0.006,-4.742,-8.451,1.134,-34.350,34.350,-64.711,34.330
13715,16,103.715,-60.311,-35.314,-0.063,-0.201,-0.006,-4.785,-8.494,1.211,-34.606,34.606,-65.391,34.289
13716,16,103.832,-60.314,-35.478,-0.063,-0.201,-0.006,-4.800,-8.527,1.254,-34.606,34.606,-65.548,34.132
13717,16,103.986,-60.308,-35.683,-0.044,-0.178,-0.027,-4.800,-8.527,1.254,-34.449,34.449,-65.583,33.086
13718,16,104.203,-60.304,-35.964,-0.044,-0.178,-0.060,-4.800,-8.527,1.254,-34.449,34.449,-65.682,32.987
12627,16,4.668,-6.978,89.318,-0.368,-0.097,0.404,-1.450,-0.928,-10.331,-13.927,13.927,9.706,50.237
12628,16,4.529,-7.047,89.213,-0.368,-0.097,0.404,-1.450,-0.928,-10.331,-12.807,12.807,11.335,48.578
12629,16,4.336,-7.073,89.023,-0.368,-0.097,0.404,-1.321,-1.192,-10.078,-12.509,12.509,11.690,48.222
12630,16,4.186,-7.042,88.899,-0.436,-0.101,0.321,-1.321,-1.192,-10.078,-10.890,10.890,14.118,45.916
12631,16,3.838,-7.094,88.654,-0.505,-0.134,0.216,-0.976,-1.287,-9.690,-10.639,10.639,14.414,45.620
12632,16,3.630,-7.203,88.601,-0.505,-0.134,0.216,-0.976,-1.287,-9.690,-8.394,8.394,18.204,42.774
12633,16,3.393,-7.272,88.513,-0.505,-0.134,0.216,-0.751,-1.378,-9.489,-8.033,8.033,18.635,42.343
12634,16,3.246,-7.277,88.465,-0.435,-0.165,0.121,-0.751,-1.378,-9.489,-6.968,6.968,21.725,40.136
12635,16,2.980,-7.417,88.347,-0.272,-0.151,0.111,-0.646,-1.378,-9.546,-6.686,6.686,22.058,39.802
12636,16,2.864,-7.506,88.317,-0.272,-0.151,0.111,-0.646,-1.378,-9.546,-7.077,7.077,22.472,38.993
12637,16,2.728,-7.576,88.228,-0.272,-0.151,0.111,-0.804,-1.254,-9.877,-6.868,6.868,22.720,38.744
12638,16,2.635,-7.582,88.142,-0.307,-0.124,0.197,-0.804,-1.254,-9.877,-7.624,7.624,20.344,40.329
12639,16,2.465,-7.657,87.879,-0.209,-0.069,0.314,-0.813,-1.239,-9.786,-7.442,7.442,20.561,40.113
12640,16,2.397,-7.701,87.791,-0.209,-0.069,0.314,-0.813,-1.239,-9.786,-9.213,9.213,17.075,42.046
12641,16,2.333,-7.728,87.584,-0.209,-0.069,0.314,-0.924,-1.258,-9.862,-9.113,9.113,17.196,41.926
12642,16,2.299,-7.731,87.401,-0.182,-0.074,0.414,-0.924,-1.258,-9.862,-10.444,10.444,14.817,44.426
12643,16,2.262,-7.792,86.975,-0.117,-0.115,0.439,-0.880,-1.249,-9.666,-10.371,10.371,14.904,44.339
12644,16,2.232,-7.840,86.852,-0.117,-0.115,0.439,-0.880,-1.249,-9.666,-10.979,10.979,14.911,45.519
12645,16,2.246,-7.910,86.609,-0.117,-0.115,0.439,-0.880,-1.278,-9.570,-11.008,11.008,14.873,45.557
12646,16,2.304,-7.991,86.430,-0.018,-0.191,0.402,-0.880,-1.278,-9.570,-11.139,11.139,16.759,45.832
12647,16,2.427,-8.168,86.064,0.110,-0.247,0.343,-0.861,-1.364,-9.518,-11.150,11.150,16.743,45.848
12648,16,2.469,-8.241,85.968,0.110,-0.247,0.343,-0.861,-1.364,-9.518,-11.338,11.338,18.666,45.538
12649,16,2.567,-8.383,85.786,0.110,-0.247,0.343,-0.813,-1.369,-9.470,-11.513,11.513,18.447,45.757
12650,16,2.670,-8.516,85.654,0.074,-0.294,0.280,-0.813,-1.369,-9.470,-10.729,10.729,20.460,45.083
12651,16,2.736,-8.720,85.402,-0.051,-0.285,0.233,-0.742,-1.483,-9.293,-10.771,10.771,20.404,45.140
12652,16,2.699,-8.836,85.337,-0.051,-0.285,0.233,-0.742,-1.483,-9.293,-9.606,9.606,21.390,43.910
12653,16,2.687,-8.976,85.220,-0.051,-0.285,0.233,-0.574,-1.608,-9.077,-9.603,9.603,21.387,43.913
12654,16,2.700,-9.063,85.144,-0.105,-0.246,0.158,-0.574,-1.608,-9.077,-8.418,8.418,22.672,41.501
12655,16,2.670,-9.244,85.055,-0.023,-0.185,0.040,-0.464,-1.589,-8.982,-8.331,8.331,22.773,41.401
12656,16,2.644,-9.319,85.043,-0.023,-0.185,0.040,-0.464,-1.589,-8.982,-7.302,7.302,24.797,37.642
12657,16,2.651,-9.401,85.043,-0.023,-0.185,0.040,-0.536,-1.517,-9.226,-7.323,7.323,24.768,37.670
12658,16,2.669,-9.448,85.052,-0.003,-0.115,-0.046,-0.536,-1.517,-9.226,-6.382,6.382,25.874,34.556
12659,16,2.622,-9.491,85.112,-0.092,-0.032,-0.058,-0.469,-1.421,-9.283,-6.366,6.366,25.892,34.538
12660,16,2.584,-9.515,85.130,-0.092,-0.032,-0.058,-0.469,-1.421,-9.283,-5.659,5.659,25.142,32.913
12661,16,2.517,-9.508,85.153,-0.092,-0.032,-0.058,-0.287,-1.397,-9.178,-5.546,5.546,25.281,32.775
12662,16,2.443,-9.469,85.162,-0.162,0.035,-0.023,-0.287,-1.397,-9.178,-5.491,5.491,23.630,32.508
12663,16,2.349,-9.441,85.164,-0.077,0.042,0.020,-0.115,-1.416,-9.154,-5.398,5.398,23.744,32.394
12664,16,2.332,-9.429,85.158,-0.077,0.042,0.020,-0.115,-1.416,-9.154,-6.273,6.273,22.682,33.274
12665,16,2.323,-9.409,85.129,-0.077,0.042,0.020,-0.134,-1.526,-9.307,-6.257,6.257,22.702,33.253
12666,16,2.335,-9.408,85.106,0.017,0.004,0.085,-0.134,-1.526,-9.307,-7.558,7.558,21.586,35.435
12667,16,2.399,-9.410,84.967,0.065,-0.019,0.158,-0.292,-1.622,-9.508,-7.588,7.588,21.551,35.471
12668,16,2.433,-9.403,84.919,0.065,-0.019,0.158,-0.292,-1.622,-9.508,-8.865,8.865,19.912,37.779
12669,16,2.468,-9.402,84.822,0.065,-0.019,0.158,-0.316,-1.651,-9.494,-8.924,8.924,19.839,37.852
12670,16,2.475,-9.404,84.769,-0.005,-0.005,0.184,-0.316,-1.651,-9.494,-8.917,8.917,18.961,38.334
12671,16,2.456,-9.369,84.590,-0.082,0.037,0.125,-0.273,-1.574,-9.360,-8.939,8.939,18.935,38.360
12672,16,2.433,-9.359,84.555,-0.082,0.037,0.125,-0.273,-1.574,-9.360,-7.714,7.714,19.937,36.141
12673,16,2.385,-9.321,84.518,-0.082,0.037,0.125,-0.100,-1.402,-9.254,-7.629,7.629,20.043,36.035
12674,16,2.318,-9.270,84.517,-0.114,0.085,0.013,-0.100,-1.402,-9.254,-5.954,5.954,22.300,32.408
12675,16,2.206,-9.171,84.553,-0.113,0.137,-0.059,0.038,-1.340,-9.264,-5.892,5.892,22.376,32.332
12676,16,2.172,-9.128,84.572,-0.113,0.137,-0.059,0.038,-1.340,-9.264,-4.810,4.810,23.658,29.559
12677,16,2.099,-9.023,84.610,-0.113,0.137,-0.059,0.163,-1.196,-9.384,-4.680,4.680,23.822,29.395
12678,16,2.013,-8.908,84.632,-0.107,0.232,-0.052,0.163,-1.196,-9.384,-4.638,4.638,22.499,28.008
12679,16,1.892,-8.668,84.664,-0.112,0.336,0.022,0.230,-1.125,-9.546,-4.598,4.598,22.551,27.957
12680,16,1.891,-8.534,84.659,-0.112,0.336,0.022,0.230,-1.125,-9.546,-5.310,5.310,19.455,28.100
12681,16,1.825,-8.328,84.616,-0.112,0.336,0.022,0.172,-1.263,-9.680,-5.185,5.185,19.614,27.942
12682,16,1.720,-8.154,84.579,-0.117,0.372,0.160,0.172,-1.263,-9.680,-6.693,6.693,15.889,30.631
12683,16,1.650,-7.853,84.332,-0.099,0.321,0.297,0.124,-1.335,-9.685,-6.692,6.692,15.895,30.626
12684,16,1.664,-7.723,84.249,-0.099,0.321,0.297,0.124,-1.335,-9.685,-8.380,8.380,13.343,34.638
12685,16,1.645,-7.555,84.067,-0.099,0.321,0.297,0.038,-1.325,-9.647,-8.338,8.338,13.399,34.583
12686,16,1.604,-7.445,83.972,-0.023,0.260,0.356,0.038,-1.325,-9.647,-9.375,9.375,12.894,36.822
12687,16,1.624,-7.234,83.585,-0.018,0.222,0.325,-0.144,-1.273,-9.757,-9.437,9.437,12.823,36.894
12688,16,1.655,-7.137,83.488,-0.018,0.222,0.325,-0.144,-1.273,-9.757,-9.075,9.075,14.151,36.661
12689,16,1.658,-7.016,83.331,-0.018,0.222,0.325,-0.153,-1.249,-9.704,-9.070,9.070,14.160,36.652
12690,16,1.629,-6.930,83.265,-0.006,0.210,0.235,-0.153,-1.249,-9.704,-7.960,7.960,16.627,34.520
12691,16,1.614,-6.752,83.055,-0.060,0.191,0.135,-0.230,-1.321,-9.877,-8.004,8.004,16.577,34.570
12692,16,1.614,-6.680,83.017,-0.060,0.191,0.135,-0.230,-1.321,-9.877,-6.401,6.401,19.460,32.234
12693,16,1.570,-6.568,82.967,-0.060,0.191,0.135,-0.196,-1.196,-9.915,-6.326,6.326,19.554,32.141
12694,16,1.503,-6.470,82.955,-0.085,0.217,0.050,-0.196,-1.196,-9.915,-5.023,5.023,21.438,29.495
12695,16,1.423,-6.281,82.930,-0.074,0.248,-0.009,-0.057,-1.134,-9.848,-5.005,5.005,21.462,29.472
12696,16,1.422,-6.187,82.932,-0.074,0.248,-0.009,-0.057,-1.134,-9.848,-4.207,4.207,22.638,27.413
12697,16,1.379,-6.056,82.944,-0.074,0.248,-0.009,0.167,-1.129,-9.824,-4.133,4.133,22.730,27.321
12698,16,1.312,-5.951,82.954,-0.060,0.244,-0.032,0.167,-1.129,-9.824,-3.802,3.802,23.507,26.666
12699,16,1.253,-5.746,82.992,-0.042,0.264,-0.042,0.278,-1.139,-10.006,-3.798,3.798,23.513,26.660
12700,16,1.263,-5.644,83.000,-0.042,0.264,-0.042,0.278,-1.139,-10.006,-3.682,3.682,23.572,26.023
12701,16,1.245,-5.489,83.018,-0.042,0.264,-0.042,0.297,-1.120,-10.274,-3.647,3.647,23.616,25.978
12702,16,1.205,-5.365,83.027,0.019,0.319,-0.030,0.297,-1.120,-10.274,-4.031,4.031,22.629,25.413
12703,16,1.225,-5.088,83.037,0.086,0.389,0.014,0.225,-0.962,-10.714,-4.085,4.085,22.568,25.474
12704,16,1.306,-4.912,83.031,0.086,0.389,0.014,0.225,-0.962,-10.714,-5.040,5.040,20.392,25.641
12705,16,1.333,-4.687,83.006,0.086,0.389,0.014,0.105,-0.804,-11.121,-5.068,5.068,20.365,25.669
12706,16,1.284,-4.521,82.988,0.038,0.427,0.084,0.105,-0.804,-11.121,-5.626,5.626,18.158,26.780
12707,16,1.279,-4.166,82.874,-0.032,0.405,0.123,0.096,-0.584,-11.192,-5.719,5.719,18.054,26.884
12708,16,1.314,-4.000,82.843,-0.032,0.405,0.123,0.096,-0.584,-11.192,-5.771,5.771,17.511,28.066
12709,16,1.282,-3.810,82.779,-0.032,0.405,0.123,0.182,-0.536,-10.934,-5.716,5.716,17.580,27.997
12710,16,1.210,-3.686,82.753,-0.063,0.285,0.108,0.182,-0.536,-10.934,-5.266,5.266,19.787,29.199
12711,16,1.189,-3.547,82.664,-0.032,0.063,0.059,0.345,-0.613,-10.561,-5.271,5.271,19.784,29.202
12712,16,1.176,-3.531,82.650,-0.032,0.063,0.059,0.345,-0.613,-10.561,-4.752,4.752,24.260,31.087
12713,16,1.174,-3.570,82.642,-0.032,0.063,0.059,0.483,-0.617,-10.231,-4.751,4.751,24.261,31.086
12714,16,1.221,-3.649,82.642,0.071,-0.174,-0.010,0.483,-0.617,-10.231,-4.487,4.487,29.259,32.845
12715,16,1.317,-3.884,82.688,0.152,-0.337,-0.066,0.483,-0.761,-10.001,-4.479,4.479,29.266,32.838
12716,16,1.318,-4.021,82.708,0.152,-0.337,-0.066,0.483,-0.761,-10.001,-4.342,4.342,32.808,33.952
12717,16,1.386,-4.227,82.747,0.152,-0.337,-0.066,0.373,-0.866,-9.963,-4.453,4.453,32.674,34.087
12718,16,1.496,-4.399,82.761,0.153,-0.375,-0.067,0.373,-0.866,-9.963,-4.615,4.615,33.046,34.811
12719,16,1.559,-4.686,82.828,0.101,-0.301,-0.044,0.301,-0.919,-9.924,-4.610,4.610,33.047,34.809
12720,16,1.544,-4.809,82.839,0.101,-0.301,-0.044,0.301,-0.919,-9.924,-4.741,4.741,31.288,34.468
12721,16,1.561,-4.947,82.861,0.101,-0.301,-0.044,0.292,-0.900,-9.886,-4.776,4.776,31.243,34.513
12722,16,1.585,-5.020,82.868,0.032,-0.180,-0.025,0.292,-0.900,-9.886,-4.709,4.709,28.979,33.307
12723,16,1.541,-5.127,82.906,-0.037,-0.096,-0.018,0.201,-0.885,-9.862,-4.677,4.677,29.016,33.271
12724,16,1.499,-5.179,82.914,-0.037,-0.096,-0.018,0.201,-0.885,-9.862,-4.325,4.325,27.753,32.129
12725,16,1.459,-5.229,82.940,-0.037,-0.096,-0.018,0.163,-0.866,-9.771,-4.267,4.267,27.819,32.063
12726,16,1.442,-5.253,82.958,-0.029,-0.079,-0.044,0.163,-0.866,-9.771,-3.967,3.967,28.242,31.153
12727,16,1.438,-5.348,83.053,0.077,-0.116,-0.096,0.043,-0.818,-9.743,-3.915,3.915,28.302,31.093
12728,16,1.437,-5.391,83.087,0.077,-0.116,-0.096,0.043,-0.818,-9.743,-3.842,3.842,30.075,30.385
12729,16,1.475,-5.471,83.164,0.077,-0.116,-0.096,-0.086,-0.809,-9.781,-3.905,3.905,30.000,30.461
12730,16,1.540,-5.554,83.212,0.129,-0.173,-0.154,-0.086,-0.809,-9.781,-3.536,3.536,32.147,29.926
12731,16,1.610,-5.729,83.453,0.111,-0.249,-0.244,0.005,-0.809,-9.637,-3.557,3.557,32.121,29.953
12732,16,1.602,-5.830,83.531,0.111,-0.249,-0.244,0.005,-0.809,-9.637,-2.438,2.438,35.340,28.925
12733,16,1.642,-5.993,83.707,0.111,-0.249,-0.244,0.014,-0.981,-9.551,-2.509,2.509,35.251,29.014
12734,16,1.726,-6.141,83.804,0.135,-0.329,-0.348,0.014,-0.981,-9.551,-1.466,1.466,38.831,27.716
12735,16,1.819,-6.448,84.257,0.226,-0.354,-0.427,0.086,-1.196,-9.561,-1.447,1.447,38.851,27.697
12736,16,1.838,-6.577,84.380,0.226,-0.354,-0.427,0.086,-1.196,-9.561,-1.139,1.139,40.894,26.354
12737,16,1.912,-6.776,84.642,0.226,-0.354,-0.427,0.124,-1.282,-9.623,-1.269,1.269,40.732,26.516
12738,16,2.011,-6.936,84.772,0.189,-0.338,-0.477,0.124,-1.282,-9.623,-0.624,0.624,41.549,25.243
12739,16,2.129,-7.216,85.342,0.306,-0.260,-0.513,0.115,-1.416,-9.733,-0.618,0.618,41.551,25.240
12740,16,2.185,-7.298,85.490,0.306,-0.260,-0.513,0.115,-1.416,-9.733,-1.063,1.063,40.962,23.607
12741,16,2.330,-7.412,85.776,0.306,-0.260,-0.513,-0.225,-1.574,-10.159,-1.302,1.302,40.669,23.900
12742,16,2.483,-7.513,85.907,0.390,-0.120,-0.490,-0.225,-1.574,-10.159,-2.270,2.270,37.779,22.803
12743,16,2.689,-7.559,86.450,0.349,0.039,-0.441,-0.359,-1.383,-10.389,-2.431,2.431,37.584,22.998
12744,16,2.808,-7.504,86.575,0.349,0.039,-0.441,-0.359,-1.383,-10.389,-3.195,3.195,33.650,22.366
12745,16,2.911,-7.465,86.835,0.349,0.039,-0.441,-0.301,-1.029,-10.312,-3.354,3.354,33.461,22.556
12746,16,2.939,-7.436,86.970,0.182,0.128,-0.462,-0.301,-1.029,-10.312,-2.291,2.291,32.684,20.807
12747,16,2.981,-7.342,87.543,0.116,0.110,-0.519,-0.220,-0.914,-10.202,-2.366,2.366,32.598,20.893
12748,16,3.012,-7.293,87.693,0.116,0.110,-0.519,-0.220,-0.914,-10.202,-1.353,1.353,34.244,19.764
12749,16,3.038,-7.275,87.990,0.116,0.110,-0.519,-0.263,-1.005,-10.073,-1.391,1.391,34.199,19.809
12750,16,3.078,-7.303,88.138,0.161,-0.015,-0.507,-0.263,-1.005,-10.073,-1.828,1.828,35.604,21.965
12751,16,3.194,-7.420,88.675,0.239,-0.194,-0.428,-0.321,-1.034,-9.900,-1.865,1.865,35.560,22.009
12752,16,3.239,-7.480,88.797,0.239,-0.194,-0.428,-0.321,-1.034,-9.900,-3.480,3.480,35.845,26.837
12753,16,3.353,-7.627,89.015,0.239,-0.194,-0.428,-0.412,-1.177,-9.743,-3.682,3.682,35.594,27.088
12754,16,3.502,-7.796,89.102,0.309,-0.308,-0.345,-0.412,-1.177,-9.743,-5.335,5.335,34.817,31.122
12755,16,3.713,-8.080,89.457,0.315,-0.339,-0.292,-0.560,-1.436,-9.585,-5.441,5.441,34.683,31.256
12756,16,3.777,-8.187,89.539,0.315,-0.339,-0.292,-0.560,-1.436,-9.585,-6.537,6.537,33.292,33.529
12757,16,3.924,-8.378,89.685,0.315,-0.339,-0.292,-0.766,-1.660,-9.489,-6.806,6.806,32.952,33.870
12758,16,4.084,-8.548,89.744,0.320,-0.313,-0.268,-0.766,-1.660,-9.489,-7.410,7.410,31.637,34.454
12759,16,4.301,-8.800,89.994,0.326,-0.263,-0.272,-0.952,-1.751,-9.455,-7.533,7.533,31.481,34.610
12760,16,4.381,-8.880,90.106,0.326,-0.263,-0.272,-0.952,-1.751,-9.455,-7.950,7.950,30.311,34.350
12761,16,4.503,-9.015,90.253,0.326,-0.263,-0.272,-1.058,-1.833,-9.494,-8.179,8.179,30.021,34.639
12762,16,4.609,-9.130,90.324,0.228,-0.193,-0.297,-1.058,-1.833,-9.494,-7.567,7.567,29.405,33.247
12763,16,4.690,-9.261,90.628,0.124,-0.118,-0.365,-0.947,-1.861,-9.470,-7.646,7.646,29.303,33.348
12764,16,4.697,-9.314,90.777,0.124,-0.118,-0.365,-0.947,-1.861,-9.470,-6.377,6.377,29.805,30.716
12765,16,4.734,-9.392,90.987,0.124,-0.118,-0.365,-1.091,-1.943,-9.604,-6.455,6.455,29.702,30.819
12766,16,4.787,-9.454,91.094,0.147,-0.089,-0.413,-1.091,-1.943,-9.604,-6.075,6.075,30.360,29.339
12767,16,4.855,-9.571,91.443,0.152,-0.116,-0.333,-1.459,-2.120,-9.738,-6.102,6.102,30.324,29.375
12768,16,4.882,-9.619,91.579,0.152,-0.116,-0.333,-1.459,-2.120,-9.738,-7.295,7.295,28.491,31.969
12769,16,4.951,-9.708,91.723,0.152,-0.116,-0.333,-1.804,-2.082,-9.695,-7.431,7.431,28.317,32.143
12770,16,5.040,-9.806,91.774,0.180,-0.148,-0.241,-1.804,-2.082,-9.695,-8.899,8.899,26.238,35.136
12771,16,5.193,-9.965,91.979,0.238,-0.148,-0.249,-1.986,-1.938,-9.575,-8.976,8.976,26.138,35.235
12772,16,5.263,-10.007,92.074,0.238,-0.148,-0.249,-1.986,-1.938,-9.575,-9.503,9.503,25.913,35.460
12773,16,5.368,-10.096,92.225,0.238,-0.148,-0.249,-1.924,-1.593,-9.561,-9.702,9.702,25.660,35.713
12774,16,5.455,-10.179,92.313,0.193,-0.097,-0.361,-1.924,-1.593,-9.561,-8.250,8.250,27.510,32.403
12775,16,5.494,-10.221,92.706,0.054,0.020,-0.501,-1.694,-1.354,-9.561,-8.334,8.334,27.403,32.510
12776,16,5.493,-10.233,92.919,0.054,0.020,-0.501,-1.694,-1.354,-9.561,-5.891,5.891,29.223,27.341
12777,16,5.447,-10.221,93.214,0.054,0.020,-0.501,-1.321,-1.378,-9.513,-5.810,5.810,29.324,27.241
12778,16,5.375,-10.173,93.374,-0.083,0.115,-0.554,-1.321,-1.378,-9.513,-4.322,4.322,29.472,24.384
12779,16,5.211,-10.090,93.902,-0.138,0.141,-0.499,-0.957,-1.340,-9.446,-4.219,4.219,29.600,24.256
12780,16,5.144,-10.076,94.117,-0.138,0.141,-0.499,-0.957,-1.340,-9.446,-4.323,4.323,28.242,24.883
12781,16,5.053,-10.016,94.361,-0.138,0.141,-0.499,-0.699,-1.316,-9.470,-4.154,4.154,28.454,24.671
12782,16,4.994,-9.957,94.466,-0.076,0.128,-0.362,-0.699,-1.316,-9.470,-6.060,6.060,25.372,28.118
12783,16,4.900,-9.874,94.799,-0.076,0.128,-0.362,-0.699,-1.316,-9.470,-5.988,5.988,25.464,28.027
12784,16,4.898,-9.842,94.877,-0.027,0.098,-0.179,-0.589,-1.287,-9.393,-8.408,8.408,21.457,32.886
12785,16,4.874,-9.789,94.983,-0.027,0.098,-0.179,-0.589,-1.287,-9.355,-8.355,8.355,21.526,32.816
12786,16,4.884,-9.779,94.982,0.028,0.025,-0.002,-0.488,-1.388,-9.355,-10.853,10.853,18.138,38.305
12787,16,4.942,-9.773,94.958,0.028,0.025,-0.002,-0.488,-1.388,-9.355,-10.887,10.887,18.097,38.346
12788,16,4.997,-9.761,94.894,0.107,-0.045,0.133,-0.569,-1.684,-9.350,-13.123,13.123,15.519,42.902
12789,16,5.074,-9.775,94.802,0.107,-0.045,0.133,-0.569,-1.684,-9.542,-13.255,13.255,15.356,43.065
12790,16,5.117,-9.781,94.724,0.112,-0.038,0.232,-0.871,-1.938,-9.542,-14.594,14.594,12.696,45.543
12791,16,5.277,-9.815,94.459,0.112,-0.038,0.232,-0.871,-1.938,-9.542,-14.742,14.742,12.514,45.725
12792,16,5.385,-9.758,94.332,0.190,0.029,0.273,-0.799,-2.000,-9.561,-15.932,15.932,10.183,46.138
12793,16,5.517,-9.727,94.160,0.190,0.029,0.273,-0.799,-2.000,-9.987,-16.146,16.146,9.923,46.398
12794,16,5.525,-9.688,94.074,-0.014,0.114,0.278,-1.048,-2.029,-9.987,-15.199,15.199,8.571,45.315
12795,16,5.530,-9.548,93.794,-0.014,0.114,0.278,-1.048,-2.029,-9.987,-15.207,15.207,8.569,45.317
12796,16,5.568,-9.463,93.666,-0.009,0.175,0.266,-1.019,-2.216,-10.068,-15.093,15.093,8.001,44.151
12797,16,5.586,-9.353,93.508,-0.009,0.175,0.266,-1.019,-2.216,-10.475,-15.096,15.096,8.008,44.144
12798,16,5.565,-9.318,93.410,-0.124,0.105,0.320,-1.263,-2.555,-10.475,-15.143,15.143,7.722,46.408
12799,16,5.502,-9.211,93.061,-0.124,0.105,0.320,-1.263,-2.555,-10.475,-15.056,15.056,7.834,46.295
12800,16,5.471,-9.213,92.875,-0.119,-0.004,0.380,-1.431,-2.584,-10.403,-15.742,15.742,8.003,49.261
12801,16,5.441,-9.210,92.634,-0.119,-0.004,0.380,-1.431,-2.584,-10.360,-15.690,15.690,8.066,49.198
12802,16,5.427,-9.236,92.512,-0.117,-0.100,0.379,-1.646,-2.144,-10.360,-15.672,15.672,9.479,50.525
12803,16,5.413,-9.329,92.090,-0.117,-0.100,0.379,-1.646,-2.144,-10.360,-15.646,15.646,9.507,50.497
12804,16,5.387,-9.381,91.935,-0.081,-0.125,0.313,-1.928,-1.670,-10.413,-14.997,14.997,11.505,49.199
12805,16,5.383,-9.446,91.731,-0.081,-0.125,0.313,-1.928,-1.670,-10.441,-15.006,15.006,11.488,49.216
12806,16,5.373,-9.474,91.646,-0.100,-0.105,0.245,-2.082,-1.402,-10.441,-14.047,14.047,12.929,47.227
12807,16,5.349,-9.555,91.374,-0.100,-0.105,0.245,-2.082,-1.402,-10.441,-14.027,14.027,12.948,47.208
12808,16,5.283,-9.609,91.275,-0.177,-0.108,0.203,-1.986,-1.220,-10.231,-13.027,13.027,14.129,46.088
12809,16,5.223,-9.662,91.148,-0.177,-0.108,0.203,-1.986,-1.220,-9.819,-12.941,12.941,14.231,45.986
12810,16,5.188,-9.703,91.092,-0.191,-0.161,0.165,-1.665,-1.168,-9.819,-12.343,12.343,16.007,45.732
12811,16,5.108,-9.847,90.904,-0.191,-0.161,0.165,-1.665,-1.168,-9.819,-12.248,12.248,16.117,45.622
12812,16,5.048,-9.951,90.835,-0.134,-0.245,0.150,-1.369,-1.325,-9.479,-12.261,12.261,17.779,46.364
12813,16,5.008,-10.078,90.738,-0.134,-0.245,0.150,-1.369,-1.325,-9.211,-12.225,12.225,17.813,46.330
12814,16,5.016,-10.157,90.680,-0.055,-0.313,0.175,-1.273,-1.498,-9.211,-12.956,12.956,18.130,47.961
12815,16,5.084,-10.452,90.462,-0.055,-0.313,0.175,-1.273,-1.498,-9.211,-13.012,13.012,18.047,48.044
12816,16,5.065,-10.571,90.356,-0.032,-0.330,0.239,-1.287,-1.732,-9.039,-14.054,14.054,16.517,50.061
12817,16,5.094,-10.738,90.205,-0.032,-0.330,0.239,-1.287,-1.732,-8.838,-14.145,14.145,16.390,50.188
12818,16,5.113,-10.809,90.118,-0.033,-0.297,0.285,-1.302,-1.847,-8.838,-14.774,14.774,14.680,50.954
12819,16,5.205,-11.067,89.804,-0.033,-0.297,0.285,-1.302,-1.847,-8.838,-14.870,14.870,14.548,51.086
12820,16,5.211,-11.128,89.684,-0.017,-0.209,0.278,-1.340,-1.995,-8.805,-15.009,15.009,13.268,49.840
12821,16,5.250,-11.227,89.513,-0.017,-0.209,0.278,-1.340,-1.995,-8.972,-15.104,15.104,13.142,49.967
12822,16,5.268,-11.244,89.439,-0.029,-0.086,0.249,-1.378,-2.206,-8.972,-14.721,14.721,12.066,47.542
12823,16,5.310,-11.280,89.179,-0.029,-0.086,0.249,-1.378,-2.206,-8.972,-14.785,14.785,11.983,47.625
12824,16,5.304,-11.262,89.079,-0.099,0.030,0.221,-1.349,-2.350,-9.106,-14.077,14.077,11.042,45.249
12825,16,5.292,-11.236,88.944,-0.099,0.030,0.221,-1.349,-2.350,-9.197,-14.049,14.049,11.078,45.213
12826,16,5.277,-11.204,88.890,-0.121,0.100,0.175,-1.211,-2.421,-9.197,-13.330,13.330,11.264,43.018
12827,16,5.211,-11.092,88.715,-0.121,0.100,0.175,-1.211,-2.421,-9.197,-13.257,13.257,11.360,42.922
12828,16,5.208,-11.050,88.655,-0.084,0.109,0.117,-1.072,-2.426,-9.312,-12.639,12.639,12.791,41.247
12829,16,5.190,-10.992,88.578,-0.084,0.109,0.117,-1.072,-2.426,-9.417,-12.593,12.593,12.854,41.185
12830,16,5.179,-10.973,88.552,-0.071,0.079,0.065,-0.981,-2.493,-9.417,-11.982,11.982,14.614,40.277
12831,16,5.144,-10.908,88.469,-0.071,0.079,0.065,-0.981,-2.493,-9.417,-11.941,11.941,14.668,40.223
12832,16,5.133,-10.905,88.453,-0.058,0.046,0.003,-0.876,-2.393,-9.479,-11.181,11.181,16.757,39.077
12833,16,5.110,-10.894,88.431,-0.058,0.046,0.003,-0.876,-2.393,-9.455,-11.139,11.139,16.810,39.024
12834,16,5.089,-10.894,88.443,-0.083,0.031,-0.079,-0.742,-2.096,-9.455,-9.950,9.950,19.119,37.141
12835,16,4.993,-10.867,88.500,-0.083,0.031,-0.079,-0.742,-2.096,-9.455,-9.867,9.867,19.221,37.039
12836,16,4.914,-10.891,88.557,-0.165,0.035,-0.163,-0.502,-1.751,-9.235,-8.184,8.184,21.539,34.600
12837,16,4.810,-10.892,88.631,-0.165,0.035,-0.163,-0.502,-1.751,-9.197,-8.004,8.004,21.761,34.377
12838,16,4.750,-10.880,88.685,-0.179,0.074,-0.210,-0.340,-1.479,-9.197,-7.242,7.242,22.518,32.524
12839,16,4.529,-10.810,88.873,-0.179,0.074,-0.210,-0.340,-1.479,-9.197,-7.029,7.029,22.785,32.258
12840,16,4.466,-10.802,88.934,-0.147,0.097,-0.170,-0.292,-1.273,-9.245,-7.388,7.388,21.833,32.540
12841,16,4.366,-10.759,89.020,-0.147,0.097,-0.170,-0.292,-1.273,-9.326,-7.204,7.204,22.063,32.310
12842,16,4.337,-10.732,89.036,-0.092,0.095,-0.064,-0.349,-1.110,-9.326,-8.757,8.757,19.501,34.933
12843,16,4.220,-10.628,89.080,-0.092,0.095,-0.064,-0.349,-1.110,-9.326,-8.642,8.642,19.647,34.787
12844,16,4.206,-10.582,89.059,-0.072,0.119,0.046,-0.435,-1.048,-9.446,-9.969,9.969,16.735,36.999
12845,16,4.167,-10.507,89.035,-0.072,0.119,0.046,-0.435,-1.048,-9.604,-9.888,9.888,16.840,36.894
12846,16,4.172,-10.449,89.005,-0.004,0.184,0.112,-0.464,-1.110,-9.604,-11.051,11.051,14.270,37.608
12847,16,4.143,-10.239,88.915,-0.004,0.184,0.112,-0.464,-1.110,-9.604,-11.033,11.033,14.299,37.578
12848,16,4.181,-10.125,88.857,-0.013,0.234,0.148,-0.502,-1.378,-9.843,-11.413,11.413,12.730,37.716
12849,16,4.185,-9.979,88.787,-0.013,0.234,0.148,-0.502,-1.378,-10.078,-11.392,11.392,12.767,37.680
12850,16,4.185,-9.910,88.753,-0.013,0.224,0.137,-0.632,-1.584,-10.078,-11.245,11.245,13.208,37.544
12851,16,4.167,-9.684,88.643,-0.013,0.224,0.137,-0.632,-1.584,-10.078,-11.220,11.220,13.248,37.503
12852,16,4.223,-9.587,88.605,0.059,0.184,0.104,-0.675,-1.622,-10.168,-11.190,11.190,14.618,37.259
12853,16,4.262,-9.473,88.557,0.059,0.184,0.104,-0.675,-1.622,-10.322,-11.233,11.233,14.573,37.305
12854,16,4.269,-9.437,88.533,0.011,0.118,0.096,-0.756,-1.684,-10.322,-10.891,10.891,15.727,38.038
12855,16,4.271,-9.314,88.453,0.011,0.118,0.096,-0.756,-1.684,-10.322,-10.894,10.894,15.729,38.035
12856,16,4.261,-9.299,88.424,-0.049,0.038,0.070,-0.665,-1.718,-10.140,-10.233,10.233,17.567,38.480
12857,16,4.233,-9.273,88.388,-0.049,0.038,0.070,-0.665,-1.718,-9.891,-10.182,10.182,17.630,38.417
12858,16,4.222,-9.281,88.381,-0.044,-0.027,0.026,-0.603,-1.847,-9.891,-9.632,9.632,19.699,38.205
12859,16,4.202,-9.317,88.351,-0.044,-0.027,0.026,-0.603,-1.847,-9.891,-9.591,9.591,19.748,38.156
12860,16,4.198,-9.352,88.348,0.033,-0.087,0.007,-0.603,-1.991,-9.714,-9.764,9.764,21.045,38.594
12861,16,4.217,-9.404,88.337,0.033,-0.087,0.007,-0.603,-1.991,-9.637,-9.806,9.806,20.990,38.649
12862,16,4.241,-9.440,88.331,0.091,-0.121,0.006,-0.598,-1.967,-9.637,-10.126,10.126,21.444,39.168
12863,16,4.342,-9.570,88.303,0.091,-0.121,0.006,-0.598,-1.967,-9.637,-10.223,10.223,21.321,39.292
12864,16,4.361,-9.602,88.300,0.083,-0.088,0.000,-0.603,-1.971,-9.585,-10.241,10.241,20.836,38.833
12865,16,4.402,-9.655,88.289,0.083,-0.088,0.000,-0.603,-1.971,-9.623,-10.321,10.321,20.733,38.936
12866,16,4.415,-9.663,88.290,0.048,-0.018,-0.011,-0.617,-2.029,-9.623,-10.035,10.035,19.967,37.693
12867,16,4.445,-9.687,88.292,0.048,-0.018,-0.011,-0.617,-2.029,-9.623,-10.076,10.076,19.915,37.745
12868,16,4.462,-9.670,88.294,0.038,0.044,-0.017,-0.632,-1.991,-9.695,-9.987,9.987,19.145,36.750
12869,16,4.478,-9.653,88.300,0.038,0.044,-0.017,-0.632,-1.991,-9.833,-10.011,10.011,19.117,36.778
12870,16,4.488,-9.637,88.303,0.043,0.067,-0.020,-0.727,-1.838,-9.833,-10.005,10.005,18.848,36.378
12871,16,4.512,-9.590,88.320,0.043,0.067,-0.020,-0.727,-1.838,-9.833,-10.025,10.025,18.825,36.400
12872,16,4.531,-9.571,88.334,0.048,0.050,-0.033,-0.790,-1.660,-9.920,-9.931,9.931,19.344,36.369
12873,16,4.552,-9.549,88.348,0.048,0.050,-0.033,-0.790,-1.660,-9.967,-9.961,9.961,19.308,36.404
12874,16,4.563,-9.552,88.367,0.053,0.011,-0.067,-0.833,-1.541,-9.967,-9.580,9.580,20.700,36.138
12875,16,4.601,-9.563,88.433,0.053,0.011,-0.067,-0.833,-1.541,-9.967,-9.612,9.612,20.661,36.177
12876,16,4.608,-9.581,88.481,0.049,-0.033,-0.111,-0.766,-1.531,-9.896,-9.095,9.095,22.313,35.773
12877,16,4.621,-9.606,88.544,0.049,-0.033,-0.111,-0.766,-1.531,-9.743,-9.121,9.121,22.279,35.807
12878,16,4.625,-9.635,88.584,0.040,-0.078,-0.150,-0.598,-1.507,-9.743,-8.600,8.600,23.885,35.480
12879,16,4.656,-9.735,88.729,0.040,-0.078,-0.150,-0.598,-1.507,-9.743,-8.620,8.620,23.855,35.510
12880,16,4.664,-9.777,88.799,0.087,-0.100,-0.165,-0.412,-1.479,-9.566,-8.742,8.742,24.449,35.554
12881,16,4.694,-9.838,88.890,0.087,-0.100,-0.165,-0.412,-1.479,-9.637,-8.806,8.806,24.366,35.638
12882,16,4.719,-9.866,88.924,0.126,-0.094,-0.123,-0.378,-1.541,-9.637,-9.579,9.579,23.148,36.673
12883,16,4.820,-9.973,89.023,0.126,-0.094,-0.123,-0.378,-1.541,-9.637,-9.683,9.683,23.015,36.806
12884,16,4.852,-9.982,89.032,0.110,-0.055,-0.017,-0.498,-1.732,-9.824,-11.068,11.068,19.646,39.080
12885,16,4.906,-10.012,89.041,0.110,-0.055,-0.017,-0.498,-1.732,-9.920,-11.166,11.166,19.522,39.203
12886,16,4.931,-10.013,89.019,0.089,-0.020,0.083,-0.699,-1.924,-9.920,-12.358,12.358,16.466,41.255
12887,16,5.014,-10.030,88.931,0.089,-0.020,0.083,-0.699,-1.924,-9.920,-12.443,12.443,16.361,41.360
12888,16,5.037,-10.017,88.882,0.050,-0.003,0.107,-0.924,-1.967,-9.934,-12.635,12.635,15.413,41.821
12889,16,5.063,-10.024,88.818,0.050,-0.003,0.107,-0.924,-1.967,-9.905,-12.680,12.680,15.357,41.877
12890,16,5.059,-10.013,88.806,-0.029,-0.002,0.027,-0.976,-1.809,-9.905,-11.278,11.278,17.352,39.852
12891,16,5.022,-10.009,88.795,-0.029,-0.002,0.027,-0.976,-1.809,-9.905,-11.243,11.243,17.395,39.809
12892,16,4.999,-10.017,88.834,-0.027,0.010,-0.099,-0.876,-1.680,-9.833,-9.617,9.617,20.450,36.419
12893,16,4.974,-10.010,88.888,-0.027,0.010,-0.099,-0.876,-1.680,-9.929,-9.574,9.574,20.504,36.365
12894,16,4.928,-10.024,88.934,-0.118,-0.018,-0.159,-0.756,-1.723,-9.929,-8.295,8.295,22.482,35.179
12895,16,4.785,-10.038,89.070,-0.118,-0.018,-0.159,-0.756,-1.723,-9.929,-8.147,8.147,22.662,34.998
12896,16,4.708,-10.088,89.137,-0.127,-0.055,-0.124,-0.579,-1.780,-9.771,-8.333,8.333,22.573,36.153
12897,16,4.653,-10.096,89.196,-0.127,-0.055,-0.124,-0.579,-1.780,-9.647,-8.242,8.242,22.684,36.041
12898,16,4.607,-10.151,89.210,-0.042,-0.086,-0.059,-0.498,-1.727,-9.647,-9.415,9.415,21.577,38.031
12899,16,4.563,-10.235,89.246,-0.042,-0.086,-0.059,-0.498,-1.727,-9.647,-9.368,9.368,21.632,37.976
12900,16,4.532,-10.287,89.234,-0.042,-0.105,0.010,-0.636,-1.603,-9.747,-10.168,10.168,20.259,39.897
12901,16,4.529,-10.321,89.218,-0.042,-0.105,0.010,-0.636,-1.603,-9.599,-10.170,10.170,20.254,39.902
12902,16,4.503,-10.363,89.201,-0.017,-0.076,0.059,-0.708,-1.474,-9.599,-10.871,10.871,18.642,40.662
12903,16,4.489,-10.415,89.148,-0.017,-0.076,0.059,-0.708,-1.474,-9.599,-10.863,10.863,18.648,40.656
12904,16,4.467,-10.436,89.097,-0.058,-0.047,0.085,-0.837,-1.464,-9.685,-10.953,10.953,17.619,40.863
12905,16,4.454,-10.441,89.049,-0.058,-0.047,0.085,-0.837,-1.464,-9.613,-10.933,10.933,17.644,40.838
12906,16,4.419,-10.453,89.027,-0.096,-0.025,0.079,-0.866,-1.421,-9.613,-10.603,10.603,17.555,40.288
12907,16,4.332,-10.444,88.968,-0.096,-0.025,0.079,-0.866,-1.421,-9.613,-10.522,10.522,17.655,40.188
12908,16,4.281,-10.468,88.934,-0.129,-0.029,0.061,-0.866,-1.512,-9.532,-9.978,9.978,18.356,39.609
12909,16,4.231,-10.455,88.905,-0.129,-0.029,0.061,-0.866,-1.512,-9.412,-9.891,9.891,18.465,39.500
12910,16,4.180,-10.477,88.896,-0.135,-0.029,0.043,-0.770,-1.627,-9.412,-9.549,9.549,19.019,38.946
12911,16,4.060,-10.475,88.872,-0.135,-0.029,0.043,-0.770,-1.627,-9.412,-9.430,9.430,19.165,38.799
12912,16,4.014,-10.497,88.868,-0.110,-0.030,0.016,-0.665,-1.718,-9.321,-9.063,9.063,20.046,37.949
12913,16,3.974,-10.492,88.865,-0.110,-0.030,0.016,-0.665,-1.718,-9.321,-8.994,8.994,20.131,37.864
12914,16,3.934,-10.507,88.868,-0.091,-0.007,0.004,-0.603,-1.804,-9.345,-8.878,8.878,20.185,37.171
12915,16,3.839,-10.489,88.875,-0.091,-0.007,0.004,-0.603,-1.804,-9.345,-8.792,8.792,20.291,37.065
12916,16,3.812,-10.481,88.868,-0.087,0.040,0.012,-0.536,-1.842,-9.398,-8.773,8.773,19.581,36.406
12917,16,3.770,-10.449,88.865,-0.087,0.040,0.012,-0.536,-1.842,-9.398,-8.694,8.694,19.680,36.307
12918,16,3.743,-10.431,88.856,-0.092,0.072,0.032,-0.512,-1.804,-9.455,-8.877,8.877,18.779,36.295
12919,16,3.647,-10.340,88.838,-0.092,0.072,0.032,-0.512,-1.804,-9.455,-8.785,8.785,18.895,36.178
12920,16,3.615,-10.319,88.802,-0.107,0.072,0.062,-0.469,-1.785,-9.455,-8.936,8.936,18.335,36.738
12921,16,3.565,-10.271,88.768,-0.107,0.072,0.062,-0.469,-1.785,-9.455,-8.843,8.843,18.453,36.620
12922,16,3.547,-10.256,88.748,-0.070,0.064,0.079,-0.397,-1.766,-9.441,-9.204,9.204,18.191,37.126
12923,16,3.487,-10.190,88.686,-0.070,0.064,0.079,-0.397,-1.766,-9.441,-9.140,9.140,18.273,37.044
12924,16,3.508,-10.156,88.637,0.004,0.069,0.083,-0.421,-1.742,-9.599,-9.547,9.547,18.116,37.048
12925,16,3.504,-10.127,88.594,0.004,0.069,0.083,-0.421,-1.742,-9.599,-9.536,9.536,18.132,37.032
12926,16,3.531,-10.086,88.563,0.033,0.088,0.112,-0.608,-1.876,-9.819,-10.078,10.078,17.093,37.523
12927,16,3.563,-9.999,88.471,0.033,0.088,0.112,-0.608,-1.876,-9.819,-10.120,10.120,17.045,37.572
12928,16,3.604,-9.946,88.387,0.028,0.109,0.148,-0.746,-1.919,-9.953,-10.604,10.604,15.784,38.255
12929,16,3.610,-9.904,88.306,0.028,0.109,0.148,-0.746,-1.919,-9.953,-10.608,10.608,15.782,38.257
12930,16,3.645,-9.850,88.268,0.027,0.108,0.140,-0.790,-1.814,-10.034,-10.546,10.546,15.952,38.117
12931,16,3.683,-9.752,88.149,0.027,0.108,0.140,-0.790,-1.814,-10.034,-10.587,10.587,15.906,38.163
12932,16,3.709,-9.712,88.096,0.023,0.078,0.094,-0.794,-1.766,-10.082,-10.042,10.042,17.427,37.494
12933,16,3.721,-9.683,88.041,0.023,0.078,0.094,-0.794,-1.766,-10.082,-10.057,10.057,17.411,37.510
12934,16,3.747,-9.662,88.022,0.032,0.021,0.053,-0.780,-1.842,-10.054,-9.634,9.634,19.182,37.352
12935,16,3.796,-9.660,87.971,0.032,0.021,0.053,-0.780,-1.842,-10.054,-9.674,9.674,19.133,37.401
12936,16,3.812,-9.671,87.937,0.037,-0.034,0.051,-0.770,-1.924,-9.991,-9.743,9.743,19.891,38.226
12937,16,3.837,-9.692,87.902,0.037,-0.034,0.051,-0.770,-1.924,-9.991,-9.790,9.790,19.832,38.285
12938,16,3.847,-9.714,87.880,0.011,-0.076,0.068,-0.723,-1.866,-9.872,-9.891,9.891,19.973,39.331
12939,16,3.882,-9.797,87.810,0.011,-0.076,0.068,-0.723,-1.866,-9.872,-9.919,9.919,19.935,39.369
12940,16,3.880,-9.838,87.764,0.007,-0.095,0.069,-0.694,-1.780,-9.685,-9.965,9.965,20.118,39.734
12941,16,3.905,-9.881,87.718,0.007,-0.095,0.069,-0.694,-1.780,-9.685,-10.015,10.015,20.054,39.798
12942,16,3.907,-9.920,87.696,0.031,-0.100,0.060,-0.684,-1.799,-9.623,-10.024,10.024,20.352,39.652
12943,16,3.968,-10.029,87.632,0.031,-0.100,0.060,-0.684,-1.799,-9.623,-10.076,10.076,20.284,39.720
12944,16,3.976,-10.063,87.605,0.046,-0.093,0.049,-0.679,-1.814,-9.642,-10.107,10.107,20.328,39.463
12945,16,4.017,-10.108,87.570,0.046,-0.093,0.049,-0.679,-1.814,-9.642,-10.186,10.186,20.228,39.563
12946,16,4.029,-10.132,87.556,0.056,-0.059,0.047,-0.718,-1.881,-9.723,-10.237,10.237,19.762,39.055
12947,16,4.089,-10.189,87.511,0.056,-0.059,0.047,-0.718,-1.881,-9.723,-10.305,10.305,19.676,39.141
12948,16,4.104,-10.190,87.487,0.026,-0.011,0.042,-0.713,-1.785,-9.738,-10.154,10.154,19.036,38.411
12949,16,4.121,-10.199,87.463,0.026,-0.011,0.042,-0.713,-1.785,-9.738,-10.186,10.186,18.997,38.450
12950,16,4.114,-10.192,87.459,-0.034,0.021,0.021,-0.689,-1.732,-9.714,-9.621,9.621,19.064,37.470
12951,16,4.080,-10.167,87.446,-0.034,0.021,0.021,-0.689,-1.732,-9.714,-9.590,9.590,19.103,37.431
12952,16,4.068,-10.165,87.439,-0.036,0.021,0.011,-0.708,-1.771,-9.704,-9.393,9.393,19.435,37.099
12953,16,4.053,-10.150,87.436,-0.036,0.021,0.011,-0.708,-1.771,-9.704,-9.365,9.365,19.471,37.063
12954,16,4.038,-10.145,87.435,-0.036,0.021,0.011,-0.670,-1.689,-9.676,-9.338,9.338,19.504,37.030
12955,16,4.011,-10.143,87.428,-0.031,0.000,0.013,-0.670,-1.689,-9.676,-9.364,9.364,19.789,37.354
12956,16,4.000,-10.150,87.419,-0.031,0.000,0.016,-0.670,-1.608,-9.676,-9.368,9.368,19.753,37.389
12957,16,3.995,-10.151,87.412,-0.023,-0.009,0.016,-0.670,-1.608,-9.728,-9.398,9.398,19.884,37.502
12958,16,3.983,-10.158,87.410,-0.023,-0.009,0.016,-0.675,-1.603,-9.776,-9.379,9.379,19.907,37.479
12959,16,3.969,-10.175,87.383,-0.027,-0.023,0.033,-0.675,-1.603,-9.776,-9.560,9.560,19.713,38.100
12960,16,3.954,-10.192,87.359,-0.027,-0.023,0.056,-0.689,-1.622,-9.776,-9.825,9.825,19.160,38.652
12961,16,3.946,-10.202,87.339,-0.043,-0.043,0.056,-0.689,-1.622,-9.814,-9.734,9.734,19.447,38.913
12962,16,3.928,-10.221,87.318,-0.043,-0.043,0.056,-0.694,-1.632,-9.833,-9.707,9.707,19.479,38.881
12963,16,3.905,-10.264,87.259,-0.040,-0.062,0.074,-0.694,-1.632,-9.833,-9.910,9.910,19.351,39.557
12964,16,3.888,-10.300,87.217,-0.040,-0.062,0.087,-0.756,-1.656,-9.833,-10.049,10.049,19.043,39.865
12965,16,3.884,-10.323,87.182,-0.053,-0.080,0.087,-0.756,-1.656,-9.833,-9.983,9.983,19.302,40.123
12966,16,3.858,-10.356,87.148,-0.053,-0.080,0.087,-0.751,-1.694,-9.790,-9.945,9.945,19.348,40.077
12967,16,3.844,-10.426,87.075,-0.036,-0.094,0.092,-0.751,-1.694,-9.790,-10.076,10.076,19.445,40.377
12968,16,3.833,-10.477,87.027,-0.036,-0.094,0.092,-0.737,-1.742,-9.790,-10.062,10.062,19.458,40.364
12969,16,3.838,-10.512,86.988,-0.047,-0.105,0.089,-0.737,-1.742,-9.795,-9.997,9.997,19.658,40.498
12970,16,3.812,-10.555,86.954,-0.047,-0.105,0.089,-0.727,-1.747,-9.690,-9.961,9.961,19.700,40.456
12971,16,3.769,-10.636,86.888,-0.070,-0.108,0.086,-0.727,-1.747,-9.690,-9.763,9.763,19.857,40.360
12972,16,3.747,-10.692,86.841,-0.070,-0.108,0.086,-0.727,-1.823,-9.690,-9.717,9.717,19.909,40.308
12973,16,3.745,-10.729,86.802,-0.061,-0.119,0.087,-0.727,-1.823,-9.633,-9.780,9.780,20.045,40.507
12974,16,3.715,-10.783,86.769,-0.061,-0.119,0.087,-0.775,-1.861,-9.566,-9.737,9.737,20.095,40.457
12975,16,3.696,-10.880,86.688,-0.046,-0.128,0.100,-0.775,-1.861,-9.566,-9.961,9.961,19.906,40.889
12976,16,3.684,-10.943,86.629,-0.046,-0.128,0.100,-0.723,-1.909,-9.566,-9.946,9.946,19.919,40.876
12977,16,3.690,-10.988,86.584,-0.051,-0.126,0.100,-0.723,-1.909,-9.460,-9.939,9.939,19.862,40.872
12978,16,3.665,-11.041,86.546,-0.051,-0.126,0.100,-0.613,-1.871,-9.336,-9.905,9.905,19.901,40.834
12979,16,3.631,-11.123,86.494,-0.058,-0.107,0.065,-0.613,-1.871,-9.336,-9.405,9.405,20.538,39.649
12980,16,3.612,-11.170,86.474,-0.058,-0.107,0.065,-0.502,-1.943,-9.336,-9.363,9.363,20.586,39.601
12981,16,3.605,-11.192,86.472,-0.046,-0.075,0.007,-0.502,-1.943,-9.298,-8.695,8.695,21.575,37.698
12982,16,3.579,-11.230,86.475,-0.046,-0.075,0.007,-0.416,-2.015,-9.278,-8.655,8.655,21.622,37.651
12983,16,3.535,-11.255,86.499,-0.049,-0.030,-0.021,-0.416,-2.015,-9.278,-8.232,8.232,21.761,36.234
12984,16,3.506,-11.254,86.517,-0.049,-0.030,-0.021,-0.301,-2.010,-9.278,-8.156,8.156,21.855,36.140
12985,16,3.474,-11.235,86.533,-0.054,0.028,-0.029,-0.301,-2.010,-9.293,-7.976,7.976,21.295,35.057
12986,16,3.453,-11.231,86.545,-0.054,0.028,-0.029,-0.292,-1.943,-9.446,-7.938,7.938,21.342,35.009
12987,16,3.403,-11.143,86.568,-0.050,0.103,-0.020,-0.292,-1.943,-9.446,-7.998,7.998,20.136,34.054
12988,16,3.360,-11.070,86.572,-0.050,0.103,-0.020,-0.330,-1.924,-9.446,-7.878,7.878,20.292,33.899
12989,16,3.298,-10.992,86.568,-0.088,0.159,0.028,-0.330,-1.924,-9.599,-8.166,8.166,18.455,34.153
12990,16,3.283,-10.937,86.554,-0.088,0.159,0.028,-0.383,-1.909,-9.680,-8.130,8.130,18.503,34.105
12991,16,3.233,-10.795,86.481,-0.070,0.166,0.089,-0.383,-1.909,-9.680,-8.920,8.920,16.946,35.449
12992,16,3.218,-10.707,86.420,-0.070,0.166,0.089,-0.512,-1.895,-9.680,-8.845,8.845,17.047,35.348
12993,16,3.202,-10.653,86.371,-0.014,0.134,0.131,-0.512,-1.895,-9.824,-9.609,9.609,16.514,36.794
12994,16,3.222,-10.592,86.314,-0.014,0.134,0.131,-0.679,-1.914,-9.977,-9.635,9.635,16.485,36.823
12995,16,3.266,-10.508,86.184,0.028,0.096,0.153,-0.679,-1.914,-9.977,-10.163,10.163,16.427,37.977
12996,16,3.295,-10.463,86.095,0.028,0.096,0.153,-0.785,-1.890,-9.977,-10.228,10.228,16.350,38.053
12997,16,3.308,-10.440,86.032,0.022,0.062,0.149,-0.785,-1.890,-10.039,-10.167,10.167,16.922,38.456
12998,16,3.337,-10.406,85.967,0.022,0.062,0.149,-0.794,-1.904,-10.054,-10.211,10.211,16.869,38.509
12999,16,3.355,-10.378,85.861,0.001,0.036,0.115,-0.794,-1.904,-10.054,-9.698,9.698,18.063,38.045
13000,16,3.370,-10.366,85.808,0.001,0.036,0.115,-0.775,-1.885,-10.054,-9.729,9.729,18.027,38.082
13001,16,3.378,-10.371,85.777,0.006,0.002,0.065,-0.775,-1.885,-10.063,-9.144,9.144,19.747,37.335
13002,16,3.388,-10.366,85.747,0.006,0.002,0.065,-0.703,-1.904,-9.982,-9.160,9.160,19.727,37.355
13003,16,3.410,-10.411,85.714,0.017,-0.052,0.036,-0.703,-1.904,-9.982,-8.886,8.886,21.181,37.453
13004,16,3.424,-10.460,85.693,0.017,-0.052,0.036,-0.613,-1.928,-9.982,-8.931,8.931,21.122,37.513
13005,16,3.448,-10.514,85.674,0.009,-0.113,0.027,-0.613,-1.928,-9.767,-8.819,8.819,22.164,38.205
13006,16,3.438,-10.561,85.664,0.009,-0.113,0.027,-0.431,-1.981,-9.532,-8.810,8.810,22.172,38.197
13007,16,3.460,-10.684,85.640,0.017,-0.140,0.015,-0.431,-1.981,-9.532,-8.740,8.740,22.799,38.331
13008,16,3.480,-10.762,85.628,0.017,-0.140,0.015,-0.373,-1.976,-9.532,-8.810,8.810,22.705,38.425
13009,16,3.525,-10.823,85.619,0.052,-0.128,0.006,-0.373,-1.976,-9.441,-8.969,8.969,22.636,38.159
13010,16,3.525,-10.875,85.615,0.052,-0.128,0.006,-0.416,-1.919,-9.518,-8.978,8.978,22.622,38.173
13011,16,3.593,-10.939,85.589,0.074,-0.075,0.025,-0.416,-1.919,-9.518,-9.393,9.393,21.304,37.969
13012,16,3.621,-10.962,85.560,0.074,-0.075,0.025,-0.464,-1.857,-9.518,-9.492,9.492,21.178,38.096
13013,16,3.635,-10.972,85.531,0.020,-0.012,0.070,-0.464,-1.857,-9.618,-9.824,9.824,19.103,38.375
13014,16,3.645,-10.972,85.501,0.020,-0.012,0.070,-0.431,-1.804,-9.575,-9.841,9.841,19.081,38.397
13015,16,3.628,-10.918,85.417,-0.033,0.059,0.107,-0.431,-1.804,-9.575,-9.995,9.995,17.214,38.255
13016,16,3.622,-10.867,85.357,-0.033,0.059,0.107,-0.445,-1.857,-9.575,-9.970,9.970,17.250,38.219
13017,16,3.600,-10.820,85.329,-0.022,0.108,0.119,-0.445,-1.857,-9.652,-10.137,10.137,16.290,37.779
13018,16,3.614,-10.772,85.264,-0.022,0.108,0.119,-0.522,-1.771,-9.819,-10.153,10.153,16.273,37.796
13019,16,3.615,-10.690,85.168,-0.014,0.089,0.121,-0.522,-1.771,-9.819,-10.191,10.191,16.519,38.067
13020,16,3.621,-10.651,85.106,-0.014,0.089,0.121,-0.546,-1.804,-9.819,-10.214,10.214,16.496,38.090
13021,16,3.621,-10.633,85.072,0.004,0.040,0.117,-0.546,-1.804,-9.819,-10.247,10.247,17.308,38.678
13022,16,3.636,-10.610,85.012,0.004,0.040,0.117,-0.608,-1.833,-9.857,-10.269,10.269,17.283,38.703
13023,16,3.654,-10.597,84.924,0.006,0.009,0.113,-0.608,-1.833,-9.857,-10.239,10.239,17.831,39.069
13024,16,3.659,-10.591,84.866,0.006,0.009,0.113,-0.684,-1.919,-9.857,-10.262,10.262,17.803,39.096
13025,16,3.650,-10.580,84.843,-0.022,0.011,0.102,-0.684,-1.919,-9.862,-9.969,9.969,18.059,38.779
13026,16,3.651,-10.579,84.785,-0.022,0.011,0.102,-0.718,-1.995,-9.781,-9.969,9.969,18.059,38.780
13027,16,3.611,-10.564,84.720,-0.059,0.015,0.085,-0.718,-1.995,-9.781,-9.535,9.535,18.474,38.242
13028,16,3.582,-10.556,84.683,-0.059,0.015,0.085,-0.670,-1.967,-9.781,-9.453,9.453,18.576,38.140
13029,16,3.558,-10.547,84.671,-0.063,0.004,0.052,-0.670,-1.967,-9.709,-8.976,8.976,19.608,37.413
13030,16,3.539,-10.555,84.643,-0.063,0.004,0.052,-0.617,-1.938,-9.700,-8.944,8.944,19.647,37.374
13031,16,3.497,-10.571,84.616,-0.053,-0.015,0.031,-0.617,-1.938,-9.700,-8.694,8.694,20.492,37.077
13032,16,3.475,-10.581,84.595,-0.053,-0.015,0.031,-0.613,-1.895,-9.700,-8.620,8.620,20.583,36.986
13033,16,3.464,-10.584,84.579,-0.042,-0.020,0.047,-0.613,-1.895,-9.776,-8.860,8.860,20.282,37.440
13034,16,3.447,-10.599,84.553,-0.042,-0.020,0.047,-0.694,-1.876,-9.829,-8.834,8.834,20.313,37.408
13035,16,3.455,-10.617,84.482,-0.006,-0.020,0.078,-0.694,-1.876,-9.829,-9.411,9.411,19.522,38.199
13036,16,3.468,-10.627,84.433,-0.006,-0.020,0.078,-0.780,-1.885,-9.829,-9.435,9.435,19.490,38.231
13037,16,3.475,-10.636,84.409,0.003,-0.017,0.086,-0.780,-1.885,-9.877,-9.605,9.605,19.213,38.417
13038,16,3.485,-10.639,84.361,0.003,-0.017,0.086,-0.809,-1.928,-9.795,-9.622,9.622,19.191,38.438
13039,16,3.466,-10.664,84.307,-0.038,-0.027,0.061,-0.809,-1.928,-9.795,-9.086,9.086,19.978,37.926
13040,16,3.452,-10.686,84.285,-0.038,-0.027,0.061,-0.751,-1.986,-9.795,-9.046,9.046,20.025,37.879
13041,16,3.446,-10.704,84.280,-0.039,-0.052,0.012,-0.751,-1.986,-9.666,-8.420,8.420,21.624,37.010
13042,16,3.426,-10.732,84.274,-0.039,-0.052,0.012,-0.627,-1.952,-9.508,-8.390,8.390,21.660,36.974
13043,16,3.399,-10.796,84.299,-0.030,-0.067,-0.034,-0.627,-1.952,-9.508,-7.866,7.866,23.016,36.045
13044,16,3.382,-10.835,84.319,-0.030,-0.067,-0.034,-0.483,-1.938,-9.508,-7.806,7.806,23.086,35.975
13045,16,3.377,-10.855,84.332,-0.031,-0.056,-0.049,-0.483,-1.938,-9.451,-7.609,7.609,23.312,35.444
13046,16,3.354,-10.889,84.355,-0.031,-0.056,-0.049,-0.469,-1.952,-9.489,-7.575,7.575,23.352,35.404
13047,16,3.330,-10.914,84.384,-0.021,-0.022,-0.037,-0.469,-1.952,-9.489,-7.755,7.755,22.590,35.192
13048,16,3.322,-10.916,84.392,-0.021,-0.022,-0.037,-0.464,-1.871,-9.489,-7.718,7.718,22.635,35.147
13049,16,3.314,-10.909,84.393,-0.014,0.020,-0.005,-0.464,-1.871,-9.566,-8.140,8.140,21.246,35.319
13050,16,3.309,-10.904,84.391,-0.014,0.020,-0.005,-0.526,-1.790,-9.738,-8.130,8.130,21.258,35.306
13051,16,3.315,-10.854,84.355,-0.002,0.059,0.039,-0.526,-1.790,-9.738,-8.737,8.737,19.607,35.862
13052,16,3.326,-10.822,84.323,-0.002,0.059,0.039,-0.603,-1.747,-9.738,-8.765,8.765,19.575,35.894
13053,16,3.335,-10.804,84.300,0.019,0.050,0.077,-0.603,-1.747,-9.829,-9.350,9.350,18.751,36.962
13054,16,3.358,-10.777,84.259,0.019,0.050,0.077,-0.675,-1.756,-9.958,-9.384,9.384,18.709,37.003
13055,16,3.421,-10.755,84.187,0.059,0.021,0.087,-0.675,-1.756,-9.958,-9.765,9.765,18.791,37.743
13056,16,3.455,-10.752,84.136,0.059,0.021,0.087,-0.723,-1.737,-9.958,-9.879,9.879,18.651,37.883
13057,16,3.483,-10.765,84.111,0.034,-0.022,0.087,-0.723,-1.737,-10.039,-9.807,9.807,19.212,38.570
13058,16,3.500,-10.766,84.064,0.034,-0.022,0.087,-0.689,-1.761,-9.982,-9.837,9.837,19.175,38.607
13059,16,3.522,-10.808,84.013,0.011,-0.058,0.061,-0.689,-1.761,-9.982,-9.424,9.424,20.295,38.491
13060,16,3.539,-10.844,83.988,0.011,-0.058,0.061,-0.708,-1.890,-9.982,-9.467,9.467,20.239,38.548
13061,16,3.565,-10.884,83.977,0.022,-0.086,0.033,-0.708,-1.890,-9.944,-9.231,9.231,21.276,38.332
13062,16,3.568,-10.914,83.963,0.022,-0.086,0.033,-0.703,-1.943,-9.857,-9.242,9.242,21.261,38.347
13063,16,3.575,-11.002,83.941,0.002,-0.107,0.023,-0.703,-1.943,-9.857,-9.060,9.060,21.738,38.449
13064,16,3.576,-11.065,83.937,0.002,-0.107,0.023,-0.608,-1.943,-9.857,-9.061,9.061,21.730,38.456
13065,16,3.587,-11.111,83.931,-0.014,-0.125,0.004,-0.608,-1.943,-9.599,-8.768,8.768,22.433,38.271
13066,16,3.567,-11.165,83.934,-0.014,-0.125,0.004,-0.536,-1.976,-9.427,-8.743,8.743,22.461,38.243
13067,16,3.573,-11.284,83.946,0.007,-0.140,-0.018,-0.536,-1.976,-9.427,-8.620,8.620,23.168,37.962
13068,16,3.575,-11.359,83.961,0.007,-0.140,-0.018,-0.502,-2.000,-9.427,-8.618,8.618,23.162,37.968
13069,16,3.598,-11.413,83.967,0.007,-0.129,-0.033,-0.502,-2.000,-9.398,-8.480,8.480,23.319,37.507
13070,16,3.579,-11.469,83.989,0.007,-0.129,-0.033,-0.431,-2.043,-9.379,-8.457,8.457,23.345,37.481
13071,16,3.575,-11.550,84.018,0.004,-0.094,-0.036,-0.431,-2.043,-9.379,-8.430,8.430,22.884,36.937
13072,16,3.571,-11.590,84.035,0.004,-0.094,-0.036,-0.330,-2.053,-9.379,-8.408,8.408,22.907,36.915
13073,16,3.565,-11.606,84.045,-0.013,-0.053,-0.025,-0.330,-2.053,-9.384,-8.463,8.463,22.042,36.622
13074,16,3.551,-11.637,84.058,-0.013,-0.053,-0.025,-0.273,-1.995,-9.436,-8.442,8.442,22.066,36.599
13075,16,3.561,-11.641,84.062,0.016,-0.005,0.002,-0.273,-1.995,-9.436,-8.932,8.932,20.699,36.596
13076,16,3.572,-11.635,84.046,0.016,-0.005,0.002,-0.316,-1.967,-9.436,-8.956,8.956,20.669,36.626
13077,16,3.581,-11.627,84.030,0.025,0.023,0.055,-0.316,-1.967,-9.604,-9.678,9.678,18.910,37.563
13078,16,3.592,-11.611,84.005,0.025,0.023,0.055,-0.392,-1.914,-9.743,-9.696,9.696,18.889,37.585
13079,16,3.621,-11.570,83.919,0.020,0.040,0.108,-0.392,-1.914,-9.743,-10.341,10.341,17.324,38.662
13080,16,3.634,-11.545,83.856,0.020,0.040,0.108,-0.474,-1.838,-9.743,-10.389,10.389,17.267,38.719
13081,16,3.636,-11.534,83.826,-0.004,0.033,0.124,-0.474,-1.838,-9.810,-10.469,10.469,16.972,39.227
13082,16,3.642,-11.507,83.759,-0.004,0.033,0.124,-0.488,-1.838,-9.743,-10.474,10.474,16.968,39.232
13083,16,3.621,-11.501,83.670,-0.039,-0.002,0.109,-0.488,-1.838,-9.743,-10.087,10.087,17.873,39.331
13084,16,3.603,-11.503,83.619,-0.039,-0.002,0.109,-0.493,-1.909,-9.743,-10.043,10.043,17.928,39.276
13085,16,3.596,-11.513,83.597,-0.034,-0.030,0.087,-0.493,-1.909,-9.613,-9.793,9.793,18.869,39.126
13086,16,3.582,-11.522,83.551,-0.034,-0.030,0.087,-0.512,-1.957,-9.575,-9.768,9.768,18.899,39.096
13087,16,3.568,-11.544,83.482,-0.025,-0.032,0.091,-0.512,-1.957,-9.575,-9.852,9.852,18.854,39.202
13088,16,3.556,-11.551,83.430,-0.025,-0.032,0.091,-0.498,-1.938,-9.575,-9.816,9.816,18.898,39.158
13089,16,3.549,-11.550,83.399,-0.046,-0.010,0.111,-0.498,-1.938,-9.599,-9.950,9.950,18.088,39.329
13090,16,3.530,-11.550,83.343,-0.046,-0.010,0.111,-0.455,-1.957,-9.580,-9.916,9.916,18.130,39.287
13091,16,3.467,-11.523,83.234,-0.094,0.020,0.137,-0.455,-1.957,-9.580,-9.944,9.944,17.121,39.443
13092,16,3.436,-11.501,83.158,-0.094,0.020,0.137,-0.455,-1.971,-9.580,-9.835,9.835,17.258,39.307
13093,16,3.422,-11.488,83.118,-0.068,0.039,0.156,-0.455,-1.971,-9.556,-10.163,10.163,16.565,39.451
13094,16,3.399,-11.458,83.036,-0.068,0.039,0.156,-0.493,-2.034,-9.642,-10.116,10.116,16.625,39.392
13095,16,3.403,-11.432,82.902,-0.022,0.021,0.169,-0.493,-2.034,-9.642,-10.515,10.515,16.542,39.992
13096,16,3.402,-11.420,82.808,-0.022,0.021,0.169,-0.574,-2.034,-9.642,-10.518,10.518,16.540,39.994
13097,16,3.402,-11.414,82.761,-0.035,0.005,0.178,-0.574,-2.034,-9.738,-10.558,10.558,16.558,40.432
13098,16,3.396,-11.407,82.662,-0.035,0.005,0.178,-0.627,-2.058,-9.767,-10.548,10.548,16.572,40.419
13099,16,3.382,-11.387,82.517,-0.050,0.012,0.177,-0.627,-2.058,-9.767,-10.440,10.440,16.533,40.275
13100,16,3.368,-11.378,82.427,-0.050,0.012,0.177,-0.660,-2.062,-9.767,-10.406,10.406,16.576,40.232
13101,16,3.363,-11.373,82.383,-0.053,0.009,0.162,-0.660,-2.062,-9.795,-10.193,10.193,17.009,39.891
13102,16,3.351,-11.366,82.292,-0.053,0.009,0.162,-0.665,-2.077,-9.795,-10.172,10.172,17.035,39.864
13103,16,3.313,-11.366,82.174,-0.069,-0.006,0.146,-0.665,-2.077,-9.795,-9.858,9.858,17.691,39.635
13104,16,3.295,-11.373,82.091,-0.069,-0.006,0.146,-0.718,-2.105,-9.795,-9.794,9.794,17.769,39.556
13105,16,3.284,-11.378,82.052,-0.064,-0.027,0.145,-0.718,-2.105,-9.767,-9.790,9.790,18.107,39.797
13106,16,3.269,-11.392,81.968,-0.064,-0.027,0.145,-0.880,-2.153,-9.757,-9.765,9.765,18.137,39.767
13107,16,3.237,-11.424,81.838,-0.069,-0.043,0.154,-0.880,-2.153,-9.757,-9.839,9.839,18.148,40.212
13108,16,3.221,-11.450,81.752,-0.069,-0.043,0.154,-0.943,-2.096,-9.757,-9.782,9.782,18.217,40.143
13109,16,3.211,-11.465,81.707,-0.069,-0.050,0.147,-0.943,-2.096,-9.762,-9.675,9.675,18.527,40.046
13110,16,3.192,-11.490,81.621,-0.069,-0.050,0.147,-0.986,-2.105,-9.714,-9.644,9.644,18.563,40.010
13111,16,3.166,-11.539,81.520,-0.069,-0.060,0.115,-0.986,-2.105,-9.714,-9.239,9.239,19.506,39.341
13112,16,3.139,-11.582,81.459,-0.069,-0.060,0.115,-0.957,-2.201,-9.714,-9.165,9.165,19.594,39.253
13113,16,3.123,-11.608,81.432,-0.091,-0.089,0.081,-0.957,-2.201,-9.566,-8.609,8.609,20.900,38.799
13114,16,3.090,-11.657,81.382,-0.091,-0.089,0.081,-0.986,-2.306,-9.436,-8.557,8.557,20.962,38.737
13115,16,3.081,-11.754,81.329,-0.040,-0.109,0.049,-0.986,-2.306,-9.436,-8.436,8.436,21.998,38.250
13116,16,3.092,-11.825,81.301,-0.040,-0.109,0.049,-1.019,-2.402,-9.436,-8.437,8.437,21.990,38.257
13117,16,3.108,-11.861,81.288,0.025,-0.123,0.020,-1.019,-2.402,-9.508,-8.438,8.438,22.861,37.782
13118,16,3.134,-11.936,81.267,0.025,-0.123,0.020,-1.062,-2.440,-9.489,-8.495,8.495,22.786,37.857
13119,16,3.179,-12.052,81.258,0.031,-0.127,-0.015,-1.062,-2.440,-9.489,-8.179,8.179,23.608,37.157
13120,16,3.211,-12.122,81.273,0.031,-0.127,-0.015,-1.038,-2.421,-9.489,-8.255,8.255,23.507,37.258
13121,16,3.226,-12.151,81.290,0.049,-0.089,-0.082,-1.038,-2.421,-9.518,-7.539,7.539,24.610,35.089
13122,16,3.260,-12.212,81.324,0.049,-0.089,-0.082,-1.038,-2.421,-9.518,-7.609,7.609,24.519,35.181
13123,16,3.297,-12.284,81.419,0.051,-0.051,-0.158,-0.957,-2.440,-9.637,-7.672,7.672,24.437,35.262
13124,16,3.320,-12.326,81.495,0.051,-0.051,-0.158,-0.957,-2.440,-9.637,-6.801,6.801,25.696,32.907
13125,16,3.313,-12.350,81.548,-0.010,-0.062,-0.209,-0.756,-2.417,-9.618,-5.851,5.851,27.135,31.773
13126,16,3.295,-12.399,81.655,-0.010,-0.062,-0.209,-0.756,-2.417,-9.618,-5.826,5.826,27.164,31.745
13127,16,3.260,-12.492,81.833,-0.011,-0.089,-0.240,-0.632,-2.460,-9.566,-5.827,5.827,27.160,31.748
13128,16,3.236,-12.556,81.952,-0.011,-0.089,-0.240,-0.632,-2.460,-9.566,-5.354,5.354,28.424,31.275
13129,16,3.242,-12.592,82.013,0.064,-0.094,-0.246,-0.483,-2.455,-9.503,-5.664,5.664,28.622,31.199
13130,16,3.258,-12.658,82.139,0.064,-0.094,-0.246,-0.483,-2.455,-9.503,-5.703,5.703,28.569,31.252
13131,16,3.285,-12.738,82.325,0.075,-0.052,-0.241,-0.435,-2.330,-9.503,-5.752,5.752,28.505,31.317
13132,16,3.303,-12.784,82.453,0.075,-0.052,-0.241,-0.435,-2.330,-9.503,-5.927,5.927,27.705,30.930
13133,16,3.316,-12.785,82.517,0.095,0.020,-0.246,-0.345,-2.134,-9.465,-5.985,5.985,26.773,29.791
13134,16,3.343,-12.789,82.653,0.095,0.020,-0.246,-0.345,-2.134,-9.465,-6.036,6.036,26.710,29.855
13135,16,3.370,-12.749,82.853,0.076,0.093,-0.235,-0.306,-1.991,-9.307,-6.042,6.042,26.702,29.863
13136,16,3.382,-12.707,82.991,0.076,0.093,-0.235,-0.306,-1.991,-9.307,-6.129,6.129,25.342,29.153
13137,16,3.404,-12.659,83.052,0.123,0.175,-0.212,-0.278,-1.976,-9.073,-6.690,6.690,23.546,28.605
13138,16,3.447,-12.573,83.175,0.123,0.175,-0.212,-0.278,-1.976,-9.073,-6.753,6.753,23.471,28.680
16381,16,11.298,5.489,151.492,0.000,-0.000,0.000,-1.991,0.770,-9.656,-15.091,15.091,15.814,41.329
16382,16,11.299,5.484,151.504,0.000,-0.000,0.000,-1.991,0.770,-9.656,-15.076,15.076,15.806,41.337
16383,16,11.302,5.480,151.520,0.000,-0.000,0.000,-1.967,0.775,-9.676,-15.080,15.080,15.801,41.342
16384,16,11.303,5.474,151.538,0.000,-0.000,0.000,-1.967,0.775,-9.676,-15.084,15.084,15.796,41.347
16385,16,11.306,5.465,151.563,0.003,-0.000,0.000,-1.976,0.780,-9.671,-15.086,15.086,15.792,41.351
16386,16,11.307,5.461,151.570,0.003,-0.000,0.000,-1.976,0.780,-9.671,-15.108,15.108,15.783,41.359
16387,16,11.312,5.457,151.584,0.003,-0.000,0.000,-1.981,0.780,-9.661,-15.115,15.115,15.776,41.367
16388,16,11.314,5.452,151.602,0.003,-0.000,0.000,-1.981,0.780,-9.661,-15.119,15.119,15.771,41.372
16389,16,11.317,5.443,151.627,-0.002,-0.000,0.000,-1.991,0.780,-9.671,-15.121,15.121,15.767,41.376
16390,16,11.318,5.438,151.634,-0.002,-0.000,0.000,-1.991,0.780,-9.671,-15.101,15.101,15.758,41.384
16391,16,11.316,5.432,151.651,-0.005,-0.000,0.000,-1.967,0.770,-9.676,-15.085,15.085,15.757,41.386
16392,16,11.317,5.431,151.669,-0.005,-0.000,0.000,-1.967,0.770,-9.676,-15.087,15.087,15.755,41.388
16393,16,11.316,5.421,151.690,-0.000,-0.000,0.000,-1.971,0.780,-9.671,-15.086,15.086,15.754,41.389
16394,16,11.317,5.417,151.698,-0.000,-0.000,0.000,-1.971,0.780,-9.671,-15.119,15.119,15.746,41.397
16395,16,11.319,5.412,151.715,-0.000,-0.000,0.000,-1.976,0.780,-9.676,-15.122,15.122,15.741,41.402
16396,16,11.321,5.407,151.729,0.003,-0.000,0.000,-1.976,0.780,-9.676,-15.142,15.142,15.737,41.406
16397,16,11.323,5.398,151.750,-0.001,-0.000,0.000,-1.986,0.780,-9.680,-15.148,15.148,15.730,41.413
16398,16,11.324,5.394,151.757,-0.001,-0.000,0.000,-1.986,0.780,-9.680,-15.129,15.129,15.725,41.418
16399,16,11.326,5.389,151.771,-0.001,-0.000,0.000,-1.962,0.775,-9.680,-15.132,15.132,15.720,41.423
16400,16,11.327,5.384,151.785,-0.000,-0.000,0.000,-1.962,0.775,-9.680,-15.141,15.141,15.716,41.427
16401,16,11.333,5.377,151.803,0.005,-0.000,0.000,-1.976,0.780,-9.666,-15.141,15.141,15.715,41.428
16402,16,11.334,5.372,151.810,0.005,-0.000,0.000,-1.976,0.780,-9.666,-15.179,15.179,15.701,41.442
16403,16,11.339,5.368,151.824,0.005,-0.000,0.000,-1.986,0.775,-9.671,-15.186,15.186,15.693,41.450
16404,16,11.341,5.364,151.835,0.002,-0.000,0.000,-1.986,0.775,-9.671,-15.173,15.173,15.689,41.454
16405,16,11.343,5.355,151.856,-0.002,-0.000,0.000,-1.981,0.780,-9.676,-15.174,15.174,15.688,41.455
16406,16,11.344,5.351,151.863,-0.002,-0.000,0.000,-1.981,0.780,-9.676,-15.160,15.160,15.677,41.466
16407,16,11.342,5.349,151.874,-0.002,-0.000,0.000,-1.971,0.780,-9.671,-15.158,15.158,15.679,41.464
16408,16,11.343,5.344,151.888,-0.002,-0.000,0.000,-1.971,0.780,-9.671,-15.161,15.161,15.675,41.468
16409,16,11.346,5.335,151.908,-0.000,-0.000,0.000,-1.971,0.775,-9.680,-15.162,15.162,15.674,41.469
16410,16,11.347,5.331,151.916,-0.000,-0.000,0.000,-1.971,0.775,-9.680,-15.181,15.181,15.663,41.480
16411,16,11.348,5.330,151.930,-0.000,-0.000,0.000,-1.971,0.780,-9.671,-15.182,15.182,15.661,41.482
16412,16,11.349,5.326,151.937,0.004,-0.000,0.000,-1.971,0.780,-9.671,-15.206,15.206,15.658,41.485
16413,16,11.355,5.317,151.962,0.000,-0.000,0.000,-1.991,0.780,-9.676,-15.213,15.213,15.650,41.493
16414,16,11.355,5.317,151.969,0.000,-0.000,0.000,-1.991,0.780,-9.676,-15.195,15.195,15.645,41.498
16415,16,11.353,5.311,151.983,0.000,-0.000,0.000,-1.976,0.780,-9.680,-15.195,15.195,15.644,41.499
16416,16,11.354,5.307,151.990,-0.003,-0.000,0.000,-1.976,0.780,-9.680,-15.181,15.181,15.640,41.503
16417,16,11.358,5.297,152.018,-0.000,-0.000,0.000,-1.976,0.780,-9.676,-15.185,15.185,15.635,41.508
16418,16,11.358,5.297,152.022,-0.000,-0.000,0.000,-1.976,0.780,-9.676,-15.204,15.204,15.631,41.512
16419,16,11.359,5.292,152.035,-0.000,-0.000,0.000,-1.976,0.775,-9.666,-15.208,15.208,15.626,41.517
16420,16,11.357,5.288,152.039,-0.000,-0.000,0.000,-1.976,0.775,-9.666,-15.206,15.206,15.626,41.517
16421,16,11.363,5.279,152.064,0.001,-0.000,0.000,-1.981,0.775,-9.685,-15.210,15.210,15.621,41.521
16422,16,11.363,5.279,152.067,0.001,-0.000,0.000,-1.981,0.775,-9.685,-15.222,15.222,15.614,41.529
16423,16,11.365,5.271,152.074,0.001,-0.000,0.000,-1.976,0.780,-9.676,-15.227,15.227,15.607,41.536
16424,16,11.366,5.267,152.077,0.000,-0.000,0.000,-1.976,0.780,-9.676,-15.224,15.224,15.604,41.539
16425,16,11.367,5.263,152.092,0.001,-0.000,0.000,-1.976,0.780,-9.676,-15.224,15.224,15.603,41.540
16426,16,11.369,5.259,152.095,0.001,-0.000,0.000,-1.976,0.780,-9.676,-15.235,15.235,15.596,41.547
16427,16,11.370,5.255,152.101,0.001,-0.000,0.000,-1.976,0.775,-9.666,-15.238,15.238,15.592,41.551
16428,16,11.371,5.251,152.105,0.000,-0.000,0.000,-1.976,0.775,-9.666,-15.234,15.234,15.589,41.554
16429,16,11.373,5.243,152.115,0.000,-0.000,0.000,-1.971,0.780,-9.676,-15.237,15.237,15.585,41.557
16430,16,11.374,5.240,152.119,0.000,-0.000,0.000,-1.971,0.780,-9.676,-15.242,15.242,15.578,41.564
16431,16,11.375,5.236,152.122,0.000,-0.000,0.000,-1.976,0.770,-9.676,-15.244,15.244,15.575,41.568
16432,16,11.376,5.232,152.126,0.000,-0.000,0.000,-1.976,0.770,-9.676,-15.246,15.246,15.572,41.571
16433,16,11.378,5.224,152.139,-0.001,-0.000,0.000,-1.976,0.780,-9.680,-15.247,15.247,15.571,41.572
16434,16,11.375,5.223,152.143,-0.001,-0.000,0.000,-1.976,0.780,-9.680,-15.243,15.243,15.567,41.576
16435,16,11.376,5.219,152.149,-0.001,-0.000,0.000,-1.971,0.780,-9.680,-15.246,15.246,15.563,41.579
16436,16,11.377,5.215,152.153,-0.000,-0.000,0.000,-1.971,0.780,-9.680,-15.254,15.254,15.560,41.583
16437,16,11.379,5.207,152.167,-0.000,-0.000,0.000,-1.976,0.780,-9.671,-15.257,15.257,15.557,41.586
16438,16,11.379,5.206,152.170,-0.000,-0.000,0.000,-1.976,0.780,-9.671,-15.260,15.260,15.552,41.590
16439,16,11.381,5.202,152.177,-0.000,-0.000,0.000,-1.981,0.775,-9.661,-15.262,15.262,15.549,41.594
16440,16,11.381,5.198,152.181,-0.001,-0.000,0.000,-1.981,0.775,-9.661,-15.259,15.259,15.545,41.597
16441,16,11.380,5.190,152.191,-0.003,-0.000,0.000,-1.976,0.775,-9.671,-15.262,15.262,15.542,41.601
16442,16,11.380,5.189,152.194,-0.003,-0.000,0.000,-1.976,0.775,-9.671,-15.250,15.250,15.541,41.602
16443,16,11.382,5.185,152.201,-0.003,-0.000,0.000,-1.976,0.775,-9.676,-15.253,15.253,15.538,41.605
16444,16,11.379,5.181,152.204,-0.002,-0.000,0.000,-1.976,0.775,-9.676,-15.257,15.257,15.538,41.605
16445,16,11.380,5.176,152.215,-0.001,-0.000,0.000,-1.971,0.775,-9.680,-15.258,15.258,15.537,41.606
16446,16,11.381,5.173,152.215,-0.001,-0.000,0.000,-1.971,0.775,-9.680,-15.268,15.268,15.531,41.612
16447,16,11.382,5.169,152.221,-0.001,-0.000,0.000,-1.971,0.775,-9.666,-15.270,15.270,15.527,41.616
16448,16,11.383,5.165,152.224,0.001,-0.000,0.000,-1.971,0.775,-9.666,-15.284,15.284,15.523,41.619
16449,16,11.385,5.158,152.231,0.003,-0.000,0.000,-1.971,0.780,-9.676,-15.286,15.286,15.520,41.623
16450,16,11.389,5.158,152.235,0.003,-0.000,0.000,-1.971,0.780,-9.676,-15.303,15.303,15.513,41.630
16451,16,11.390,5.154,152.242,0.003,-0.000,0.000,-1.976,0.780,-9.671,-15.305,15.305,15.510,41.633
16452,16,11.391,5.150,152.245,0.001,-0.000,0.000,-1.976,0.780,-9.671,-15.297,15.297,15.506,41.637
16453,16,11.393,5.142,152.256,0.000,-0.000,0.000,-1.986,0.785,-9.666,-15.300,15.300,15.502,41.641
16454,16,11.393,5.142,152.262,0.000,-0.000,0.000,-1.986,0.785,-9.666,-15.297,15.297,15.498,41.645
16455,16,11.394,5.137,152.270,0.000,-0.000,0.000,-1.971,0.775,-9.676,-15.300,15.300,15.495,41.648
16456,16,11.395,5.134,152.273,-0.002,-0.000,0.000,-1.971,0.775,-9.676,-15.292,15.292,15.491,41.652
16457,16,11.393,5.129,152.280,-0.001,-0.000,0.000,-1.971,0.775,-9.680,-15.289,15.289,15.494,41.649
16458,16,11.394,5.125,152.283,-0.001,-0.000,0.000,-1.971,0.775,-9.680,-15.299,15.299,15.488,41.655
16459,16,11.395,5.121,152.286,-0.001,-0.000,0.000,-1.971,0.780,-9.666,-15.301,15.301,15.484,41.659
16460,16,11.396,5.118,152.289,-0.000,-0.000,0.000,-1.971,0.780,-9.666,-15.309,15.309,15.481,41.662
16461,16,11.397,5.114,152.293,-0.000,-0.000,0.000,-1.976,0.775,-9.666,-15.309,15.309,15.481,41.662
16462,16,11.398,5.110,152.293,-0.000,-0.000,0.000,-1.976,0.775,-9.666,-15.313,15.313,15.475,41.668
16463,16,11.399,5.107,152.296,-0.000,-0.000,0.000,-1.976,0.775,-9.680,-15.316,15.316,15.471,41.672
16464,16,11.399,5.107,152.296,0.001,-0.000,0.000,-1.976,0.775,-9.680,-15.321,15.321,15.471,41.672
16465,16,11.400,5.100,152.295,-0.001,-0.001,0.000,-1.976,0.775,-9.671,-15.323,15.323,15.468,41.674
16466,16,11.401,5.097,152.295,-0.001,-0.001,0.000,-1.976,0.775,-9.671,-15.317,15.317,15.478,41.696
16467,16,11.402,5.093,152.295,-0.001,-0.001,0.000,-1.971,0.785,-9.666,-15.319,15.319,15.475,41.699
16468,16,11.400,5.089,152.294,-0.002,-0.000,0.000,-1.971,0.785,-9.666,-15.312,15.312,15.460,41.683
16469,16,11.400,5.086,152.294,-0.002,-0.000,0.000,-1.971,0.785,-9.666,-15.314,15.314,15.457,41.686
16470,16,11.398,5.081,152.293,-0.005,-0.000,0.000,-1.976,0.785,-9.666,-15.297,15.297,15.457,41.685
16471,16,11.395,5.077,152.293,-0.005,-0.000,0.000,-1.976,0.785,-9.676,-15.295,15.295,15.458,41.685
16472,16,11.395,5.078,152.289,-0.003,-0.000,0.000,-1.962,0.785,-9.676,-15.305,15.305,15.458,41.685
16473,16,11.393,5.070,152.285,-0.003,-0.000,0.000,-1.962,0.785,-9.676,-15.304,15.304,15.459,41.684
16474,16,11.397,5.068,152.285,0.003,-0.000,0.000,-1.962,0.780,-9.680,-15.343,15.343,15.450,41.693
16475,16,11.398,5.064,152.285,0.003,-0.000,0.000,-1.962,0.780,-9.671,-15.345,15.345,15.447,41.696
16476,16,11.401,5.065,152.285,0.005,-0.000,0.000,-1.976,0.785,-9.671,-15.360,15.360,15.444,41.699
16477,16,11.407,5.056,152.284,0.005,-0.000,0.000,-1.976,0.785,-9.671,-15.364,15.364,15.438,41.705
16478,16,11.407,5.056,152.284,-0.001,-0.000,0.000,-1.986,0.780,-9.685,-15.337,15.337,15.431,41.711
16479,16,11.408,5.052,152.284,-0.001,-0.000,0.000,-1.986,0.780,-9.676,-15.339,15.339,15.429,41.714
16480,16,11.405,5.052,152.284,-0.006,-0.000,0.000,-1.971,0.775,-9.676,-15.309,15.309,15.432,41.711
16481,16,11.400,5.043,152.283,-0.006,-0.000,0.000,-1.971,0.775,-9.676,-15.308,15.308,15.432,41.711
16482,16,11.396,5.042,152.283,-0.006,-0.000,0.000,-1.967,0.775,-9.676,-15.303,15.303,15.436,41.707
16483,16,11.397,5.039,152.279,-0.006,-0.000,0.000,-1.967,0.775,-9.671,-15.305,15.305,15.434,41.709
16484,16,11.393,5.039,152.279,-0.003,-0.000,0.000,-1.962,0.775,-9.671,-15.317,15.317,15.437,41.706
16485,16,11.392,5.031,152.278,-0.003,-0.000,0.000,-1.962,0.775,-9.671,-15.319,15.319,15.434,41.709
16486,16,11.396,5.029,152.274,0.002,-0.000,0.000,-1.962,0.780,-9.671,-15.350,15.350,15.428,41.714
16487,16,11.396,5.026,152.271,0.002,-0.000,0.000,-1.962,0.780,-9.671,-15.351,15.351,15.426,41.717
16488,16,11.396,5.026,152.271,0.005,-0.000,0.000,-1.976,0.775,-9.685,-15.367,15.367,15.426,41.717
16489,16,11.406,5.018,152.266,0.005,-0.000,0.000,-1.976,0.775,-9.685,-15.373,15.373,15.420,41.723
16490,16,11.405,5.018,152.263,0.000,-0.000,0.000,-1.986,0.775,-9.676,-15.354,15.354,15.411,41.732
16491,16,11.406,5.015,152.259,0.000,-0.000,0.000,-1.986,0.775,-9.676,-15.355,15.355,15.409,41.734
16492,16,11.402,5.014,152.259,-0.005,-0.000,0.000,-1.976,0.785,-9.676,-15.325,15.325,15.412,41.731
16493,16,11.401,5.007,152.254,-0.005,-0.000,0.000,-1.976,0.785,-9.676,-15.323,15.323,15.413,41.730
16494,16,11.397,5.006,152.251,-0.004,-0.000,0.000,-1.962,0.785,-9.676,-15.327,15.327,15.414,41.729
16495,16,11.398,5.003,152.250,-0.004,-0.000,0.000,-1.962,0.785,-9.676,-15.329,15.329,15.411,41.732
16496,16,11.399,5.000,152.250,-0.000,-0.000,0.000,-1.967,0.780,-9.676,-15.352,15.352,15.408,41.735
16497,16,11.399,4.996,152.250,-0.000,-0.000,0.000,-1.967,0.780,-9.676,-15.352,15.352,15.408,41.735
16498,16,11.400,4.993,152.246,0.003,-0.000,0.000,-1.962,0.775,-9.676,-15.372,15.372,15.402,41.741
16499,16,11.404,4.991,152.242,0.003,-0.000,0.000,-1.962,0.775,-9.676,-15.378,15.378,15.396,41.747
16500,16,11.404,4.991,152.242,0.003,-0.000,0.000,-1.976,0.780,-9.680,-15.378,15.378,15.396,41.747
16501,16,11.410,4.982,152.238,0.003,-0.000,0.000,-1.976,0.780,-9.680,-15.382,15.382,15.391,41.752
16502,16,11.410,4.982,152.234,-0.001,-0.000,0.000,-1.976,0.780,-9.676,-15.366,15.366,15.385,41.758
16503,16,11.407,4.978,152.230,-0.001,-0.000,0.000,-1.976,0.780,-9.676,-15.364,15.364,15.386,41.757
16504,16,11.407,4.978,152.230,-0.004,-0.000,0.000,-1.971,0.775,-9.680,-15.348,15.348,15.386,41.757
16505,16,11.404,4.975,152.226,-0.004,-0.000,0.000,-1.971,0.775,-9.680,-15.346,15.346,15.386,41.756
16506,16,11.405,4.972,152.222,-0.002,-0.000,0.000,-1.962,0.780,-9.680,-15.359,15.359,15.384,41.759
16507,16,11.406,4.968,152.222,-0.002,-0.000,0.000,-1.962,0.780,-9.680,-15.361,15.361,15.381,41.762
16508,16,11.402,4.968,152.218,-0.000,-0.000,0.000,-1.962,0.780,-9.671,-15.368,15.368,15.385,41.758
16509,16,11.404,4.961,152.214,-0.000,-0.000,0.000,-1.962,0.780,-9.671,-15.370,15.370,15.382,41.761
16510,16,11.408,4.959,152.211,0.003,-0.000,0.000,-1.967,0.775,-9.676,-15.393,15.393,15.373,41.769
16511,16,11.409,4.956,152.210,0.003,-0.000,0.000,-1.967,0.775,-9.676,-15.395,15.395,15.370,41.773
16512,16,11.412,4.957,152.203,0.003,-0.000,0.000,-1.971,0.780,-9.676,-15.398,15.398,15.368,41.775
16513,16,11.413,4.951,152.196,0.003,-0.000,0.000,-1.971,0.780,-9.676,-15.399,15.399,15.365,41.778
16514,16,11.414,4.948,152.191,0.000,-0.001,0.000,-1.976,0.780,-9.685,-15.387,15.387,15.375,41.798
16515,16,11.414,4.945,152.191,0.000,-0.001,0.000,-1.976,0.780,-9.685,-15.389,15.389,15.372,41.801
16516,16,11.414,4.946,152.184,-0.003,-0.001,0.000,-1.971,0.775,-9.676,-15.373,15.373,15.373,41.800
16517,16,11.412,4.938,152.180,-0.003,-0.000,0.000,-1.971,0.775,-9.676,-15.371,15.371,15.359,41.784
16518,16,11.408,4.938,152.172,-0.004,-0.000,0.000,-1.962,0.785,-9.671,-15.364,15.364,15.360,41.783
16519,16,11.409,4.935,152.172,-0.004,-0.000,0.000,-1.962,0.785,-9.671,-15.366,15.366,15.357,41.786
16520,16,11.409,4.935,152.168,-0.002,-0.000,0.000,-1.967,0.785,-9.680,-15.376,15.376,15.357,41.785
16521,16,11.407,4.928,152.161,-0.002,-0.000,0.000,-1.967,0.785,-9.680,-15.374,15.374,15.358,41.785
16522,16,11.407,4.929,152.156,0.001,-0.000,0.000,-1.962,0.780,-9.671,-15.392,15.392,15.356,41.787
16523,16,11.408,4.926,152.153,0.001,-0.000,0.000,-1.962,0.780,-9.671,-15.394,15.394,15.353,41.789
16524,16,11.412,4.923,152.149,0.004,-0.000,0.000,-1.967,0.780,-9.685,-15.415,15.415,15.348,41.795
16525,16,11.416,4.922,152.142,0.004,-0.000,0.000,-1.967,0.780,-9.685,-15.417,15.417,15.345,41.798
16526,16,11.416,4.919,152.138,0.002,-0.000,0.000,-1.976,0.780,-9.671,-15.411,15.411,15.339,41.804
16527,16,11.417,4.915,152.138,0.002,-0.000,0.000,-1.976,0.780,-9.671,-15.413,15.413,15.336,41.806
16528,16,11.417,4.912,152.131,-0.001,-0.000,0.000,-1.976,0.780,-9.671,-15.399,15.399,15.334,41.808
16529,16,11.418,4.910,152.126,-0.001,-0.000,0.000,-1.976,0.780,-9.671,-15.398,15.398,15.335,41.808
16530,16,11.419,4.907,152.122,-0.002,-0.000,0.000,-1.967,0.780,-9.671,-15.397,15.397,15.329,41.814
16531,16,11.419,4.907,152.119,-0.002,-0.000,0.000,-1.967,0.780,-9.671,-15.397,15.397,15.330,41.813
16532,16,11.416,4.903,152.115,-0.001,-0.000,0.000,-1.962,0.775,-9.666,-15.400,15.400,15.330,41.812
16533,16,11.417,4.900,152.107,-0.001,-0.000,0.000,-1.962,0.775,-9.666,-15.400,15.400,15.331,41.812
16534,16,11.417,4.897,152.103,-0.000,-0.000,0.000,-1.967,0.785,-9.676,-15.409,15.409,15.326,41.817
16535,16,11.417,4.897,152.103,-0.000,-0.000,0.000,-1.967,0.785,-9.676,-15.409,15.409,15.326,41.817
16536,16,11.418,4.894,152.100,0.003,-0.000,0.000,-1.967,0.780,-9.680,-15.427,15.427,15.323,41.820
16537,16,11.422,4.893,152.092,0.003,-0.000,0.000,-1.967,0.780,-9.680,-15.432,15.432,15.317,41.826
16538,16,11.422,4.889,152.088,0.000,-0.000,0.000,-1.971,0.785,-9.676,-15.417,15.417,15.315,41.828
16539,16,11.423,4.886,152.088,0.000,-0.000,0.000,-1.971,0.785,-9.676,-15.420,15.420,15.312,41.831
16540,16,11.423,4.886,152.085,-0.002,-0.000,0.000,-1.971,0.780,-9.676,-15.409,15.409,15.312,41.831
16541,16,11.420,4.883,152.076,-0.002,-0.000,0.000,-1.971,0.780,-9.676,-15.411,15.411,15.310,41.833
16542,16,11.421,4.880,152.073,-0.004,-0.000,0.000,-1.967,0.780,-9.661,-15.398,15.398,15.311,41.832
16543,16,11.417,4.879,152.073,-0.004,-0.000,0.000,-1.967,0.780,-9.661,-15.394,15.394,15.314,41.829
16544,16,11.418,4.876,152.069,-0.004,-0.000,0.000,-1.967,0.785,-9.690,-15.396,15.396,15.312,41.831
16545,16,11.414,4.876,152.062,-0.003,-0.000,0.000,-1.967,0.785,-9.690,-15.401,15.401,15.312,41.831
16546,16,11.415,4.873,152.057,-0.000,-0.000,0.000,-1.957,0.780,-9.676,-15.415,15.415,15.313,41.830
16547,16,11.416,4.870,152.057,-0.000,-0.000,0.000,-1.957,0.780,-9.676,-15.417,15.417,15.310,41.833
16548,16,11.416,4.870,152.054,-0.000,-0.000,0.000,-1.962,0.780,-9.666,-15.417,15.417,15.311,41.832
16549,16,11.420,4.865,152.047,0.003,-0.000,0.000,-1.962,0.780,-9.666,-15.438,15.438,15.305,41.838
16550,16,11.420,4.865,152.042,0.001,-0.000,0.000,-1.976,0.780,-9.680,-15.429,15.429,15.303,41.840
16551,16,11.421,4.862,152.042,0.001,-0.000,0.000,-1.976,0.780,-9.680,-15.431,15.431,15.300,41.843
16552,16,11.421,4.862,152.039,0.001,-0.000,0.000,-1.976,0.780,-9.676,-15.431,15.431,15.300,41.843
16553,16,11.418,4.858,152.031,-0.003,-0.000,0.000,-1.976,0.780,-9.676,-15.411,15.411,15.298,41.845
16554,16,11.415,4.855,152.027,-0.007,-0.000,0.000,-1.962,0.780,-9.676,-15.384,15.384,15.302,41.841
16555,16,11.415,4.855,152.027,-0.007,-0.000,0.000,-1.962,0.780,-9.676,-15.384,15.384,15.302,41.841
16556,16,11.408,4.853,152.023,-0.007,-0.000,0.000,-1.957,0.775,-9.676,-15.377,15.377,15.309,41.834
16557,16,11.406,4.850,152.019,-0.007,-0.000,0.000,-1.957,0.775,-9.676,-15.379,15.379,15.307,41.836
16558,16,11.402,4.849,152.015,-0.003,-0.000,0.000,-1.952,0.790,-9.676,-15.393,15.393,15.314,41.829
16559,16,11.403,4.846,152.011,-0.003,-0.000,0.000,-1.952,0.790,-9.676,-15.395,15.395,15.311,41.832
16560,16,11.402,4.846,152.008,-0.003,-0.000,0.000,-1.957,0.770,-9.680,-15.394,15.394,15.312,41.831
16561,16,11.403,4.843,152.004,0.001,-0.000,0.000,-1.957,0.770,-9.680,-15.417,15.417,15.309,41.834
16562,16,11.407,4.841,152.000,0.004,-0.000,0.000,-1.967,0.780,-9.671,-15.439,15.439,15.303,41.840
16563,16,11.408,4.838,151.996,0.004,-0.000,0.000,-1.967,0.780,-9.671,-15.441,15.441,15.301,41.842
16564,16,11.409,4.835,151.996,0.004,-0.000,0.000,-1.967,0.780,-9.671,-15.443,15.443,15.298,41.845
16565,16,11.413,4.833,151.988,0.001,-0.001,0.000,-1.967,0.780,-9.671,-15.426,15.426,15.313,41.860
16566,16,11.409,4.832,151.985,-0.004,-0.000,0.000,-1.962,0.780,-9.676,-15.401,15.401,15.296,41.847
16567,16,11.410,4.829,151.984,-0.004,-0.000,0.000,-1.962,0.780,-9.676,-15.403,15.403,15.293,41.850
16568,16,11.406,4.829,151.981,-0.004,-0.000,0.000,-1.952,0.780,-9.666,-15.400,15.400,15.297,41.846
16569,16,11.404,4.825,151.977,-0.003,-0.000,0.000,-1.952,0.780,-9.666,-15.407,15.407,15.294,41.849
16570,16,11.404,4.822,151.973,0.002,-0.000,0.000,-1.957,0.775,-9.676,-15.432,15.432,15.295,41.848
16571,16,11.408,4.823,151.969,0.002,-0.000,0.000,-1.957,0.775,-9.676,-15.435,15.435,15.292,41.851
16572,16,11.408,4.820,151.966,0.002,-0.000,0.000,-1.962,0.775,-9.680,-15.437,15.437,15.289,41.854
16573,16,11.412,4.818,151.962,0.004,-0.000,0.000,-1.962,0.775,-9.680,-15.449,15.449,15.286,41.857
16574,16,11.416,4.815,151.959,0.003,-0.000,0.000,-1.971,0.775,-9.685,-15.453,15.453,15.277,41.865
16575,16,11.417,4.816,151.958,0.003,-0.000,0.000,-1.971,0.775,-9.685,-15.453,15.453,15.277,41.866
16576,16,11.417,4.812,151.954,0.003,-0.000,0.000,-1.971,0.775,-9.661,-15.455,15.455,15.275,41.868
16577,16,11.418,4.809,151.950,0.000,-0.000,0.000,-1.971,0.775,-9.661,-15.439,15.439,15.275,41.868
16578,16,11.418,4.810,151.947,0.000,-0.000,0.000,-1.967,0.785,-9.671,-15.440,15.440,15.273,41.870
16582,16,11.416,4.800,151.935,-0.000,-0.000,0.000,-1.952,0.780,-9.671,-15.442,15.442,15.268,41.875
16583,16,11.416,4.800,151.932,-0.000,-0.000,0.000,-1.952,0.780,-9.671,-15.442,15.442,15.269,41.874
16584,16,11.420,4.798,151.931,-0.000,-0.000,0.000,-1.962,0.775,-9.676,-15.447,15.447,15.262,41.881
16585,16,11.421,4.795,151.924,0.003,-0.000,0.000,-1.962,0.775,-9.676,-15.463,15.463,15.262,41.880
16586,16,11.425,4.793,151.923,0.003,-0.001,0.000,-1.967,0.780,-9.671,-15.471,15.471,15.269,41.905
16599,16,11.429,4.772,151.886,0.002,-0.000,0.000,-1.957,0.785,-9.680,-15.477,15.477,15.237,41.906
16600,16,11.429,4.773,151.882,0.002,-0.000,0.000,-1.962,0.780,-9.695,-15.477,15.477,15.237,41.906
16601,16,11.430,4.770,151.878,0.001,-0.000,0.000,-1.962,0.780,-9.695,-15.474,15.474,15.234,41.909
16613,16,11.434,4.752,151.847,0.000,-0.000,0.000,-1.962,0.780,-9.680,-15.479,15.479,15.219,41.924
16614,16,11.435,4.749,151.844,-0.001,-0.001,0.000,-1.957,0.780,-9.680,-15.475,15.475,15.232,41.941
16615,16,11.435,4.749,151.844,-0.001,-0.001,0.000,-1.957,0.780,-9.680,-15.475,15.475,15.232,41.941
16616,16,11.432,4.745,151.840,-0.001,-0.001,0.000,-1.967,0.790,-9.666,-15.473,15.473,15.233,41.940
16617,16,11.432,4.746,151.836,-0.002,-0.000,0.000,-1.967,0.790,-9.666,-15.468,15.468,15.218,41.925
16625,16,11.438,4.735,151.817,0.002,-0.000,0.000,-1.967,0.775,-9.666,-15.499,15.499,15.205,41.938
16626,16,11.438,4.732,151.813,0.000,-0.000,0.000,-1.967,0.780,-9.671,-15.490,15.490,15.202,41.941
16627,16,11.438,4.732,151.813,0.000,-0.000,0.000,-1.967,0.780,-9.671,-15.490,15.490,15.202,41.941
16633,16,11.436,4.726,151.798,-0.001,-0.000,0.000,-1.952,0.780,-9.671,-15.485,15.485,15.201,41.942
16634,16,11.437,4.722,151.797,0.001,-0.000,0.000,-1.957,0.780,-9.666,-15.497,15.497,15.198,41.945
16635,16,11.437,4.723,151.794,0.001,-0.000,0.000,-1.957,0.780,-9.666,-15.497,15.497,15.199,41.944
16636,16,11.437,4.723,151.794,0.001,-0.000,0.000,-1.962,0.780,-9.671,-15.497,15.497,15.199,41.944
16637,16,11.437,4.720,151.790,0.002,-0.000,0.000,-1.962,0.780,-9.671,-15.505,15.505,15.196,41.947
16638,16,11.438,4.716,151.790,0.000,-0.000,0.000,-1.967,0.785,-9.680,-15.496,15.496,15.193,41.950
16639,16,11.438,4.717,151.786,0.000,-0.000,0.000,-1.967,0.785,-9.680,-15.496,15.496,15.193,41.950
16640,16,11.438,4.717,151.782,0.000,-0.000,0.000,-1.967,0.785,-9.666,-15.495,15.495,15.194,41.949
16641,16,11.439,4.714,151.782,0.000,-0.000,0.000,-1.967,0.785,-9.666,-15.495,15.495,15.194,41.949
16642,16,11.439,4.714,151.779,0.000,-0.000,0.000,-1.962,0.780,-9.666,-15.497,15.497,15.191,41.952
16643,16,11.439,4.714,151.779,0.000,-0.000,0.000,-1.962,0.780,-9.676,-15.497,15.497,15.191,41.952
16644,16,11.439,4.711,151.775,0.000,-0.000,0.000,-1.962,0.780,-9.671,-15.499,15.499,15.189,41.954
16645,16,11.439,4.711,151.772,0.001,-0.000,0.000,-1.962,0.780,-9.671,-15.504,15.504,15.189,41.954
16646,16,11.440,4.708,151.771,0.001,-0.000,0.000,-1.962,0.780,-9.671,-15.506,15.506,15.186,41.957
16647,16,11.443,4.709,151.771,0.001,-0.000,0.000,-1.962,0.780,-9.680,-15.510,15.510,15.183,41.960
16648,16,11.443,4.709,151.767,0.001,-0.000,0.000,-1.962,0.780,-9.676,-15.509,15.509,15.183,41.960
16649,16,11.444,4.706,151.764,0.002,-0.000,0.000,-1.967,0.780,-9.676,-15.517,15.517,15.180,41.963
16650,16,11.445,4.703,151.763,0.002,-0.000,0.000,-1.952,0.780,-9.676,-15.518,15.518,15.177,41.965
16651,16,11.448,4.704,151.760,0.002,-0.000,0.000,-1.952,0.780,-9.661,-15.522,15.522,15.174,41.968
16652,16,11.448,4.704,151.760,0.002,-0.000,0.000,-1.952,0.780,-9.676,-15.522,15.522,15.174,41.968
16653,16,11.449,4.701,151.756,0.001,-0.000,0.000,-1.971,0.780,-9.676,-15.517,15.517,15.174,41.969
16654,16,11.449,4.701,151.756,0.001,-0.000,0.000,-1.962,0.780,-9.676,-15.518,15.518,15.172,41.971
16655,16,11.449,4.701,151.752,-0.002,-0.000,0.000,-1.962,0.780,-9.671,-15.502,15.502,15.172,41.971
16656,16,11.449,4.698,151.752,-0.002,-0.000,0.000,-1.962,0.780,-9.676,-15.504,15.504,15.169,41.974
16657,16,11.446,4.698,151.748,-0.001,-0.000,0.000,-1.952,0.775,-9.676,-15.506,15.506,15.172,41.970
16658,16,11.447,4.694,151.748,-0.001,-0.000,0.000,-1.952,0.775,-9.676,-15.508,15.508,15.170,41.973
16659,16,11.450,4.695,151.745,0.004,-0.000,0.000,-1.952,0.775,-9.676,-15.537,15.537,15.167,41.976
16660,16,11.450,4.695,151.744,0.004,-0.000,0.000,-1.952,0.775,-9.676,-15.538,15.538,15.167,41.976
16661,16,11.451,4.692,151.740,0.001,-0.000,0.000,-1.971,0.775,-9.685,-15.523,15.523,15.164,41.979
16662,16,11.454,4.693,151.741,0.001,-0.000,0.000,-1.962,0.775,-9.685,-15.527,15.527,15.161,41.982
16663,16,11.450,4.693,151.737,-0.002,-0.000,0.000,-1.962,0.775,-9.680,-15.507,15.507,15.165,41.978
16664,16,11.451,4.689,151.737,-0.002,-0.000,0.000,-1.962,0.775,-9.680,-15.509,15.509,15.162,41.981
16665,16,11.451,4.690,151.733,0.001,-0.000,0.000,-1.957,0.785,-9.680,-15.525,15.525,15.162,41.981
16666,16,11.452,4.686,151.733,0.001,-0.000,0.000,-1.967,0.780,-9.680,-15.527,15.527,15.159,41.984
16667,16,11.452,4.687,151.730,0.003,-0.000,0.000,-1.967,0.780,-9.666,-15.537,15.537,15.160,41.983
16668,16,11.456,4.684,151.729,0.003,-0.000,0.000,-1.967,0.780,-9.666,-15.543,15.543,15.153,41.990
16669,16,11.456,4.685,151.725,0.000,-0.000,0.000,-1.967,0.780,-9.676,-15.527,15.527,15.153,41.989
16670,16,11.456,4.685,151.725,0.000,-0.000,0.000,-1.962,0.785,-9.676,-15.527,15.527,15.153,41.989
16671,16,11.457,4.681,151.722,0.000,-0.000,0.000,-1.962,0.785,-9.661,-15.529,15.529,15.151,41.992
16672,16,11.457,4.681,151.722,0.000,-0.000,0.000,-1.962,0.785,-9.661,-15.529,15.529,15.151,41.992
16673,16,11.456,4.682,151.718,0.000,-0.000,0.000,-1.957,0.775,-9.680,-15.529,15.529,15.151,41.992
16674,16,11.457,4.678,151.718,0.000,-0.000,0.000,-1.962,0.785,-9.680,-15.530,15.530,15.148,41.995
16675,16,11.457,4.679,151.715,0.000,-0.000,0.000,-1.962,0.785,-9.676,-15.530,15.530,15.149,41.994
16676,16,11.457,4.679,151.715,0.000,-0.000,0.000,-1.962,0.785,-9.676,-15.530,15.530,15.149,41.994
16677,16,11.455,4.675,151.710,0.000,-0.000,0.000,-1.962,0.780,-9.666,-15.527,15.527,15.152,41.991
16678,16,11.455,4.675,151.710,0.000,-0.000,0.000,-1.971,0.780,-9.666,-15.529,15.529,15.149,41.994
16679,16,11.455,4.675,151.710,0.000,-0.000,0.000,-1.971,0.780,-9.671,-15.529,15.529,15.149,41.994
16680,16,11.454,4.675,151.706,0.000,-0.000,0.000,-1.971,0.780,-9.671,-15.528,15.528,15.150,41.993
16681,16,11.455,4.672,151.703,0.000,-0.000,0.000,-1.962,0.780,-9.685,-15.530,15.530,15.147,41.996
16682,16,11.455,4.672,151.703,0.000,-0.000,0.000,-1.962,0.780,-9.685,-15.530,15.530,15.147,41.996
16683,16,11.455,4.672,151.703,0.000,-0.000,0.000,-1.962,0.780,-9.680,-15.530,15.530,15.147,41.996
16684,16,11.456,4.669,151.702,0.000,-0.000,0.000,-1.962,0.780,-9.680,-15.532,15.532,15.144,41.999
16685,16,11.456,4.669,151.699,0.000,-0.000,0.000,-1.962,0.775,-9.676,-15.532,15.532,15.145,41.998
16686,16,11.455,4.670,151.696,0.000,-0.000,0.000,-1.971,0.775,-9.676,-15.531,15.531,15.145,41.998
16687,16,11.456,4.666,151.695,0.000,-0.000,0.000,-1.971,0.775,-9.671,-15.534,15.534,15.142,42.001
16688,16,11.456,4.666,151.695,0.000,-0.000,0.000,-1.971,0.775,-9.671,-15.534,15.534,15.142,42.001
16689,16,11.457,4.663,151.691,0.000,-0.000,0.000,-1.967,0.775,-9.666,-15.533,15.533,15.142,42.001
16690,16,11.457,4.663,151.691,0.000,-0.000,0.000,-1.967,0.780,-9.666,-15.536,15.536,15.139,42.004
16691,16,11.457,4.664,151.687,0.000,-0.000,0.000,-1.967,0.780,-9.666,-15.535,15.535,15.140,42.003
16692,16,11.457,4.664,151.687,0.000,-0.000,0.000,-1.967,0.780,-9.666,-15.535,15.535,15.140,42.003
16693,16,11.457,4.661,151.684,0.000,-0.000,0.000,-1.962,0.775,-9.666,-15.535,15.535,15.140,42.003
16694,16,11.457,4.661,151.684,0.000,-0.000,0.000,-1.962,0.780,-9.666,-15.537,15.537,15.137,42.006
16695,16,11.457,4.661,151.684,0.000,-0.000,0.000,-1.962,0.780,-9.671,-15.537,15.537,15.137,42.006
16696,16,11.458,4.657,151.680,0.000,-0.000,0.000,-1.962,0.780,-9.671,-15.539,15.539,15.135,42.008
16697,16,11.458,4.658,151.679,0.000,-0.000,0.000,-1.962,0.780,-9.680,-15.539,15.539,15.134,42.008
16698,16,11.458,4.658,151.676,0.000,-0.000,0.000,-1.962,0.775,-9.680,-15.539,15.539,15.135,42.008
16699,16,11.458,4.658,151.676,0.000,-0.000,0.000,-1.962,0.775,-9.666,-15.539,15.539,15.135,42.008
16700,16,11.459,4.655,151.676,0.000,-0.000,0.000,-1.962,0.775,-9.666,-15.541,15.541,15.132,42.011
16701,16,11.459,4.655,151.672,0.000,-0.000,0.000,-1.967,0.780,-9.680,-15.540,15.540,15.132,42.011
16702,16,11.459,4.655,151.672,0.000,-0.000,0.000,-1.971,0.775,-9.680,-15.540,15.540,15.132,42.011
16703,16,11.459,4.652,151.668,0.000,-0.000,0.000,-1.971,0.775,-9.671,-15.542,15.542,15.130,42.013
16704,16,11.459,4.652,151.668,0.000,-0.000,0.000,-1.971,0.775,-9.671,-15.542,15.542,15.130,42.013
16705,16,11.459,4.652,151.668,0.000,-0.000,0.000,-1.962,0.775,-9.676,-15.542,15.542,15.130,42.013
16706,16,11.460,4.649,151.665,0.000,-0.000,0.000,-1.957,0.780,-9.676,-15.544,15.544,15.127,42.016
16707,16,11.460,4.649,151.664,0.000,-0.000,0.000,-1.957,0.780,-9.685,-15.544,15.544,15.127,42.016
16708,16,11.460,4.649,151.664,0.000,-0.000,0.000,-1.957,0.780,-9.685,-15.544,15.544,15.127,42.016
16709,16,11.461,4.646,151.660,0.000,-0.000,0.000,-1.962,0.780,-9.676,-15.544,15.544,15.127,42.015
16717,16,11.459,4.639,151.649,0.000,-0.000,0.000,-1.962,0.780,-9.676,-15.546,15.546,15.123,42.020
16718,16,11.459,4.639,151.649,0.000,-0.000,0.000,-1.962,0.780,-9.676,-15.546,15.546,15.123,42.020
16719,16,11.459,4.639,151.648,0.000,-0.000,0.000,-1.962,0.780,-9.671,-15.546,15.546,15.123,42.020
16720,16,11.459,4.640,151.645,0.000,-0.000,0.000,-1.962,0.780,-9.671,-15.546,15.546,15.123,42.020
16721,16,11.459,4.636,151.645,0.000,-0.000,0.000,-1.957,0.775,-9.666,-15.548,15.548,15.120,42.023
16722,16,11.459,4.637,151.641,0.000,-0.000,0.000,-1.967,0.775,-9.666,-15.547,15.547,15.121,42.022
16723,16,11.459,4.637,151.641,0.000,-0.000,0.000,-1.967,0.775,-9.676,-15.547,15.547,15.121,42.022
16724,16,11.460,4.633,151.641,0.000,-0.000,0.000,-1.967,0.775,-9.676,-15.550,15.550,15.118,42.025
16725,16,11.460,4.634,151.638,0.000,-0.000,0.000,-1.967,0.775,-9.685,-15.550,15.550,15.118,42.025
16726,16,11.460,4.634,151.638,0.000,-0.000,0.000,-1.962,0.780,-9.685,-15.549,15.549,15.118,42.025
16727,16,11.460,4.634,151.638,0.000,-0.000,0.000,-1.962,0.780,-9.676,-15.549,15.549,15.118,42.025
16728,16,11.460,4.634,151.638,0.000,-0.000,0.000,-1.962,0.780,-9.676,-15.549,15.549,15.118,42.025
16729,16,11.461,4.631,151.634,0.000,-0.000,0.000,-1.962,0.780,-9.676,-15.551,15.551,15.116,42.027
16730,16,11.461,4.631,151.634,0.000,-0.000,0.000,-1.952,0.785,-9.676,-15.551,15.551,15.116,42.027
16731,16,11.461,4.631,151.630,0.000,-0.000,0.000,-1.952,0.785,-9.671,-15.551,15.551,15.116,42.027
16732,16,11.461,4.631,151.630,0.000,-0.000,0.000,-1.952,0.785,-9.671,-15.551,15.551,15.116,42.027
16733,16,11.461,4.628,151.629,0.000,-0.000,0.000,-1.952,0.780,-9.680,-15.553,15.553,15.113,42.030
16734,16,11.461,4.628,151.626,0.000,-0.000,0.000,-1.962,0.785,-9.680,-15.553,15.553,15.113,42.030
16735,16,11.461,4.628,151.626,0.000,-0.000,0.000,-1.962,0.785,-9.671,-15.553,15.553,15.113,42.030
16736,16,11.461,4.628,151.626,0.000,-0.000,0.000,-1.962,0.785,-9.671,-15.553,15.553,15.113,42.030
16737,16,11.462,4.625,151.622,0.000,-0.000,0.000,-1.971,0.780,-9.671,-15.555,15.555,15.110,42.033
16738,16,11.462,4.625,151.622,0.000,-0.000,0.000,-1.962,0.780,-9.671,-15.554,15.554,15.111,42.032
16739,16,11.462,4.625,151.622,0.000,-0.000,0.000,-1.962,0.780,-9.676,-15.554,15.554,15.111,42.032
16740,16,11.462,4.625,151.622,0.000,-0.000,0.000,-1.962,0.780,-9.676,-15.554,15.554,15.111,42.032
16741,16,11.459,4.621,151.618,0.000,-0.000,0.000,-1.962,0.780,-9.666,-15.551,15.551,15.115,42.028
16742,16,11.459,4.621,151.618,0.000,-0.000,0.000,-1.957,0.785,-9.666,-15.553,15.553,15.112,42.031
16743,16,11.459,4.621,151.618,0.000,-0.000,0.000,-1.957,0.785,-9.680,-15.553,15.553,15.112,42.031
16744,16,11.459,4.621,151.615,0.000,-0.000,0.000,-1.957,0.785,-9.680,-15.552,15.552,15.112,42.031
16748,16,11.460,4.618,151.611,0.000,-0.000,0.000,-1.967,0.775,-9.671,-15.554,15.554,15.109,42.034
16749,16,11.460,4.618,151.611,0.000,-0.000,0.000,-1.962,0.785,-9.671,-15.554,15.554,15.109,42.034
16750,16,11.460,4.619,151.607,0.000,-0.000,0.000,-1.957,0.780,-9.671,-15.554,15.554,15.110,42.033
16751,16,11.460,4.615,151.607,0.000,-0.000,0.000,-1.957,0.780,-9.671,-15.556,15.556,15.107,42.036
16755,16,11.460,4.616,151.603,0.000,-0.000,0.000,-1.957,0.780,-9.671,-15.556,15.556,15.107,42.036
16756,16,11.460,4.616,151.603,0.000,-0.000,0.000,-1.957,0.780,-9.671,-15.556,15.556,15.107,42.036
16761,16,11.462,4.610,151.595,0.000,-0.000,0.000,-1.962,0.775,-9.680,-15.557,15.557,15.105,42.038
16764,16,11.462,4.610,151.595,0.000,-0.000,0.000,-1.967,0.785,-9.676,-15.560,15.560,15.102,42.041
16765,16,11.461,4.610,151.592,0.000,-0.000,0.000,-1.962,0.780,-9.671,-15.559,15.559,15.102,42.041
16766,16,11.458,4.609,151.592,0.000,-0.000,0.000,-1.962,0.775,-9.671,-15.556,15.556,15.106,42.037
16767,16,11.459,4.606,151.591,0.000,-0.000,0.000,-1.962,0.775,-9.666,-15.558,15.558,15.103,42.040
16768,16,11.459,4.606,151.591,0.000,-0.000,0.000,-1.962,0.775,-9.666,-15.558,15.558,15.103,42.040
16769,16,11.459,4.606,151.588,0.000,-0.000,0.000,-1.962,0.780,-9.685,-15.558,15.558,15.103,42.040
16770,16,11.459,4.606,151.588,0.000,-0.000,0.000,-1.957,0.790,-9.685,-15.558,15.558,15.103,42.040
16771,16,11.459,4.606,151.588,0.000,-0.000,0.000,-1.957,0.790,-9.671,-15.558,15.558,15.103,42.040
16772,16,11.458,4.606,151.585,0.000,-0.000,0.000,-1.957,0.790,-9.671,-15.557,15.557,15.103,42.039
16773,16,11.459,4.603,151.584,0.000,-0.000,0.000,-1.957,0.780,-9.671,-15.559,15.559,15.100,42.042
16774,16,11.459,4.603,151.584,0.000,-0.000,0.000,-1.957,0.780,-9.671,-15.559,15.559,15.100,42.042
16775,16,11.460,4.603,151.583,0.000,-0.000,0.000,-1.957,0.780,-9.680,-15.560,15.560,15.100,42.043
16776,16,11.459,4.604,151.580,0.000,-0.000,0.000,-1.957,0.780,-9.680,-15.559,15.559,15.101,42.042
16777,16,11.459,4.604,151.580,0.000,-0.000,0.000,-1.967,0.780,-9.680,-15.559,15.559,15.101,42.042
16778,16,11.460,4.600,151.580,0.000,-0.000,0.000,-1.962,0.780,-9.680,-15.561,15.561,15.098,42.045
16779,16,11.460,4.600,151.580,0.000,-0.000,0.000,-1.962,0.780,-9.671,-15.561,15.561,15.098,42.045
16780,16,11.460,4.601,151.576,0.000,-0.000,0.000,-1.962,0.780,-9.671,-15.561,15.561,15.098,42.045
16781,16,11.460,4.601,151.576,0.000,-0.000,0.000,-1.957,0.775,-9.666,-15.561,15.561,15.098,42.045
16782,16,11.460,4.601,151.576,0.000,-0.000,0.000,-1.957,0.780,-9.666,-15.561,15.561,15.098,42.045
16783,16,11.460,4.601,151.576,0.000,-0.000,0.000,-1.957,0.780,-9.671,-15.561,15.561,15.098,42.045
16784,16,11.460,4.601,151.573,0.000,-0.000,0.000,-1.957,0.780,-9.671,-15.561,15.561,15.099,42.044
16785,16,11.461,4.598,151.573,0.000,-0.000,0.000,-1.962,0.780,-9.676,-15.563,15.563,15.096,42.047
16786,16,11.461,4.598,151.573,0.000,-0.000,0.000,-1.962,0.785,-9.676,-15.563,15.563,15.096,42.047
16787,16,11.461,4.598,151.573,0.000,-0.000,0.000,-1.967,0.785,-9.671,-15.563,15.563,15.096,42.047
16788,16,11.461,4.598,151.573,0.000,-0.000,0.000,-1.967,0.785,-9.671,-15.563,15.563,15.096,42.047
16789,16,11.460,4.598,151.569,0.000,-0.000,0.000,-1.957,0.780,-9.661,-15.562,15.562,15.096,42.047
16790,16,11.460,4.598,151.569,0.000,-0.000,0.000,-1.957,0.775,-9.661,-15.562,15.562,15.096,42.047
16791,16,11.461,4.594,151.569,0.000,-0.000,0.000,-1.967,0.775,-9.671,-15.565,15.565,15.093,42.050
16792,16,11.461,4.594,151.569,0.000,-0.000,0.000,-1.967,0.775,-9.671,-15.565,15.565,15.093,42.050
16793,16,11.461,4.595,151.565,0.000,-0.000,0.000,-1.957,0.780,-9.671,-15.564,15.564,15.093,42.049
16794,16,11.461,4.595,151.565,0.000,-0.000,0.000,-1.957,0.780,-9.671,-15.564,15.564,15.093,42.050
16795,16,11.461,4.595,151.565,0.000,-0.000,0.000,-1.971,0.780,-9.671,-15.564,15.564,15.093,42.050
16796,16,11.461,4.595,151.565,0.000,-0.000,0.000,-1.971,0.780,-9.671,-15.564,15.564,15.093,42.050
16797,16,11.462,4.592,151.561,0.000,-0.000,0.000,-1.967,0.785,-9.666,-15.564,15.564,15.094,42.049
16798,16,11.462,4.592,151.561,0.000,-0.000,0.000,-1.967,0.780,-9.666,-15.566,15.566,15.091,42.052
16799,16,11.462,4.592,151.561,0.000,-0.000,0.000,-1.957,0.780,-9.671,-15.566,15.566,15.091,42.052
16800,16,11.462,4.592,151.561,0.000,-0.000,0.000,-1.957,0.780,-9.671,-15.566,15.566,15.091,42.052
16801,16,11.462,4.592,151.561,0.000,-0.000,0.000,-1.962,0.780,-9.666,-15.566,15.566,15.091,42.052
16802,16,11.458,4.591,151.557,0.000,-0.000,0.000,-1.962,0.780,-9.666,-15.562,15.562,15.094,42.048
16803,16,11.458,4.591,151.557,0.000,-0.000,0.000,-1.957,0.780,-9.680,-15.562,15.562,15.094,42.048
16804,16,11.459,4.588,151.557,0.000,-0.000,0.000,-1.957,0.780,-9.680,-15.565,15.565,15.091,42.051
16805,16,11.459,4.588,151.557,0.000,-0.000,0.000,-1.967,0.780,-9.676,-15.565,15.565,15.091,42.051
16806,16,11.459,4.588,151.554,0.000,-0.000,0.000,-1.967,0.780,-9.676,-15.564,15.564,15.092,42.051
16807,16,11.459,4.588,151.554,0.000,-0.000,0.000,-1.967,0.780,-9.671,-15.564,15.564,15.092,42.051
16808,16,11.459,4.588,151.554,0.000,-0.000,0.000,-1.967,0.780,-9.671,-15.564,15.564,15.092,42.051
16809,16,11.459,4.588,151.554,0.000,-0.000,0.000,-1.957,0.780,-9.671,-15.564,15.564,15.092,42.051
16810,16,11.459,4.588,151.554,0.000,-0.000,0.000,-1.957,0.780,-9.671,-15.564,15.564,15.092,42.051
16811,16,11.460,4.585,151.553,0.000,-0.000,0.000,-1.962,0.775,-9.676,-15.566,15.566,15.089,42.054
16812,16,11.460,4.585,151.550,0.000,-0.000,0.000,-1.962,0.775,-9.676,-15.566,15.566,15.089,42.054
16813,16,11.460,4.585,151.549,0.000,-0.000,0.000,-1.957,0.775,-9.671,-15.566,15.566,15.089,42.054
16814,16,11.460,4.585,151.549,0.000,-0.000,0.000,-1.957,0.775,-9.671,-15.566,15.566,15.089,42.054
16815,16,11.460,4.585,151.549,0.000,-0.000,0.000,-1.962,0.780,-9.676,-15.566,15.566,15.089,42.054
16816,16,11.460,4.586,151.546,0.000,-0.000,0.000,-1.962,0.780,-9.676,-15.566,15.566,15.090,42.053
16817,16,11.460,4.586,151.546,0.000,-0.000,0.000,-1.962,0.780,-9.676,-15.566,15.566,15.090,42.053
16818,16,11.461,4.582,151.546,0.000,-0.000,0.000,-1.957,0.780,-9.676,-15.568,15.568,15.087,42.056
16819,16,11.461,4.582,151.546,0.000,-0.000,0.000,-1.957,0.775,-9.676,-15.568,15.568,15.087,42.056
16820,16,11.461,4.582,151.546,0.000,-0.000,0.000,-1.957,0.775,-9.676,-15.568,15.568,15.087,42.056
16821,16,11.460,4.583,151.542,0.000,-0.000,0.000,-1.957,0.775,-9.676,-15.568,15.568,15.087,42.056
16822,16,11.460,4.583,151.542,0.000,-0.000,0.000,-1.962,0.780,-9.676,-15.568,15.568,15.087,42.056
16823,16,11.460,4.583,151.542,0.000,-0.000,0.000,-1.957,0.780,-9.680,-15.568,15.568,15.087,42.056
16824,16,11.460,4.583,151.542,0.000,-0.000,0.000,-1.957,0.780,-9.680,-15.568,15.568,15.087,42.056
16825,16,11.461,4.579,151.542,0.000,-0.000,0.000,-1.957,0.780,-9.680,-15.570,15.570,15.084,42.059
16826,16,11.461,4.580,151.538,0.000,-0.000,0.000,-1.957,0.780,-9.661,-15.569,15.569,15.084,42.058
16827,16,11.461,4.580,151.538,0.000,-0.000,0.000,-1.957,0.785,-9.671,-15.569,15.569,15.084,42.058
16828,16,11.461,4.580,151.538,0.000,-0.000,0.000,-1.957,0.785,-9.671,-15.569,15.569,15.084,42.058
16829,16,11.461,4.580,151.538,0.000,-0.000,0.000,-1.957,0.785,-9.671,-15.569,15.569,15.084,42.058
16830,16,11.461,4.580,151.538,0.000,-0.000,0.000,-1.962,0.785,-9.676,-15.569,15.569,15.084,42.058
16831,16,11.461,4.580,151.538,0.000,-0.000,0.000,-1.962,0.775,-9.676,-15.569,15.569,15.084,42.058
16832,16,11.461,4.580,151.535,0.000,-0.000,0.000,-1.962,0.775,-9.676,-15.569,15.569,15.085,42.058
16833,16,11.462,4.577,151.535,0.000,-0.000,0.000,-1.962,0.775,-9.676,-15.571,15.571,15.082,42.061
16834,16,11.462,4.577,151.535,0.000,-0.000,0.000,-1.957,0.780,-9.661,-15.571,15.571,15.082,42.061
16835,16,11.462,4.577,151.535,0.000,-0.000,0.000,-1.962,0.780,-9.671,-15.571,15.571,15.082,42.061
16836,16,11.462,4.577,151.534,0.000,-0.000,0.000,-1.962,0.780,-9.671,-15.571,15.571,15.082,42.061
16837,16,11.458,4.576,151.530,0.000,-0.000,0.000,-1.962,0.780,-9.671,-15.568,15.568,15.085,42.058
16838,16,11.458,4.576,151.530,0.000,-0.000,0.000,-1.962,0.775,-9.671,-15.568,15.568,15.085,42.057
16839,16,11.458,4.576,151.530,0.000,-0.000,0.000,-1.962,0.785,-9.676,-15.568,15.568,15.085,42.057
16840,16,11.458,4.576,151.530,0.000,-0.000,0.000,-1.962,0.785,-9.676,-15.568,15.568,15.085,42.057
16841,16,11.459,4.573,151.530,0.000,-0.000,0.000,-1.962,0.785,-9.676,-15.568,15.568,15.085,42.057
16842,16,11.459,4.573,151.530,0.000,-0.000,0.000,-1.957,0.780,-9.671,-15.570,15.570,15.082,42.060
16843,16,11.459,4.573,151.530,0.000,-0.000,0.000,-1.952,0.780,-9.676,-15.570,15.570,15.082,42.060
16844,16,11.459,4.573,151.527,0.000,-0.000,0.000,-1.952,0.780,-9.676,-15.569,15.569,15.083,42.060
16845,16,11.459,4.573,151.527,0.000,-0.000,0.000,-1.952,0.780,-9.676,-15.569,15.569,15.083,42.060
16846,16,11.459,4.573,151.527,0.000,-0.000,0.000,-1.962,0.775,-9.676,-15.569,15.569,15.083,42.060
16847,16,11.459,4.573,151.527,0.000,-0.000,0.000,-1.957,0.775,-9.676,-15.569,15.569,15.083,42.060
16848,16,11.459,4.573,151.527,0.000,-0.000,0.000,-1.957,0.775,-9.676,-15.569,15.569,15.083,42.060
16849,16,11.459,4.573,151.523,0.000,-0.000,0.000,-1.957,0.775,-9.676,-15.569,15.569,15.083,42.060
16850,16,11.460,4.570,151.523,0.000,-0.000,0.000,-1.962,0.785,-9.671,-15.571,15.571,15.080,42.063
16851,16,11.460,4.570,151.523,0.000,-0.000,0.000,-1.957,0.780,-9.671,-15.571,15.571,15.080,42.063
16852,16,11.460,4.570,151.523,0.000,-0.000,0.000,-1.957,0.780,-9.671,-15.571,15.571,15.080,42.063
16853,16,11.460,4.570,151.523,0.000,-0.000,0.000,-1.957,0.780,-9.671,-15.571,15.571,15.080,42.063
16854,16,11.460,4.570,151.523,0.000,-0.000,0.000,-1.957,0.785,-9.666,-15.571,15.571,15.080,42.063
16855,16,11.460,4.570,151.523,0.000,-0.000,0.000,-1.957,0.785,-9.671,-15.571,15.571,15.080,42.063
16856,16,11.459,4.570,151.520,0.000,-0.000,0.000,-1.957,0.785,-9.671,-15.571,15.571,15.081,42.062
16857,16,11.459,4.570,151.520,0.000,-0.000,0.000,-1.957,0.785,-9.671,-15.571,15.571,15.081,42.062
16858,16,11.459,4.570,151.520,0.000,-0.000,0.000,-1.957,0.780,-9.661,-15.571,15.571,15.081,42.062
16859,16,11.459,4.570,151.520,0.000,-0.000,0.000,-1.957,0.775,-9.671,-15.571,15.571,15.081,42.062
16860,16,11.459,4.570,151.520,0.000,-0.000,0.000,-1.957,0.775,-9.671,-15.571,15.571,15.081,42.062
16861,16,11.460,4.567,151.519,0.000,-0.000,0.000,-1.957,0.775,-9.671,-15.573,15.573,15.078,42.065
16862,16,11.460,4.567,151.516,0.000,-0.000,0.000,-1.962,0.780,-9.671,-15.573,15.573,15.078,42.065
16863,16,11.460,4.568,151.515,0.000,-0.000,0.000,-1.962,0.785,-9.680,-15.573,15.573,15.078,42.065
16864,16,11.460,4.568,151.515,0.000,-0.000,0.000,-1.962,0.785,-9.680,-15.573,15.573,15.078,42.065
16865,16,11.460,4.568,151.515,0.000,-0.000,0.000,-1.962,0.785,-9.680,-15.573,15.573,15.078,42.065
16866,16,11.457,4.567,151.515,0.000,-0.000,0.000,-1.962,0.780,-9.676,-15.569,15.569,15.081,42.062
16867,16,11.457,4.567,151.515,0.000,-0.000,0.000,-1.962,0.775,-9.666,-15.569,15.569,15.081,42.062
16868,16,11.457,4.567,151.515,0.000,-0.000,0.000,-1.962,0.775,-9.666,-15.569,15.569,15.081,42.062
16869,16,11.457,4.567,151.511,0.000,-0.000,0.000,-1.962,0.775,-9.666,-15.569,15.569,15.082,42.061
16870,16,11.457,4.567,151.511,0.000,-0.000,0.000,-1.962,0.780,-9.671,-15.569,15.569,15.082,42.061
16871,16,11.457,4.567,151.511,0.000,-0.000,0.000,-1.957,0.780,-9.676,-15.569,15.569,15.082,42.061
16872,16,11.457,4.564,151.511,0.000,-0.000,0.000,-1.957,0.780,-9.676,-15.571,15.571,15.079,42.064
16873,16,11.457,4.564,151.511,0.000,-0.000,0.000,-1.957,0.780,-9.676,-15.571,15.571,15.079,42.064
16874,16,11.457,4.564,151.511,0.000,-0.000,0.000,-1.957,0.780,-9.685,-15.571,15.571,15.079,42.064
16875,16,11.457,4.564,151.511,0.000,-0.000,0.000,-1.962,0.775,-9.671,-15.571,15.571,15.079,42.064
16876,16,11.457,4.564,151.508,0.000,-0.000,0.000,-1.962,0.775,-9.671,-15.571,15.571,15.079,42.064
16877,16,11.457,4.564,151.508,0.000,-0.000,0.000,-1.962,0.775,-9.671,-15.571,15.571,15.079,42.064
16878,16,11.457,4.564,151.508,0.000,-0.000,0.000,-1.962,0.780,-9.676,-15.571,15.571,15.079,42.064
16879,16,11.457,4.564,151.508,0.000,-0.000,0.000,-1.957,0.780,-9.671,-15.571,15.571,15.079,42.064
16880,16,11.457,4.564,151.508,0.000,-0.000,0.000,-1.957,0.780,-9.671,-15.571,15.571,15.079,42.064
16881,16,11.458,4.561,151.507,0.000,-0.000,0.000,-1.957,0.780,-9.671,-15.571,15.571,15.079,42.064
16882,16,11.458,4.561,151.507,0.000,-0.000,0.000,-1.957,0.780,-9.680,-15.573,15.573,15.076,42.067
16883,16,11.458,4.561,151.504,0.000,-0.000,0.000,-1.962,0.780,-9.676,-15.573,15.573,15.077,42.066
16884,16,11.458,4.561,151.504,0.000,-0.000,0.000,-1.962,0.780,-9.676,-15.573,15.573,15.077,42.066
16885,16,11.458,4.561,151.504,0.000,-0.000,0.000,-1.962,0.780,-9.676,-15.573,15.573,15.077,42.066
16886,16,11.458,4.561,151.504,0.000,-0.000,0.000,-1.967,0.775,-9.676,-15.573,15.573,15.077,42.066
16887,16,11.458,4.561,151.504,0.000,-0.000,0.000,-1.957,0.780,-9.671,-15.573,15.573,15.077,42.066
16888,16,11.458,4.561,151.504,0.000,-0.000,0.000,-1.957,0.780,-9.671,-15.573,15.573,15.077,42.066
16889,16,11.458,4.561,151.504,0.000,-0.000,0.000,-1.957,0.780,-9.671,-15.573,15.573,15.077,42.066
16890,16,11.458,4.561,151.504,0.000,-0.000,0.000,-1.952,0.785,-9.676,-15.573,15.573,15.077,42.066
16891,16,11.458,4.561,151.501,0.000,-0.000,0.000,-1.952,0.785,-9.676,-15.572,15.572,15.077,42.066
16892,16,11.458,4.561,151.501,0.000,-0.000,0.000,-1.962,0.785,-9.676,-15.572,15.572,15.077,42.066
16893,16,11.458,4.558,151.500,0.000,-0.000,0.000,-1.962,0.785,-9.676,-15.574,15.574,15.074,42.069
16894,16,11.458,4.558,151.500,0.000,-0.000,0.000,-1.962,0.780,-9.676,-15.574,15.574,15.074,42.069
16895,16,11.459,4.558,151.499,0.000,-0.000,0.000,-1.962,0.780,-9.680,-15.575,15.575,15.074,42.069
16896,16,11.459,4.558,151.499,0.000,-0.000,0.000,-1.952,0.780,-9.680,-15.575,15.575,15.074,42.069
16897,16,11.459,4.558,151.499,0.000,-0.000,0.000,-1.952,0.780,-9.680,-15.575,15.575,15.074,42.069
16898,16,11.459,4.558,151.499,0.000,-0.000,0.000,-1.957,0.780,-9.680,-15.575,15.575,15.074,42.069
16899,16,11.459,4.558,151.496,0.000,-0.000,0.000,-1.957,0.775,-9.676,-15.574,15.574,15.074,42.069
16900,16,11.459,4.558,151.496,0.000,-0.000,0.000,-1.962,0.775,-9.676,-15.574,15.574,15.074,42.069
16901,16,11.455,4.557,151.496,0.000,-0.000,0.000,-1.962,0.775,-9.676,-15.574,15.574,15.074,42.069
16902,16,11.455,4.557,151.496,0.000,-0.000,0.000,-1.962,0.780,-9.671,-15.571,15.571,15.078,42.065
16903,16,11.455,4.557,151.496,0.000,-0.000,0.000,-1.962,0.780,-9.666,-15.571,15.571,15.078,42.065
16904,16,11.455,4.557,151.496,0.000,-0.000,0.000,-1.957,0.780,-9.666,-15.571,15.571,15.078,42.065
16905,16,11.456,4.554,151.496,0.000,-0.000,0.000,-1.957,0.780,-9.666,-15.571,15.571,15.078,42.065
16906,16,11.456,4.554,151.496,0.000,-0.000,0.000,-1.957,0.785,-9.666,-15.573,15.573,15.075,42.068
16907,16,11.456,4.554,151.492,0.000,-0.000,0.000,-1.957,0.785,-9.661,-15.573,15.573,15.075,42.068
16908,16,11.456,4.554,151.492,0.000,-0.000,0.000,-1.957,0.780,-9.661,-15.573,15.573,15.075,42.068
16909,16,11.456,4.554,151.492,0.000,-0.000,0.000,-1.957,0.780,-9.661,-15.573,15.573,15.075,42.068
16910,16,11.456,4.554,151.492,0.000,-0.000,0.000,-1.967,0.780,-9.671,-15.573,15.573,15.075,42.068
16911,16,11.456,4.554,151.492,0.000,-0.000,0.000,-1.967,0.780,-9.671,-15.573,15.573,15.075,42.068
16912,16,11.456,4.554,151.492,0.000,-0.000,0.000,-1.967,0.775,-9.671,-15.573,15.573,15.075,42.068
16913,16,11.456,4.554,151.492,0.000,-0.000,0.000,-1.967,0.775,-9.671,-15.573,15.573,15.075,42.068
16914,16,11.456,4.554,151.492,0.000,-0.000,0.000,-1.962,0.780,-9.680,-15.573,15.573,15.075,42.068
16915,16,11.456,4.554,151.492,0.000,-0.000,0.000,-1.962,0.780,-9.661,-15.573,15.573,15.075,42.068
16916,16,11.456,4.554,151.492,0.000,-0.000,0.000,-1.962,0.780,-9.661,-15.573,15.573,15.075,42.068
16917,16,11.456,4.555,151.489,0.000,-0.000,0.000,-1.962,0.780,-9.661,-15.572,15.572,15.076,42.067
16918,16,11.456,4.555,151.489,0.000,-0.000,0.000,-1.952,0.780,-9.676,-15.572,15.572,15.076,42.067
16919,16,11.456,4.551,151.489,0.000,-0.000,0.000,-1.952,0.780,-9.666,-15.574,15.574,15.073,42.070
16920,16,11.456,4.551,151.489,0.000,-0.000,0.000,-1.957,0.785,-9.666,-15.574,15.574,15.073,42.070
16921,16,11.456,4.551,151.489,0.000,-0.000,0.000,-1.957,0.785,-9.666,-15.574,15.574,15.073,42.070
16922,16,11.456,4.551,151.489,0.000,-0.000,0.000,-1.962,0.785,-9.671,-15.574,15.574,15.073,42.070
16923,16,11.456,4.551,151.489,0.000,-0.000,0.000,-1.962,0.785,-9.666,-15.574,15.574,15.073,42.070
16924,16,11.456,4.551,151.489,0.000,-0.000,0.000,-1.957,0.780,-9.666,-15.574,15.574,15.073,42.070
16925,16,11.456,4.551,151.489,0.000,-0.000,0.000,-1.957,0.780,-9.666,-15.574,15.574,15.073,42.070
16926,16,11.456,4.552,151.485,0.000,-0.000,0.000,-1.957,0.780,-9.676,-15.574,15.574,15.073,42.070
16927,16,11.456,4.552,151.485,0.000,-0.000,0.000,-1.957,0.780,-9.685,-15.574,15.574,15.073,42.070
16928,16,11.456,4.552,151.485,0.000,-0.000,0.000,-1.957,0.780,-9.685,-15.574,15.574,15.073,42.070
16929,16,11.456,4.552,151.485,0.000,-0.000,0.000,-1.957,0.780,-9.685,-15.574,15.574,15.073,42.070
16930,16,11.456,4.552,151.485,0.000,-0.000,0.000,-1.952,0.780,-9.666,-15.574,15.574,15.073,42.070
16931,16,11.456,4.552,151.485,0.000,-0.000,0.000,-1.952,0.780,-9.666,-15.574,15.574,15.073,42.070
16932,16,11.456,4.552,151.485,0.000,-0.000,0.000,-1.957,0.775,-9.666,-15.574,15.574,15.073,42.070
16933,16,11.456,4.552,151.485,0.000,-0.000,0.000,-1.957,0.775,-9.666,-15.574,15.574,15.073,42.070
15842,16,-4.276,28.691,139.211,3.321,0.038,-0.413,-2.287,0.091,-9.656,-11.680,11.680,11.895,-9.260
15843,16,-2.288,28.552,139.328,3.321,0.038,-0.413,-2.287,0.091,-9.656,-12.724,12.724,11.997,-8.958
15844,16,-1.180,28.208,139.417,3.321,0.038,-0.413,-2.737,0.837,-9.637,-13.305,13.305,12.437,-8.414
15845,16,1.828,28.246,139.694,2.565,0.089,-0.409,-2.737,0.837,-9.637,-10.353,10.353,11.263,-9.153
15846,16,2.356,28.144,139.750,1.711,-0.055,-0.323,-3.240,1.105,-9.752,-8.293,8.293,11.319,-4.438
15847,16,3.414,27.943,139.880,1.711,-0.055,-0.323,-3.240,1.105,-9.752,-8.881,8.881,11.488,-4.038
15848,16,4.013,27.670,139.966,1.711,-0.055,-0.323,-3.522,0.498,-9.384,-9.232,9.232,11.773,-3.550
15849,16,4.826,27.351,140.052,0.860,-0.081,-0.190,-3.522,0.498,-9.384,-6.908,6.908,8.808,0.256
15850,16,5.026,27.341,140.100,-0.077,-0.005,-0.002,-3.847,0.469,-9.226,-4.897,4.897,3.330,4.389
15851,16,5.007,27.183,140.090,-0.077,-0.005,-0.002,-3.847,0.469,-9.226,-4.904,4.904,3.523,4.647
15852,16,5.004,27.104,140.100,-0.077,-0.005,-0.002,-2.479,0.613,-9.527,-4.911,4.911,3.618,4.776
15853,16,4.600,26.958,140.038,-0.496,0.086,0.094,-2.479,0.613,-9.527,-3.868,3.868,0.064,5.985
15854,16,4.375,26.870,139.982,-0.343,0.092,0.095,-1.933,0.895,-9.814,-4.459,4.459,0.182,6.118
15855,16,4.197,26.782,139.941,-0.343,0.092,0.095,-1.933,0.895,-9.814,-4.367,4.367,0.316,6.235
15856,16,4.136,26.680,139.928,-0.343,0.092,0.095,-2.000,1.086,-9.575,-4.341,4.341,0.452,6.391
15857,16,4.100,26.454,139.981,-0.126,-0.019,0.009,-2.000,1.086,-9.575,-4.329,4.329,4.315,5.958
15858,16,4.049,26.362,139.999,-0.141,-0.039,-0.020,-2.455,0.656,-9.575,-3.894,3.894,5.611,5.885
15859,16,4.030,26.203,140.056,-0.141,-0.039,-0.020,-2.455,0.656,-9.589,-3.898,3.898,5.812,6.136
15860,16,4.037,26.088,140.092,-0.141,-0.039,-0.020,-2.306,0.703,-9.661,-3.912,3.912,5.954,6.321
15861,16,3.927,25.904,140.185,-0.230,0.014,0.030,-2.306,0.703,-9.661,-4.043,4.043,4.060,6.927
15862,16,3.820,25.820,140.190,-0.255,-0.005,0.039,-2.134,0.857,-9.661,-3.984,3.984,4.351,7.717
15863,16,3.727,25.690,140.233,-0.255,-0.005,0.039,-2.134,0.857,-9.604,-3.939,3.939,4.534,7.908
15864,16,3.694,25.592,140.256,-0.255,-0.005,0.039,-2.187,0.746,-9.609,-3.928,3.928,4.663,8.057
15865,16,3.545,25.396,140.399,-0.295,-0.007,0.021,-2.187,0.746,-9.609,-3.436,3.436,5.289,7.761
15866,16,3.395,25.311,140.411,-0.365,0.003,0.032,-2.144,0.751,-9.609,-3.123,3.123,5.146,8.135
15867,16,3.251,25.195,140.473,-0.365,0.003,0.032,-2.144,0.751,-9.700,-3.045,3.045,5.326,8.289
15868,16,3.185,25.112,140.508,-0.365,0.003,0.032,-1.876,0.780,-9.671,-3.011,3.011,5.447,8.407
15869,16,2.970,24.931,140.592,-0.357,0.003,0.052,-1.876,0.780,-9.671,-3.218,3.218,5.097,9.026
15870,16,2.854,24.851,140.637,-0.217,0.014,0.034,-1.684,0.794,-9.671,-3.593,3.593,5.654,8.644
15871,16,2.791,24.742,140.698,-0.217,0.014,0.034,-1.684,0.794,-9.666,-3.562,3.562,5.811,8.799
15872,16,2.759,24.686,140.725,-0.217,0.014,0.034,-1.665,0.828,-9.680,-3.546,3.546,5.891,8.878
15873,16,2.830,24.458,140.850,-0.056,0.000,0.003,-1.665,0.828,-9.680,-3.993,3.993,7.005,8.492
15874,16,2.885,24.397,140.915,0.087,0.000,-0.009,-1.756,0.780,-9.680,-4.633,4.633,7.500,8.488
15875,16,3.002,24.283,140.994,0.087,0.000,-0.009,-1.756,0.780,-9.685,-4.714,4.714,7.617,8.693
15876,16,3.061,24.225,141.032,0.087,0.000,-0.009,-1.871,0.790,-9.700,-4.755,4.755,7.678,8.798
15877,16,3.319,23.977,141.170,0.156,-0.003,-0.018,-1.871,0.790,-9.700,-5.081,5.081,8.073,8.825
15878,16,3.445,23.935,141.249,0.152,-0.003,-0.019,-1.991,0.780,-9.700,-5.211,5.211,8.259,9.129
15879,16,3.597,23.821,141.338,0.152,-0.003,-0.019,-1.991,0.780,-9.666,-5.317,5.317,8.361,9.348
15880,16,3.675,23.765,141.382,0.152,-0.003,-0.019,-1.943,0.742,-9.676,-5.372,5.372,8.410,9.458
15881,16,3.908,23.538,141.516,0.140,0.005,-0.010,-1.943,0.742,-9.676,-5.527,5.527,8.144,9.783
15882,16,4.044,23.496,141.591,0.205,0.005,-0.016,-1.900,0.818,-9.676,-5.934,5.934,8.440,9.944
15883,16,4.222,23.391,141.680,0.205,0.007,-0.016,-1.900,0.818,-9.671,-6.059,6.059,8.487,10.131
15884,16,4.312,23.339,141.721,0.205,0.007,-0.016,-2.101,0.818,-9.666,-6.123,6.123,8.523,10.240
15885,16,4.626,23.094,141.865,0.226,-0.011,-0.031,-2.101,0.818,-9.666,-6.178,6.178,9.240,10.368
15886,16,4.750,23.054,141.954,0.089,-0.011,-0.019,-2.369,0.732,-9.666,-5.823,5.823,9.075,11.007
15887,16,4.832,22.934,142.034,0.089,-0.007,-0.019,-2.369,0.732,-9.628,-5.890,5.890,9.148,11.180
15888,16,4.913,22.886,142.081,0.089,-0.007,-0.019,-2.311,0.785,-9.642,-5.949,5.949,9.180,11.283
15889,16,4.915,22.689,142.178,-0.105,-0.000,0.014,-2.311,0.785,-9.642,-5.392,5.392,8.377,12.171
15890,16,4.860,22.628,142.240,-0.105,-0.000,0.023,-2.125,0.766,-9.642,-5.501,5.501,8.338,12.650
15891,16,4.840,22.544,142.313,-0.219,0.003,0.023,-2.125,0.766,-9.656,-4.927,4.927,8.401,12.736
15892,16,4.749,22.477,142.334,-0.219,0.003,0.023,-1.967,0.785,-9.661,-4.874,4.874,8.512,12.817
15893,16,4.638,22.298,142.426,-0.232,0.000,0.028,-1.967,0.785,-9.661,-4.821,4.821,8.603,13.110
15894,16,4.564,22.223,142.488,-0.232,0.000,0.017,-1.842,0.780,-9.661,-4.633,4.633,9.092,13.057
15895,16,4.560,22.138,142.562,-0.177,0.002,0.017,-1.842,0.780,-9.676,-4.917,4.917,9.166,13.163
15896,16,4.491,22.075,142.585,-0.177,0.002,0.017,-1.771,0.794,-9.671,-4.877,4.877,9.269,13.244
15897,16,4.536,21.882,142.686,-0.060,-0.002,0.007,-1.771,0.794,-9.671,-5.366,5.366,9.687,13.236
15898,16,4.575,21.823,142.757,-0.060,-0.002,-0.007,-1.794,0.780,-9.671,-5.240,5.240,10.219,13.129
15899,16,4.645,21.717,142.825,0.065,-0.002,-0.007,-1.794,0.780,-9.676,-5.923,5.923,10.322,13.327
15900,16,4.712,21.672,142.864,0.065,-0.002,-0.007,-1.948,0.785,-9.685,-5.974,5.974,10.351,13.423
15901,16,4.899,21.521,142.980,0.124,-0.002,-0.016,-1.948,0.785,-9.685,-6.259,6.259,10.638,13.419
15902,16,5.017,21.422,143.059,0.124,-0.002,-0.012,-2.072,0.770,-9.685,-6.453,6.453,10.641,13.834
15903,16,5.089,21.314,143.102,0.099,-0.000,-0.012,-2.072,0.770,-9.661,-6.394,6.394,10.712,14.008
15904,16,5.177,21.277,143.170,0.099,-0.000,-0.012,-2.144,0.780,-9.661,-6.459,6.459,10.720,14.101
15905,16,5.262,21.130,143.272,0.011,-0.000,-0.002,-2.144,0.780,-9.661,-6.188,6.188,10.574,14.521
15906,16,5.293,21.036,143.340,0.011,-0.000,-0.002,-2.053,0.775,-9.661,-6.247,6.247,10.720,14.782
15907,16,5.312,20.947,143.378,-0.071,-0.000,0.007,-2.053,0.775,-9.666,-5.982,5.982,10.578,15.176
15908,16,5.302,20.894,143.438,-0.071,-0.000,0.007,-1.952,0.780,-9.680,-5.982,5.982,10.644,15.260
15909,16,5.299,20.756,143.533,-0.087,-0.000,0.010,-1.952,0.780,-9.680,-5.940,5.940,10.701,15.466
15910,16,5.310,20.663,143.596,-0.087,-0.000,0.010,-1.866,0.785,-9.680,-5.963,5.963,10.862,15.699
15911,16,5.338,20.570,143.635,-0.037,-0.000,0.004,-1.866,0.785,-9.671,-6.178,6.178,11.093,15.732
15912,16,5.348,20.524,143.694,-0.037,-0.000,0.004,-1.842,0.780,-9.671,-6.192,6.192,11.143,15.813
15913,16,5.458,20.386,143.796,0.044,-0.000,-0.003,-1.842,0.780,-9.671,-6.569,6.569,11.408,15.812
15914,16,5.548,20.292,143.865,0.044,-0.000,-0.003,-1.919,0.785,-9.671,-6.677,6.677,11.514,16.091
15915,16,5.624,20.190,143.906,0.112,-0.001,-0.012,-1.919,0.785,-9.661,-6.980,6.980,11.828,16.096
15916,16,5.714,20.154,143.969,0.112,-0.001,-0.012,-2.029,0.780,-9.666,-7.049,7.049,11.829,16.193
15917,16,5.887,20.017,144.075,0.119,-0.000,-0.015,-2.029,0.780,-9.666,-7.142,7.142,11.944,16.293
15918,16,5.982,19.926,144.140,0.119,-0.000,-0.015,-2.125,0.780,-9.666,-7.273,7.273,12.033,16.591
15919,16,6.039,19.832,144.178,0.063,-0.001,-0.009,-2.125,0.780,-9.661,-7.126,7.126,11.970,16.948
15920,16,6.104,19.792,144.239,0.063,-0.001,-0.009,-2.163,0.785,-9.661,-7.179,7.179,11.985,17.044
15921,16,6.135,19.660,144.319,-0.034,-0.001,0.003,-2.163,0.785,-9.661,-6.875,6.875,11.778,17.495
15922,16,6.134,19.572,144.375,-0.034,-0.001,0.003,-2.053,0.775,-9.661,-6.896,6.896,11.930,17.723
15923,16,6.136,19.496,144.400,-0.107,-0.000,0.012,-2.053,0.775,-9.656,-6.653,6.653,11.788,18.051
15924,16,6.104,19.442,144.449,-0.107,-0.000,0.012,-1.933,0.790,-9.671,-6.637,6.637,11.865,18.128
15925,16,6.073,19.312,144.523,-0.104,-0.000,0.013,-1.933,0.790,-9.671,-6.678,6.678,11.926,18.291
15926,16,6.074,19.229,144.576,-0.104,-0.000,0.013,-1.842,0.790,-9.671,-6.670,6.670,12.098,18.503
15927,16,6.096,19.149,144.603,-0.038,-0.000,0.003,-1.842,0.790,-9.671,-6.909,6.909,12.418,18.409
15928,16,6.103,19.103,144.655,-0.038,-0.000,0.003,-1.876,0.780,-9.671,-6.921,6.921,12.467,18.489
15929,16,6.205,18.974,144.745,0.048,-0.000,-0.005,-1.876,0.780,-9.671,-7.297,7.297,12.756,18.450
15930,16,6.281,18.889,144.805,0.048,-0.000,-0.005,-1.995,0.790,-9.671,-7.412,7.412,12.832,18.720
15931,16,6.339,18.801,144.834,0.080,-0.001,-0.010,-1.995,0.790,-9.671,-7.576,7.576,13.023,18.805
15932,16,6.411,18.766,144.894,0.080,-0.001,-0.010,-2.072,0.770,-9.671,-7.635,7.635,13.026,18.899
15933,16,6.508,18.639,144.983,0.046,-0.002,-0.006,-2.072,0.770,-9.671,-7.557,7.557,13.036,19.172
15934,16,6.560,18.557,145.039,0.046,-0.002,-0.006,-2.058,0.780,-9.671,-7.651,7.651,13.118,19.421
15935,16,6.589,18.475,145.064,-0.002,-0.000,0.000,-2.058,0.780,-9.666,-7.526,7.526,13.003,19.705
15936,16,6.613,18.432,145.117,-0.002,-0.000,0.000,-2.000,0.780,-9.666,-7.552,7.552,13.038,19.790
15937,16,6.642,18.311,145.190,-0.029,-0.000,0.003,-2.000,0.780,-9.666,-7.492,7.492,13.032,20.018
15938,16,6.665,18.232,145.235,-0.029,-0.000,0.003,-1.952,0.785,-9.666,-7.531,7.531,13.154,20.239
15939,16,6.693,18.154,145.258,-0.015,-0.000,0.001,-1.952,0.785,-9.666,-7.608,7.608,13.279,20.333
15940,16,6.708,18.112,145.307,-0.015,-0.000,0.001,-1.971,0.775,-9.671,-7.626,7.626,13.317,20.413
15941,16,6.765,17.993,145.377,0.006,-0.000,-0.001,-1.971,0.775,-9.671,-7.743,7.743,13.441,20.511
15942,16,6.807,17.916,145.427,0.006,-0.000,-0.001,-2.005,0.790,-9.671,-7.815,7.815,13.532,20.747
15943,16,6.826,17.875,145.447,0.009,-0.001,-0.001,-2.005,0.790,-9.685,-7.847,7.847,13.582,20.841
15944,16,6.866,17.798,145.494,0.009,-0.001,-0.001,-2.005,0.790,-9.685,-7.892,7.892,13.644,20.996
15945,16,6.914,17.680,145.559,-0.006,-0.000,0.000,-2.015,0.785,-9.666,-7.930,7.930,13.713,21.147
15946,16,6.944,17.604,145.602,-0.006,-0.000,0.000,-2.015,0.785,-9.666,-7.925,7.925,13.772,21.383
15947,16,6.958,17.565,145.622,-0.018,-0.001,0.002,-1.991,0.780,-9.671,-7.910,7.910,13.768,21.525
15948,16,6.979,17.487,145.661,-0.018,-0.001,0.002,-1.991,0.780,-9.671,-7.941,7.941,13.841,21.672
15949,16,7.024,17.376,145.718,-0.000,-0.000,0.000,-1.948,0.780,-9.661,-7.970,7.970,13.910,21.811
15950,16,7.055,17.301,145.755,-0.000,-0.000,0.000,-1.948,0.780,-9.661,-8.097,8.097,14.039,21.966
15951,16,7.074,17.260,145.775,0.014,-0.000,-0.002,-1.991,0.775,-9.656,-8.161,8.161,14.125,21.993
15952,16,7.115,17.188,145.813,0.014,-0.000,-0.002,-1.991,0.775,-9.656,-8.207,8.207,14.179,22.140
15953,16,7.167,17.076,145.866,0.003,-0.000,0.000,-2.010,0.780,-9.666,-8.244,8.244,14.247,22.293
15954,16,7.201,17.002,145.903,0.003,-0.000,0.000,-2.010,0.780,-9.666,-8.282,8.282,14.276,22.564
15955,16,7.215,16.963,145.919,-0.007,-0.000,0.000,-2.005,0.780,-9.671,-8.246,8.246,14.310,22.638
15956,16,7.241,16.891,145.954,-0.007,-0.000,0.000,-2.005,0.780,-9.671,-8.281,8.281,14.372,22.779
15957,16,7.280,16.782,146.010,-0.009,-0.001,0.000,-1.991,0.780,-9.666,-8.313,8.313,14.437,22.920
15958,16,7.307,16.709,146.045,-0.009,-0.001,0.000,-1.991,0.780,-9.666,-8.361,8.361,14.543,23.147
15959,16,7.316,16.673,146.064,-0.009,-0.001,0.000,-1.986,0.780,-9.656,-8.375,8.375,14.576,23.215
15960,16,7.342,16.600,146.100,-0.009,-0.001,0.000,-1.986,0.780,-9.656,-8.410,8.410,14.639,23.358
15961,16,7.384,16.496,146.155,-0.004,-0.000,0.000,-1.976,0.770,-9.676,-8.441,8.441,14.699,23.492
15962,16,7.409,16.423,146.186,-0.004,-0.000,0.000,-1.976,0.770,-9.676,-8.518,8.518,14.771,23.690
15963,16,7.429,16.391,146.206,0.010,-0.000,-0.001,-1.971,0.775,-9.661,-8.596,8.596,14.820,23.731
15964,16,7.461,16.320,146.238,0.010,-0.000,-0.001,-1.971,0.775,-9.661,-8.636,8.636,14.875,23.874
15965,16,7.517,16.213,146.291,0.019,-0.000,-0.001,-1.991,0.775,-9.666,-8.671,8.671,14.934,24.013
15966,16,7.550,16.143,146.323,0.019,-0.000,-0.001,-1.991,0.775,-9.666,-8.790,8.790,15.007,24.235
15967,16,7.576,16.112,146.341,0.013,-0.001,-0.001,-2.010,0.775,-9.671,-8.785,8.785,15.038,24.320
15968,16,7.612,16.041,146.377,0.013,-0.001,-0.001,-2.010,0.775,-9.671,-8.828,8.828,15.089,24.465
15969,16,7.655,15.939,146.424,-0.001,-0.000,0.000,-2.019,0.785,-9.671,-8.862,8.862,15.143,24.597
15970,16,7.681,15.874,146.451,-0.001,-0.000,0.000,-2.019,0.785,-9.671,-8.861,8.861,15.179,24.811
15971,16,7.693,15.839,146.467,-0.007,-0.000,0.000,-1.986,0.770,-9.676,-8.846,8.846,15.208,24.880
15972,16,7.716,15.773,146.497,-0.007,-0.000,0.000,-1.986,0.770,-9.676,-8.878,8.878,15.262,25.010
15973,16,7.754,15.674,146.540,0.002,-0.000,0.000,-1.971,0.770,-9.671,-8.908,8.908,15.317,25.137
15974,16,7.781,15.605,146.567,0.002,-0.000,0.000,-1.971,0.770,-9.671,-9.013,9.013,15.395,25.346
15975,16,7.800,15.572,146.584,0.015,-0.000,-0.002,-1.981,0.785,-9.661,-9.073,9.073,15.471,25.362
15976,16,7.836,15.510,146.612,0.015,-0.000,-0.002,-1.981,0.785,-9.661,-9.115,9.115,15.511,25.494
15977,16,7.885,15.410,146.655,0.014,-0.000,-0.002,-2.005,0.775,-9.671,-9.150,9.150,15.564,25.627
15978,16,7.912,15.347,146.672,0.014,-0.000,-0.002,-2.005,0.775,-9.671,-9.207,9.207,15.629,25.830
15979,16,7.933,15.314,146.698,0.001,-0.000,0.000,-2.015,0.780,-9.671,-9.193,9.193,15.596,25.954
15980,16,7.957,15.252,146.722,0.001,-0.000,0.000,-2.015,0.780,-9.671,-9.226,9.226,15.644,26.078
15981,16,7.989,15.155,146.760,-0.013,-0.000,0.001,-1.995,0.780,-9.671,-9.246,9.246,15.668,26.147
15982,16,8.004,15.095,146.776,-0.013,-0.000,0.001,-1.995,0.780,-9.671,-9.242,9.242,15.748,26.414
15983,16,8.013,15.062,146.800,-0.021,-0.000,0.001,-2.000,0.775,-9.676,-9.214,9.214,15.775,26.478
15984,16,8.023,15.000,146.825,-0.021,-0.000,0.001,-2.000,0.775,-9.676,-9.235,9.235,15.833,26.595
15985,16,8.041,14.905,146.868,-0.026,-0.001,0.000,-1.981,0.780,-9.671,-9.235,9.235,15.888,26.631
15986,16,8.055,14.848,146.885,-0.026,-0.001,0.000,-1.981,0.780,-9.671,-9.259,9.259,16.010,26.875
15987,16,8.057,14.813,146.912,-0.014,-0.001,0.000,-1.962,0.785,-9.666,-9.327,9.327,16.044,26.938
15988,16,8.074,14.752,146.942,-0.014,-0.000,0.000,-1.962,0.785,-9.666,-9.354,9.354,16.080,27.042
15989,16,8.112,14.663,146.991,0.007,-0.000,0.000,-1.957,0.785,-9.661,-9.368,9.368,16.102,27.099
15990,16,8.135,14.602,147.007,0.007,-0.000,0.000,-1.957,0.785,-9.661,-9.544,9.544,16.191,27.350
15991,16,8.158,14.573,147.037,0.021,-0.000,0.000,-1.971,0.780,-9.685,-9.639,9.639,16.204,27.416
15992,16,8.193,14.514,147.068,0.021,-0.000,0.000,-1.971,0.780,-9.685,-9.682,9.682,16.238,27.544
15993,16,8.242,14.428,147.119,0.012,-0.000,0.000,-2.019,0.780,-9.676,-9.703,9.703,16.256,27.608
15994,16,8.264,14.366,147.135,0.012,-0.000,0.000,-2.019,0.780,-9.676,-9.727,9.727,16.338,27.855
15995,16,8.280,14.338,147.168,-0.003,-0.000,0.000,-2.000,0.775,-9.671,-9.671,9.671,16.354,27.915
15996,16,8.304,14.279,147.205,-0.003,-0.000,0.000,-2.000,0.775,-9.671,-9.705,9.705,16.397,28.037
15997,16,8.334,14.195,147.253,-0.003,-0.000,0.000,-1.971,0.790,-9.666,-9.720,9.720,16.418,28.094
15998,16,8.351,14.139,147.268,-0.003,-0.000,0.000,-1.971,0.790,-9.666,-9.776,9.776,16.505,28.319
15999,16,8.371,14.109,147.301,0.014,-0.000,0.000,-1.962,0.780,-9.671,-9.885,9.885,16.520,28.386
16000,16,8.401,14.052,147.332,0.014,-0.000,0.000,-1.962,0.780,-9.671,-9.924,9.924,16.555,28.508
16001,16,8.452,13.968,147.374,0.025,-0.000,0.000,-1.991,0.780,-9.676,-9.941,9.941,16.573,28.566
16002,16,8.476,13.911,147.385,0.025,-0.000,0.000,-1.991,0.780,-9.676,-10.074,10.074,16.640,28.812
16003,16,8.501,13.886,147.413,0.022,-0.000,0.000,-2.015,0.775,-9.676,-10.090,10.090,16.647,28.873
16004,16,8.527,13.825,147.436,0.022,-0.000,0.000,-2.015,0.775,-9.676,-10.127,10.127,16.687,29.001
16005,16,8.575,13.747,147.475,0.002,-0.001,0.000,-2.034,0.785,-9.661,-10.156,10.156,16.690,29.060
16006,16,8.593,13.693,147.488,0.002,-0.001,0.000,-2.034,0.785,-9.661,-10.113,10.113,16.786,29.300
16007,16,8.603,13.664,147.514,0.002,-0.001,0.000,-2.024,0.785,-9.666,-10.129,10.129,16.806,29.360
16008,16,8.613,13.612,147.539,-0.020,-0.000,0.000,-2.024,0.785,-9.666,-10.037,10.037,16.835,29.444
16009,16,8.621,13.530,147.574,-0.025,-0.000,0.000,-1.986,0.775,-9.680,-10.045,10.045,16.864,29.500
16010,16,8.633,13.481,147.587,-0.025,-0.000,0.000,-1.986,0.775,-9.680,-10.063,10.063,16.952,29.696
16011,16,8.636,13.450,147.612,-0.025,-0.000,0.000,-1.962,0.785,-9.671,-10.073,10.073,16.980,29.755
16012,16,8.650,13.396,147.637,-0.010,-0.000,0.000,-1.962,0.785,-9.671,-10.172,10.172,17.023,29.862
16013,16,8.683,13.318,147.670,0.013,-0.000,0.000,-1.967,0.775,-9.680,-10.185,10.185,17.041,29.912
16014,16,8.706,13.265,147.680,0.013,-0.000,0.000,-1.967,0.775,-9.680,-10.364,10.364,17.108,30.138
16015,16,8.726,13.240,147.700,0.013,-0.000,0.000,-2.010,0.785,-9.671,-10.387,10.387,17.118,30.198
16016,16,8.746,13.188,147.719,0.015,-0.000,0.000,-2.010,0.785,-9.671,-10.427,10.427,17.153,30.305
16017,16,8.790,13.110,147.752,0.005,-0.001,0.000,-2.015,0.775,-9.661,-10.450,10.450,17.162,30.363
16018,16,8.805,13.058,147.762,0.005,-0.001,0.000,-2.015,0.775,-9.661,-10.463,10.463,17.250,30.598
16019,16,8.817,13.034,147.785,0.005,-0.001,0.000,-2.010,0.775,-9.671,-10.480,10.480,17.264,30.652
16020,16,8.833,12.985,147.806,-0.005,-0.000,0.000,-2.010,0.775,-9.671,-10.452,10.452,17.284,30.737
16021,16,8.857,12.908,147.834,-0.002,-0.000,0.000,-1.976,0.775,-9.676,-10.466,10.466,17.304,30.793
16022,16,8.868,12.885,147.846,-0.002,-0.000,0.000,-1.976,0.775,-9.676,-10.523,10.523,17.354,30.944
16023,16,8.888,12.834,147.863,-0.002,-0.000,0.000,-1.981,0.775,-9.661,-10.553,10.553,17.388,31.051
16024,16,8.907,12.783,147.874,0.009,-0.000,0.000,-1.981,0.775,-9.661,-10.635,10.635,17.423,31.157
16025,16,8.949,12.711,147.911,0.014,-0.000,0.000,-1.995,0.766,-9.676,-10.654,10.654,17.433,31.210
16026,16,8.960,12.688,147.918,0.014,-0.000,0.000,-1.995,0.766,-9.676,-10.732,10.732,17.473,31.369
16027,16,8.983,12.637,147.937,0.014,-0.000,0.000,-2.024,0.785,-9.666,-10.765,10.765,17.503,31.477
16028,16,9.001,12.587,147.943,0.004,-0.001,0.000,-2.024,0.785,-9.666,-10.746,10.746,17.552,31.598
16029,16,9.028,12.514,147.975,-0.002,-0.000,0.000,-2.000,0.775,-9.656,-10.762,10.762,17.565,31.650
16030,16,9.035,12.494,147.985,-0.002,-0.000,0.000,-2.000,0.775,-9.656,-10.767,10.767,17.600,31.778
16031,16,9.053,12.446,148.003,-0.002,-0.000,0.000,-1.991,0.770,-9.671,-10.795,10.795,17.631,31.879
16032,16,9.067,12.398,148.010,-0.003,-0.000,0.000,-1.991,0.770,-9.671,-10.814,10.814,17.666,31.978
16033,16,9.093,12.328,148.045,0.001,-0.000,0.000,-2.000,0.775,-9.671,-10.828,10.828,17.684,32.030
16034,16,9.100,12.304,148.052,0.001,-0.000,0.000,-2.000,0.775,-9.671,-10.889,10.889,17.729,32.173
16035,16,9.118,12.256,148.066,0.001,-0.000,0.000,-2.000,0.775,-9.671,-10.917,10.917,17.760,32.274
16036,16,9.132,12.212,148.076,0.000,-0.000,0.000,-2.000,0.775,-9.671,-10.935,10.935,17.792,32.367
16037,16,9.158,12.142,148.111,0.000,-0.000,0.000,-1.995,0.775,-9.666,-10.951,10.951,17.805,32.418
16038,16,9.169,12.119,148.122,0.000,-0.000,0.000,-1.995,0.775,-9.666,-10.992,10.992,17.850,32.564
16039,16,9.183,12.073,148.139,0.000,-0.000,0.000,-2.010,0.780,-9.666,-11.016,11.016,17.882,32.659
16040,16,9.195,12.032,148.150,-0.002,-0.000,0.000,-2.010,0.780,-9.666,-11.027,11.027,17.912,32.745
16041,16,9.218,11.964,148.192,-0.010,-0.001,0.000,-2.005,0.785,-9.666,-11.044,11.044,17.924,32.798
16042,16,9.222,11.939,148.201,-0.010,-0.001,0.000,-2.005,0.785,-9.666,-11.037,11.037,17.993,32.951
16043,16,9.232,11.896,148.222,-0.010,-0.001,0.000,-1.991,0.780,-9.671,-11.057,11.057,18.026,33.038
16044,16,9.244,11.854,148.233,-0.012,-0.000,0.000,-1.991,0.780,-9.671,-11.068,11.068,18.041,33.109
16045,16,9.258,11.788,148.271,-0.007,-0.000,0.000,-1.995,0.775,-9.676,-11.075,11.075,18.063,33.154
16046,16,9.266,11.764,148.280,-0.007,-0.000,0.000,-1.995,0.775,-9.676,-11.132,11.132,18.108,33.292
16047,16,9.275,11.721,148.294,-0.007,-0.000,0.000,-1.981,0.770,-9.656,-11.151,11.151,18.141,33.378
16048,16,9.290,11.681,148.300,-0.002,-0.000,0.000,-1.981,0.770,-9.656,-11.202,11.202,18.166,33.464
16049,16,9.311,11.614,148.328,-0.000,-0.000,0.000,-1.991,0.780,-9.671,-11.216,11.216,18.183,33.516
16050,16,9.320,11.594,148.335,-0.000,-0.000,0.000,-1.991,0.780,-9.671,-11.263,11.263,18.222,33.646
16051,16,9.333,11.553,148.349,-0.000,-0.000,0.000,-1.991,0.780,-9.666,-11.285,11.285,18.251,33.733
16052,16,9.349,11.509,148.354,-0.001,-0.000,0.000,-1.991,0.780,-9.666,-11.306,11.306,18.278,33.826
16053,16,9.373,11.447,148.386,0.004,-0.000,0.000,-1.981,0.780,-9.671,-11.318,11.318,18.292,33.872
16054,16,9.382,11.427,148.393,0.004,-0.000,0.000,-1.981,0.780,-9.671,-11.384,11.384,18.327,34.004
16055,16,9.398,11.386,148.408,0.004,-0.000,0.000,-2.000,0.780,-9.661,-11.410,11.410,18.352,34.092
16056,16,9.414,11.342,148.414,0.007,-0.000,0.000,-2.000,0.780,-9.661,-11.452,11.452,18.379,34.185
16057,16,9.445,11.282,148.449,0.006,-0.000,0.000,-1.995,0.780,-9.666,-11.470,11.470,18.385,34.233
16058,16,9.454,11.265,148.460,0.006,-0.000,0.000,-1.995,0.780,-9.666,-11.504,11.504,18.416,34.359
16059,16,9.470,11.224,148.477,0.006,-0.000,0.000,-2.010,0.785,-9.661,-11.530,11.530,18.440,34.448
16060,16,9.481,11.186,148.487,-0.003,-0.000,0.000,-2.010,0.785,-9.661,-11.502,11.502,18.466,34.528
16061,16,9.500,11.125,148.519,-0.010,-0.000,0.000,-1.995,0.785,-9.680,-11.515,11.515,18.480,34.574
16062,16,9.504,11.106,148.543,-0.010,-0.000,0.000,-1.995,0.785,-9.680,-11.512,11.512,18.521,34.694
16063,16,9.512,11.066,148.563,-0.010,-0.000,0.000,-1.986,0.780,-9.680,-11.531,11.531,18.551,34.775
16064,16,9.520,11.030,148.577,-0.009,-0.000,0.000,-1.986,0.780,-9.680,-11.552,11.552,18.579,34.848
16065,16,9.534,10.971,148.612,-0.004,-0.000,0.000,-1.986,0.780,-9.676,-11.566,11.566,18.592,34.895
16066,16,9.542,10.949,148.637,-0.004,-0.000,0.000,-1.986,0.780,-9.676,-11.616,11.616,18.634,35.016
16067,16,9.554,10.914,148.660,-0.004,-0.000,0.000,-1.991,0.775,-9.676,-11.637,11.637,18.657,35.091
16068,16,9.561,10.892,148.675,-0.003,-0.000,0.000,-1.991,0.775,-9.676,-11.654,11.654,18.671,35.137
16069,16,9.583,10.817,148.714,-0.002,-0.000,0.000,-1.981,0.775,-9.666,-11.674,11.674,18.694,35.213
16070,16,9.591,10.798,148.741,-0.002,-0.000,0.000,-1.981,0.775,-9.666,-11.713,11.713,18.730,35.335
16071,16,9.607,10.763,148.774,-0.002,-0.000,0.000,-1.991,0.780,-9.676,-11.737,11.737,18.749,35.414
16072,16,9.613,10.745,148.787,-0.000,-0.000,0.000,-1.991,0.780,-9.676,-11.758,11.758,18.761,35.452
16073,16,9.639,10.671,148.830,-0.000,-0.000,0.000,-1.986,0.780,-9.690,-11.781,11.781,18.786,35.536
16074,16,9.646,10.652,148.858,-0.000,-0.000,0.000,-1.986,0.780,-9.690,-11.815,11.815,18.816,35.653
16075,16,9.662,10.617,148.886,-0.000,-0.000,0.000,-1.986,0.780,-9.671,-11.839,11.839,18.834,35.731
16076,16,9.667,10.598,148.897,0.001,-0.001,0.000,-1.986,0.780,-9.671,-11.855,11.855,18.861,35.784
16077,16,9.694,10.525,148.938,0.000,-0.000,0.000,-1.986,0.775,-9.671,-11.877,11.877,18.886,35.868
16078,16,9.701,10.506,148.963,0.000,-0.000,0.000,-1.986,0.775,-9.671,-11.906,11.906,18.901,35.969
16079,16,9.712,10.470,148.991,0.000,-0.000,0.000,-1.986,0.775,-9.680,-11.927,11.927,18.924,36.046
16080,16,9.721,10.456,149.005,0.000,-0.000,0.000,-1.986,0.775,-9.680,-11.939,11.939,18.928,36.079
16081,16,9.742,10.384,149.047,0.000,-0.000,0.000,-1.986,0.780,-9.680,-11.960,11.960,18.951,36.156
16082,16,9.754,10.366,149.079,0.000,-0.000,0.000,-1.986,0.780,-9.680,-11.995,11.995,18.981,36.274
16083,16,9.765,10.333,149.111,0.000,-0.000,0.000,-1.986,0.785,-9.666,-12.015,12.015,19.001,36.345
16084,16,9.771,10.315,149.124,0.000,-0.000,0.000,-1.986,0.785,-9.666,-12.025,12.025,19.012,36.384
16085,16,9.795,10.247,149.170,0.002,-0.000,0.000,-1.981,0.780,-9.656,-12.045,12.045,19.032,36.455
16086,16,9.805,10.229,149.195,0.002,-0.000,0.000,-1.981,0.780,-9.656,-12.093,12.093,19.057,36.572
16087,16,9.816,10.196,149.223,0.002,-0.000,0.000,-1.986,0.775,-9.661,-12.112,12.112,19.077,36.643
16088,16,9.825,10.179,149.233,0.004,-0.000,0.000,-1.986,0.775,-9.661,-12.136,12.136,19.084,36.682
16089,16,9.849,10.113,149.271,0.002,-0.000,0.000,-1.986,0.785,-9.671,-12.160,12.160,19.103,36.760
16090,16,9.859,10.095,149.292,0.002,-0.000,0.000,-1.991,0.785,-9.671,-12.181,12.181,19.129,36.868
16091,16,9.869,10.062,149.317,0.002,-0.000,0.000,-1.991,0.775,-9.666,-12.200,12.200,19.150,36.938
16092,16,9.878,10.045,149.327,0.000,-0.000,0.000,-1.991,0.775,-9.666,-12.203,12.203,19.156,36.977
16093,16,9.897,9.982,149.357,0.000,-0.000,0.000,-1.991,0.785,-9.666,-12.221,12.221,19.176,37.046
16094,16,9.907,9.964,149.380,0.000,-0.000,0.000,-1.986,0.785,-9.666,-12.253,12.253,19.203,37.154
16095,16,9.917,9.931,149.400,0.000,-0.000,0.000,-1.986,0.780,-9.666,-12.272,12.272,19.223,37.223
16096,16,9.921,9.917,149.410,0.000,-0.000,0.000,-1.986,0.780,-9.666,-12.280,12.280,19.232,37.254
16097,16,9.940,9.868,149.441,0.004,-0.000,0.000,-1.986,0.780,-9.666,-12.302,12.302,19.247,37.324
16098,16,9.953,9.837,149.458,0.004,-0.000,0.000,-1.991,0.780,-9.666,-12.355,12.355,19.274,37.431
16099,16,9.965,9.806,149.469,0.004,-0.000,0.000,-2.000,0.780,-9.666,-12.375,12.375,19.290,37.499
16100,16,9.971,9.788,149.485,0.001,-0.000,0.000,-2.000,0.780,-9.666,-12.370,12.370,19.301,37.539
16101,16,9.988,9.743,149.509,-0.004,-0.000,0.000,-2.000,0.780,-9.671,-12.392,12.392,19.316,37.608
16102,16,9.994,9.710,149.526,-0.004,-0.000,0.000,-2.000,0.780,-9.671,-12.388,12.388,19.349,37.706
16103,16,10.002,9.681,149.536,-0.004,-0.000,0.000,-1.986,0.775,-9.671,-12.404,12.404,19.367,37.766
16104,16,10.008,9.663,149.553,-0.004,-0.000,0.000,-1.986,0.775,-9.671,-12.415,12.415,19.357,37.785
16105,16,10.021,9.620,149.577,-0.001,-0.000,0.000,-1.986,0.775,-9.671,-12.432,12.432,19.336,37.807
16106,16,10.031,9.588,149.594,-0.001,-0.000,0.000,-1.981,0.780,-9.671,-12.474,12.474,19.300,37.843
16107,16,10.040,9.557,149.603,-0.001,-0.000,0.000,-1.986,0.775,-9.676,-12.492,12.492,19.277,37.866
16108,16,10.045,9.542,149.620,-0.002,-0.000,0.000,-1.986,0.775,-9.676,-12.496,12.496,19.265,37.878
16109,16,10.057,9.499,149.644,-0.002,-0.000,0.000,-1.986,0.775,-9.666,-12.512,12.512,19.243,37.900
16110,16,10.066,9.468,149.657,-0.002,-0.000,0.000,-1.986,0.775,-9.666,-12.538,12.538,19.208,37.935
16111,16,10.074,9.440,149.663,-0.002,-0.000,0.000,-1.981,0.780,-9.661,-12.554,12.554,19.187,37.956
16112,16,10.079,9.425,149.680,-0.000,-0.000,0.000,-1.981,0.780,-9.661,-12.574,12.574,19.175,37.968
16113,16,10.096,9.380,149.701,-0.000,-0.000,0.000,-1.981,0.780,-9.676,-12.595,12.595,19.148,37.995
16114,16,10.104,9.352,149.713,-0.000,-0.000,0.000,-1.986,0.785,-9.676,-12.619,12.619,19.115,38.027
16115,16,10.115,9.325,149.721,-0.000,-0.000,0.000,-1.986,0.785,-9.676,-12.638,12.638,19.092,38.051
16116,16,10.120,9.310,149.734,-0.000,-0.000,0.000,-1.986,0.775,-9.671,-12.646,12.646,19.080,38.063
16117,16,10.133,9.264,149.753,-0.000,-0.000,0.000,-1.986,0.775,-9.671,-12.665,12.665,19.056,38.087
16118,16,10.145,9.237,149.766,-0.000,-0.001,0.000,-1.981,0.780,-9.680,-12.692,12.692,19.036,38.138
16119,16,10.152,9.209,149.772,-0.000,-0.001,0.000,-1.981,0.780,-9.680,-12.708,12.708,19.015,38.159
16120,16,10.157,9.194,149.783,-0.000,-0.001,0.000,-1.976,0.775,-9.671,-12.716,12.716,19.003,38.170
16121,16,10.172,9.153,149.803,0.002,-0.000,0.000,-1.976,0.775,-9.671,-12.746,12.746,18.963,38.179
16122,16,10.184,9.126,149.816,0.003,-0.000,0.000,-1.986,0.780,-9.676,-12.779,12.779,18.928,38.215
16123,16,10.192,9.098,149.822,0.003,-0.000,0.000,-1.986,0.780,-9.676,-12.795,12.795,18.907,38.236
16124,16,10.200,9.084,149.833,0.003,-0.000,0.000,-1.995,0.785,-9.671,-12.807,12.807,18.893,38.250
16125,16,10.215,9.043,149.852,0.002,-0.000,0.000,-1.995,0.785,-9.671,-12.818,12.818,18.871,38.272
16126,16,10.223,9.015,149.863,0.000,-0.000,0.000,-1.991,0.780,-9.676,-12.834,12.834,18.835,38.308
16127,16,10.231,8.987,149.867,0.000,-0.000,0.000,-1.991,0.780,-9.676,-12.850,12.850,18.814,38.329
16128,16,10.238,8.977,149.883,0.000,-0.000,0.000,-1.986,0.780,-9.671,-12.860,12.860,18.802,38.341
16129,16,10.250,8.934,149.899,0.000,-0.000,0.000,-1.986,0.780,-9.671,-12.876,12.876,18.780,38.362
16130,16,10.260,8.911,149.908,0.003,-0.000,0.000,-1.991,0.780,-9.656,-12.918,12.918,18.748,38.395
16131,16,10.268,8.883,149.914,0.003,-0.000,0.000,-1.991,0.780,-9.656,-12.933,12.933,18.726,38.417
16132,16,10.276,8.869,149.928,0.003,-0.000,0.000,-2.000,0.770,-9.666,-12.945,12.945,18.712,38.431
16133,16,10.283,8.832,149.948,-0.005,-0.000,0.000,-2.000,0.770,-9.666,-12.913,12.913,18.696,38.447
16134,16,10.287,8.806,149.964,-0.010,-0.000,0.000,-1.991,0.780,-9.671,-12.911,12.911,18.669,38.474
16135,16,10.288,8.791,149.971,-0.010,-0.000,0.000,-1.991,0.780,-9.671,-12.916,12.916,18.661,38.482
16136,16,10.291,8.768,149.988,-0.010,-0.000,0.000,-1.971,0.775,-9.676,-12.926,12.926,18.646,38.497
16137,16,10.299,8.728,150.011,-0.005,-0.000,0.000,-1.971,0.775,-9.676,-12.961,12.961,18.627,38.516
16138,16,10.313,8.705,150.028,0.007,-0.000,0.000,-1.967,0.785,-9.676,-13.053,13.053,18.592,38.551
16139,16,10.317,8.690,150.035,0.007,-0.000,0.000,-1.967,0.785,-9.676,-13.061,13.061,18.581,38.562
16140,16,10.332,8.667,150.052,0.007,-0.000,0.000,-1.995,0.785,-9.671,-13.082,13.082,18.555,38.588
16141,16,10.353,8.631,150.072,0.010,-0.000,0.000,-1.995,0.785,-9.671,-13.110,13.110,18.533,38.610
16142,16,10.360,8.606,150.083,-0.002,-0.001,0.000,-2.000,0.775,-9.666,-13.081,13.081,18.512,38.662
16143,16,10.361,8.591,150.088,-0.002,-0.001,0.000,-2.000,0.775,-9.666,-13.086,13.086,18.503,38.670
16144,16,10.368,8.566,150.098,-0.002,-0.001,0.000,-1.976,0.780,-9.685,-13.100,13.100,18.484,38.690
16145,16,10.378,8.531,150.114,-0.003,-0.000,0.000,-1.976,0.780,-9.685,-13.109,13.109,18.450,38.693
16146,16,10.388,8.507,150.124,0.005,-0.000,0.000,-1.981,0.785,-9.680,-13.176,13.176,18.418,38.724
16147,16,10.395,8.494,150.127,0.005,-0.000,0.000,-1.981,0.785,-9.680,-13.187,13.187,18.405,38.738
16148,16,10.401,8.473,150.137,0.005,-0.000,0.000,-2.000,0.775,-9.666,-13.199,13.199,18.388,38.755
16149,16,10.416,8.435,150.157,0.002,-0.000,0.000,-2.000,0.775,-9.666,-13.201,13.201,18.366,38.777
16150,16,10.422,8.413,150.166,-0.001,-0.000,0.000,-1.995,0.785,-9.661,-13.206,13.206,18.337,38.806
16151,16,10.425,8.403,150.173,-0.001,-0.000,0.000,-1.995,0.785,-9.661,-13.213,13.213,18.328,38.814
16152,16,10.435,8.379,150.186,-0.001,-0.000,0.000,-1.981,0.780,-9.671,-13.231,13.231,18.306,38.837
16153,16,10.445,8.343,150.203,-0.001,-0.000,0.000,-1.981,0.780,-9.671,-13.242,13.242,18.290,38.853
16154,16,10.451,8.322,150.212,-0.000,-0.000,0.000,-1.986,0.780,-9.666,-13.269,13.269,18.261,38.882
16155,16,10.454,8.311,150.219,-0.000,-0.000,0.000,-1.986,0.780,-9.666,-13.276,13.276,18.252,38.891
16156,16,10.462,8.286,150.232,-0.000,-0.000,0.000,-1.991,0.780,-9.661,-13.290,13.290,18.232,38.911
16157,16,10.471,8.254,150.249,-0.001,-0.000,0.000,-1.991,0.780,-9.661,-13.297,13.297,18.216,38.927
16158,16,10.478,8.229,150.258,-0.001,-0.000,0.000,-1.986,0.775,-9.661,-13.318,13.318,18.187,38.956
16159,16,10.484,8.220,150.262,-0.001,-0.000,0.000,-1.986,0.775,-9.661,-13.328,13.328,18.175,38.967
16160,16,10.490,8.198,150.275,-0.001,-0.000,0.000,-1.986,0.775,-9.680,-13.340,13.340,18.158,38.985
16161,16,10.499,8.166,150.291,-0.000,-0.000,0.000,-1.986,0.775,-9.680,-13.358,13.358,18.142,39.001
16162,16,10.506,8.141,150.301,0.002,-0.000,0.000,-1.976,0.785,-9.666,-13.390,13.390,18.113,39.030
16163,16,10.512,8.132,150.304,0.002,-0.000,0.000,-1.976,0.785,-9.666,-13.399,13.399,18.101,39.041
16164,16,10.518,8.111,150.313,0.002,-0.000,0.000,-1.981,0.775,-9.666,-13.412,13.412,18.084,39.059
16165,16,10.530,8.080,150.327,0.001,-0.000,0.000,-1.981,0.775,-9.666,-13.422,13.422,18.065,39.078
16166,16,10.536,8.059,150.333,-0.001,-0.000,0.000,-1.991,0.780,-9.661,-13.430,13.430,18.039,39.103
16167,16,10.539,8.048,150.339,-0.001,-0.000,0.000,-1.991,0.780,-9.661,-13.436,13.436,18.031,39.112
16168,16,10.545,8.027,150.345,-0.001,-0.000,0.000,-1.976,0.785,-9.671,-13.449,13.449,18.014,39.129
16169,16,10.557,7.996,150.358,-0.000,-0.000,0.000,-1.976,0.785,-9.671,-13.466,13.466,17.997,39.146
16170,16,10.563,7.975,150.364,-0.000,-0.000,0.000,-1.986,0.780,-9.671,-13.488,13.488,17.969,39.174
16171,16,10.566,7.964,150.371,-0.000,-0.000,0.000,-1.986,0.780,-9.671,-13.495,13.495,17.960,39.183
16172,16,10.572,7.943,150.380,-0.000,-0.000,0.000,-1.981,0.780,-9.680,-13.507,13.507,17.943,39.200
16173,16,10.581,7.912,150.392,-0.000,-0.000,0.000,-1.981,0.780,-9.680,-13.513,13.513,17.934,39.208
16174,16,10.586,7.891,150.395,-0.000,-0.000,0.000,-1.986,0.775,-9.680,-13.538,13.538,17.901,39.242
16175,16,10.593,7.881,150.402,-0.000,-0.000,0.000,-1.986,0.775,-9.680,-13.548,13.548,17.889,39.254
16176,16,10.597,7.864,150.408,-0.000,-0.000,0.000,-1.981,0.785,-9.666,-13.558,13.558,17.875,39.268
16177,16,10.603,7.831,150.416,-0.003,-0.000,0.000,-1.981,0.785,-9.666,-13.545,13.545,17.870,39.273
16178,16,10.608,7.811,150.419,-0.001,-0.000,0.000,-1.991,0.780,-9.676,-13.580,13.580,17.836,39.306
16179,16,10.610,7.803,150.423,-0.001,-0.000,0.000,-1.991,0.780,-9.676,-13.584,13.584,17.831,39.312
16180,16,10.616,7.783,150.428,-0.001,-0.000,0.000,-1.981,0.775,-9.671,-13.596,13.596,17.814,39.329
16181,16,10.628,7.752,150.442,-0.000,-0.000,0.000,-1.981,0.775,-9.671,-13.608,13.608,17.805,39.337
16182,16,10.632,7.734,150.444,-0.001,-0.000,0.000,-1.991,0.780,-9.671,-13.628,13.628,17.771,39.371
16183,16,10.635,7.724,150.451,-0.001,-0.000,0.000,-1.991,0.780,-9.671,-13.635,13.635,17.763,39.380
16184,16,10.640,7.706,150.457,-0.001,-0.000,0.000,-1.986,0.785,-9.671,-13.645,13.645,17.748,39.395
16185,16,10.645,7.677,150.469,-0.002,-0.000,0.000,-1.986,0.785,-9.671,-13.646,13.646,17.739,39.403
16186,16,10.650,7.656,150.472,-0.002,-0.000,0.000,-1.981,0.780,-9.666,-13.665,13.665,17.712,39.431
16187,16,10.653,7.649,150.481,-0.002,-0.000,0.000,-1.981,0.780,-9.666,-13.670,13.670,17.705,39.438
16188,16,10.657,7.631,150.488,-0.002,-0.000,0.000,-1.981,0.785,-9.666,-13.681,13.681,17.691,39.452
16189,16,10.668,7.604,150.497,-0.000,-0.000,0.000,-1.981,0.785,-9.666,-13.697,13.697,17.682,39.460
16190,16,10.674,7.583,150.500,-0.002,-0.000,0.000,-1.986,0.780,-9.676,-13.713,13.713,17.649,39.494
16191,16,10.673,7.575,150.506,-0.002,-0.000,0.000,-1.986,0.780,-9.676,-13.714,13.714,17.645,39.498
16192,16,10.677,7.558,150.509,-0.002,-0.000,0.000,-1.976,0.775,-9.685,-13.724,13.724,17.631,39.511
16193,16,10.681,7.529,150.514,-0.005,-0.000,0.000,-1.976,0.775,-9.685,-13.714,13.714,17.623,39.520
16194,16,10.686,7.512,150.516,0.002,-0.000,0.000,-1.967,0.780,-9.676,-13.768,13.768,17.598,39.545
16195,16,10.692,7.502,150.520,0.002,-0.000,0.000,-1.967,0.780,-9.676,-13.778,13.778,17.587,39.556
16196,16,10.697,7.485,150.525,0.002,-0.000,0.000,-1.986,0.780,-9.666,-13.788,13.788,17.572,39.571
16197,16,10.711,7.459,150.532,0.005,-0.000,0.000,-1.986,0.780,-9.666,-13.813,13.813,17.561,39.581
16198,16,10.716,7.438,150.534,0.000,-0.000,0.000,-1.991,0.775,-9.661,-13.813,13.813,17.527,39.616
16199,16,10.718,7.431,150.541,0.000,-0.000,0.000,-1.991,0.775,-9.661,-13.817,13.817,17.521,39.622
16200,16,10.723,7.413,150.544,0.000,-0.000,0.000,-1.981,0.780,-9.671,-13.827,13.827,17.507,39.636
16201,16,10.726,7.388,150.553,-0.004,-0.000,0.000,-1.981,0.780,-9.671,-13.810,13.810,17.501,39.642
16202,16,10.732,7.379,150.552,-0.000,-0.000,0.000,-1.967,0.780,-9.671,-13.848,13.848,17.479,39.664
16203,16,10.736,7.361,150.555,-0.000,-0.000,0.000,-1.967,0.780,-9.671,-13.858,13.858,17.465,39.678
16204,16,10.741,7.344,150.557,-0.000,-0.000,0.000,-1.981,0.775,-9.676,-13.868,13.868,17.451,39.692
16205,16,10.748,7.319,150.566,-0.000,-0.000,0.000,-1.981,0.775,-9.676,-13.872,13.872,17.445,39.698
16206,16,10.750,7.309,150.566,0.001,-0.000,0.000,-1.967,0.780,-9.656,-13.894,13.894,17.422,39.720
16207,16,10.758,7.293,150.569,0.001,-0.000,0.000,-1.967,0.780,-9.656,-13.907,13.907,17.406,39.737
16208,16,10.762,7.279,150.571,0.001,-0.000,0.000,-1.995,0.785,-9.666,-13.916,13.916,17.394,39.749
16209,16,10.773,7.252,150.577,0.002,-0.000,0.000,-1.995,0.785,-9.666,-13.927,13.927,17.386,39.757
16210,16,10.775,7.245,150.580,-0.002,-0.000,0.000,-1.981,0.775,-9.661,-13.924,13.924,17.363,39.780
16211,16,10.776,7.227,150.586,-0.002,-0.000,0.000,-1.981,0.775,-9.661,-13.931,13.931,17.351,39.792
16212,16,10.780,7.213,150.588,-0.002,-0.000,0.000,-1.971,0.780,-9.676,-13.939,13.939,17.340,39.803
16213,16,10.790,7.189,150.598,-0.000,-0.000,0.000,-1.971,0.780,-9.676,-13.956,13.956,17.331,39.812
16214,16,10.793,7.179,150.601,0.004,-0.000,0.000,-1.976,0.775,-9.676,-13.995,13.995,17.308,39.835
16215,16,10.801,7.162,150.604,0.004,-0.000,0.000,-1.976,0.775,-9.676,-14.009,14.009,17.291,39.852
16216,16,10.804,7.149,150.606,0.004,-0.000,0.000,-2.000,0.780,-9.671,-14.017,14.017,17.279,39.863
16217,16,10.811,7.124,150.615,-0.002,-0.000,0.000,-2.000,0.780,-9.671,-13.990,13.990,17.274,39.869
16218,16,10.813,7.117,150.619,-0.001,-0.000,0.000,-1.967,0.780,-9.671,-14.010,14.010,17.253,39.890
16219,16,10.817,7.103,150.625,-0.001,-0.000,0.000,-1.967,0.780,-9.671,-14.018,14.018,17.241,39.902
