packet_timestamp,statemachine,angle_roll,angle_pitch,angle_yaw,gyro_x,gyro_y,gyro_z,acc_x,acc_y,acc_z,rudder1,rudder2,rudder3,rudder4
2185,16,-0.327,39.336,-2.152,-0.000,0.000,-0.001,0.043,6.249,-7.656,-2.388,2.388,-13.445,-13.229
2186,16,-0.327,39.336,-2.152,0.001,0.000,-0.001,0.043,6.249,-7.642,-2.393,2.393,-13.445,-13.229
2187,16,-0.327,39.336,-2.152,0.001,0.000,-0.001,0.043,6.249,-7.642,-2.393,2.393,-13.445,-13.229
2188,16,-0.327,39.336,-2.152,0.000,0.000,0.000,0.019,6.273,-7.618,-2.393,2.393,-13.445,-13.229
2189,16,-0.327,39.336,-2.152,0.000,0.000,0.000,0.019,6.288,-7.618,-2.401,2.401,-13.472,-13.203
2190,16,-0.323,39.336,-2.151,0.001,0.000,-0.001,0.000,6.288,-7.632,-2.395,2.395,-13.444,-13.231
2191,16,-0.323,39.336,-2.151,0.001,0.000,-0.001,0.000,6.288,-7.632,-2.395,2.395,-13.444,-13.231
2192,16,-0.326,39.336,-2.148,-0.003,0.000,0.000,0.077,6.245,-7.642,-2.395,2.395,-13.444,-13.231
2193,16,-0.326,39.336,-2.148,-0.003,0.000,0.000,0.077,6.235,-7.642,-2.386,2.386,-13.471,-13.203
2194,16,-0.326,39.336,-2.148,-0.001,0.000,0.000,0.010,6.235,-7.642,-2.397,2.397,-13.471,-13.203
2195,16,-0.326,39.336,-2.148,-0.001,0.000,0.000,0.010,6.235,-7.642,-2.397,2.397,-13.471,-13.203
2196,16,-0.326,39.336,-2.148,-0.000,0.001,0.000,0.048,6.278,-7.642,-2.397,2.397,-13.471,-13.203
2197,16,-0.326,39.341,-2.148,-0.000,0.001,0.000,0.048,6.288,-7.642,-2.402,2.402,-13.493,-13.225
2198,16,-0.326,39.341,-2.148,-0.000,0.000,0.000,0.091,6.288,-7.637,-2.402,2.402,-13.478,-13.210
2199,16,-0.326,39.341,-2.148,-0.000,0.000,0.000,0.091,6.288,-7.637,-2.402,2.402,-13.478,-13.210
2200,16,-0.326,39.341,-2.148,-0.001,0.000,-0.001,0.019,6.264,-7.656,-2.402,2.402,-13.478,-13.210
2201,16,-0.326,39.341,-2.148,-0.001,0.000,-0.001,0.019,6.245,-7.656,-2.383,2.383,-13.451,-13.236
2202,16,-0.326,39.341,-2.148,-0.000,0.000,-0.001,0.086,6.245,-7.647,-2.389,2.389,-13.451,-13.236
2203,16,-0.324,39.341,-2.144,-0.000,0.000,-0.001,0.086,6.245,-7.647,-2.389,2.389,-13.451,-13.237
2204,16,-0.324,39.341,-2.144,-0.000,0.001,-0.001,-0.014,6.245,-7.637,-2.389,2.389,-13.451,-13.237
2205,16,-0.324,39.341,-2.144,-0.000,0.001,-0.001,-0.014,6.283,-7.637,-2.389,2.389,-13.466,-13.252
2206,16,-0.324,39.341,-2.144,-0.000,0.001,0.000,0.029,6.283,-7.618,-2.402,2.402,-13.492,-13.226
2207,16,-0.324,39.341,-2.144,-0.000,0.001,0.000,0.029,6.283,-7.618,-2.402,2.402,-13.492,-13.226
2208,16,-0.324,39.341,-2.144,-0.002,0.000,0.000,0.043,6.264,-7.642,-2.402,2.402,-13.492,-13.226
2209,16,-0.329,39.341,-2.145,-0.002,0.000,0.000,0.043,6.230,-7.642,-2.390,2.390,-13.479,-13.209
2210,16,-0.329,39.341,-2.145,-0.001,-0.001,0.000,0.000,6.230,-7.651,-2.396,2.396,-13.464,-13.193
2211,16,-0.329,39.341,-2.145,-0.001,-0.001,0.000,0.000,6.230,-7.651,-2.396,2.396,-13.464,-13.193
2212,16,-0.329,39.341,-2.145,-0.000,-0.000,0.000,0.081,6.249,-7.661,-2.396,2.396,-13.464,-13.193
2213,16,-0.329,39.341,-2.145,-0.000,-0.000,0.000,0.081,6.273,-7.661,-2.401,2.401,-13.479,-13.209
2214,16,-0.329,39.341,-2.145,-0.000,0.002,0.000,0.053,6.273,-7.642,-2.401,2.401,-13.509,-13.239
2215,16,-0.329,39.341,-2.145,-0.000,0.002,0.000,0.053,6.273,-7.642,-2.401,2.401,-13.509,-13.239
2216,16,-0.329,39.341,-2.145,-0.001,0.000,0.000,0.067,6.273,-7.642,-2.401,2.401,-13.509,-13.239
2217,16,-0.327,39.341,-2.141,-0.001,0.000,0.000,0.067,6.273,-7.642,-2.396,2.396,-13.478,-13.209
2218,16,-0.327,39.341,-2.141,-0.001,0.000,0.000,0.043,6.264,-7.632,-2.396,2.396,-13.478,-13.209
2219,16,-0.327,39.341,-2.141,-0.000,-0.001,0.000,0.043,6.264,-7.632,-2.401,2.401,-13.463,-13.194
2220,16,-0.329,39.341,-2.145,0.001,0.002,0.000,0.043,6.264,-7.632,-2.401,2.401,-13.463,-13.194
2221,16,-0.329,39.341,-2.145,0.001,0.002,0.000,0.033,6.245,-7.661,-2.406,2.406,-13.509,-13.239
2222,16,-0.329,39.341,-2.145,0.001,0.002,0.000,-0.005,6.269,-7.642,-2.406,2.406,-13.509,-13.239
2223,16,-0.329,39.344,-2.145,-0.001,0.001,0.000,-0.005,6.269,-7.642,-2.396,2.396,-13.499,-13.228
2224,16,-0.327,39.344,-2.141,-0.001,0.001,0.000,-0.005,6.269,-7.642,-2.396,2.396,-13.498,-13.229
2225,16,-0.327,39.344,-2.141,-0.001,0.000,0.000,0.029,6.269,-7.618,-2.396,2.396,-13.483,-13.214
2226,16,-0.327,39.344,-2.141,-0.001,0.000,0.000,0.019,6.278,-7.613,-2.396,2.396,-13.483,-13.214
2227,16,-0.327,39.344,-2.141,-0.001,-0.001,0.000,0.019,6.278,-7.613,-2.396,2.396,-13.468,-13.199
2228,16,-0.327,39.341,-2.141,-0.000,-0.001,0.000,0.019,6.278,-7.613,-2.396,2.396,-13.463,-13.194
2229,16,-0.327,39.341,-2.141,-0.000,-0.000,0.000,0.072,6.245,-7.656,-2.401,2.401,-13.478,-13.209
2230,16,-0.327,39.341,-2.141,-0.000,-0.000,0.000,0.029,6.240,-7.699,-2.401,2.401,-13.478,-13.209
2231,16,-0.327,39.341,-2.141,-0.001,-0.000,0.000,0.029,6.240,-7.699,-2.396,2.396,-13.478,-13.209
2232,16,-0.331,39.341,-2.143,-0.000,-0.000,0.000,0.029,6.240,-7.699,-2.395,2.395,-13.480,-13.207
2233,16,-0.327,39.341,-2.141,-0.000,0.001,0.000,0.062,6.283,-7.637,-2.401,2.401,-13.494,-13.224
2234,16,-0.327,39.344,-2.141,-0.000,0.001,0.000,0.043,6.254,-7.618,-2.401,2.401,-13.498,-13.229
2235,16,-0.327,39.341,-2.141,-0.000,0.000,0.000,0.043,6.254,-7.618,-2.401,2.401,-13.478,-13.209
2236,16,-0.327,39.341,-2.141,-0.000,0.000,0.000,0.043,6.254,-7.618,-2.401,2.401,-13.478,-13.209
2237,16,-0.327,39.341,-2.141,-0.000,0.000,0.000,0.029,6.273,-7.623,-2.401,2.401,-13.478,-13.209
2238,16,-0.327,39.341,-2.141,-0.000,0.000,0.000,0.029,6.273,-7.666,-2.401,2.401,-13.478,-13.209
2239,16,-0.327,39.341,-2.141,-0.001,0.000,0.000,0.029,6.273,-7.666,-2.396,2.396,-13.478,-13.209
2245,16,-0.330,39.341,-2.138,-0.000,0.000,0.000,0.077,6.278,-7.628,-2.401,2.401,-13.479,-13.208
2246,16,-0.330,39.341,-2.138,-0.000,0.000,0.000,0.029,6.273,-7.642,-2.401,2.401,-13.479,-13.208
2247,16,-0.334,39.341,-2.140,-0.002,0.000,0.000,0.029,6.273,-7.642,-2.389,2.389,-13.481,-13.206
2248,16,-0.334,39.341,-2.140,-0.002,0.000,0.000,0.029,6.273,-7.642,-2.389,2.389,-13.481,-13.206
2249,16,-0.334,39.341,-2.140,0.001,0.000,0.000,0.081,6.269,-7.651,-2.405,2.405,-13.481,-13.206
2250,16,-0.334,39.341,-2.140,0.001,0.000,0.000,0.029,6.245,-7.647,-2.405,2.405,-13.481,-13.206
2251,16,-0.334,39.341,-2.140,-0.001,0.001,0.000,0.029,6.245,-7.647,-2.394,2.394,-13.496,-13.221
2252,16,-0.334,39.344,-2.140,-0.001,0.001,0.000,0.029,6.245,-7.647,-2.394,2.394,-13.496,-13.221
2253,16,-0.334,39.344,-2.140,-0.000,0.001,0.000,0.053,6.259,-7.632,-2.399,2.399,-13.501,-13.226
2254,16,-0.334,39.344,-2.140,-0.000,0.001,0.000,0.024,6.292,-7.618,-2.399,2.399,-13.501,-13.226
2255,16,-0.334,39.344,-2.140,0.001,0.000,0.000,0.024,6.292,-7.618,-2.405,2.405,-13.486,-13.211
2256,16,-0.334,39.344,-2.140,0.001,0.000,0.000,0.024,6.292,-7.618,-2.405,2.405,-13.486,-13.211
2257,16,-0.334,39.344,-2.140,-0.001,0.000,0.000,0.043,6.273,-7.632,-2.394,2.394,-13.486,-13.211
2258,16,-0.334,39.344,-2.140,-0.001,0.000,0.000,0.038,6.245,-7.666,-2.394,2.394,-13.486,-13.211
2259,16,-0.334,39.344,-2.140,-0.001,0.000,0.000,0.038,6.245,-7.666,-2.394,2.394,-13.486,-13.211
2260,16,-0.339,39.344,-2.142,-0.001,0.000,0.000,0.038,6.245,-7.666,-2.394,2.394,-13.486,-13.211
2261,16,-0.339,39.344,-2.142,-0.001,0.000,0.000,0.062,6.259,-7.642,-2.393,2.393,-13.487,-13.209
2262,16,-0.339,39.344,-2.142,-0.000,0.000,0.000,0.057,6.297,-7.642,-2.398,2.398,-13.487,-13.209
2263,16,-0.339,39.344,-2.142,-0.000,0.000,0.000,0.057,6.297,-7.642,-2.398,2.398,-13.487,-13.209
2264,16,-0.339,39.344,-2.142,-0.000,0.000,0.000,0.057,6.297,-7.642,-2.398,2.398,-13.487,-13.209
2265,16,-0.339,39.344,-2.142,-0.000,0.000,0.000,0.038,6.278,-7.618,-2.398,2.398,-13.487,-13.209
2266,16,-0.339,39.344,-2.142,-0.000,0.000,0.000,0.048,6.240,-7.637,-2.398,2.398,-13.487,-13.209
2267,16,-0.339,39.344,-2.142,-0.000,0.000,0.000,0.048,6.240,-7.637,-2.398,2.398,-13.487,-13.209
2268,16,-0.339,39.344,-2.142,-0.000,0.000,0.000,0.048,6.240,-7.637,-2.398,2.398,-13.487,-13.209
2269,16,-0.339,39.344,-2.142,-0.000,0.000,0.000,0.029,6.269,-7.651,-2.398,2.398,-13.487,-13.209
2270,16,-0.339,39.344,-2.142,-0.000,0.000,0.000,0.029,6.273,-7.637,-2.398,2.398,-13.487,-13.209
2271,16,-0.339,39.344,-2.142,-0.000,0.000,0.000,0.029,6.273,-7.637,-2.398,2.398,-13.487,-13.209
2272,16,-0.339,39.344,-2.142,-0.000,0.000,0.000,0.029,6.273,-7.637,-2.398,2.398,-13.487,-13.209
2273,16,-0.339,39.344,-2.142,-0.000,0.000,0.000,0.043,6.259,-7.632,-2.398,2.398,-13.487,-13.209
2274,16,-0.339,39.344,-2.142,-0.000,0.000,0.000,0.038,6.264,-7.647,-2.398,2.398,-13.487,-13.209
2292,16,-0.339,39.344,-2.142,-0.000,0.000,0.000,0.033,6.259,-7.647,-2.398,2.398,-13.487,-13.209
2314,16,-0.339,39.344,-2.142,-0.000,0.000,0.000,0.033,6.245,-7.656,-2.398,2.398,-13.487,-13.209
2327,16,-0.338,39.341,-2.142,0.001,0.001,0.000,0.081,6.269,-7.661,-2.403,2.403,-13.498,-13.220
2342,16,-0.330,39.341,-2.138,-0.000,0.000,0.000,0.077,6.259,-7.661,-2.401,2.401,-13.479,-13.208
2354,16,-0.327,39.341,-2.141,-0.001,0.000,0.000,0.033,6.254,-7.637,-2.396,2.396,-13.478,-13.209
2395,16,-0.320,39.344,-2.142,-0.000,0.001,0.000,0.053,6.254,-7.642,-2.404,2.404,-13.496,-13.232
2404,16,-0.318,39.344,-2.145,0.000,0.000,0.000,0.043,6.269,-7.623,-2.404,2.404,-13.479,-13.218
2420,16,-0.315,39.344,-2.148,-0.001,0.000,0.000,0.029,6.273,-7.661,-4.650,4.650,-13.478,-13.219
2421,16,-0.315,39.344,-2.148,-0.000,0.000,0.000,0.029,6.264,-7.661,-4.655,4.655,-13.478,-13.219
2422,16,-0.315,39.344,-2.148,-0.000,0.000,0.000,0.029,6.264,-7.647,-4.655,4.655,-13.478,-13.219
2425,16,-0.315,39.344,-2.148,-0.000,0.000,0.000,0.062,6.264,-7.637,-4.655,4.655,-13.478,-13.219
2426,16,-0.315,39.344,-2.148,-0.000,0.000,0.000,0.062,6.264,-7.632,-4.655,4.655,-13.478,-13.219
2427,16,-0.315,39.344,-2.148,-0.000,0.000,0.000,0.043,6.259,-7.647,-4.655,4.655,-13.478,-13.219
2428,16,-0.315,39.344,-2.148,-0.000,0.000,0.000,0.043,6.259,-7.647,-4.655,4.655,-13.478,-13.219
2429,16,-0.315,39.344,-2.148,0.003,0.000,0.000,0.077,6.273,-7.647,-4.671,4.671,-13.478,-13.219
2430,16,-0.311,39.348,-2.146,0.003,0.001,0.000,0.077,6.273,-7.623,-4.672,4.672,-13.497,-13.241
2431,16,-0.311,39.348,-2.146,0.003,0.001,0.000,0.000,6.292,-7.604,-4.672,4.672,-13.497,-13.241
2432,16,-0.316,39.348,-2.141,-0.007,-0.001,-0.009,0.000,6.292,-7.604,-4.512,4.512,-13.254,-13.422
2433,16,-0.310,39.348,-2.135,0.007,-0.001,0.002,0.029,6.269,-7.604,-4.721,4.721,-13.519,-13.157
2434,16,-0.308,39.349,-2.138,0.007,0.003,0.002,0.029,6.269,-7.637,-4.721,4.721,-13.581,-13.221
2435,16,-0.308,39.352,-2.138,0.007,0.003,0.002,0.043,6.249,-7.651,-4.721,4.721,-13.586,-13.226
2436,16,-0.309,39.352,-2.142,0.001,0.000,0.003,0.043,6.249,-7.651,-4.702,4.702,-13.567,-13.153
2437,16,-0.306,39.352,-2.145,0.001,0.000,0.005,0.029,6.292,-7.651,-4.730,4.730,-13.619,-13.101
2438,16,-0.308,39.348,-2.149,0.006,-0.003,0.005,0.029,6.292,-7.618,-4.756,4.756,-13.568,-13.048
2439,16,-0.305,39.348,-2.152,0.006,-0.003,0.005,0.048,6.364,-7.584,-4.757,4.757,-13.567,-13.049
2440,16,-0.305,39.352,-2.152,0.001,0.003,0.002,0.048,6.364,-7.584,-4.690,4.690,-13.585,-13.227
2441,16,-0.303,39.352,-2.155,0.001,0.003,0.000,0.115,6.336,-7.584,-4.664,4.664,-13.530,-13.281
2442,16,-0.298,39.356,-2.153,0.009,0.000,0.000,0.115,6.336,-7.604,-4.703,4.703,-13.488,-13.242
2443,16,-0.298,39.356,-2.153,0.009,0.000,0.000,0.000,6.245,-7.651,-4.703,4.703,-13.488,-13.242
2444,16,-0.306,39.344,-2.145,-0.015,-0.015,-0.011,0.000,6.245,-7.651,-4.452,4.452,-12.998,-13.284
2445,16,-0.305,39.341,-2.141,-0.015,-0.015,0.003,0.053,6.259,-7.651,-4.624,4.624,-13.336,-12.926
2451,16,-0.305,39.337,-2.152,0.000,-0.003,-0.001,0.014,6.307,-7.637,-4.645,4.645,-13.391,-13.194
2478,16,-0.312,39.333,-2.162,0.001,-0.001,0.000,0.024,6.264,-7.637,-4.661,4.661,-13.446,-13.190
2479,16,-0.312,39.333,-2.162,0.001,-0.001,0.000,0.048,6.269,-7.618,-4.661,4.661,-13.446,-13.190
2485,16,-0.312,39.333,-2.162,0.000,-0.000,0.001,0.024,6.292,-7.647,-4.669,4.669,-13.488,-13.178
2486,16,-0.312,39.333,-2.162,-0.003,0.001,0.001,0.024,6.292,-7.613,-4.653,4.653,-13.503,-13.193
2489,16,-0.316,39.336,-2.163,-0.001,0.000,0.000,0.072,6.259,-7.632,-4.649,4.649,-13.468,-13.208
2490,16,-0.316,39.336,-2.163,-0.000,0.000,0.000,0.072,6.259,-7.661,-4.655,4.655,-13.468,-13.208
2491,16,-0.316,39.336,-2.163,-0.000,0.000,0.000,0.038,6.269,-7.661,-4.655,4.655,-13.468,-13.208
2492,16,-0.315,39.336,-2.159,-0.002,0.000,0.000,0.038,6.269,-7.661,-4.645,4.645,-13.467,-13.208
2495,16,-0.317,39.341,-2.163,0.002,0.002,0.000,0.057,6.254,-7.613,-4.665,4.665,-13.505,-13.244
2496,16,-0.317,39.341,-2.163,0.001,0.001,0.000,0.057,6.254,-7.613,-4.660,4.660,-13.489,-13.229
2497,16,-0.317,39.341,-2.163,0.001,0.001,0.000,0.014,6.273,-7.613,-4.660,4.660,-13.489,-13.229
2498,16,-0.321,39.341,-2.165,-0.004,-0.002,0.000,0.014,6.273,-7.647,-4.632,4.632,-13.445,-13.182
2499,16,-0.321,39.338,-2.165,-0.004,-0.002,0.000,0.000,6.254,-7.666,-4.632,4.632,-13.441,-13.177
2500,16,-0.321,39.341,-2.165,-0.001,0.001,0.000,0.000,6.254,-7.666,-4.648,4.648,-13.491,-13.227
2501,16,-0.321,39.341,-2.165,-0.001,0.001,0.000,0.067,6.240,-7.666,-4.648,4.648,-13.491,-13.227
2502,16,-0.321,39.341,-2.165,0.001,0.000,0.000,0.067,6.240,-7.651,-4.659,4.659,-13.476,-13.212
2503,16,-0.321,39.341,-2.165,0.001,0.000,0.000,0.024,6.264,-7.647,-4.659,4.659,-13.476,-13.212
2504,16,-0.321,39.341,-2.165,0.000,0.000,0.000,0.024,6.264,-7.647,-4.653,4.653,-13.476,-13.212
2505,16,-0.321,39.341,-2.165,0.000,0.000,0.000,0.053,6.245,-7.647,-4.653,4.653,-13.476,-13.212
2506,16,-0.321,39.341,-2.165,-0.001,0.001,0.000,0.053,6.245,-7.642,-4.648,4.648,-13.491,-13.227
2507,16,-0.319,39.341,-2.161,-0.001,0.001,0.000,0.077,6.254,-7.651,-4.649,4.649,-13.490,-13.228
2508,16,-0.319,39.336,-2.161,-0.000,-0.002,0.000,0.077,6.254,-7.651,-4.654,4.654,-13.445,-13.182
2509,16,-0.319,39.336,-2.161,-0.000,-0.002,0.000,0.043,6.264,-7.651,-4.654,4.654,-13.438,-13.176
2510,16,-0.319,39.336,-2.161,-0.000,-0.000,0.000,0.043,6.264,-7.647,-4.654,4.654,-13.469,-13.206
2511,16,-0.319,39.336,-2.161,-0.000,-0.000,0.000,0.043,6.221,-7.656,-4.654,4.654,-13.469,-13.206
2512,16,-0.319,39.336,-2.161,-0.000,0.002,0.000,0.043,6.221,-7.656,-4.654,4.654,-13.499,-13.237
2513,16,-0.319,39.336,-2.161,-0.000,0.002,0.000,0.033,6.269,-7.656,-4.654,4.654,-13.499,-13.237
2514,16,-0.321,39.336,-2.165,-0.000,-0.002,0.000,0.033,6.269,-7.647,-4.653,4.653,-13.439,-13.175
2515,16,-0.321,39.333,-2.165,-0.000,-0.002,0.000,0.019,6.283,-7.628,-4.653,4.653,-13.434,-13.171
2516,16,-0.319,39.333,-2.160,-0.000,-0.000,0.000,0.019,6.283,-7.628,-4.653,4.653,-13.464,-13.201
2517,16,-0.319,39.333,-2.160,-0.000,-0.000,0.000,0.043,6.240,-7.628,-4.654,4.654,-13.464,-13.202
2518,16,-0.319,39.333,-2.160,-0.000,0.001,0.000,0.043,6.240,-7.642,-4.654,4.654,-13.479,-13.217
2519,16,-0.319,39.336,-2.161,-0.000,0.001,0.000,0.043,6.240,-7.671,-4.654,4.654,-13.484,-13.222
2520,16,-0.319,39.333,-2.160,-0.001,-0.001,0.000,0.043,6.240,-7.671,-4.649,4.649,-13.449,-13.187
2521,16,-0.323,39.333,-2.162,-0.001,-0.001,0.000,0.053,6.283,-7.671,-4.647,4.647,-13.450,-13.185
2522,16,-0.323,39.333,-2.162,-0.003,0.001,0.000,0.053,6.283,-7.632,-4.637,4.637,-13.481,-13.215
2523,16,-0.323,39.333,-2.162,-0.003,0.001,0.000,0.062,6.249,-7.647,-4.637,4.637,-13.481,-13.215
2524,16,-0.323,39.333,-2.162,-0.000,0.000,0.000,0.062,6.249,-7.647,-4.653,4.653,-13.466,-13.200
2525,16,-0.323,39.333,-2.162,-0.000,0.000,0.000,0.033,6.206,-7.647,-4.653,4.653,-13.466,-13.200
2526,16,-0.323,39.333,-2.162,-0.000,0.000,0.000,0.033,6.206,-7.671,-4.653,4.653,-13.466,-13.200
2527,16,-0.323,39.333,-2.162,-0.000,0.000,0.000,0.043,6.245,-7.632,-4.653,4.653,-13.466,-13.200
2528,16,-0.323,39.333,-2.162,0.001,0.001,0.000,0.043,6.245,-7.632,-4.658,4.658,-13.481,-13.215
2529,16,-0.323,39.333,-2.162,0.001,0.001,0.000,0.019,6.292,-7.632,-4.658,4.658,-13.481,-13.215
2530,16,-0.323,39.333,-2.162,0.002,0.002,0.000,0.019,6.292,-7.637,-4.663,4.663,-13.496,-13.230
2531,16,-0.319,39.333,-2.160,0.002,0.002,0.000,0.043,6.283,-7.647,-4.665,4.665,-13.494,-13.232
2532,16,-0.319,39.333,-2.160,0.000,0.000,0.000,0.043,6.283,-7.647,-4.654,4.654,-13.464,-13.202
2533,16,-0.319,39.333,-2.160,0.000,0.000,0.000,0.024,6.273,-7.647,-4.654,4.654,-13.464,-13.202
2534,16,-0.323,39.333,-2.162,-0.003,-0.002,0.000,0.024,6.273,-7.608,-4.637,4.637,-13.435,-13.169
2535,16,-0.323,39.333,-2.162,-0.003,-0.002,0.000,0.014,6.225,-7.661,-4.637,4.637,-13.435,-13.169
2536,16,-0.328,39.333,-2.164,-0.003,0.002,0.000,0.014,6.225,-7.661,-4.635,4.635,-13.498,-13.228
2537,16,-0.326,39.333,-2.159,-0.003,0.002,0.000,0.057,6.254,-7.661,-4.636,4.636,-13.497,-13.229
2538,16,-0.326,39.333,-2.159,-0.001,0.000,0.000,0.057,6.254,-7.666,-4.646,4.646,-13.467,-13.199
2539,16,-0.326,39.333,-2.159,-0.001,0.000,0.000,0.072,6.297,-7.637,-4.646,4.646,-13.467,-13.199
2540,16,-0.328,39.333,-2.164,0.002,0.001,0.000,0.072,6.297,-7.637,-4.662,4.662,-13.482,-13.214
2541,16,-0.323,39.333,-2.162,0.002,0.001,0.000,0.043,6.273,-7.637,-4.663,4.663,-13.481,-13.215
2547,16,-0.323,39.333,-2.162,0.001,0.000,0.000,0.024,6.259,-7.661,-4.658,4.658,-13.466,-13.200
2548,16,-0.323,39.333,-2.162,-0.001,-0.002,0.000,0.024,6.259,-7.661,-4.647,4.647,-13.435,-13.169
2591,16,-0.322,39.330,-2.158,0.001,0.001,0.000,0.057,6.245,-7.628,-4.658,4.658,-13.475,-13.211
2592,16,-0.322,39.330,-2.158,0.000,0.000,0.000,0.062,6.235,-7.666,-4.658,4.658,-13.475,-13.211
2596,16,-0.322,39.330,-2.158,0.000,0.000,0.000,0.000,6.278,-7.642,-4.653,4.653,-13.460,-13.196
2597,16,-0.322,39.330,-2.158,0.000,0.000,0.000,0.000,6.278,-7.642,-4.653,4.653,-13.460,-13.196
2607,16,-0.329,39.330,-2.156,-0.003,-0.001,0.000,0.053,6.240,-7.642,-4.635,4.635,-13.448,-13.178
2611,16,-0.324,39.330,-2.155,0.000,-0.000,0.000,-0.005,6.254,-7.675,-4.652,4.652,-13.461,-13.195
2616,16,-0.324,39.325,-2.155,-0.004,-0.000,0.000,-0.038,6.240,-7.651,-4.636,4.636,-13.455,-13.188
2617,16,-0.329,39.325,-2.156,-0.004,-0.000,0.000,-0.038,6.240,-7.651,-4.630,4.630,-13.456,-13.187
2618,16,-0.324,39.325,-2.155,0.003,-0.000,0.005,0.110,6.269,-7.675,-4.735,4.735,-13.588,-13.055
2619,16,-0.326,39.325,-2.159,0.003,-0.000,0.005,0.110,6.269,-7.675,-4.734,4.734,-13.588,-13.055
2624,16,-0.330,39.330,-2.161,-0.000,0.001,0.000,0.096,6.249,-7.647,-4.608,4.608,-13.439,-13.274
2625,16,-0.330,39.330,-2.161,-0.000,0.001,0.000,0.096,6.249,-7.647,-4.650,4.650,-13.479,-13.207
2626,16,-0.330,39.330,-2.161,0.001,0.001,0.001,0.029,6.245,-7.656,-4.669,4.669,-13.505,-13.181
2629,16,-0.330,39.330,-2.161,0.000,-0.000,-0.001,0.014,6.278,-7.642,-4.637,4.637,-13.437,-13.219
2630,16,-0.330,39.330,-2.161,-0.001,-0.000,-0.001,0.000,6.221,-7.661,-4.632,4.632,-13.437,-13.219
2636,16,-0.332,39.330,-2.165,-0.001,-0.000,0.000,0.053,6.264,-7.666,-4.676,4.676,-13.503,-13.122
2637,16,-0.336,39.330,-2.167,-0.001,-0.000,0.000,0.053,6.264,-7.666,-4.643,4.643,-13.466,-13.190
2644,16,-0.333,39.330,-2.169,0.000,-0.001,-0.001,0.019,6.254,-7.651,-4.650,4.650,-13.469,-13.196
2645,16,-0.333,39.330,-2.169,0.000,-0.001,-0.001,0.019,6.254,-7.651,-4.636,4.636,-13.423,-13.202
2646,16,-0.333,39.330,-2.169,0.000,-0.001,0.001,0.014,6.206,-7.666,-4.663,4.663,-13.476,-13.149
2647,16,-0.333,39.330,-2.169,0.000,0.001,0.001,0.014,6.206,-7.666,-4.663,4.663,-13.506,-13.179
2648,16,-0.333,39.333,-2.169,-0.001,0.003,0.002,0.053,6.240,-7.656,-4.663,4.663,-13.506,-13.179
2708,16,-0.334,39.319,-2.173,-0.002,-0.003,0.000,0.033,6.240,-7.661,-4.650,4.650,-13.483,-13.212
2720,16,-0.329,39.319,-2.168,0.002,0.000,0.000,0.086,6.245,-7.661,-4.655,4.655,-13.449,-13.175
2721,16,-0.329,39.319,-2.168,0.002,0.000,0.000,0.086,6.245,-7.661,-4.662,4.662,-13.447,-13.177
2722,16,-0.329,39.317,-2.167,0.002,0.000,0.000,0.014,6.269,-7.666,-4.662,4.662,-13.445,-13.176
2723,16,-0.324,39.317,-2.166,0.002,0.000,0.000,0.014,6.269,-7.666,-4.663,4.663,-13.444,-13.177
2724,16,-0.326,39.314,-2.170,0.000,-0.001,0.000,0.048,6.240,-7.651,-4.662,4.662,-13.439,-13.172
2731,16,-0.326,39.314,-2.170,0.000,0.001,0.000,0.081,6.259,-7.661,-4.652,4.652,-13.455,-13.187
2753,16,-0.324,39.308,-2.166,-0.000,-0.000,0.000,0.053,6.269,-7.647,-4.652,4.652,-13.429,-13.164
2773,16,-0.320,39.311,-2.164,-0.001,-0.006,0.000,0.062,6.283,-7.628,-4.648,4.648,-13.341,-13.079
2816,16,-27.306,-23.235,34.072,-0.682,0.852,-3.085,0.139,2.670,14.303,69.721,-69.721,143.522,-110.728
2817,16,-27.841,-20.650,35.090,-0.142,2.113,-3.179,0.555,2.354,12.757,68.193,-68.193,127.848,-131.090
2818,16,-28.629,-18.975,36.327,-0.142,2.113,-3.179,0.555,2.354,12.757,68.193,-68.193,127.848,-131.090
2819,16,-28.170,-16.531,36.304,0.704,2.113,-2.964,1.081,2.034,11.125,61.274,-61.274,122.468,-125.710
2859,16,64.962,57.719,-0.891,-6.347,-0.180,-0.637,-3.053,3.689,-2.388,52.447,-52.447,52.279,-79.573
2860,16,58.854,57.358,0.497,-7.619,-0.097,-0.637,-3.053,3.689,-2.388,58.213,-58.213,48.913,-82.939
2861,16,54.126,56.855,1.315,-8.615,-0.469,-0.928,-3.043,3.857,-5.010,61.848,-61.848,57.963,-88.429
2864,16,39.112,54.674,3.960,-9.516,-0.966,-1.199,-3.254,4.249,-6.738,62.350,-62.350,61.547,-86.854
2865,16,33.756,53.526,4.953,-10.013,-1.450,-1.470,-3.259,4.450,-9.207,60.624,-60.624,63.772,-77.726
2866,16,31.138,52.957,5.520,-10.013,-1.450,-1.470,-3.259,4.450,-9.207,59.070,-59.070,60.490,-74.788
2867,16,26.060,51.670,6.723,-10.013,-1.450,-1.658,-2.876,3.876,-10.652,58.346,-58.346,59.229,-73.157
2870,16,12.540,47.038,11.004,-8.639,-2.562,-1.703,-2.225,3.484,-10.192,51.300,-51.300,64.958,-39.243
2871,16,8.826,45.317,12.624,-8.639,-2.562,-1.684,-1.335,3.292,-8.503,49.310,-49.310,63.104,-33.137
2875,16,-2.130,38.218,19.607,-5.995,-3.153,-1.578,-0.330,3.134,-6.627,44.586,-44.586,71.986,-5.359
2876,16,-4.949,35.664,22.303,-4.763,-3.169,-1.476,-0.330,3.134,-6.627,38.809,-38.809,70.267,-1.066
2901,16,46.178,14.447,61.741,7.433,0.380,-0.924,0.416,3.469,-6.393,-37.398,37.398,4.556,15.147
2915,16,49.572,16.731,79.074,-5.848,2.376,-0.643,-1.101,3.656,-11.350,12.313,-12.313,-31.064,-12.351
2916,16,43.214,17.293,81.727,-7.747,2.314,-1.094,-1.101,3.656,-11.350,27.742,-27.742,-15.820,-25.787
2917,16,39.305,18.277,83.951,-8.615,2.084,-1.536,-0.517,3.431,-11.365,35.091,-35.091,2.838,-36.527
2918,16,36.203,17.719,84.452,-8.615,2.084,-1.536,-0.517,3.431,-11.365,35.293,-35.293,4.439,-35.734
2919,16,31.771,17.987,86.211,-8.615,2.084,-1.536,0.325,2.866,-11.341,36.460,-36.460,7.214,-37.627
2920,16,25.482,18.344,88.785,-7.850,1.576,-1.816,0.325,2.866,-11.341,41.561,-41.561,23.495,-41.749
2921,16,23.308,18.906,90.599,-5.505,0.856,-1.921,1.192,2.708,-9.762,33.739,-33.739,39.231,-34.619
2924,16,17.113,17.856,94.740,-2.727,0.295,-1.872,1.704,2.402,-8.441,20.248,-20.248,49.183,-26.268
2925,16,17.222,17.571,96.117,-0.353,-0.012,-1.859,1.555,2.460,-7.695,8.082,-8.082,54.254,-20.022
2926,16,17.132,17.313,96.761,-0.353,-0.012,-1.859,1.555,2.460,-7.695,8.007,-8.007,54.462,-19.512
2927,16,17.878,16.934,98.066,-0.353,-0.012,-1.859,1.948,2.598,-7.833,7.655,-7.655,54.201,-18.366
2930,16,24.333,15.650,101.633,4.818,-0.075,-1.609,1.656,2.670,-8.766,-22.165,22.165,44.881,-5.461
2931,16,27.135,15.154,102.723,4.818,-0.075,-1.609,1.656,2.885,-9.618,-23.260,23.260,42.875,-3.086
2932,16,32.693,14.326,104.129,6.525,-0.157,-1.449,1.440,2.885,-9.618,-26.794,26.794,38.006,6.182
2933,16,35.471,13.005,104.605,6.525,-0.157,-1.449,0.656,2.986,-9.618,-29.212,29.212,32.986,10.835
2934,16,38.524,13.439,105.380,7.173,-0.151,-1.325,0.656,2.986,-9.111,-31.302,31.302,27.465,13.672
2935,16,42.488,12.807,106.142,7.173,-0.151,-1.325,0.656,-94.483,-83.267,-32.941,32.941,23.766,16.528
2936,16,23.002,9.453,116.126,-24.672,3.112,-11.410,-20.815,-94.483,-83.267,100.250,-100.250,124.080,-175.920
2937,16,14.967,11.853,127.408,-24.672,3.112,-11.410,79.175,-146.005,-83.267,100.250,-100.250,130.564,-169.436
2938,16,0.490,9.373,133.360,-31.672,4.631,-23.556,79.175,-146.005,-42.138,100.250,-100.250,112.418,-187.581
2944,16,-66.662,-3.142,154.552,-14.334,-4.162,1.939,-1.048,5.680,0.646,26.015,-26.015,83.571,80.510
2947,16,-85.583,-8.085,159.402,-13.046,-3.430,2.531,-1.010,4.948,1.306,18.612,-18.612,39.615,66.169
2948,16,-96.265,-10.742,162.346,-12.422,-2.871,2.989,-0.890,4.948,1.306,12.886,-12.886,17.117,66.574
2949,16,-101.881,-12.312,163.986,-12.422,-2.871,2.989,-0.627,4.910,1.306,12.886,-12.886,4.904,54.361
2950,16,-106.668,-13.071,165.347,-11.823,-2.160,3.227,-0.627,4.910,0.876,9.916,-9.916,-15.942,45.392
2951,16,-113.535,-14.410,167.430,-11.823,-2.160,3.227,-0.627,4.718,0.560,9.916,-9.916,-22.985,38.349
2965,16,166.859,-27.275,-167.033,-7.391,1.628,2.867,-0.541,4.512,0.364,-35.482,35.482,-172.197,68.547
3009,16,-20.624,-11.310,-48.231,2.139,-1.988,0.295,0.335,2.718,-4.886,12.116,-12.116,92.591,21.346
3057,16,-14.191,-10.891,-36.039,0.046,0.000,-0.002,0.799,1.153,-9.800,19.780,-19.780,58.589,-1.446
3058,16,-14.171,-10.775,-35.837,-0.003,0.000,0.000,0.799,1.153,-9.805,19.918,-19.918,58.376,-1.233
3059,16,-14.144,-10.698,-35.645,-0.003,0.000,0.000,0.799,1.153,-9.805,19.852,-19.852,58.243,-1.101
3060,16,-14.130,-10.526,-35.337,-0.026,0.000,0.003,0.890,1.158,-9.786,19.879,-19.879,58.075,-0.932
3061,16,-14.138,-10.432,-35.242,-0.026,0.000,0.003,0.928,1.153,-9.786,19.783,-19.783,57.882,-0.739
3062,16,-14.119,-10.319,-35.045,-0.009,0.000,0.000,0.928,1.153,-9.776,19.662,-19.662,57.811,-0.668
3063,16,-14.097,-10.244,-34.856,-0.009,0.000,0.000,0.928,1.153,-9.776,19.603,-19.603,57.693,-0.550
3066,16,-14.029,-9.873,-34.263,0.003,0.000,0.000,0.871,1.144,-9.781,19.293,-19.293,57.190,-0.047
3067,16,-13.998,-9.800,-34.078,0.003,0.000,0.000,0.871,1.144,-9.781,19.227,-19.227,57.057,0.086
3068,16,-13.963,-9.633,-33.780,-0.003,0.000,0.000,0.880,1.158,-9.786,19.176,-19.176,56.955,0.188
3069,16,-13.961,-9.545,-33.686,-0.003,0.000,0.000,0.890,1.148,-9.786,19.098,-19.098,56.735,0.408
3070,16,-13.938,-9.436,-33.497,-0.001,0.000,0.000,0.890,1.148,-9.786,19.012,-19.012,56.586,0.557
3071,16,-13.898,-9.374,-33.406,-0.001,0.000,0.000,0.890,1.148,-9.786,18.944,-18.944,56.449,0.694
3072,16,-13.871,-9.203,-33.023,0.001,0.000,0.000,0.876,1.148,-9.790,18.904,-18.904,56.368,0.775
3073,16,-13.866,-9.119,-32.932,0.001,0.000,0.000,0.890,1.153,-9.790,18.780,-18.780,56.143,1.000
3074,16,-13.842,-9.014,-32.744,0.000,0.000,0.000,0.890,1.153,-9.781,18.712,-18.712,55.996,1.147
3075,16,-13.801,-8.953,-32.657,0.000,0.000,0.000,0.890,1.153,-9.781,18.644,-18.644,55.860,1.283
3076,16,-13.775,-8.784,-32.278,-0.002,0.000,0.000,0.876,1.148,-9.786,18.603,-18.603,55.778,1.365
3077,16,-13.773,-8.702,-32.191,-0.002,0.000,0.000,0.900,1.148,-9.786,18.509,-18.509,55.569,1.574
3078,16,-13.749,-8.602,-32.007,-0.003,0.000,0.001,0.900,1.148,-9.781,18.432,-18.432,55.404,1.738
3079,16,-13.711,-8.542,-31.920,-0.003,0.000,0.001,0.900,1.148,-9.781,18.369,-18.369,55.277,1.866
3080,16,-13.678,-8.378,-31.553,0.001,0.000,0.000,0.895,1.139,-9.781,18.341,-18.341,55.221,1.922
3081,16,-13.674,-8.299,-31.465,0.001,0.000,0.000,0.880,1.148,-9.781,18.213,-18.213,55.008,2.135
3082,16,-13.650,-8.197,-31.285,0.000,0.000,0.001,0.880,1.148,-9.790,18.136,-18.136,54.843,2.300
3083,16,-13.610,-8.141,-31.201,0.000,0.000,0.001,0.880,1.148,-9.790,18.073,-18.073,54.717,2.426
3084,16,-13.577,-7.983,-30.842,-0.001,0.000,0.000,0.895,1.148,-9.781,18.046,-18.046,54.664,2.479
3085,16,-13.572,-7.905,-30.756,-0.001,0.000,0.000,0.880,1.144,-9.781,17.949,-17.949,54.459,2.684
3086,16,-13.546,-7.807,-30.579,-0.000,0.000,0.000,0.880,1.144,-9.776,17.875,-17.875,54.321,2.822
3087,16,-13.506,-7.752,-30.496,-0.000,0.000,0.000,0.880,1.144,-9.776,17.813,-17.813,54.197,2.945
3090,16,-13.439,-7.424,-29.888,-0.000,0.000,0.000,0.880,1.153,-9.776,17.606,-17.606,53.784,3.359
3091,16,-13.401,-7.374,-29.804,-0.000,0.000,0.000,0.880,1.153,-9.776,17.549,-17.549,53.669,3.474
3092,16,-13.368,-7.220,-29.458,-0.002,0.000,0.000,0.890,1.148,-9.781,17.508,-17.508,53.588,3.555
3093,16,-13.363,-7.146,-29.378,-0.002,0.000,0.000,0.895,1.168,-9.781,17.425,-17.425,53.400,3.743
3094,16,-13.337,-7.055,-29.209,-0.001,0.001,0.001,0.895,1.168,-9.776,17.343,-17.343,53.231,3.881
3095,16,-13.299,-7.001,-29.129,-0.001,0.001,0.001,0.895,1.168,-9.776,17.285,-17.285,53.116,3.997
3096,16,-13.268,-6.855,-28.796,-0.002,0.000,0.000,0.890,1.158,-9.790,17.258,-17.258,53.062,4.050
3097,16,-13.258,-6.779,-28.711,-0.002,0.000,0.000,0.890,1.158,-9.790,17.170,-17.170,52.891,4.252
3098,16,-13.230,-6.692,-28.545,0.001,0.000,0.000,0.890,1.158,-9.776,17.092,-17.092,52.765,4.377
3107,16,-12.990,-5.949,-27.193,0.007,0.002,0.000,0.866,1.163,-9.805,16.536,-16.536,51.688,5.394
3112,16,-12.826,-5.478,-26.278,-0.001,0.000,0.000,0.885,1.148,-9.790,16.309,-16.309,51.148,5.995
3117,16,-12.707,-5.093,-25.608,-0.001,0.000,0.000,0.890,1.148,-9.786,15.988,-15.988,50.536,6.607
3127,16,-12.433,-4.367,-24.242,0.001,0.000,0.000,0.895,1.153,-9.795,15.441,-15.441,49.510,7.632
3128,16,-12.367,-4.250,-24.036,0.001,0.001,0.000,0.909,1.139,-9.781,15.364,-15.364,49.404,7.739
3129,16,-12.361,-4.182,-23.898,0.001,0.001,0.000,0.909,1.139,-9.781,15.253,-15.253,49.236,7.876
3130,16,-12.326,-4.134,-23.760,0.001,0.001,0.000,0.871,1.163,-9.767,15.182,-15.182,49.143,7.970
3131,16,-12.314,-4.073,-23.697,0.005,0.000,0.000,0.871,1.163,-9.767,15.115,-15.115,49.092,8.051
3132,16,-12.246,-3.964,-23.494,-0.003,0.000,0.000,0.880,1.139,-9.795,15.035,-15.035,48.984,8.159
3138,16,-12.096,-3.570,-22.700,-0.000,0.001,0.000,0.890,1.148,-9.790,14.609,-14.609,48.350,8.763
3139,16,-12.086,-3.514,-22.638,-0.001,0.000,0.000,0.890,1.148,-9.790,14.575,-14.575,48.308,8.835
3140,16,-12.023,-3.408,-22.445,-0.001,0.000,0.000,0.890,1.153,-9.786,14.506,-14.506,48.213,8.930
3141,16,-12.015,-3.346,-22.318,-0.001,0.000,0.000,0.885,1.153,-9.786,14.401,-14.401,48.070,9.072
3142,16,-11.985,-3.300,-22.186,-0.001,0.000,0.000,0.880,1.144,-9.781,14.340,-14.340,47.990,9.152
3157,16,-11.565,-2.335,-20.375,-0.005,0.000,0.000,0.871,1.153,-9.795,13.374,-13.374,46.653,10.490
3160,16,-11.490,-2.157,-20.028,-0.000,0.000,0.000,0.895,1.148,-9.781,13.244,-13.244,46.439,10.674
3168,16,-11.267,-1.702,-19.131,-0.010,0.000,0.000,0.880,1.158,-9.781,12.726,-12.726,45.813,11.329
3169,16,-11.244,-1.647,-19.022,-0.010,0.000,0.000,0.895,1.148,-9.781,12.687,-12.687,45.704,11.439
3170,16,-11.219,-1.611,-18.916,-0.010,0.000,0.000,0.928,1.153,-9.786,12.639,-12.639,45.642,11.501
3171,16,-11.207,-1.565,-18.862,-0.000,0.000,0.000,0.928,1.153,-9.786,12.557,-12.557,45.595,11.548
3172,16,-11.167,-1.481,-18.699,-0.000,0.000,0.000,0.928,1.153,-9.805,12.500,-12.500,45.519,11.624
3173,16,-11.140,-1.430,-18.593,-0.000,0.000,0.000,0.866,1.153,-9.805,12.415,-12.415,45.406,11.737
3174,16,-11.111,-1.394,-18.488,-0.000,0.000,0.000,0.909,1.153,-9.776,12.362,-12.362,45.339,11.804
2098,16,-0.315,39.360,-2.178,-0.000,-0.000,0.000,0.043,6.249,-7.671,-3.405,3.405,-13.500,-13.241
2113,16,-0.317,39.360,-2.175,-0.001,0.002,0.000,0.033,6.249,-7.651,-3.399,3.399,-13.532,-13.270
2114,16,-0.317,39.360,-2.175,0.001,0.001,0.000,0.033,6.249,-7.642,-3.410,3.410,-13.517,-13.255
2115,16,-0.313,39.360,-2.173,0.001,0.001,0.000,0.033,6.249,-7.642,-3.411,3.411,-13.515,-13.257
2116,16,-0.313,39.359,-2.173,0.000,-0.001,0.000,0.029,6.245,-7.647,-3.411,3.411,-13.515,-13.257
2117,16,-0.313,39.355,-2.173,0.000,-0.001,0.000,0.010,6.264,-7.647,-3.406,3.406,-13.478,-13.220
2124,16,-0.317,39.355,-2.175,-0.000,0.000,0.000,0.053,6.254,-7.661,-3.399,3.399,-13.495,-13.234
2148,16,-0.325,39.347,-2.144,0.012,0.001,0.002,0.033,6.283,-7.666,-2.006,2.006,-13.025,-13.711
2160,16,-0.326,39.347,-2.160,0.001,-0.000,0.002,0.077,6.297,-7.632,-2.402,2.402,-13.472,-13.204
2170,16,-0.325,39.341,-2.155,0.001,0.000,0.001,0.053,6.264,-7.613,-2.421,2.421,-13.504,-13.184
2171,16,-0.325,39.341,-2.155,0.001,0.000,0.001,0.053,6.264,-7.613,-2.421,2.421,-13.504,-13.184
2172,16,-0.325,39.341,-2.155,-0.001,0.000,-0.001,0.010,6.259,-7.647,-2.421,2.421,-13.504,-13.184
2173,16,-0.325,39.341,-2.155,-0.001,0.000,-0.001,0.033,6.269,-7.647,-2.384,2.384,-13.451,-13.237
2174,16,-0.323,39.341,-2.151,-0.001,0.000,-0.001,0.033,6.269,-7.675,-2.384,2.384,-13.450,-13.238
2175,16,-0.323,39.341,-2.151,-0.001,0.000,-0.001,0.033,6.269,-7.675,-2.384,2.384,-13.450,-13.238
2176,16,-0.323,39.341,-2.151,-0.001,0.000,0.000,0.019,6.259,-7.661,-2.384,2.384,-13.450,-13.238
2177,16,-0.323,39.341,-2.151,-0.001,0.000,0.000,0.048,6.245,-7.661,-2.397,2.397,-13.477,-13.211
2178,16,-0.323,39.341,-2.151,-0.000,0.001,0.002,0.048,6.245,-7.613,-2.429,2.429,-13.545,-13.173
2179,16,-0.325,39.341,-2.155,-0.000,0.001,0.002,0.048,6.245,-7.613,-2.429,2.429,-13.546,-13.172
2180,16,-0.329,39.341,-2.157,-0.002,0.000,0.000,0.067,6.278,-7.628,-2.428,2.428,-13.547,-13.170
2181,16,-0.327,39.341,-2.152,-0.002,0.000,0.000,0.067,6.283,-7.628,-2.391,2.391,-13.478,-13.209
2182,16,-0.327,39.341,-2.152,-0.000,0.000,0.000,0.067,6.283,-7.642,-2.401,2.401,-13.478,-13.209
2183,16,-0.327,39.341,-2.152,-0.000,0.000,0.000,0.067,6.283,-7.642,-2.401,2.401,-13.478,-13.209
2184,16,-0.327,39.337,-2.152,-0.000,0.000,-0.001,0.053,6.245,-7.656,-2.401,2.401,-13.478,-13.209
2185,16,-0.327,39.336,-2.152,-0.000,0.000,-0.001,0.043,6.249,-7.656,-2.388,2.388,-13.445,-13.229
2186,16,-0.327,39.336,-2.152,0.001,0.000,-0.001,0.043,6.249,-7.642,-2.393,2.393,-13.445,-13.229
2187,16,-0.327,39.336,-2.152,0.001,0.000,-0.001,0.043,6.249,-7.642,-2.393,2.393,-13.445,-13.229
2188,16,-0.327,39.336,-2.152,0.000,0.000,0.000,0.019,6.273,-7.618,-2.393,2.393,-13.445,-13.229
2189,16,-0.327,39.336,-2.152,0.000,0.000,0.000,0.019,6.288,-7.618,-2.401,2.401,-13.472,-13.203
2190,16,-0.323,39.336,-2.151,0.001,0.000,-0.001,0.000,6.288,-7.632,-2.395,2.395,-13.444,-13.231
2191,16,-0.323,39.336,-2.151,0.001,0.000,-0.001,0.000,6.288,-7.632,-2.395,2.395,-13.444,-13.231
2192,16,-0.326,39.336,-2.148,-0.003,0.000,0.000,0.077,6.245,-7.642,-2.395,2.395,-13.444,-13.231
2193,16,-0.326,39.336,-2.148,-0.003,0.000,0.000,0.077,6.235,-7.642,-2.386,2.386,-13.471,-13.203
2197,16,-0.326,39.341,-2.148,-0.000,0.001,0.000,0.048,6.288,-7.642,-2.402,2.402,-13.493,-13.225
2198,16,-0.326,39.341,-2.148,-0.000,0.000,0.000,0.091,6.288,-7.637,-2.402,2.402,-13.478,-13.210
2199,16,-0.326,39.341,-2.148,-0.000,0.000,0.000,0.091,6.288,-7.637,-2.402,2.402,-13.478,-13.210
2200,16,-0.326,39.341,-2.148,-0.001,0.000,-0.001,0.019,6.264,-7.656,-2.402,2.402,-13.478,-13.210
2207,16,-0.324,39.341,-2.144,-0.000,0.001,0.000,0.029,6.283,-7.618,-2.402,2.402,-13.492,-13.226
2208,16,-0.324,39.341,-2.144,-0.002,0.000,0.000,0.043,6.264,-7.642,-2.402,2.402,-13.492,-13.226
2209,16,-0.329,39.341,-2.145,-0.002,0.000,0.000,0.043,6.230,-7.642,-2.390,2.390,-13.479,-13.209
2210,16,-0.329,39.341,-2.145,-0.001,-0.001,0.000,0.000,6.230,-7.651,-2.396,2.396,-13.464,-13.193
2227,16,-0.327,39.344,-2.141,-0.001,-0.001,0.000,0.019,6.278,-7.613,-2.396,2.396,-13.468,-13.199
2230,16,-0.327,39.341,-2.141,-0.000,-0.000,0.000,0.029,6.240,-7.699,-2.401,2.401,-13.478,-13.209
2235,16,-0.327,39.341,-2.141,-0.000,0.000,0.000,0.043,6.254,-7.618,-2.401,2.401,-13.478,-13.209
2236,16,-0.327,39.341,-2.141,-0.000,0.000,0.000,0.043,6.254,-7.618,-2.401,2.401,-13.478,-13.209
2239,16,-0.327,39.341,-2.141,-0.001,0.000,0.000,0.029,6.273,-7.666,-2.396,2.396,-13.478,-13.209
2240,16,-0.331,39.341,-2.143,-0.001,0.000,0.000,0.029,6.273,-7.666,-2.395,2.395,-13.480,-13.207
2244,16,-0.330,39.341,-2.138,-0.000,0.000,0.000,0.057,6.254,-7.647,-2.390,2.390,-13.479,-13.208
2245,16,-0.330,39.341,-2.138,-0.000,0.000,0.000,0.077,6.278,-7.628,-2.401,2.401,-13.479,-13.208
2246,16,-0.330,39.341,-2.138,-0.000,0.000,0.000,0.029,6.273,-7.642,-2.401,2.401,-13.479,-13.208
2247,16,-0.334,39.341,-2.140,-0.002,0.000,0.000,0.029,6.273,-7.642,-2.389,2.389,-13.481,-13.206
2248,16,-0.334,39.341,-2.140,-0.002,0.000,0.000,0.029,6.273,-7.642,-2.389,2.389,-13.481,-13.206
2249,16,-0.334,39.341,-2.140,0.001,0.000,0.000,0.081,6.269,-7.651,-2.405,2.405,-13.481,-13.206
2250,16,-0.334,39.341,-2.140,0.001,0.000,0.000,0.029,6.245,-7.647,-2.405,2.405,-13.481,-13.206
2251,16,-0.334,39.341,-2.140,-0.001,0.001,0.000,0.029,6.245,-7.647,-2.394,2.394,-13.496,-13.221
2252,16,-0.334,39.344,-2.140,-0.001,0.001,0.000,0.029,6.245,-7.647,-2.394,2.394,-13.496,-13.221
2253,16,-0.334,39.344,-2.140,-0.000,0.001,0.000,0.053,6.259,-7.632,-2.399,2.399,-13.501,-13.226
2254,16,-0.334,39.344,-2.140,-0.000,0.001,0.000,0.024,6.292,-7.618,-2.399,2.399,-13.501,-13.226
2255,16,-0.334,39.344,-2.140,0.001,0.000,0.000,0.024,6.292,-7.618,-2.405,2.405,-13.486,-13.211
2256,16,-0.334,39.344,-2.140,0.001,0.000,0.000,0.024,6.292,-7.618,-2.405,2.405,-13.486,-13.211
2259,16,-0.334,39.344,-2.140,-0.001,0.000,0.000,0.038,6.245,-7.666,-2.394,2.394,-13.486,-13.211
2260,16,-0.339,39.344,-2.142,-0.001,0.000,0.000,0.038,6.245,-7.666,-2.394,2.394,-13.486,-13.211
2272,16,-0.339,39.344,-2.142,-0.000,0.000,0.000,0.029,6.273,-7.637,-2.398,2.398,-13.487,-13.209
2273,16,-0.339,39.344,-2.142,-0.000,0.000,0.000,0.043,6.259,-7.632,-2.398,2.398,-13.487,-13.209
2274,16,-0.339,39.344,-2.142,-0.000,0.000,0.000,0.038,6.264,-7.647,-2.398,2.398,-13.487,-13.209
2275,16,-0.339,39.344,-2.142,-0.000,0.000,0.000,0.038,6.264,-7.647,-2.398,2.398,-13.487,-13.209
2276,16,-0.339,39.344,-2.142,-0.000,0.000,0.000,0.038,6.264,-7.647,-2.398,2.398,-13.487,-13.209
2277,16,-0.339,39.344,-2.142,-0.000,0.000,0.000,0.053,6.254,-7.637,-2.398,2.398,-13.487,-13.209
2278,16,-0.339,39.344,-2.142,-0.000,0.000,0.000,0.077,6.269,-7.651,-2.398,2.398,-13.487,-13.209
2279,16,-0.339,39.344,-2.142,-0.000,0.000,0.000,0.077,6.269,-7.651,-2.398,2.398,-13.487,-13.209
2280,16,-0.339,39.344,-2.142,-0.000,0.000,0.000,0.077,6.269,-7.651,-2.398,2.398,-13.487,-13.209
2281,16,-0.339,39.344,-2.142,-0.000,0.000,0.000,0.062,6.264,-7.647,-2.398,2.398,-13.487,-13.209
2282,16,-0.339,39.344,-2.142,-0.000,0.000,0.000,0.043,6.249,-7.632,-2.398,2.398,-13.487,-13.209
2283,16,-0.339,39.344,-2.142,-0.000,0.000,0.000,0.043,6.249,-7.632,-2.398,2.398,-13.487,-13.209
2284,16,-0.339,39.344,-2.142,-0.000,0.000,0.000,0.043,6.249,-7.632,-2.398,2.398,-13.487,-13.209
2285,16,-0.339,39.344,-2.142,-0.000,0.000,0.000,0.053,6.269,-7.632,-2.398,2.398,-13.487,-13.209
2286,16,-0.339,39.344,-2.142,-0.000,0.000,0.000,0.019,6.254,-7.637,-2.398,2.398,-13.487,-13.209
2287,16,-0.339,39.344,-2.142,-0.000,0.000,0.000,0.019,6.254,-7.637,-2.398,2.398,-13.487,-13.209
2288,16,-0.339,39.344,-2.142,-0.000,0.000,0.000,0.019,6.254,-7.637,-2.398,2.398,-13.487,-13.209
2289,16,-0.339,39.344,-2.142,-0.000,0.000,0.000,0.024,6.254,-7.656,-2.398,2.398,-13.487,-13.209
2290,16,-0.339,39.344,-2.142,-0.000,0.000,0.000,0.033,6.259,-7.647,-2.398,2.398,-13.487,-13.209
2291,16,-0.339,39.344,-2.142,-0.000,0.000,0.000,0.033,6.259,-7.647,-2.398,2.398,-13.487,-13.209
2292,16,-0.339,39.344,-2.142,-0.000,0.000,0.000,0.033,6.259,-7.647,-2.398,2.398,-13.487,-13.209
2293,16,-0.339,39.344,-2.142,-0.000,0.000,0.000,0.067,6.273,-7.632,-2.398,2.398,-13.487,-13.209
2294,16,-0.339,39.344,-2.142,-0.000,0.000,0.000,0.067,6.264,-7.656,-2.398,2.398,-13.487,-13.209
2295,16,-0.339,39.344,-2.142,-0.000,0.000,0.000,0.067,6.264,-7.656,-2.398,2.398,-13.487,-13.209
2296,16,-0.339,39.344,-2.142,-0.000,0.000,0.000,0.067,6.264,-7.656,-2.398,2.398,-13.487,-13.209
2297,16,-0.339,39.344,-2.142,-0.000,0.000,0.000,0.057,6.259,-7.656,-2.398,2.398,-13.487,-13.209
2298,16,-0.339,39.344,-2.142,-0.000,0.000,0.000,0.038,6.264,-7.628,-2.398,2.398,-13.487,-13.209
2299,16,-0.339,39.344,-2.142,-0.000,0.000,0.000,0.038,6.264,-7.628,-2.398,2.398,-13.487,-13.209
2300,16,-0.339,39.344,-2.142,-0.000,0.000,0.000,0.038,6.264,-7.628,-2.398,2.398,-13.487,-13.209
2325,16,-0.338,39.341,-2.142,-0.000,-0.000,0.000,0.072,6.235,-7.651,-2.398,2.398,-13.483,-13.204
2326,16,-0.338,39.341,-2.142,-0.000,-0.000,0.000,0.081,6.269,-7.661,-2.398,2.398,-13.483,-13.204
2327,16,-0.338,39.341,-2.142,0.001,0.001,0.000,0.081,6.269,-7.661,-2.403,2.403,-13.498,-13.220
2328,16,-0.339,39.344,-2.142,0.001,0.001,0.000,0.081,6.269,-7.661,-2.403,2.403,-13.503,-13.224
2329,16,-0.334,39.344,-2.140,0.002,0.000,0.000,0.072,6.269,-7.632,-2.410,2.410,-13.486,-13.211
2330,16,-0.334,39.344,-2.140,0.002,0.000,0.000,0.033,6.273,-7.632,-2.410,2.410,-13.486,-13.211
2331,16,-0.334,39.344,-2.140,0.004,0.000,0.000,0.033,6.273,-7.632,-2.421,2.421,-13.486,-13.211
2332,16,-0.332,39.344,-2.143,0.004,0.000,0.000,0.033,6.273,-7.632,-2.422,2.422,-13.485,-13.212
2333,16,-0.332,39.344,-2.143,0.000,0.000,0.000,-0.005,6.249,-7.651,-2.400,2.400,-13.485,-13.212
2334,16,-0.332,39.344,-2.143,0.000,0.000,0.000,0.010,6.245,-7.656,-2.400,2.400,-13.485,-13.212
2335,16,-0.332,39.344,-2.143,0.000,0.000,0.000,0.010,6.245,-7.656,-2.400,2.400,-13.485,-13.212
2336,16,-0.331,39.341,-2.143,0.000,0.000,0.000,0.010,6.245,-7.656,-2.400,2.400,-13.485,-13.212
2337,16,-0.330,39.341,-2.138,-0.002,0.000,0.000,0.019,6.264,-7.647,-2.390,2.390,-13.479,-13.208
2338,16,-0.330,39.341,-2.138,-0.002,0.000,0.000,0.062,6.259,-7.637,-2.390,2.390,-13.479,-13.208
2339,16,-0.330,39.341,-2.138,-0.000,0.000,0.000,0.062,6.259,-7.637,-2.401,2.401,-13.479,-13.208
2340,16,-0.330,39.341,-2.138,-0.000,0.000,0.000,0.062,6.259,-7.637,-2.401,2.401,-13.479,-13.208
2341,16,-0.330,39.341,-2.138,-0.000,0.000,0.000,0.096,6.273,-7.642,-2.401,2.401,-13.479,-13.208
2342,16,-0.330,39.341,-2.138,-0.000,0.000,0.000,0.077,6.259,-7.661,-2.401,2.401,-13.479,-13.208
2343,16,-0.330,39.341,-2.138,-0.000,0.000,0.000,0.077,6.259,-7.661,-2.401,2.401,-13.479,-13.208
2344,16,-0.330,39.341,-2.138,-0.000,0.000,0.000,0.077,6.259,-7.661,-2.401,2.401,-13.479,-13.208
2345,16,-0.330,39.341,-2.138,0.002,0.000,0.000,0.072,6.254,-7.647,-2.411,2.411,-13.479,-13.208
2346,16,-0.331,39.341,-2.143,0.002,0.000,0.000,0.033,6.283,-7.637,-2.411,2.411,-13.480,-13.207
2347,16,-0.331,39.341,-2.143,0.003,0.001,0.000,0.033,6.283,-7.637,-2.416,2.416,-13.495,-13.223
2348,16,-0.327,39.341,-2.141,0.003,0.001,0.000,0.033,6.283,-7.637,-2.417,2.417,-13.494,-13.224
2349,16,-0.327,39.341,-2.141,0.002,0.000,0.000,0.000,6.259,-7.632,-2.412,2.412,-13.478,-13.209
2350,16,-0.327,39.341,-2.141,0.002,0.000,0.000,0.005,6.273,-7.628,-2.412,2.412,-13.478,-13.209
2351,16,-0.327,39.341,-2.141,0.000,0.000,0.000,0.005,6.273,-7.628,-2.401,2.401,-13.478,-13.209
2352,16,-0.327,39.341,-2.141,0.000,0.000,0.000,0.005,6.273,-7.628,-2.401,2.401,-13.478,-13.209
2353,16,-0.327,39.341,-2.141,-0.001,0.000,0.000,0.024,6.254,-7.647,-2.396,2.396,-13.478,-13.209
2354,16,-0.327,39.341,-2.141,-0.001,0.000,0.000,0.033,6.254,-7.637,-2.396,2.396,-13.478,-13.209
2355,16,-0.327,39.341,-2.141,-0.000,0.001,0.000,0.033,6.254,-7.637,-2.401,2.401,-13.494,-13.224
2356,16,-0.323,39.344,-2.140,-0.000,0.001,0.000,0.033,6.254,-7.637,-2.401,2.401,-13.498,-13.229
2357,16,-0.323,39.344,-2.140,-0.000,0.000,0.000,0.072,6.273,-7.647,-2.403,2.403,-13.481,-13.216
2358,16,-0.323,39.344,-2.140,-0.000,0.000,0.000,0.096,6.264,-7.637,-2.403,2.403,-13.481,-13.216
2359,16,-0.323,39.344,-2.140,0.001,0.000,0.000,0.096,6.264,-7.637,-2.408,2.408,-13.481,-13.216
2360,16,-0.323,39.344,-2.140,0.001,0.000,0.000,0.096,6.264,-7.637,-2.408,2.408,-13.481,-13.216
2361,16,-0.323,39.344,-2.140,0.001,0.000,0.000,0.053,6.254,-7.661,-2.408,2.408,-13.481,-13.216
2362,16,-0.323,39.344,-2.140,0.001,0.000,0.000,0.067,6.249,-7.661,-2.408,2.408,-13.481,-13.216
2363,16,-0.323,39.344,-2.140,0.002,0.000,0.000,0.067,6.249,-7.661,-2.413,2.413,-13.481,-13.216
2371,16,-0.320,39.341,-2.142,-0.001,0.000,0.000,0.033,6.249,-7.637,-2.398,2.398,-13.476,-13.212
2372,16,-0.320,39.341,-2.142,-0.001,0.000,0.000,0.033,6.249,-7.637,-2.398,2.398,-13.476,-13.212
2373,16,-0.320,39.341,-2.142,-0.000,0.001,0.000,0.077,6.264,-7.661,-2.404,2.404,-13.491,-13.227
2374,16,-0.320,39.341,-2.142,-0.000,0.001,0.000,0.077,6.264,-7.628,-2.404,2.404,-13.491,-13.227
2375,16,-0.320,39.341,-2.142,-0.000,0.001,0.000,0.077,6.264,-7.628,-2.404,2.404,-13.491,-13.227
2376,16,-0.320,39.344,-2.142,-0.000,0.001,0.000,0.077,6.264,-7.628,-2.404,2.404,-13.496,-13.232
2377,16,-0.320,39.344,-2.142,0.001,0.000,0.000,0.091,6.264,-7.618,-2.409,2.409,-13.480,-13.217
2378,16,-0.320,39.344,-2.142,0.001,0.000,0.000,0.091,6.278,-7.642,-2.409,2.409,-13.480,-13.217
2379,16,-0.320,39.344,-2.142,0.002,0.000,0.000,0.043,6.278,-7.642,-2.414,2.414,-13.480,-13.217
2380,16,-0.320,39.344,-2.142,0.002,0.000,0.000,0.043,6.278,-7.642,-2.414,2.414,-13.480,-13.217
2389,16,-0.320,39.344,-2.142,-0.000,0.000,0.000,0.062,6.254,-7.651,-2.404,2.404,-13.480,-13.217
2395,16,-0.320,39.344,-2.142,-0.000,0.001,0.000,0.053,6.254,-7.642,-2.404,2.404,-13.496,-13.232
2404,16,-0.318,39.344,-2.145,0.000,0.000,0.000,0.043,6.269,-7.623,-2.404,2.404,-13.479,-13.218
2405,16,-0.318,39.344,-2.145,0.000,0.000,0.000,0.062,6.278,-7.623,-2.404,2.404,-13.479,-13.218
2409,16,-0.318,39.344,-2.145,0.001,0.000,0.000,0.072,6.254,-7.637,-2.410,2.410,-13.479,-13.218
2410,16,-0.318,39.344,-2.145,0.001,0.000,0.000,0.072,6.254,-7.651,-2.410,2.410,-13.479,-13.218
2411,16,-0.318,39.344,-2.145,0.001,0.000,0.000,0.038,6.273,-7.628,-2.410,2.410,-13.479,-13.218
2412,16,-0.318,39.344,-2.145,0.001,0.000,0.000,0.038,6.273,-7.628,-2.410,2.410,-13.479,-13.218
2413,16,-0.318,39.344,-2.145,0.002,0.000,0.000,0.053,6.269,-7.628,-2.415,2.415,-13.479,-13.218
2414,16,-0.315,39.344,-2.148,0.002,0.000,0.000,0.053,6.269,-7.623,-2.416,2.416,-13.478,-13.219
2415,16,-0.315,39.344,-2.148,0.002,0.000,0.000,0.033,6.259,-7.647,-4.666,4.666,-13.478,-13.219
2416,16,-0.315,39.344,-2.148,0.001,0.000,0.000,0.033,6.259,-7.647,-4.661,4.661,-13.478,-13.219
2417,16,-0.315,39.344,-2.148,0.001,0.000,0.000,0.019,6.259,-7.647,-4.661,4.661,-13.478,-13.219
2418,16,-0.315,39.344,-2.148,0.001,0.000,0.000,0.019,6.259,-7.637,-4.661,4.661,-13.478,-13.219
2419,16,-0.315,39.344,-2.148,0.001,0.000,0.000,0.029,6.273,-7.661,-4.661,4.661,-13.478,-13.219
2420,16,-0.315,39.344,-2.148,-0.001,0.000,0.000,0.029,6.273,-7.661,-4.650,4.650,-13.478,-13.219
2421,16,-0.315,39.344,-2.148,-0.000,0.000,0.000,0.029,6.264,-7.661,-4.655,4.655,-13.478,-13.219
2428,16,-0.315,39.344,-2.148,-0.000,0.000,0.000,0.043,6.259,-7.647,-4.655,4.655,-13.478,-13.219
2429,16,-0.315,39.344,-2.148,0.003,0.000,0.000,0.077,6.273,-7.647,-4.671,4.671,-13.478,-13.219
2430,16,-0.311,39.348,-2.146,0.003,0.001,0.000,0.077,6.273,-7.623,-4.672,4.672,-13.497,-13.241
2431,16,-0.311,39.348,-2.146,0.003,0.001,0.000,0.000,6.292,-7.604,-4.672,4.672,-13.497,-13.241
2432,16,-0.316,39.348,-2.141,-0.007,-0.001,-0.009,0.000,6.292,-7.604,-4.512,4.512,-13.254,-13.422
2433,16,-0.310,39.348,-2.135,0.007,-0.001,0.002,0.029,6.269,-7.604,-4.721,4.721,-13.519,-13.157
2445,16,-0.305,39.341,-2.141,-0.015,-0.015,0.003,0.053,6.259,-7.651,-4.624,4.624,-13.336,-12.926
2446,16,-0.306,39.340,-2.145,0.002,-0.004,0.003,0.053,6.259,-7.637,-4.708,4.708,-13.487,-13.076
2447,16,-0.306,39.337,-2.145,0.002,-0.004,0.003,0.057,6.197,-7.666,-4.708,4.708,-13.483,-13.071
2448,16,-0.303,39.337,-2.147,0.005,-0.000,0.004,0.057,6.197,-7.666,-4.739,4.739,-13.569,-13.107
2449,16,-0.305,39.337,-2.152,0.005,-0.000,-0.001,0.024,6.273,-7.666,-4.671,4.671,-13.437,-13.239
2450,16,-0.305,39.337,-2.152,0.000,-0.003,-0.001,0.024,6.273,-7.632,-4.645,4.645,-13.391,-13.194
2451,16,-0.305,39.337,-2.152,0.000,-0.003,-0.001,0.014,6.307,-7.637,-4.645,4.645,-13.391,-13.194
2452,16,-0.305,39.333,-2.152,0.001,-0.002,0.000,0.014,6.307,-7.637,-4.664,4.664,-13.428,-13.177
2453,16,-0.305,39.333,-2.152,0.001,-0.002,0.001,0.043,6.245,-7.637,-4.677,4.677,-13.455,-13.151
2454,16,-0.305,39.333,-2.152,0.000,-0.002,0.001,0.043,6.245,-7.647,-4.671,4.671,-13.455,-13.151
2455,16,-0.305,39.333,-2.152,0.000,-0.002,0.001,0.057,6.225,-7.642,-4.671,4.671,-13.455,-13.151
2456,16,-0.306,39.330,-2.156,0.001,-0.001,0.002,0.057,6.225,-7.642,-4.690,4.690,-13.496,-13.139
2457,16,-0.306,39.330,-2.156,0.001,-0.001,0.000,0.053,6.259,-7.642,-4.663,4.663,-13.439,-13.187
2458,16,-0.306,39.330,-2.156,0.000,-0.000,0.000,0.053,6.259,-7.651,-4.658,4.658,-13.454,-13.203
2459,16,-0.306,39.330,-2.156,0.000,-0.000,0.000,0.100,6.288,-7.637,-4.658,4.658,-13.454,-13.203
2460,16,-0.306,39.330,-2.156,-0.001,-0.000,0.000,0.100,6.288,-7.637,-4.652,4.652,-13.454,-13.203
2480,16,-0.312,39.333,-2.162,0.000,-0.000,0.000,0.048,6.269,-7.618,-4.656,4.656,-13.461,-13.205
2481,16,-0.312,39.333,-2.162,0.000,-0.000,0.000,-0.010,6.249,-7.618,-4.656,4.656,-13.461,-13.205
2482,16,-0.312,39.333,-2.162,0.000,-0.000,0.000,-0.010,6.249,-7.651,-4.656,4.656,-13.461,-13.205
2497,16,-0.317,39.341,-2.163,0.001,0.001,0.000,0.014,6.273,-7.613,-4.660,4.660,-13.489,-13.229
2498,16,-0.321,39.341,-2.165,-0.004,-0.002,0.000,0.014,6.273,-7.647,-4.632,4.632,-13.445,-13.182
2501,16,-0.321,39.341,-2.165,-0.001,0.001,0.000,0.067,6.240,-7.666,-4.648,4.648,-13.491,-13.227
2505,16,-0.321,39.341,-2.165,0.000,0.000,0.000,0.053,6.245,-7.647,-4.653,4.653,-13.476,-13.212
2510,16,-0.319,39.336,-2.161,-0.000,-0.000,0.000,0.043,6.264,-7.647,-4.654,4.654,-13.469,-13.206
2511,16,-0.319,39.336,-2.161,-0.000,-0.000,0.000,0.043,6.221,-7.656,-4.654,4.654,-13.469,-13.206
2520,16,-0.319,39.333,-2.160,-0.001,-0.001,0.000,0.043,6.240,-7.671,-4.649,4.649,-13.449,-13.187
2521,16,-0.323,39.333,-2.162,-0.001,-0.001,0.000,0.053,6.283,-7.671,-4.647,4.647,-13.450,-13.185
2522,16,-0.323,39.333,-2.162,-0.003,0.001,0.000,0.053,6.283,-7.632,-4.637,4.637,-13.481,-13.215
2523,16,-0.323,39.333,-2.162,-0.003,0.001,0.000,0.062,6.249,-7.647,-4.637,4.637,-13.481,-13.215
2524,16,-0.323,39.333,-2.162,-0.000,0.000,0.000,0.062,6.249,-7.647,-4.653,4.653,-13.466,-13.200
2525,16,-0.323,39.333,-2.162,-0.000,0.000,0.000,0.033,6.206,-7.647,-4.653,4.653,-13.466,-13.200
2526,16,-0.323,39.333,-2.162,-0.000,0.000,0.000,0.033,6.206,-7.671,-4.653,4.653,-13.466,-13.200
2527,16,-0.323,39.333,-2.162,-0.000,0.000,0.000,0.043,6.245,-7.632,-4.653,4.653,-13.466,-13.200
2528,16,-0.323,39.333,-2.162,0.001,0.001,0.000,0.043,6.245,-7.632,-4.658,4.658,-13.481,-13.215
2529,16,-0.323,39.333,-2.162,0.001,0.001,0.000,0.019,6.292,-7.632,-4.658,4.658,-13.481,-13.215
2530,16,-0.323,39.333,-2.162,0.002,0.002,0.000,0.019,6.292,-7.637,-4.663,4.663,-13.496,-13.230
2531,16,-0.319,39.333,-2.160,0.002,0.002,0.000,0.043,6.283,-7.647,-4.665,4.665,-13.494,-13.232
2534,16,-0.323,39.333,-2.162,-0.003,-0.002,0.000,0.024,6.273,-7.608,-4.637,4.637,-13.435,-13.169
2535,16,-0.323,39.333,-2.162,-0.003,-0.002,0.000,0.014,6.225,-7.661,-4.637,4.637,-13.435,-13.169
2536,16,-0.328,39.333,-2.164,-0.003,0.002,0.000,0.014,6.225,-7.661,-4.635,4.635,-13.498,-13.228
2537,16,-0.326,39.333,-2.159,-0.003,0.002,0.000,0.057,6.254,-7.661,-4.636,4.636,-13.497,-13.229
2538,16,-0.326,39.333,-2.159,-0.001,0.000,0.000,0.057,6.254,-7.666,-4.646,4.646,-13.467,-13.199
2539,16,-0.326,39.333,-2.159,-0.001,0.000,0.000,0.072,6.297,-7.637,-4.646,4.646,-13.467,-13.199
2540,16,-0.328,39.333,-2.164,0.002,0.001,0.000,0.072,6.297,-7.637,-4.662,4.662,-13.482,-13.214
2541,16,-0.323,39.333,-2.162,0.002,0.001,0.000,0.043,6.273,-7.637,-4.663,4.663,-13.481,-13.215
2542,16,-0.323,39.333,-2.162,0.001,0.000,0.000,0.043,6.273,-7.618,-4.658,4.658,-13.466,-13.200
2543,16,-0.323,39.333,-2.162,0.001,0.000,0.000,0.038,6.240,-7.647,-4.658,4.658,-13.466,-13.200
2544,16,-0.323,39.333,-2.162,0.000,0.000,0.000,0.038,6.240,-7.647,-4.653,4.653,-13.466,-13.200
2545,16,-0.323,39.333,-2.162,0.000,0.000,0.000,0.024,6.221,-7.647,-4.653,4.653,-13.466,-13.200
2546,16,-0.323,39.333,-2.162,0.001,0.000,0.000,0.024,6.221,-7.675,-4.658,4.658,-13.466,-13.200
2547,16,-0.323,39.333,-2.162,0.001,0.000,0.000,0.024,6.259,-7.661,-4.658,4.658,-13.466,-13.200
2548,16,-0.323,39.333,-2.162,-0.001,-0.002,0.000,0.024,6.259,-7.661,-4.647,4.647,-13.435,-13.169
2549,16,-0.323,39.330,-2.162,-0.001,-0.002,0.000,0.024,6.288,-7.661,-4.647,4.647,-13.430,-13.165
2550,16,-0.323,39.330,-2.162,-0.000,0.001,0.000,0.024,6.288,-7.651,-4.653,4.653,-13.476,-13.210
2551,16,-0.323,39.333,-2.162,-0.000,0.001,0.000,0.029,6.221,-7.651,-4.653,4.653,-13.481,-13.215
2552,16,-0.323,39.333,-2.162,-0.000,0.002,0.000,0.029,6.221,-7.651,-4.653,4.653,-13.496,-13.230
2553,16,-0.322,39.333,-2.158,-0.000,0.002,0.000,0.091,6.240,-7.651,-4.653,4.653,-13.495,-13.231
2554,16,-0.322,39.333,-2.158,-0.001,-0.001,0.000,0.091,6.240,-7.661,-4.648,4.648,-13.450,-13.185
2555,16,-0.322,39.330,-2.158,-0.001,-0.001,0.000,0.014,6.297,-7.642,-4.648,4.648,-13.445,-13.181
2556,16,-0.326,39.333,-2.159,-0.003,0.002,0.000,0.014,6.297,-7.642,-4.637,4.637,-13.495,-13.231
2557,16,-0.326,39.333,-2.159,-0.003,0.002,0.000,0.081,6.230,-7.642,-4.636,4.636,-13.497,-13.229
2558,16,-0.326,39.333,-2.159,0.001,0.001,0.000,0.081,6.230,-7.637,-4.657,4.657,-13.482,-13.214
2559,16,-0.326,39.333,-2.159,0.001,0.001,0.000,0.057,6.249,-7.628,-4.657,4.657,-13.482,-13.214
2560,16,-0.326,39.333,-2.159,0.000,0.000,0.000,0.057,6.249,-7.628,-4.652,4.652,-13.467,-13.199
2561,16,-0.326,39.333,-2.159,0.000,0.000,0.000,0.000,6.273,-7.628,-4.652,4.652,-13.467,-13.199
2562,16,-0.326,39.333,-2.159,0.000,0.001,0.000,0.000,6.273,-7.647,-4.652,4.652,-13.482,-13.214
2563,16,-0.326,39.333,-2.159,0.000,0.001,0.000,0.043,6.245,-7.671,-4.652,4.652,-13.482,-13.214
2564,16,-0.322,39.333,-2.158,0.001,0.000,0.000,0.043,6.245,-7.671,-4.658,4.658,-13.465,-13.201
2565,16,-0.322,39.333,-2.158,0.001,0.000,0.000,0.033,6.269,-7.671,-4.658,4.658,-13.465,-13.201
2570,16,-0.326,39.333,-2.159,-0.001,0.000,0.000,0.038,6.264,-7.642,-4.646,4.646,-13.467,-13.199
2571,16,-0.326,39.333,-2.159,-0.001,0.000,0.000,0.086,6.240,-7.661,-4.646,4.646,-13.467,-13.199
2575,16,-0.326,39.330,-2.159,-0.000,0.000,0.000,0.033,6.240,-7.647,-4.652,4.652,-13.462,-13.194
2576,16,-0.322,39.330,-2.158,0.002,0.000,0.000,0.072,6.273,-7.628,-4.652,4.652,-13.462,-13.194
2581,16,-0.322,39.330,-2.158,0.000,-0.001,0.000,0.010,6.254,-7.661,-4.653,4.653,-13.445,-13.181
2584,16,-0.322,39.333,-2.158,-0.001,0.002,0.000,0.019,6.235,-7.637,-4.654,4.654,-13.489,-13.228
2585,16,-0.322,39.333,-2.158,-0.001,0.002,0.000,0.019,6.235,-7.637,-4.648,4.648,-13.495,-13.231
2586,16,-0.322,39.333,-2.158,0.001,-0.001,0.000,0.072,6.292,-7.628,-4.658,4.658,-13.450,-13.185
2587,16,-0.318,39.333,-2.156,0.001,-0.001,0.000,0.072,6.292,-7.628,-4.660,4.660,-13.448,-13.187
2588,16,-0.322,39.330,-2.158,-0.003,-0.001,0.000,0.038,6.288,-7.637,-4.660,4.660,-13.443,-13.183
2589,16,-0.322,39.330,-2.158,-0.003,-0.001,0.000,0.038,6.288,-7.637,-4.637,4.637,-13.445,-13.181
2590,16,-0.322,39.330,-2.158,0.001,0.001,0.000,0.057,6.245,-7.628,-4.658,4.658,-13.475,-13.211
2591,16,-0.322,39.330,-2.158,0.001,0.001,0.000,0.057,6.245,-7.628,-4.658,4.658,-13.475,-13.211
2592,16,-0.322,39.330,-2.158,0.000,0.000,0.000,0.062,6.235,-7.666,-4.658,4.658,-13.475,-13.211
2595,16,-0.322,39.330,-2.158,0.000,0.000,0.000,0.043,6.278,-7.637,-4.653,4.653,-13.460,-13.196
2599,16,-0.322,39.330,-2.158,-0.001,0.000,0.000,0.048,6.254,-7.632,-4.648,4.648,-13.460,-13.196
2600,16,-0.326,39.330,-2.159,-0.003,0.000,0.000,-0.029,6.235,-7.656,-4.648,4.648,-13.460,-13.196
2601,16,-0.324,39.330,-2.155,-0.003,0.000,0.000,-0.029,6.235,-7.656,-4.636,4.636,-13.461,-13.195
2602,16,-0.324,39.330,-2.155,-0.000,0.000,0.000,0.057,6.297,-7.637,-4.652,4.652,-13.461,-13.195
2603,16,-0.324,39.330,-2.155,-0.000,0.000,0.000,0.057,6.297,-7.637,-4.652,4.652,-13.461,-13.195
2604,16,-0.324,39.330,-2.155,-0.001,0.001,0.000,0.062,6.259,-7.642,-4.652,4.652,-13.461,-13.195
2605,16,-0.325,39.333,-2.155,-0.001,0.001,0.000,0.062,6.259,-7.642,-4.647,4.647,-13.481,-13.215
2606,16,-0.325,39.333,-2.155,-0.003,-0.001,0.000,0.053,6.240,-7.642,-4.636,4.636,-13.451,-13.184
2607,16,-0.329,39.330,-2.156,-0.003,-0.001,0.000,0.053,6.240,-7.642,-4.635,4.635,-13.448,-13.178
2608,16,-0.324,39.330,-2.155,0.004,-0.000,0.000,0.105,6.269,-7.656,-4.635,4.635,-13.448,-13.178
2609,16,-0.324,39.330,-2.155,0.004,-0.000,0.000,0.105,6.269,-7.656,-4.674,4.674,-13.461,-13.195
2610,16,-0.324,39.330,-2.155,0.000,-0.000,0.000,-0.005,6.254,-7.675,-4.652,4.652,-13.461,-13.195
2611,16,-0.324,39.330,-2.155,0.000,-0.000,0.000,-0.005,6.254,-7.675,-4.652,4.652,-13.461,-13.195
2612,16,-0.320,39.330,-2.153,0.003,-0.002,0.000,0.038,6.273,-7.623,-4.652,4.652,-13.461,-13.195
2613,16,-0.322,39.329,-2.158,0.003,-0.002,0.000,0.038,6.273,-7.623,-4.669,4.669,-13.428,-13.164
2614,16,-0.322,39.325,-2.158,-0.003,-0.000,0.000,0.014,6.254,-7.623,-4.637,4.637,-13.454,-13.190
2615,16,-0.320,39.325,-2.153,-0.003,-0.000,0.000,0.014,6.254,-7.623,-4.638,4.638,-13.453,-13.190
2616,16,-0.324,39.325,-2.155,-0.004,-0.000,0.000,-0.038,6.240,-7.651,-4.636,4.636,-13.455,-13.188
2617,16,-0.329,39.325,-2.156,-0.004,-0.000,0.000,-0.038,6.240,-7.651,-4.630,4.630,-13.456,-13.187
2618,16,-0.324,39.325,-2.155,0.003,-0.000,0.005,0.110,6.269,-7.675,-4.735,4.735,-13.588,-13.055
2619,16,-0.326,39.325,-2.159,0.003,-0.000,0.005,0.110,6.269,-7.675,-4.734,4.734,-13.588,-13.055
2620,16,-0.327,39.325,-2.163,-0.001,-0.001,0.003,0.033,6.264,-7.651,-4.734,4.734,-13.589,-13.054
2621,16,-0.332,39.325,-2.165,-0.001,-0.001,0.003,0.033,6.264,-7.651,-4.685,4.685,-13.522,-13.090
2622,16,-0.332,39.325,-2.165,-0.003,-0.001,-0.002,0.048,6.302,-7.599,-4.607,4.607,-13.389,-13.223
2623,16,-0.332,39.325,-2.165,-0.003,0.002,-0.002,0.048,6.302,-7.599,-4.607,4.607,-13.435,-13.269
2624,16,-0.330,39.330,-2.161,-0.000,0.001,0.000,0.096,6.249,-7.647,-4.608,4.608,-13.439,-13.274
2625,16,-0.330,39.330,-2.161,-0.000,0.001,0.000,0.096,6.249,-7.647,-4.650,4.650,-13.479,-13.207
2626,16,-0.330,39.330,-2.161,0.001,0.001,0.001,0.029,6.245,-7.656,-4.669,4.669,-13.505,-13.181
2627,16,-0.332,39.330,-2.165,0.001,-0.001,0.001,0.029,6.245,-7.656,-4.669,4.669,-13.475,-13.150
2628,16,-0.332,39.330,-2.165,0.000,-0.000,-0.001,0.014,6.278,-7.642,-4.669,4.669,-13.475,-13.150
2629,16,-0.330,39.330,-2.161,0.000,-0.000,-0.001,0.014,6.278,-7.642,-4.637,4.637,-13.437,-13.219
2630,16,-0.330,39.330,-2.161,-0.001,-0.000,-0.001,0.000,6.221,-7.661,-4.632,4.632,-13.437,-13.219
2631,16,-0.330,39.330,-2.161,-0.001,0.003,-0.001,0.000,6.221,-7.661,-4.632,4.632,-13.483,-13.265
2632,16,-0.330,39.330,-2.161,-0.000,0.000,0.003,0.072,6.269,-7.613,-4.632,4.632,-13.483,-13.265
2633,16,-0.332,39.330,-2.165,-0.000,0.000,0.003,0.072,6.269,-7.613,-4.690,4.690,-13.544,-13.112
2634,16,-0.332,39.330,-2.165,-0.000,0.000,0.002,0.019,6.278,-7.661,-4.677,4.677,-13.517,-13.138
2635,16,-0.332,39.330,-2.165,-0.000,-0.001,0.002,0.019,6.278,-7.661,-4.677,4.677,-13.502,-13.123
2636,16,-0.332,39.330,-2.165,-0.001,-0.000,0.000,0.053,6.264,-7.666,-4.676,4.676,-13.503,-13.122
2637,16,-0.336,39.330,-2.167,-0.001,-0.000,0.000,0.053,6.264,-7.666,-4.643,4.643,-13.466,-13.190
2638,16,-0.332,39.330,-2.165,0.001,-0.000,0.000,0.057,6.245,-7.637,-4.655,4.655,-13.464,-13.192
2646,16,-0.333,39.330,-2.169,0.000,-0.001,0.001,0.014,6.206,-7.666,-4.663,4.663,-13.476,-13.149
2647,16,-0.333,39.330,-2.169,0.000,0.001,0.001,0.014,6.206,-7.666,-4.663,4.663,-13.506,-13.179
2648,16,-0.333,39.333,-2.169,-0.001,0.003,0.002,0.053,6.240,-7.656,-4.663,4.663,-13.506,-13.179
2649,16,-0.333,39.333,-2.169,-0.001,0.003,0.002,0.053,6.240,-7.656,-4.671,4.671,-13.568,-13.188
2650,16,-0.333,39.333,-2.169,-0.001,0.003,0.001,0.033,6.312,-7.632,-4.658,4.658,-13.542,-13.215
2651,16,-0.335,39.333,-2.174,-0.000,-0.003,0.001,0.033,6.312,-7.632,-4.662,4.662,-13.451,-13.123
2652,16,-0.335,39.330,-2.174,-0.001,0.001,0.000,0.067,6.278,-7.642,-4.662,4.662,-13.446,-13.118
2653,16,-0.333,39.330,-2.169,-0.001,0.001,0.000,0.067,6.278,-7.642,-4.644,4.644,-13.480,-13.206
2654,16,-0.333,39.330,-2.169,-0.001,0.001,0.000,0.072,6.216,-7.656,-4.644,4.644,-13.480,-13.206
2655,16,-0.335,39.330,-2.174,0.001,-0.001,0.000,0.072,6.216,-7.656,-4.654,4.654,-13.450,-13.175
2656,16,-0.335,39.330,-2.174,0.000,-0.000,0.000,0.053,6.259,-7.642,-4.654,4.654,-13.450,-13.175
2657,16,-0.335,39.330,-2.174,0.000,-0.000,0.000,0.053,6.259,-7.642,-4.649,4.649,-13.465,-13.190
2658,16,-0.335,39.330,-2.174,0.000,-0.000,0.000,0.038,6.273,-7.628,-4.649,4.649,-13.465,-13.190
2659,16,-0.335,39.330,-2.174,-0.001,0.003,0.000,0.038,6.273,-7.628,-4.644,4.644,-13.511,-13.236
2660,16,-0.335,39.330,-2.174,0.002,-0.001,0.001,0.033,6.259,-7.656,-4.643,4.643,-13.517,-13.239
2661,16,-0.335,39.330,-2.174,0.002,-0.001,0.001,0.033,6.259,-7.656,-4.673,4.673,-13.477,-13.148
2662,16,-0.335,39.330,-2.174,0.002,-0.001,0.001,0.053,6.249,-7.628,-4.673,4.673,-13.477,-13.148
2663,16,-0.335,39.330,-2.174,0.000,-0.001,0.001,0.053,6.249,-7.628,-4.662,4.662,-13.477,-13.148
2664,16,-0.335,39.330,-2.174,0.000,0.002,0.000,0.033,6.254,-7.642,-4.662,4.662,-13.477,-13.148
2665,16,-0.335,39.330,-2.174,0.000,0.002,0.000,0.033,6.254,-7.642,-4.649,4.649,-13.496,-13.221
2666,16,-0.335,39.330,-2.174,0.000,0.002,-0.002,0.010,6.240,-7.671,-4.622,4.622,-13.442,-13.274
2667,16,-0.335,39.330,-2.174,-0.002,-0.001,-0.002,0.010,6.240,-7.671,-4.612,4.612,-13.397,-13.228
2668,16,-0.335,39.330,-2.174,0.003,-0.000,0.003,0.091,6.283,-7.637,-4.612,4.612,-13.396,-13.229
2669,16,-0.335,39.330,-2.174,0.003,-0.000,0.003,0.091,6.283,-7.637,-4.705,4.705,-13.545,-13.110
2670,16,-0.336,39.330,-2.178,0.003,-0.000,0.000,0.057,6.259,-7.623,-4.665,4.665,-13.466,-13.190
2671,16,-0.336,39.330,-2.178,0.000,0.002,0.000,0.057,6.259,-7.623,-4.649,4.649,-13.496,-13.220
2672,16,-0.335,39.330,-2.174,-0.003,-0.002,0.000,0.024,6.221,-7.651,-4.649,4.649,-13.496,-13.220
2673,16,-0.339,39.329,-2.175,-0.003,-0.002,0.000,0.024,6.221,-7.651,-4.632,4.632,-13.436,-13.158
2674,16,-0.339,39.329,-2.175,-0.003,-0.002,0.000,0.053,6.264,-7.671,-4.632,4.632,-13.436,-13.158
2675,16,-0.339,39.326,-2.175,-0.001,-0.001,0.000,0.053,6.264,-7.671,-4.643,4.643,-13.447,-13.169
2676,16,-0.339,39.326,-2.175,0.001,0.002,0.000,0.000,6.240,-7.675,-4.643,4.643,-13.445,-13.167
2677,16,-0.339,39.329,-2.175,0.001,0.002,0.000,0.000,6.240,-7.675,-4.653,4.653,-13.497,-13.219
2678,16,-0.339,39.329,-2.175,0.001,0.002,0.000,0.024,6.240,-7.651,-4.653,4.653,-13.497,-13.219
2679,16,-0.335,39.326,-2.173,0.002,0.000,0.000,0.024,6.240,-7.651,-4.660,4.660,-13.460,-13.186
2680,16,-0.335,39.325,-2.173,-0.001,-0.001,0.000,0.048,6.297,-7.632,-4.660,4.660,-13.459,-13.184
2681,16,-0.335,39.325,-2.173,-0.001,-0.001,0.000,0.048,6.297,-7.632,-4.644,4.644,-13.443,-13.169
2682,16,-0.335,39.325,-2.173,-0.001,-0.001,0.000,0.029,6.288,-7.651,-4.644,4.644,-13.443,-13.169
2683,16,-0.339,39.325,-2.175,-0.003,0.001,0.000,0.029,6.288,-7.651,-4.632,4.632,-13.476,-13.197
2684,16,-0.339,39.325,-2.175,-0.000,0.000,0.000,0.057,6.225,-7.671,-4.632,4.632,-13.476,-13.197
2685,16,-0.339,39.325,-2.175,-0.000,0.000,0.000,0.057,6.225,-7.671,-4.648,4.648,-13.460,-13.182
2686,16,-0.339,39.325,-2.175,-0.000,0.000,0.000,0.077,6.245,-7.656,-4.648,4.648,-13.460,-13.182
2687,16,-0.335,39.325,-2.173,0.002,0.000,0.000,0.077,6.245,-7.656,-4.660,4.660,-13.459,-13.184
2688,16,-0.335,39.325,-2.173,0.000,0.002,0.000,0.014,6.273,-7.656,-4.660,4.660,-13.459,-13.184
2689,16,-0.335,39.325,-2.173,0.000,0.002,0.000,0.014,6.273,-7.656,-4.649,4.649,-13.489,-13.214
2690,16,-0.335,39.325,-2.173,0.000,0.002,0.000,0.038,6.269,-7.647,-4.649,4.649,-13.489,-13.214
2691,16,-0.335,39.325,-2.173,0.000,-0.001,0.000,0.038,6.269,-7.647,-4.649,4.649,-13.443,-13.169
2692,16,-0.335,39.325,-2.173,0.000,0.001,0.000,0.033,6.269,-7.656,-4.649,4.649,-13.443,-13.169
2693,16,-0.335,39.325,-2.173,0.000,0.001,0.000,0.033,6.269,-7.656,-4.649,4.649,-13.474,-13.199
2694,16,-0.335,39.325,-2.173,0.000,0.001,0.000,0.005,6.221,-7.666,-4.649,4.649,-13.474,-13.199
2695,16,-0.335,39.325,-2.173,0.000,0.002,0.000,0.005,6.221,-7.666,-4.649,4.649,-13.489,-13.214
2696,16,-0.335,39.325,-2.173,0.001,-0.003,0.000,0.053,6.254,-7.656,-4.649,4.649,-13.489,-13.214
2697,16,-0.330,39.322,-2.172,0.001,-0.003,0.000,0.053,6.254,-7.656,-4.656,4.656,-13.407,-13.136
2698,16,-0.330,39.322,-2.172,0.001,-0.003,0.000,0.043,6.307,-7.632,-4.656,4.656,-13.407,-13.136
2699,16,-0.330,39.322,-2.172,0.000,-0.000,0.000,0.043,6.307,-7.632,-4.650,4.650,-13.452,-13.181
2700,16,-0.330,39.322,-2.172,0.000,0.001,0.000,0.029,6.249,-7.656,-4.650,4.650,-13.452,-13.181
2701,16,-0.330,39.322,-2.172,0.000,0.001,0.000,0.029,6.249,-7.656,-4.650,4.650,-13.467,-13.196
2702,16,-0.330,39.322,-2.172,0.000,0.001,0.000,0.081,6.235,-7.628,-4.650,4.650,-13.467,-13.196
2703,16,-0.330,39.319,-2.172,-0.001,-0.004,0.000,0.081,6.235,-7.628,-4.645,4.645,-13.387,-13.116
2704,16,-0.330,39.319,-2.172,-0.000,0.001,0.000,0.043,6.278,-7.642,-4.645,4.645,-13.387,-13.116
2705,16,-0.330,39.319,-2.172,-0.000,0.001,0.000,0.043,6.278,-7.642,-4.650,4.650,-13.463,-13.192
2706,16,-0.330,39.319,-2.172,-0.000,0.001,0.000,0.019,6.249,-7.671,-4.650,4.650,-13.463,-13.192
2707,16,-0.330,39.319,-2.172,-0.000,0.002,0.000,0.019,6.249,-7.671,-4.650,4.650,-13.478,-13.207
2708,16,-0.334,39.319,-2.173,-0.002,-0.003,0.000,0.033,6.240,-7.661,-4.650,4.650,-13.483,-13.212
2709,16,-0.333,39.319,-2.169,-0.002,-0.003,0.000,0.033,6.240,-7.661,-4.639,4.639,-13.403,-13.130
2710,16,-0.333,39.317,-2.169,-0.002,-0.003,0.000,0.010,6.240,-7.651,-4.639,4.639,-13.401,-13.128
2711,16,-0.333,39.319,-2.169,-0.001,0.003,0.000,0.010,6.240,-7.651,-4.644,4.644,-13.494,-13.221
2712,16,-0.333,39.319,-2.169,-0.000,0.000,0.000,0.038,6.245,-7.656,-4.644,4.644,-13.494,-13.221
2713,16,-0.333,39.319,-2.169,-0.000,0.000,0.000,0.038,6.245,-7.656,-4.650,4.650,-13.449,-13.175
2714,16,-0.333,39.319,-2.169,-0.000,0.000,0.000,0.062,6.278,-7.642,-4.650,4.650,-13.449,-13.175
2715,16,-0.333,39.317,-2.169,-0.000,-0.001,0.000,0.062,6.278,-7.642,-4.650,4.650,-13.432,-13.159
2716,16,-0.333,39.319,-2.169,-0.001,0.002,0.000,0.057,6.269,-7.637,-4.650,4.650,-13.427,-13.154
2717,16,-0.333,39.319,-2.169,-0.001,0.002,0.000,0.057,6.269,-7.637,-4.644,4.644,-13.479,-13.206
2718,16,-0.333,39.319,-2.169,-0.001,0.002,0.000,0.029,6.240,-7.651,-4.644,4.644,-13.479,-13.206
2719,16,-0.333,39.319,-2.169,0.001,0.000,0.000,0.029,6.240,-7.651,-4.655,4.655,-13.449,-13.175
2720,16,-0.329,39.319,-2.168,0.002,0.000,0.000,0.086,6.245,-7.661,-4.655,4.655,-13.449,-13.175
2721,16,-0.329,39.319,-2.168,0.002,0.000,0.000,0.086,6.245,-7.661,-4.662,4.662,-13.447,-13.177
2722,16,-0.329,39.317,-2.167,0.002,0.000,0.000,0.014,6.269,-7.666,-4.662,4.662,-13.445,-13.176
2723,16,-0.324,39.317,-2.166,0.002,0.000,0.000,0.014,6.269,-7.666,-4.663,4.663,-13.444,-13.177
2724,16,-0.326,39.314,-2.170,0.000,-0.001,0.000,0.048,6.240,-7.651,-4.662,4.662,-13.439,-13.172
2725,16,-0.326,39.314,-2.170,0.000,-0.001,0.000,0.048,6.240,-7.651,-4.652,4.652,-13.424,-13.157
2726,16,-0.326,39.314,-2.170,0.000,-0.001,0.000,0.014,6.240,-7.632,-4.652,4.652,-13.424,-13.157
2727,16,-0.330,39.314,-2.172,-0.001,-0.000,0.000,0.014,6.240,-7.632,-4.645,4.645,-13.441,-13.170
2728,16,-0.326,39.314,-2.170,0.002,-0.000,0.000,0.019,6.288,-7.656,-4.646,4.646,-13.440,-13.171
2729,16,-0.326,39.314,-2.170,0.002,-0.000,0.000,0.019,6.288,-7.656,-4.662,4.662,-13.439,-13.172
2730,16,-0.326,39.314,-2.170,0.002,-0.000,0.000,0.081,6.259,-7.661,-4.662,4.662,-13.439,-13.172
2731,16,-0.326,39.314,-2.170,0.000,0.001,0.000,0.081,6.259,-7.661,-4.652,4.652,-13.455,-13.187
2732,16,-0.324,39.314,-2.166,-0.004,-0.001,0.000,0.029,6.230,-7.666,-4.652,4.652,-13.455,-13.187
2733,16,-0.329,39.311,-2.167,-0.004,-0.001,0.000,0.029,6.230,-7.666,-4.630,4.630,-13.420,-13.151
2734,16,-0.329,39.311,-2.167,-0.004,-0.001,0.000,0.057,6.264,-7.647,-4.630,4.630,-13.420,-13.151
2735,16,-0.329,39.311,-2.167,-0.000,-0.000,0.000,0.057,6.264,-7.647,-4.651,4.651,-13.436,-13.166
2736,16,-0.329,39.311,-2.167,0.001,0.001,0.000,0.077,6.259,-7.637,-4.651,4.651,-13.436,-13.166
2737,16,-0.329,39.311,-2.167,0.001,0.001,0.000,0.077,6.259,-7.637,-4.656,4.656,-13.451,-13.182
2738,16,-0.329,39.311,-2.167,0.001,0.001,0.000,0.010,6.259,-7.642,-4.656,4.656,-13.451,-13.182
2739,16,-0.329,39.311,-2.167,0.001,-0.002,0.000,0.010,6.259,-7.642,-4.656,4.656,-13.405,-13.136
2740,16,-0.324,39.308,-2.166,0.000,-0.001,0.000,0.033,6.273,-7.637,-4.657,4.657,-13.399,-13.133
2741,16,-0.324,39.308,-2.166,0.000,-0.001,0.000,0.033,6.273,-7.637,-4.652,4.652,-13.414,-13.148
2742,16,-0.324,39.308,-2.166,0.000,-0.001,0.000,0.024,6.221,-7.695,-4.652,4.652,-13.414,-13.148
2743,16,-0.328,39.308,-2.167,-0.001,0.001,0.000,0.024,6.221,-7.695,-4.646,4.646,-13.446,-13.177
2744,16,-0.328,39.308,-2.167,-0.000,0.000,0.000,0.014,6.230,-7.666,-4.646,4.646,-13.446,-13.177
2745,16,-0.328,39.308,-2.167,-0.000,0.000,0.000,0.014,6.230,-7.666,-4.651,4.651,-13.431,-13.162
2746,16,-0.324,39.308,-2.166,-0.000,0.000,0.000,0.038,6.292,-7.628,-4.652,4.652,-13.429,-13.164
2747,16,-0.324,39.308,-2.166,-0.000,0.002,0.000,0.038,6.292,-7.628,-4.652,4.652,-13.460,-13.194
2748,16,-0.324,39.308,-2.166,0.001,0.001,0.000,0.053,6.264,-7.642,-4.652,4.652,-13.460,-13.194
2749,16,-0.324,39.311,-2.166,0.001,0.001,0.000,0.053,6.264,-7.642,-4.657,4.657,-13.449,-13.183
2750,16,-0.324,39.311,-2.166,0.001,0.001,0.000,0.057,6.211,-7.661,-4.657,4.657,-13.449,-13.183
2751,16,-0.324,39.308,-2.166,-0.001,-0.001,0.000,0.057,6.211,-7.661,-4.647,4.647,-13.414,-13.148
2752,16,-0.324,39.308,-2.166,-0.000,-0.000,0.000,0.053,6.269,-7.647,-4.647,4.647,-13.414,-13.148
2753,16,-0.324,39.308,-2.166,-0.000,-0.000,0.000,0.053,6.269,-7.647,-4.652,4.652,-13.429,-13.164
2754,16,-0.324,39.308,-2.166,-0.000,-0.000,0.000,0.053,6.269,-7.637,-4.652,4.652,-13.429,-13.164
2755,16,-0.324,39.308,-2.166,0.001,0.002,0.000,0.038,6.283,-7.637,-4.657,4.657,-13.460,-13.194
2756,16,-0.324,39.308,-2.166,0.001,0.002,0.000,0.038,6.283,-7.637,-4.657,4.657,-13.460,-13.194
2757,16,-0.324,39.308,-2.166,0.000,0.000,0.000,0.038,6.240,-7.623,-4.652,4.652,-13.429,-13.164
2758,16,-0.324,39.308,-2.166,0.000,0.000,0.000,0.038,6.240,-7.628,-4.652,4.652,-13.429,-13.164
2759,16,-0.324,39.308,-2.166,0.000,0.000,0.000,0.029,6.283,-7.628,-4.652,4.652,-13.429,-13.164
2760,16,-0.324,39.308,-2.166,0.000,0.000,0.000,0.029,6.283,-7.628,-4.652,4.652,-13.429,-13.164
2761,16,-0.324,39.311,-2.166,0.000,0.002,0.000,-0.010,6.168,-7.661,-4.652,4.652,-13.464,-13.199
2765,16,-0.324,39.311,-2.166,-0.002,-0.005,0.000,0.010,6.197,-7.685,-4.642,4.642,-13.358,-13.092
2766,16,-0.324,39.311,-2.166,-0.002,-0.005,0.000,0.010,6.197,-7.632,-4.642,4.642,-13.358,-13.092
2767,16,-0.324,39.308,-2.166,-0.000,-0.004,0.000,0.019,6.206,-7.632,-4.652,4.652,-13.368,-13.103
2768,16,-0.324,39.303,-2.166,-0.000,-0.004,0.000,0.019,6.206,-7.632,-4.652,4.652,-13.362,-13.096
2769,16,-0.324,39.306,-2.166,0.002,0.005,0.000,0.115,6.225,-7.675,-4.663,4.663,-13.504,-13.238
2770,16,-0.320,39.308,-2.164,0.002,0.005,0.000,0.115,6.225,-7.675,-4.664,4.664,-13.504,-13.241
2771,16,-0.320,39.311,-2.164,0.002,0.006,0.000,-0.019,6.364,-7.675,-4.664,4.664,-13.524,-13.261
2774,16,-0.320,39.311,-2.164,-0.001,-0.006,0.000,0.062,6.283,-7.628,-4.648,4.648,-13.341,-13.079
2775,16,-0.320,39.308,-2.164,-0.003,-0.000,0.000,0.010,6.211,-7.589,-4.637,4.637,-13.428,-13.165
2776,16,-0.324,39.308,-2.166,-0.003,-0.000,0.000,0.010,6.211,-7.589,-4.636,4.636,-13.429,-13.164
2777,16,-0.324,39.308,-2.166,0.001,-0.001,0.000,0.038,6.297,-7.484,-4.657,4.657,-13.414,-13.148
2778,16,-0.324,39.308,-2.166,0.001,-0.001,0.000,0.038,6.297,-7.484,-4.657,4.657,-13.414,-13.148
2779,16,-0.306,39.267,-2.159,0.046,-0.151,-0.011,0.656,7.642,-6.986,-4.753,4.753,-10.936,-11.219
2780,16,-0.255,39.148,-2.147,0.046,-0.151,-0.011,0.656,7.642,-6.986,-4.762,4.762,-10.812,-11.120
2781,16,-0.231,38.945,-2.122,0.029,-0.371,-0.040,-0.880,4.484,-8.455,-4.316,4.316,-6.562,-8.404
2782,16,-0.195,38.827,-2.089,0.029,-0.371,-0.040,-0.880,4.484,-8.455,-4.327,4.327,-6.377,-8.250
2783,16,-0.195,38.790,-2.082,-0.021,0.201,-0.018,1.168,5.996,-7.699,-4.356,4.356,-15.056,-15.810
2784,16,-0.230,38.959,-2.077,-0.021,0.201,-0.018,1.168,5.996,-7.699,-4.354,4.354,-15.223,-15.970
2785,16,-0.263,38.951,-2.119,-0.043,0.000,0.069,-1.818,3.981,-9.609,-5.321,5.321,-14.622,-10.953
2786,16,-0.313,38.939,-2.166,-0.043,0.000,0.069,-1.818,3.981,-9.609,-5.306,5.306,-14.624,-10.916
2787,16,-0.577,39.832,-2.742,0.357,2.923,1.536,4.125,122.275,32.654,-25.568,25.568,-94.456,-17.150
2788,16,-1.610,42.684,-4.618,0.357,2.923,1.536,4.125,122.275,32.654,-25.445,25.445,-97.509,-19.502
2789,16,-1.483,42.394,-4.034,-0.630,-0.995,-0.666,2.417,152.321,-10.183,7.072,-7.072,12.344,-19.317
2790,16,-1.495,42.229,-3.512,-0.630,-0.995,-0.666,2.417,152.321,-10.183,7.080,-7.080,12.585,-19.084
2791,16,-1.746,42.215,-3.464,0.068,0.319,0.368,3.933,142.129,1.570,-9.264,9.264,-32.124,-11.859
2792,16,-2.844,42.568,-3.473,0.068,0.319,0.368,3.933,142.129,1.570,-9.153,9.153,-32.761,-11.896
2793,16,-2.882,42.317,-2.871,-0.144,-0.576,-0.105,1.699,115.844,0.469,-2.024,2.024,-8.276,-10.404
2810,16,-15.888,-27.596,22.548,-2.922,-4.155,-2.237,-0.962,2.632,18.815,70.323,-70.323,191.641,-20.212
2811,16,-17.549,-28.751,24.007,-2.174,-4.155,-2.592,-0.321,3.129,17.533,71.018,-71.018,200.509,-29.080
2812,16,-21.440,-28.959,27.388,-2.174,-2.287,-2.592,-0.321,3.129,17.533,71.018,-71.018,176.039,-53.550
2813,16,-23.303,-28.015,29.329,-1.269,-0.598,-2.862,0.072,2.943,16.284,69.873,-69.873,158.668,-84.450
2814,16,-25.045,-27.110,31.151,-1.269,-0.598,-2.862,0.072,2.943,16.284,69.873,-69.873,158.668,-84.450
2815,16,-25.661,-26.071,31.934,-0.682,-0.598,-3.085,0.139,2.670,14.303,69.721,-69.721,164.234,-90.016
2816,16,-27.306,-23.235,34.072,-0.682,0.852,-3.085,0.139,2.670,14.303,69.721,-69.721,143.522,-110.728
2817,16,-27.841,-20.650,35.090,-0.142,2.113,-3.179,0.555,2.354,12.757,68.193,-68.193,127.848,-131.090
2825,16,-19.311,5.801,36.170,4.621,5.350,-1.188,2.038,1.321,5.173,5.058,-5.058,2.973,-98.681
2826,16,-17.328,7.479,36.016,4.621,5.350,-1.188,2.038,1.321,5.173,3.292,-3.292,-0.559,-95.148
2827,16,-14.781,11.438,35.299,6.746,5.350,-0.229,2.455,1.641,2.244,-21.998,21.998,-32.848,-68.783
2828,16,-9.171,17.105,34.314,6.746,5.559,-0.229,2.455,1.641,2.244,-25.018,25.018,-40.881,-70.209
2829,16,-4.040,20.729,33.377,9.510,5.365,0.805,2.283,2.216,-0.933,-43.993,43.993,-81.914,-44.941
2830,16,0.515,22.012,33.410,9.510,5.365,0.805,2.283,2.216,-0.933,-44.907,44.907,-85.542,-44.914
2831,16,4.466,26.048,32.197,12.818,5.365,1.861,1.780,2.933,-4.943,-58.398,58.398,-118.305,-23.713
2836,16,47.880,40.623,27.963,16.730,1.792,3.438,0.144,3.929,-15.772,-70.323,70.323,-105.741,36.552
2837,16,55.345,42.072,26.667,15.557,0.005,3.544,-1.483,2.900,-13.102,-66.579,66.579,-73.492,53.825
2838,16,62.218,41.723,26.931,15.557,0.005,3.544,-1.483,2.900,-13.102,-66.047,66.047,-70.435,54.755
2839,16,66.084,44.151,24.800,15.557,0.005,3.212,-2.345,2.589,-8.747,-58.674,58.674,-56.049,39.646
2842,16,84.864,46.796,20.131,12.228,-2.313,2.806,-2.192,2.804,-5.527,-48.909,48.909,2.604,59.238
2843,16,87.472,48.660,17.567,12.228,-2.313,2.555,-2.168,3.058,-2.991,-43.378,43.378,14.627,49.139
2844,16,93.048,50.419,14.309,10.352,-2.911,2.555,-2.168,3.058,-2.991,-41.681,41.681,28.512,56.237
2849,16,94.289,55.331,3.246,0.593,-2.513,1.299,-2.948,3.062,3.680,-6.449,6.449,56.055,20.983
2850,16,92.983,55.806,2.085,0.593,-2.513,1.299,-2.948,3.062,3.680,-6.449,6.449,55.290,20.218
2851,16,91.116,56.273,0.656,0.593,-2.513,0.965,-2.862,3.015,4.211,-2.281,2.281,62.477,10.734
2852,16,87.088,57.005,-1.362,-1.740,-1.870,0.965,-2.862,3.015,4.211,9.384,-9.384,51.505,-0.238
2853,16,84.002,57.327,-1.978,-3.528,-1.158,0.642,-2.905,3.086,3.469,22.361,-22.361,46.555,-21.327
2854,16,81.266,57.780,-2.963,-3.528,-1.158,0.642,-2.905,3.086,3.469,22.361,-22.361,44.685,-23.197
2855,16,79.243,57.726,-2.599,-3.528,-1.158,0.229,-3.187,3.321,2.335,27.528,-27.528,53.700,-34.849
2856,16,74.266,57.943,-2.550,-4.938,-0.587,0.229,-3.187,3.321,2.335,34.575,-34.575,43.264,-45.284
2857,16,70.627,57.888,-1.955,-6.347,-0.180,-0.244,-3.225,3.536,0.316,47.534,-47.534,45.919,-66.278
2858,16,66.857,58.229,-2.749,-6.347,-0.180,-0.244,-3.225,3.536,0.316,47.534,-47.534,43.365,-68.832
2861,16,54.126,56.855,1.315,-8.615,-0.469,-0.928,-3.043,3.857,-5.010,61.848,-61.848,57.963,-88.429
2862,16,48.890,57.015,0.197,-8.615,-0.469,-0.928,-3.043,3.857,-5.010,61.848,-61.848,55.068,-91.325
2863,16,46.842,55.926,2.604,-8.615,-0.469,-1.199,-3.254,4.249,-6.738,64.651,-64.651,60.638,-96.965
2864,16,39.112,54.674,3.960,-9.516,-0.966,-1.199,-3.254,4.249,-6.738,62.350,-62.350,61.547,-86.854
2865,16,33.756,53.526,4.953,-10.013,-1.450,-1.470,-3.259,4.450,-9.207,60.624,-60.624,63.772,-77.726
2870,16,12.540,47.038,11.004,-8.639,-2.562,-1.703,-2.225,3.484,-10.192,51.300,-51.300,64.958,-39.243
2880,16,-9.160,29.557,29.443,-2.628,-2.916,-1.416,-0.273,3.259,-5.173,30.146,-30.146,75.096,5.119
2881,16,-9.476,28.255,31.245,-1.728,-2.708,-1.483,-0.196,3.283,-4.689,27.524,-27.524,78.933,3.354
2921,16,23.308,18.906,90.599,-5.505,0.856,-1.921,1.192,2.708,-9.762,33.739,-33.739,39.231,-34.619
2941,16,-34.311,6.063,149.607,-16.768,-6.117,0.154,-0.718,5.723,15.619,40.880,-40.880,116.974,54.455
2942,16,-44.247,3.189,150.375,-18.156,-4.656,1.914,-0.718,5.723,-1.584,25.602,-25.602,86.417,85.011
2945,16,-71.929,-4.805,155.958,-14.334,-4.162,1.939,-1.010,4.838,0.646,26.015,-26.015,75.556,72.495
2946,16,-78.131,-6.252,157.376,-13.046,-3.430,2.531,-1.010,4.838,1.201,18.612,-18.612,45.706,72.259
2958,16,-157.004,-21.638,-178.935,-9.564,0.193,3.335,-0.641,4.689,0.354,8.558,-8.558,-64.709,2.058
2959,16,-162.610,-22.363,-177.079,-9.564,0.193,3.335,-0.641,4.594,0.407,8.558,-8.558,-64.709,2.058
2960,16,-170.340,-23.588,-174.531,-8.835,0.722,3.198,-0.593,4.594,0.407,8.469,-8.469,-72.451,-5.327
2961,16,-175.253,-23.861,-172.890,-8.835,0.722,3.198,-0.507,4.666,0.407,-6.643,6.643,-102.675,24.896
2988,16,44.203,-45.196,-109.780,-10.125,-0.157,-5.449,-0.359,-0.871,-1.584,70.610,-70.610,117.029,-55.412
2989,16,39.012,-47.670,-108.342,-10.125,-0.157,-5.449,4.484,-7.584,-1.584,70.610,-70.610,117.029,-55.412
2990,16,30.957,-47.188,-102.911,-10.336,1.597,-6.206,4.484,-7.584,-19.145,80.078,-80.078,110.915,-99.396
3015,16,-14.710,-17.913,-45.772,0.967,-1.949,0.647,1.598,-1.474,-11.896,11.711,-11.711,79.514,33.327
3016,16,-13.743,-19.270,-45.372,0.961,-1.210,0.404,-0.340,0.096,-6.642,14.716,-14.716,74.901,16.818
3017,16,-13.265,-19.462,-45.302,0.961,-1.210,0.404,0.120,-0.560,-6.642,13.922,-13.922,73.312,18.407
3018,16,-12.991,-19.554,-45.019,0.950,-0.274,0.172,0.120,-0.560,-8.159,16.571,-16.571,65.127,-0.162
3019,16,-12.529,-19.452,-44.792,0.950,-0.274,0.172,0.120,-0.560,-8.159,15.891,-15.891,63.766,1.198
3020,16,-11.888,-18.838,-44.385,0.761,0.565,-0.088,0.234,-0.890,-10.666,19.682,-19.682,57.477,-16.465
3021,16,-11.487,-18.531,-44.293,0.761,0.565,-0.088,-0.507,0.617,-10.666,18.176,-18.176,54.464,-13.453
3022,16,-11.548,-17.870,-43.967,0.306,1.009,-0.223,-0.507,0.617,-9.991,21.854,-21.854,50.925,-22.605
3023,16,-11.294,-17.397,-43.673,0.306,1.009,-0.223,-0.507,0.617,-9.991,21.282,-21.282,49.781,-21.461
3024,16,-11.446,-16.007,-43.262,-0.017,1.046,-0.240,-0.057,1.201,-10.312,22.941,-22.941,49.339,-22.084
3039,16,-15.063,-13.170,-39.984,0.278,0.081,-0.064,1.369,1.153,-9.786,21.535,-21.535,63.265,-8.435
3042,16,-14.475,-12.696,-39.214,0.281,-0.030,-0.020,0.679,1.263,-9.853,20.081,-20.081,61.971,-3.976
3047,16,-14.186,-12.156,-38.110,-0.062,0.006,0.005,0.636,1.134,-9.781,20.879,-20.879,59.620,-2.660
3048,16,-14.287,-11.914,-37.791,-0.140,0.006,0.011,0.852,1.177,-9.829,21.185,-21.185,59.455,-2.494
3049,16,-14.317,-11.853,-37.689,-0.140,0.006,0.011,1.019,1.153,-9.829,21.177,-21.177,59.439,-2.479
3050,16,-14.359,-11.730,-37.484,-0.110,0.003,0.010,1.019,1.153,-9.757,21.019,-21.019,59.467,-2.416
3051,16,-14.392,-11.660,-37.286,-0.110,0.003,0.010,1.019,1.153,-9.757,21.016,-21.016,59.460,-2.408
3052,16,-14.385,-11.422,-36.966,-0.013,0.002,-0.003,1.053,1.139,-9.747,20.635,-20.635,59.668,-2.616
3053,16,-14.380,-11.363,-36.860,-0.013,0.002,-0.003,0.943,1.158,-9.747,20.522,-20.522,59.457,-2.375
3054,16,-14.333,-11.243,-36.652,0.054,0.000,-0.003,0.943,1.158,-9.767,20.076,-20.076,59.266,-2.123
3055,16,-14.275,-11.161,-36.456,0.054,0.000,-0.003,0.943,1.158,-9.767,19.975,-19.975,59.064,-1.921
3056,16,-14.212,-10.947,-36.140,0.046,0.000,-0.002,0.818,1.139,-9.800,19.936,-19.936,58.902,-1.759
3057,16,-14.191,-10.891,-36.039,0.046,0.000,-0.002,0.799,1.153,-9.800,19.780,-19.780,58.589,-1.446
3058,16,-14.171,-10.775,-35.837,-0.003,0.000,0.000,0.799,1.153,-9.805,19.918,-19.918,58.376,-1.233
3064,16,-14.055,-10.072,-34.550,0.006,0.000,0.000,0.895,1.158,-9.781,19.477,-19.477,57.589,-0.447
3072,16,-13.871,-9.203,-33.023,0.001,0.000,0.000,0.876,1.148,-9.790,18.904,-18.904,56.368,0.775
3084,16,-13.577,-7.983,-30.842,-0.001,0.000,0.000,0.895,1.148,-9.781,18.046,-18.046,54.664,2.479
3088,16,-13.474,-7.596,-30.144,-0.000,0.000,0.000,0.895,1.153,-9.776,17.772,-17.772,54.116,3.026
3099,16,-13.190,-6.639,-28.468,0.001,0.000,0.000,0.890,1.158,-9.776,17.034,-17.034,52.651,4.492
3100,16,-13.160,-6.499,-28.142,-0.004,0.000,0.000,0.885,1.153,-9.776,16.998,-16.998,52.578,4.564
3108,16,-12.932,-5.810,-26.887,-0.004,0.000,0.000,0.876,1.148,-9.786,16.478,-16.478,51.571,5.511
3111,16,-12.883,-5.615,-26.580,-0.004,0.000,0.000,0.895,1.163,-9.786,16.364,-16.364,51.258,5.885
3114,16,-12.789,-5.332,-26.053,-0.001,0.000,0.000,0.885,1.158,-9.771,16.153,-16.153,50.867,6.276
3115,16,-12.775,-5.291,-25.978,-0.002,0.000,0.000,0.885,1.158,-9.771,16.130,-16.130,50.809,6.334
3116,16,-12.715,-5.158,-25.682,-0.001,0.000,0.000,0.890,1.148,-9.786,16.076,-16.076,50.701,6.442
3117,16,-12.707,-5.093,-25.608,-0.001,0.000,0.000,0.890,1.148,-9.786,15.988,-15.988,50.536,6.607
3118,16,-12.677,-5.014,-25.462,-0.001,0.000,0.000,0.890,1.158,-9.786,15.931,-15.931,50.422,6.721
3127,16,-12.433,-4.367,-24.242,0.001,0.000,0.000,0.895,1.153,-9.795,15.441,-15.441,49.510,7.632
3128,16,-12.367,-4.250,-24.036,0.001,0.001,0.000,0.909,1.139,-9.781,15.364,-15.364,49.404,7.739
3129,16,-12.361,-4.182,-23.898,0.001,0.001,0.000,0.909,1.139,-9.781,15.253,-15.253,49.236,7.876
3132,16,-12.246,-3.964,-23.494,-0.003,0.000,0.000,0.880,1.139,-9.795,15.035,-15.035,48.984,8.159
3138,16,-12.096,-3.570,-22.700,-0.000,0.001,0.000,0.890,1.148,-9.790,14.609,-14.609,48.350,8.763
3141,16,-12.015,-3.346,-22.318,-0.001,0.000,0.000,0.885,1.153,-9.786,14.401,-14.401,48.070,9.072
3142,16,-11.985,-3.300,-22.186,-0.001,0.000,0.000,0.880,1.144,-9.781,14.340,-14.340,47.990,9.152
3143,16,-11.974,-3.245,-22.127,-0.004,0.000,0.000,0.880,1.144,-9.781,14.317,-14.317,47.933,9.209
3144,16,-11.913,-3.144,-21.937,0.002,0.001,0.000,0.880,1.144,-9.800,14.253,-14.253,47.845,9.297
3147,16,-11.856,-2.985,-21.630,0.006,0.000,0.000,0.871,1.148,-9.776,13.987,-13.987,47.559,9.584
3148,16,-11.790,-2.884,-21.448,0.000,0.000,0.000,0.871,1.148,-9.781,13.918,-13.918,47.466,9.677
3154,16,-11.640,-2.536,-20.726,-0.001,0.000,0.000,0.880,1.153,-9.786,13.539,-13.539,46.908,10.235
3158,16,-11.537,-2.297,-20.260,-0.005,0.000,0.000,0.895,1.148,-9.776,13.321,-13.321,46.585,10.558
2088,16,-0.310,39.363,-2.176,-0.002,-0.001,0.000,0.010,6.192,-7.680,-3.407,3.407,-13.549,-13.293
2089,16,-0.310,39.360,-2.176,-0.002,-0.001,0.000,0.048,6.264,-7.680,-3.396,3.396,-13.484,-13.228
2090,16,-0.310,39.360,-2.176,-0.002,-0.002,0.000,0.048,6.264,-7.651,-3.396,3.396,-13.468,-13.213
2093,16,-0.310,39.360,-2.176,-0.000,0.003,0.000,0.077,6.235,-7.656,-3.407,3.407,-13.544,-13.289
2094,16,-0.310,39.363,-2.176,-0.000,0.002,0.000,0.077,6.235,-7.661,-3.407,3.407,-13.534,-13.278
2095,16,-0.310,39.363,-2.176,-0.000,0.002,0.000,0.077,6.235,-7.661,-3.407,3.407,-13.534,-13.278
2096,16,-0.315,39.363,-2.178,-0.002,-0.002,0.000,0.033,6.259,-7.661,-3.405,3.405,-13.536,-13.276
2103,16,-0.315,39.360,-2.178,-0.002,0.000,0.000,0.043,6.240,-7.666,-3.395,3.395,-13.500,-13.241
2104,16,-0.313,39.355,-2.173,-0.002,0.000,0.000,0.000,6.278,-7.637,-3.395,3.395,-13.498,-13.240
2105,16,-0.317,39.355,-2.175,-0.002,0.000,0.000,0.057,6.264,-7.637,-3.394,3.394,-13.495,-13.234
2106,16,-0.313,39.355,-2.173,-0.000,0.000,0.000,0.057,6.264,-7.637,-3.406,3.406,-13.493,-13.236
2126,16,-0.317,39.355,-2.175,0.001,0.000,0.000,0.057,6.230,-7.656,-3.410,3.410,-13.495,-13.234
2127,16,-0.317,39.352,-2.175,0.001,0.000,0.000,0.057,6.230,-7.656,-3.410,3.410,-13.490,-13.229
2139,16,-0.317,39.349,-2.175,-0.000,0.000,0.000,0.048,6.288,-7.628,-3.405,3.405,-13.485,-13.225
2140,16,-0.317,39.349,-2.175,-0.001,0.000,0.000,0.024,6.273,-7.637,-3.405,3.405,-13.485,-13.225
2141,16,-0.317,39.349,-2.175,-0.001,0.000,0.000,0.057,6.264,-7.637,-2.399,2.399,-13.485,-13.225
2142,16,-0.316,39.349,-2.171,-0.002,0.001,0.000,0.057,6.264,-7.613,-2.394,2.394,-13.500,-13.240
2143,16,-0.316,39.349,-2.171,-0.002,0.001,0.000,0.057,6.264,-7.613,-2.394,2.394,-13.500,-13.240
2144,16,-0.320,39.349,-2.172,-0.001,0.000,0.000,0.077,6.240,-7.642,-2.394,2.394,-13.500,-13.240
2145,16,-0.320,39.349,-2.172,-0.001,0.000,0.000,0.029,6.139,-7.642,-2.398,2.398,-13.487,-13.223
2146,16,-0.326,39.349,-2.160,-0.031,0.001,-0.019,0.029,6.139,-7.695,-2.008,2.008,-13.025,-13.715
2162,16,-0.326,39.344,-2.159,0.000,0.001,0.000,0.053,6.249,-7.613,-2.402,2.402,-13.498,-13.229
2173,16,-0.325,39.341,-2.155,-0.001,0.000,-0.001,0.033,6.269,-7.647,-2.384,2.384,-13.451,-13.237
2174,16,-0.323,39.341,-2.151,-0.001,0.000,-0.001,0.033,6.269,-7.675,-2.384,2.384,-13.450,-13.238
2175,16,-0.323,39.341,-2.151,-0.001,0.000,-0.001,0.033,6.269,-7.675,-2.384,2.384,-13.450,-13.238
2176,16,-0.323,39.341,-2.151,-0.001,0.000,0.000,0.019,6.259,-7.661,-2.384,2.384,-13.450,-13.238
2177,16,-0.323,39.341,-2.151,-0.001,0.000,0.000,0.048,6.245,-7.661,-2.397,2.397,-13.477,-13.211
2178,16,-0.323,39.341,-2.151,-0.000,0.001,0.002,0.048,6.245,-7.613,-2.429,2.429,-13.545,-13.173
2179,16,-0.325,39.341,-2.155,-0.000,0.001,0.002,0.048,6.245,-7.613,-2.429,2.429,-13.546,-13.172
2180,16,-0.329,39.341,-2.157,-0.002,0.000,0.000,0.067,6.278,-7.628,-2.428,2.428,-13.547,-13.170
2181,16,-0.327,39.341,-2.152,-0.002,0.000,0.000,0.067,6.283,-7.628,-2.391,2.391,-13.478,-13.209
2182,16,-0.327,39.341,-2.152,-0.000,0.000,0.000,0.067,6.283,-7.642,-2.401,2.401,-13.478,-13.209
2183,16,-0.327,39.341,-2.152,-0.000,0.000,0.000,0.067,6.283,-7.642,-2.401,2.401,-13.478,-13.209
2184,16,-0.327,39.337,-2.152,-0.000,0.000,-0.001,0.053,6.245,-7.656,-2.401,2.401,-13.478,-13.209
2185,16,-0.327,39.336,-2.152,-0.000,0.000,-0.001,0.043,6.249,-7.656,-2.388,2.388,-13.445,-13.229
2186,16,-0.327,39.336,-2.152,0.001,0.000,-0.001,0.043,6.249,-7.642,-2.393,2.393,-13.445,-13.229
2187,16,-0.327,39.336,-2.152,0.001,0.000,-0.001,0.043,6.249,-7.642,-2.393,2.393,-13.445,-13.229
2188,16,-0.327,39.336,-2.152,0.000,0.000,0.000,0.019,6.273,-7.618,-2.393,2.393,-13.445,-13.229
2189,16,-0.327,39.336,-2.152,0.000,0.000,0.000,0.019,6.288,-7.618,-2.401,2.401,-13.472,-13.203
2190,16,-0.323,39.336,-2.151,0.001,0.000,-0.001,0.000,6.288,-7.632,-2.395,2.395,-13.444,-13.231
2191,16,-0.323,39.336,-2.151,0.001,0.000,-0.001,0.000,6.288,-7.632,-2.395,2.395,-13.444,-13.231
2192,16,-0.326,39.336,-2.148,-0.003,0.000,0.000,0.077,6.245,-7.642,-2.395,2.395,-13.444,-13.231
2196,16,-0.326,39.336,-2.148,-0.000,0.001,0.000,0.048,6.278,-7.642,-2.397,2.397,-13.471,-13.203
2197,16,-0.326,39.341,-2.148,-0.000,0.001,0.000,0.048,6.288,-7.642,-2.402,2.402,-13.493,-13.225
2198,16,-0.326,39.341,-2.148,-0.000,0.000,0.000,0.091,6.288,-7.637,-2.402,2.402,-13.478,-13.210
2206,16,-0.324,39.341,-2.144,-0.000,0.001,0.000,0.029,6.283,-7.618,-2.402,2.402,-13.492,-13.226
2209,16,-0.329,39.341,-2.145,-0.002,0.000,0.000,0.043,6.230,-7.642,-2.390,2.390,-13.479,-13.209
2210,16,-0.329,39.341,-2.145,-0.001,-0.001,0.000,0.000,6.230,-7.651,-2.396,2.396,-13.464,-13.193
2214,16,-0.329,39.341,-2.145,-0.000,0.002,0.000,0.053,6.273,-7.642,-2.401,2.401,-13.509,-13.239
2231,16,-0.327,39.341,-2.141,-0.001,-0.000,0.000,0.029,6.240,-7.699,-2.396,2.396,-13.478,-13.209
2232,16,-0.331,39.341,-2.143,-0.000,-0.000,0.000,0.029,6.240,-7.699,-2.395,2.395,-13.480,-13.207
2233,16,-0.327,39.341,-2.141,-0.000,0.001,0.000,0.062,6.283,-7.637,-2.401,2.401,-13.494,-13.224
2234,16,-0.327,39.344,-2.141,-0.000,0.001,0.000,0.043,6.254,-7.618,-2.401,2.401,-13.498,-13.229
2235,16,-0.327,39.341,-2.141,-0.000,0.000,0.000,0.043,6.254,-7.618,-2.401,2.401,-13.478,-13.209
2236,16,-0.327,39.341,-2.141,-0.000,0.000,0.000,0.043,6.254,-7.618,-2.401,2.401,-13.478,-13.209
2237,16,-0.327,39.341,-2.141,-0.000,0.000,0.000,0.029,6.273,-7.623,-2.401,2.401,-13.478,-13.209
2238,16,-0.327,39.341,-2.141,-0.000,0.000,0.000,0.029,6.273,-7.666,-2.401,2.401,-13.478,-13.209
2239,16,-0.327,39.341,-2.141,-0.001,0.000,0.000,0.029,6.273,-7.666,-2.396,2.396,-13.478,-13.209
2240,16,-0.331,39.341,-2.143,-0.001,0.000,0.000,0.029,6.273,-7.666,-2.395,2.395,-13.480,-13.207
2241,16,-0.331,39.341,-2.143,-0.001,0.000,0.000,0.029,6.240,-7.647,-2.395,2.395,-13.480,-13.207
2242,16,-0.331,39.341,-2.143,-0.001,0.000,0.000,0.057,6.254,-7.647,-2.395,2.395,-13.480,-13.207
2243,16,-0.330,39.341,-2.138,-0.002,0.000,0.000,0.057,6.254,-7.647,-2.390,2.390,-13.479,-13.208
2244,16,-0.330,39.341,-2.138,-0.000,0.000,0.000,0.057,6.254,-7.647,-2.390,2.390,-13.479,-13.208
2247,16,-0.334,39.341,-2.140,-0.002,0.000,0.000,0.029,6.273,-7.642,-2.389,2.389,-13.481,-13.206
2248,16,-0.334,39.341,-2.140,-0.002,0.000,0.000,0.029,6.273,-7.642,-2.389,2.389,-13.481,-13.206
2249,16,-0.334,39.341,-2.140,0.001,0.000,0.000,0.081,6.269,-7.651,-2.405,2.405,-13.481,-13.206
2250,16,-0.334,39.341,-2.140,0.001,0.000,0.000,0.029,6.245,-7.647,-2.405,2.405,-13.481,-13.206
2251,16,-0.334,39.341,-2.140,-0.001,0.001,0.000,0.029,6.245,-7.647,-2.394,2.394,-13.496,-13.221
2252,16,-0.334,39.344,-2.140,-0.001,0.001,0.000,0.029,6.245,-7.647,-2.394,2.394,-13.496,-13.221
2253,16,-0.334,39.344,-2.140,-0.000,0.001,0.000,0.053,6.259,-7.632,-2.399,2.399,-13.501,-13.226
2254,16,-0.334,39.344,-2.140,-0.000,0.001,0.000,0.024,6.292,-7.618,-2.399,2.399,-13.501,-13.226
2255,16,-0.334,39.344,-2.140,0.001,0.000,0.000,0.024,6.292,-7.618,-2.405,2.405,-13.486,-13.211
2256,16,-0.334,39.344,-2.140,0.001,0.000,0.000,0.024,6.292,-7.618,-2.405,2.405,-13.486,-13.211
2257,16,-0.334,39.344,-2.140,-0.001,0.000,0.000,0.043,6.273,-7.632,-2.394,2.394,-13.486,-13.211
2258,16,-0.334,39.344,-2.140,-0.001,0.000,0.000,0.038,6.245,-7.666,-2.394,2.394,-13.486,-13.211
2259,16,-0.334,39.344,-2.140,-0.001,0.000,0.000,0.038,6.245,-7.666,-2.394,2.394,-13.486,-13.211
2260,16,-0.339,39.344,-2.142,-0.001,0.000,0.000,0.038,6.245,-7.666,-2.394,2.394,-13.486,-13.211
2261,16,-0.339,39.344,-2.142,-0.001,0.000,0.000,0.062,6.259,-7.642,-2.393,2.393,-13.487,-13.209
2262,16,-0.339,39.344,-2.142,-0.000,0.000,0.000,0.057,6.297,-7.642,-2.398,2.398,-13.487,-13.209
2263,16,-0.339,39.344,-2.142,-0.000,0.000,0.000,0.057,6.297,-7.642,-2.398,2.398,-13.487,-13.209
2264,16,-0.339,39.344,-2.142,-0.000,0.000,0.000,0.057,6.297,-7.642,-2.398,2.398,-13.487,-13.209
2265,16,-0.339,39.344,-2.142,-0.000,0.000,0.000,0.038,6.278,-7.618,-2.398,2.398,-13.487,-13.209
2266,16,-0.339,39.344,-2.142,-0.000,0.000,0.000,0.048,6.240,-7.637,-2.398,2.398,-13.487,-13.209
2267,16,-0.339,39.344,-2.142,-0.000,0.000,0.000,0.048,6.240,-7.637,-2.398,2.398,-13.487,-13.209
2268,16,-0.339,39.344,-2.142,-0.000,0.000,0.000,0.048,6.240,-7.637,-2.398,2.398,-13.487,-13.209
2269,16,-0.339,39.344,-2.142,-0.000,0.000,0.000,0.029,6.269,-7.651,-2.398,2.398,-13.487,-13.209
2270,16,-0.339,39.344,-2.142,-0.000,0.000,0.000,0.029,6.273,-7.637,-2.398,2.398,-13.487,-13.209
2271,16,-0.339,39.344,-2.142,-0.000,0.000,0.000,0.029,6.273,-7.637,-2.398,2.398,-13.487,-13.209
2272,16,-0.339,39.344,-2.142,-0.000,0.000,0.000,0.029,6.273,-7.637,-2.398,2.398,-13.487,-13.209
2273,16,-0.339,39.344,-2.142,-0.000,0.000,0.000,0.043,6.259,-7.632,-2.398,2.398,-13.487,-13.209
2274,16,-0.339,39.344,-2.142,-0.000,0.000,0.000,0.038,6.264,-7.647,-2.398,2.398,-13.487,-13.209
2275,16,-0.339,39.344,-2.142,-0.000,0.000,0.000,0.038,6.264,-7.647,-2.398,2.398,-13.487,-13.209
2276,16,-0.339,39.344,-2.142,-0.000,0.000,0.000,0.038,6.264,-7.647,-2.398,2.398,-13.487,-13.209
2277,16,-0.339,39.344,-2.142,-0.000,0.000,0.000,0.053,6.254,-7.637,-2.398,2.398,-13.487,-13.209
2278,16,-0.339,39.344,-2.142,-0.000,0.000,0.000,0.077,6.269,-7.651,-2.398,2.398,-13.487,-13.209
2279,16,-0.339,39.344,-2.142,-0.000,0.000,0.000,0.077,6.269,-7.651,-2.398,2.398,-13.487,-13.209
2280,16,-0.339,39.344,-2.142,-0.000,0.000,0.000,0.077,6.269,-7.651,-2.398,2.398,-13.487,-13.209
2281,16,-0.339,39.344,-2.142,-0.000,0.000,0.000,0.062,6.264,-7.647,-2.398,2.398,-13.487,-13.209
2282,16,-0.339,39.344,-2.142,-0.000,0.000,0.000,0.043,6.249,-7.632,-2.398,2.398,-13.487,-13.209
2283,16,-0.339,39.344,-2.142,-0.000,0.000,0.000,0.043,6.249,-7.632,-2.398,2.398,-13.487,-13.209
2284,16,-0.339,39.344,-2.142,-0.000,0.000,0.000,0.043,6.249,-7.632,-2.398,2.398,-13.487,-13.209
2285,16,-0.339,39.344,-2.142,-0.000,0.000,0.000,0.053,6.269,-7.632,-2.398,2.398,-13.487,-13.209
2286,16,-0.339,39.344,-2.142,-0.000,0.000,0.000,0.019,6.254,-7.637,-2.398,2.398,-13.487,-13.209
2287,16,-0.339,39.344,-2.142,-0.000,0.000,0.000,0.019,6.254,-7.637,-2.398,2.398,-13.487,-13.209
2288,16,-0.339,39.344,-2.142,-0.000,0.000,0.000,0.019,6.254,-7.637,-2.398,2.398,-13.487,-13.209
2289,16,-0.339,39.344,-2.142,-0.000,0.000,0.000,0.024,6.254,-7.656,-2.398,2.398,-13.487,-13.209
2290,16,-0.339,39.344,-2.142,-0.000,0.000,0.000,0.033,6.259,-7.647,-2.398,2.398,-13.487,-13.209
2291,16,-0.339,39.344,-2.142,-0.000,0.000,0.000,0.033,6.259,-7.647,-2.398,2.398,-13.487,-13.209
2292,16,-0.339,39.344,-2.142,-0.000,0.000,0.000,0.033,6.259,-7.647,-2.398,2.398,-13.487,-13.209
2293,16,-0.339,39.344,-2.142,-0.000,0.000,0.000,0.067,6.273,-7.632,-2.398,2.398,-13.487,-13.209
2294,16,-0.339,39.344,-2.142,-0.000,0.000,0.000,0.067,6.264,-7.656,-2.398,2.398,-13.487,-13.209
2295,16,-0.339,39.344,-2.142,-0.000,0.000,0.000,0.067,6.264,-7.656,-2.398,2.398,-13.487,-13.209
2296,16,-0.339,39.344,-2.142,-0.000,0.000,0.000,0.067,6.264,-7.656,-2.398,2.398,-13.487,-13.209
2297,16,-0.339,39.344,-2.142,-0.000,0.000,0.000,0.057,6.259,-7.656,-2.398,2.398,-13.487,-13.209
2324,16,-0.338,39.341,-2.142,-0.001,-0.001,0.000,0.048,6.259,-7.637,-2.393,2.393,-13.467,-13.189
2325,16,-0.338,39.341,-2.142,-0.000,-0.000,0.000,0.072,6.235,-7.651,-2.398,2.398,-13.483,-13.204
2326,16,-0.338,39.341,-2.142,-0.000,-0.000,0.000,0.081,6.269,-7.661,-2.398,2.398,-13.483,-13.204
2327,16,-0.338,39.341,-2.142,0.001,0.001,0.000,0.081,6.269,-7.661,-2.403,2.403,-13.498,-13.220
2328,16,-0.339,39.344,-2.142,0.001,0.001,0.000,0.081,6.269,-7.661,-2.403,2.403,-13.503,-13.224
2329,16,-0.334,39.344,-2.140,0.002,0.000,0.000,0.072,6.269,-7.632,-2.410,2.410,-13.486,-13.211
2330,16,-0.334,39.344,-2.140,0.002,0.000,0.000,0.033,6.273,-7.632,-2.410,2.410,-13.486,-13.211
2331,16,-0.334,39.344,-2.140,0.004,0.000,0.000,0.033,6.273,-7.632,-2.421,2.421,-13.486,-13.211
2332,16,-0.332,39.344,-2.143,0.004,0.000,0.000,0.033,6.273,-7.632,-2.422,2.422,-13.485,-13.212
2333,16,-0.332,39.344,-2.143,0.000,0.000,0.000,-0.005,6.249,-7.651,-2.400,2.400,-13.485,-13.212
2334,16,-0.332,39.344,-2.143,0.000,0.000,0.000,0.010,6.245,-7.656,-2.400,2.400,-13.485,-13.212
2335,16,-0.332,39.344,-2.143,0.000,0.000,0.000,0.010,6.245,-7.656,-2.400,2.400,-13.485,-13.212
2336,16,-0.331,39.341,-2.143,0.000,0.000,0.000,0.010,6.245,-7.656,-2.400,2.400,-13.485,-13.212
2337,16,-0.330,39.341,-2.138,-0.002,0.000,0.000,0.019,6.264,-7.647,-2.390,2.390,-13.479,-13.208
2338,16,-0.330,39.341,-2.138,-0.002,0.000,0.000,0.062,6.259,-7.637,-2.390,2.390,-13.479,-13.208
2339,16,-0.330,39.341,-2.138,-0.000,0.000,0.000,0.062,6.259,-7.637,-2.401,2.401,-13.479,-13.208
2340,16,-0.330,39.341,-2.138,-0.000,0.000,0.000,0.062,6.259,-7.637,-2.401,2.401,-13.479,-13.208
2341,16,-0.330,39.341,-2.138,-0.000,0.000,0.000,0.096,6.273,-7.642,-2.401,2.401,-13.479,-13.208
2342,16,-0.330,39.341,-2.138,-0.000,0.000,0.000,0.077,6.259,-7.661,-2.401,2.401,-13.479,-13.208
2343,16,-0.330,39.341,-2.138,-0.000,0.000,0.000,0.077,6.259,-7.661,-2.401,2.401,-13.479,-13.208
2344,16,-0.330,39.341,-2.138,-0.000,0.000,0.000,0.077,6.259,-7.661,-2.401,2.401,-13.479,-13.208
2345,16,-0.330,39.341,-2.138,0.002,0.000,0.000,0.072,6.254,-7.647,-2.411,2.411,-13.479,-13.208
2346,16,-0.331,39.341,-2.143,0.002,0.000,0.000,0.033,6.283,-7.637,-2.411,2.411,-13.480,-13.207
2347,16,-0.331,39.341,-2.143,0.003,0.001,0.000,0.033,6.283,-7.637,-2.416,2.416,-13.495,-13.223
2348,16,-0.327,39.341,-2.141,0.003,0.001,0.000,0.033,6.283,-7.637,-2.417,2.417,-13.494,-13.224
2349,16,-0.327,39.341,-2.141,0.002,0.000,0.000,0.000,6.259,-7.632,-2.412,2.412,-13.478,-13.209
2350,16,-0.327,39.341,-2.141,0.002,0.000,0.000,0.005,6.273,-7.628,-2.412,2.412,-13.478,-13.209
2351,16,-0.327,39.341,-2.141,0.000,0.000,0.000,0.005,6.273,-7.628,-2.401,2.401,-13.478,-13.209
2352,16,-0.327,39.341,-2.141,0.000,0.000,0.000,0.005,6.273,-7.628,-2.401,2.401,-13.478,-13.209
2353,16,-0.327,39.341,-2.141,-0.001,0.000,0.000,0.024,6.254,-7.647,-2.396,2.396,-13.478,-13.209
2354,16,-0.327,39.341,-2.141,-0.001,0.000,0.000,0.033,6.254,-7.637,-2.396,2.396,-13.478,-13.209
2355,16,-0.327,39.341,-2.141,-0.000,0.001,0.000,0.033,6.254,-7.637,-2.401,2.401,-13.494,-13.224
2356,16,-0.323,39.344,-2.140,-0.000,0.001,0.000,0.033,6.254,-7.637,-2.401,2.401,-13.498,-13.229
2357,16,-0.323,39.344,-2.140,-0.000,0.000,0.000,0.072,6.273,-7.647,-2.403,2.403,-13.481,-13.216
2358,16,-0.323,39.344,-2.140,-0.000,0.000,0.000,0.096,6.264,-7.637,-2.403,2.403,-13.481,-13.216
2359,16,-0.323,39.344,-2.140,0.001,0.000,0.000,0.096,6.264,-7.637,-2.408,2.408,-13.481,-13.216
2360,16,-0.323,39.344,-2.140,0.001,0.000,0.000,0.096,6.264,-7.637,-2.408,2.408,-13.481,-13.216
2361,16,-0.323,39.344,-2.140,0.001,0.000,0.000,0.053,6.254,-7.661,-2.408,2.408,-13.481,-13.216
2362,16,-0.323,39.344,-2.140,0.001,0.000,0.000,0.067,6.249,-7.661,-2.408,2.408,-13.481,-13.216
2363,16,-0.323,39.344,-2.140,0.002,0.000,0.000,0.067,6.249,-7.661,-2.413,2.413,-13.481,-13.216
2364,16,-0.320,39.341,-2.142,0.002,0.000,0.000,0.067,6.249,-7.661,-2.413,2.413,-13.477,-13.210
2365,16,-0.320,39.341,-2.142,0.001,0.000,0.000,0.005,6.259,-7.632,-2.409,2.409,-13.476,-13.212
2366,16,-0.320,39.341,-2.142,0.001,0.000,0.000,0.010,6.273,-7.637,-2.409,2.409,-13.476,-13.212
2367,16,-0.320,39.341,-2.142,0.000,0.000,0.000,0.010,6.273,-7.637,-2.404,2.404,-13.476,-13.212
2368,16,-0.320,39.341,-2.142,0.000,0.000,0.000,0.010,6.273,-7.637,-2.404,2.404,-13.476,-13.212
2369,16,-0.320,39.341,-2.142,0.000,0.000,0.000,0.029,6.264,-7.642,-2.404,2.404,-13.476,-13.212
2370,16,-0.320,39.341,-2.142,0.000,0.000,0.000,0.033,6.249,-7.637,-2.404,2.404,-13.476,-13.212
2371,16,-0.320,39.341,-2.142,-0.001,0.000,0.000,0.033,6.249,-7.637,-2.398,2.398,-13.476,-13.212
2372,16,-0.320,39.341,-2.142,-0.001,0.000,0.000,0.033,6.249,-7.637,-2.398,2.398,-13.476,-13.212
2373,16,-0.320,39.341,-2.142,-0.000,0.001,0.000,0.077,6.264,-7.661,-2.404,2.404,-13.491,-13.227
2374,16,-0.320,39.341,-2.142,-0.000,0.001,0.000,0.077,6.264,-7.628,-2.404,2.404,-13.491,-13.227
2375,16,-0.320,39.341,-2.142,-0.000,0.001,0.000,0.077,6.264,-7.628,-2.404,2.404,-13.491,-13.227
2376,16,-0.320,39.344,-2.142,-0.000,0.001,0.000,0.077,6.264,-7.628,-2.404,2.404,-13.496,-13.232
2377,16,-0.320,39.344,-2.142,0.001,0.000,0.000,0.091,6.264,-7.618,-2.409,2.409,-13.480,-13.217
2378,16,-0.320,39.344,-2.142,0.001,0.000,0.000,0.091,6.278,-7.642,-2.409,2.409,-13.480,-13.217
2379,16,-0.320,39.344,-2.142,0.002,0.000,0.000,0.043,6.278,-7.642,-2.414,2.414,-13.480,-13.217
2380,16,-0.320,39.344,-2.142,0.002,0.000,0.000,0.043,6.278,-7.642,-2.414,2.414,-13.480,-13.217
2381,16,-0.320,39.344,-2.142,0.002,0.000,0.000,0.019,6.249,-7.647,-2.414,2.414,-13.480,-13.217
2382,16,-0.316,39.344,-2.141,0.002,0.000,0.000,0.019,6.273,-7.628,-2.416,2.416,-13.479,-13.219
2383,16,-0.316,39.344,-2.141,0.000,0.000,0.000,0.000,6.273,-7.628,-2.405,2.405,-13.479,-13.219
2384,16,-0.316,39.344,-2.141,0.000,0.000,0.000,0.000,6.273,-7.628,-2.405,2.405,-13.479,-13.219
2385,16,-0.316,39.344,-2.141,0.000,0.000,0.000,0.019,6.273,-7.632,-2.405,2.405,-13.479,-13.219
2386,16,-0.316,39.344,-2.141,0.000,0.000,0.000,0.019,6.269,-7.642,-2.405,2.405,-13.479,-13.219
2387,16,-0.316,39.344,-2.141,-0.001,0.000,0.000,0.053,6.269,-7.642,-2.400,2.400,-13.479,-13.219
2388,16,-0.320,39.344,-2.142,-0.001,0.000,0.000,0.053,6.269,-7.642,-2.400,2.400,-13.479,-13.219
2389,16,-0.320,39.344,-2.142,-0.000,0.000,0.000,0.062,6.254,-7.651,-2.404,2.404,-13.480,-13.217
2390,16,-0.320,39.344,-2.142,-0.000,0.000,0.000,0.062,6.254,-7.666,-2.404,2.404,-13.480,-13.217
2391,16,-0.320,39.344,-2.142,-0.000,0.000,0.000,0.086,6.254,-7.666,-2.404,2.404,-13.480,-13.217
2392,16,-0.320,39.344,-2.142,-0.000,0.000,0.000,0.086,6.254,-7.666,-2.404,2.404,-13.480,-13.217
2393,16,-0.320,39.344,-2.142,-0.000,0.001,0.000,0.067,6.269,-7.642,-2.404,2.404,-13.496,-13.232
2394,16,-0.320,39.344,-2.142,-0.000,0.001,0.000,0.067,6.269,-7.642,-2.404,2.404,-13.496,-13.232
2395,16,-0.320,39.344,-2.142,-0.000,0.001,0.000,0.053,6.254,-7.642,-2.404,2.404,-13.496,-13.232
2396,16,-0.322,39.344,-2.147,0.001,0.000,0.000,0.053,6.254,-7.642,-2.409,2.409,-13.480,-13.217
2397,16,-0.322,39.344,-2.147,0.001,0.000,0.000,0.019,6.269,-7.642,-2.408,2.408,-13.481,-13.216
2398,16,-0.322,39.344,-2.147,0.001,0.000,0.000,0.019,6.269,-7.642,-2.408,2.408,-13.481,-13.216
2399,16,-0.322,39.344,-2.147,0.001,0.000,0.000,0.010,6.269,-7.647,-2.408,2.408,-13.481,-13.216
2400,16,-0.318,39.344,-2.145,0.001,0.001,0.000,0.010,6.269,-7.647,-2.410,2.410,-13.495,-13.233
2401,16,-0.318,39.344,-2.145,0.000,0.000,0.000,0.038,6.249,-7.647,-2.404,2.404,-13.479,-13.218
2402,16,-0.318,39.344,-2.145,0.000,0.000,0.000,0.038,6.249,-7.642,-2.404,2.404,-13.479,-13.218
2403,16,-0.318,39.344,-2.145,0.000,0.000,0.000,0.043,6.269,-7.623,-2.404,2.404,-13.479,-13.218
2404,16,-0.318,39.344,-2.145,0.000,0.000,0.000,0.043,6.269,-7.623,-2.404,2.404,-13.479,-13.218
2405,16,-0.318,39.344,-2.145,0.000,0.000,0.000,0.062,6.278,-7.623,-2.404,2.404,-13.479,-13.218
2406,16,-0.318,39.344,-2.145,0.000,0.000,0.000,0.062,6.278,-7.642,-2.404,2.404,-13.479,-13.218
2407,16,-0.318,39.344,-2.145,0.000,0.000,0.000,0.067,6.259,-7.637,-2.404,2.404,-13.479,-13.218
2408,16,-0.318,39.344,-2.145,0.001,0.000,0.000,0.067,6.259,-7.637,-2.410,2.410,-13.479,-13.218
2409,16,-0.318,39.344,-2.145,0.001,0.000,0.000,0.072,6.254,-7.637,-2.410,2.410,-13.479,-13.218
2410,16,-0.318,39.344,-2.145,0.001,0.000,0.000,0.072,6.254,-7.651,-2.410,2.410,-13.479,-13.218
2411,16,-0.318,39.344,-2.145,0.001,0.000,0.000,0.038,6.273,-7.628,-2.410,2.410,-13.479,-13.218
2412,16,-0.318,39.344,-2.145,0.001,0.000,0.000,0.038,6.273,-7.628,-2.410,2.410,-13.479,-13.218
2413,16,-0.318,39.344,-2.145,0.002,0.000,0.000,0.053,6.269,-7.628,-2.415,2.415,-13.479,-13.218
2414,16,-0.315,39.344,-2.148,0.002,0.000,0.000,0.053,6.269,-7.623,-2.416,2.416,-13.478,-13.219
2415,16,-0.315,39.344,-2.148,0.002,0.000,0.000,0.033,6.259,-7.647,-4.666,4.666,-13.478,-13.219
2416,16,-0.315,39.344,-2.148,0.001,0.000,0.000,0.033,6.259,-7.647,-4.661,4.661,-13.478,-13.219
2417,16,-0.315,39.344,-2.148,0.001,0.000,0.000,0.019,6.259,-7.647,-4.661,4.661,-13.478,-13.219
2418,16,-0.315,39.344,-2.148,0.001,0.000,0.000,0.019,6.259,-7.637,-4.661,4.661,-13.478,-13.219
2419,16,-0.315,39.344,-2.148,0.001,0.000,0.000,0.029,6.273,-7.661,-4.661,4.661,-13.478,-13.219
2420,16,-0.315,39.344,-2.148,-0.001,0.000,0.000,0.029,6.273,-7.661,-4.650,4.650,-13.478,-13.219
2421,16,-0.315,39.344,-2.148,-0.000,0.000,0.000,0.029,6.264,-7.661,-4.655,4.655,-13.478,-13.219
2422,16,-0.315,39.344,-2.148,-0.000,0.000,0.000,0.029,6.264,-7.647,-4.655,4.655,-13.478,-13.219
2423,16,-0.315,39.344,-2.148,-0.000,0.000,0.000,0.067,6.273,-7.637,-4.655,4.655,-13.478,-13.219
2424,16,-0.315,39.344,-2.148,-0.000,0.000,0.000,0.067,6.273,-7.637,-4.655,4.655,-13.478,-13.219
2425,16,-0.315,39.344,-2.148,-0.000,0.000,0.000,0.062,6.264,-7.637,-4.655,4.655,-13.478,-13.219
2426,16,-0.315,39.344,-2.148,-0.000,0.000,0.000,0.062,6.264,-7.632,-4.655,4.655,-13.478,-13.219
2427,16,-0.315,39.344,-2.148,-0.000,0.000,0.000,0.043,6.259,-7.647,-4.655,4.655,-13.478,-13.219
2428,16,-0.315,39.344,-2.148,-0.000,0.000,0.000,0.043,6.259,-7.647,-4.655,4.655,-13.478,-13.219
2429,16,-0.315,39.344,-2.148,0.003,0.000,0.000,0.077,6.273,-7.647,-4.671,4.671,-13.478,-13.219
2430,16,-0.311,39.348,-2.146,0.003,0.001,0.000,0.077,6.273,-7.623,-4.672,4.672,-13.497,-13.241
2431,16,-0.311,39.348,-2.146,0.003,0.001,0.000,0.000,6.292,-7.604,-4.672,4.672,-13.497,-13.241
2432,16,-0.316,39.348,-2.141,-0.007,-0.001,-0.009,0.000,6.292,-7.604,-4.512,4.512,-13.254,-13.422
2444,16,-0.306,39.344,-2.145,-0.015,-0.015,-0.011,0.000,6.245,-7.651,-4.452,4.452,-12.998,-13.284
2445,16,-0.305,39.341,-2.141,-0.015,-0.015,0.003,0.053,6.259,-7.651,-4.624,4.624,-13.336,-12.926
2446,16,-0.306,39.340,-2.145,0.002,-0.004,0.003,0.053,6.259,-7.637,-4.708,4.708,-13.487,-13.076
2447,16,-0.306,39.337,-2.145,0.002,-0.004,0.003,0.057,6.197,-7.666,-4.708,4.708,-13.483,-13.071
2448,16,-0.303,39.337,-2.147,0.005,-0.000,0.004,0.057,6.197,-7.666,-4.739,4.739,-13.569,-13.107
2449,16,-0.305,39.337,-2.152,0.005,-0.000,-0.001,0.024,6.273,-7.666,-4.671,4.671,-13.437,-13.239
2450,16,-0.305,39.337,-2.152,0.000,-0.003,-0.001,0.024,6.273,-7.632,-4.645,4.645,-13.391,-13.194
2451,16,-0.305,39.337,-2.152,0.000,-0.003,-0.001,0.014,6.307,-7.637,-4.645,4.645,-13.391,-13.194
2452,16,-0.305,39.333,-2.152,0.001,-0.002,0.000,0.014,6.307,-7.637,-4.664,4.664,-13.428,-13.177
2453,16,-0.305,39.333,-2.152,0.001,-0.002,0.001,0.043,6.245,-7.637,-4.677,4.677,-13.455,-13.151
2469,16,-0.310,39.330,-2.157,-0.000,0.000,0.000,0.048,6.283,-7.628,-4.656,4.656,-13.456,-13.201
2470,16,-0.310,39.330,-2.157,-0.001,0.000,0.000,0.048,6.283,-7.623,-4.651,4.651,-13.456,-13.201
2471,16,-0.310,39.330,-2.157,-0.001,0.000,0.000,0.053,6.235,-7.637,-4.651,4.651,-13.456,-13.201
2475,16,-0.312,39.330,-2.162,0.000,0.000,0.002,0.067,6.273,-7.647,-4.683,4.683,-13.510,-13.147
2476,16,-0.312,39.333,-2.162,-0.002,0.002,-0.002,0.067,6.273,-7.647,-4.619,4.619,-13.438,-13.288
2477,16,-0.311,39.333,-2.157,-0.002,0.002,-0.002,0.024,6.264,-7.647,-4.619,4.619,-13.438,-13.289
2478,16,-0.312,39.333,-2.162,0.001,-0.001,0.000,0.024,6.264,-7.637,-4.661,4.661,-13.446,-13.190
2479,16,-0.312,39.333,-2.162,0.001,-0.001,0.000,0.048,6.269,-7.618,-4.661,4.661,-13.446,-13.190
2486,16,-0.312,39.333,-2.162,-0.003,0.001,0.001,0.024,6.292,-7.613,-4.653,4.653,-13.503,-13.193
2487,16,-0.316,39.333,-2.163,-0.003,0.001,0.001,0.033,6.254,-7.632,-4.652,4.652,-13.505,-13.191
2488,16,-0.316,39.336,-2.163,-0.001,0.000,0.000,0.033,6.254,-7.632,-4.649,4.649,-13.468,-13.208
2491,16,-0.316,39.336,-2.163,-0.000,0.000,0.000,0.038,6.269,-7.661,-4.655,4.655,-13.468,-13.208
2492,16,-0.315,39.336,-2.159,-0.002,0.000,0.000,0.038,6.269,-7.661,-4.645,4.645,-13.467,-13.208
2493,16,-0.315,39.336,-2.159,-0.002,0.000,0.000,0.067,6.259,-7.661,-4.645,4.645,-13.467,-13.208
2494,16,-0.316,39.336,-2.163,0.002,0.002,0.002,0.067,6.259,-7.632,-4.692,4.692,-13.551,-13.185
2495,16,-0.317,39.341,-2.163,0.002,0.002,0.000,0.057,6.254,-7.613,-4.665,4.665,-13.505,-13.244
2496,16,-0.317,39.341,-2.163,0.001,0.001,0.000,0.057,6.254,-7.613,-4.660,4.660,-13.489,-13.229
2497,16,-0.317,39.341,-2.163,0.001,0.001,0.000,0.014,6.273,-7.613,-4.660,4.660,-13.489,-13.229
2498,16,-0.321,39.341,-2.165,-0.004,-0.002,0.000,0.014,6.273,-7.647,-4.632,4.632,-13.445,-13.182
2499,16,-0.321,39.338,-2.165,-0.004,-0.002,0.000,0.000,6.254,-7.666,-4.632,4.632,-13.441,-13.177
2500,16,-0.321,39.341,-2.165,-0.001,0.001,0.000,0.000,6.254,-7.666,-4.648,4.648,-13.491,-13.227
2501,16,-0.321,39.341,-2.165,-0.001,0.001,0.000,0.067,6.240,-7.666,-4.648,4.648,-13.491,-13.227
2502,16,-0.321,39.341,-2.165,0.001,0.000,0.000,0.067,6.240,-7.651,-4.659,4.659,-13.476,-13.212
2503,16,-0.321,39.341,-2.165,0.001,0.000,0.000,0.024,6.264,-7.647,-4.659,4.659,-13.476,-13.212
2504,16,-0.321,39.341,-2.165,0.000,0.000,0.000,0.024,6.264,-7.647,-4.653,4.653,-13.476,-13.212
2505,16,-0.321,39.341,-2.165,0.000,0.000,0.000,0.053,6.245,-7.647,-4.653,4.653,-13.476,-13.212
2506,16,-0.321,39.341,-2.165,-0.001,0.001,0.000,0.053,6.245,-7.642,-4.648,4.648,-13.491,-13.227
2507,16,-0.319,39.341,-2.161,-0.001,0.001,0.000,0.077,6.254,-7.651,-4.649,4.649,-13.490,-13.228
2508,16,-0.319,39.336,-2.161,-0.000,-0.002,0.000,0.077,6.254,-7.651,-4.654,4.654,-13.445,-13.182
2509,16,-0.319,39.336,-2.161,-0.000,-0.002,0.000,0.043,6.264,-7.651,-4.654,4.654,-13.438,-13.176
2510,16,-0.319,39.336,-2.161,-0.000,-0.000,0.000,0.043,6.264,-7.647,-4.654,4.654,-13.469,-13.206
2511,16,-0.319,39.336,-2.161,-0.000,-0.000,0.000,0.043,6.221,-7.656,-4.654,4.654,-13.469,-13.206
2512,16,-0.319,39.336,-2.161,-0.000,0.002,0.000,0.043,6.221,-7.656,-4.654,4.654,-13.499,-13.237
2513,16,-0.319,39.336,-2.161,-0.000,0.002,0.000,0.033,6.269,-7.656,-4.654,4.654,-13.499,-13.237
2518,16,-0.319,39.333,-2.160,-0.000,0.001,0.000,0.043,6.240,-7.642,-4.654,4.654,-13.479,-13.217
2519,16,-0.319,39.336,-2.161,-0.000,0.001,0.000,0.043,6.240,-7.671,-4.654,4.654,-13.484,-13.222
2520,16,-0.319,39.333,-2.160,-0.001,-0.001,0.000,0.043,6.240,-7.671,-4.649,4.649,-13.449,-13.187
2521,16,-0.323,39.333,-2.162,-0.001,-0.001,0.000,0.053,6.283,-7.671,-4.647,4.647,-13.450,-13.185
2528,16,-0.323,39.333,-2.162,0.001,0.001,0.000,0.043,6.245,-7.632,-4.658,4.658,-13.481,-13.215
2529,16,-0.323,39.333,-2.162,0.001,0.001,0.000,0.019,6.292,-7.632,-4.658,4.658,-13.481,-13.215
2530,16,-0.323,39.333,-2.162,0.002,0.002,0.000,0.019,6.292,-7.637,-4.663,4.663,-13.496,-13.230
2531,16,-0.319,39.333,-2.160,0.002,0.002,0.000,0.043,6.283,-7.647,-4.665,4.665,-13.494,-13.232
2532,16,-0.319,39.333,-2.160,0.000,0.000,0.000,0.043,6.283,-7.647,-4.654,4.654,-13.464,-13.202
2533,16,-0.319,39.333,-2.160,0.000,0.000,0.000,0.024,6.273,-7.647,-4.654,4.654,-13.464,-13.202
2534,16,-0.323,39.333,-2.162,-0.003,-0.002,0.000,0.024,6.273,-7.608,-4.637,4.637,-13.435,-13.169
2535,16,-0.323,39.333,-2.162,-0.003,-0.002,0.000,0.014,6.225,-7.661,-4.637,4.637,-13.435,-13.169
2536,16,-0.328,39.333,-2.164,-0.003,0.002,0.000,0.014,6.225,-7.661,-4.635,4.635,-13.498,-13.228
2537,16,-0.326,39.333,-2.159,-0.003,0.002,0.000,0.057,6.254,-7.661,-4.636,4.636,-13.497,-13.229
2538,16,-0.326,39.333,-2.159,-0.001,0.000,0.000,0.057,6.254,-7.666,-4.646,4.646,-13.467,-13.199
2539,16,-0.326,39.333,-2.159,-0.001,0.000,0.000,0.072,6.297,-7.637,-4.646,4.646,-13.467,-13.199
2540,16,-0.328,39.333,-2.164,0.002,0.001,0.000,0.072,6.297,-7.637,-4.662,4.662,-13.482,-13.214
2541,16,-0.323,39.333,-2.162,0.002,0.001,0.000,0.043,6.273,-7.637,-4.663,4.663,-13.481,-13.215
2542,16,-0.323,39.333,-2.162,0.001,0.000,0.000,0.043,6.273,-7.618,-4.658,4.658,-13.466,-13.200
2543,16,-0.323,39.333,-2.162,0.001,0.000,0.000,0.038,6.240,-7.647,-4.658,4.658,-13.466,-13.200
2544,16,-0.323,39.333,-2.162,0.000,0.000,0.000,0.038,6.240,-7.647,-4.653,4.653,-13.466,-13.200
2545,16,-0.323,39.333,-2.162,0.000,0.000,0.000,0.024,6.221,-7.647,-4.653,4.653,-13.466,-13.200
2546,16,-0.323,39.333,-2.162,0.001,0.000,0.000,0.024,6.221,-7.675,-4.658,4.658,-13.466,-13.200
2547,16,-0.323,39.333,-2.162,0.001,0.000,0.000,0.024,6.259,-7.661,-4.658,4.658,-13.466,-13.200
2548,16,-0.323,39.333,-2.162,-0.001,-0.002,0.000,0.024,6.259,-7.661,-4.647,4.647,-13.435,-13.169
2549,16,-0.323,39.330,-2.162,-0.001,-0.002,0.000,0.024,6.288,-7.661,-4.647,4.647,-13.430,-13.165
2550,16,-0.323,39.330,-2.162,-0.000,0.001,0.000,0.024,6.288,-7.651,-4.653,4.653,-13.476,-13.210
2551,16,-0.323,39.333,-2.162,-0.000,0.001,0.000,0.029,6.221,-7.651,-4.653,4.653,-13.481,-13.215
2552,16,-0.323,39.333,-2.162,-0.000,0.002,0.000,0.029,6.221,-7.651,-4.653,4.653,-13.496,-13.230
2553,16,-0.322,39.333,-2.158,-0.000,0.002,0.000,0.091,6.240,-7.651,-4.653,4.653,-13.495,-13.231
2554,16,-0.322,39.333,-2.158,-0.001,-0.001,0.000,0.091,6.240,-7.661,-4.648,4.648,-13.450,-13.185
2555,16,-0.322,39.330,-2.158,-0.001,-0.001,0.000,0.014,6.297,-7.642,-4.648,4.648,-13.445,-13.181
2556,16,-0.326,39.333,-2.159,-0.003,0.002,0.000,0.014,6.297,-7.642,-4.637,4.637,-13.495,-13.231
2557,16,-0.326,39.333,-2.159,-0.003,0.002,0.000,0.081,6.230,-7.642,-4.636,4.636,-13.497,-13.229
2558,16,-0.326,39.333,-2.159,0.001,0.001,0.000,0.081,6.230,-7.637,-4.657,4.657,-13.482,-13.214
2559,16,-0.326,39.333,-2.159,0.001,0.001,0.000,0.057,6.249,-7.628,-4.657,4.657,-13.482,-13.214
2560,16,-0.326,39.333,-2.159,0.000,0.000,0.000,0.057,6.249,-7.628,-4.652,4.652,-13.467,-13.199
2561,16,-0.326,39.333,-2.159,0.000,0.000,0.000,0.000,6.273,-7.628,-4.652,4.652,-13.467,-13.199
2562,16,-0.326,39.333,-2.159,0.000,0.001,0.000,0.000,6.273,-7.647,-4.652,4.652,-13.482,-13.214
2563,16,-0.326,39.333,-2.159,0.000,0.001,0.000,0.043,6.245,-7.671,-4.652,4.652,-13.482,-13.214
2564,16,-0.322,39.333,-2.158,0.001,0.000,0.000,0.043,6.245,-7.671,-4.658,4.658,-13.465,-13.201
2565,16,-0.322,39.333,-2.158,0.001,0.000,0.000,0.033,6.269,-7.671,-4.658,4.658,-13.465,-13.201
2566,16,-0.322,39.333,-2.158,0.000,-0.001,0.000,0.033,6.269,-7.623,-4.653,4.653,-13.450,-13.185
2567,16,-0.322,39.330,-2.158,0.000,-0.001,0.000,0.010,6.269,-7.637,-4.653,4.653,-13.445,-13.181
2568,16,-0.326,39.333,-2.159,-0.002,0.001,0.000,0.010,6.269,-7.637,-4.642,4.642,-13.475,-13.211
2569,16,-0.326,39.333,-2.159,-0.002,0.001,0.000,0.038,6.264,-7.637,-4.641,4.641,-13.482,-13.214
2570,16,-0.326,39.333,-2.159,-0.001,0.000,0.000,0.038,6.264,-7.642,-4.646,4.646,-13.467,-13.199
2571,16,-0.326,39.333,-2.159,-0.001,0.000,0.000,0.086,6.240,-7.661,-4.646,4.646,-13.467,-13.199
2572,16,-0.326,39.333,-2.159,-0.000,0.000,0.000,0.086,6.240,-7.661,-4.652,4.652,-13.467,-13.199
2575,16,-0.326,39.330,-2.159,-0.000,0.000,0.000,0.033,6.240,-7.647,-4.652,4.652,-13.462,-13.194
2576,16,-0.322,39.330,-2.158,0.002,0.000,0.000,0.072,6.273,-7.628,-4.652,4.652,-13.462,-13.194
2579,16,-0.322,39.330,-2.158,0.002,0.001,0.000,0.033,6.264,-7.642,-4.664,4.664,-13.475,-13.211
2580,16,-0.322,39.330,-2.158,0.000,-0.001,0.000,0.010,6.254,-7.661,-4.664,4.664,-13.475,-13.211
2581,16,-0.322,39.330,-2.158,0.000,-0.001,0.000,0.010,6.254,-7.661,-4.653,4.653,-13.445,-13.181
2582,16,-0.322,39.330,-2.158,0.000,0.002,0.000,0.033,6.245,-7.666,-4.653,4.653,-13.491,-13.226
2586,16,-0.322,39.333,-2.158,0.001,-0.001,0.000,0.072,6.292,-7.628,-4.658,4.658,-13.450,-13.185
2587,16,-0.318,39.333,-2.156,0.001,-0.001,0.000,0.072,6.292,-7.628,-4.660,4.660,-13.448,-13.187
2588,16,-0.322,39.330,-2.158,-0.003,-0.001,0.000,0.038,6.288,-7.637,-4.660,4.660,-13.443,-13.183
2589,16,-0.322,39.330,-2.158,-0.003,-0.001,0.000,0.038,6.288,-7.637,-4.637,4.637,-13.445,-13.181
2590,16,-0.322,39.330,-2.158,0.001,0.001,0.000,0.057,6.245,-7.628,-4.658,4.658,-13.475,-13.211
2591,16,-0.322,39.330,-2.158,0.001,0.001,0.000,0.057,6.245,-7.628,-4.658,4.658,-13.475,-13.211
2592,16,-0.322,39.330,-2.158,0.000,0.000,0.000,0.062,6.235,-7.666,-4.658,4.658,-13.475,-13.211
2593,16,-0.322,39.330,-2.158,0.000,0.000,0.000,0.062,6.235,-7.666,-4.653,4.653,-13.460,-13.196
2594,16,-0.322,39.330,-2.158,0.000,0.000,0.000,0.043,6.278,-7.637,-4.653,4.653,-13.460,-13.196
2595,16,-0.322,39.330,-2.158,0.000,0.000,0.000,0.043,6.278,-7.637,-4.653,4.653,-13.460,-13.196
2596,16,-0.322,39.330,-2.158,0.000,0.000,0.000,0.000,6.278,-7.642,-4.653,4.653,-13.460,-13.196
2597,16,-0.322,39.330,-2.158,0.000,0.000,0.000,0.000,6.278,-7.642,-4.653,4.653,-13.460,-13.196
2598,16,-0.322,39.330,-2.158,-0.001,0.000,0.000,0.048,6.254,-7.632,-4.648,4.648,-13.460,-13.196
2599,16,-0.322,39.330,-2.158,-0.001,0.000,0.000,0.048,6.254,-7.632,-4.648,4.648,-13.460,-13.196
2600,16,-0.326,39.330,-2.159,-0.003,0.000,0.000,-0.029,6.235,-7.656,-4.648,4.648,-13.460,-13.196
2601,16,-0.324,39.330,-2.155,-0.003,0.000,0.000,-0.029,6.235,-7.656,-4.636,4.636,-13.461,-13.195
2602,16,-0.324,39.330,-2.155,-0.000,0.000,0.000,0.057,6.297,-7.637,-4.652,4.652,-13.461,-13.195
2603,16,-0.324,39.330,-2.155,-0.000,0.000,0.000,0.057,6.297,-7.637,-4.652,4.652,-13.461,-13.195
2604,16,-0.324,39.330,-2.155,-0.001,0.001,0.000,0.062,6.259,-7.642,-4.652,4.652,-13.461,-13.195
2605,16,-0.325,39.333,-2.155,-0.001,0.001,0.000,0.062,6.259,-7.642,-4.647,4.647,-13.481,-13.215
2606,16,-0.325,39.333,-2.155,-0.003,-0.001,0.000,0.053,6.240,-7.642,-4.636,4.636,-13.451,-13.184
2607,16,-0.329,39.330,-2.156,-0.003,-0.001,0.000,0.053,6.240,-7.642,-4.635,4.635,-13.448,-13.178
2608,16,-0.324,39.330,-2.155,0.004,-0.000,0.000,0.105,6.269,-7.656,-4.635,4.635,-13.448,-13.178
2609,16,-0.324,39.330,-2.155,0.004,-0.000,0.000,0.105,6.269,-7.656,-4.674,4.674,-13.461,-13.195
2610,16,-0.324,39.330,-2.155,0.000,-0.000,0.000,-0.005,6.254,-7.675,-4.652,4.652,-13.461,-13.195
2611,16,-0.324,39.330,-2.155,0.000,-0.000,0.000,-0.005,6.254,-7.675,-4.652,4.652,-13.461,-13.195
2612,16,-0.320,39.330,-2.153,0.003,-0.002,0.000,0.038,6.273,-7.623,-4.652,4.652,-13.461,-13.195
2613,16,-0.322,39.329,-2.158,0.003,-0.002,0.000,0.038,6.273,-7.623,-4.669,4.669,-13.428,-13.164
2614,16,-0.322,39.325,-2.158,-0.003,-0.000,0.000,0.014,6.254,-7.623,-4.637,4.637,-13.454,-13.190
2615,16,-0.320,39.325,-2.153,-0.003,-0.000,0.000,0.014,6.254,-7.623,-4.638,4.638,-13.453,-13.190
2616,16,-0.324,39.325,-2.155,-0.004,-0.000,0.000,-0.038,6.240,-7.651,-4.636,4.636,-13.455,-13.188
2617,16,-0.329,39.325,-2.156,-0.004,-0.000,0.000,-0.038,6.240,-7.651,-4.630,4.630,-13.456,-13.187
2618,16,-0.324,39.325,-2.155,0.003,-0.000,0.005,0.110,6.269,-7.675,-4.735,4.735,-13.588,-13.055
2619,16,-0.326,39.325,-2.159,0.003,-0.000,0.005,0.110,6.269,-7.675,-4.734,4.734,-13.588,-13.055
2620,16,-0.327,39.325,-2.163,-0.001,-0.001,0.003,0.033,6.264,-7.651,-4.734,4.734,-13.589,-13.054
2621,16,-0.332,39.325,-2.165,-0.001,-0.001,0.003,0.033,6.264,-7.651,-4.685,4.685,-13.522,-13.090
2622,16,-0.332,39.325,-2.165,-0.003,-0.001,-0.002,0.048,6.302,-7.599,-4.607,4.607,-13.389,-13.223
2623,16,-0.332,39.325,-2.165,-0.003,0.002,-0.002,0.048,6.302,-7.599,-4.607,4.607,-13.435,-13.269
2624,16,-0.330,39.330,-2.161,-0.000,0.001,0.000,0.096,6.249,-7.647,-4.608,4.608,-13.439,-13.274
2625,16,-0.330,39.330,-2.161,-0.000,0.001,0.000,0.096,6.249,-7.647,-4.650,4.650,-13.479,-13.207
2626,16,-0.330,39.330,-2.161,0.001,0.001,0.001,0.029,6.245,-7.656,-4.669,4.669,-13.505,-13.181
2627,16,-0.332,39.330,-2.165,0.001,-0.001,0.001,0.029,6.245,-7.656,-4.669,4.669,-13.475,-13.150
2628,16,-0.332,39.330,-2.165,0.000,-0.000,-0.001,0.014,6.278,-7.642,-4.669,4.669,-13.475,-13.150
2629,16,-0.330,39.330,-2.161,0.000,-0.000,-0.001,0.014,6.278,-7.642,-4.637,4.637,-13.437,-13.219
2630,16,-0.330,39.330,-2.161,-0.001,-0.000,-0.001,0.000,6.221,-7.661,-4.632,4.632,-13.437,-13.219
2631,16,-0.330,39.330,-2.161,-0.001,0.003,-0.001,0.000,6.221,-7.661,-4.632,4.632,-13.483,-13.265
2632,16,-0.330,39.330,-2.161,-0.000,0.000,0.003,0.072,6.269,-7.613,-4.632,4.632,-13.483,-13.265
2633,16,-0.332,39.330,-2.165,-0.000,0.000,0.003,0.072,6.269,-7.613,-4.690,4.690,-13.544,-13.112
2634,16,-0.332,39.330,-2.165,-0.000,0.000,0.002,0.019,6.278,-7.661,-4.677,4.677,-13.517,-13.138
2635,16,-0.332,39.330,-2.165,-0.000,-0.001,0.002,0.019,6.278,-7.661,-4.677,4.677,-13.502,-13.123
2636,16,-0.332,39.330,-2.165,-0.001,-0.000,0.000,0.053,6.264,-7.666,-4.676,4.676,-13.503,-13.122
2637,16,-0.336,39.330,-2.167,-0.001,-0.000,0.000,0.053,6.264,-7.666,-4.643,4.643,-13.466,-13.190
2638,16,-0.332,39.330,-2.165,0.001,-0.000,0.000,0.057,6.245,-7.637,-4.655,4.655,-13.464,-13.192
2639,16,-0.332,39.330,-2.165,0.001,0.002,0.000,0.057,6.245,-7.637,-4.655,4.655,-13.495,-13.222
2640,16,-0.333,39.333,-2.169,0.001,0.000,0.001,0.057,6.264,-7.632,-4.655,4.655,-13.499,-13.227
2641,16,-0.333,39.333,-2.169,0.001,0.000,0.001,0.057,6.264,-7.632,-4.668,4.668,-13.496,-13.169
2642,16,-0.333,39.330,-2.169,0.000,0.000,0.000,0.033,6.297,-7.647,-4.650,4.650,-13.465,-13.191
2643,16,-0.333,39.330,-2.169,0.000,0.000,0.000,0.033,6.297,-7.647,-4.650,4.650,-13.465,-13.191
2644,16,-0.333,39.330,-2.169,0.000,-0.001,-0.001,0.019,6.254,-7.651,-4.650,4.650,-13.469,-13.196
2645,16,-0.333,39.330,-2.169,0.000,-0.001,-0.001,0.019,6.254,-7.651,-4.636,4.636,-13.423,-13.202
2646,16,-0.333,39.330,-2.169,0.000,-0.001,0.001,0.014,6.206,-7.666,-4.663,4.663,-13.476,-13.149
2647,16,-0.333,39.330,-2.169,0.000,0.001,0.001,0.014,6.206,-7.666,-4.663,4.663,-13.506,-13.179
2648,16,-0.333,39.333,-2.169,-0.001,0.003,0.002,0.053,6.240,-7.656,-4.663,4.663,-13.506,-13.179
2649,16,-0.333,39.333,-2.169,-0.001,0.003,0.002,0.053,6.240,-7.656,-4.671,4.671,-13.568,-13.188
2650,16,-0.333,39.333,-2.169,-0.001,0.003,0.001,0.033,6.312,-7.632,-4.658,4.658,-13.542,-13.215
2651,16,-0.335,39.333,-2.174,-0.000,-0.003,0.001,0.033,6.312,-7.632,-4.662,4.662,-13.451,-13.123
2652,16,-0.335,39.330,-2.174,-0.001,0.001,0.000,0.067,6.278,-7.642,-4.662,4.662,-13.446,-13.118
2653,16,-0.333,39.330,-2.169,-0.001,0.001,0.000,0.067,6.278,-7.642,-4.644,4.644,-13.480,-13.206
2654,16,-0.333,39.330,-2.169,-0.001,0.001,0.000,0.072,6.216,-7.656,-4.644,4.644,-13.480,-13.206
2655,16,-0.335,39.330,-2.174,0.001,-0.001,0.000,0.072,6.216,-7.656,-4.654,4.654,-13.450,-13.175
2656,16,-0.335,39.330,-2.174,0.000,-0.000,0.000,0.053,6.259,-7.642,-4.654,4.654,-13.450,-13.175
2657,16,-0.335,39.330,-2.174,0.000,-0.000,0.000,0.053,6.259,-7.642,-4.649,4.649,-13.465,-13.190
2658,16,-0.335,39.330,-2.174,0.000,-0.000,0.000,0.038,6.273,-7.628,-4.649,4.649,-13.465,-13.190
2659,16,-0.335,39.330,-2.174,-0.001,0.003,0.000,0.038,6.273,-7.628,-4.644,4.644,-13.511,-13.236
2660,16,-0.335,39.330,-2.174,0.002,-0.001,0.001,0.033,6.259,-7.656,-4.643,4.643,-13.517,-13.239
2661,16,-0.335,39.330,-2.174,0.002,-0.001,0.001,0.033,6.259,-7.656,-4.673,4.673,-13.477,-13.148
2662,16,-0.335,39.330,-2.174,0.002,-0.001,0.001,0.053,6.249,-7.628,-4.673,4.673,-13.477,-13.148
2663,16,-0.335,39.330,-2.174,0.000,-0.001,0.001,0.053,6.249,-7.628,-4.662,4.662,-13.477,-13.148
2664,16,-0.335,39.330,-2.174,0.000,0.002,0.000,0.033,6.254,-7.642,-4.662,4.662,-13.477,-13.148
2665,16,-0.335,39.330,-2.174,0.000,0.002,0.000,0.033,6.254,-7.642,-4.649,4.649,-13.496,-13.221
2666,16,-0.335,39.330,-2.174,0.000,0.002,-0.002,0.010,6.240,-7.671,-4.622,4.622,-13.442,-13.274
2667,16,-0.335,39.330,-2.174,-0.002,-0.001,-0.002,0.010,6.240,-7.671,-4.612,4.612,-13.397,-13.228
2668,16,-0.335,39.330,-2.174,0.003,-0.000,0.003,0.091,6.283,-7.637,-4.612,4.612,-13.396,-13.229
2669,16,-0.335,39.330,-2.174,0.003,-0.000,0.003,0.091,6.283,-7.637,-4.705,4.705,-13.545,-13.110
2670,16,-0.336,39.330,-2.178,0.003,-0.000,0.000,0.057,6.259,-7.623,-4.665,4.665,-13.466,-13.190
2671,16,-0.336,39.330,-2.178,0.000,0.002,0.000,0.057,6.259,-7.623,-4.649,4.649,-13.496,-13.220
2672,16,-0.335,39.330,-2.174,-0.003,-0.002,0.000,0.024,6.221,-7.651,-4.649,4.649,-13.496,-13.220
2673,16,-0.339,39.329,-2.175,-0.003,-0.002,0.000,0.024,6.221,-7.651,-4.632,4.632,-13.436,-13.158
2674,16,-0.339,39.329,-2.175,-0.003,-0.002,0.000,0.053,6.264,-7.671,-4.632,4.632,-13.436,-13.158
2675,16,-0.339,39.326,-2.175,-0.001,-0.001,0.000,0.053,6.264,-7.671,-4.643,4.643,-13.447,-13.169
2676,16,-0.339,39.326,-2.175,0.001,0.002,0.000,0.000,6.240,-7.675,-4.643,4.643,-13.445,-13.167
2677,16,-0.339,39.329,-2.175,0.001,0.002,0.000,0.000,6.240,-7.675,-4.653,4.653,-13.497,-13.219
2678,16,-0.339,39.329,-2.175,0.001,0.002,0.000,0.024,6.240,-7.651,-4.653,4.653,-13.497,-13.219
2679,16,-0.335,39.326,-2.173,0.002,0.000,0.000,0.024,6.240,-7.651,-4.660,4.660,-13.460,-13.186
2680,16,-0.335,39.325,-2.173,-0.001,-0.001,0.000,0.048,6.297,-7.632,-4.660,4.660,-13.459,-13.184
2681,16,-0.335,39.325,-2.173,-0.001,-0.001,0.000,0.048,6.297,-7.632,-4.644,4.644,-13.443,-13.169
2682,16,-0.335,39.325,-2.173,-0.001,-0.001,0.000,0.029,6.288,-7.651,-4.644,4.644,-13.443,-13.169
2683,16,-0.339,39.325,-2.175,-0.003,0.001,0.000,0.029,6.288,-7.651,-4.632,4.632,-13.476,-13.197
2684,16,-0.339,39.325,-2.175,-0.000,0.000,0.000,0.057,6.225,-7.671,-4.632,4.632,-13.476,-13.197
2685,16,-0.339,39.325,-2.175,-0.000,0.000,0.000,0.057,6.225,-7.671,-4.648,4.648,-13.460,-13.182
2686,16,-0.339,39.325,-2.175,-0.000,0.000,0.000,0.077,6.245,-7.656,-4.648,4.648,-13.460,-13.182
2687,16,-0.335,39.325,-2.173,0.002,0.000,0.000,0.077,6.245,-7.656,-4.660,4.660,-13.459,-13.184
2688,16,-0.335,39.325,-2.173,0.000,0.002,0.000,0.014,6.273,-7.656,-4.660,4.660,-13.459,-13.184
2689,16,-0.335,39.325,-2.173,0.000,0.002,0.000,0.014,6.273,-7.656,-4.649,4.649,-13.489,-13.214
2690,16,-0.335,39.325,-2.173,0.000,0.002,0.000,0.038,6.269,-7.647,-4.649,4.649,-13.489,-13.214
2691,16,-0.335,39.325,-2.173,0.000,-0.001,0.000,0.038,6.269,-7.647,-4.649,4.649,-13.443,-13.169
2692,16,-0.335,39.325,-2.173,0.000,0.001,0.000,0.033,6.269,-7.656,-4.649,4.649,-13.443,-13.169
2693,16,-0.335,39.325,-2.173,0.000,0.001,0.000,0.033,6.269,-7.656,-4.649,4.649,-13.474,-13.199
2694,16,-0.335,39.325,-2.173,0.000,0.001,0.000,0.005,6.221,-7.666,-4.649,4.649,-13.474,-13.199
2695,16,-0.335,39.325,-2.173,0.000,0.002,0.000,0.005,6.221,-7.666,-4.649,4.649,-13.489,-13.214
2696,16,-0.335,39.325,-2.173,0.001,-0.003,0.000,0.053,6.254,-7.656,-4.649,4.649,-13.489,-13.214
2697,16,-0.330,39.322,-2.172,0.001,-0.003,0.000,0.053,6.254,-7.656,-4.656,4.656,-13.407,-13.136
2698,16,-0.330,39.322,-2.172,0.001,-0.003,0.000,0.043,6.307,-7.632,-4.656,4.656,-13.407,-13.136
2699,16,-0.330,39.322,-2.172,0.000,-0.000,0.000,0.043,6.307,-7.632,-4.650,4.650,-13.452,-13.181
2700,16,-0.330,39.322,-2.172,0.000,0.001,0.000,0.029,6.249,-7.656,-4.650,4.650,-13.452,-13.181
2701,16,-0.330,39.322,-2.172,0.000,0.001,0.000,0.029,6.249,-7.656,-4.650,4.650,-13.467,-13.196
2702,16,-0.330,39.322,-2.172,0.000,0.001,0.000,0.081,6.235,-7.628,-4.650,4.650,-13.467,-13.196
2703,16,-0.330,39.319,-2.172,-0.001,-0.004,0.000,0.081,6.235,-7.628,-4.645,4.645,-13.387,-13.116
2704,16,-0.330,39.319,-2.172,-0.000,0.001,0.000,0.043,6.278,-7.642,-4.645,4.645,-13.387,-13.116
2705,16,-0.330,39.319,-2.172,-0.000,0.001,0.000,0.043,6.278,-7.642,-4.650,4.650,-13.463,-13.192
2706,16,-0.330,39.319,-2.172,-0.000,0.001,0.000,0.019,6.249,-7.671,-4.650,4.650,-13.463,-13.192
2707,16,-0.330,39.319,-2.172,-0.000,0.002,0.000,0.019,6.249,-7.671,-4.650,4.650,-13.478,-13.207
2708,16,-0.334,39.319,-2.173,-0.002,-0.003,0.000,0.033,6.240,-7.661,-4.650,4.650,-13.483,-13.212
2709,16,-0.333,39.319,-2.169,-0.002,-0.003,0.000,0.033,6.240,-7.661,-4.639,4.639,-13.403,-13.130
2710,16,-0.333,39.317,-2.169,-0.002,-0.003,0.000,0.010,6.240,-7.651,-4.639,4.639,-13.401,-13.128
2711,16,-0.333,39.319,-2.169,-0.001,0.003,0.000,0.010,6.240,-7.651,-4.644,4.644,-13.494,-13.221
2712,16,-0.333,39.319,-2.169,-0.000,0.000,0.000,0.038,6.245,-7.656,-4.644,4.644,-13.494,-13.221
2713,16,-0.333,39.319,-2.169,-0.000,0.000,0.000,0.038,6.245,-7.656,-4.650,4.650,-13.449,-13.175
2714,16,-0.333,39.319,-2.169,-0.000,0.000,0.000,0.062,6.278,-7.642,-4.650,4.650,-13.449,-13.175
2715,16,-0.333,39.317,-2.169,-0.000,-0.001,0.000,0.062,6.278,-7.642,-4.650,4.650,-13.432,-13.159
2716,16,-0.333,39.319,-2.169,-0.001,0.002,0.000,0.057,6.269,-7.637,-4.650,4.650,-13.427,-13.154
2717,16,-0.333,39.319,-2.169,-0.001,0.002,0.000,0.057,6.269,-7.637,-4.644,4.644,-13.479,-13.206
2718,16,-0.333,39.319,-2.169,-0.001,0.002,0.000,0.029,6.240,-7.651,-4.644,4.644,-13.479,-13.206
2719,16,-0.333,39.319,-2.169,0.001,0.000,0.000,0.029,6.240,-7.651,-4.655,4.655,-13.449,-13.175
2720,16,-0.329,39.319,-2.168,0.002,0.000,0.000,0.086,6.245,-7.661,-4.655,4.655,-13.449,-13.175
2721,16,-0.329,39.319,-2.168,0.002,0.000,0.000,0.086,6.245,-7.661,-4.662,4.662,-13.447,-13.177
2722,16,-0.329,39.317,-2.167,0.002,0.000,0.000,0.014,6.269,-7.666,-4.662,4.662,-13.445,-13.176
2723,16,-0.324,39.317,-2.166,0.002,0.000,0.000,0.014,6.269,-7.666,-4.663,4.663,-13.444,-13.177
2724,16,-0.326,39.314,-2.170,0.000,-0.001,0.000,0.048,6.240,-7.651,-4.662,4.662,-13.439,-13.172
2725,16,-0.326,39.314,-2.170,0.000,-0.001,0.000,0.048,6.240,-7.651,-4.652,4.652,-13.424,-13.157
2726,16,-0.326,39.314,-2.170,0.000,-0.001,0.000,0.014,6.240,-7.632,-4.652,4.652,-13.424,-13.157
2727,16,-0.330,39.314,-2.172,-0.001,-0.000,0.000,0.014,6.240,-7.632,-4.645,4.645,-13.441,-13.170
2728,16,-0.326,39.314,-2.170,0.002,-0.000,0.000,0.019,6.288,-7.656,-4.646,4.646,-13.440,-13.171
2729,16,-0.326,39.314,-2.170,0.002,-0.000,0.000,0.019,6.288,-7.656,-4.662,4.662,-13.439,-13.172
2730,16,-0.326,39.314,-2.170,0.002,-0.000,0.000,0.081,6.259,-7.661,-4.662,4.662,-13.439,-13.172
2731,16,-0.326,39.314,-2.170,0.000,0.001,0.000,0.081,6.259,-7.661,-4.652,4.652,-13.455,-13.187
2732,16,-0.324,39.314,-2.166,-0.004,-0.001,0.000,0.029,6.230,-7.666,-4.652,4.652,-13.455,-13.187
2733,16,-0.329,39.311,-2.167,-0.004,-0.001,0.000,0.029,6.230,-7.666,-4.630,4.630,-13.420,-13.151
2734,16,-0.329,39.311,-2.167,-0.004,-0.001,0.000,0.057,6.264,-7.647,-4.630,4.630,-13.420,-13.151
2735,16,-0.329,39.311,-2.167,-0.000,-0.000,0.000,0.057,6.264,-7.647,-4.651,4.651,-13.436,-13.166
2736,16,-0.329,39.311,-2.167,0.001,0.001,0.000,0.077,6.259,-7.637,-4.651,4.651,-13.436,-13.166
2737,16,-0.329,39.311,-2.167,0.001,0.001,0.000,0.077,6.259,-7.637,-4.656,4.656,-13.451,-13.182
2738,16,-0.329,39.311,-2.167,0.001,0.001,0.000,0.010,6.259,-7.642,-4.656,4.656,-13.451,-13.182
2739,16,-0.329,39.311,-2.167,0.001,-0.002,0.000,0.010,6.259,-7.642,-4.656,4.656,-13.405,-13.136
2740,16,-0.324,39.308,-2.166,0.000,-0.001,0.000,0.033,6.273,-7.637,-4.657,4.657,-13.399,-13.133
2741,16,-0.324,39.308,-2.166,0.000,-0.001,0.000,0.033,6.273,-7.637,-4.652,4.652,-13.414,-13.148
2742,16,-0.324,39.308,-2.166,0.000,-0.001,0.000,0.024,6.221,-7.695,-4.652,4.652,-13.414,-13.148
2743,16,-0.328,39.308,-2.167,-0.001,0.001,0.000,0.024,6.221,-7.695,-4.646,4.646,-13.446,-13.177
2744,16,-0.328,39.308,-2.167,-0.000,0.000,0.000,0.014,6.230,-7.666,-4.646,4.646,-13.446,-13.177
2745,16,-0.328,39.308,-2.167,-0.000,0.000,0.000,0.014,6.230,-7.666,-4.651,4.651,-13.431,-13.162
2746,16,-0.324,39.308,-2.166,-0.000,0.000,0.000,0.038,6.292,-7.628,-4.652,4.652,-13.429,-13.164
2747,16,-0.324,39.308,-2.166,-0.000,0.002,0.000,0.038,6.292,-7.628,-4.652,4.652,-13.460,-13.194
2748,16,-0.324,39.308,-2.166,0.001,0.001,0.000,0.053,6.264,-7.642,-4.652,4.652,-13.460,-13.194
2757,16,-0.324,39.308,-2.166,0.000,0.000,0.000,0.038,6.240,-7.623,-4.652,4.652,-13.429,-13.164
2762,16,-0.324,39.311,-2.166,0.000,0.002,0.000,-0.010,6.168,-7.656,-4.652,4.652,-13.464,-13.199
2763,16,-0.320,39.311,-2.164,0.000,0.003,0.000,0.120,6.412,-7.656,-4.653,4.653,-13.478,-13.216
2764,16,-0.324,39.314,-2.166,0.000,0.003,0.000,0.120,6.412,-7.656,-4.653,4.653,-13.483,-13.220
2765,16,-0.324,39.311,-2.166,-0.002,-0.005,0.000,0.010,6.197,-7.685,-4.642,4.642,-13.358,-13.092
2766,16,-0.324,39.311,-2.166,-0.002,-0.005,0.000,0.010,6.197,-7.632,-4.642,4.642,-13.358,-13.092
2767,16,-0.324,39.308,-2.166,-0.000,-0.004,0.000,0.019,6.206,-7.632,-4.652,4.652,-13.368,-13.103
2768,16,-0.324,39.303,-2.166,-0.000,-0.004,0.000,0.019,6.206,-7.632,-4.652,4.652,-13.362,-13.096
2769,16,-0.324,39.306,-2.166,0.002,0.005,0.000,0.115,6.225,-7.675,-4.663,4.663,-13.504,-13.238
2770,16,-0.320,39.308,-2.164,0.002,0.005,0.000,0.115,6.225,-7.675,-4.664,4.664,-13.504,-13.241
2771,16,-0.320,39.311,-2.164,0.002,0.006,0.000,-0.019,6.364,-7.675,-4.664,4.664,-13.524,-13.261
2772,16,-0.320,39.314,-2.164,0.002,0.006,0.000,-0.019,6.364,-7.675,-4.664,4.664,-13.528,-13.266
2773,16,-0.320,39.311,-2.164,-0.001,-0.006,0.000,0.062,6.283,-7.628,-4.648,4.648,-13.341,-13.079
2774,16,-0.320,39.311,-2.164,-0.001,-0.006,0.000,0.062,6.283,-7.628,-4.648,4.648,-13.341,-13.079
2775,16,-0.320,39.308,-2.164,-0.003,-0.000,0.000,0.010,6.211,-7.589,-4.637,4.637,-13.428,-13.165
2776,16,-0.324,39.308,-2.166,-0.003,-0.000,0.000,0.010,6.211,-7.589,-4.636,4.636,-13.429,-13.164
2777,16,-0.324,39.308,-2.166,0.001,-0.001,0.000,0.038,6.297,-7.484,-4.657,4.657,-13.414,-13.148
2778,16,-0.324,39.308,-2.166,0.001,-0.001,0.000,0.038,6.297,-7.484,-4.657,4.657,-13.414,-13.148
2779,16,-0.306,39.267,-2.159,0.046,-0.151,-0.011,0.656,7.642,-6.986,-4.753,4.753,-10.936,-11.219
2780,16,-0.255,39.148,-2.147,0.046,-0.151,-0.011,0.656,7.642,-6.986,-4.762,4.762,-10.812,-11.120
2781,16,-0.231,38.945,-2.122,0.029,-0.371,-0.040,-0.880,4.484,-8.455,-4.316,4.316,-6.562,-8.404
2782,16,-0.195,38.827,-2.089,0.029,-0.371,-0.040,-0.880,4.484,-8.455,-4.327,4.327,-6.377,-8.250
2783,16,-0.195,38.790,-2.082,-0.021,0.201,-0.018,1.168,5.996,-7.699,-4.356,4.356,-15.056,-15.810
2784,16,-0.230,38.959,-2.077,-0.021,0.201,-0.018,1.168,5.996,-7.699,-4.354,4.354,-15.223,-15.970
2785,16,-0.263,38.951,-2.119,-0.043,0.000,0.069,-1.818,3.981,-9.609,-5.321,5.321,-14.622,-10.953
2786,16,-0.313,38.939,-2.166,-0.043,0.000,0.069,-1.818,3.981,-9.609,-5.306,5.306,-14.624,-10.916
2787,16,-0.577,39.832,-2.742,0.357,2.923,1.536,4.125,122.275,32.654,-25.568,25.568,-94.456,-17.150
2788,16,-1.610,42.684,-4.618,0.357,2.923,1.536,4.125,122.275,32.654,-25.445,25.445,-97.509,-19.502
2789,16,-1.483,42.394,-4.034,-0.630,-0.995,-0.666,2.417,152.321,-10.183,7.072,-7.072,12.344,-19.317
2790,16,-1.495,42.229,-3.512,-0.630,-0.995,-0.666,2.417,152.321,-10.183,7.080,-7.080,12.585,-19.084
2791,16,-1.746,42.215,-3.464,0.068,0.319,0.368,3.933,142.129,1.570,-9.264,9.264,-32.124,-11.859
2792,16,-2.844,42.568,-3.473,0.068,0.319,0.368,3.933,142.129,1.570,-9.153,9.153,-32.761,-11.896
2793,16,-2.882,42.317,-2.871,-0.144,-0.576,-0.105,1.699,115.844,0.469,-2.024,2.024,-8.276,-10.404
2794,16,-3.257,42.189,-2.408,-0.144,-0.576,-0.105,1.699,115.844,0.469,-1.926,1.926,-8.273,-10.030
2795,16,-3.103,40.151,-1.816,0.019,-7.017,-0.769,1.038,14.882,-20.911,5.650,-5.650,103.554,67.875
2796,16,-2.784,34.435,-0.145,0.019,-7.017,-0.769,1.038,14.882,-20.911,5.815,-5.815,104.145,67.284
2797,16,-2.140,28.600,1.205,0.823,-10.474,-1.014,0.215,2.259,2.034,4.945,-4.945,111.198,60.230
2798,16,-1.606,25.686,2.428,0.823,-10.474,-1.014,0.215,2.259,2.034,4.766,-4.766,111.370,60.058
2799,16,-1.619,19.797,3.077,0.229,-10.662,-1.109,0.172,2.053,7.288,9.153,-9.153,114.166,57.263
2800,16,-1.678,10.910,4.929,0.229,-10.662,-1.109,0.172,2.053,7.288,9.407,-9.407,114.618,56.810
2801,16,-1.780,4.978,6.221,0.348,-10.717,-1.202,0.847,2.263,13.303,10.549,-10.549,117.832,53.597
2802,16,-1.802,2.024,7.478,0.348,-10.717,-1.202,0.847,2.263,13.303,10.745,-10.745,118.147,53.281
2803,16,-2.139,-3.585,8.242,0.383,-10.717,-1.388,-0.033,2.158,17.782,13.741,-13.741,123.964,47.464
2804,16,-2.759,-11.494,10.449,0.383,-9.699,-1.388,-0.033,2.158,17.782,14.839,-14.839,125.491,45.938
2805,16,-3.945,-15.690,12.174,-0.630,-7.940,-1.734,-0.416,2.058,18.672,27.934,-27.934,139.149,32.280
2806,16,-4.966,-17.692,13.825,-0.630,-7.940,-1.734,-0.416,2.058,18.672,30.544,-30.544,142.652,28.777
2807,16,-6.432,-21.299,15.019,-2.123,-7.940,-1.952,-0.995,2.488,18.863,45.320,-45.320,154.403,17.025
2808,16,-10.101,-25.580,18.227,-2.123,-6.036,-1.952,-0.995,2.488,18.863,52.736,-52.736,164.568,6.861
2809,16,-13.133,-27.177,20.504,-2.922,-4.155,-2.237,-0.962,2.632,18.815,69.580,-69.580,190.154,-18.726
2810,16,-15.888,-27.596,22.548,-2.922,-4.155,-2.237,-0.962,2.632,18.815,70.323,-70.323,191.641,-20.212
2811,16,-17.549,-28.751,24.007,-2.174,-4.155,-2.592,-0.321,3.129,17.533,71.018,-71.018,200.509,-29.080
2812,16,-21.440,-28.959,27.388,-2.174,-2.287,-2.592,-0.321,3.129,17.533,71.018,-71.018,176.039,-53.550
2813,16,-23.303,-28.015,29.329,-1.269,-0.598,-2.862,0.072,2.943,16.284,69.873,-69.873,158.668,-84.450
2814,16,-25.045,-27.110,31.151,-1.269,-0.598,-2.862,0.072,2.943,16.284,69.873,-69.873,158.668,-84.450
2815,16,-25.661,-26.071,31.934,-0.682,-0.598,-3.085,0.139,2.670,14.303,69.721,-69.721,164.234,-90.016
2816,16,-27.306,-23.235,34.072,-0.682,0.852,-3.085,0.139,2.670,14.303,69.721,-69.721,143.522,-110.728
2817,16,-27.841,-20.650,35.090,-0.142,2.113,-3.179,0.555,2.354,12.757,68.193,-68.193,127.848,-131.090
2818,16,-28.629,-18.975,36.327,-0.142,2.113,-3.179,0.555,2.354,12.757,68.193,-68.193,127.848,-131.090
2819,16,-28.170,-16.531,36.304,0.704,2.113,-2.964,1.081,2.034,11.125,61.274,-61.274,122.468,-125.710
2820,16,-27.756,-11.953,37.070,0.704,3.151,-2.964,1.081,2.034,11.125,61.274,-61.274,107.646,-140.533
2821,16,-26.703,-8.560,37.135,1.817,4.062,-2.544,1.373,1.689,9.231,50.096,-50.096,83.410,-142.320
2822,16,-26.197,-6.737,37.658,1.817,4.062,-2.544,1.373,1.689,9.231,48.257,-48.257,79.733,-138.643
2823,16,-24.715,-3.371,37.090,3.071,4.062,-1.949,1.670,1.713,7.503,31.008,-31.008,57.773,-116.684
2824,16,-21.985,2.045,36.759,3.071,4.787,-1.949,1.670,1.713,7.503,27.436,-27.436,40.265,-119.902
2825,16,-19.311,5.801,36.170,4.621,5.350,-1.188,2.038,1.321,5.173,5.058,-5.058,2.973,-98.681
2826,16,-17.328,7.479,36.016,4.621,5.350,-1.188,2.038,1.321,5.173,3.292,-3.292,-0.559,-95.148
2827,16,-14.781,11.438,35.299,6.746,5.350,-0.229,2.455,1.641,2.244,-21.998,21.998,-32.848,-68.783
2828,16,-9.171,17.105,34.314,6.746,5.559,-0.229,2.455,1.641,2.244,-25.018,25.018,-40.881,-70.209
2829,16,-4.040,20.729,33.377,9.510,5.365,0.805,2.283,2.216,-0.933,-43.993,43.993,-81.914,-44.941
2830,16,0.515,22.012,33.410,9.510,5.365,0.805,2.283,2.216,-0.933,-44.907,44.907,-85.542,-44.914
2831,16,4.466,26.048,32.197,12.818,5.365,1.861,1.780,2.933,-4.943,-58.398,58.398,-118.305,-23.713
2832,16,14.600,31.058,31.149,12.818,4.657,1.861,1.780,2.933,-4.943,-58.648,58.648,-110.398,-14.806
2833,16,22.747,33.840,30.157,15.972,3.471,2.806,1.330,4.058,-10.680,-67.966,67.966,-121.070,11.793
2834,16,30.479,34.136,30.735,15.972,3.471,2.806,1.330,4.058,-10.680,-67.198,67.198,-119.568,10.224
2835,16,35.121,37.573,29.048,15.972,3.471,3.438,0.144,3.929,-15.772,-72.253,72.253,-133.427,16.584
2836,16,47.880,40.623,27.963,16.730,1.792,3.438,0.144,3.929,-15.772,-70.323,70.323,-105.741,36.552
2837,16,55.345,42.072,26.667,15.557,0.005,3.544,-1.483,2.900,-13.102,-66.579,66.579,-73.492,53.825
2838,16,62.218,41.723,26.931,15.557,0.005,3.544,-1.483,2.900,-13.102,-66.047,66.047,-70.435,54.755
2839,16,66.084,44.151,24.800,15.557,0.005,3.212,-2.345,2.589,-8.747,-58.674,58.674,-56.049,39.646
2840,16,75.504,45.966,22.492,13.829,-1.431,3.212,-2.345,2.589,-8.747,-56.482,56.482,-29.611,57.315
2841,16,80.534,46.984,20.530,12.228,-2.313,2.806,-2.192,2.804,-5.527,-48.866,48.866,0.872,57.337
2842,16,84.864,46.796,20.131,12.228,-2.313,2.806,-2.192,2.804,-5.527,-48.909,48.909,2.604,59.238
2843,16,87.472,48.660,17.567,12.228,-2.313,2.555,-2.168,3.058,-2.991,-43.378,43.378,14.627,49.139
2844,16,93.048,50.419,14.309,10.352,-2.911,2.555,-2.168,3.058,-2.991,-41.681,41.681,28.512,56.237
2845,16,94.839,51.548,11.959,7.310,-3.179,2.255,-2.905,2.957,-0.268,-37.940,37.940,41.568,54.326
2846,16,96.397,51.858,11.057,7.310,-3.179,2.255,-2.905,2.957,-0.268,-37.940,37.940,42.428,55.186
2847,16,96.495,53.205,8.513,7.310,-3.179,1.743,-3.134,3.034,2.115,-31.535,31.535,55.491,42.629
2848,16,96.073,54.638,5.126,3.715,-2.993,1.743,-3.134,3.034,2.115,-27.608,27.608,53.016,40.155
2849,16,94.289,55.331,3.246,0.593,-2.513,1.299,-2.948,3.062,3.680,-6.449,6.449,56.055,20.983
2850,16,92.983,55.806,2.085,0.593,-2.513,1.299,-2.948,3.062,3.680,-6.449,6.449,55.290,20.218
2851,16,91.116,56.273,0.656,0.593,-2.513,0.965,-2.862,3.015,4.211,-2.281,2.281,62.477,10.734
2852,16,87.088,57.005,-1.362,-1.740,-1.870,0.965,-2.862,3.015,4.211,9.384,-9.384,51.505,-0.238
2853,16,84.002,57.327,-1.978,-3.528,-1.158,0.642,-2.905,3.086,3.469,22.361,-22.361,46.555,-21.327
2854,16,81.266,57.780,-2.963,-3.528,-1.158,0.642,-2.905,3.086,3.469,22.361,-22.361,44.685,-23.197
2855,16,79.243,57.726,-2.599,-3.528,-1.158,0.229,-3.187,3.321,2.335,27.528,-27.528,53.700,-34.849
2856,16,74.266,57.943,-2.550,-4.938,-0.587,0.229,-3.187,3.321,2.335,34.575,-34.575,43.264,-45.284
2857,16,70.627,57.888,-1.955,-6.347,-0.180,-0.244,-3.225,3.536,0.316,47.534,-47.534,45.919,-66.278
2858,16,66.857,58.229,-2.749,-6.347,-0.180,-0.244,-3.225,3.536,0.316,47.534,-47.534,43.365,-68.832
2859,16,64.962,57.719,-0.891,-6.347,-0.180,-0.637,-3.053,3.689,-2.388,52.447,-52.447,52.279,-79.573
2860,16,58.854,57.358,0.497,-7.619,-0.097,-0.637,-3.053,3.689,-2.388,58.213,-58.213,48.913,-82.939
2861,16,54.126,56.855,1.315,-8.615,-0.469,-0.928,-3.043,3.857,-5.010,61.848,-61.848,57.963,-88.429
2862,16,48.890,57.015,0.197,-8.615,-0.469,-0.928,-3.043,3.857,-5.010,61.848,-61.848,55.068,-91.325
2863,16,46.842,55.926,2.604,-8.615,-0.469,-1.199,-3.254,4.249,-6.738,64.651,-64.651,60.638,-96.965
2864,16,39.112,54.674,3.960,-9.516,-0.966,-1.199,-3.254,4.249,-6.738,62.350,-62.350,61.547,-86.854
2865,16,33.756,53.526,4.953,-10.013,-1.450,-1.470,-3.259,4.450,-9.207,60.624,-60.624,63.772,-77.726
2866,16,31.138,52.957,5.520,-10.013,-1.450,-1.470,-3.259,4.450,-9.207,59.070,-59.070,60.490,-74.788
2867,16,26.060,51.670,6.723,-10.013,-1.450,-1.658,-2.876,3.876,-10.652,58.346,-58.346,59.229,-73.157
2868,16,18.802,49.544,8.777,-9.661,-1.998,-1.658,-2.876,3.876,-10.652,55.940,-55.940,62.204,-60.554
2869,16,14.602,47.862,10.225,-8.639,-2.562,-1.703,-2.225,3.484,-10.192,52.348,-52.348,66.128,-42.262
2870,16,12.540,47.038,11.004,-8.639,-2.562,-1.703,-2.225,3.484,-10.192,51.300,-51.300,64.958,-39.243
2871,16,8.826,45.317,12.624,-8.639,-2.562,-1.684,-1.335,3.292,-8.503,49.310,-49.310,63.104,-33.137
2872,16,3.886,42.665,15.201,-7.340,-2.957,-1.684,-1.335,3.292,-8.503,48.153,-48.153,67.436,-24.177
2873,16,1.341,40.853,16.932,-5.995,-3.153,-1.578,-0.775,3.039,-7.264,44.586,-44.586,69.630,-10.538
2874,16,0.073,39.964,17.823,-5.995,-3.153,-1.578,-0.775,3.039,-7.264,44.926,-44.926,70.284,-8.663
2875,16,-2.130,38.218,19.607,-5.995,-3.153,-1.578,-0.330,3.134,-6.627,44.586,-44.586,71.986,-5.359
2876,16,-4.949,35.664,22.303,-4.763,-3.169,-1.476,-0.330,3.134,-6.627,38.809,-38.809,70.267,-1.066
2877,16,-6.249,34.045,24.080,-3.659,-3.089,-1.415,-0.201,3.211,-5.541,33.810,-33.810,72.653,4.124
2878,16,-6.907,33.249,24.976,-3.659,-3.089,-1.415,-0.201,3.211,-5.541,34.200,-34.200,73.913,5.136
2879,16,-7.958,31.727,26.768,-3.659,-3.089,-1.415,-0.273,3.259,-5.173,34.911,-34.911,76.459,6.921
2880,16,-9.160,29.557,29.443,-2.628,-2.916,-1.416,-0.273,3.259,-5.173,30.146,-30.146,75.096,5.119
2881,16,-9.476,28.255,31.245,-1.728,-2.708,-1.483,-0.196,3.283,-4.689,27.524,-27.524,78.933,3.354
2882,16,-9.652,27.608,32.140,-1.728,-2.708,-1.483,-0.196,3.283,-4.689,27.757,-27.757,80.127,3.978
2883,16,-9.781,26.387,33.940,-1.728,-2.708,-1.483,-0.096,3.311,-4.359,28.093,-28.093,82.379,5.163
2884,16,-9.671,24.649,36.637,-0.883,-2.501,-1.582,-0.096,3.311,-4.359,25.063,-25.063,82.918,0.360
2885,16,-9.002,23.649,38.418,0.238,-2.225,-1.656,0.024,3.206,-3.680,20.544,-20.544,84.657,-3.155
2886,16,-8.682,23.143,39.300,0.238,-2.225,-1.656,0.024,3.206,-3.680,20.440,-20.440,85.486,-2.538
2887,16,-7.684,22.215,41.049,0.238,-2.225,-1.656,0.206,3.249,-3.881,19.955,-19.955,86.843,-1.218
2888,16,-5.687,20.905,43.622,1.579,-1.913,-1.748,0.206,3.249,-3.881,13.520,-13.520,85.331,-6.698
2889,16,-3.481,20.228,45.320,3.168,-1.488,-1.843,0.301,3.316,-4.130,4.961,-4.961,82.764,-12.378
2890,16,-2.395,19.873,46.153,3.168,-1.488,-1.843,0.301,3.316,-4.130,4.197,-4.197,82.856,-11.427
2891,16,0.240,19.261,47.802,3.168,-1.488,-1.843,0.392,3.445,-4.953,2.267,-2.267,82.560,-9.358
2892,16,4.859,18.415,50.232,4.862,-1.011,-1.933,0.392,3.445,-4.953,-7.319,7.319,77.717,-15.706
2893,16,8.933,17.977,51.800,6.681,-0.626,-1.913,0.412,3.718,-5.804,-13.203,13.203,69.008,-17.182
2894,16,10.954,17.722,52.564,6.681,-0.626,-1.913,0.412,3.718,-5.804,-13.795,13.795,68.074,-15.746
2895,16,15.359,17.250,54.042,6.681,-0.626,-1.913,0.421,3.847,-6.436,-15.122,15.122,65.758,-12.755
2896,16,22.471,16.510,56.152,8.051,-0.296,-1.806,0.421,3.847,-6.436,-18.139,18.139,56.244,-10.198
2897,16,27.515,16.083,57.440,8.696,-0.037,-1.610,0.546,3.575,-6.288,-22.793,22.793,42.042,-5.787
2898,16,30.019,15.836,58.066,8.696,-0.037,-1.610,0.546,3.575,-6.288,-23.625,23.625,40.257,-4.243
2899,16,34.913,15.386,59.225,8.696,-0.037,-1.610,0.550,3.579,-6.699,-25.239,25.239,36.612,-1.431
2900,16,42.052,14.735,60.805,8.435,0.174,-1.272,0.550,3.579,-6.699,-31.404,31.404,21.632,8.248
2901,16,46.178,14.447,61.741,7.433,0.380,-0.924,0.416,3.469,-6.393,-37.398,37.398,4.556,15.147
2902,16,48.237,14.284,62.201,7.433,0.380,-0.924,0.416,3.469,-6.393,-38.022,38.022,2.871,15.960
2903,16,51.915,14.048,63.101,7.433,0.380,-0.924,0.354,3.129,-6.178,-39.055,39.055,-0.099,17.120
2904,16,56.776,13.794,64.425,5.984,0.649,-0.614,0.354,3.129,-6.178,-44.066,44.066,-14.271,22.991
2905,16,58.906,13.850,65.406,4.024,1.052,-0.325,0.139,3.115,-7.283,-45.715,45.715,-29.932,23.458
2906,16,59.972,13.864,65.895,4.024,1.052,-0.325,0.139,3.115,-7.283,-45.884,45.884,-30.647,23.417
2907,16,61.463,13.991,66.976,4.024,1.052,-0.325,-0.273,3.196,-7.369,-45.990,45.990,-31.465,23.025
2908,16,62.762,14.323,68.755,1.733,1.550,-0.144,-0.273,3.196,-7.369,-36.886,36.886,-43.402,20.477
2909,16,62.344,14.679,70.188,-0.633,2.035,-0.116,-0.656,3.259,-7.943,-24.685,24.685,-50.200,12.194
2910,16,62.141,14.859,70.901,-0.633,2.035,-0.116,-0.656,3.259,-7.943,-24.452,24.452,-49.782,11.680
2911,16,60.992,15.229,72.411,-0.633,2.035,-0.116,-1.101,3.235,-9.388,-23.866,23.866,-48.480,10.639
2912,16,58.185,15.853,74.782,-3.323,2.297,-0.275,-1.101,3.235,-9.388,-7.665,7.665,-46.441,1.671
2913,16,55.201,16.466,76.689,-5.848,2.376,-0.643,-1.258,3.455,-10.360,11.058,-11.058,-34.839,-11.104
2914,16,53.317,16.385,77.337,-5.848,2.376,-0.643,-1.258,3.455,-10.360,11.295,-11.295,-33.782,-10.995
2915,16,49.572,16.731,79.074,-5.848,2.376,-0.643,-1.101,3.656,-11.350,12.313,-12.313,-31.064,-12.351
2916,16,43.214,17.293,81.727,-7.747,2.314,-1.094,-1.101,3.656,-11.350,27.742,-27.742,-15.820,-25.787
2917,16,39.305,18.277,83.951,-8.615,2.084,-1.536,-0.517,3.431,-11.365,35.091,-35.091,2.838,-36.527
2918,16,36.203,17.719,84.452,-8.615,2.084,-1.536,-0.517,3.431,-11.365,35.293,-35.293,4.439,-35.734
2919,16,31.771,17.987,86.211,-8.615,2.084,-1.536,0.325,2.866,-11.341,36.460,-36.460,7.214,-37.627
2920,16,25.482,18.344,88.785,-7.850,1.576,-1.816,0.325,2.866,-11.341,41.561,-41.561,23.495,-41.749
2921,16,23.308,18.906,90.599,-5.505,0.856,-1.921,1.192,2.708,-9.762,33.739,-33.739,39.231,-34.619
2922,16,21.175,18.290,91.132,-5.505,0.856,-1.921,1.192,2.708,-9.762,33.933,-33.933,40.661,-33.963
2923,16,19.086,18.185,92.618,-5.505,0.856,-1.921,1.704,2.402,-8.441,34.394,-34.394,41.937,-34.532
2924,16,17.113,17.856,94.740,-2.727,0.295,-1.872,1.704,2.402,-8.441,20.248,-20.248,49.183,-26.268
2925,16,17.222,17.571,96.117,-0.353,-0.012,-1.859,1.555,2.460,-7.695,8.082,-8.082,54.254,-20.022
2926,16,17.132,17.313,96.761,-0.353,-0.012,-1.859,1.555,2.460,-7.695,8.007,-8.007,54.462,-19.512
2927,16,17.878,16.934,98.066,-0.353,-0.012,-1.859,1.948,2.598,-7.833,7.655,-7.655,54.201,-18.366
2928,16,20.072,16.310,99.940,2.301,-0.080,-1.764,1.948,2.598,-7.833,-7.336,7.336,52.400,-13.275
2929,16,22.192,15.334,100.862,4.818,-0.075,-1.609,1.656,2.670,-8.766,-21.700,21.700,46.534,-5.666
2930,16,24.333,15.650,101.633,4.818,-0.075,-1.609,1.656,2.670,-8.766,-22.165,22.165,44.881,-5.461
2931,16,27.135,15.154,102.723,4.818,-0.075,-1.609,1.656,2.885,-9.618,-23.260,23.260,42.875,-3.086
2932,16,32.693,14.326,104.129,6.525,-0.157,-1.449,1.440,2.885,-9.618,-26.794,26.794,38.006,6.182
2933,16,35.471,13.005,104.605,6.525,-0.157,-1.449,0.656,2.986,-9.618,-29.212,29.212,32.986,10.835
2934,16,38.524,13.439,105.380,7.173,-0.151,-1.325,0.656,2.986,-9.111,-31.302,31.302,27.465,13.672
2935,16,42.488,12.807,106.142,7.173,-0.151,-1.325,0.656,-94.483,-83.267,-32.941,32.941,23.766,16.528
2936,16,23.002,9.453,116.126,-24.672,3.112,-11.410,-20.815,-94.483,-83.267,100.250,-100.250,124.080,-175.920
2937,16,14.967,11.853,127.408,-24.672,3.112,-11.410,79.175,-146.005,-83.267,100.250,-100.250,130.564,-169.436
2938,16,0.490,9.373,133.360,-31.672,4.631,-23.556,79.175,-146.005,-42.138,100.250,-100.250,112.418,-187.581
2939,16,-15.114,13.342,146.527,-31.672,4.631,-23.556,79.175,4.005,15.619,100.250,-100.250,106.798,-193.202
2940,16,-29.241,7.910,148.457,-16.768,-6.117,0.154,72.347,4.005,15.619,31.611,-31.611,98.436,72.993
2941,16,-34.311,6.063,149.607,-16.768,-6.117,0.154,-0.718,5.723,15.619,40.880,-40.880,116.974,54.455
2942,16,-44.247,3.189,150.375,-18.156,-4.656,1.914,-0.718,5.723,-1.584,25.602,-25.602,86.417,85.011
2943,16,-54.513,0.371,151.889,-18.156,-4.656,1.914,-0.718,5.680,0.646,26.321,-26.321,87.857,83.571
2944,16,-66.662,-3.142,154.552,-14.334,-4.162,1.939,-1.048,5.680,0.646,26.015,-26.015,83.571,80.510
2945,16,-71.929,-4.805,155.958,-14.334,-4.162,1.939,-1.010,4.838,0.646,26.015,-26.015,75.556,72.495
2946,16,-78.131,-6.252,157.376,-13.046,-3.430,2.531,-1.010,4.838,1.201,18.612,-18.612,45.706,72.259
2947,16,-85.583,-8.085,159.402,-13.046,-3.430,2.531,-1.010,4.948,1.306,18.612,-18.612,39.615,66.169
2948,16,-96.265,-10.742,162.346,-12.422,-2.871,2.989,-0.890,4.948,1.306,12.886,-12.886,17.117,66.574
2949,16,-101.881,-12.312,163.986,-12.422,-2.871,2.989,-0.627,4.910,1.306,12.886,-12.886,4.904,54.361
2950,16,-106.668,-13.071,165.347,-11.823,-2.160,3.227,-0.627,4.910,0.876,9.916,-9.916,-15.942,45.392
2951,16,-113.535,-14.410,167.430,-11.823,-2.160,3.227,-0.627,4.718,0.560,9.916,-9.916,-22.985,38.349
2952,16,-123.455,-16.331,170.398,-11.378,-1.564,3.375,-0.809,4.718,0.560,8.066,-8.066,-38.862,29.876
2953,16,-129.384,-17.479,172.296,-11.378,-1.564,3.375,-0.799,4.804,0.560,8.066,-8.066,-40.600,28.138
2954,16,-133.099,-18.005,173.385,-10.839,-0.967,3.443,-0.799,4.804,0.306,7.213,-7.213,-50.827,21.320
2955,16,-139.456,-18.946,175.422,-10.839,-0.967,3.443,-0.799,4.752,0.349,7.213,-7.213,-50.827,21.320
2956,16,-148.422,-20.367,178.275,-10.229,-0.373,3.416,-0.723,4.752,0.349,7.546,-7.546,-58.653,12.162
2957,16,-154.102,-20.970,-179.786,-10.229,-0.373,3.416,-0.641,4.689,0.349,7.546,-7.546,-58.653,12.162
2958,16,-157.004,-21.638,-178.935,-9.564,0.193,3.335,-0.641,4.689,0.354,8.558,-8.558,-64.709,2.058
2959,16,-162.610,-22.363,-177.079,-9.564,0.193,3.335,-0.641,4.594,0.407,8.558,-8.558,-64.709,2.058
2960,16,-170.340,-23.588,-174.531,-8.835,0.722,3.198,-0.593,4.594,0.407,8.469,-8.469,-72.451,-5.327
2961,16,-175.253,-23.861,-172.890,-8.835,0.722,3.198,-0.507,4.666,0.407,-6.643,6.643,-102.675,24.896
2962,16,-177.652,-24.864,-172.132,-8.087,1.210,3.035,-0.507,4.666,0.445,-8.521,8.521,-113.402,21.684
2963,16,177.584,-25.688,-170.575,-8.087,1.210,3.035,-0.507,4.666,0.364,-17.105,17.105,-130.570,38.852
2964,16,170.997,-27.102,-168.344,-7.391,1.628,2.867,-0.512,4.508,0.364,-19.657,19.657,-140.546,36.897
2965,16,166.859,-27.275,-167.033,-7.391,1.628,2.867,-0.541,4.512,0.364,-35.482,35.482,-172.197,68.547
2966,16,164.602,-28.519,-166.136,-6.900,2.041,2.632,-0.541,4.512,0.440,-35.655,35.655,-173.536,58.077
2967,16,160.367,-29.401,-164.639,-6.900,2.041,2.632,-0.541,4.512,0.579,-35.655,35.655,-173.536,58.077
2968,16,153.065,-30.386,-161.217,-6.274,2.422,2.395,-0.512,4.560,0.579,-33.562,33.562,-173.045,46.691
2969,16,148.340,-29.980,-158.922,-6.274,2.422,2.395,-0.536,4.546,0.579,-33.562,33.562,-173.045,46.691
2970,16,145.390,-30.960,-157.070,-5.567,2.738,2.142,-0.536,4.546,0.421,-33.943,33.943,-171.238,35.874
2971,16,140.636,-31.024,-154.463,-5.567,2.738,2.142,-0.536,4.546,0.426,-33.943,33.943,-171.238,35.874
2972,16,134.511,-30.939,-150.861,-4.859,3.023,1.861,-0.569,4.680,0.426,-33.969,33.969,-168.286,24.765
2973,16,131.069,-30.198,-149.077,-4.859,3.023,1.861,-0.426,2.460,0.426,-33.969,33.969,-168.286,24.765
2974,16,128.327,-30.739,-147.200,-4.927,3.252,1.605,-0.426,2.460,0.124,-30.433,30.433,-165.166,15.102
2975,16,124.187,-30.492,-144.731,-4.927,3.252,1.605,-0.426,2.460,0.038,-30.433,30.433,-165.166,15.102
2976,16,117.450,-30.091,-140.959,-5.532,3.462,1.382,-0.416,0.593,0.038,-24.611,24.611,-162.571,6.511
2977,16,113.999,-29.157,-139.495,-5.532,3.462,1.382,-0.474,0.096,0.038,-24.611,24.611,-162.571,6.511
2978,16,110.549,-29.491,-137.193,-5.888,3.598,1.113,-0.474,0.096,-0.086,-19.476,19.476,-154.384,1.276
2979,16,105.924,-28.939,-134.703,-5.888,3.598,1.113,-0.474,0.096,-0.526,-19.476,19.476,-148.655,7.005
2980,16,98.568,-28.366,-130.946,-6.336,3.726,0.659,-10.216,-3.737,-0.526,-11.562,11.562,-136.150,-3.180
2981,16,95.176,-28.576,-130.685,-6.336,3.726,0.659,-83.673,-17.495,-0.526,-11.562,11.562,-126.026,6.944
2982,16,89.824,-30.612,-127.183,-9.030,3.396,-4.391,-83.673,-17.495,12.714,57.388,-57.388,11.479,-108.072
2983,16,83.336,-32.840,-124.361,-9.030,3.396,-4.391,-83.673,-17.495,-2.809,57.388,-57.388,19.726,-99.825
2984,16,73.450,-36.428,-120.826,-9.531,1.929,-5.010,0.498,1.469,-2.809,65.124,-65.124,60.380,-90.117
2985,16,69.020,-38.761,-120.616,-9.531,1.929,-5.010,0.191,-0.335,-2.809,65.124,-65.124,75.538,-74.959
2986,16,62.875,-39.860,-117.020,-10.281,0.844,-5.312,0.191,-0.335,-0.517,68.906,-68.906,99.331,-66.293
2987,16,55.401,-41.957,-114.136,-10.281,0.844,-5.312,0.191,-0.335,-1.584,68.906,-68.906,99.331,-66.293
2988,16,44.203,-45.196,-109.780,-10.125,-0.157,-5.449,-0.359,-0.871,-1.584,70.610,-70.610,117.029,-55.412
2989,16,39.012,-47.670,-108.342,-10.125,-0.157,-5.449,4.484,-7.584,-1.584,70.610,-70.610,117.029,-55.412
2990,16,30.957,-47.188,-102.911,-10.336,1.597,-6.206,4.484,-7.584,-19.145,80.078,-80.078,110.915,-99.396
2991,16,21.316,-47.692,-97.383,-10.336,1.597,-6.206,4.484,-7.584,-17.629,80.078,-80.078,110.915,-99.396
2992,16,1.943,-42.230,-84.023,-12.123,8.051,-9.302,6.158,-10.451,-17.629,102.500,-102.500,64.286,-235.714
2993,16,-5.282,-40.791,-79.805,-12.123,8.051,-9.302,5.091,-1.488,-17.629,102.500,-102.500,64.286,-235.714
2994,16,-14.289,-34.591,-73.276,-11.511,7.278,-10.914,5.091,-1.488,-9.116,102.500,-102.500,74.602,-225.398
2995,16,-21.028,-32.039,-67.648,-11.511,7.278,-10.914,5.091,-1.488,-9.833,102.500,-102.500,74.602,-225.398
2996,16,-22.513,-20.354,-61.334,3.720,6.220,-9.469,23.390,-0.962,-9.833,61.400,-61.400,89.713,-210.287
2997,16,-20.871,-17.078,-59.523,3.720,6.220,-9.469,19.930,15.308,-9.833,61.400,-61.400,89.713,-210.287
2998,16,-20.828,-14.280,-57.001,3.096,4.404,-5.031,19.930,15.308,-10.771,64.522,-64.522,115.660,-184.340
2999,16,-19.154,-11.741,-54.605,3.096,4.404,-5.031,19.930,15.308,-6.087,64.522,-64.522,115.660,-184.340
3000,16,-20.833,-10.241,-54.158,-1.185,0.665,-0.099,4.996,26.629,-6.087,32.634,-32.634,62.497,-24.347
3001,16,-21.508,-10.107,-53.921,-1.185,0.665,-0.099,-1.254,9.886,-6.087,33.612,-33.612,64.454,-26.304
3002,16,-22.141,-9.429,-53.192,-1.030,0.497,-0.766,-1.254,9.886,-2.852,41.247,-41.247,83.657,-40.728
3003,16,-22.842,-9.167,-52.376,-1.030,0.497,-0.766,-1.254,9.886,-2.852,41.661,-41.661,84.485,-41.556
3004,16,-23.540,-8.714,-51.236,-0.164,-0.401,-0.503,0.818,0.110,-2.732,34.058,-34.058,90.768,-22.182
3005,16,-23.686,-8.660,-50.848,-0.164,-0.401,-0.503,-0.397,-0.679,-2.732,34.375,-34.375,91.403,-22.817
3006,16,-23.404,-9.159,-50.133,0.942,-1.288,-0.010,-0.397,-0.679,-2.823,22.819,-22.819,92.024,1.916
3007,16,-23.225,-9.323,-49.493,0.942,-1.288,-0.010,-0.397,-0.679,-2.823,22.789,-22.789,91.964,1.976
3008,16,-21.547,-11.020,-48.466,2.139,-1.988,0.295,-0.421,0.239,-4.886,13.009,-13.009,94.378,19.559
3009,16,-20.624,-11.310,-48.231,2.139,-1.988,0.295,0.335,2.718,-4.886,12.116,-12.116,92.591,21.346
3010,16,-19.533,-12.666,-47.508,2.931,-2.471,0.339,0.335,2.718,-11.690,7.522,-7.522,98.227,29.528
3011,16,-18.368,-13.036,-47.002,2.931,-2.471,0.339,0.335,2.718,-11.690,6.607,-6.607,96.397,31.358
3012,16,-16.119,-15.796,-46.379,2.386,-2.506,0.689,4.996,3.742,-22.907,4.914,-4.914,88.055,40.673
3013,16,-15.438,-16.430,-46.224,2.386,-2.506,0.689,1.598,-1.474,-22.907,3.995,-3.995,86.216,42.512
3014,16,-14.992,-17.440,-45.972,0.967,-1.949,0.647,1.598,-1.474,-11.896,11.748,-11.748,79.588,33.253
3015,16,-14.710,-17.913,-45.772,0.967,-1.949,0.647,1.598,-1.474,-11.896,11.711,-11.711,79.514,33.327
3016,16,-13.743,-19.270,-45.372,0.961,-1.210,0.404,-0.340,0.096,-6.642,14.716,-14.716,74.901,16.818
3017,16,-13.265,-19.462,-45.302,0.961,-1.210,0.404,0.120,-0.560,-6.642,13.922,-13.922,73.312,18.407
3018,16,-12.991,-19.554,-45.019,0.950,-0.274,0.172,0.120,-0.560,-8.159,16.571,-16.571,65.127,-0.162
3019,16,-12.529,-19.452,-44.792,0.950,-0.274,0.172,0.120,-0.560,-8.159,15.891,-15.891,63.766,1.198
3020,16,-11.888,-18.838,-44.385,0.761,0.565,-0.088,0.234,-0.890,-10.666,19.682,-19.682,57.477,-16.465
3021,16,-11.487,-18.531,-44.293,0.761,0.565,-0.088,-0.507,0.617,-10.666,18.176,-18.176,54.464,-13.453
3022,16,-11.548,-17.870,-43.967,0.306,1.009,-0.223,-0.507,0.617,-9.991,21.854,-21.854,50.925,-22.605
3023,16,-11.294,-17.397,-43.673,0.306,1.009,-0.223,-0.507,0.617,-9.991,21.282,-21.282,49.781,-21.461
3024,16,-11.446,-16.007,-43.262,-0.017,1.046,-0.240,-0.057,1.201,-10.312,22.941,-22.941,49.339,-22.084
3025,16,-11.497,-15.648,-43.120,-0.017,1.046,-0.240,-0.335,1.598,-10.312,22.485,-22.485,48.427,-21.173
3026,16,-11.793,-15.059,-42.867,-0.580,0.746,-0.164,-0.335,1.598,-10.202,24.416,-24.416,50.955,-15.118
3027,16,-12.015,-14.771,-42.596,-0.580,0.746,-0.164,-0.335,1.598,-10.202,24.533,-24.533,51.191,-15.353
3028,16,-12.828,-14.058,-42.216,-0.821,0.241,-0.085,0.541,1.948,-9.470,24.940,-24.940,56.799,-6.535
3029,16,-13.058,-13.918,-42.088,-0.821,0.241,-0.085,0.488,1.708,-9.470,25.514,-25.514,57.948,-7.684
3030,16,-13.578,-13.878,-41.879,-0.941,-0.161,0.091,0.488,1.708,-9.757,24.473,-24.473,60.409,1.329
3031,16,-14.061,-13.927,-41.669,-0.941,-0.161,0.091,0.488,1.708,-9.757,25.035,-25.035,61.533,0.206
3032,16,-14.700,-13.874,-41.414,-0.758,-0.260,0.176,1.369,1.115,-9.939,23.274,-23.274,61.248,3.322
3033,16,-14.904,-13.886,-41.329,-0.758,-0.260,0.176,1.522,0.880,-9.939,23.964,-23.964,62.628,1.941
3034,16,-15.146,-13.837,-41.136,-0.469,-0.134,0.110,1.522,0.880,-9.762,23.576,-23.576,62.954,-1.977
3035,16,-15.371,-13.838,-40.946,-0.469,-0.134,0.110,1.522,0.880,-9.762,23.823,-23.823,63.448,-2.470
3036,16,-15.395,-13.569,-40.593,-0.032,0.017,-0.003,1.617,0.919,-9.484,22.994,-22.994,66.157,-5.179
3037,16,-15.398,-13.496,-40.477,-0.032,0.017,-0.003,1.369,1.153,-9.484,22.875,-22.875,63.759,-7.103
3038,16,-15.231,-13.308,-40.217,0.278,0.081,-0.064,1.369,1.153,-9.786,21.795,-21.795,63.785,-8.955
3039,16,-15.063,-13.170,-39.984,0.278,0.081,-0.064,1.369,1.153,-9.786,21.535,-21.535,63.265,-8.435
3040,16,-14.749,-12.886,-39.581,0.363,0.038,-0.052,0.890,1.230,-9.747,20.783,-20.783,62.613,-7.783
3041,16,-14.644,-12.811,-39.456,0.363,0.038,-0.052,0.679,1.263,-9.747,20.312,-20.312,62.280,-6.233
3042,16,-14.475,-12.696,-39.214,0.281,-0.030,-0.020,0.679,1.263,-9.853,20.081,-20.081,61.971,-3.976
3043,16,-14.311,-12.596,-38.995,0.281,-0.030,-0.020,0.679,1.263,-9.853,19.852,-19.852,61.513,-3.518
3044,16,-14.198,-12.414,-38.634,0.109,-0.029,0.001,0.555,1.091,-9.867,20.371,-20.371,60.826,-2.831
3045,16,-14.160,-12.360,-38.525,0.109,-0.029,0.001,0.636,1.134,-9.867,20.162,-20.162,60.392,-2.427
3046,16,-14.179,-12.232,-38.312,-0.062,0.006,0.005,0.636,1.134,-9.781,20.912,-20.912,59.687,-2.727
3047,16,-14.186,-12.156,-38.110,-0.062,0.006,0.005,0.636,1.134,-9.781,20.879,-20.879,59.620,-2.660
3048,16,-14.287,-11.914,-37.791,-0.140,0.006,0.011,0.852,1.177,-9.829,21.185,-21.185,59.455,-2.494
3049,16,-14.317,-11.853,-37.689,-0.140,0.006,0.011,1.019,1.153,-9.829,21.177,-21.177,59.439,-2.479
3050,16,-14.359,-11.730,-37.484,-0.110,0.003,0.010,1.019,1.153,-9.757,21.019,-21.019,59.467,-2.416
3051,16,-14.392,-11.660,-37.286,-0.110,0.003,0.010,1.019,1.153,-9.757,21.016,-21.016,59.460,-2.408
3052,16,-14.385,-11.422,-36.966,-0.013,0.002,-0.003,1.053,1.139,-9.747,20.635,-20.635,59.668,-2.616
3053,16,-14.380,-11.363,-36.860,-0.013,0.002,-0.003,0.943,1.158,-9.747,20.522,-20.522,59.457,-2.375
3054,16,-14.333,-11.243,-36.652,0.054,0.000,-0.003,0.943,1.158,-9.767,20.076,-20.076,59.266,-2.123
3055,16,-14.275,-11.161,-36.456,0.054,0.000,-0.003,0.943,1.158,-9.767,19.975,-19.975,59.064,-1.921
3056,16,-14.212,-10.947,-36.140,0.046,0.000,-0.002,0.818,1.139,-9.800,19.936,-19.936,58.902,-1.759
3057,16,-14.191,-10.891,-36.039,0.046,0.000,-0.002,0.799,1.153,-9.800,19.780,-19.780,58.589,-1.446
3058,16,-14.171,-10.775,-35.837,-0.003,0.000,0.000,0.799,1.153,-9.805,19.918,-19.918,58.376,-1.233
3059,16,-14.144,-10.698,-35.645,-0.003,0.000,0.000,0.799,1.153,-9.805,19.852,-19.852,58.243,-1.101
3060,16,-14.130,-10.526,-35.337,-0.026,0.000,0.003,0.890,1.158,-9.786,19.879,-19.879,58.075,-0.932
3061,16,-14.138,-10.432,-35.242,-0.026,0.000,0.003,0.928,1.153,-9.786,19.783,-19.783,57.882,-0.739
3062,16,-14.119,-10.319,-35.045,-0.009,0.000,0.000,0.928,1.153,-9.776,19.662,-19.662,57.811,-0.668
3063,16,-14.097,-10.244,-34.856,-0.009,0.000,0.000,0.928,1.153,-9.776,19.603,-19.603,57.693,-0.550
3064,16,-14.055,-10.072,-34.550,0.006,0.000,0.000,0.895,1.158,-9.781,19.477,-19.477,57.589,-0.447
3065,16,-14.053,-9.984,-34.459,0.006,0.000,0.000,0.871,1.144,-9.781,19.355,-19.355,57.346,-0.203
3066,16,-14.029,-9.873,-34.263,0.003,0.000,0.000,0.871,1.144,-9.781,19.293,-19.293,57.190,-0.047
3067,16,-13.998,-9.800,-34.078,0.003,0.000,0.000,0.871,1.144,-9.781,19.227,-19.227,57.057,0.086
3068,16,-13.963,-9.633,-33.780,-0.003,0.000,0.000,0.880,1.158,-9.786,19.176,-19.176,56.955,0.188
3069,16,-13.961,-9.545,-33.686,-0.003,0.000,0.000,0.890,1.148,-9.786,19.098,-19.098,56.735,0.408
3070,16,-13.938,-9.436,-33.497,-0.001,0.000,0.000,0.890,1.148,-9.786,19.012,-19.012,56.586,0.557
3071,16,-13.898,-9.374,-33.406,-0.001,0.000,0.000,0.890,1.148,-9.786,18.944,-18.944,56.449,0.694
3072,16,-13.871,-9.203,-33.023,0.001,0.000,0.000,0.876,1.148,-9.790,18.904,-18.904,56.368,0.775
3073,16,-13.866,-9.119,-32.932,0.001,0.000,0.000,0.890,1.153,-9.790,18.780,-18.780,56.143,1.000
3074,16,-13.842,-9.014,-32.744,0.000,0.000,0.000,0.890,1.153,-9.781,18.712,-18.712,55.996,1.147
3075,16,-13.801,-8.953,-32.657,0.000,0.000,0.000,0.890,1.153,-9.781,18.644,-18.644,55.860,1.283
3076,16,-13.775,-8.784,-32.278,-0.002,0.000,0.000,0.876,1.148,-9.786,18.603,-18.603,55.778,1.365
3077,16,-13.773,-8.702,-32.191,-0.002,0.000,0.000,0.900,1.148,-9.786,18.509,-18.509,55.569,1.574
3078,16,-13.749,-8.602,-32.007,-0.003,0.000,0.001,0.900,1.148,-9.781,18.432,-18.432,55.404,1.738
3079,16,-13.711,-8.542,-31.920,-0.003,0.000,0.001,0.900,1.148,-9.781,18.369,-18.369,55.277,1.866
3080,16,-13.678,-8.378,-31.553,0.001,0.000,0.000,0.895,1.139,-9.781,18.341,-18.341,55.221,1.922
3081,16,-13.674,-8.299,-31.465,0.001,0.000,0.000,0.880,1.148,-9.781,18.213,-18.213,55.008,2.135
3082,16,-13.650,-8.197,-31.285,0.000,0.000,0.001,0.880,1.148,-9.790,18.136,-18.136,54.843,2.300
3083,16,-13.610,-8.141,-31.201,0.000,0.000,0.001,0.880,1.148,-9.790,18.073,-18.073,54.717,2.426
3084,16,-13.577,-7.983,-30.842,-0.001,0.000,0.000,0.895,1.148,-9.781,18.046,-18.046,54.664,2.479
3085,16,-13.572,-7.905,-30.756,-0.001,0.000,0.000,0.880,1.144,-9.781,17.949,-17.949,54.459,2.684
3086,16,-13.546,-7.807,-30.579,-0.000,0.000,0.000,0.880,1.144,-9.776,17.875,-17.875,54.321,2.822
3087,16,-13.506,-7.752,-30.496,-0.000,0.000,0.000,0.880,1.144,-9.776,17.813,-17.813,54.197,2.945
3088,16,-13.474,-7.596,-30.144,-0.000,0.000,0.000,0.895,1.153,-9.776,17.772,-17.772,54.116,3.026
3089,16,-13.467,-7.521,-30.061,-0.000,0.000,0.000,0.880,1.153,-9.776,17.674,-17.674,53.920,3.223
3090,16,-13.439,-7.424,-29.888,-0.000,0.000,0.000,0.880,1.153,-9.776,17.606,-17.606,53.784,3.359
3091,16,-13.401,-7.374,-29.804,-0.000,0.000,0.000,0.880,1.153,-9.776,17.549,-17.549,53.669,3.474
3092,16,-13.368,-7.220,-29.458,-0.002,0.000,0.000,0.890,1.148,-9.781,17.508,-17.508,53.588,3.555
3093,16,-13.363,-7.146,-29.378,-0.002,0.000,0.000,0.895,1.168,-9.781,17.425,-17.425,53.400,3.743
3094,16,-13.337,-7.055,-29.209,-0.001,0.001,0.001,0.895,1.168,-9.776,17.343,-17.343,53.231,3.881
3095,16,-13.299,-7.001,-29.129,-0.001,0.001,0.001,0.895,1.168,-9.776,17.285,-17.285,53.116,3.997
3096,16,-13.268,-6.855,-28.796,-0.002,0.000,0.000,0.890,1.158,-9.790,17.258,-17.258,53.062,4.050
3097,16,-13.258,-6.779,-28.711,-0.002,0.000,0.000,0.890,1.158,-9.790,17.170,-17.170,52.891,4.252
3098,16,-13.230,-6.692,-28.545,0.001,0.000,0.000,0.890,1.158,-9.776,17.092,-17.092,52.765,4.377
3099,16,-13.190,-6.639,-28.468,0.001,0.000,0.000,0.890,1.158,-9.776,17.034,-17.034,52.651,4.492
3100,16,-13.160,-6.499,-28.142,-0.004,0.000,0.000,0.885,1.153,-9.776,16.998,-16.998,52.578,4.564
3101,16,-13.152,-6.424,-28.061,-0.004,0.000,0.000,0.885,1.158,-9.776,16.935,-16.935,52.400,4.743
3102,16,-13.123,-6.337,-27.899,-0.000,0.000,0.000,0.885,1.158,-9.786,16.852,-16.852,52.275,4.868
3103,16,-13.086,-6.289,-27.822,-0.000,0.000,0.000,0.885,1.158,-9.786,16.799,-16.799,52.170,4.973
3104,16,-13.051,-6.150,-27.508,-0.000,0.000,0.000,0.904,1.153,-9.762,16.763,-16.763,52.097,5.046
3105,16,-13.041,-6.079,-27.426,-0.000,0.000,0.000,0.866,1.163,-9.762,16.671,-16.671,51.914,5.229
3106,16,-13.008,-5.992,-27.268,0.007,0.002,0.000,0.866,1.163,-9.805,16.569,-16.569,51.753,5.329
3107,16,-12.990,-5.949,-27.193,0.007,0.002,0.000,0.866,1.163,-9.805,16.536,-16.536,51.688,5.394
3108,16,-12.932,-5.810,-26.887,-0.004,0.000,0.000,0.876,1.148,-9.786,16.478,-16.478,51.571,5.511
3109,16,-12.925,-5.740,-26.806,-0.004,0.000,0.000,0.876,1.148,-9.786,16.452,-16.452,51.432,5.710
3110,16,-12.897,-5.657,-26.655,-0.004,0.000,0.000,0.895,1.163,-9.786,16.393,-16.393,51.316,5.827
3111,16,-12.883,-5.615,-26.580,-0.004,0.000,0.000,0.895,1.163,-9.786,16.364,-16.364,51.258,5.885
3112,16,-12.826,-5.478,-26.278,-0.001,0.000,0.000,0.885,1.148,-9.790,16.309,-16.309,51.148,5.995
3113,16,-12.815,-5.411,-26.203,-0.001,0.000,0.000,0.885,1.148,-9.790,16.207,-16.207,50.975,6.168
3114,16,-12.789,-5.332,-26.053,-0.001,0.000,0.000,0.885,1.158,-9.771,16.153,-16.153,50.867,6.276
3115,16,-12.775,-5.291,-25.978,-0.002,0.000,0.000,0.885,1.158,-9.771,16.130,-16.130,50.809,6.334
3116,16,-12.715,-5.158,-25.682,-0.001,0.000,0.000,0.890,1.148,-9.786,16.076,-16.076,50.701,6.442
3117,16,-12.707,-5.093,-25.608,-0.001,0.000,0.000,0.890,1.148,-9.786,15.988,-15.988,50.536,6.607
3118,16,-12.677,-5.014,-25.462,-0.001,0.000,0.000,0.890,1.158,-9.786,15.931,-15.931,50.422,6.721
3119,16,-12.662,-4.973,-25.390,-0.000,0.000,0.000,0.890,1.158,-9.786,15.896,-15.896,50.364,6.778
3120,16,-12.603,-4.846,-25.101,-0.001,0.000,0.000,0.880,1.153,-9.786,15.843,-15.843,50.257,6.886
3121,16,-12.592,-4.780,-25.024,-0.001,0.000,0.000,0.880,1.153,-9.786,15.767,-15.767,50.094,7.049
3122,16,-12.564,-4.702,-24.881,-0.001,0.000,0.000,0.900,1.158,-9.781,15.713,-15.713,49.988,7.155
3123,16,-12.551,-4.666,-24.809,-0.001,0.000,0.000,0.900,1.158,-9.781,15.688,-15.688,49.938,7.205
3124,16,-12.491,-4.540,-24.527,0.001,0.000,0.000,0.885,1.153,-9.800,15.636,-15.636,49.833,7.310
3125,16,-12.478,-4.478,-24.454,0.001,0.000,0.000,0.885,1.153,-9.800,15.544,-15.544,49.670,7.473
3126,16,-12.444,-4.428,-24.311,0.001,0.000,0.000,0.895,1.153,-9.795,15.485,-15.485,49.576,7.567
3127,16,-12.433,-4.367,-24.242,0.001,0.000,0.000,0.895,1.153,-9.795,15.441,-15.441,49.510,7.632
3128,16,-12.367,-4.250,-24.036,0.001,0.001,0.000,0.909,1.139,-9.781,15.364,-15.364,49.404,7.739
3129,16,-12.361,-4.182,-23.898,0.001,0.001,0.000,0.909,1.139,-9.781,15.253,-15.253,49.236,7.876
3130,16,-12.326,-4.134,-23.760,0.001,0.001,0.000,0.871,1.163,-9.767,15.182,-15.182,49.143,7.970
3131,16,-12.314,-4.073,-23.697,0.005,0.000,0.000,0.871,1.163,-9.767,15.115,-15.115,49.092,8.051
3132,16,-12.246,-3.964,-23.494,-0.003,0.000,0.000,0.880,1.139,-9.795,15.035,-15.035,48.984,8.159
3133,16,-12.239,-3.897,-23.359,-0.003,0.000,0.000,0.880,1.139,-9.795,14.972,-14.972,48.837,8.305
3134,16,-12.207,-3.850,-23.225,-0.003,0.000,0.000,0.909,1.158,-9.781,14.906,-14.906,48.751,8.392
3135,16,-12.199,-3.790,-23.159,-0.002,0.000,0.000,0.909,1.158,-9.781,14.861,-14.861,48.692,8.451
3136,16,-12.136,-3.683,-22.962,-0.000,0.001,0.000,0.909,1.148,-9.767,14.791,-14.791,48.596,8.547
3137,16,-12.129,-3.617,-22.832,-0.000,0.001,0.000,0.895,1.148,-9.767,14.675,-14.675,48.436,8.676
3138,16,-12.096,-3.570,-22.700,-0.000,0.001,0.000,0.890,1.148,-9.790,14.609,-14.609,48.350,8.763
3139,16,-12.086,-3.514,-22.638,-0.001,0.000,0.000,0.890,1.148,-9.790,14.575,-14.575,48.308,8.835
3140,16,-12.023,-3.408,-22.445,-0.001,0.000,0.000,0.890,1.153,-9.786,14.506,-14.506,48.213,8.930
3141,16,-12.015,-3.346,-22.318,-0.001,0.000,0.000,0.885,1.153,-9.786,14.401,-14.401,48.070,9.072
3142,16,-11.985,-3.300,-22.186,-0.001,0.000,0.000,0.880,1.144,-9.781,14.340,-14.340,47.990,9.152
3143,16,-11.974,-3.245,-22.127,-0.004,0.000,0.000,0.880,1.144,-9.781,14.317,-14.317,47.933,9.209
3144,16,-11.913,-3.144,-21.937,0.002,0.001,0.000,0.880,1.144,-9.800,14.253,-14.253,47.845,9.297
3145,16,-11.904,-3.082,-21.814,0.002,0.001,0.000,0.919,1.144,-9.800,14.117,-14.117,47.690,9.423
3146,16,-11.870,-3.037,-21.689,0.002,0.001,0.000,0.871,1.148,-9.776,14.051,-14.051,47.604,9.508
3147,16,-11.856,-2.985,-21.630,0.006,0.000,0.000,0.871,1.148,-9.776,13.987,-13.987,47.559,9.584
3148,16,-11.790,-2.884,-21.448,0.000,0.000,0.000,0.871,1.148,-9.781,13.918,-13.918,47.466,9.677
3149,16,-11.783,-2.827,-21.325,0.000,0.000,0.000,0.885,1.148,-9.781,13.852,-13.852,47.334,9.809
3150,16,-11.749,-2.782,-21.204,0.000,0.000,0.000,0.895,1.153,-9.776,13.787,-13.787,47.249,9.894
3151,16,-11.741,-2.732,-21.144,-0.002,0.000,0.000,0.895,1.153,-9.776,13.764,-13.764,47.201,9.942
3152,16,-11.681,-2.633,-20.965,-0.001,0.000,0.000,0.895,1.148,-9.790,13.701,-13.701,47.115,10.028
3153,16,-11.670,-2.576,-20.845,-0.001,0.000,0.000,0.890,1.148,-9.790,13.597,-13.597,46.982,10.161
3154,16,-11.640,-2.536,-20.726,-0.001,0.000,0.000,0.880,1.153,-9.786,13.539,-13.539,46.908,10.235
3155,16,-11.630,-2.485,-20.668,-0.001,0.000,0.000,0.880,1.153,-9.786,13.504,-13.504,46.857,10.286
3156,16,-11.590,-2.395,-20.491,-0.005,0.000,0.000,0.880,1.153,-9.795,13.441,-13.441,46.772,10.371
3157,16,-11.565,-2.335,-20.375,-0.005,0.000,0.000,0.871,1.153,-9.795,13.374,-13.374,46.653,10.490
3158,16,-11.537,-2.297,-20.260,-0.005,0.000,0.000,0.895,1.148,-9.776,13.321,-13.321,46.585,10.558
3159,16,-11.527,-2.246,-20.202,-0.009,0.001,0.000,0.895,1.148,-9.776,13.303,-13.303,46.519,10.593
3160,16,-11.490,-2.157,-20.028,-0.000,0.000,0.000,0.895,1.148,-9.781,13.244,-13.244,46.439,10.674
3161,16,-11.461,-2.097,-19.913,-0.000,0.000,0.000,0.909,1.158,-9.781,13.109,-13.109,46.332,10.811
3162,16,-11.430,-2.058,-19.801,-0.000,0.000,0.000,0.890,1.153,-9.790,13.052,-13.052,46.258,10.885
3163,16,-11.419,-2.011,-19.743,0.002,0.000,0.000,0.890,1.153,-9.790,13.007,-13.007,46.210,10.933
3164,16,-11.376,-1.926,-19.572,-0.001,0.000,0.000,0.890,1.153,-9.771,12.945,-12.945,46.127,11.016
3165,16,-11.346,-1.870,-19.460,-0.001,0.000,0.000,0.885,1.153,-9.771,12.869,-12.869,46.005,11.138
3166,16,-11.318,-1.832,-19.352,-0.001,0.000,0.000,0.880,1.158,-9.786,12.817,-12.817,45.938,11.205
3167,16,-11.307,-1.786,-19.297,-0.001,0.000,0.000,0.880,1.158,-9.786,12.783,-12.783,45.890,11.253
3168,16,-11.267,-1.702,-19.131,-0.010,0.000,0.000,0.880,1.158,-9.781,12.726,-12.726,45.813,11.329
3169,16,-11.244,-1.647,-19.022,-0.010,0.000,0.000,0.895,1.148,-9.781,12.687,-12.687,45.704,11.439
3170,16,-11.219,-1.611,-18.916,-0.010,0.000,0.000,0.928,1.153,-9.786,12.639,-12.639,45.642,11.501
3171,16,-11.207,-1.565,-18.862,-0.000,0.000,0.000,0.928,1.153,-9.786,12.557,-12.557,45.595,11.548
3172,16,-11.167,-1.481,-18.699,-0.000,0.000,0.000,0.928,1.153,-9.805,12.500,-12.500,45.519,11.624
3173,16,-11.140,-1.430,-18.593,-0.000,0.000,0.000,0.866,1.153,-9.805,12.415,-12.415,45.406,11.737
3174,16,-11.111,-1.394,-18.488,-0.000,0.000,0.000,0.909,1.153,-9.776,12.362,-12.362,45.339,11.804
3175,16,-11.103,-1.348,-18.434,-0.010,0.000,0.000,0.909,1.153,-9.776,12.381,-12.381,45.298,11.845
2084,16,-0.310,39.355,-2.176,-0.001,-0.000,0.000,0.010,6.307,-7.628,-3.413,3.413,-13.461,-13.208
2085,16,-0.310,39.360,-2.176,-0.001,-0.000,0.000,0.033,6.249,-7.628,-3.401,3.401,-13.499,-13.243
2086,16,-0.310,39.360,-2.176,-0.000,0.003,0.000,0.033,6.249,-7.647,-3.407,3.407,-13.544,-13.289
2087,16,-0.310,39.363,-2.176,-0.000,0.003,0.000,0.033,6.249,-7.647,-3.407,3.407,-13.549,-13.293
2088,16,-0.310,39.363,-2.176,-0.002,-0.001,0.000,0.010,6.192,-7.680,-3.407,3.407,-13.549,-13.293
2089,16,-0.310,39.360,-2.176,-0.002,-0.001,0.000,0.048,6.264,-7.680,-3.396,3.396,-13.484,-13.228
2090,16,-0.310,39.360,-2.176,-0.002,-0.002,0.000,0.048,6.264,-7.651,-3.396,3.396,-13.468,-13.213
2091,16,-0.315,39.360,-2.178,-0.002,-0.002,0.000,0.048,6.264,-7.651,-3.395,3.395,-13.470,-13.211
2092,16,-0.310,39.360,-2.176,-0.000,0.003,0.000,0.043,6.283,-7.656,-3.395,3.395,-13.470,-13.211
2093,16,-0.310,39.360,-2.176,-0.000,0.003,0.000,0.077,6.235,-7.656,-3.407,3.407,-13.544,-13.289
2094,16,-0.310,39.363,-2.176,-0.000,0.002,0.000,0.077,6.235,-7.661,-3.407,3.407,-13.534,-13.278
2095,16,-0.310,39.363,-2.176,-0.000,0.002,0.000,0.077,6.235,-7.661,-3.407,3.407,-13.534,-13.278
2096,16,-0.315,39.363,-2.178,-0.002,-0.002,0.000,0.033,6.259,-7.661,-3.405,3.405,-13.536,-13.276
2097,16,-0.315,39.360,-2.178,-0.002,-0.002,0.000,0.043,6.249,-7.661,-3.395,3.395,-13.470,-13.211
2098,16,-0.315,39.360,-2.178,-0.000,-0.000,0.000,0.043,6.249,-7.671,-3.405,3.405,-13.500,-13.241
2099,16,-0.315,39.360,-2.178,-0.000,-0.000,0.000,0.043,6.249,-7.671,-3.405,3.405,-13.500,-13.241
2100,16,-0.315,39.360,-2.178,0.002,0.002,0.000,0.019,6.245,-7.661,-3.405,3.405,-13.500,-13.241
2101,16,-0.310,39.360,-2.176,0.002,0.002,0.000,0.043,6.240,-7.661,-3.417,3.417,-13.529,-13.273
2102,16,-0.315,39.360,-2.178,-0.002,0.000,0.000,0.043,6.240,-7.666,-3.395,3.395,-13.500,-13.241
2103,16,-0.315,39.360,-2.178,-0.002,0.000,0.000,0.043,6.240,-7.666,-3.395,3.395,-13.500,-13.241
2104,16,-0.313,39.355,-2.173,-0.002,0.000,0.000,0.000,6.278,-7.637,-3.395,3.395,-13.498,-13.240
2105,16,-0.317,39.355,-2.175,-0.002,0.000,0.000,0.057,6.264,-7.637,-3.394,3.394,-13.495,-13.234
2106,16,-0.313,39.355,-2.173,-0.000,0.000,0.000,0.057,6.264,-7.637,-3.406,3.406,-13.493,-13.236
2107,16,-0.313,39.355,-2.173,-0.000,0.000,0.000,0.057,6.264,-7.637,-3.406,3.406,-13.493,-13.236
2108,16,-0.313,39.355,-2.173,-0.000,0.002,0.000,0.057,6.249,-7.642,-3.406,3.406,-13.493,-13.236
2109,16,-0.313,39.355,-2.173,-0.000,0.002,0.000,0.048,6.278,-7.642,-3.406,3.406,-13.524,-13.266
2110,16,-0.313,39.355,-2.173,-0.000,0.000,0.000,0.048,6.278,-7.642,-3.406,3.406,-13.493,-13.236
2111,16,-0.313,39.355,-2.173,-0.000,0.000,0.000,0.048,6.278,-7.642,-3.406,3.406,-13.493,-13.236
2112,16,-0.317,39.355,-2.175,-0.001,0.002,0.000,0.067,6.259,-7.651,-3.406,3.406,-13.493,-13.236
2113,16,-0.317,39.360,-2.175,-0.001,0.002,0.000,0.033,6.249,-7.651,-3.399,3.399,-13.532,-13.270
2114,16,-0.317,39.360,-2.175,0.001,0.001,0.000,0.033,6.249,-7.642,-3.410,3.410,-13.517,-13.255
2115,16,-0.313,39.360,-2.173,0.001,0.001,0.000,0.033,6.249,-7.642,-3.411,3.411,-13.515,-13.257
2116,16,-0.313,39.359,-2.173,0.000,-0.001,0.000,0.029,6.245,-7.647,-3.411,3.411,-13.515,-13.257
2117,16,-0.313,39.355,-2.173,0.000,-0.001,0.000,0.010,6.264,-7.647,-3.406,3.406,-13.478,-13.220
2118,16,-0.313,39.355,-2.173,0.000,-0.000,0.000,0.010,6.264,-7.637,-3.406,3.406,-13.493,-13.236
2119,16,-0.313,39.355,-2.173,0.000,-0.000,0.000,0.010,6.264,-7.637,-3.406,3.406,-13.493,-13.236
2120,16,-0.317,39.355,-2.175,-0.002,0.001,0.000,0.019,6.245,-7.651,-3.406,3.406,-13.493,-13.236
2121,16,-0.317,39.355,-2.175,-0.002,0.001,0.000,0.062,6.254,-7.651,-3.394,3.394,-13.510,-13.249
2122,16,-0.317,39.355,-2.175,-0.001,0.000,0.000,0.062,6.254,-7.647,-3.399,3.399,-13.495,-13.234
2123,16,-0.317,39.355,-2.175,-0.001,0.000,0.000,0.062,6.254,-7.647,-3.399,3.399,-13.495,-13.234
2124,16,-0.317,39.355,-2.175,-0.000,0.000,0.000,0.053,6.254,-7.661,-3.399,3.399,-13.495,-13.234
2125,16,-0.317,39.355,-2.175,-0.000,0.000,0.000,0.057,6.230,-7.661,-3.405,3.405,-13.495,-13.234
2126,16,-0.317,39.355,-2.175,0.001,0.000,0.000,0.057,6.230,-7.656,-3.410,3.410,-13.495,-13.234
2127,16,-0.317,39.352,-2.175,0.001,0.000,0.000,0.057,6.230,-7.656,-3.410,3.410,-13.490,-13.229
2128,16,-0.317,39.352,-2.175,0.000,0.000,0.000,0.067,6.273,-7.628,-3.410,3.410,-13.490,-13.229
2129,16,-0.317,39.352,-2.175,0.000,0.000,0.000,0.024,6.292,-7.628,-3.405,3.405,-13.490,-13.229
2130,16,-0.313,39.352,-2.173,0.002,0.000,0.000,0.024,6.292,-7.666,-3.417,3.417,-13.489,-13.231
2131,16,-0.313,39.352,-2.173,0.002,0.000,0.000,0.024,6.292,-7.666,-3.417,3.417,-13.489,-13.231
2132,16,-0.313,39.352,-2.173,0.000,0.000,0.000,0.053,6.254,-7.656,-3.417,3.417,-13.489,-13.231
2133,16,-0.313,39.352,-2.173,0.000,0.000,0.000,0.010,6.249,-7.656,-3.406,3.406,-13.489,-13.231
2134,16,-0.317,39.352,-2.175,-0.002,0.000,0.000,0.010,6.249,-7.651,-3.394,3.394,-13.490,-13.229
2135,16,-0.317,39.352,-2.175,-0.002,0.000,0.000,0.010,6.249,-7.651,-3.394,3.394,-13.490,-13.229
2136,16,-0.317,39.349,-2.175,-0.000,0.000,0.000,0.005,6.249,-7.656,-3.394,3.394,-13.485,-13.225
2137,16,-0.317,39.349,-2.175,-0.000,0.000,0.000,0.048,6.288,-7.656,-3.405,3.405,-13.485,-13.225
2138,16,-0.317,39.349,-2.175,-0.000,0.000,0.000,0.048,6.288,-7.628,-3.405,3.405,-13.485,-13.225
2139,16,-0.317,39.349,-2.175,-0.000,0.000,0.000,0.048,6.288,-7.628,-3.405,3.405,-13.485,-13.225
2140,16,-0.317,39.349,-2.175,-0.001,0.000,0.000,0.024,6.273,-7.637,-3.405,3.405,-13.485,-13.225
2141,16,-0.317,39.349,-2.175,-0.001,0.000,0.000,0.057,6.264,-7.637,-2.399,2.399,-13.485,-13.225
2142,16,-0.316,39.349,-2.171,-0.002,0.001,0.000,0.057,6.264,-7.613,-2.394,2.394,-13.500,-13.240
2143,16,-0.316,39.349,-2.171,-0.002,0.001,0.000,0.057,6.264,-7.613,-2.394,2.394,-13.500,-13.240
2144,16,-0.320,39.349,-2.172,-0.001,0.000,0.000,0.077,6.240,-7.642,-2.394,2.394,-13.500,-13.240
2145,16,-0.320,39.349,-2.172,-0.001,0.000,0.000,0.029,6.139,-7.642,-2.398,2.398,-13.487,-13.223
2146,16,-0.326,39.349,-2.160,-0.031,0.001,-0.019,0.029,6.139,-7.695,-2.008,2.008,-13.025,-13.715
2147,16,-0.330,39.349,-2.150,-0.031,0.001,-0.019,0.029,6.139,-7.695,-2.006,2.006,-13.027,-13.713
2148,16,-0.325,39.347,-2.144,0.012,0.001,0.002,0.033,6.283,-7.666,-2.006,2.006,-13.025,-13.711
2149,16,-0.326,39.347,-2.148,0.012,0.001,0.002,0.077,6.292,-7.666,-2.487,2.487,-13.556,-13.181
2150,16,-0.321,39.352,-2.154,0.012,0.010,0.012,0.077,6.292,-7.675,-2.609,2.609,-13.922,-13.072
2151,16,-0.322,39.355,-2.158,0.012,0.010,0.012,0.077,6.292,-7.675,-2.608,2.608,-13.927,-13.076
2152,16,-0.321,39.355,-2.165,0.001,-0.003,0.001,0.038,6.245,-7.642,-2.608,2.608,-13.927,-13.076
2153,16,-0.321,39.352,-2.165,0.001,-0.003,0.001,-0.019,6.206,-7.642,-2.422,2.422,-13.473,-13.155
