packet_timestamp,statemachine,angle_roll,angle_pitch,angle_yaw,gyro_x,gyro_y,gyro_z,acc_x,acc_y,acc_z,rudder1,rudder2,rudder3,rudder4
2185,16,52.769,-39.122,-94.478,6.761,-0.980,-9.277,-0.713,4.723,-1.325,42.500,-42.500,192.572,-107.428
2186,16,53.485,-44.070,-90.134,6.761,-0.980,-9.277,-0.713,4.723,-1.517,42.500,-42.500,192.572,-107.428
2187,16,53.344,-46.393,-87.459,6.604,0.065,-9.416,-0.273,0.560,-1.517,42.500,-42.500,177.643,-122.357
2188,16,51.170,-55.204,-75.655,6.604,0.065,-9.416,-0.273,0.560,-1.517,42.500,-42.500,177.643,-122.357
2189,16,48.455,-57.144,-70.243,6.456,1.458,-9.516,-0.282,0.321,-0.737,42.500,-42.500,157.738,-142.262
2190,16,43.651,-60.656,-60.594,6.456,1.458,-9.516,-0.282,0.321,-0.349,42.500,-42.500,157.738,-142.262
2191,16,40.137,-61.914,-54.729,6.101,2.712,-9.372,-0.392,0.263,-0.349,42.500,-42.500,139.826,-160.174
2192,16,23.587,-65.531,-28.988,6.101,2.712,-9.372,-0.392,0.263,-0.349,42.500,-42.500,139.826,-160.174
2193,16,17.418,-64.246,-20.617,5.608,3.717,-9.119,-0.268,0.254,-0.201,42.500,-42.500,125.476,-174.524
2194,16,8.174,-63.000,-6.966,5.608,3.717,-9.119,-0.268,0.254,-5.934,42.500,-42.500,125.476,-174.524
2195,16,3.416,-61.854,-0.795,2.847,4.211,-8.882,-4.106,-0.177,-5.934,50.763,-50.763,118.414,-181.586
2196,16,-13.551,-56.430,20.229,2.847,4.211,-8.882,-4.106,-0.177,-5.934,65.763,-65.763,118.414,-181.586
2197,16,-17.714,-53.513,24.196,-3.738,3.287,-9.937,-26.912,0.608,3.957,98.690,-98.690,131.608,-168.391
2198,16,-25.312,-49.094,31.467,-3.738,3.287,-9.937,-26.912,0.608,1.421,98.690,-98.690,131.608,-168.391
2199,16,-28.494,-47.035,34.705,-3.334,2.118,-10.002,-20.012,0.167,1.421,96.671,-96.671,148.318,-151.682
2200,16,-38.657,-38.880,45.196,-3.334,2.118,-10.002,-20.012,0.167,1.421,96.671,-96.671,148.318,-151.682
2201,16,-40.565,-36.138,47.231,-3.804,2.118,-9.836,-2.206,-0.967,1.421,99.020,-99.020,148.318,-151.682
2202,16,-44.502,-31.747,51.342,-3.804,1.120,-9.836,-2.206,-0.967,-1.043,99.020,-99.020,162.577,-137.423
2203,16,-46.268,-29.453,53.219,-3.804,1.120,-9.836,-0.316,-0.507,-0.928,99.020,-99.020,162.577,-137.423
2204,16,-53.022,-20.536,60.106,-4.433,0.512,-9.972,-0.316,-0.507,-0.928,102.163,-102.163,171.252,-128.748
2205,16,-54.714,-17.439,62.090,-4.261,0.512,-9.859,-0.790,-2.015,-0.928,101.305,-101.305,171.252,-128.748
2206,16,-57.386,-12.391,65.196,-4.261,0.202,-9.859,-0.790,-2.015,-3.201,101.305,-101.305,175.680,-124.320
2207,16,-58.608,-9.822,66.660,-4.261,0.202,-9.859,-1.565,-4.345,-4.278,101.305,-101.305,174.946,-125.054
2208,16,-62.342,-0.604,70.637,-4.192,0.962,-9.441,-1.565,-4.345,-4.278,100.959,-100.959,159.330,-140.670
2209,16,-63.577,3.062,71.380,-4.470,0.962,-8.539,-5.469,-39.927,-4.278,102.349,-102.349,152.872,-147.128
2210,16,-65.588,8.051,71.930,-4.470,3.291,-8.539,-5.469,-39.927,-20.122,102.349,-102.349,115.687,-184.313
2211,16,-66.606,10.527,72.160,-4.470,3.291,-8.539,0.402,-17.045,-5.034,102.349,-102.349,113.857,-186.143
2212,16,-72.611,19.728,70.602,-5.878,4.960,-8.972,0.402,-17.045,-5.034,102.500,-102.500,86.015,-213.985
2213,16,-74.659,24.133,70.396,-6.294,4.960,-9.014,0.010,-0.952,-5.034,102.500,-102.500,81.359,-218.641
2214,16,-78.397,29.377,69.234,-6.294,4.512,-9.014,0.010,-0.952,-1.971,102.500,-102.500,85.715,-214.285
2215,16,-80.397,31.956,68.478,-6.294,4.512,-9.014,0.100,-0.775,-1.311,102.500,-102.500,85.070,-214.930
2216,16,-88.538,39.825,64.729,-6.652,4.011,-9.150,0.100,-0.775,-1.311,102.500,-102.500,91.786,-208.214
2217,16,-92.283,44.323,63.363,-6.830,4.011,-9.309,0.153,-0.727,-1.311,102.500,-102.500,93.510,-206.490
2218,16,-98.224,48.922,60.141,-6.830,3.427,-9.309,0.153,-0.727,-1.115,102.500,-102.500,104.842,-195.158
2219,16,-101.608,51.095,58.086,-6.830,3.427,-9.309,25.553,-3.608,-7.651,102.500,-102.500,106.976,-193.024
2220,16,-108.156,57.340,51.345,-1.548,2.788,-8.961,25.553,-3.608,-7.651,87.739,-87.739,119.488,-180.512
2221,16,-110.455,60.551,46.449,6.938,2.788,-6.383,17.212,5.082,-7.651,25.098,-25.098,84.369,-134.785
2222,16,-111.380,62.992,40.739,6.938,3.491,-6.383,17.212,5.082,-0.196,25.098,-25.098,76.063,-143.090
2223,16,-112.107,64.199,37.663,6.938,3.491,-6.383,10.312,26.041,-12.662,25.098,-25.098,77.153,-142.000
2224,16,-113.037,67.984,32.160,4.620,1.742,-5.456,10.312,26.041,-12.662,25.103,-25.103,80.782,-92.032
2225,16,-111.880,70.085,31.102,3.522,1.742,-2.659,1.392,26.007,-12.662,-4.373,4.373,11.426,-21.519
2226,16,-105.658,72.122,35.713,3.522,-2.989,-2.659,1.392,26.007,-7.427,-4.373,4.373,74.074,41.129
2227,16,-102.166,73.084,38.419,3.522,-2.989,-2.659,-3.737,4.910,-9.934,-4.373,4.373,70.998,38.053
2228,16,-90.326,75.604,47.094,4.162,-1.492,-2.301,-3.737,4.910,-9.934,-12.048,12.048,35.574,20.525
2229,16,-87.610,76.605,47.347,5.947,-1.492,-2.131,-6.422,-3.397,-9.934,-23.105,23.105,22.103,15.577
2230,16,-81.329,77.855,50.523,5.947,-0.399,-2.131,-6.422,-3.397,-17.040,-23.105,23.105,-0.199,-6.725
2231,16,-77.755,78.466,52.548,5.947,-0.399,-2.131,-3.661,-2.713,-8.532,-23.105,23.105,-4.080,-10.607
2232,16,-65.137,79.930,59.465,6.683,0.276,-1.651,-3.661,-2.713,-8.532,-32.778,32.778,-32.459,-15.017
2233,16,-61.308,80.736,60.328,5.946,0.276,-1.056,-3.321,-1.732,-8.532,-36.536,36.536,-56.121,-8.905
2234,16,-54.283,81.314,64.223,5.946,0.280,-1.056,-3.321,-1.732,-8.546,-36.536,36.536,-56.182,-8.966
2235,16,-50.445,81.579,66.496,5.946,0.280,-1.056,-5.766,0.086,-10.709,-36.536,36.536,-56.182,-8.966
2236,16,-42.273,81.561,74.325,0.848,-0.078,-0.279,-5.766,0.086,-10.709,-20.751,20.751,-70.483,15.562
2237,16,-41.130,81.592,76.325,-2.746,-0.078,-0.021,-4.886,1.436,-10.709,-6.002,6.002,-76.928,22.007
2238,16,-39.306,81.475,80.017,-2.746,-0.226,-0.021,-4.886,1.436,-4.895,-6.002,6.002,-74.813,24.122
2239,16,-38.420,81.421,81.839,-2.746,-0.226,-0.021,-6.225,1.885,-9.063,-6.002,6.002,-74.813,24.122
2240,16,-36.680,81.428,86.861,-3.033,0.047,0.043,-6.225,1.885,-9.063,-5.369,5.369,-80.306,21.824
2241,16,-36.925,81.470,88.345,-2.747,0.047,0.285,-2.560,0.794,-9.063,-9.832,9.832,-86.378,27.896
2242,16,-36.997,81.479,90.142,-2.747,0.187,0.285,-2.560,0.794,-12.384,-9.832,9.832,-88.387,25.887
2243,16,-37.008,81.481,91.062,-2.747,0.187,0.285,-0.254,1.048,-9.034,-9.832,9.832,-88.387,25.887
2244,16,-36.489,81.288,94.513,-2.722,0.017,0.388,-0.254,1.048,-9.034,-11.238,11.238,-88.509,30.879
2245,16,-36.931,81.190,95.722,-2.581,0.017,0.360,-0.435,1.278,-9.034,-11.595,11.595,-87.816,30.187
2246,16,-36.904,81.086,97.511,-2.581,0.076,0.360,-0.435,1.278,-10.140,-11.595,11.595,-88.653,29.350
2247,16,-36.893,81.030,98.403,-2.581,0.076,0.360,0.479,0.924,-10.097,-11.595,11.595,-88.653,29.350
2248,16,-36.063,80.850,101.641,-2.200,0.108,0.321,0.479,0.924,-10.097,-13.009,13.009,-88.125,27.908
2249,16,-36.078,80.766,102.939,-1.764,0.108,0.275,0.919,1.168,-10.097,-14.615,14.615,-86.979,26.762
2250,16,-35.459,80.636,104.847,-1.764,0.072,0.275,0.919,1.168,-9.345,-14.615,14.615,-86.477,27.265
2251,16,-35.161,80.564,105.785,-1.764,0.072,0.275,1.297,1.163,-9.666,-14.615,14.615,-86.477,27.265
2252,16,-33.056,80.254,109.476,-1.311,0.048,0.222,1.297,1.163,-9.666,-16.213,16.213,-84.796,26.283
2253,16,-32.581,80.166,110.788,-0.854,0.048,0.142,1.445,1.120,-9.666,-17.499,17.499,-82.798,24.286
2254,16,-31.259,79.993,112.871,-0.854,0.034,0.142,1.445,1.120,-9.589,-17.499,17.499,-82.600,24.484
2255,16,-30.641,79.899,113.864,-0.854,0.034,0.142,1.627,1.182,-9.604,-17.499,17.499,-82.600,24.484
2256,16,-27.485,79.483,117.790,-0.405,0.016,0.070,1.627,1.182,-9.604,-18.855,18.855,-80.557,22.958
2257,16,-26.459,79.398,119.165,0.040,0.016,0.000,1.651,1.144,-9.604,-20.202,20.202,-78.800,21.200
2258,16,-24.605,79.171,121.262,0.040,-0.003,0.000,1.651,1.144,-9.537,-20.202,20.202,-78.526,21.474
2259,16,-23.709,79.054,122.279,0.040,-0.003,0.000,1.388,1.144,-9.680,-20.202,20.202,-78.526,21.474
2260,16,-20.002,78.498,126.055,0.375,-0.017,-0.054,1.388,1.144,-9.680,-21.196,21.196,-76.970,20.314
2261,16,-18.694,78.403,127.349,0.595,-0.017,-0.080,1.163,1.158,-9.680,-21.794,21.794,-75.960,19.305
2262,16,-16.728,78.115,129.236,0.595,-0.031,-0.080,1.163,1.158,-9.652,-19.222,19.222,-70.620,14.360
2263,16,-15.784,77.966,130.138,0.595,-0.031,-0.080,0.818,1.153,-9.814,-17.967,17.967,-68.110,11.849
2264,16,-12.435,77.308,133.278,0.687,-0.029,-0.095,0.818,1.153,-9.814,-15.679,15.679,-62.648,6.327
2265,16,-11.191,77.188,134.393,0.705,-0.029,-0.096,0.665,1.153,-9.814,-12.118,12.118,-55.345,-0.976
2266,16,-9.499,76.858,135.943,0.705,-0.036,-0.096,0.665,1.153,-9.790,-10.437,10.437,-50.625,-5.483
2267,16,-8.696,76.691,136.673,0.705,-0.036,-0.096,0.392,1.101,-9.857,-9.932,9.932,-48.437,-7.672
2268,16,-6.060,75.977,139.112,0.665,-0.027,-0.087,0.392,1.101,-9.857,-8.885,8.885,-44.639,-11.743
2269,16,-5.048,75.836,140.033,0.597,-0.027,-0.072,0.301,1.144,-9.857,-7.435,7.435,-39.320,-17.062
2270,16,-3.762,75.486,141.232,0.597,-0.028,-0.072,0.301,1.144,-9.838,-6.671,6.671,-35.910,-20.442
2271,16,-3.143,75.309,141.807,0.597,-0.028,-0.072,0.057,1.139,-9.939,-6.310,6.310,-34.296,-22.056
2272,16,-1.286,74.594,143.681,0.421,-0.009,-0.059,0.057,1.139,-9.939,-4.989,4.989,-32.138,-24.762
2275,16,0.645,73.816,145.849,0.222,-0.015,-0.021,-0.062,1.182,-9.877,-3.015,3.015,-26.278,-30.439
2283,16,3.910,71.095,151.555,-0.162,0.011,0.018,0.412,1.120,-9.819,-0.253,0.253,-20.667,-36.781
2287,16,5.192,69.724,153.944,-0.020,0.003,0.004,0.388,1.110,-9.829,-0.446,0.446,-17.972,-39.262
2288,16,5.745,69.137,154.841,0.044,-0.001,-0.004,0.388,1.110,-9.829,-0.581,0.581,-17.183,-39.930
2289,16,5.997,68.967,155.303,0.064,-0.002,-0.007,0.292,1.110,-9.829,-0.536,0.536,-16.278,-40.804
2290,16,6.330,68.624,155.837,0.064,-0.002,-0.007,0.292,1.129,-9.829,-0.474,0.474,-15.770,-41.312
2291,16,6.532,68.350,156.116,0.064,-0.002,-0.007,0.258,1.115,-9.833,-0.451,0.451,-15.498,-41.584
2294,16,7.422,67.264,157.808,0.003,-0.000,0.000,0.254,1.115,-9.838,-0.148,0.148,-14.539,-42.604
2303,16,9.011,64.325,161.390,0.016,0.000,-0.002,0.287,1.129,-9.819,-0.358,0.358,-13.258,-43.884
2304,16,9.251,63.775,161.979,0.019,0.000,-0.002,0.287,1.129,-9.819,-0.393,0.393,-13.166,-43.977
2305,16,9.367,63.609,162.317,0.004,0.000,0.000,0.282,1.134,-9.819,-0.406,0.406,-13.137,-44.006
2306,16,9.506,63.287,162.684,0.004,0.000,0.000,0.282,1.134,-9.848,-0.449,0.449,-13.100,-44.043
2307,16,9.593,63.021,162.860,0.004,0.000,0.000,0.287,1.134,-9.838,-0.493,0.493,-13.118,-44.025
2308,16,9.766,62.485,163.400,-0.011,0.001,0.001,0.287,1.134,-9.838,-0.463,0.463,-13.139,-44.034
2309,16,9.854,62.318,163.723,-0.012,0.001,0.001,0.311,1.134,-9.838,-0.538,0.538,-13.166,-44.007
2310,16,9.954,61.997,164.054,-0.012,0.001,0.001,0.311,1.134,-9.819,-0.595,0.595,-13.203,-43.970
2311,16,10.023,61.735,164.219,-0.012,0.001,0.001,0.330,1.139,-9.819,-0.645,0.645,-13.255,-43.918
2312,16,10.286,61.206,164.909,0.002,0.000,0.000,0.330,1.139,-9.819,-0.738,0.738,-13.217,-43.926
2313,16,10.248,61.044,165.012,0.014,0.000,-0.002,0.311,1.134,-9.819,-0.860,0.860,-13.237,-43.906
2314,16,10.340,60.729,165.314,0.014,0.000,-0.002,0.311,1.134,-9.829,-0.922,0.922,-13.293,-43.850
2315,16,10.401,60.467,165.462,0.014,0.000,-0.002,0.292,1.134,-9.833,-0.976,0.976,-13.362,-43.781
2316,16,10.513,59.951,165.910,0.006,0.000,-0.001,0.292,1.134,-9.833,-0.993,0.993,-13.419,-43.724
2317,16,10.578,59.789,166.195,-0.002,0.000,0.000,0.292,1.129,-9.833,-1.062,1.062,-13.573,-43.570
2318,16,10.642,59.481,166.473,-0.002,0.000,0.000,0.292,1.129,-9.833,-1.129,1.129,-13.671,-43.472
2322,16,10.875,58.253,167.579,-0.002,0.000,0.000,0.311,1.134,-9.824,-1.405,1.405,-14.098,-43.045
2323,16,10.908,57.999,167.701,-0.002,0.000,0.000,0.316,1.134,-9.833,-1.464,1.464,-14.208,-42.934
2324,16,11.073,57.499,168.273,0.004,0.000,0.000,0.316,1.134,-9.833,-1.541,1.541,-14.274,-42.868
2325,16,11.018,57.349,168.357,0.007,0.001,-0.001,0.301,1.129,-9.833,-1.649,1.649,-14.446,-42.727
2326,16,11.071,57.051,168.615,0.007,0.001,-0.001,0.301,1.129,-9.824,-1.719,1.719,-14.560,-42.614
2333,16,11.279,55.000,170.300,-0.004,0.000,0.000,0.316,1.129,-9.824,-2.170,2.170,-15.543,-41.600
2334,16,11.299,54.713,170.529,-0.004,0.000,0.000,0.316,1.129,-9.824,-2.240,2.240,-15.690,-41.452
2335,16,11.309,54.468,170.629,-0.004,0.000,0.000,0.321,1.139,-9.829,-2.300,2.300,-15.823,-41.320
2336,16,11.408,54.002,171.113,0.004,0.000,-0.001,0.321,1.139,-9.829,-2.375,2.375,-15.887,-41.255
2337,16,11.353,53.859,171.191,0.009,0.000,-0.001,0.301,1.134,-9.829,-2.501,2.501,-16.105,-41.037
2349,16,11.387,50.571,173.584,-0.010,0.000,0.000,0.297,1.134,-9.819,-3.225,3.225,-17.977,-39.166
2352,16,11.404,49.652,174.263,-0.010,0.001,0.000,0.321,1.129,-9.824,-3.381,3.381,-17.683,-38.082
2353,16,11.335,49.521,174.322,0.005,0.000,0.000,0.330,1.134,-9.824,-3.547,3.547,-17.357,-37.287
2354,16,11.330,49.262,174.506,0.005,0.000,0.000,0.330,1.134,-9.829,-3.609,3.609,-17.142,-36.779
2355,16,11.324,49.037,174.582,0.005,0.000,0.000,0.311,1.134,-9.829,-3.662,3.662,-16.957,-36.338
2356,16,11.309,48.628,174.847,0.016,0.000,0.000,0.311,1.134,-9.829,-3.752,3.752,-16.827,-36.024
2359,16,11.289,48.018,175.275,0.009,0.000,0.000,0.292,1.125,-9.829,-3.916,3.916,-16.118,-34.334
2373,16,10.919,44.609,177.562,-0.004,0.000,0.000,0.306,1.153,-9.824,-4.583,4.583,-13.417,-27.550
2374,16,10.891,44.376,177.708,-0.001,0.000,0.000,0.306,1.153,-9.814,-4.646,4.646,-13.228,-27.091
2375,16,10.874,44.171,177.769,-0.001,0.000,0.000,0.306,1.153,-9.814,-4.689,4.689,-13.056,-26.691
2376,16,10.870,43.803,178.090,0.010,0.000,0.000,0.301,1.144,-9.833,-4.715,4.715,-12.948,-26.412
2377,16,10.809,43.690,178.143,0.010,0.000,0.000,0.287,1.125,-9.833,-4.837,4.837,-12.664,-25.742
2378,16,10.787,43.463,178.287,0.006,0.000,0.000,0.287,1.125,-9.853,-4.867,4.867,-12.474,-25.300
2379,16,10.765,43.261,178.343,0.006,0.000,0.000,0.287,1.125,-9.853,-4.908,4.908,-12.304,-24.907
2380,16,10.756,42.902,178.656,-0.001,0.000,0.000,0.292,1.134,-9.838,-4.932,4.932,-12.196,-24.637
2381,16,10.690,42.790,178.707,-0.001,0.000,0.000,0.297,1.144,-9.838,-4.958,4.958,-11.920,-23.976
2382,16,10.656,42.570,178.848,-0.004,0.000,0.000,0.297,1.144,-9.819,-4.983,4.983,-11.740,-23.545
2383,16,10.636,42.370,178.908,-0.004,0.000,0.000,0.297,1.144,-9.819,-5.023,5.023,-11.568,-23.159
2384,16,10.614,42.021,179.208,-0.004,0.000,0.000,0.297,1.139,-9.829,-5.043,5.043,-11.468,-22.897
2385,16,10.553,41.912,179.262,-0.004,0.000,0.000,0.301,1.134,-9.829,-5.103,5.103,-11.194,-22.257
2386,16,10.518,41.696,179.394,-0.000,0.000,0.000,0.301,1.134,-9.829,-5.163,5.163,-11.013,-21.834
2387,16,10.497,41.503,179.454,-0.000,0.000,0.000,0.301,1.134,-9.829,-5.199,5.199,-10.846,-21.461
1296,16,-1.746,39.532,-2.913,0.001,0.000,0.000,0.282,6.307,-7.618,-4.226,4.226,-14.343,-12.877
1297,16,-1.746,39.532,-2.913,0.001,0.000,0.000,0.282,6.307,-7.618,-4.237,4.237,-14.343,-12.877
1298,16,-1.746,39.532,-2.913,0.002,0.000,0.000,0.258,6.307,-7.632,-4.242,4.242,-14.343,-12.877
1299,16,-1.746,39.532,-2.913,0.002,0.000,0.000,0.258,6.307,-7.632,-4.242,4.242,-14.343,-12.877
1300,16,-1.743,39.532,-2.916,0.003,0.000,0.000,0.249,6.283,-7.618,-4.241,4.241,-14.343,-12.877
1301,16,-1.743,39.532,-2.916,0.003,0.000,0.000,0.249,6.283,-7.618,-4.248,4.248,-14.342,-12.879
1302,16,-1.743,39.532,-2.916,0.003,-0.001,0.000,0.220,6.273,-7.623,-4.248,4.248,-14.327,-12.863
1303,16,-1.743,39.532,-2.916,0.003,-0.001,0.000,0.220,6.273,-7.623,-4.248,4.248,-14.327,-12.863
1304,16,-1.740,39.532,-2.919,0.002,-0.000,0.000,0.177,6.264,-7.613,-4.249,4.249,-14.325,-12.865
1305,16,-1.740,39.528,-2.919,0.002,-0.000,0.000,0.177,6.264,-7.613,-4.243,4.243,-14.336,-12.875
1306,16,-1.736,39.532,-2.917,0.006,0.001,0.000,0.244,6.292,-7.618,-4.266,4.266,-14.354,-12.897
1307,16,-1.732,39.532,-2.916,0.006,0.001,0.000,0.244,6.292,-7.618,-4.267,4.267,-14.353,-12.899
1308,16,-1.735,39.532,-2.913,-0.009,-0.001,-0.007,0.234,6.307,-7.632,-4.267,4.267,-14.353,-12.899
1309,16,-1.736,39.529,-2.906,-0.009,-0.001,-0.007,0.234,6.307,-7.632,-4.098,4.098,-14.132,-13.049
1310,16,-1.734,39.529,-2.902,-0.013,0.001,-0.007,0.124,6.326,-7.599,-4.077,4.077,-14.162,-13.080
1311,16,-1.740,39.532,-2.896,-0.013,0.001,-0.007,0.124,6.326,-7.599,-4.076,4.076,-14.170,-13.082
1312,16,-1.742,39.536,-2.901,0.007,0.004,0.009,0.301,6.307,-7.608,-4.076,4.076,-14.170,-13.082
1313,16,-1.740,39.536,-2.908,0.007,0.004,0.009,0.301,6.307,-7.608,-4.377,4.377,-14.621,-12.734
1314,16,-1.738,39.536,-2.910,0.016,0.002,0.015,0.349,6.269,-7.661,-4.500,4.500,-14.750,-12.545
1315,16,-1.740,39.539,-2.926,0.016,0.002,0.015,0.349,6.269,-7.661,-4.500,4.500,-14.755,-12.548
1316,16,-1.736,39.536,-2.936,0.011,-0.004,0.006,0.258,6.312,-7.661,-4.500,4.500,-14.755,-12.549
1317,16,-1.734,39.536,-2.943,0.011,-0.004,0.006,0.258,6.312,-7.661,-4.368,4.368,-14.444,-12.667
1318,16,-1.733,39.531,-2.938,0.000,-0.010,-0.007,0.268,6.321,-7.608,-4.142,4.142,-14.014,-12.932
1319,16,-1.731,39.525,-2.934,0.000,-0.010,-0.007,0.268,6.321,-7.608,-4.142,4.142,-14.003,-12.924
1320,16,-1.727,39.521,-2.925,-0.004,-0.003,-0.007,0.244,6.297,-7.613,-4.143,4.143,-13.998,-12.921
1321,16,-1.730,39.521,-2.922,-0.004,-0.003,-0.007,0.244,6.297,-7.613,-4.121,4.121,-14.088,-13.010
1322,16,-1.726,39.521,-2.921,0.003,-0.000,-0.001,0.196,6.225,-7.637,-4.239,4.239,-14.292,-12.898
1323,16,-1.726,39.521,-2.921,0.003,-0.000,-0.001,0.196,6.225,-7.637,-4.239,4.239,-14.292,-12.898
1324,16,-1.722,39.518,-2.919,0.002,-0.000,-0.001,0.187,6.230,-7.637,-4.239,4.239,-14.287,-12.894
1325,16,-1.722,39.518,-2.919,0.002,-0.000,-0.001,0.187,6.230,-7.637,-4.235,4.235,-14.285,-12.896
1326,16,-1.722,39.518,-2.919,0.000,-0.000,0.001,0.196,6.283,-7.628,-4.251,4.251,-14.338,-12.842
1327,16,-1.722,39.518,-2.919,0.000,-0.000,0.001,0.196,6.283,-7.628,-4.251,4.251,-14.338,-12.842
1328,16,-1.726,39.517,-2.921,-0.002,-0.000,0.001,0.196,6.278,-7.632,-4.251,4.251,-14.338,-12.842
1329,16,-1.726,39.517,-2.921,-0.002,-0.000,0.001,0.196,6.278,-7.632,-4.239,4.239,-14.340,-12.840
1330,16,-1.726,39.517,-2.921,-0.001,-0.000,0.001,0.220,6.278,-7.594,-4.245,4.245,-14.340,-12.840
1331,16,-1.726,39.517,-2.921,-0.001,-0.000,0.001,0.220,6.278,-7.594,-4.245,4.245,-14.340,-12.840
1332,16,-1.730,39.514,-2.922,-0.004,-0.000,0.001,0.278,6.297,-7.613,-4.245,4.245,-14.340,-12.840
1333,16,-1.734,39.514,-2.924,-0.004,-0.000,0.001,0.278,6.297,-7.613,-4.226,4.226,-14.338,-12.832
1334,16,-1.730,39.514,-2.922,0.003,-0.000,0.000,0.330,6.297,-7.628,-4.251,4.251,-14.310,-12.861
1335,16,-1.731,39.514,-2.926,0.003,-0.000,0.000,0.330,6.297,-7.628,-4.251,4.251,-14.311,-12.860
1336,16,-1.727,39.514,-2.925,0.004,-0.001,-0.002,0.220,6.288,-7.618,-4.252,4.252,-14.309,-12.862
1337,16,-1.727,39.514,-2.925,0.004,-0.001,-0.002,0.220,6.288,-7.618,-4.231,4.231,-14.240,-12.900
1338,16,-1.723,39.514,-2.923,0.004,-0.001,-0.002,0.287,6.273,-7.613,-4.232,4.232,-14.239,-12.902
1339,16,-1.723,39.514,-2.923,0.004,-0.001,-0.002,0.287,6.273,-7.613,-4.232,4.232,-14.239,-12.902
1340,16,-1.719,39.511,-2.922,0.002,-0.000,-0.001,0.163,6.288,-7.613,-4.233,4.233,-14.237,-12.904
1341,16,-1.718,39.510,-2.921,0.002,-0.000,-0.001,0.163,6.288,-7.613,-4.236,4.236,-14.272,-12.886
1342,16,-1.717,39.510,-2.917,0.000,-0.000,-0.002,0.177,6.278,-7.632,-4.212,4.212,-14.245,-12.914
1358,16,-1.717,39.514,-2.917,0.002,0.000,-0.002,0.211,6.283,-7.628,-4.223,4.223,-14.252,-12.920
1359,16,-1.713,39.515,-2.916,0.002,0.000,-0.002,0.211,6.283,-7.628,-4.224,4.224,-14.250,-12.922
1360,16,-1.713,39.510,-2.916,0.002,-0.001,-0.001,0.225,6.264,-7.623,-4.224,4.224,-14.250,-12.922
1366,16,-1.708,39.510,-2.914,0.000,0.002,0.001,0.215,6.278,-7.637,-4.255,4.255,-14.352,-12.868
1370,16,-1.713,39.510,-2.916,-0.001,0.001,0.000,0.244,6.292,-7.632,-4.235,4.235,-14.312,-12.878
1371,16,-1.713,39.510,-2.916,-0.001,0.001,0.000,0.244,6.292,-7.632,-4.235,4.235,-14.312,-12.878
1372,16,-1.713,39.510,-2.916,-0.000,0.002,0.000,0.249,6.273,-7.628,-4.235,4.235,-14.312,-12.878
1373,16,-1.713,39.511,-2.916,-0.000,0.002,0.000,0.249,6.273,-7.628,-4.240,4.240,-14.329,-12.894
1381,16,-1.710,39.507,-2.918,0.003,0.001,0.000,0.239,6.278,-7.637,-4.257,4.257,-14.306,-12.875
1382,16,-1.710,39.507,-2.918,0.003,0.001,0.000,0.201,6.288,-7.628,-4.257,4.257,-14.306,-12.875
1383,16,-1.710,39.507,-2.918,0.000,0.000,0.000,0.201,6.288,-7.628,-4.241,4.241,-14.291,-12.859
1384,16,-1.710,39.503,-2.918,0.000,0.000,0.000,0.201,6.288,-7.628,-4.241,4.241,-14.291,-12.859
1385,16,-1.710,39.503,-2.918,-0.001,-0.002,0.000,0.206,6.283,-7.613,-4.236,4.236,-14.255,-12.824
1386,16,-1.710,39.503,-2.918,-0.001,-0.002,0.000,0.230,6.288,-7.608,-4.236,4.236,-14.255,-12.824
1387,16,-1.710,39.503,-2.918,-0.002,-0.000,0.000,0.230,6.288,-7.608,-4.230,4.230,-14.286,-12.855
1388,16,-1.714,39.503,-2.920,-0.002,-0.000,0.000,0.230,6.288,-7.608,-4.229,4.229,-14.287,-12.853
1389,16,-1.714,39.503,-2.920,-0.000,0.003,0.000,0.244,6.273,-7.613,-4.240,4.240,-14.333,-12.899
1390,16,-1.714,39.507,-2.920,-0.000,0.003,0.000,0.239,6.283,-7.623,-4.240,4.240,-14.338,-12.903
1391,16,-1.710,39.507,-2.918,0.002,0.001,0.000,0.239,6.283,-7.623,-4.252,4.252,-14.306,-12.875
1392,16,-1.710,39.507,-2.918,0.002,0.001,0.000,0.239,6.283,-7.623,-4.252,4.252,-14.306,-12.875
1393,16,-1.710,39.507,-2.918,0.000,-0.001,0.000,0.258,6.297,-7.623,-4.241,4.241,-14.275,-12.844
1396,16,-1.710,39.503,-2.918,0.001,-0.000,0.000,0.249,6.288,-7.613,-4.246,4.246,-14.286,-12.855
1397,16,-1.710,39.503,-2.918,0.002,-0.000,0.000,0.234,6.273,-7.628,-4.252,4.252,-14.286,-12.855
1398,16,-1.710,39.503,-2.918,0.002,-0.000,0.000,0.244,6.273,-7.618,-4.252,4.252,-14.286,-12.855
1399,16,-1.711,39.503,-2.922,0.001,-0.000,0.000,0.244,6.273,-7.618,-4.246,4.246,-14.286,-12.854
1400,16,-1.707,39.503,-2.921,0.001,-0.000,0.000,0.244,6.273,-7.618,-4.247,4.247,-14.285,-12.856
1401,16,-1.707,39.503,-2.921,0.001,-0.002,0.000,0.211,6.292,-7.632,-4.247,4.247,-14.254,-12.826
1402,16,-1.707,39.499,-2.921,0.001,-0.002,0.000,0.215,6.288,-7.613,-4.247,4.247,-14.247,-12.820
1403,16,-1.707,39.502,-2.921,0.000,0.001,0.000,0.215,6.288,-7.613,-4.242,4.242,-14.298,-12.870
1404,16,-1.707,39.503,-2.921,0.000,0.001,0.000,0.215,6.288,-7.613,-4.242,4.242,-14.300,-12.871
1411,16,-1.703,39.504,-2.919,0.000,-0.001,0.000,0.239,6.264,-7.628,-4.243,4.243,-14.268,-12.843
1412,16,-1.703,39.504,-2.919,0.000,-0.001,0.000,0.239,6.264,-7.628,-4.243,4.243,-14.268,-12.843
1415,16,-1.704,39.504,-2.924,0.001,0.002,0.000,0.234,6.283,-7.613,-4.248,4.248,-14.314,-12.888
1416,16,-1.704,39.504,-2.924,0.001,0.002,0.000,0.234,6.283,-7.613,-4.248,4.248,-14.314,-12.888
1417,16,-1.704,39.504,-2.924,0.000,0.000,0.000,0.201,6.302,-7.642,-4.243,4.243,-14.283,-12.857
1418,16,-1.704,39.504,-2.924,0.000,0.000,0.000,0.244,6.269,-7.623,-4.243,4.243,-14.283,-12.857
1419,16,-1.704,39.504,-2.924,0.000,0.000,0.000,0.244,6.269,-7.623,-4.243,4.243,-14.283,-12.857
1420,16,-1.704,39.504,-2.924,0.000,0.000,0.000,0.244,6.269,-7.623,-4.243,4.243,-14.283,-12.857
1421,16,-1.704,39.504,-2.924,0.001,0.000,0.000,0.244,6.288,-7.628,-4.248,4.248,-14.283,-12.857
1422,16,-1.704,39.504,-2.924,0.001,0.000,0.000,0.225,6.288,-7.637,-4.248,4.248,-14.283,-12.857
1423,16,-1.704,39.504,-2.924,0.001,0.003,0.000,0.225,6.288,-7.637,-4.248,4.248,-14.329,-12.903
1424,16,-1.704,39.507,-2.924,0.001,0.003,0.000,0.225,6.288,-7.637,-4.248,4.248,-14.334,-12.907
1425,16,-1.704,39.507,-2.924,0.000,0.000,0.000,0.249,6.288,-7.642,-4.243,4.243,-14.289,-12.862
1426,16,-1.704,39.507,-2.924,0.000,0.000,0.000,0.220,6.264,-7.632,-4.243,4.243,-14.289,-12.862
1427,16,-1.704,39.507,-2.924,0.001,0.000,0.000,0.220,6.264,-7.632,-4.248,4.248,-14.289,-12.862
1428,16,-1.700,39.507,-2.922,0.001,0.000,0.000,0.220,6.264,-7.632,-4.249,4.249,-14.287,-12.864
1429,16,-1.700,39.507,-2.922,0.000,0.000,0.000,0.215,6.269,-7.613,-4.244,4.244,-14.287,-12.864
1430,16,-1.700,39.504,-2.922,0.000,0.000,0.000,0.225,6.283,-7.623,-4.244,4.244,-14.282,-12.859
1431,16,-1.700,39.504,-2.922,0.000,0.000,0.000,0.225,6.283,-7.623,-4.244,4.244,-14.282,-12.859
1432,16,-1.700,39.504,-2.922,0.000,0.000,0.000,0.225,6.283,-7.623,-4.244,4.244,-14.282,-12.859
1447,16,-1.704,39.504,-2.924,-0.001,0.001,0.000,0.211,6.269,-7.628,-4.237,4.237,-14.299,-12.872
1448,16,-1.704,39.504,-2.924,-0.001,0.001,0.000,0.211,6.269,-7.628,-4.237,4.237,-14.299,-12.872
1449,16,-1.704,39.504,-2.924,-0.000,0.002,0.000,0.225,6.278,-7.642,-4.243,4.243,-14.314,-12.888
1450,16,-1.704,39.507,-2.924,-0.000,0.002,0.000,0.230,6.254,-7.623,-4.243,4.243,-14.319,-12.892
1451,16,-1.706,39.507,-2.928,0.003,0.001,0.000,0.230,6.254,-7.623,-4.258,4.258,-14.304,-12.876
1452,16,-1.701,39.504,-2.926,0.003,0.001,0.000,0.230,6.254,-7.623,-4.259,4.259,-14.303,-12.878
1453,16,-1.701,39.504,-2.926,0.000,0.000,0.000,0.234,6.254,-7.637,-4.243,4.243,-14.282,-12.858
1454,16,-1.701,39.504,-2.926,0.000,0.000,0.000,0.211,6.259,-7.642,-4.243,4.243,-14.282,-12.858
1455,16,-1.701,39.504,-2.926,0.001,0.000,0.000,0.211,6.259,-7.642,-4.249,4.249,-14.282,-12.858
1456,16,-1.701,39.499,-2.926,0.001,0.000,0.000,0.211,6.259,-7.642,-4.249,4.249,-14.282,-12.858
1457,16,-1.697,39.499,-2.925,0.002,-0.002,0.000,0.215,6.273,-7.613,-4.255,4.255,-14.244,-12.824
1458,16,-1.697,39.499,-2.925,0.002,-0.002,0.000,0.244,6.292,-7.632,-4.255,4.255,-14.244,-12.824
1459,16,-1.701,39.499,-2.926,-0.003,-0.000,0.000,0.244,6.292,-7.632,-4.227,4.227,-14.276,-12.853
1460,16,-1.701,39.499,-2.926,-0.003,-0.000,0.000,0.244,6.292,-7.632,-4.227,4.227,-14.271,-12.848
1461,16,-1.701,39.499,-2.926,-0.001,0.003,0.000,0.191,6.288,-7.623,-4.238,4.238,-14.321,-12.898
1462,16,-1.701,39.499,-2.926,-0.001,0.003,0.000,0.230,6.273,-7.623,-4.238,4.238,-14.321,-12.898
1463,16,-1.700,39.499,-2.922,-0.001,0.002,0.000,0.230,6.273,-7.623,-4.238,4.238,-14.306,-12.884
1464,16,-1.704,39.502,-2.923,-0.001,0.002,0.000,0.230,6.273,-7.623,-4.237,4.237,-14.307,-12.882
1465,16,-1.704,39.502,-2.923,-0.000,0.000,0.000,0.268,6.312,-7.628,-4.243,4.243,-14.282,-12.856
1466,16,-1.704,39.499,-2.923,-0.000,0.000,0.000,0.191,6.307,-7.604,-4.243,4.243,-14.277,-12.851
1467,16,-1.704,39.504,-2.924,-0.000,0.006,0.000,0.191,6.307,-7.604,-4.243,4.243,-14.375,-12.949
1468,16,-1.704,39.507,-2.924,-0.000,0.006,0.000,0.191,6.307,-7.604,-4.243,4.243,-14.380,-12.953
1469,16,-1.704,39.507,-2.924,-0.000,-0.001,0.000,0.249,6.264,-7.623,-4.243,4.243,-14.273,-12.846
1470,16,-1.704,39.507,-2.924,-0.000,-0.001,0.000,0.258,6.269,-7.632,-4.243,4.243,-14.273,-12.846
1471,16,-1.704,39.504,-2.924,-0.000,-0.003,0.000,0.258,6.269,-7.632,-4.243,4.243,-14.238,-12.812
1472,16,-1.704,39.504,-2.924,-0.000,-0.003,0.000,0.258,6.269,-7.632,-4.243,4.243,-14.238,-12.812
1473,16,-1.704,39.504,-2.924,-0.000,0.001,0.000,0.206,6.273,-7.613,-4.243,4.243,-14.299,-12.872
1474,16,-1.704,39.504,-2.924,-0.000,0.001,0.000,0.234,6.288,-7.623,-4.243,4.243,-14.299,-12.872
1475,16,-1.704,39.504,-2.924,0.001,0.003,0.000,0.234,6.288,-7.623,-4.248,4.248,-14.329,-12.903
1476,16,-1.702,39.507,-2.926,0.001,0.003,0.000,0.234,6.288,-7.623,-4.249,4.249,-14.333,-12.909
1477,16,-1.704,39.507,-2.924,-0.001,0.000,0.000,0.225,6.292,-7.613,-4.237,4.237,-14.289,-12.862
1478,16,-1.704,39.507,-2.924,-0.001,0.000,0.000,0.230,6.288,-7.613,-4.237,4.237,-14.289,-12.862
1479,16,-1.704,39.504,-2.924,-0.000,-0.003,0.000,0.230,6.288,-7.613,-4.243,4.243,-14.238,-12.812
1480,16,-1.704,39.504,-2.924,-0.000,-0.003,0.000,0.230,6.288,-7.613,-4.243,4.243,-14.238,-12.812
1481,16,-1.704,39.504,-2.924,-0.000,-0.000,0.000,0.220,6.297,-7.623,-4.243,4.243,-14.283,-12.857
1482,16,-1.704,39.504,-2.924,-0.000,-0.000,0.000,0.225,6.273,-7.632,-4.243,4.243,-14.283,-12.857
1483,16,-1.701,39.504,-2.926,0.002,0.002,0.000,0.225,6.273,-7.632,-4.254,4.254,-14.313,-12.889
1484,16,-1.701,39.504,-2.926,0.002,0.002,0.000,0.225,6.273,-7.632,-4.254,4.254,-14.313,-12.889
1485,16,-1.701,39.504,-2.926,0.000,0.000,0.000,0.254,6.269,-7.642,-4.243,4.243,-14.282,-12.858
1486,16,-1.701,39.504,-2.926,0.000,0.000,0.000,0.206,6.297,-7.637,-4.243,4.243,-14.282,-12.858
1487,16,-1.701,39.504,-2.926,0.000,0.000,0.000,0.206,6.297,-7.637,-4.243,4.243,-14.282,-12.858
1488,16,-1.701,39.504,-2.926,0.000,0.000,0.000,0.206,6.297,-7.637,-4.243,4.243,-14.282,-12.858
1489,16,-1.697,39.504,-2.925,0.004,0.000,0.000,0.244,6.312,-7.594,-4.266,4.266,-14.281,-12.860
1490,16,-1.697,39.504,-2.925,0.004,0.000,0.000,0.249,6.316,-7.608,-4.266,4.266,-14.281,-12.860
1491,16,-1.697,39.504,-2.925,0.001,0.001,0.000,0.249,6.316,-7.608,-4.250,4.250,-14.296,-12.876
1492,16,-1.697,39.507,-2.925,0.001,0.001,0.000,0.249,6.316,-7.608,-4.250,4.250,-14.296,-12.876
1493,16,-1.697,39.507,-2.925,0.000,0.002,0.000,0.201,6.292,-7.599,-4.245,4.245,-14.316,-12.895
1494,16,-1.697,39.507,-2.925,0.000,0.002,0.000,0.225,6.278,-7.632,-4.245,4.245,-14.316,-12.895
1495,16,-1.697,39.507,-2.925,0.000,0.000,0.000,0.225,6.278,-7.632,-4.245,4.245,-14.286,-12.865
1496,16,-1.697,39.510,-2.925,0.000,0.000,0.000,0.225,6.278,-7.632,-4.245,4.245,-14.286,-12.865
1497,16,-1.697,39.510,-2.925,0.001,0.000,0.000,0.211,6.245,-7.647,-4.250,4.250,-14.291,-12.869
1498,16,-1.695,39.507,-2.928,0.001,0.000,0.000,0.249,6.283,-7.613,-4.251,4.251,-14.285,-12.866
1499,16,-1.695,39.507,-2.928,0.004,-0.001,0.000,0.249,6.283,-7.613,-4.267,4.267,-14.269,-12.851
1500,16,-1.690,39.507,-2.926,0.004,-0.001,0.000,0.249,6.283,-7.613,-4.267,4.267,-14.269,-12.851
1501,16,-1.690,39.507,-2.926,0.002,-0.000,0.000,0.220,6.312,-7.613,-4.258,4.258,-14.283,-12.868
1502,16,-1.690,39.507,-2.926,0.002,-0.000,0.000,0.201,6.331,-7.604,-4.258,4.258,-14.283,-12.868
1507,16,-1.690,39.507,-2.926,0.000,0.001,0.000,0.230,6.259,-7.613,-4.247,4.247,-14.298,-12.883
1512,16,-1.690,39.507,-2.926,0.000,-0.004,0.000,0.239,6.312,-7.628,-4.247,4.247,-14.222,-12.807
1513,16,-1.690,39.507,-2.926,0.000,0.002,0.000,0.225,6.307,-7.608,-4.247,4.247,-14.314,-12.898
1514,16,-1.690,39.507,-2.926,0.000,0.002,0.000,0.234,6.273,-7.613,-4.247,4.247,-14.314,-12.898
1515,16,-1.690,39.507,-2.926,0.000,0.000,0.000,0.234,6.273,-7.613,-4.247,4.247,-14.283,-12.868
1516,16,-1.690,39.507,-2.926,0.000,0.000,0.000,0.234,6.273,-7.613,-4.247,4.247,-14.283,-12.868
1517,16,-1.692,39.507,-2.930,0.001,0.000,0.000,0.249,6.292,-7.628,-4.252,4.252,-14.284,-12.867
1518,16,-1.692,39.507,-2.930,0.001,0.000,0.000,0.239,6.316,-7.618,-4.252,4.252,-14.284,-12.867
1519,16,-1.692,39.510,-2.930,0.000,0.001,0.000,0.239,6.316,-7.618,-4.246,4.246,-14.304,-12.887
1520,16,-1.692,39.510,-2.930,0.000,0.001,0.000,0.239,6.316,-7.618,-4.246,4.246,-14.304,-12.887
1521,16,-1.692,39.510,-2.930,0.001,0.001,0.000,0.201,6.278,-7.637,-4.252,4.252,-14.304,-12.887
1522,16,-1.692,39.510,-2.930,0.001,0.001,0.000,0.234,6.254,-7.637,-4.252,4.252,-14.304,-12.887
1523,16,-1.692,39.510,-2.930,0.000,0.000,0.000,0.234,6.254,-7.637,-4.246,4.246,-14.289,-12.872
1524,16,-1.692,39.511,-2.931,0.000,0.000,0.000,0.234,6.254,-7.637,-4.246,4.246,-14.289,-12.872
1525,16,-1.692,39.515,-2.931,0.001,0.002,0.000,0.225,6.273,-7.628,-4.252,4.252,-14.326,-12.908
1526,16,-1.692,39.515,-2.931,0.001,0.002,0.000,0.254,6.269,-7.637,-4.252,4.252,-14.326,-12.908
1527,16,-1.688,39.515,-2.929,0.002,0.000,0.000,0.254,6.269,-7.637,-4.259,4.259,-14.294,-12.879
1528,16,-1.688,39.512,-2.929,0.002,0.000,0.000,0.254,6.269,-7.637,-4.259,4.259,-14.294,-12.879
1529,16,-1.688,39.512,-2.929,-0.001,-0.001,0.000,0.201,6.292,-7.613,-4.242,4.242,-14.274,-12.860
1530,16,-1.692,39.510,-2.930,-0.001,-0.001,0.000,0.187,6.283,-7.599,-4.241,4.241,-14.273,-12.856
1531,16,-1.692,39.511,-2.931,-0.000,0.003,0.000,0.187,6.283,-7.599,-4.247,4.247,-14.336,-12.919
1532,16,-1.688,39.515,-2.929,-0.000,0.003,0.000,0.187,6.283,-7.599,-4.247,4.247,-14.341,-12.923
1533,16,-1.688,39.515,-2.929,0.003,0.000,0.000,0.268,6.269,-7.642,-4.264,4.264,-14.294,-12.879
1534,16,-1.689,39.515,-2.933,0.003,0.000,0.000,0.187,6.269,-7.632,-4.263,4.263,-14.294,-12.879
1535,16,-1.688,39.515,-2.929,-0.005,0.002,0.000,0.187,6.269,-7.632,-4.221,4.221,-14.324,-12.910
1536,16,-1.692,39.515,-2.931,-0.005,0.002,0.000,0.187,6.269,-7.632,-4.220,4.220,-14.326,-12.908
1537,16,-1.692,39.515,-2.931,0.001,0.000,0.000,0.239,6.278,-7.623,-4.252,4.252,-14.295,-12.878
1538,16,-1.692,39.515,-2.931,0.001,0.000,0.000,0.273,6.288,-7.623,-4.252,4.252,-14.295,-12.878
1539,16,-1.692,39.515,-2.931,0.000,0.000,0.000,0.273,6.288,-7.623,-4.247,4.247,-14.295,-12.878
1540,16,-1.692,39.515,-2.931,0.000,0.000,0.000,0.273,6.288,-7.623,-4.247,4.247,-14.295,-12.878
1541,16,-1.692,39.515,-2.931,-0.002,0.003,0.000,0.191,6.264,-7.642,-4.236,4.236,-14.341,-12.923
1542,16,-1.697,39.518,-2.932,-0.002,0.003,0.000,0.191,6.264,-7.642,-4.235,4.235,-14.348,-12.926
1543,16,-1.697,39.518,-2.932,-0.002,0.003,0.000,0.254,6.273,-7.632,-4.235,4.235,-14.348,-12.926
1544,16,-1.697,39.518,-2.932,-0.000,0.000,0.000,0.254,6.273,-7.632,-4.245,4.245,-14.302,-12.880
1545,16,-1.692,39.518,-2.931,0.002,0.000,0.000,0.234,6.283,-7.618,-4.257,4.257,-14.300,-12.882
1546,16,-1.692,39.515,-2.931,0.002,0.000,0.000,0.234,6.283,-7.618,-4.257,4.257,-14.295,-12.878
1547,16,-1.692,39.515,-2.931,0.002,0.000,0.000,0.211,6.273,-7.608,-4.257,4.257,-14.295,-12.878
1548,16,-1.692,39.515,-2.931,0.002,0.000,0.000,0.211,6.273,-7.608,-4.257,4.257,-14.295,-12.878
1549,16,-1.688,39.515,-2.929,0.002,0.001,0.000,0.206,6.297,-7.613,-4.259,4.259,-14.309,-12.895
1550,16,-1.689,39.515,-2.933,0.002,0.001,0.000,0.206,6.297,-7.613,-4.258,4.258,-14.310,-12.894
1551,16,-1.688,39.515,-2.929,0.002,0.001,0.000,0.234,6.292,-7.623,-4.259,4.259,-14.309,-12.895
1552,16,-1.692,39.515,-2.931,-0.003,-0.002,0.000,0.234,6.292,-7.623,-4.232,4.232,-14.263,-12.849
1553,16,-1.692,39.515,-2.931,-0.000,-0.000,0.000,0.220,6.297,-7.618,-4.247,4.247,-14.295,-12.878
1554,16,-1.692,39.515,-2.931,-0.000,-0.000,0.000,0.220,6.297,-7.618,-4.247,4.247,-14.295,-12.878
1555,16,-1.692,39.515,-2.931,-0.000,-0.000,0.000,0.230,6.264,-7.613,-4.247,4.247,-14.295,-12.878
1556,16,-1.688,39.518,-2.929,0.001,0.004,0.000,0.230,6.264,-7.613,-4.252,4.252,-14.356,-12.938
1557,16,-1.692,39.518,-2.931,-0.003,0.000,0.000,0.278,6.245,-7.647,-4.231,4.231,-14.300,-12.882
1558,16,-1.692,39.518,-2.931,-0.003,0.000,0.000,0.278,6.245,-7.647,-4.231,4.231,-14.300,-12.882
1559,16,-1.697,39.518,-2.932,-0.003,0.000,0.000,0.225,6.331,-7.632,-4.229,4.229,-14.302,-12.880
1560,16,-1.692,39.515,-2.931,0.001,-0.002,0.000,0.225,6.331,-7.632,-4.251,4.251,-14.267,-12.845
1561,16,-1.692,39.515,-2.931,0.000,0.003,0.000,0.263,6.336,-7.613,-4.247,4.247,-14.341,-12.923
1562,16,-1.696,39.515,-2.932,0.000,0.003,0.000,0.263,6.336,-7.613,-4.245,4.245,-14.343,-12.921
1563,16,-1.697,39.518,-2.932,0.000,0.003,0.000,0.230,6.249,-7.613,-4.245,4.245,-14.348,-12.926
1564,16,-1.697,39.518,-2.932,0.000,0.001,0.000,0.230,6.249,-7.613,-4.245,4.245,-14.317,-12.895
1565,16,-1.697,39.518,-2.932,0.000,-0.002,0.000,0.215,6.278,-7.642,-4.245,4.245,-14.272,-12.850
1566,16,-1.696,39.515,-2.932,0.000,-0.002,0.000,0.215,6.278,-7.642,-4.245,4.245,-14.267,-12.845
1567,16,-1.696,39.515,-2.932,0.000,-0.002,0.000,0.263,6.278,-7.637,-4.245,4.245,-14.267,-12.845
1568,16,-1.694,39.511,-2.935,0.003,-0.002,0.000,0.263,6.278,-7.637,-4.261,4.261,-14.267,-12.844
1569,16,-1.694,39.511,-2.935,0.002,-0.000,0.000,0.206,6.283,-7.623,-4.257,4.257,-14.291,-12.872
1570,16,-1.694,39.511,-2.935,0.002,-0.000,0.000,0.206,6.283,-7.623,-4.257,4.257,-14.291,-12.872
1571,16,-1.694,39.511,-2.935,0.002,-0.000,0.000,0.206,6.264,-7.618,-4.257,4.257,-14.291,-12.872
1572,16,-1.689,39.515,-2.933,0.001,0.002,0.000,0.206,6.264,-7.618,-4.251,4.251,-14.326,-12.907
1573,16,-1.689,39.515,-2.933,0.001,0.002,0.000,0.234,6.283,-7.618,-4.253,4.253,-14.325,-12.909
1574,16,-1.689,39.515,-2.933,0.001,0.002,0.000,0.234,6.283,-7.618,-4.253,4.253,-14.325,-12.909
1575,16,-1.689,39.515,-2.933,0.001,0.002,0.000,0.215,6.292,-7.637,-4.253,4.253,-14.325,-12.909
1576,16,-1.689,39.515,-2.933,0.000,0.000,0.000,0.215,6.292,-7.637,-4.247,4.247,-14.294,-12.879
1577,16,-1.689,39.515,-2.933,-0.001,-0.002,0.000,0.215,6.264,-7.628,-4.242,4.242,-14.264,-12.848
1578,16,-1.689,39.515,-2.933,-0.001,-0.002,0.000,0.215,6.264,-7.628,-4.242,4.242,-14.264,-12.848
1579,16,-1.694,39.511,-2.935,-0.001,-0.002,0.000,0.254,6.273,-7.618,-4.241,4.241,-14.261,-12.842
1580,16,-1.694,39.510,-2.935,-0.000,-0.001,0.000,0.254,6.273,-7.618,-4.246,4.246,-14.274,-12.856
1581,16,-1.694,39.510,-2.935,0.001,0.004,0.000,0.230,6.254,-7.628,-4.251,4.251,-14.350,-12.932
1582,16,-1.689,39.515,-2.933,0.001,0.004,0.000,0.230,6.254,-7.628,-4.253,4.253,-14.355,-12.940
1583,16,-1.689,39.515,-2.933,0.001,0.004,0.000,0.230,6.254,-7.651,-4.253,4.253,-14.355,-12.940
1584,16,-1.694,39.515,-2.935,-0.001,0.000,0.000,0.230,6.254,-7.651,-4.241,4.241,-14.296,-12.877
1585,16,-1.694,39.511,-2.935,-0.000,0.000,0.000,0.239,6.269,-7.637,-4.246,4.246,-14.291,-12.872
1586,16,-1.694,39.511,-2.935,-0.000,0.000,0.000,0.239,6.269,-7.637,-4.246,4.246,-14.291,-12.872
1587,16,-1.694,39.510,-2.935,-0.000,0.000,0.000,0.234,6.259,-7.618,-4.246,4.246,-14.289,-12.871
1588,16,-1.691,39.510,-2.937,0.003,0.000,0.000,0.234,6.259,-7.618,-4.263,4.263,-14.288,-12.872
1589,16,-1.691,39.510,-2.937,0.001,0.000,0.000,0.211,6.283,-7.613,-4.252,4.252,-14.288,-12.872
1590,16,-1.691,39.510,-2.937,0.001,0.000,0.000,0.211,6.283,-7.613,-4.252,4.252,-14.288,-12.872
1591,16,-1.691,39.507,-2.937,0.001,0.000,0.000,0.211,6.297,-7.628,-4.252,4.252,-14.283,-12.868
1592,16,-1.691,39.510,-2.937,-0.002,0.002,0.000,0.211,6.297,-7.628,-4.236,4.236,-14.318,-12.902
1596,16,-1.691,39.510,-2.937,0.001,-0.001,0.000,0.230,6.259,-7.632,-4.252,4.252,-14.273,-12.857
1597,16,-1.691,39.510,-2.937,0.000,-0.000,0.000,0.196,6.278,-7.637,-4.247,4.247,-14.288,-12.872
1598,16,-1.691,39.507,-2.937,0.000,-0.000,0.000,0.196,6.278,-7.637,-4.247,4.247,-14.283,-12.868
1599,16,-1.691,39.507,-2.937,0.000,-0.000,0.000,0.258,6.288,-7.632,-4.247,4.247,-14.283,-12.868
1600,16,-1.691,39.510,-2.937,0.000,0.002,0.000,0.258,6.288,-7.632,-4.247,4.247,-14.313,-12.898
1601,16,-1.691,39.510,-2.937,0.000,0.000,0.000,0.211,6.302,-7.623,-4.247,4.247,-14.288,-12.872
1602,16,-1.691,39.507,-2.937,0.000,0.000,0.000,0.211,6.302,-7.623,-4.247,4.247,-14.283,-12.868
1603,16,-1.691,39.507,-2.937,0.000,0.000,0.000,0.254,6.254,-7.628,-4.247,4.247,-14.283,-12.868
1604,16,-1.691,39.507,-2.937,0.001,0.000,0.000,0.254,6.254,-7.628,-4.252,4.252,-14.283,-12.868
1605,16,-1.691,39.507,-2.937,0.002,0.000,0.000,0.254,6.273,-7.628,-4.257,4.257,-14.283,-12.868
1606,16,-1.691,39.507,-2.937,0.002,0.000,0.000,0.254,6.273,-7.628,-4.257,4.257,-14.283,-12.868
1607,16,-1.691,39.507,-2.937,0.002,0.000,0.000,0.220,6.269,-7.656,-4.257,4.257,-14.283,-12.868
1608,16,-1.691,39.507,-2.937,0.000,0.002,0.000,0.220,6.269,-7.656,-4.247,4.247,-14.313,-12.898
1609,16,-1.691,39.507,-2.937,0.000,-0.002,0.000,0.239,6.283,-7.637,-4.247,4.247,-14.253,-12.837
1610,16,-1.691,39.504,-2.937,0.000,-0.002,0.000,0.239,6.283,-7.637,-4.247,4.247,-14.248,-12.833
1611,16,-1.692,39.504,-2.942,0.000,-0.002,0.000,0.215,6.292,-7.618,-4.246,4.246,-14.248,-12.832
1612,16,-1.688,39.504,-2.940,0.003,-0.000,0.000,0.215,6.292,-7.618,-4.263,4.263,-14.277,-12.864
1613,16,-1.688,39.504,-2.940,0.002,0.002,0.000,0.225,6.254,-7.632,-4.258,4.258,-14.307,-12.895
1614,16,-1.688,39.504,-2.940,0.002,0.002,0.000,0.225,6.254,-7.632,-4.258,4.258,-14.307,-12.895
1615,16,-1.684,39.504,-2.938,0.002,0.002,0.000,0.196,6.288,-7.632,-4.259,4.259,-14.306,-12.897
1616,16,-1.684,39.504,-2.938,0.000,0.000,0.000,0.196,6.288,-7.632,-4.248,4.248,-14.277,-12.864
1617,16,-1.688,39.504,-2.940,-0.002,-0.001,0.000,0.225,6.292,-7.618,-4.237,4.237,-14.262,-12.849
1618,16,-1.688,39.504,-2.940,-0.002,-0.001,0.000,0.225,6.292,-7.618,-4.237,4.237,-14.262,-12.849
1619,16,-1.688,39.504,-2.940,-0.002,-0.001,0.000,0.244,6.269,-7.632,-4.237,4.237,-14.262,-12.849
1620,16,-1.688,39.504,-2.940,0.001,0.003,0.000,0.244,6.269,-7.632,-4.253,4.253,-14.323,-12.910
1621,16,-1.688,39.504,-2.940,0.003,0.001,0.000,0.254,6.245,-7.623,-4.263,4.263,-14.292,-12.880
1622,16,-1.684,39.504,-2.938,0.003,0.001,0.000,0.254,6.245,-7.623,-4.265,4.265,-14.291,-12.882
1623,16,-1.684,39.504,-2.938,0.003,0.001,0.000,0.249,6.283,-7.632,-4.265,4.265,-14.291,-12.882
1624,16,-1.688,39.499,-2.940,-0.002,-0.003,0.000,0.249,6.283,-7.632,-4.238,4.238,-14.230,-12.821
1625,16,-1.688,39.499,-2.940,-0.000,-0.000,0.000,0.206,6.326,-7.618,-4.247,4.247,-14.270,-12.858
1626,16,-1.688,39.499,-2.940,-0.000,-0.000,0.000,0.206,6.326,-7.618,-4.247,4.247,-14.270,-12.858
1627,16,-1.688,39.499,-2.940,-0.000,-0.000,0.000,0.225,6.302,-7.594,-4.247,4.247,-14.270,-12.858
1628,16,-1.688,39.504,-2.940,-0.000,0.003,0.000,0.225,6.302,-7.594,-4.247,4.247,-14.318,-12.906
1629,16,-1.688,39.504,-2.940,-0.000,0.002,0.000,0.258,6.259,-7.613,-4.248,4.248,-14.307,-12.895
1630,16,-1.688,39.504,-2.940,-0.000,0.002,0.000,0.258,6.259,-7.613,-4.248,4.248,-14.307,-12.895
1631,16,-1.688,39.504,-2.940,-0.000,0.002,0.000,0.230,6.292,-7.637,-4.248,4.248,-14.307,-12.895
1632,16,-1.689,39.504,-2.944,0.001,-0.001,0.000,0.230,6.292,-7.637,-4.253,4.253,-14.262,-12.849
1633,16,-1.688,39.504,-2.940,-0.001,0.002,0.000,0.215,6.316,-7.637,-4.242,4.242,-14.307,-12.895
1634,16,-1.688,39.507,-2.940,-0.001,0.002,0.000,0.215,6.316,-7.632,-4.242,4.242,-14.312,-12.899
1635,16,-1.688,39.507,-2.940,-0.001,0.002,0.000,0.268,6.264,-7.628,-4.242,4.242,-14.312,-12.899
1636,16,-1.689,39.507,-2.944,0.002,0.001,0.000,0.268,6.264,-7.628,-4.258,4.258,-14.298,-12.883
1637,16,-1.689,39.507,-2.944,0.000,0.000,0.000,0.249,6.259,-7.628,-4.247,4.247,-14.282,-12.868
1638,16,-1.689,39.507,-2.944,0.000,0.000,0.000,0.249,6.259,-7.628,-4.247,4.247,-14.282,-12.868
1639,16,-1.689,39.507,-2.944,0.000,0.000,0.000,0.206,6.297,-7.623,-4.247,4.247,-14.282,-12.868
1640,16,-1.694,39.507,-2.946,-0.002,0.001,0.000,0.206,6.297,-7.623,-4.235,4.235,-14.299,-12.881
1641,16,-1.694,39.507,-2.946,-0.000,0.001,0.000,0.225,6.302,-7.623,-4.246,4.246,-14.299,-12.881
1642,16,-1.694,39.507,-2.946,-0.000,0.001,0.000,0.225,6.302,-7.618,-4.246,4.246,-14.299,-12.881
1643,16,-1.694,39.507,-2.946,-0.000,0.001,0.000,0.230,6.245,-7.642,-4.246,4.246,-14.299,-12.881
1644,16,-1.694,39.510,-2.946,0.001,0.001,0.000,0.230,6.245,-7.642,-4.251,4.251,-14.304,-12.886
1645,16,-1.694,39.510,-2.946,0.000,0.000,0.000,0.239,6.235,-7.642,-4.246,4.246,-14.289,-12.871
1646,16,-1.694,39.507,-2.946,0.000,0.000,0.000,0.239,6.235,-7.637,-4.246,4.246,-14.284,-12.866
1647,16,-1.694,39.507,-2.946,0.000,0.000,0.000,0.211,6.269,-7.637,-4.246,4.246,-14.284,-12.866
1650,16,-1.694,39.507,-2.946,0.000,0.001,0.000,0.239,6.283,-7.637,-4.246,4.246,-14.299,-12.881
1651,16,-1.694,39.507,-2.946,0.000,0.001,0.000,0.234,6.269,-7.632,-4.246,4.246,-14.299,-12.881
1652,16,-1.698,39.507,-2.947,-0.001,0.002,0.000,0.234,6.269,-7.632,-4.241,4.241,-14.315,-12.897
1653,16,-1.698,39.507,-2.947,-0.001,0.002,0.000,0.230,6.249,-7.632,-4.239,4.239,-14.316,-12.895
1657,16,-1.698,39.507,-2.947,0.000,0.001,0.000,0.234,6.326,-7.623,-4.245,4.245,-14.301,-12.879
1660,16,-1.698,39.510,-2.948,0.000,0.002,0.000,0.225,6.273,-7.618,-4.245,4.245,-14.321,-12.899
1661,16,-1.698,39.510,-2.948,0.001,0.000,0.000,0.220,6.259,-7.618,-4.250,4.250,-14.291,-12.869
1662,16,-1.698,39.510,-2.948,0.001,0.000,0.000,0.220,6.259,-7.628,-4.250,4.250,-14.291,-12.869
1663,16,-1.698,39.510,-2.948,0.001,0.000,0.000,0.249,6.278,-7.613,-4.250,4.250,-14.291,-12.869
1667,16,-1.695,39.507,-2.950,0.002,0.000,0.000,0.220,6.307,-7.628,-4.256,4.256,-14.285,-12.865
1670,16,-1.699,39.507,-2.952,-0.001,-0.000,0.000,0.254,6.278,-7.604,-4.239,4.239,-14.286,-12.863
1671,16,-1.699,39.507,-2.952,-0.001,-0.000,0.000,0.225,6.288,-7.628,-4.239,4.239,-14.286,-12.863
1672,16,-1.699,39.507,-2.952,-0.000,-0.000,0.000,0.225,6.288,-7.628,-4.244,4.244,-14.286,-12.863
1673,16,-1.699,39.507,-2.952,-0.000,-0.000,0.000,0.254,6.297,-7.628,-4.244,4.244,-14.286,-12.863
1674,16,-1.699,39.507,-2.952,-0.000,-0.000,0.000,0.254,6.297,-7.642,-4.244,4.244,-14.286,-12.863
1675,16,-1.699,39.507,-2.952,-0.000,-0.000,0.000,0.244,6.292,-7.608,-4.244,4.244,-14.286,-12.863
1676,16,-1.699,39.507,-2.952,0.001,-0.000,0.000,0.244,6.292,-7.608,-4.249,4.249,-14.286,-12.863
1677,16,-1.699,39.507,-2.952,0.001,0.001,0.000,0.201,6.269,-7.608,-4.249,4.249,-14.301,-12.879
1678,16,-1.699,39.507,-2.952,0.001,0.001,0.000,0.201,6.269,-7.618,-4.249,4.249,-14.301,-12.879
1679,16,-1.699,39.507,-2.952,0.001,0.001,0.000,0.244,6.269,-7.632,-4.249,4.249,-14.301,-12.879
1680,16,-1.699,39.507,-2.952,0.001,0.000,0.000,0.244,6.269,-7.632,-4.249,4.249,-14.286,-12.863
1681,16,-1.699,39.507,-2.952,0.000,0.000,0.000,0.225,6.297,-7.632,-4.244,4.244,-14.286,-12.863
1682,16,-1.699,39.507,-2.952,0.000,0.000,0.000,0.225,6.297,-7.628,-4.244,4.244,-14.286,-12.863
1685,16,-1.699,39.507,-2.952,0.000,0.001,0.000,0.234,6.259,-7.623,-4.244,4.244,-14.301,-12.879
1686,16,-1.699,39.507,-2.952,0.000,0.001,0.000,0.234,6.259,-7.604,-4.244,4.244,-14.301,-12.879
1687,16,-1.700,39.510,-2.952,0.000,0.001,0.000,0.239,6.292,-7.656,-4.244,4.244,-14.306,-12.883
1688,16,-1.699,39.507,-2.952,0.000,0.000,0.000,0.239,6.292,-7.656,-4.244,4.244,-14.286,-12.863
1689,16,-1.699,39.507,-2.952,0.000,0.000,0.000,0.234,6.297,-7.656,-4.244,4.244,-14.286,-12.863
1690,16,-1.699,39.507,-2.952,0.000,0.000,0.000,0.234,6.297,-7.651,-4.244,4.244,-14.286,-12.863
1691,16,-1.699,39.507,-2.952,0.000,0.000,0.000,0.254,6.307,-7.608,-4.244,4.244,-14.286,-12.863
1692,16,-1.701,39.506,-2.956,0.002,0.000,0.000,0.254,6.307,-7.608,-4.254,4.254,-14.287,-12.863
1693,16,-1.701,39.506,-2.956,0.000,0.001,0.000,0.239,6.273,-7.608,-4.244,4.244,-14.302,-12.878
1694,16,-1.701,39.506,-2.956,0.000,0.001,0.000,0.239,6.273,-7.618,-4.244,4.244,-14.302,-12.878
1695,16,-1.701,39.506,-2.956,0.000,0.001,0.000,0.225,6.288,-7.618,-4.244,4.244,-14.302,-12.878
1696,16,-1.701,39.506,-2.956,0.000,0.000,0.000,0.225,6.288,-7.618,-4.244,4.244,-14.287,-12.863
1697,16,-1.701,39.506,-2.956,0.002,0.000,0.000,0.230,6.302,-7.618,-4.254,4.254,-14.287,-12.863
1709,16,-1.697,39.510,-2.955,0.001,-0.000,0.000,0.287,6.230,-7.517,-4.250,4.250,-14.290,-12.869
1712,16,-1.697,39.511,-2.955,-0.001,0.000,0.000,0.316,6.269,-7.628,-4.250,4.250,-14.322,-12.901
1717,16,-1.697,39.511,-2.955,0.002,0.001,0.000,0.282,6.178,-7.632,-4.256,4.256,-14.307,-12.886
1718,16,-1.697,39.511,-2.955,0.000,0.001,0.000,0.282,6.178,-7.532,-4.245,4.245,-14.307,-12.886
1719,16,-1.699,39.511,-2.959,0.000,0.001,0.000,0.282,6.178,-7.532,-4.245,4.245,-14.308,-12.885
1720,16,-1.698,39.507,-2.959,0.003,-0.013,0.000,0.244,6.556,-7.479,-4.245,4.245,-14.306,-12.883
1721,16,-1.694,39.500,-2.957,0.003,-0.013,0.000,0.278,7.360,-7.479,-4.262,4.262,-14.091,-12.674
1722,16,-1.679,39.422,-2.942,0.014,-0.148,-0.017,0.278,7.360,-7.206,-4.104,4.104,-11.609,-11.069
1723,16,-1.671,39.381,-2.935,0.014,-0.148,-0.017,0.278,7.360,-7.206,-4.104,4.104,-11.545,-11.017
1724,16,-1.566,39.120,-2.891,0.092,-0.409,-0.031,0.914,5.599,-7.470,-4.113,4.113,-11.303,-10.835
1725,16,-1.526,38.894,-2.872,0.092,-0.409,-0.031,-0.632,4.704,-7.470,-4.348,4.348,-6.683,-7.033
1726,16,-1.501,39.014,-2.844,0.019,0.207,-0.049,-0.632,4.704,-8.680,-3.771,3.771,-15.194,-16.454
1727,16,-1.486,39.074,-2.829,0.019,0.207,-0.049,-0.632,4.704,-8.680,-3.777,3.777,-15.279,-16.542
1728,16,-1.580,39.123,-2.900,-0.070,0.005,0.087,-1.067,5.546,-7.876,-3.773,3.773,-15.364,-16.604
1729,16,-1.617,39.114,-2.932,-0.070,0.005,0.087,6.321,129.338,-7.876,-4.996,4.996,-15.924,-10.259
1730,16,-1.832,40.851,-3.314,0.056,2.713,0.419,6.321,129.338,37.592,-9.772,9.772,-65.597,-42.909
1731,16,-1.947,41.756,-3.513,0.056,2.713,0.419,6.321,129.338,37.592,-9.777,9.777,-67.024,-44.066
1732,16,-2.047,42.378,-3.652,0.020,-1.024,-0.161,2.704,-156.757,-0.234,-9.790,9.790,-68.231,-45.047
1733,16,-1.990,41.643,-3.530,0.020,-1.024,-0.161,6.450,147.847,-0.234,-2.337,2.337,0.998,-4.995
1734,16,-2.352,42.310,-3.780,-0.272,0.607,0.052,6.450,147.847,3.158,-3.482,3.482,-28.834,-23.658
1735,16,-2.479,42.630,-3.840,-0.272,0.607,0.052,6.450,147.847,3.158,-3.468,3.468,-29.394,-24.007
1736,16,-2.618,42.855,-3.921,0.011,-0.659,0.014,-0.613,130.817,0.766,-3.453,3.453,-29.882,-24.288
1737,16,-2.793,42.661,-3.746,0.011,-0.659,0.014,-7.561,61.882,0.766,-4.329,4.329,-10.559,-6.731
1738,16,-0.713,42.373,-3.367,4.217,-0.679,-0.031,-7.561,61.882,-3.804,-25.281,25.281,-7.598,-8.361
1739,16,0.324,42.224,-3.182,4.217,-0.679,-0.031,-7.561,61.882,-3.804,-25.529,25.529,-6.820,-8.716
1740,16,5.285,41.228,-2.322,5.105,-1.641,-0.187,-0.234,0.187,-7.307,-26.128,26.128,-4.768,-9.070
1741,16,6.572,40.346,-2.148,5.105,-1.641,-0.187,0.613,1.579,-7.307,-29.774,29.774,16.434,1.074
1742,16,8.915,39.154,-1.894,4.839,-2.223,-0.133,0.613,1.579,-6.158,-30.009,30.009,25.747,11.937
1743,16,10.073,38.558,-1.787,4.839,-2.223,-0.133,0.613,1.579,-6.158,-30.490,30.490,26.823,12.626
1744,16,14.612,36.543,-1.480,4.835,-2.638,-0.142,0.675,1.665,-4.718,-31.137,31.137,28.870,14.419
1745,16,15.676,35.133,-1.583,4.835,-2.638,-0.142,0.833,1.292,-4.718,-31.241,31.241,37.639,23.604
1746,16,17.133,33.571,-1.735,3.690,-2.958,-0.033,0.833,1.292,-1.976,-28.971,28.971,40.845,33.928
1747,16,17.854,32.796,-1.830,3.690,-2.958,-0.033,0.833,1.292,-1.976,-29.215,29.215,41.429,35.490
1748,16,19.357,30.632,-2.355,2.181,-2.807,0.272,1.254,1.000,1.369,-29.755,29.755,42.366,38.586
1749,16,19.565,29.222,-2.678,2.181,-2.807,0.272,0.876,0.833,1.369,-26.874,26.874,33.705,48.590
1750,16,19.245,28.177,-3.143,0.815,-2.275,0.607,0.876,0.833,3.493,-24.666,24.666,18.282,51.648
1751,16,19.090,27.654,-3.371,0.815,-2.275,0.607,0.876,0.833,3.493,-24.874,24.874,18.574,52.772
1752,16,17.198,26.482,-4.246,-0.693,-1.631,0.868,0.469,0.933,4.235,-25.174,25.174,19.142,54.540
1753,16,16.592,25.810,-4.515,-0.693,-1.631,0.868,0.306,1.172,4.235,-21.133,21.133,4.334,53.736
1754,16,14.578,25.535,-4.969,-2.167,-0.954,1.087,0.306,1.172,4.594,-16.216,16.216,-10.171,49.788
1755,16,13.572,25.391,-5.193,-2.167,-0.954,1.087,0.306,1.172,4.594,-15.660,15.660,-9.838,49.910
1756,16,8.536,25.239,-6.095,-3.336,-0.325,1.212,0.134,1.431,3.833,-14.283,14.283,-9.202,49.745
1757,16,7.176,25.302,-6.312,-3.336,-0.325,1.212,0.057,1.660,3.833,-7.557,7.557,-20.476,43.078
1758,16,3.915,25.602,-6.802,-4.279,0.226,1.310,0.057,1.660,3.139,-2.072,2.072,-30.467,36.551
1759,16,2.279,25.740,-7.055,-4.279,0.226,1.310,0.057,1.660,3.139,-1.087,1.087,-30.326,36.037
1760,16,-4.917,26.220,-8.103,-5.032,0.682,1.301,-0.493,1.928,1.799,0.983,-0.983,-30.218,34.881
1761,16,-6.831,26.771,-8.423,-5.032,0.682,1.301,-1.053,2.086,1.799,8.055,-8.055,-36.715,26.397
1762,16,-11.158,27.305,-8.928,-6.099,0.928,1.112,-1.053,2.086,-0.679,12.001,-12.001,-35.977,17.020
1763,16,-13.328,27.557,-9.192,-6.099,0.928,1.112,-1.053,2.086,-0.679,12.053,-12.053,-36.253,16.536
1764,16,-22.573,28.133,-9.742,-7.151,0.942,0.658,-1.622,1.976,-3.259,12.098,-12.098,-36.911,15.698
1765,16,-25.137,28.792,-10.041,-7.151,0.942,0.658,-1.665,2.048,-3.259,17.662,-17.662,-27.065,3.285
1766,16,-29.924,29.325,-9.929,-7.465,0.777,0.031,-1.665,2.048,-4.565,25.285,-25.285,-10.189,-10.328
1767,16,-32.312,29.593,-9.882,-7.465,0.777,0.031,-1.665,2.048,-4.565,25.136,-25.136,-10.831,-10.374
1768,16,-40.525,30.484,-8.818,-6.726,0.470,-0.604,-1.579,2.053,-4.905,24.744,-24.744,-12.289,-10.265
1769,16,-42.885,31.109,-8.751,-6.726,0.470,-0.604,-1.168,1.952,-4.905,31.856,-31.856,5.341,-21.085
1770,16,-45.741,31.860,-7.783,-5.013,0.120,-1.184,-1.168,1.952,-5.331,38.378,-38.378,22.683,-29.831
1771,16,-47.162,32.250,-7.299,-5.013,0.120,-1.184,-1.168,1.952,-5.331,37.981,-37.981,21.557,-29.367
1772,16,-49.670,33.788,-4.711,-1.966,-0.239,-1.586,-0.316,1.613,-5.331,37.144,-37.144,19.191,-28.386
1773,16,-50.246,34.368,-4.130,-1.966,-0.239,-1.586,0.455,1.306,-5.331,28.209,-28.209,30.673,-31.832
1774,16,-48.609,35.083,-2.494,1.981,-0.479,-1.705,0.455,1.306,-4.522,9.390,-9.390,35.144,-31.043
1775,16,-47.797,35.595,-1.747,1.981,-0.479,-1.705,0.455,1.306,-4.522,8.974,-8.974,33.746,-30.778
1776,16,-41.018,36.939,1.476,6.042,-0.370,-1.543,0.775,1.187,-4.426,8.542,-8.542,31.830,-30.967
1777,16,-38.757,37.315,2.241,6.042,-0.370,-1.543,0.598,1.163,-4.426,-13.922,13.922,24.218,-29.936
1778,16,-32.479,37.463,3.724,9.836,-0.119,-1.266,0.598,1.163,-4.828,-23.961,23.961,14.296,-28.861
1779,16,-29.360,38.033,4.273,9.836,-0.119,-1.266,0.598,1.163,-4.828,-23.878,23.878,13.455,-30.032
1780,16,-14.485,38.342,6.622,12.808,0.010,-0.920,0.392,1.507,-5.728,-22.907,22.907,14.369,-33.004
1781,16,-10.489,38.571,7.103,12.808,0.010,-0.920,0.144,2.043,-5.728,-25.210,25.210,6.905,-31.256
1782,16,-1.832,38.262,7.864,14.627,-0.072,-0.502,0.144,2.043,-7.154,-28.811,28.811,1.116,-22.641
1783,16,2.510,38.453,8.238,14.627,-0.072,-0.502,0.144,2.043,-7.154,-28.012,28.012,2.447,-24.504
1784,16,19.075,37.786,8.991,14.483,-0.389,-0.034,0.215,2.201,-8.647,-26.515,26.515,5.985,-26.954
1785,16,23.245,37.695,9.165,14.483,-0.389,-0.034,0.201,1.962,-8.647,-30.509,30.509,3.942,-13.023
1786,16,30.027,37.467,9.043,12.496,-0.780,0.393,0.201,1.962,-8.039,-34.973,34.973,1.465,2.356
1787,16,33.323,37.031,8.834,12.496,-0.780,0.393,0.201,1.962,-8.039,-34.818,34.818,2.616,2.889
1788,16,43.664,36.034,8.754,9.382,-1.120,0.752,0.038,1.689,-5.881,-34.446,34.446,4.404,3.188
1789,16,45.897,36.073,7.352,9.382,-1.120,0.752,-0.306,1.708,-5.881,-38.690,38.690,2.083,17.842
1790,16,48.649,36.130,6.608,6.277,-1.331,1.022,-0.306,1.708,-3.364,-41.758,41.758,-0.788,27.245
1791,16,49.894,35.679,5.943,6.277,-1.331,1.022,-0.306,1.708,-3.364,-42.083,42.083,-0.880,28.453
1792,16,52.858,35.341,4.658,3.481,-1.327,1.163,-0.646,1.823,-1.440,-42.112,42.112,-0.582,28.868
1793,16,53.264,35.336,3.477,3.481,-1.327,1.163,-1.125,1.866,-1.440,-38.847,38.847,-3.974,32.788
1794,16,52.765,35.472,2.699,0.637,-1.062,1.197,-1.125,1.866,-0.225,-24.951,24.951,-8.584,29.478
1795,16,52.483,35.368,2.202,0.637,-1.062,1.197,-1.125,1.866,-0.225,-25.075,25.075,-8.772,29.786
1796,16,49.475,35.648,0.992,-2.167,-0.571,1.116,-1.412,1.857,0.790,-25.071,25.071,-8.978,29.567
1797,16,48.374,35.705,0.727,-2.167,-0.571,1.116,-1.761,1.909,0.790,-10.033,10.033,-14.485,19.982
1798,16,45.039,35.739,0.402,-4.927,-0.098,0.957,-1.761,1.909,0.024,5.511,-5.511,-18.135,9.359
1799,16,43.438,36.119,0.423,-4.927,-0.098,0.957,-1.761,1.909,0.024,5.696,-5.696,-18.318,8.435
1800,16,34.822,36.793,-0.382,-7.608,0.285,0.682,-2.105,2.082,-2.096,5.545,-5.545,-19.353,8.004
1801,16,32.606,36.922,0.467,-7.608,0.285,0.682,-2.531,2.283,-2.096,21.406,-21.406,-20.090,-4.716
1802,16,26.702,36.848,0.716,-10.222,0.451,0.234,-2.531,2.283,-4.264,26.181,-26.181,-13.309,-17.035
1803,16,23.816,37.333,0.984,-10.222,0.451,0.234,-2.531,2.283,-4.264,26.039,-26.039,-14.439,-17.594
1804,16,10.312,37.701,0.434,-12.142,0.271,-0.312,-2.689,2.852,-7.077,25.165,-25.165,-16.839,-16.499
1805,16,7.489,37.667,2.332,-12.142,0.271,-0.312,-2.469,3.326,-7.077,30.408,-30.408,-4.409,-25.041
1806,16,0.640,37.635,3.255,-12.871,-0.176,-0.852,-2.469,3.326,-9.121,36.010,-36.010,13.124,-29.916
1807,16,-2.779,37.473,3.713,-12.871,-0.176,-0.852,-2.469,3.326,-9.121,35.447,-35.447,12.242,-28.546
1808,16,-15.219,37.116,4.319,-11.324,-0.774,-1.269,-1.838,3.120,-9.661,34.471,-34.471,10.706,-26.179
1809,16,-17.492,36.858,6.768,-11.324,-0.774,-1.269,-0.971,2.388,-9.661,38.521,-38.521,28.264,-24.821
1810,16,-20.978,36.916,8.343,-8.018,-1.450,-1.598,-0.971,2.388,-8.929,42.115,-42.115,45.220,-22.241
1811,16,-22.732,36.141,9.296,-8.018,-1.450,-1.598,-0.971,2.388,-8.929,42.248,-42.248,46.618,-21.373
1812,16,-25.999,35.416,11.791,-3.569,-1.810,-1.737,-0.077,1.828,-7.364,42.237,-42.237,47.344,-20.603
1813,16,-26.119,34.870,13.911,-3.569,-1.810,-1.737,0.598,1.593,-7.364,39.626,-39.626,57.676,-18.456
1814,16,-24.346,34.665,15.673,1.054,-1.658,-1.731,0.598,1.593,-5.876,16.712,-16.712,56.070,-20.851
1815,16,-23.510,34.158,16.624,1.054,-1.658,-1.731,0.598,1.593,-5.876,17.044,-17.044,57.356,-20.891
1816,16,-16.873,33.357,19.722,5.233,-1.222,-1.651,0.617,1.627,-4.895,17.470,-17.470,58.666,-21.286
1817,16,-14.817,33.111,20.708,5.233,-1.222,-1.651,0.531,1.809,-4.895,-3.850,3.850,52.446,-26.130
1818,16,-9.102,32.499,22.137,8.765,-0.754,-1.569,0.531,1.809,-5.020,-15.630,15.630,45.488,-30.991
1819,16,-6.172,32.650,22.825,8.765,-0.754,-1.569,0.531,1.809,-5.020,-15.492,15.492,45.527,-31.505
1820,16,7.277,31.443,25.687,11.429,-0.386,-1.400,0.301,2.397,-6.379,-15.124,15.124,46.727,-31.777
1821,16,10.790,31.749,25.892,11.429,-0.386,-1.400,0.182,2.852,-6.379,-16.844,16.844,38.867,-32.759
1822,16,18.390,30.893,26.699,13.027,-0.138,-1.106,0.182,2.852,-7.848,-20.576,20.576,29.116,-27.579
1823,16,22.423,31.219,27.295,13.027,-0.138,-1.106,0.182,2.852,-7.848,-20.347,20.347,29.175,-28.437
1824,16,37.054,29.657,28.985,12.926,-0.040,-0.671,0.234,2.914,-8.479,-20.403,20.403,29.632,-27.756
1825,16,41.086,30.286,28.897,12.926,-0.040,-0.671,0.239,2.632,-8.479,-26.126,26.126,17.518,-16.978
1826,16,47.360,29.788,29.008,11.523,0.018,-0.177,0.239,2.632,-7.714,-32.735,32.735,3.977,-4.084
1827,16,50.682,29.981,29.323,11.523,0.018,-0.177,0.239,2.632,-7.714,-32.558,32.558,4.142,-4.624
1828,16,60.672,29.195,29.753,9.285,0.055,0.309,0.153,2.407,-6.651,-32.665,32.665,4.006,-4.333
1829,16,63.778,29.912,29.621,9.285,0.055,0.309,-0.124,2.326,-6.651,-38.711,38.711,-8.657,7.186
1830,16,67.086,30.000,29.504,6.647,0.135,0.695,-0.124,2.326,-5.723,-43.431,43.431,-19.296,15.430
1831,16,68.864,30.285,29.661,6.647,0.135,0.695,-0.124,2.326,-5.723,-43.100,43.100,-18.779,14.620
1832,16,72.791,30.628,29.836,3.724,0.314,0.935,-0.689,2.359,-4.570,-42.694,42.694,-18.105,13.673
1833,16,74.049,31.264,29.920,3.724,0.314,0.935,-1.349,2.417,-4.570,-41.043,41.043,-25.330,15.359
1834,16,74.024,31.567,30.004,0.681,0.503,0.936,-1.349,2.417,-4.283,-25.475,25.475,-27.442,11.844
1835,16,74.154,31.958,30.291,0.681,0.503,0.936,-1.349,2.417,-4.283,-25.004,25.004,-26.647,10.754
1836,16,71.762,32.864,30.754,-2.657,0.684,0.698,-1.847,2.345,-4.642,-24.517,24.517,-25.882,9.571
1837,16,70.727,32.941,31.212,-2.657,0.684,0.698,-2.196,2.483,-4.642,-4.217,4.217,-21.658,-0.655
1838,16,67.157,33.087,31.703,-5.993,0.826,0.309,-2.196,2.483,-6.015,17.411,-17.411,-14.114,-12.897
1839,16,65.438,33.269,32.039,-5.993,0.826,0.309,-2.196,2.483,-6.015,17.571,-17.571,-14.024,-13.445
1840,16,56.573,34.274,32.700,-8.838,0.881,-0.165,-2.350,2.972,-7.982,17.583,-17.583,-14.403,-13.874
1841,16,53.659,33.517,33.706,-8.838,0.881,-0.165,-2.158,3.560,-7.982,30.857,-30.857,-4.348,-26.775
1842,16,47.693,33.685,34.702,-10.965,0.748,-0.616,-2.158,3.560,-9.695,36.356,-36.356,7.986,-36.437
1843,16,44.486,33.371,34.918,-10.965,0.748,-0.616,-2.158,3.560,-9.695,35.901,-35.901,7.184,-35.419
1844,16,31.965,34.130,35.511,-11.647,0.323,-0.968,-1.570,4.072,-10.929,35.415,-35.415,6.067,-34.595
1845,16,28.598,32.820,37.006,-11.647,0.323,-0.968,-0.799,3.790,-10.929,39.042,-39.042,19.437,-35.733
1846,16,23.404,33.047,38.126,-10.209,-0.262,-1.197,-0.799,3.790,-10.092,41.731,-41.731,32.711,-33.214
1847,16,20.276,32.063,38.293,-10.209,-0.262,-1.197,-0.799,3.790,-10.092,41.111,-41.111,32.701,-30.743
1848,16,12.444,31.594,40.394,-6.976,-0.643,-1.392,-0.033,2.943,-9.001,40.730,-40.730,32.620,-29.302
1849,16,10.345,30.608,40.767,-6.976,-0.643,-1.392,0.584,2.565,-9.001,42.499,-42.499,43.418,-26.742
1850,16,9.116,30.486,41.898,-3.237,-0.646,-1.371,0.584,2.565,-7.757,24.112,-24.112,43.004,-25.930
1851,16,8.195,29.777,42.330,-3.237,-0.646,-1.371,0.584,2.565,-7.757,24.437,-24.437,43.732,-24.659
1852,16,8.159,29.074,44.348,0.094,-0.298,-1.273,0.823,2.670,-7.441,24.614,-24.614,44.198,-23.917
1853,16,8.360,28.858,44.901,0.094,-0.298,-1.273,0.756,3.015,-7.441,6.305,-6.305,37.285,-25.534
1854,16,10.300,28.492,45.808,3.051,0.148,-1.144,0.756,3.015,-7.680,-11.193,11.193,27.932,-27.924
1855,16,11.482,28.720,46.361,3.051,0.148,-1.144,0.756,3.015,-7.680,-11.764,11.764,27.642,-28.289
1856,16,17.418,28.208,47.972,5.674,0.604,-0.989,0.775,3.173,-8.465,-13.237,13.237,27.463,-28.173
1857,16,19.559,28.862,48.732,5.674,0.604,-0.989,0.627,3.455,-8.465,-22.869,22.869,16.665,-30.858
1858,16,23.876,28.305,49.289,8.029,0.958,-0.731,0.627,3.455,-9.599,-26.473,26.473,5.087,-28.020
1859,16,26.770,29.239,50.052,8.029,0.958,-0.731,0.627,3.455,-9.599,-26.044,26.044,4.702,-30.124
1860,16,36.425,28.716,51.471,9.153,1.164,-0.334,0.273,3.469,-10.992,-25.930,25.930,4.538,-30.743
1861,16,39.865,30.003,52.052,9.153,1.164,-0.334,-0.239,2.900,-10.992,-30.566,30.566,-8.269,-25.004
1862,16,44.098,29.666,52.254,8.273,1.214,-0.019,-0.239,2.900,-11.197,-34.801,34.801,-17.108,-16.905
1863,16,47.020,30.572,53.090,8.273,1.214,-0.019,-0.239,2.900,-11.197,-33.987,33.987,-16.380,-19.432
1864,16,54.524,30.391,54.129,6.938,1.172,0.125,-0.804,2.833,-8.996,-33.614,33.614,-15.895,-20.438
1865,16,57.336,31.403,54.795,6.938,1.172,0.125,-1.081,2.986,-8.996,-34.832,34.832,-17.985,-17.657
1866,16,59.979,31.319,55.047,5.327,1.129,0.250,-1.081,2.986,-8.049,-36.451,36.451,-20.477,-13.671
1867,16,61.852,31.891,55.762,5.327,1.129,0.250,-1.081,2.986,-8.049,-35.795,35.795,-19.495,-15.316
1868,16,65.608,32.112,56.734,3.337,1.146,0.331,-1.263,3.048,-8.790,-35.395,35.395,-18.787,-16.208
1869,16,67.109,32.683,57.434,3.337,1.146,0.331,-1.263,3.048,-8.790,-29.989,29.989,-19.968,-15.762
1870,16,68.208,32.790,57.910,3.337,1.146,0.331,-1.531,2.957,-8.977,-29.840,29.840,-19.658,-16.050
1871,16,68.712,33.091,58.429,1.237,1.075,0.296,-1.531,2.957,-8.977,-18.535,18.535,-17.160,-16.756
1872,16,68.781,33.636,59.419,-0.932,0.940,0.149,-1.675,2.933,-9.752,-18.220,18.220,-16.611,-17.465
1873,16,68.485,33.566,59.987,-0.932,0.940,0.149,-1.675,2.933,-9.752,-5.306,5.306,-10.722,-19.858
1874,16,67.501,33.719,60.612,-0.932,0.940,0.149,-1.498,2.905,-9.805,-5.158,5.158,-10.591,-20.318
1875,16,66.695,33.678,60.802,-2.443,0.760,-0.017,-1.498,2.905,-9.805,4.399,-4.399,-4.056,-21.800
1876,16,63.401,34.192,61.555,-3.620,0.481,-0.156,-1.493,2.756,-9.551,4.404,-4.404,-4.199,-21.961
1877,16,61.878,33.608,61.878,-3.620,0.481,-0.156,-1.493,2.756,-9.551,11.771,-11.771,2.538,-21.151
1878,16,59.674,33.756,62.473,-3.620,0.481,-0.156,-1.378,2.952,-9.522,11.847,-11.847,2.409,-21.581
1879,16,57.935,33.326,62.260,-4.565,0.083,-0.298,-1.378,2.952,-9.522,17.826,-17.826,10.797,-18.214
1880,16,52.663,33.473,62.465,-4.904,-0.444,-0.426,-1.139,3.005,-9.589,17.470,-17.470,10.084,-17.504
1881,16,50.449,32.390,62.462,-4.904,-0.444,-0.426,-1.139,3.005,-9.589,19.902,-19.902,19.432,-11.087
1882,16,47.984,32.341,62.827,-4.904,-0.444,-0.426,-0.909,3.144,-8.943,19.774,-19.774,19.110,-10.895
1883,16,46.091,31.487,62.365,-4.336,-0.859,-0.522,-0.909,3.144,-8.943,17.292,-17.292,26.521,-4.936
1884,16,41.719,30.749,62.216,-3.173,-1.136,-0.609,-0.455,3.149,-8.393,16.654,-16.654,25.867,-3.035
1885,16,40.133,29.591,62.150,-3.173,-1.136,-0.609,-0.455,3.149,-8.393,10.904,-10.904,31.243,2.095
1886,16,38.853,29.156,62.358,-3.173,-1.136,-0.609,-0.321,3.029,-7.699,10.572,-10.572,31.071,3.252
1887,16,37.937,28.312,62.096,-1.573,-1.188,-0.673,-0.321,3.029,-7.699,2.735,-2.735,33.106,4.633
1888,16,36.920,26.928,62.130,0.232,-1.140,-0.720,-0.196,2.895,-6.934,2.127,-2.127,32.898,6.859
1889,16,36.686,26.181,62.185,0.232,-1.140,-0.720,-0.196,2.895,-6.934,-7.264,7.264,32.951,8.363
1890,16,37.119,25.456,62.340,0.232,-1.140,-0.720,-0.349,3.273,-6.948,-7.842,7.842,32.596,10.319
1891,16,37.443,24.966,62.361,1.703,-1.000,-0.782,-0.349,3.273,-6.948,-14.825,14.825,31.881,8.112
1892,16,39.381,23.505,62.631,2.421,-0.672,-0.831,-0.445,3.426,-7.082,-15.507,15.507,31.340,10.302
1893,16,40.091,23.193,62.902,2.421,-0.672,-0.831,-0.445,3.426,-7.082,-19.465,19.465,26.818,7.252
1894,16,41.288,22.514,63.176,2.421,-0.672,-0.831,-0.402,3.321,-6.900,-20.165,20.165,26.012,9.245
1895,16,41.982,22.304,63.397,2.450,-0.426,-0.872,-0.402,3.321,-6.900,-20.051,20.051,23.148,5.350
1896,16,44.105,21.250,63.941,1.944,-0.240,-0.883,-0.402,3.149,-6.728,-20.692,20.692,22.283,7.049
1897,16,44.725,21.007,64.386,1.944,-0.240,-0.883,-0.402,3.149,-6.728,-18.875,18.875,18.724,6.342
1898,16,45.409,20.566,64.840,1.944,-0.240,-0.883,-0.364,3.048,-6.455,-19.367,19.367,18.071,7.656
1899,16,45.580,20.339,65.066,0.851,-0.081,-0.866,-0.364,3.048,-6.455,-14.345,14.345,15.114,6.472
1900,16,45.660,19.845,65.829,-0.414,0.156,-0.830,-0.330,3.000,-6.513,-14.781,14.781,14.595,7.695
1901,16,45.434,19.461,66.377,-0.414,0.156,-0.830,-0.330,3.000,-6.513,-9.243,9.243,10.183,6.443
1902,16,44.885,19.376,67.076,-0.414,0.156,-0.830,-0.354,3.082,-6.723,-9.231,9.231,10.396,6.605
1903,16,44.219,19.100,67.291,-1.694,0.341,-0.806,-0.354,3.082,-6.723,-3.263,3.263,7.294,5.220
1904,16,41.754,19.285,68.344,-2.864,0.553,-0.787,-0.388,3.397,-7.297,-3.258,3.258,7.704,5.613
1905,16,40.663,18.778,69.005,-2.864,0.553,-0.787,-0.388,3.397,-7.297,2.705,-2.705,5.494,2.963
1906,16,38.992,19.096,69.947,-2.864,0.553,-0.787,-0.354,3.747,-8.154,3.274,-3.274,6.582,1.777
1907,16,37.623,18.811,70.193,-3.881,0.812,-0.795,-0.354,3.747,-8.154,8.481,-8.481,3.688,-1.621
1908,16,33.227,19.707,71.515,-4.532,1.003,-0.840,-0.345,4.034,-8.781,8.980,-8.980,4.946,-2.358
1909,16,31.638,19.214,72.369,-4.532,1.003,-0.840,-0.345,4.034,-8.781,13.781,-13.781,5.507,-7.985
1910,16,29.497,19.832,73.461,-4.532,1.003,-0.840,-0.196,4.192,-9.470,14.606,-14.606,6.687,-10.105
1911,16,28.012,19.645,73.804,-4.363,1.155,-0.945,-0.196,4.192,-9.470,15.247,-15.247,7.908,-14.812
1912,16,23.978,20.782,75.282,-3.481,1.245,-1.038,-0.005,4.268,-10.082,15.915,-15.915,9.081,-16.312
1913,16,22.931,20.590,76.318,-3.481,1.245,-1.038,-0.005,4.268,-10.082,13.508,-13.508,11.285,-22.121
1914,16,21.647,21.072,77.368,-3.481,1.245,-1.038,0.187,4.043,-10.513,13.980,-13.980,11.706,-23.590
1915,16,21.182,21.249,77.874,-1.841,1.278,-1.081,0.187,4.043,-10.513,6.490,-6.490,12.461,-25.684
1916,16,20.329,22.061,79.428,0.068,1.323,-1.073,0.306,3.527,-11.054,6.840,-6.840,12.624,-26.921
1917,16,20.741,22.413,80.482,0.068,1.323,-1.073,0.306,3.527,-11.054,-2.558,2.558,11.298,-28.835
1918,16,21.032,22.554,81.356,0.068,1.323,-1.073,0.431,3.053,-10.881,-2.539,2.539,11.129,-29.080
1919,16,21.856,23.125,81.979,1.351,1.326,-0.931,0.431,3.053,-10.881,-10.578,10.578,7.017,-26.684
1920,16,23.621,23.665,83.400,1.901,1.243,-0.814,0.431,2.986,-9.891,-10.488,10.488,6.525,-27.536
1921,16,24.736,24.215,84.294,1.901,1.243,-0.814,0.187,2.986,-9.891,-14.619,14.619,4.022,-24.533
1922,16,25.651,24.222,84.996,1.901,1.243,-0.814,0.048,3.110,-9.819,-14.719,14.719,3.755,-24.398
1923,16,26.723,24.739,85.599,2.076,1.115,-0.787,0.048,3.110,-9.819,-15.754,15.754,4.531,-22.975
1924,16,28.925,24.999,86.863,2.085,1.043,-0.738,0.048,2.871,-9.752,-15.712,15.712,4.151,-23.525
1925,16,30.070,25.430,87.691,2.085,1.043,-0.738,0.000,2.871,-9.752,-16.312,16.312,3.472,-21.973
1926,16,31.079,25.308,88.315,2.085,1.043,-0.738,-0.196,2.900,-9.116,-16.478,16.478,3.231,-21.549
1927,16,32.279,25.765,88.943,2.446,1.035,-0.753,-0.196,2.900,-9.116,-17.896,17.896,3.489,-22.845
1928,16,34.890,25.737,90.158,2.626,0.879,-0.746,-0.196,2.919,-8.728,-17.880,17.880,3.203,-23.194
1929,16,36.236,26.105,90.970,2.626,0.879,-0.746,-0.364,2.919,-8.728,-18.939,18.939,4.813,-20.949
1930,16,37.410,25.861,91.523,2.626,0.879,-0.746,-0.421,2.924,-8.029,-19.205,19.205,4.489,-20.208
1931,16,38.547,26.146,92.080,2.524,0.712,-0.721,-0.421,2.924,-8.029,-18.858,18.858,6.159,-17.882
1932,16,40.984,25.829,93.072,2.400,0.588,-0.687,-0.421,2.972,-7.891,-18.967,18.967,5.865,-17.738
1933,16,42.137,26.023,93.755,2.400,0.588,-0.687,-0.598,2.972,-7.891,-18.999,18.999,6.312,-14.691
1934,16,43.160,25.713,94.211,2.400,0.588,-0.687,-0.670,2.967,-7.690,-19.331,19.331,5.904,-13.774
1935,16,44.110,25.870,94.687,2.251,0.533,-0.683,-0.670,2.967,-7.690,-18.566,18.566,6.503,-13.252
1936,16,46.176,25.416,95.506,2.135,0.395,-0.665,-0.670,2.929,-7.446,-18.754,18.754,6.154,-12.848
1937,16,47.141,25.481,96.093,2.135,0.395,-0.665,-0.708,2.929,-7.446,-18.759,18.759,7.072,-9.587
1938,16,48.005,25.131,96.469,2.135,0.395,-0.665,-0.790,3.082,-7.230,-19.143,19.143,6.567,-8.557
1939,16,48.739,25.168,96.839,1.931,0.306,-0.653,-0.790,3.082,-7.230,-18.289,18.289,7.417,-7.053
1940,16,50.401,24.586,97.456,1.876,0.198,-0.646,-0.790,3.039,-7.111,-18.572,18.572,6.964,-6.373
1941,16,51.173,24.550,97.934,1.876,0.198,-0.646,-0.885,3.039,-7.111,-18.874,18.874,7.558,-3.464
1942,16,51.902,24.160,98.224,1.876,0.198,-0.646,-0.943,3.086,-6.934,-19.313,19.313,6.945,-2.322
1943,16,52.480,24.108,98.496,1.743,0.094,-0.656,-0.943,3.086,-6.934,-18.611,18.611,8.488,-0.925
1944,16,53.778,23.443,98.951,1.450,0.028,-0.663,-0.943,3.000,-6.565,-18.987,18.987,7.902,-0.007
1945,16,54.289,23.296,99.332,1.450,0.028,-0.663,-1.096,3.000,-6.565,-18.032,18.032,8.121,2.251
1946,16,54.751,22.935,99.605,1.450,0.028,-0.663,-1.105,3.149,-6.197,-18.441,18.441,7.536,3.303
1947,16,54.942,22.782,99.748,0.947,-0.062,-0.623,-1.105,3.149,-6.197,-16.594,16.594,7.577,6.013
1948,16,55.220,22.218,100.120,0.123,-0.116,-0.691,-1.105,3.153,-6.426,-16.977,16.977,7.039,7.008
1949,16,55.060,21.858,100.387,0.123,-0.116,-0.691,-1.302,3.153,-6.426,-12.582,12.582,8.866,7.745
1950,16,54.906,21.580,100.754,0.123,-0.116,-0.691,-1.211,3.216,-6.460,-12.852,12.852,8.578,8.537
1951,16,54.411,21.232,100.759,-0.639,-0.192,-0.757,-1.211,3.216,-6.460,-8.523,8.523,11.072,8.948
1952,16,53.206,20.705,101.186,-1.480,-0.279,-0.843,-1.211,3.254,-6.565,-8.895,8.895,10.788,10.150
1953,16,52.266,20.070,101.387,-1.480,-0.279,-0.843,-1.340,3.254,-6.565,-4.172,4.172,14.001,11.282
1954,16,51.464,19.854,101.910,-1.480,-0.279,-0.843,-1.254,3.383,-6.594,-4.279,4.279,14.132,11.843
1955,16,50.252,19.285,101.819,-2.308,-0.316,-0.968,-1.254,3.383,-6.594,1.049,-1.049,17.788,10.759
1956,16,47.581,18.779,102.418,-3.072,-0.364,-1.097,-1.254,3.407,-6.967,0.761,-0.761,18.011,12.135
1957,16,45.930,17.866,102.693,-3.072,-0.364,-1.097,-1.120,3.407,-6.967,5.850,-5.850,22.691,11.738
1958,16,44.569,17.740,103.428,-3.072,-0.364,-1.097,-1.129,3.493,-7.269,5.988,-5.988,23.388,11.882
1959,16,42.682,16.934,103.309,-3.841,-0.454,-1.202,-1.129,3.493,-7.269,10.800,-10.800,27.836,12.464
1960,16,38.880,16.422,104.125,-4.052,-0.451,-1.319,-1.129,3.512,-7.336,10.764,-10.764,28.933,13.704
1961,16,36.831,15.351,104.566,-4.052,-0.451,-1.319,-0.938,3.512,-7.336,13.365,-13.365,33.827,12.414
1962,16,35.315,15.228,105.432,-4.052,-0.451,-1.319,-0.785,3.436,-7.537,13.663,-13.663,34.895,12.289
1963,16,33.458,14.385,105.473,-3.785,-0.500,-1.435,-0.785,3.436,-7.537,13.661,-13.661,39.650,11.703
1964,16,30.289,13.723,106.552,-2.807,-0.394,-1.551,-0.785,3.450,-7.584,13.853,-13.853,41.260,12.547
1965,16,28.898,12.866,107.273,-2.807,-0.394,-1.551,-0.579,3.450,-7.584,10.581,-10.581,44.575,9.391
1966,16,28.051,12.559,108.219,-2.807,-0.394,-1.551,-0.493,3.441,-7.527,10.668,-10.668,45.308,9.777
1967,16,27.381,12.128,108.598,-1.351,-0.129,-1.680,-0.493,3.441,-7.527,4.959,-4.959,45.342,3.522
1968,16,26.783,11.537,110.091,0.255,0.294,-1.800,-0.493,3.383,-7.752,4.946,-4.946,46.024,4.257
1969,16,26.986,11.308,111.204,0.255,0.294,-1.800,-0.354,3.383,-7.752,-1.930,1.930,42.693,-3.681
1970,16,27.271,10.910,112.292,0.255,0.294,-1.800,-0.196,3.708,-8.326,-2.283,2.283,42.423,-2.538
1971,16,28.230,11.122,113.023,1.834,0.747,-1.883,-0.196,3.708,-8.326,-9.364,9.364,37.109,-11.123
1972,16,30.338,10.935,114.932,2.864,1.246,-1.850,-0.196,3.718,-9.685,-9.830,9.830,36.014,-10.353
1973,16,31.954,11.241,116.348,2.864,1.246,-1.850,-0.038,3.718,-9.685,-16.181,16.181,25.600,-15.968
1974,16,33.046,10.992,117.532,2.864,1.246,-1.850,0.139,3.388,-9.843,-16.742,16.742,24.490,-14.832
1975,16,34.835,11.551,118.460,3.376,1.594,-1.717,0.139,3.388,-9.843,-21.150,21.150,14.699,-17.217
1976,16,38.025,11.764,120.531,3.714,1.743,-1.513,0.139,3.512,-10.097,-21.635,21.635,12.941,-17.037
1977,16,40.132,12.194,121.964,3.714,1.743,-1.513,0.081,3.512,-10.097,-26.529,26.529,2.995,-14.158
1978,16,41.416,12.130,123.119,3.714,1.743,-1.513,0.019,3.613,-11.006,-26.959,26.959,1.827,-13.608
1979,16,43.159,12.676,124.057,3.285,1.963,-1.311,0.019,3.613,-11.006,-27.340,27.340,-7.451,-12.799
1980,16,45.704,13.336,126.202,2.245,2.127,-1.112,0.019,3.216,-11.810,-27.560,27.560,-8.793,-13.259
1981,16,47.099,13.616,127.559,2.245,2.127,-1.112,-0.234,3.216,-11.810,-24.763,24.763,-17.158,-11.994
1982,16,47.782,13.854,128.808,2.245,2.127,-1.112,-0.306,2.818,-11.685,-24.697,24.697,-17.455,-12.556
1983,16,48.500,14.185,129.588,1.206,2.047,-0.985,-0.306,2.818,-11.685,-20.934,20.934,-19.696,-9.076
1984,16,49.144,15.002,131.641,0.065,1.823,-0.900,-0.306,2.479,-11.370,-20.747,20.747,-19.870,-9.999
1985,16,49.325,14.988,132.710,0.065,1.823,-0.900,-0.507,2.479,-11.370,-15.693,15.693,-18.390,-5.917
1986,16,49.265,15.237,133.891,0.065,1.823,-0.900,-0.479,2.388,-10.791,-15.438,15.438,-18.091,-6.637
1987,16,49.055,15.299,134.435,-0.550,1.599,-0.997,-0.479,2.388,-10.791,-11.050,11.050,-12.262,-6.070
1988,16,48.465,15.773,136.221,-0.714,1.420,-1.130,-0.479,2.684,-10.838,-10.823,10.823,-11.885,-6.600
1989,16,48.169,15.543,137.200,-0.714,1.420,-1.130,-0.330,2.684,-10.838,-8.146,8.146,-5.523,-7.663
1990,16,47.937,15.571,138.291,-0.714,1.420,-1.130,-0.297,2.775,-10.346,-8.071,8.071,-5.337,-7.779
1991,16,47.730,15.525,138.784,-0.443,1.231,-1.217,-0.297,2.775,-10.346,-8.346,8.346,-0.389,-7.140
1992,16,47.524,15.523,140.373,0.270,1.086,-1.306,-0.297,2.852,-10.422,-8.337,8.337,-0.262,-7.049
1993,16,47.707,15.276,141.337,0.270,1.086,-1.306,-0.172,2.852,-10.422,-11.023,11.023,3.710,-6.587
1994,16,47.876,15.034,142.253,0.270,1.086,-1.306,-0.301,2.914,-10.733,-11.290,11.290,3.357,-5.872
1995,16,48.417,14.977,142.789,1.158,0.911,-1.356,-0.301,2.914,-10.733,-15.278,15.278,6.665,-4.383
1996,16,49.595,14.461,144.124,1.922,0.730,-1.398,-0.301,3.010,-10.513,-15.643,15.643,5.976,-3.611
1997,16,50.598,14.230,145.039,1.922,0.730,-1.398,-0.364,3.010,-10.513,-19.776,19.776,7.932,-0.397
1998,16,51.309,13.729,145.757,1.922,0.730,-1.398,-0.292,2.952,-9.800,-20.430,20.430,6.842,1.129
1999,16,52.472,13.632,146.297,2.549,0.620,-1.442,-0.292,2.952,-9.800,-23.356,23.356,8.543,1.984
2000,16,54.681,12.740,147.379,3.062,0.561,-1.418,-0.292,2.761,-9.685,-24.090,24.090,6.992,3.370
2001,16,56.234,12.494,148.243,3.062,0.561,-1.418,-0.426,2.761,-9.685,-28.200,28.200,4.444,7.014
2002,16,57.292,11.891,148.807,3.062,0.561,-1.418,-0.517,2.775,-9.254,-29.066,29.066,2.776,8.811
2003,16,58.690,11.765,149.283,3.221,0.473,-1.335,-0.517,2.775,-9.254,-31.324,31.324,0.679,12.546
2004,16,61.167,10.806,150.139,3.133,0.506,-1.322,-0.517,2.574,-8.833,-32.198,32.198,-1.371,13.995
2005,16,62.693,10.510,150.903,3.133,0.506,-1.322,-0.656,2.574,-8.833,-33.211,33.211,-5.244,15.943
2006,16,63.704,9.917,151.409,3.133,0.506,-1.322,-0.761,2.579,-8.671,-34.075,34.075,-7.049,17.593
2007,16,64.811,9.751,151.806,2.785,0.463,-1.248,-0.761,2.579,-8.671,-33.642,33.642,-9.457,20.418
2008,16,66.682,8.854,152.626,2.266,0.600,-1.288,-0.761,2.483,-10.125,-34.471,34.471,-11.437,21.753
2009,16,67.686,8.463,153.351,2.266,0.600,-1.288,-1.010,2.483,-10.125,-32.480,32.480,-14.924,20.680
2010,16,68.370,7.881,153.985,2.266,0.600,-1.288,-0.866,2.479,-10.642,-32.480,32.480,-14.973,20.632
2011,16,69.141,7.666,154.432,2.120,0.803,-1.369,-0.866,2.479,-10.642,-30.739,30.739,-16.144,15.413
2012,16,70.480,6.775,155.563,1.871,0.937,-1.444,-0.866,2.464,-11.011,-30.739,30.739,-16.374,15.183
2013,16,71.252,6.256,156.435,1.871,0.937,-1.444,-1.029,2.464,-11.011,-28.547,28.547,-16.657,11.118
2014,16,71.771,5.629,157.275,1.871,0.937,-1.444,-1.010,2.383,-11.858,-28.547,28.547,-16.684,11.091
2015,16,72.333,5.367,157.784,1.730,1.128,-1.509,-1.010,2.383,-11.858,-27.031,27.031,-17.997,6.529
2016,16,73.286,4.425,159.214,1.489,1.252,-1.643,-1.010,2.402,-11.561,-27.031,27.031,-18.158,6.368
2017,16,73.818,3.763,160.229,1.489,1.252,-1.643,-1.091,2.402,-11.561,-24.163,24.163,-16.705,1.163
2018,16,74.153,3.055,161.239,1.489,1.252,-1.643,-0.914,2.273,-11.130,-24.163,24.163,-16.661,1.207
2019,16,74.462,2.717,161.787,1.266,1.319,-1.721,-0.914,2.273,-11.130,-22.059,22.059,-15.727,-1.801
2020,16,74.922,1.658,163.384,0.946,1.357,-1.764,-0.914,2.364,-10.475,-22.059,22.059,-15.726,-1.799
2021,16,75.092,0.905,164.444,0.946,1.357,-1.764,-0.746,2.364,-10.475,-19.929,19.929,-15.019,-3.223
2022,16,75.172,0.157,165.521,0.946,1.357,-1.764,-0.670,2.474,-10.719,-19.929,19.929,-14.834,-3.038
2023,16,75.207,-0.220,166.064,0.761,1.365,-1.817,-0.670,2.474,-10.719,-18.336,18.336,-13.513,-4.380
2024,16,75.176,-1.327,167.728,0.549,1.386,-1.848,-0.670,2.364,-10.886,-18.336,18.336,-13.291,-4.158
2025,16,75.059,-2.123,168.815,0.549,1.386,-1.848,-0.723,2.364,-10.886,-16.890,16.890,-12.336,-4.748
2026,16,74.970,-2.886,169.896,0.549,1.386,-1.848,-0.517,2.584,-11.685,-16.890,16.890,-12.030,-4.441
2027,16,74.876,-3.275,170.422,0.575,1.270,-1.856,-0.517,2.584,-11.685,-16.930,16.930,-9.990,-2.775
2028,16,74.781,-4.442,171.979,0.966,1.173,-1.867,-0.517,2.603,-12.106,-16.930,16.930,-9.643,-2.428
2029,16,74.851,-5.220,172.995,0.966,1.173,-1.867,-0.340,2.603,-12.106,-18.738,18.738,-7.687,-1.057
2030,16,74.963,-6.018,173.940,0.966,1.173,-1.867,-0.163,2.632,-11.451,-18.738,18.738,-7.533,-0.904
2031,16,75.334,-6.403,174.379,1.650,0.947,-1.817,-0.163,2.632,-11.451,-22.784,22.784,-5.750,3.383
2032,16,76.061,-7.609,175.654,1.907,0.916,-1.772,-0.163,2.641,-10.106,-22.784,22.784,-5.887,3.246
2033,16,76.625,-8.355,176.532,1.907,0.916,-1.772,-0.100,2.641,-10.106,-24.640,24.640,-7.009,4.414
2034,16,77.002,-9.150,177.389,1.907,0.916,-1.772,-0.100,2.641,-10.106,-24.640,24.640,-7.137,4.286
2035,16,77.461,-9.509,177.814,1.959,0.978,-1.719,-0.005,2.507,-10.671,-25.553,25.553,-9.645,4.388
2036,16,78.291,-10.606,179.141,1.959,0.978,-1.719,-0.005,2.507,-10.671,-25.553,25.553,-9.974,4.059
2037,16,78.717,-11.348,-179.929,1.791,1.135,-1.677,0.019,2.402,-11.762,-25.244,25.244,-13.680,2.484
2038,16,78.996,-12.076,-178.965,1.791,1.135,-1.677,0.019,2.402,-11.762,-25.244,25.244,-13.791,2.373
2039,16,79.292,-12.405,-178.486,1.671,1.217,-1.611,0.019,2.330,-12.676,-25.474,25.474,-16.830,2.636
2040,16,79.755,-13.355,-176.952,1.671,1.217,-1.611,0.019,2.330,-12.676,-25.474,25.474,-17.001,2.465
2041,16,80.051,-14.092,-175.988,1.677,1.267,-1.615,-0.077,2.259,-13.365,-25.447,25.447,-17.857,1.396
2042,16,80.235,-14.778,-174.958,1.677,1.267,-1.615,-0.077,2.259,-13.365,-25.447,25.447,-17.919,1.334
2043,16,80.425,-15.119,-174.462,1.535,1.269,-1.647,0.024,2.330,-13.595,-24.339,24.339,-17.282,0.373
2044,16,80.681,-16.107,-172.880,1.535,1.269,-1.647,0.024,2.330,-13.595,-24.339,24.339,-17.346,0.309
2045,16,80.901,-16.841,-171.949,1.615,1.205,-1.606,0.139,2.345,-13.212,-25.244,25.244,-17.588,2.091
2046,16,81.031,-17.524,-170.951,1.615,1.205,-1.606,0.139,2.345,-13.212,-25.244,25.244,-17.619,2.060
2047,16,81.142,-17.863,-170.454,1.432,1.270,-1.633,0.368,2.220,-13.676,-23.995,23.995,-17.947,0.401
2048,16,81.233,-18.835,-168.866,1.432,1.270,-1.633,0.368,2.220,-13.676,-23.995,23.995,-17.915,0.433
2049,16,81.225,-19.593,-167.882,1.332,1.242,-1.645,0.450,0.608,-11.953,-23.348,23.348,-17.095,0.666
2050,16,81.187,-20.316,-166.818,1.332,1.242,-1.645,0.450,0.608,-11.953,-23.348,23.348,-16.951,0.810
2051,16,72.923,-26.161,-155.732,-12.823,30.102,-27.889,12.843,-82.898,-29.625,100.250,-100.250,64.286,-235.714
2052,16,39.323,-35.348,-116.278,-12.823,30.102,-27.889,12.843,-82.898,-29.625,100.250,-100.250,64.286,-235.714
2053,16,7.493,-25.020,-87.001,-33.425,30.096,-34.904,-6.704,-4.216,-3.397,100.250,-100.250,64.286,-235.714
2054,16,-9.447,-17.689,-67.471,-33.425,30.096,-34.904,-6.704,-4.216,-3.397,100.250,-100.250,64.286,-235.714
2055,16,-27.671,-3.173,-58.508,-34.899,-1.857,-34.881,-16.078,-5.201,-7.154,100.250,-100.250,205.096,-94.903
2056,16,-60.116,13.297,-34.760,-34.899,-1.857,-34.881,-16.078,-5.201,-7.154,100.250,-100.250,197.892,-102.108
2057,16,-62.992,23.213,-8.111,-29.758,-30.692,-34.881,-13.992,-0.981,-8.106,100.250,-100.250,235.714,-64.286
2058,16,-66.430,36.524,17.696,-29.758,-30.692,-34.881,-13.992,-0.981,-8.106,100.250,-100.250,235.714,-64.286
2059,16,-58.906,37.409,36.120,-8.359,-34.906,-33.437,-16.413,5.106,-9.771,100.250,-100.250,235.714,-64.286
2060,16,-25.410,31.162,92.437,-8.359,-34.906,-33.437,-16.413,5.106,-9.771,100.250,-100.250,235.714,-64.286
2061,16,-11.782,26.502,117.473,9.196,-31.708,-34.009,-10.862,16.088,-4.977,40.250,-40.250,235.714,-64.286
2062,16,0.627,9.896,139.438,9.196,-31.708,-34.009,-10.862,16.088,-4.977,40.250,-40.250,235.714,-64.286
2063,16,8.006,4.021,149.091,20.696,-18.098,-34.904,0.952,9.776,-1.038,40.250,-40.250,235.714,-64.286
2064,16,23.063,-20.100,174.072,20.696,-18.098,-34.904,0.952,9.776,-1.038,40.250,-40.250,235.714,-64.286
2065,16,28.520,-26.468,-165.101,23.400,2.222,-34.881,-3.134,4.201,-4.804,40.250,-40.250,146.827,-153.173
2066,16,27.036,-34.392,-142.108,23.400,2.222,-34.881,-3.134,4.201,-4.804,40.250,-40.250,146.827,-153.173
2067,16,26.903,-34.630,-129.152,14.481,21.222,-34.881,-3.216,3.216,-2.790,40.250,-40.250,64.286,-235.714
2068,16,19.461,-26.704,-87.935,14.481,21.222,-34.881,-3.216,3.216,-2.790,40.250,-40.250,64.286,-235.714
2069,16,7.695,-16.320,-62.527,-0.374,28.864,-34.881,-5.379,-1.455,1.732,66.585,-66.585,64.286,-235.714
2070,16,6.798,-8.616,-40.986,-0.374,28.864,-34.881,-5.379,-1.455,1.732,67.782,-67.782,64.286,-235.714
2071,16,0.533,5.068,-30.175,-14.207,24.674,-34.882,-9.656,-3.503,0.388,100.250,-100.250,64.286,-235.714
2072,16,-6.664,27.307,-0.296,-14.207,24.674,-34.882,-9.656,-3.503,0.388,100.250,-100.250,64.286,-235.714
2073,16,-2.890,35.916,23.850,-22.207,13.201,-34.881,-13.174,5.503,-1.747,100.250,-100.250,64.286,-235.714
2074,16,0.211,41.700,49.426,-22.207,13.201,-34.881,-13.174,5.503,-1.747,100.250,-100.250,64.286,-235.714
2075,16,4.671,43.211,63.827,-22.899,0.050,-34.881,-2.105,8.618,0.512,100.250,-100.250,130.476,-169.524
2076,16,13.352,36.967,103.998,-22.899,0.050,-34.881,-2.105,8.618,0.512,100.250,-100.250,134.288,-165.712
2077,16,13.686,27.527,125.209,-17.566,-12.252,-34.881,-0.124,1.053,1.914,100.250,-100.250,235.714,-64.286
2078,16,15.578,17.565,145.275,-17.566,-12.252,-34.881,-0.124,1.053,1.914,100.250,-100.250,235.714,-64.286
2079,16,11.017,8.886,153.137,-7.791,-19.200,-34.882,-3.426,-0.723,-1.067,100.250,-100.250,235.714,-64.286
2080,16,3.702,-17.615,179.465,-7.791,-19.200,-34.882,-3.426,-0.723,-1.067,100.250,-100.250,235.714,-64.286
2081,16,-1.191,-23.004,-159.715,2.577,-18.128,-34.881,-6.891,-0.440,-4.297,58.355,-58.355,235.714,-64.286
2082,16,-10.083,-31.968,-136.898,2.577,-18.128,-34.881,-6.891,-0.440,-4.297,64.866,-64.866,235.714,-64.286
2083,16,-14.133,-32.792,-124.853,9.697,-10.273,-34.882,-10.781,1.378,-5.173,40.250,-40.250,235.714,-64.286
2084,16,-23.204,-28.825,-88.524,9.697,-10.273,-34.882,-10.781,1.378,-5.173,40.250,-40.250,235.714,-64.286
2085,16,-26.638,-20.648,-67.824,11.574,0.650,-34.881,-10.738,4.383,-1.699,40.250,-40.250,169.288,-130.712
2086,16,-24.287,-12.233,-48.996,11.574,0.650,-34.881,-10.738,4.383,-1.699,40.250,-40.250,169.288,-130.712
2087,16,-23.222,-4.436,-41.047,8.505,9.652,-34.881,-7.814,6.934,0.579,40.250,-40.250,64.286,-235.714
2088,16,-10.396,13.865,-14.703,8.505,9.652,-34.881,-7.814,6.934,0.579,40.250,-40.250,64.286,-235.714
2089,16,-4.831,25.453,4.609,2.378,15.048,-34.721,-3.412,6.929,-1.081,60.785,-60.785,64.286,-235.714
2090,16,7.124,29.641,27.434,2.378,15.048,-34.721,-3.412,6.929,-1.081,54.800,-54.800,64.286,-235.714
2091,16,14.590,36.692,41.015,-4.604,16.878,-33.618,-0.947,4.020,-3.876,85.928,-85.928,64.286,-235.714
2092,16,35.792,37.931,82.380,-4.604,16.878,-33.618,-0.947,4.020,-3.876,85.770,-85.770,64.286,-235.714
2093,16,44.050,31.624,107.281,-10.845,14.662,-33.610,-1.201,1.010,-3.656,100.250,-100.250,64.286,-235.714
2094,16,48.276,23.673,129.777,-10.845,14.662,-33.610,-1.201,1.010,-3.656,100.250,-100.250,64.286,-235.714
2095,16,46.820,18.054,138.955,-15.336,8.407,-34.245,-2.756,-0.426,-1.373,100.250,-100.250,64.286,-235.714
2096,16,38.615,1.108,165.892,-15.336,8.407,-34.245,-2.756,-0.426,-1.373,100.250,-100.250,64.286,-235.714
2097,16,28.143,-7.215,-176.300,-16.513,-0.099,-34.427,-4.871,0.010,-1.110,100.250,-100.250,179.987,-120.013
2098,16,20.399,-15.172,-158.015,-16.513,-0.099,-34.427,-4.871,0.010,-1.110,102.500,-102.500,179.987,-120.013
2099,16,8.324,-18.198,-147.488,-13.937,-7.792,-33.853,-6.307,1.144,-2.283,102.500,-102.500,235.714,-64.286
2100,16,-17.338,-25.601,-114.559,-13.937,-7.792,-33.853,-6.307,1.144,-2.283,102.500,-102.500,235.714,-64.286
2101,16,-28.201,-21.658,-93.419,-8.646,-12.366,-33.111,-7.025,2.249,-3.464,102.500,-102.500,235.714,-64.286
2102,16,-38.487,-18.235,-72.051,-8.646,-12.366,-33.111,-7.025,2.249,-3.464,102.500,-102.500,235.714,-64.286
2103,16,-42.698,-12.820,-62.589,-2.344,-13.117,-32.934,-7.183,3.402,-3.311,91.718,-91.718,235.714,-64.286
2104,16,-45.871,0.396,-34.681,-2.344,-13.117,-32.934,-7.183,3.402,-3.311,91.718,-91.718,235.714,-64.286
2105,16,-43.297,9.674,-16.679,3.396,-10.512,-33.517,-6.503,4.163,-1.814,63.020,-63.020,235.714,-64.286
2106,16,-36.287,17.244,2.609,3.396,-10.512,-33.517,-6.503,4.163,-1.814,63.020,-63.020,235.714,-64.286
2107,16,-34.914,21.504,11.628,-6.888,-6.415,-32.453,-100.833,-21.591,-6.369,102.500,-102.500,235.714,-64.286
2108,16,-24.720,30.281,42.055,-6.888,-6.415,-32.453,-100.833,-21.591,-6.369,102.500,-102.500,235.714,-64.286
2109,16,-15.086,34.886,64.515,-2.641,-4.897,-34.619,-19.476,-92.703,-38.080,93.204,-93.204,213.218,-86.782
2110,16,-2.996,34.134,88.484,-2.641,-4.897,-34.619,-19.476,-92.703,-5.412,87.206,-87.206,214.059,-85.940
2111,16,3.373,34.498,100.916,-4.066,-0.840,-34.359,-3.292,-21.887,-5.412,91.139,-91.139,155.593,-144.407
2112,16,19.424,26.126,135.642,-4.066,-0.840,-34.359,-3.292,-21.887,-5.412,85.734,-85.734,160.460,-139.540
2113,16,24.995,20.296,155.801,-3.693,-0.954,-33.758,-4.847,-2.120,-0.569,83.466,-83.466,176.190,-123.810
2114,16,28.079,11.036,173.965,-3.693,-0.954,-33.758,-4.847,-2.120,-3.412,83.466,-83.466,187.438,-112.562
2115,16,28.542,6.541,-177.861,-3.183,-0.745,-31.573,-14.226,-0.081,-3.412,80.915,-80.915,189.209,-110.791
2116,16,25.743,-8.626,-153.844,-3.183,-0.745,-31.573,-14.226,-0.081,-3.412,80.915,-80.915,189.209,-110.791
2117,16,22.008,-13.549,-137.720,-3.043,-0.609,-28.865,-9.575,5.551,0.746,80.217,-80.217,187.276,-112.724
2118,16,16.954,-19.607,-121.316,-3.043,-0.609,-28.865,-9.575,5.551,0.842,80.217,-80.217,187.276,-112.724
2119,16,12.435,-21.221,-112.739,-2.765,-1.145,-27.614,-3.551,8.226,0.842,78.827,-78.827,194.931,-105.069
2120,16,-0.997,-25.672,-86.326,-2.765,-1.145,-27.614,-3.551,8.226,0.842,82.454,-82.454,194.931,-105.069
2121,16,-8.135,-23.757,-68.439,-2.560,-1.091,-28.464,1.383,4.436,-1.158,92.095,-92.095,194.155,-105.845
2122,16,-15.144,-22.172,-50.753,-2.560,-1.091,-28.464,1.383,4.436,-1.536,92.799,-92.799,194.155,-105.845
2123,16,-19.178,-18.192,-41.999,-2.256,-0.577,-29.951,0.321,0.163,-1.536,91.281,-91.281,186.820,-113.180
2124,16,-26.632,-8.427,-17.143,-2.256,-0.577,-29.951,0.321,0.163,-1.536,91.281,-91.281,186.820,-113.180
2125,16,-27.871,-0.099,-1.345,-1.818,0.268,-30.879,-1.278,-0.756,-1.608,89.092,-89.092,174.736,-125.264
2126,16,-27.515,6.172,14.907,-1.818,0.268,-30.879,-1.278,-0.756,-1.450,89.092,-89.092,174.736,-125.264
2127,16,-26.007,12.551,22.413,-1.469,1.350,-31.170,-2.086,-0.613,-1.450,87.345,-87.345,153.053,-146.947
2128,16,-17.626,23.412,48.432,-1.469,1.350,-31.170,-2.086,-0.613,-1.450,87.345,-87.345,143.504,-156.496
2129,16,-10.212,29.216,67.151,-1.306,2.355,-30.881,-3.460,-0.746,-0.880,84.137,-84.137,117.455,-182.545
2130,16,-1.628,30.608,87.398,-1.306,2.355,-30.881,-3.460,-0.746,-0.440,79.844,-79.844,115.485,-184.515
2131,16,5.310,32.562,98.299,-1.399,3.008,-29.933,-4.527,-0.459,-0.440,76.836,-76.836,103.380,-196.620
2132,16,20.967,28.333,129.083,-1.399,3.008,-29.933,-4.527,-0.459,-0.440,71.993,-71.993,105.406,-194.594
2133,16,27.755,24.330,147.369,-1.994,3.257,-28.696,-4.206,0.105,-0.392,74.971,-74.971,110.644,-189.356
2134,16,32.068,17.597,163.953,-1.994,3.257,-28.696,-4.206,0.105,-1.081,74.971,-74.971,118.460,-181.540
2135,16,34.094,14.104,171.756,-2.973,3.247,-27.665,-4.670,0.641,-1.081,79.866,-79.866,122.343,-177.657
2136,16,35.137,1.655,-166.410,-2.973,3.247,-27.665,-4.670,0.641,-1.081,79.866,-79.866,130.543,-169.456
2137,16,32.815,-3.823,-152.182,-3.969,2.949,-26.166,-5.766,3.225,-1.325,84.846,-84.846,136.448,-163.552
2138,16,28.981,-9.857,-137.837,-3.969,2.949,-26.166,-5.766,3.225,-3.240,84.846,-84.846,136.448,-163.552
2139,16,26.818,-12.480,-130.834,-3.086,2.300,-24.941,3.651,12.188,-3.240,80.430,-80.430,145.716,-154.284
2140,16,18.261,-19.304,-107.310,-3.086,2.300,-24.941,3.651,12.188,-3.240,80.430,-80.430,145.716,-154.284
2141,16,17.691,-20.982,-100.963,3.613,-1.090,-13.422,15.049,82.343,-2.201,46.933,-46.933,194.139,-105.860
2142,16,16.612,-23.345,-92.996,3.613,-1.090,-13.422,15.049,82.343,-3.450,46.933,-46.933,194.139,-105.860
2143,16,15.462,-24.418,-88.047,3.359,-0.145,-15.912,6.809,-1.426,-3.450,48.206,-48.206,180.641,-119.359
2144,16,10.064,-28.436,-68.584,3.359,-0.145,-15.912,6.809,-1.426,-3.450,48.206,-48.206,180.641,-119.359
2145,16,7.318,-27.964,-60.905,3.366,1.286,-16.849,-0.244,-2.230,-1.258,48.864,-48.864,160.203,-139.797
2146,16,3.537,-27.896,-49.355,3.366,1.286,-16.849,-0.244,-2.230,-0.914,52.351,-52.351,160.203,-139.797
2147,16,1.626,-27.173,-43.545,3.174,2.789,-16.997,-1.383,-1.469,-0.914,55.129,-55.129,138.731,-161.269
2148,16,-4.473,-24.081,-21.565,3.174,2.789,-16.997,-1.383,-1.469,-0.914,58.236,-58.236,138.731,-161.269
2149,16,-5.962,-20.499,-16.106,2.818,4.130,-16.720,-1.158,-1.072,-0.756,63.074,-63.074,119.571,-180.429
2150,16,-7.761,-16.588,-6.020,2.818,4.130,-16.720,-1.158,-1.072,-1.560,64.021,-64.021,119.571,-180.429
2151,16,-8.498,-14.192,-1.251,2.162,5.365,-16.455,-0.096,-0.182,-1.560,67.573,-67.573,101.933,-198.067
2152,16,-9.862,-6.343,17.174,2.162,5.365,-16.455,-0.096,-0.182,-1.560,67.671,-67.671,101.933,-198.067
2153,16,-9.437,-1.136,21.423,1.260,6.592,-16.343,0.526,0.100,-1.914,71.693,-71.693,84.402,-215.598
2154,16,-8.583,4.423,30.241,1.260,6.592,-16.343,0.526,0.100,-1.129,70.948,-70.948,84.402,-215.598
2155,16,-8.121,7.326,34.559,0.260,7.302,-15.986,-0.770,-0.459,-1.129,75.596,-75.596,74.252,-225.748
2156,16,-5.389,15.853,51.259,0.260,7.302,-15.986,-0.770,-0.459,-1.129,74.607,-74.607,69.856,-230.144
2157,16,-3.090,20.582,56.731,-0.692,7.018,-15.035,-1.871,-0.402,-0.096,77.528,-77.528,64.286,-235.714
2158,16,0.077,25.077,66.073,-0.692,7.018,-15.035,-1.871,-0.402,-1.153,75.924,-75.924,64.286,-235.714
2159,16,1.645,26.987,70.719,-1.513,6.499,-14.288,-0.565,-1.105,-1.153,79.240,-79.240,64.286,-235.714
2160,16,7.466,31.675,87.612,-1.513,6.499,-14.288,-0.565,-1.105,-1.153,77.379,-77.379,64.286,-235.714
2161,16,11.614,34.085,95.778,-2.373,6.054,-13.954,-0.258,-0.909,-1.177,78.545,-78.545,64.286,-235.714
2162,16,16.209,35.614,106.486,-2.373,6.054,-13.954,-0.258,-0.909,-1.010,76.867,-76.867,64.286,-235.714
2163,16,18.315,35.982,111.789,-3.130,5.475,-13.632,-1.067,-0.512,-1.010,80.649,-80.649,64.286,-235.714
2164,16,24.466,35.873,128.696,-3.130,5.475,-13.632,-1.067,-0.512,-1.010,80.649,-80.649,64.286,-235.714
2165,16,28.302,35.308,137.861,-3.633,4.798,-12.787,-2.857,0.627,-0.651,83.163,-83.163,74.783,-225.217
2166,16,31.592,34.062,147.670,-3.633,4.798,-12.787,-2.857,0.627,-0.723,83.163,-83.163,76.516,-223.484
2167,16,32.805,33.209,152.111,-3.971,3.967,-12.004,-1.517,1.330,-0.723,84.857,-84.857,89.475,-210.525
2168,16,35.618,30.101,165.145,-3.971,3.967,-12.004,-1.517,1.330,-0.723,84.857,-84.857,91.796,-208.204
2169,16,37.017,27.854,172.954,-4.250,3.214,-11.661,-0.900,1.991,-0.775,86.252,-86.252,106.534,-193.466
2170,16,37.750,25.345,-179.385,-4.250,3.214,-11.661,-0.900,1.991,-0.584,86.252,-86.252,109.343,-190.657
2171,16,37.824,23.899,-175.769,-4.517,2.450,-11.677,0.761,1.694,-0.584,87.584,-87.584,121.878,-178.122
2172,16,37.322,19.058,-165.373,-4.517,2.450,-11.677,0.761,1.694,-0.584,87.584,-87.584,125.142,-174.858
2173,16,36.484,16.275,-158.341,-4.799,1.600,-12.096,0.914,0.751,-0.804,88.995,-88.995,142.854,-157.146
2174,16,35.147,13.082,-151.570,-4.799,1.600,-12.096,0.914,0.751,-0.656,88.995,-88.995,146.807,-153.193
2175,16,34.260,11.269,-148.267,-5.021,0.641,-12.440,0.703,-0.033,-0.656,90.103,-90.103,162.826,-137.174
2176,16,31.462,6.087,-137.691,-5.021,0.641,-12.440,0.703,-0.033,-0.656,90.103,-90.103,167.480,-132.520
2177,16,35.899,2.738,-133.055,7.348,-0.405,-11.890,111.241,28.036,1.373,42.500,-42.500,184.354,-115.646
2178,16,39.900,-2.197,-127.514,7.348,-0.405,-11.890,111.241,28.036,-3.608,42.500,-42.500,184.354,-115.646
2179,16,40.578,-4.695,-124.507,3.445,0.506,-12.599,0.938,6.680,-3.608,47.775,-47.775,171.343,-128.657
2180,16,42.302,-13.401,-114.246,3.445,0.506,-12.599,0.938,6.680,-3.608,47.775,-47.775,171.343,-128.657
2181,16,44.767,-17.812,-110.200,8.158,-0.698,-12.045,2.421,21.959,-12.121,42.500,-42.500,188.539,-111.461
2182,16,47.263,-23.491,-104.961,8.158,-0.698,-12.045,2.421,21.959,-6.776,42.500,-42.500,188.539,-111.461
2183,16,48.449,-26.143,-103.362,7.053,-2.537,-9.232,0.593,30.773,-6.776,42.500,-42.500,214.821,-85.179
2184,16,51.902,-35.854,-97.044,7.053,-2.537,-9.232,0.593,30.773,-6.776,42.500,-42.500,214.821,-85.179
2185,16,52.769,-39.122,-94.478,6.761,-0.980,-9.277,-0.713,4.723,-1.325,42.500,-42.500,192.572,-107.428
2186,16,53.485,-44.070,-90.134,6.761,-0.980,-9.277,-0.713,4.723,-1.517,42.500,-42.500,192.572,-107.428
2187,16,53.344,-46.393,-87.459,6.604,0.065,-9.416,-0.273,0.560,-1.517,42.500,-42.500,177.643,-122.357
2188,16,51.170,-55.204,-75.655,6.604,0.065,-9.416,-0.273,0.560,-1.517,42.500,-42.500,177.643,-122.357
2189,16,48.455,-57.144,-70.243,6.456,1.458,-9.516,-0.282,0.321,-0.737,42.500,-42.500,157.738,-142.262
2190,16,43.651,-60.656,-60.594,6.456,1.458,-9.516,-0.282,0.321,-0.349,42.500,-42.500,157.738,-142.262
2191,16,40.137,-61.914,-54.729,6.101,2.712,-9.372,-0.392,0.263,-0.349,42.500,-42.500,139.826,-160.174
2192,16,23.587,-65.531,-28.988,6.101,2.712,-9.372,-0.392,0.263,-0.349,42.500,-42.500,139.826,-160.174
2193,16,17.418,-64.246,-20.617,5.608,3.717,-9.119,-0.268,0.254,-0.201,42.500,-42.500,125.476,-174.524
2194,16,8.174,-63.000,-6.966,5.608,3.717,-9.119,-0.268,0.254,-5.934,42.500,-42.500,125.476,-174.524
2195,16,3.416,-61.854,-0.795,2.847,4.211,-8.882,-4.106,-0.177,-5.934,50.763,-50.763,118.414,-181.586
2196,16,-13.551,-56.430,20.229,2.847,4.211,-8.882,-4.106,-0.177,-5.934,65.763,-65.763,118.414,-181.586
2197,16,-17.714,-53.513,24.196,-3.738,3.287,-9.937,-26.912,0.608,3.957,98.690,-98.690,131.608,-168.391
2198,16,-25.312,-49.094,31.467,-3.738,3.287,-9.937,-26.912,0.608,1.421,98.690,-98.690,131.608,-168.391
2199,16,-28.494,-47.035,34.705,-3.334,2.118,-10.002,-20.012,0.167,1.421,96.671,-96.671,148.318,-151.682
2200,16,-38.657,-38.880,45.196,-3.334,2.118,-10.002,-20.012,0.167,1.421,96.671,-96.671,148.318,-151.682
2201,16,-40.565,-36.138,47.231,-3.804,2.118,-9.836,-2.206,-0.967,1.421,99.020,-99.020,148.318,-151.682
2202,16,-44.502,-31.747,51.342,-3.804,1.120,-9.836,-2.206,-0.967,-1.043,99.020,-99.020,162.577,-137.423
2203,16,-46.268,-29.453,53.219,-3.804,1.120,-9.836,-0.316,-0.507,-0.928,99.020,-99.020,162.577,-137.423
2204,16,-53.022,-20.536,60.106,-4.433,0.512,-9.972,-0.316,-0.507,-0.928,102.163,-102.163,171.252,-128.748
2205,16,-54.714,-17.439,62.090,-4.261,0.512,-9.859,-0.790,-2.015,-0.928,101.305,-101.305,171.252,-128.748
2206,16,-57.386,-12.391,65.196,-4.261,0.202,-9.859,-0.790,-2.015,-3.201,101.305,-101.305,175.680,-124.320
2207,16,-58.608,-9.822,66.660,-4.261,0.202,-9.859,-1.565,-4.345,-4.278,101.305,-101.305,174.946,-125.054
2208,16,-62.342,-0.604,70.637,-4.192,0.962,-9.441,-1.565,-4.345,-4.278,100.959,-100.959,159.330,-140.670
2209,16,-63.577,3.062,71.380,-4.470,0.962,-8.539,-5.469,-39.927,-4.278,102.349,-102.349,152.872,-147.128
2210,16,-65.588,8.051,71.930,-4.470,3.291,-8.539,-5.469,-39.927,-20.122,102.349,-102.349,115.687,-184.313
2211,16,-66.606,10.527,72.160,-4.470,3.291,-8.539,0.402,-17.045,-5.034,102.349,-102.349,113.857,-186.143
2212,16,-72.611,19.728,70.602,-5.878,4.960,-8.972,0.402,-17.045,-5.034,102.500,-102.500,86.015,-213.985
2213,16,-74.659,24.133,70.396,-6.294,4.960,-9.014,0.010,-0.952,-5.034,102.500,-102.500,81.359,-218.641
2214,16,-78.397,29.377,69.234,-6.294,4.512,-9.014,0.010,-0.952,-1.971,102.500,-102.500,85.715,-214.285
2215,16,-80.397,31.956,68.478,-6.294,4.512,-9.014,0.100,-0.775,-1.311,102.500,-102.500,85.070,-214.930
2216,16,-88.538,39.825,64.729,-6.652,4.011,-9.150,0.100,-0.775,-1.311,102.500,-102.500,91.786,-208.214
2217,16,-92.283,44.323,63.363,-6.830,4.011,-9.309,0.153,-0.727,-1.311,102.500,-102.500,93.510,-206.490
2218,16,-98.224,48.922,60.141,-6.830,3.427,-9.309,0.153,-0.727,-1.115,102.500,-102.500,104.842,-195.158
2219,16,-101.608,51.095,58.086,-6.830,3.427,-9.309,25.553,-3.608,-7.651,102.500,-102.500,106.976,-193.024
2220,16,-108.156,57.340,51.345,-1.548,2.788,-8.961,25.553,-3.608,-7.651,87.739,-87.739,119.488,-180.512
2221,16,-110.455,60.551,46.449,6.938,2.788,-6.383,17.212,5.082,-7.651,25.098,-25.098,84.369,-134.785
2222,16,-111.380,62.992,40.739,6.938,3.491,-6.383,17.212,5.082,-0.196,25.098,-25.098,76.063,-143.090
2223,16,-112.107,64.199,37.663,6.938,3.491,-6.383,10.312,26.041,-12.662,25.098,-25.098,77.153,-142.000
2224,16,-113.037,67.984,32.160,4.620,1.742,-5.456,10.312,26.041,-12.662,25.103,-25.103,80.782,-92.032
2225,16,-111.880,70.085,31.102,3.522,1.742,-2.659,1.392,26.007,-12.662,-4.373,4.373,11.426,-21.519
2226,16,-105.658,72.122,35.713,3.522,-2.989,-2.659,1.392,26.007,-7.427,-4.373,4.373,74.074,41.129
2227,16,-102.166,73.084,38.419,3.522,-2.989,-2.659,-3.737,4.910,-9.934,-4.373,4.373,70.998,38.053
2228,16,-90.326,75.604,47.094,4.162,-1.492,-2.301,-3.737,4.910,-9.934,-12.048,12.048,35.574,20.525
2229,16,-87.610,76.605,47.347,5.947,-1.492,-2.131,-6.422,-3.397,-9.934,-23.105,23.105,22.103,15.577
2230,16,-81.329,77.855,50.523,5.947,-0.399,-2.131,-6.422,-3.397,-17.040,-23.105,23.105,-0.199,-6.725
2231,16,-77.755,78.466,52.548,5.947,-0.399,-2.131,-3.661,-2.713,-8.532,-23.105,23.105,-4.080,-10.607
2232,16,-65.137,79.930,59.465,6.683,0.276,-1.651,-3.661,-2.713,-8.532,-32.778,32.778,-32.459,-15.017
2233,16,-61.308,80.736,60.328,5.946,0.276,-1.056,-3.321,-1.732,-8.532,-36.536,36.536,-56.121,-8.905
2234,16,-54.283,81.314,64.223,5.946,0.280,-1.056,-3.321,-1.732,-8.546,-36.536,36.536,-56.182,-8.966
2235,16,-50.445,81.579,66.496,5.946,0.280,-1.056,-5.766,0.086,-10.709,-36.536,36.536,-56.182,-8.966
2236,16,-42.273,81.561,74.325,0.848,-0.078,-0.279,-5.766,0.086,-10.709,-20.751,20.751,-70.483,15.562
2237,16,-41.130,81.592,76.325,-2.746,-0.078,-0.021,-4.886,1.436,-10.709,-6.002,6.002,-76.928,22.007
2238,16,-39.306,81.475,80.017,-2.746,-0.226,-0.021,-4.886,1.436,-4.895,-6.002,6.002,-74.813,24.122
2239,16,-38.420,81.421,81.839,-2.746,-0.226,-0.021,-6.225,1.885,-9.063,-6.002,6.002,-74.813,24.122
2240,16,-36.680,81.428,86.861,-3.033,0.047,0.043,-6.225,1.885,-9.063,-5.369,5.369,-80.306,21.824
2241,16,-36.925,81.470,88.345,-2.747,0.047,0.285,-2.560,0.794,-9.063,-9.832,9.832,-86.378,27.896
2242,16,-36.997,81.479,90.142,-2.747,0.187,0.285,-2.560,0.794,-12.384,-9.832,9.832,-88.387,25.887
2243,16,-37.008,81.481,91.062,-2.747,0.187,0.285,-0.254,1.048,-9.034,-9.832,9.832,-88.387,25.887
2244,16,-36.489,81.288,94.513,-2.722,0.017,0.388,-0.254,1.048,-9.034,-11.238,11.238,-88.509,30.879
2245,16,-36.931,81.190,95.722,-2.581,0.017,0.360,-0.435,1.278,-9.034,-11.595,11.595,-87.816,30.187
2246,16,-36.904,81.086,97.511,-2.581,0.076,0.360,-0.435,1.278,-10.140,-11.595,11.595,-88.653,29.350
2247,16,-36.893,81.030,98.403,-2.581,0.076,0.360,0.479,0.924,-10.097,-11.595,11.595,-88.653,29.350
2248,16,-36.063,80.850,101.641,-2.200,0.108,0.321,0.479,0.924,-10.097,-13.009,13.009,-88.125,27.908
2249,16,-36.078,80.766,102.939,-1.764,0.108,0.275,0.919,1.168,-10.097,-14.615,14.615,-86.979,26.762
2250,16,-35.459,80.636,104.847,-1.764,0.072,0.275,0.919,1.168,-9.345,-14.615,14.615,-86.477,27.265
2251,16,-35.161,80.564,105.785,-1.764,0.072,0.275,1.297,1.163,-9.666,-14.615,14.615,-86.477,27.265
2252,16,-33.056,80.254,109.476,-1.311,0.048,0.222,1.297,1.163,-9.666,-16.213,16.213,-84.796,26.283
2253,16,-32.581,80.166,110.788,-0.854,0.048,0.142,1.445,1.120,-9.666,-17.499,17.499,-82.798,24.286
2254,16,-31.259,79.993,112.871,-0.854,0.034,0.142,1.445,1.120,-9.589,-17.499,17.499,-82.600,24.484
2255,16,-30.641,79.899,113.864,-0.854,0.034,0.142,1.627,1.182,-9.604,-17.499,17.499,-82.600,24.484
2256,16,-27.485,79.483,117.790,-0.405,0.016,0.070,1.627,1.182,-9.604,-18.855,18.855,-80.557,22.958
2257,16,-26.459,79.398,119.165,0.040,0.016,0.000,1.651,1.144,-9.604,-20.202,20.202,-78.800,21.200
2258,16,-24.605,79.171,121.262,0.040,-0.003,0.000,1.651,1.144,-9.537,-20.202,20.202,-78.526,21.474
2259,16,-23.709,79.054,122.279,0.040,-0.003,0.000,1.388,1.144,-9.680,-20.202,20.202,-78.526,21.474
2260,16,-20.002,78.498,126.055,0.375,-0.017,-0.054,1.388,1.144,-9.680,-21.196,21.196,-76.970,20.314
2261,16,-18.694,78.403,127.349,0.595,-0.017,-0.080,1.163,1.158,-9.680,-21.794,21.794,-75.960,19.305
2262,16,-16.728,78.115,129.236,0.595,-0.031,-0.080,1.163,1.158,-9.652,-19.222,19.222,-70.620,14.360
2263,16,-15.784,77.966,130.138,0.595,-0.031,-0.080,0.818,1.153,-9.814,-17.967,17.967,-68.110,11.849
2264,16,-12.435,77.308,133.278,0.687,-0.029,-0.095,0.818,1.153,-9.814,-15.679,15.679,-62.648,6.327
2265,16,-11.191,77.188,134.393,0.705,-0.029,-0.096,0.665,1.153,-9.814,-12.118,12.118,-55.345,-0.976
2266,16,-9.499,76.858,135.943,0.705,-0.036,-0.096,0.665,1.153,-9.790,-10.437,10.437,-50.625,-5.483
2267,16,-8.696,76.691,136.673,0.705,-0.036,-0.096,0.392,1.101,-9.857,-9.932,9.932,-48.437,-7.672
2268,16,-6.060,75.977,139.112,0.665,-0.027,-0.087,0.392,1.101,-9.857,-8.885,8.885,-44.639,-11.743
2269,16,-5.048,75.836,140.033,0.597,-0.027,-0.072,0.301,1.144,-9.857,-7.435,7.435,-39.320,-17.062
2270,16,-3.762,75.486,141.232,0.597,-0.028,-0.072,0.301,1.144,-9.838,-6.671,6.671,-35.910,-20.442
2271,16,-3.143,75.309,141.807,0.597,-0.028,-0.072,0.057,1.139,-9.939,-6.310,6.310,-34.296,-22.056
2272,16,-1.286,74.594,143.681,0.421,-0.009,-0.059,0.057,1.139,-9.939,-4.989,4.989,-32.138,-24.762
2273,16,-0.625,74.441,144.419,0.222,-0.009,-0.021,0.014,1.129,-9.939,-3.670,3.670,-29.449,-27.451
2274,16,0.165,74.089,145.333,0.222,-0.015,-0.021,0.014,1.129,-9.915,-3.257,3.257,-27.427,-29.290
2275,16,0.645,73.816,145.849,0.222,-0.015,-0.021,-0.062,1.182,-9.877,-3.015,3.015,-26.278,-30.439
2276,16,1.623,73.214,147.203,0.034,-0.002,-0.003,-0.062,1.182,-9.877,-2.059,2.059,-25.735,-31.347
2277,16,1.951,73.052,147.795,-0.100,0.003,0.018,0.129,1.062,-9.877,-1.283,1.283,-24.516,-32.719
2278,16,2.382,72.710,148.532,-0.100,0.003,0.018,0.129,1.062,-9.872,-1.099,1.099,-23.577,-33.658
2279,16,2.654,72.450,148.931,-0.100,0.003,0.018,0.139,1.230,-9.786,-0.991,0.991,-23.007,-34.228
2280,16,3.207,71.859,150.037,-0.179,0.006,0.029,0.139,1.230,-9.786,-0.630,0.630,-22.777,-34.548
2281,16,3.386,71.695,150.551,-0.162,0.011,0.018,0.340,1.144,-9.786,-0.417,0.417,-21.647,-35.800
2282,16,3.698,71.358,151.200,-0.162,0.011,0.018,0.340,1.144,-9.833,-0.315,0.315,-21.052,-36.395
2283,16,3.910,71.095,151.555,-0.162,0.011,0.018,0.412,1.120,-9.819,-0.253,0.253,-20.667,-36.781
2284,16,4.424,70.509,152.552,-0.108,0.005,0.013,0.412,1.120,-9.819,-0.380,0.380,-19.988,-37.307
2285,16,4.641,70.339,153.043,-0.020,0.003,0.004,0.435,1.120,-9.819,-0.578,0.578,-18.896,-38.338
2286,16,4.968,69.999,153.619,-0.020,0.003,0.004,0.435,1.120,-9.795,-0.494,0.494,-18.334,-38.900
2287,16,5.192,69.724,153.944,-0.020,0.003,0.004,0.388,1.110,-9.829,-0.446,0.446,-17.972,-39.262
2288,16,5.745,69.137,154.841,0.044,-0.001,-0.004,0.388,1.110,-9.829,-0.581,0.581,-17.183,-39.930
2289,16,5.997,68.967,155.303,0.064,-0.002,-0.007,0.292,1.110,-9.829,-0.536,0.536,-16.278,-40.804
2290,16,6.330,68.624,155.837,0.064,-0.002,-0.007,0.292,1.129,-9.829,-0.474,0.474,-15.770,-41.312
2291,16,6.532,68.350,156.116,0.064,-0.002,-0.007,0.258,1.115,-9.833,-0.451,0.451,-15.498,-41.584
2292,16,6.988,67.771,156.915,0.040,-0.000,-0.002,0.258,1.115,-9.833,-0.358,0.358,-15.288,-41.855
2293,16,7.178,67.604,157.329,0.003,-0.000,0.000,0.254,1.115,-9.833,-0.161,0.161,-14.829,-42.314
2294,16,7.422,67.264,157.808,0.003,-0.000,0.000,0.254,1.115,-9.838,-0.148,0.148,-14.539,-42.604
2295,16,7.569,66.994,158.050,0.003,-0.000,0.000,0.273,1.129,-9.819,-0.155,0.155,-14.402,-42.740
2296,16,7.885,66.426,158.759,-0.025,0.002,0.003,0.273,1.129,-9.819,-0.053,0.053,-14.333,-42.871
2297,16,8.024,66.257,159.147,-0.026,0.001,0.003,0.311,1.129,-9.819,-0.063,0.063,-14.053,-43.120
2298,16,8.198,65.922,159.566,-0.026,0.001,0.003,0.311,1.129,-9.814,-0.083,0.083,-13.921,-43.252
2299,16,8.323,65.654,159.793,-0.026,0.001,0.003,0.345,1.134,-9.819,-0.105,0.105,-13.846,-43.327
2300,16,8.590,65.095,160.432,-0.005,0.000,0.000,0.345,1.134,-9.819,-0.176,0.176,-13.622,-43.521
2301,16,8.728,64.927,160.798,0.016,0.000,-0.002,0.325,1.134,-9.819,-0.295,0.295,-13.396,-43.747
2302,16,8.899,64.595,161.191,0.016,0.000,-0.002,0.325,1.134,-9.814,-0.325,0.325,-13.292,-43.851
2303,16,9.011,64.325,161.390,0.016,0.000,-0.002,0.287,1.129,-9.819,-0.358,0.358,-13.258,-43.884
2304,16,9.251,63.775,161.979,0.019,0.000,-0.002,0.287,1.129,-9.819,-0.393,0.393,-13.166,-43.977
2305,16,9.367,63.609,162.317,0.004,0.000,0.000,0.282,1.134,-9.819,-0.406,0.406,-13.137,-44.006
2306,16,9.506,63.287,162.684,0.004,0.000,0.000,0.282,1.134,-9.848,-0.449,0.449,-13.100,-44.043
2307,16,9.593,63.021,162.860,0.004,0.000,0.000,0.287,1.134,-9.838,-0.493,0.493,-13.118,-44.025
2308,16,9.766,62.485,163.400,-0.011,0.001,0.001,0.287,1.134,-9.838,-0.463,0.463,-13.139,-44.034
2309,16,9.854,62.318,163.723,-0.012,0.001,0.001,0.311,1.134,-9.838,-0.538,0.538,-13.166,-44.007
2310,16,9.954,61.997,164.054,-0.012,0.001,0.001,0.311,1.134,-9.819,-0.595,0.595,-13.203,-43.970
2311,16,10.023,61.735,164.219,-0.012,0.001,0.001,0.330,1.139,-9.819,-0.645,0.645,-13.255,-43.918
2312,16,10.286,61.206,164.909,0.002,0.000,0.000,0.330,1.139,-9.819,-0.738,0.738,-13.217,-43.926
2313,16,10.248,61.044,165.012,0.014,0.000,-0.002,0.311,1.134,-9.819,-0.860,0.860,-13.237,-43.906
2314,16,10.340,60.729,165.314,0.014,0.000,-0.002,0.311,1.134,-9.829,-0.922,0.922,-13.293,-43.850
2315,16,10.401,60.467,165.462,0.014,0.000,-0.002,0.292,1.134,-9.833,-0.976,0.976,-13.362,-43.781
2316,16,10.513,59.951,165.910,0.006,0.000,-0.001,0.292,1.134,-9.833,-0.993,0.993,-13.419,-43.724
2317,16,10.578,59.789,166.195,-0.002,0.000,0.000,0.292,1.129,-9.833,-1.062,1.062,-13.573,-43.570
2318,16,10.642,59.481,166.473,-0.002,0.000,0.000,0.292,1.129,-9.833,-1.129,1.129,-13.671,-43.472
2319,16,10.687,59.223,166.609,-0.002,0.000,0.000,0.311,1.134,-9.829,-1.187,1.187,-13.765,-43.378
2320,16,10.870,58.714,167.214,-0.006,0.001,0.000,0.311,1.134,-9.829,-1.211,1.211,-13.846,-43.327
2321,16,10.816,58.558,167.304,-0.002,0.000,0.000,0.311,1.134,-9.829,-1.336,1.336,-13.993,-43.150
2322,16,10.875,58.253,167.579,-0.002,0.000,0.000,0.311,1.134,-9.824,-1.405,1.405,-14.098,-43.045
2323,16,10.908,57.999,167.701,-0.002,0.000,0.000,0.316,1.134,-9.833,-1.464,1.464,-14.208,-42.934
2324,16,11.073,57.499,168.273,0.004,0.000,0.000,0.316,1.134,-9.833,-1.541,1.541,-14.274,-42.868
2325,16,11.018,57.349,168.357,0.007,0.001,-0.001,0.301,1.129,-9.833,-1.649,1.649,-14.446,-42.727
2326,16,11.071,57.051,168.615,0.007,0.001,-0.001,0.301,1.129,-9.824,-1.719,1.719,-14.560,-42.614
2327,16,11.098,56.801,168.729,0.007,0.001,-0.001,0.297,1.134,-9.819,-1.779,1.779,-14.675,-42.498
2328,16,11.234,56.311,169.270,0.000,0.000,0.000,0.297,1.134,-9.819,-1.802,1.802,-14.769,-42.374
2329,16,11.175,56.162,169.352,-0.003,0.001,0.000,0.301,1.134,-9.819,-1.892,1.892,-14.990,-42.183
2330,16,11.206,55.869,169.594,-0.003,0.001,0.000,0.301,1.134,-9.819,-1.963,1.963,-15.128,-42.046
2331,16,11.227,55.624,169.702,-0.003,0.001,0.000,0.301,1.129,-9.824,-2.023,2.023,-15.249,-41.924
2332,16,11.340,55.147,170.220,-0.005,0.001,0.000,0.301,1.129,-9.824,-2.059,2.059,-15.344,-41.829
2333,16,11.279,55.000,170.300,-0.004,0.000,0.000,0.316,1.129,-9.824,-2.170,2.170,-15.543,-41.600
2334,16,11.299,54.713,170.529,-0.004,0.000,0.000,0.316,1.129,-9.824,-2.240,2.240,-15.690,-41.452
2335,16,11.309,54.468,170.629,-0.004,0.000,0.000,0.321,1.139,-9.829,-2.300,2.300,-15.823,-41.320
2336,16,11.408,54.002,171.113,0.004,0.000,-0.001,0.321,1.139,-9.829,-2.375,2.375,-15.887,-41.255
2337,16,11.353,53.859,171.191,0.009,0.000,-0.001,0.301,1.134,-9.829,-2.501,2.501,-16.105,-41.037
2338,16,11.372,53.576,171.405,0.009,0.000,-0.001,0.301,1.134,-9.824,-2.570,2.570,-16.250,-40.893
2339,16,11.380,53.335,171.499,0.009,0.000,-0.001,0.287,1.134,-9.833,-2.629,2.629,-16.381,-40.762
2340,16,11.462,52.879,171.964,0.001,0.000,-0.001,0.287,1.134,-9.833,-2.636,2.636,-16.474,-40.669
2341,16,11.397,52.739,172.033,-0.002,0.000,0.000,0.306,1.134,-9.833,-2.736,2.736,-16.736,-40.407
2342,16,11.402,52.462,172.234,-0.002,0.000,0.000,0.306,1.134,-9.819,-2.804,2.804,-16.890,-40.253
2343,16,11.406,52.228,172.324,-0.002,0.000,0.000,0.316,1.134,-9.829,-2.861,2.861,-17.021,-40.122
2344,16,11.466,51.780,172.757,0.002,0.000,0.000,0.316,1.134,-9.829,-2.926,2.926,-17.122,-40.021
2345,16,11.407,51.643,172.825,0.005,0.000,0.000,0.306,1.139,-9.829,-3.041,3.041,-17.353,-39.790
2346,16,11.404,51.372,173.016,0.005,0.000,0.000,0.306,1.139,-9.829,-3.107,3.107,-17.511,-39.632
2347,16,11.406,51.142,173.102,0.005,0.000,0.000,0.297,1.139,-9.819,-3.163,3.163,-17.638,-39.505
2348,16,11.458,50.704,173.522,0.000,0.000,0.000,0.297,1.139,-9.819,-3.177,3.177,-17.738,-39.405
2349,16,11.387,50.571,173.584,-0.010,0.000,0.000,0.297,1.134,-9.819,-3.225,3.225,-17.977,-39.166
2350,16,11.377,50.305,173.774,-0.010,0.000,0.000,0.297,1.134,-9.833,-3.288,3.288,-17.976,-38.849
2351,16,11.371,50.079,173.856,-0.010,0.000,0.000,0.321,1.129,-9.824,-3.342,3.342,-17.792,-38.403
2352,16,11.404,49.652,174.263,-0.010,0.001,0.000,0.321,1.129,-9.824,-3.381,3.381,-17.683,-38.082
2353,16,11.335,49.521,174.322,0.005,0.000,0.000,0.330,1.134,-9.824,-3.547,3.547,-17.357,-37.287
2354,16,11.330,49.262,174.506,0.005,0.000,0.000,0.330,1.134,-9.829,-3.609,3.609,-17.142,-36.779
2355,16,11.324,49.037,174.582,0.005,0.000,0.000,0.311,1.134,-9.829,-3.662,3.662,-16.957,-36.338
2356,16,11.309,48.628,174.847,0.016,0.000,0.000,0.311,1.134,-9.829,-3.752,3.752,-16.827,-36.024
2357,16,11.308,48.495,175.032,0.009,0.000,0.000,0.287,1.139,-9.829,-3.805,3.805,-16.509,-35.273
2358,16,11.295,48.240,175.203,0.009,0.000,0.000,0.287,1.139,-9.824,-3.864,3.864,-16.302,-34.768
2359,16,11.289,48.018,175.275,0.009,0.000,0.000,0.292,1.125,-9.829,-3.916,3.916,-16.118,-34.334
2360,16,11.309,47.614,175.652,0.000,0.000,0.000,0.292,1.125,-9.829,-3.908,3.908,-15.998,-34.022
2361,16,11.241,47.489,175.708,-0.003,0.000,0.000,0.297,1.139,-9.829,-3.976,3.976,-15.703,-33.277
2362,16,11.219,47.242,175.874,-0.003,0.000,0.000,0.297,1.139,-9.829,-4.031,4.031,-15.507,-32.784
2363,16,11.211,47.024,175.946,-0.003,0.000,0.000,0.311,1.139,-9.819,-4.081,4.081,-15.326,-32.360
2364,16,11.211,46.625,176.296,-0.005,0.000,0.000,0.311,1.139,-9.819,-4.102,4.102,-15.216,-32.046
2365,16,11.143,46.506,176.352,-0.005,0.000,0.000,0.297,1.129,-9.819,-4.181,4.181,-14.929,-31.317
2366,16,11.119,46.265,176.509,-0.004,0.002,0.000,0.297,1.129,-9.814,-4.238,4.238,-14.767,-30.869
2367,16,11.102,46.051,176.573,-0.004,0.002,0.000,0.297,1.129,-9.814,-4.285,4.285,-14.593,-30.447
2368,16,11.100,45.665,176.909,-0.000,0.000,0.000,0.311,1.129,-9.814,-4.315,4.315,-14.484,-30.151
2369,16,11.038,45.546,176.964,-0.000,0.000,0.000,0.306,1.134,-9.814,-4.412,4.412,-14.166,-29.410
2370,16,11.009,45.310,177.115,-0.000,0.001,0.000,0.306,1.134,-9.829,-4.461,4.461,-13.993,-28.957
2371,16,10.995,45.102,177.180,-0.000,0.001,0.000,0.306,1.134,-9.829,-4.506,4.506,-13.818,-28.550
2372,16,10.986,44.723,177.508,-0.004,0.000,0.000,0.292,1.115,-9.824,-4.534,4.534,-13.711,-28.258
2373,16,10.919,44.609,177.562,-0.004,0.000,0.000,0.306,1.153,-9.824,-4.583,4.583,-13.417,-27.550
2374,16,10.891,44.376,177.708,-0.001,0.000,0.000,0.306,1.153,-9.814,-4.646,4.646,-13.228,-27.091
2375,16,10.874,44.171,177.769,-0.001,0.000,0.000,0.306,1.153,-9.814,-4.689,4.689,-13.056,-26.691
2376,16,10.870,43.803,178.090,0.010,0.000,0.000,0.301,1.144,-9.833,-4.715,4.715,-12.948,-26.412
2377,16,10.809,43.690,178.143,0.010,0.000,0.000,0.287,1.125,-9.833,-4.837,4.837,-12.664,-25.742
2378,16,10.787,43.463,178.287,0.006,0.000,0.000,0.287,1.125,-9.853,-4.867,4.867,-12.474,-25.300
2379,16,10.765,43.261,178.343,0.006,0.000,0.000,0.287,1.125,-9.853,-4.908,4.908,-12.304,-24.907
2380,16,10.756,42.902,178.656,-0.001,0.000,0.000,0.292,1.134,-9.838,-4.932,4.932,-12.196,-24.637
2381,16,10.690,42.790,178.707,-0.001,0.000,0.000,0.297,1.144,-9.838,-4.958,4.958,-11.920,-23.976
2382,16,10.656,42.570,178.848,-0.004,0.000,0.000,0.297,1.144,-9.819,-4.983,4.983,-11.740,-23.545
2383,16,10.636,42.370,178.908,-0.004,0.000,0.000,0.297,1.144,-9.819,-5.023,5.023,-11.568,-23.159
2384,16,10.614,42.021,179.208,-0.004,0.000,0.000,0.297,1.139,-9.829,-5.043,5.043,-11.468,-22.897
2385,16,10.553,41.912,179.262,-0.004,0.000,0.000,0.301,1.134,-9.829,-5.103,5.103,-11.194,-22.257
2386,16,10.518,41.696,179.394,-0.000,0.000,0.000,0.301,1.134,-9.829,-5.163,5.163,-11.013,-21.834
2387,16,10.497,41.503,179.454,-0.000,0.000,0.000,0.301,1.134,-9.829,-5.199,5.199,-10.846,-21.461
1296,16,-1.746,39.532,-2.913,0.001,0.000,0.000,0.282,6.307,-7.618,-4.226,4.226,-14.343,-12.877
1297,16,-1.746,39.532,-2.913,0.001,0.000,0.000,0.282,6.307,-7.618,-4.237,4.237,-14.343,-12.877
1298,16,-1.746,39.532,-2.913,0.002,0.000,0.000,0.258,6.307,-7.632,-4.242,4.242,-14.343,-12.877
1299,16,-1.746,39.532,-2.913,0.002,0.000,0.000,0.258,6.307,-7.632,-4.242,4.242,-14.343,-12.877
1300,16,-1.743,39.532,-2.916,0.003,0.000,0.000,0.249,6.283,-7.618,-4.241,4.241,-14.343,-12.877
1301,16,-1.743,39.532,-2.916,0.003,0.000,0.000,0.249,6.283,-7.618,-4.248,4.248,-14.342,-12.879
1302,16,-1.743,39.532,-2.916,0.003,-0.001,0.000,0.220,6.273,-7.623,-4.248,4.248,-14.327,-12.863
1303,16,-1.743,39.532,-2.916,0.003,-0.001,0.000,0.220,6.273,-7.623,-4.248,4.248,-14.327,-12.863
1304,16,-1.740,39.532,-2.919,0.002,-0.000,0.000,0.177,6.264,-7.613,-4.249,4.249,-14.325,-12.865
1305,16,-1.740,39.528,-2.919,0.002,-0.000,0.000,0.177,6.264,-7.613,-4.243,4.243,-14.336,-12.875
1306,16,-1.736,39.532,-2.917,0.006,0.001,0.000,0.244,6.292,-7.618,-4.266,4.266,-14.354,-12.897
1307,16,-1.732,39.532,-2.916,0.006,0.001,0.000,0.244,6.292,-7.618,-4.267,4.267,-14.353,-12.899
1308,16,-1.735,39.532,-2.913,-0.009,-0.001,-0.007,0.234,6.307,-7.632,-4.267,4.267,-14.353,-12.899
1309,16,-1.736,39.529,-2.906,-0.009,-0.001,-0.007,0.234,6.307,-7.632,-4.098,4.098,-14.132,-13.049
1310,16,-1.734,39.529,-2.902,-0.013,0.001,-0.007,0.124,6.326,-7.599,-4.077,4.077,-14.162,-13.080
1311,16,-1.740,39.532,-2.896,-0.013,0.001,-0.007,0.124,6.326,-7.599,-4.076,4.076,-14.170,-13.082
1312,16,-1.742,39.536,-2.901,0.007,0.004,0.009,0.301,6.307,-7.608,-4.076,4.076,-14.170,-13.082
1313,16,-1.740,39.536,-2.908,0.007,0.004,0.009,0.301,6.307,-7.608,-4.377,4.377,-14.621,-12.734
1314,16,-1.738,39.536,-2.910,0.016,0.002,0.015,0.349,6.269,-7.661,-4.500,4.500,-14.750,-12.545
1315,16,-1.740,39.539,-2.926,0.016,0.002,0.015,0.349,6.269,-7.661,-4.500,4.500,-14.755,-12.548
1316,16,-1.736,39.536,-2.936,0.011,-0.004,0.006,0.258,6.312,-7.661,-4.500,4.500,-14.755,-12.549
1317,16,-1.734,39.536,-2.943,0.011,-0.004,0.006,0.258,6.312,-7.661,-4.368,4.368,-14.444,-12.667
1318,16,-1.733,39.531,-2.938,0.000,-0.010,-0.007,0.268,6.321,-7.608,-4.142,4.142,-14.014,-12.932
1319,16,-1.731,39.525,-2.934,0.000,-0.010,-0.007,0.268,6.321,-7.608,-4.142,4.142,-14.003,-12.924
1320,16,-1.727,39.521,-2.925,-0.004,-0.003,-0.007,0.244,6.297,-7.613,-4.143,4.143,-13.998,-12.921
1321,16,-1.730,39.521,-2.922,-0.004,-0.003,-0.007,0.244,6.297,-7.613,-4.121,4.121,-14.088,-13.010
1322,16,-1.726,39.521,-2.921,0.003,-0.000,-0.001,0.196,6.225,-7.637,-4.239,4.239,-14.292,-12.898
1323,16,-1.726,39.521,-2.921,0.003,-0.000,-0.001,0.196,6.225,-7.637,-4.239,4.239,-14.292,-12.898
1324,16,-1.722,39.518,-2.919,0.002,-0.000,-0.001,0.187,6.230,-7.637,-4.239,4.239,-14.287,-12.894
1325,16,-1.722,39.518,-2.919,0.002,-0.000,-0.001,0.187,6.230,-7.637,-4.235,4.235,-14.285,-12.896
1326,16,-1.722,39.518,-2.919,0.000,-0.000,0.001,0.196,6.283,-7.628,-4.251,4.251,-14.338,-12.842
1327,16,-1.722,39.518,-2.919,0.000,-0.000,0.001,0.196,6.283,-7.628,-4.251,4.251,-14.338,-12.842
1328,16,-1.726,39.517,-2.921,-0.002,-0.000,0.001,0.196,6.278,-7.632,-4.251,4.251,-14.338,-12.842
1329,16,-1.726,39.517,-2.921,-0.002,-0.000,0.001,0.196,6.278,-7.632,-4.239,4.239,-14.340,-12.840
1330,16,-1.726,39.517,-2.921,-0.001,-0.000,0.001,0.220,6.278,-7.594,-4.245,4.245,-14.340,-12.840
1331,16,-1.726,39.517,-2.921,-0.001,-0.000,0.001,0.220,6.278,-7.594,-4.245,4.245,-14.340,-12.840
1332,16,-1.730,39.514,-2.922,-0.004,-0.000,0.001,0.278,6.297,-7.613,-4.245,4.245,-14.340,-12.840
1333,16,-1.734,39.514,-2.924,-0.004,-0.000,0.001,0.278,6.297,-7.613,-4.226,4.226,-14.338,-12.832
1334,16,-1.730,39.514,-2.922,0.003,-0.000,0.000,0.330,6.297,-7.628,-4.251,4.251,-14.310,-12.861
1335,16,-1.731,39.514,-2.926,0.003,-0.000,0.000,0.330,6.297,-7.628,-4.251,4.251,-14.311,-12.860
1336,16,-1.727,39.514,-2.925,0.004,-0.001,-0.002,0.220,6.288,-7.618,-4.252,4.252,-14.309,-12.862
1337,16,-1.727,39.514,-2.925,0.004,-0.001,-0.002,0.220,6.288,-7.618,-4.231,4.231,-14.240,-12.900
1338,16,-1.723,39.514,-2.923,0.004,-0.001,-0.002,0.287,6.273,-7.613,-4.232,4.232,-14.239,-12.902
1339,16,-1.723,39.514,-2.923,0.004,-0.001,-0.002,0.287,6.273,-7.613,-4.232,4.232,-14.239,-12.902
1340,16,-1.719,39.511,-2.922,0.002,-0.000,-0.001,0.163,6.288,-7.613,-4.233,4.233,-14.237,-12.904
1341,16,-1.718,39.510,-2.921,0.002,-0.000,-0.001,0.163,6.288,-7.613,-4.236,4.236,-14.272,-12.886
1342,16,-1.717,39.510,-2.917,0.000,-0.000,-0.002,0.177,6.278,-7.632,-4.212,4.212,-14.245,-12.914
1343,16,-1.717,39.510,-2.917,0.000,-0.000,-0.002,0.177,6.278,-7.632,-4.212,4.212,-14.245,-12.914
1344,16,-1.713,39.510,-2.916,0.000,-0.000,-0.001,0.230,6.278,-7.637,-4.212,4.212,-14.245,-12.914
1345,16,-1.713,39.510,-2.916,0.000,-0.000,-0.001,0.230,6.278,-7.637,-4.227,4.227,-14.270,-12.889
1346,16,-1.717,39.510,-2.917,-0.002,0.001,0.002,0.167,6.264,-7.618,-4.255,4.255,-14.367,-12.822
1347,16,-1.717,39.510,-2.917,-0.002,0.001,0.002,0.167,6.264,-7.618,-4.255,4.255,-14.367,-12.822
1348,16,-1.717,39.514,-2.917,-0.001,0.001,0.002,0.249,6.273,-7.623,-4.255,4.255,-14.367,-12.822
1349,16,-1.717,39.514,-2.917,-0.001,0.001,0.002,0.249,6.273,-7.623,-4.260,4.260,-14.374,-12.828
1350,16,-1.721,39.514,-2.919,-0.001,0.001,0.000,0.258,6.288,-7.651,-4.233,4.233,-14.322,-12.880
1351,16,-1.721,39.514,-2.919,-0.001,0.001,0.000,0.258,6.288,-7.651,-4.233,4.233,-14.322,-12.880
1352,16,-1.721,39.514,-2.919,-0.000,0.000,0.000,0.258,6.264,-7.637,-4.233,4.233,-14.322,-12.880
1353,16,-1.721,39.514,-2.919,-0.000,0.000,0.000,0.258,6.264,-7.637,-4.238,4.238,-14.307,-12.865
1354,16,-1.721,39.510,-2.919,0.001,0.000,-0.001,0.278,6.283,-7.613,-4.230,4.230,-14.273,-12.885
1355,16,-1.721,39.510,-2.919,0.001,0.000,-0.001,0.278,6.283,-7.613,-4.230,4.230,-14.273,-12.885
1356,16,-1.717,39.514,-2.917,0.002,0.002,-0.001,0.230,6.302,-7.637,-4.231,4.231,-14.272,-12.887
1357,16,-1.717,39.514,-2.917,0.002,0.002,-0.001,0.230,6.302,-7.637,-4.236,4.236,-14.309,-12.924
1358,16,-1.717,39.514,-2.917,0.002,0.000,-0.002,0.211,6.283,-7.628,-4.223,4.223,-14.252,-12.920
1359,16,-1.713,39.515,-2.916,0.002,0.000,-0.002,0.211,6.283,-7.628,-4.224,4.224,-14.250,-12.922
1360,16,-1.713,39.510,-2.916,0.002,-0.001,-0.001,0.225,6.264,-7.623,-4.224,4.224,-14.250,-12.922
1361,16,-1.713,39.510,-2.916,0.002,-0.001,-0.001,0.225,6.264,-7.623,-4.238,4.238,-14.255,-12.874
1362,16,-1.708,39.510,-2.914,0.001,-0.001,0.000,0.206,6.264,-7.632,-4.247,4.247,-14.280,-12.849
1363,16,-1.708,39.510,-2.914,0.001,-0.001,0.000,0.206,6.264,-7.632,-4.247,4.247,-14.280,-12.849
1364,16,-1.708,39.510,-2.914,0.000,0.002,0.000,0.196,6.273,-7.632,-4.247,4.247,-14.275,-12.845
1365,16,-1.708,39.510,-2.914,0.000,0.002,0.000,0.196,6.273,-7.632,-4.242,4.242,-14.326,-12.895
1366,16,-1.708,39.510,-2.914,0.000,0.002,0.001,0.215,6.278,-7.637,-4.255,4.255,-14.352,-12.868
1367,16,-1.708,39.510,-2.914,0.000,0.002,0.001,0.215,6.278,-7.637,-4.255,4.255,-14.352,-12.868
1368,16,-1.708,39.510,-2.914,-0.001,0.000,0.001,0.239,6.283,-7.618,-4.255,4.255,-14.352,-12.868
1369,16,-1.713,39.510,-2.916,-0.001,0.000,0.001,0.239,6.283,-7.618,-4.248,4.248,-14.323,-12.836
1370,16,-1.713,39.510,-2.916,-0.001,0.001,0.000,0.244,6.292,-7.632,-4.235,4.235,-14.312,-12.878
1371,16,-1.713,39.510,-2.916,-0.001,0.001,0.000,0.244,6.292,-7.632,-4.235,4.235,-14.312,-12.878
1372,16,-1.713,39.510,-2.916,-0.000,0.002,0.000,0.249,6.273,-7.628,-4.235,4.235,-14.312,-12.878
1373,16,-1.713,39.511,-2.916,-0.000,0.002,0.000,0.249,6.273,-7.628,-4.240,4.240,-14.329,-12.894
1374,16,-1.713,39.510,-2.916,-0.000,0.000,0.000,0.258,6.278,-7.642,-4.240,4.240,-14.297,-12.862
1375,16,-1.713,39.510,-2.916,-0.000,0.000,0.000,0.258,6.278,-7.642,-4.240,4.240,-14.297,-12.862
1376,16,-1.713,39.510,-2.916,-0.000,-0.001,0.000,0.244,6.273,-7.637,-4.240,4.240,-14.297,-12.862
1377,16,-1.713,39.510,-2.916,-0.000,-0.001,0.000,0.244,6.273,-7.637,-4.240,4.240,-14.282,-12.847
1378,16,-1.713,39.510,-2.916,-0.000,-0.001,0.000,0.230,6.264,-7.623,-4.240,4.240,-14.282,-12.847
1379,16,-1.713,39.507,-2.916,0.003,-0.001,0.000,0.230,6.264,-7.623,-4.256,4.256,-14.277,-12.843
1380,16,-1.710,39.507,-2.918,0.003,-0.001,0.000,0.230,6.264,-7.623,-4.257,4.257,-14.275,-12.844
1381,16,-1.710,39.507,-2.918,0.003,0.001,0.000,0.239,6.278,-7.637,-4.257,4.257,-14.306,-12.875
1382,16,-1.710,39.507,-2.918,0.003,0.001,0.000,0.201,6.288,-7.628,-4.257,4.257,-14.306,-12.875
1383,16,-1.710,39.507,-2.918,0.000,0.000,0.000,0.201,6.288,-7.628,-4.241,4.241,-14.291,-12.859
1384,16,-1.710,39.503,-2.918,0.000,0.000,0.000,0.201,6.288,-7.628,-4.241,4.241,-14.291,-12.859
1385,16,-1.710,39.503,-2.918,-0.001,-0.002,0.000,0.206,6.283,-7.613,-4.236,4.236,-14.255,-12.824
1386,16,-1.710,39.503,-2.918,-0.001,-0.002,0.000,0.230,6.288,-7.608,-4.236,4.236,-14.255,-12.824
1387,16,-1.710,39.503,-2.918,-0.002,-0.000,0.000,0.230,6.288,-7.608,-4.230,4.230,-14.286,-12.855
1388,16,-1.714,39.503,-2.920,-0.002,-0.000,0.000,0.230,6.288,-7.608,-4.229,4.229,-14.287,-12.853
1389,16,-1.714,39.503,-2.920,-0.000,0.003,0.000,0.244,6.273,-7.613,-4.240,4.240,-14.333,-12.899
1390,16,-1.714,39.507,-2.920,-0.000,0.003,0.000,0.239,6.283,-7.623,-4.240,4.240,-14.338,-12.903
1391,16,-1.710,39.507,-2.918,0.002,0.001,0.000,0.239,6.283,-7.623,-4.252,4.252,-14.306,-12.875
1392,16,-1.710,39.507,-2.918,0.002,0.001,0.000,0.239,6.283,-7.623,-4.252,4.252,-14.306,-12.875
1393,16,-1.710,39.507,-2.918,0.000,-0.001,0.000,0.258,6.297,-7.623,-4.241,4.241,-14.275,-12.844
1394,16,-1.710,39.503,-2.918,0.000,-0.001,0.000,0.249,6.288,-7.613,-4.241,4.241,-14.270,-12.840
1395,16,-1.710,39.503,-2.918,0.001,-0.000,0.000,0.249,6.288,-7.613,-4.246,4.246,-14.286,-12.855
1396,16,-1.710,39.503,-2.918,0.001,-0.000,0.000,0.249,6.288,-7.613,-4.246,4.246,-14.286,-12.855
1397,16,-1.710,39.503,-2.918,0.002,-0.000,0.000,0.234,6.273,-7.628,-4.252,4.252,-14.286,-12.855
1398,16,-1.710,39.503,-2.918,0.002,-0.000,0.000,0.244,6.273,-7.618,-4.252,4.252,-14.286,-12.855
1399,16,-1.711,39.503,-2.922,0.001,-0.000,0.000,0.244,6.273,-7.618,-4.246,4.246,-14.286,-12.854
1400,16,-1.707,39.503,-2.921,0.001,-0.000,0.000,0.244,6.273,-7.618,-4.247,4.247,-14.285,-12.856
1401,16,-1.707,39.503,-2.921,0.001,-0.002,0.000,0.211,6.292,-7.632,-4.247,4.247,-14.254,-12.826
1402,16,-1.707,39.499,-2.921,0.001,-0.002,0.000,0.215,6.288,-7.613,-4.247,4.247,-14.247,-12.820
1403,16,-1.707,39.502,-2.921,0.000,0.001,0.000,0.215,6.288,-7.613,-4.242,4.242,-14.298,-12.870
1404,16,-1.707,39.503,-2.921,0.000,0.001,0.000,0.215,6.288,-7.613,-4.242,4.242,-14.300,-12.871
1405,16,-1.707,39.503,-2.921,0.003,0.003,0.000,0.220,6.273,-7.623,-4.258,4.258,-14.330,-12.902
1406,16,-1.703,39.507,-2.919,0.003,0.003,0.000,0.244,6.283,-7.642,-4.259,4.259,-14.334,-12.908
1407,16,-1.703,39.507,-2.919,0.001,0.000,0.000,0.244,6.283,-7.642,-4.248,4.248,-14.288,-12.862
1408,16,-1.703,39.507,-2.919,0.001,0.000,0.000,0.244,6.283,-7.642,-4.248,4.248,-14.288,-12.862
1409,16,-1.703,39.504,-2.919,0.000,0.000,0.000,0.230,6.273,-7.637,-4.243,4.243,-14.283,-12.858
1410,16,-1.703,39.504,-2.919,0.000,0.000,0.000,0.239,6.264,-7.628,-4.243,4.243,-14.283,-12.858
1411,16,-1.703,39.504,-2.919,0.000,-0.001,0.000,0.239,6.264,-7.628,-4.243,4.243,-14.268,-12.843
1412,16,-1.703,39.504,-2.919,0.000,-0.001,0.000,0.239,6.264,-7.628,-4.243,4.243,-14.268,-12.843
1413,16,-1.704,39.504,-2.924,0.001,-0.000,0.000,0.234,6.297,-7.604,-4.248,4.248,-14.283,-12.857
1414,16,-1.704,39.504,-2.924,0.001,-0.000,0.000,0.234,6.283,-7.613,-4.248,4.248,-14.283,-12.857
1415,16,-1.704,39.504,-2.924,0.001,0.002,0.000,0.234,6.283,-7.613,-4.248,4.248,-14.314,-12.888
1416,16,-1.704,39.504,-2.924,0.001,0.002,0.000,0.234,6.283,-7.613,-4.248,4.248,-14.314,-12.888
1417,16,-1.704,39.504,-2.924,0.000,0.000,0.000,0.201,6.302,-7.642,-4.243,4.243,-14.283,-12.857
1418,16,-1.704,39.504,-2.924,0.000,0.000,0.000,0.244,6.269,-7.623,-4.243,4.243,-14.283,-12.857
1419,16,-1.704,39.504,-2.924,0.000,0.000,0.000,0.244,6.269,-7.623,-4.243,4.243,-14.283,-12.857
1420,16,-1.704,39.504,-2.924,0.000,0.000,0.000,0.244,6.269,-7.623,-4.243,4.243,-14.283,-12.857
1421,16,-1.704,39.504,-2.924,0.001,0.000,0.000,0.244,6.288,-7.628,-4.248,4.248,-14.283,-12.857
1422,16,-1.704,39.504,-2.924,0.001,0.000,0.000,0.225,6.288,-7.637,-4.248,4.248,-14.283,-12.857
1423,16,-1.704,39.504,-2.924,0.001,0.003,0.000,0.225,6.288,-7.637,-4.248,4.248,-14.329,-12.903
1424,16,-1.704,39.507,-2.924,0.001,0.003,0.000,0.225,6.288,-7.637,-4.248,4.248,-14.334,-12.907
1425,16,-1.704,39.507,-2.924,0.000,0.000,0.000,0.249,6.288,-7.642,-4.243,4.243,-14.289,-12.862
1426,16,-1.704,39.507,-2.924,0.000,0.000,0.000,0.220,6.264,-7.632,-4.243,4.243,-14.289,-12.862
1427,16,-1.704,39.507,-2.924,0.001,0.000,0.000,0.220,6.264,-7.632,-4.248,4.248,-14.289,-12.862
1428,16,-1.700,39.507,-2.922,0.001,0.000,0.000,0.220,6.264,-7.632,-4.249,4.249,-14.287,-12.864
1429,16,-1.700,39.507,-2.922,0.000,0.000,0.000,0.215,6.269,-7.613,-4.244,4.244,-14.287,-12.864
1430,16,-1.700,39.504,-2.922,0.000,0.000,0.000,0.225,6.283,-7.623,-4.244,4.244,-14.282,-12.859
1431,16,-1.700,39.504,-2.922,0.000,0.000,0.000,0.225,6.283,-7.623,-4.244,4.244,-14.282,-12.859
1432,16,-1.700,39.504,-2.922,0.000,0.000,0.000,0.225,6.283,-7.623,-4.244,4.244,-14.282,-12.859
1433,16,-1.700,39.504,-2.922,0.001,0.001,0.000,0.225,6.283,-7.642,-4.249,4.249,-14.297,-12.874
1434,16,-1.700,39.504,-2.922,0.001,0.001,0.000,0.254,6.254,-7.613,-4.249,4.249,-14.297,-12.874
1435,16,-1.700,39.504,-2.922,-0.001,0.000,0.000,0.254,6.254,-7.613,-4.239,4.239,-14.282,-12.859
1436,16,-1.704,39.504,-2.924,-0.001,0.000,0.000,0.254,6.254,-7.613,-4.239,4.239,-14.282,-12.859
1437,16,-1.704,39.504,-2.924,-0.000,-0.001,0.000,0.220,6.283,-7.618,-4.243,4.243,-14.268,-12.842
1438,16,-1.704,39.504,-2.924,-0.000,-0.001,0.000,0.225,6.302,-7.613,-4.243,4.243,-14.268,-12.842
1439,16,-1.704,39.504,-2.924,-0.000,-0.000,0.000,0.225,6.302,-7.613,-4.243,4.243,-14.283,-12.857
1440,16,-1.704,39.504,-2.924,-0.000,-0.000,0.000,0.225,6.302,-7.613,-4.243,4.243,-14.283,-12.857
1441,16,-1.704,39.504,-2.924,-0.000,0.002,0.000,0.230,6.283,-7.642,-4.243,4.243,-14.314,-12.888
1442,16,-1.704,39.504,-2.924,-0.000,0.002,0.000,0.220,6.269,-7.628,-4.243,4.243,-14.314,-12.888
1443,16,-1.704,39.504,-2.924,-0.000,0.002,0.000,0.220,6.269,-7.628,-4.243,4.243,-14.314,-12.888
1444,16,-1.704,39.504,-2.924,-0.000,0.002,0.000,0.220,6.269,-7.628,-4.243,4.243,-14.319,-12.892
1445,16,-1.704,39.504,-2.924,-0.000,-0.001,0.000,0.239,6.249,-7.628,-4.243,4.243,-14.268,-12.842
1446,16,-1.704,39.504,-2.924,-0.000,-0.001,0.000,0.211,6.269,-7.628,-4.243,4.243,-14.268,-12.842
1447,16,-1.704,39.504,-2.924,-0.001,0.001,0.000,0.211,6.269,-7.628,-4.237,4.237,-14.299,-12.872
1448,16,-1.704,39.504,-2.924,-0.001,0.001,0.000,0.211,6.269,-7.628,-4.237,4.237,-14.299,-12.872
1449,16,-1.704,39.504,-2.924,-0.000,0.002,0.000,0.225,6.278,-7.642,-4.243,4.243,-14.314,-12.888
1450,16,-1.704,39.507,-2.924,-0.000,0.002,0.000,0.230,6.254,-7.623,-4.243,4.243,-14.319,-12.892
1451,16,-1.706,39.507,-2.928,0.003,0.001,0.000,0.230,6.254,-7.623,-4.258,4.258,-14.304,-12.876
1452,16,-1.701,39.504,-2.926,0.003,0.001,0.000,0.230,6.254,-7.623,-4.259,4.259,-14.303,-12.878
1453,16,-1.701,39.504,-2.926,0.000,0.000,0.000,0.234,6.254,-7.637,-4.243,4.243,-14.282,-12.858
1454,16,-1.701,39.504,-2.926,0.000,0.000,0.000,0.211,6.259,-7.642,-4.243,4.243,-14.282,-12.858
1455,16,-1.701,39.504,-2.926,0.001,0.000,0.000,0.211,6.259,-7.642,-4.249,4.249,-14.282,-12.858
1456,16,-1.701,39.499,-2.926,0.001,0.000,0.000,0.211,6.259,-7.642,-4.249,4.249,-14.282,-12.858
1457,16,-1.697,39.499,-2.925,0.002,-0.002,0.000,0.215,6.273,-7.613,-4.255,4.255,-14.244,-12.824
1458,16,-1.697,39.499,-2.925,0.002,-0.002,0.000,0.244,6.292,-7.632,-4.255,4.255,-14.244,-12.824
1459,16,-1.701,39.499,-2.926,-0.003,-0.000,0.000,0.244,6.292,-7.632,-4.227,4.227,-14.276,-12.853
1460,16,-1.701,39.499,-2.926,-0.003,-0.000,0.000,0.244,6.292,-7.632,-4.227,4.227,-14.271,-12.848
1461,16,-1.701,39.499,-2.926,-0.001,0.003,0.000,0.191,6.288,-7.623,-4.238,4.238,-14.321,-12.898
1462,16,-1.701,39.499,-2.926,-0.001,0.003,0.000,0.230,6.273,-7.623,-4.238,4.238,-14.321,-12.898
1463,16,-1.700,39.499,-2.922,-0.001,0.002,0.000,0.230,6.273,-7.623,-4.238,4.238,-14.306,-12.884
1464,16,-1.704,39.502,-2.923,-0.001,0.002,0.000,0.230,6.273,-7.623,-4.237,4.237,-14.307,-12.882
1465,16,-1.704,39.502,-2.923,-0.000,0.000,0.000,0.268,6.312,-7.628,-4.243,4.243,-14.282,-12.856
1466,16,-1.704,39.499,-2.923,-0.000,0.000,0.000,0.191,6.307,-7.604,-4.243,4.243,-14.277,-12.851
1467,16,-1.704,39.504,-2.924,-0.000,0.006,0.000,0.191,6.307,-7.604,-4.243,4.243,-14.375,-12.949
1468,16,-1.704,39.507,-2.924,-0.000,0.006,0.000,0.191,6.307,-7.604,-4.243,4.243,-14.380,-12.953
1469,16,-1.704,39.507,-2.924,-0.000,-0.001,0.000,0.249,6.264,-7.623,-4.243,4.243,-14.273,-12.846
1470,16,-1.704,39.507,-2.924,-0.000,-0.001,0.000,0.258,6.269,-7.632,-4.243,4.243,-14.273,-12.846
1471,16,-1.704,39.504,-2.924,-0.000,-0.003,0.000,0.258,6.269,-7.632,-4.243,4.243,-14.238,-12.812
1472,16,-1.704,39.504,-2.924,-0.000,-0.003,0.000,0.258,6.269,-7.632,-4.243,4.243,-14.238,-12.812
1473,16,-1.704,39.504,-2.924,-0.000,0.001,0.000,0.206,6.273,-7.613,-4.243,4.243,-14.299,-12.872
1474,16,-1.704,39.504,-2.924,-0.000,0.001,0.000,0.234,6.288,-7.623,-4.243,4.243,-14.299,-12.872
1475,16,-1.704,39.504,-2.924,0.001,0.003,0.000,0.234,6.288,-7.623,-4.248,4.248,-14.329,-12.903
1476,16,-1.702,39.507,-2.926,0.001,0.003,0.000,0.234,6.288,-7.623,-4.249,4.249,-14.333,-12.909
1477,16,-1.704,39.507,-2.924,-0.001,0.000,0.000,0.225,6.292,-7.613,-4.237,4.237,-14.289,-12.862
1478,16,-1.704,39.507,-2.924,-0.001,0.000,0.000,0.230,6.288,-7.613,-4.237,4.237,-14.289,-12.862
1479,16,-1.704,39.504,-2.924,-0.000,-0.003,0.000,0.230,6.288,-7.613,-4.243,4.243,-14.238,-12.812
1480,16,-1.704,39.504,-2.924,-0.000,-0.003,0.000,0.230,6.288,-7.613,-4.243,4.243,-14.238,-12.812
1481,16,-1.704,39.504,-2.924,-0.000,-0.000,0.000,0.220,6.297,-7.623,-4.243,4.243,-14.283,-12.857
1482,16,-1.704,39.504,-2.924,-0.000,-0.000,0.000,0.225,6.273,-7.632,-4.243,4.243,-14.283,-12.857
1483,16,-1.701,39.504,-2.926,0.002,0.002,0.000,0.225,6.273,-7.632,-4.254,4.254,-14.313,-12.889
1484,16,-1.701,39.504,-2.926,0.002,0.002,0.000,0.225,6.273,-7.632,-4.254,4.254,-14.313,-12.889
1485,16,-1.701,39.504,-2.926,0.000,0.000,0.000,0.254,6.269,-7.642,-4.243,4.243,-14.282,-12.858
1486,16,-1.701,39.504,-2.926,0.000,0.000,0.000,0.206,6.297,-7.637,-4.243,4.243,-14.282,-12.858
1487,16,-1.701,39.504,-2.926,0.000,0.000,0.000,0.206,6.297,-7.637,-4.243,4.243,-14.282,-12.858
1488,16,-1.701,39.504,-2.926,0.000,0.000,0.000,0.206,6.297,-7.637,-4.243,4.243,-14.282,-12.858
1489,16,-1.697,39.504,-2.925,0.004,0.000,0.000,0.244,6.312,-7.594,-4.266,4.266,-14.281,-12.860
1490,16,-1.697,39.504,-2.925,0.004,0.000,0.000,0.249,6.316,-7.608,-4.266,4.266,-14.281,-12.860
1491,16,-1.697,39.504,-2.925,0.001,0.001,0.000,0.249,6.316,-7.608,-4.250,4.250,-14.296,-12.876
1492,16,-1.697,39.507,-2.925,0.001,0.001,0.000,0.249,6.316,-7.608,-4.250,4.250,-14.296,-12.876
1493,16,-1.697,39.507,-2.925,0.000,0.002,0.000,0.201,6.292,-7.599,-4.245,4.245,-14.316,-12.895
1494,16,-1.697,39.507,-2.925,0.000,0.002,0.000,0.225,6.278,-7.632,-4.245,4.245,-14.316,-12.895
1495,16,-1.697,39.507,-2.925,0.000,0.000,0.000,0.225,6.278,-7.632,-4.245,4.245,-14.286,-12.865
1496,16,-1.697,39.510,-2.925,0.000,0.000,0.000,0.225,6.278,-7.632,-4.245,4.245,-14.286,-12.865
1497,16,-1.697,39.510,-2.925,0.001,0.000,0.000,0.211,6.245,-7.647,-4.250,4.250,-14.291,-12.869
1498,16,-1.695,39.507,-2.928,0.001,0.000,0.000,0.249,6.283,-7.613,-4.251,4.251,-14.285,-12.866
1499,16,-1.695,39.507,-2.928,0.004,-0.001,0.000,0.249,6.283,-7.613,-4.267,4.267,-14.269,-12.851
1500,16,-1.690,39.507,-2.926,0.004,-0.001,0.000,0.249,6.283,-7.613,-4.267,4.267,-14.269,-12.851
1501,16,-1.690,39.507,-2.926,0.002,-0.000,0.000,0.220,6.312,-7.613,-4.258,4.258,-14.283,-12.868
1502,16,-1.690,39.507,-2.926,0.002,-0.000,0.000,0.201,6.331,-7.604,-4.258,4.258,-14.283,-12.868
1503,16,-1.690,39.507,-2.926,-0.002,-0.000,0.000,0.201,6.331,-7.604,-4.236,4.236,-14.283,-12.868
1504,16,-1.690,39.507,-2.926,-0.002,-0.000,0.000,0.201,6.331,-7.604,-4.236,4.236,-14.283,-12.868
1505,16,-1.690,39.507,-2.926,0.001,-0.000,0.000,0.258,6.283,-7.623,-4.252,4.252,-14.283,-12.868
1506,16,-1.690,39.507,-2.926,0.001,-0.000,0.000,0.230,6.259,-7.613,-4.252,4.252,-14.283,-12.868
1507,16,-1.690,39.507,-2.926,0.000,0.001,0.000,0.230,6.259,-7.613,-4.247,4.247,-14.298,-12.883
1508,16,-1.690,39.510,-2.926,0.000,0.001,0.000,0.230,6.259,-7.613,-4.247,4.247,-14.303,-12.888
1509,16,-1.690,39.510,-2.926,0.001,0.000,0.000,0.234,6.278,-7.618,-4.252,4.252,-14.288,-12.872
1510,16,-1.690,39.510,-2.926,0.001,0.000,0.000,0.239,6.312,-7.628,-4.252,4.252,-14.288,-12.872
1511,16,-1.690,39.507,-2.926,0.000,-0.004,0.000,0.239,6.312,-7.628,-4.247,4.247,-14.222,-12.807
1512,16,-1.690,39.507,-2.926,0.000,-0.004,0.000,0.239,6.312,-7.628,-4.247,4.247,-14.222,-12.807
1513,16,-1.690,39.507,-2.926,0.000,0.002,0.000,0.225,6.307,-7.608,-4.247,4.247,-14.314,-12.898
1514,16,-1.690,39.507,-2.926,0.000,0.002,0.000,0.234,6.273,-7.613,-4.247,4.247,-14.314,-12.898
1515,16,-1.690,39.507,-2.926,0.000,0.000,0.000,0.234,6.273,-7.613,-4.247,4.247,-14.283,-12.868
1516,16,-1.690,39.507,-2.926,0.000,0.000,0.000,0.234,6.273,-7.613,-4.247,4.247,-14.283,-12.868
1517,16,-1.692,39.507,-2.930,0.001,0.000,0.000,0.249,6.292,-7.628,-4.252,4.252,-14.284,-12.867
1518,16,-1.692,39.507,-2.930,0.001,0.000,0.000,0.239,6.316,-7.618,-4.252,4.252,-14.284,-12.867
1519,16,-1.692,39.510,-2.930,0.000,0.001,0.000,0.239,6.316,-7.618,-4.246,4.246,-14.304,-12.887
1520,16,-1.692,39.510,-2.930,0.000,0.001,0.000,0.239,6.316,-7.618,-4.246,4.246,-14.304,-12.887
1521,16,-1.692,39.510,-2.930,0.001,0.001,0.000,0.201,6.278,-7.637,-4.252,4.252,-14.304,-12.887
1522,16,-1.692,39.510,-2.930,0.001,0.001,0.000,0.234,6.254,-7.637,-4.252,4.252,-14.304,-12.887
1523,16,-1.692,39.510,-2.930,0.000,0.000,0.000,0.234,6.254,-7.637,-4.246,4.246,-14.289,-12.872
1524,16,-1.692,39.511,-2.931,0.000,0.000,0.000,0.234,6.254,-7.637,-4.246,4.246,-14.289,-12.872
1525,16,-1.692,39.515,-2.931,0.001,0.002,0.000,0.225,6.273,-7.628,-4.252,4.252,-14.326,-12.908
1526,16,-1.692,39.515,-2.931,0.001,0.002,0.000,0.254,6.269,-7.637,-4.252,4.252,-14.326,-12.908
1527,16,-1.688,39.515,-2.929,0.002,0.000,0.000,0.254,6.269,-7.637,-4.259,4.259,-14.294,-12.879
1528,16,-1.688,39.512,-2.929,0.002,0.000,0.000,0.254,6.269,-7.637,-4.259,4.259,-14.294,-12.879
1529,16,-1.688,39.512,-2.929,-0.001,-0.001,0.000,0.201,6.292,-7.613,-4.242,4.242,-14.274,-12.860
1530,16,-1.692,39.510,-2.930,-0.001,-0.001,0.000,0.187,6.283,-7.599,-4.241,4.241,-14.273,-12.856
1531,16,-1.692,39.511,-2.931,-0.000,0.003,0.000,0.187,6.283,-7.599,-4.247,4.247,-14.336,-12.919
1532,16,-1.688,39.515,-2.929,-0.000,0.003,0.000,0.187,6.283,-7.599,-4.247,4.247,-14.341,-12.923
1533,16,-1.688,39.515,-2.929,0.003,0.000,0.000,0.268,6.269,-7.642,-4.264,4.264,-14.294,-12.879
1534,16,-1.689,39.515,-2.933,0.003,0.000,0.000,0.187,6.269,-7.632,-4.263,4.263,-14.294,-12.879
1535,16,-1.688,39.515,-2.929,-0.005,0.002,0.000,0.187,6.269,-7.632,-4.221,4.221,-14.324,-12.910
1536,16,-1.692,39.515,-2.931,-0.005,0.002,0.000,0.187,6.269,-7.632,-4.220,4.220,-14.326,-12.908
1537,16,-1.692,39.515,-2.931,0.001,0.000,0.000,0.239,6.278,-7.623,-4.252,4.252,-14.295,-12.878
1538,16,-1.692,39.515,-2.931,0.001,0.000,0.000,0.273,6.288,-7.623,-4.252,4.252,-14.295,-12.878
1539,16,-1.692,39.515,-2.931,0.000,0.000,0.000,0.273,6.288,-7.623,-4.247,4.247,-14.295,-12.878
1540,16,-1.692,39.515,-2.931,0.000,0.000,0.000,0.273,6.288,-7.623,-4.247,4.247,-14.295,-12.878
1541,16,-1.692,39.515,-2.931,-0.002,0.003,0.000,0.191,6.264,-7.642,-4.236,4.236,-14.341,-12.923
1542,16,-1.697,39.518,-2.932,-0.002,0.003,0.000,0.191,6.264,-7.642,-4.235,4.235,-14.348,-12.926
1543,16,-1.697,39.518,-2.932,-0.002,0.003,0.000,0.254,6.273,-7.632,-4.235,4.235,-14.348,-12.926
1544,16,-1.697,39.518,-2.932,-0.000,0.000,0.000,0.254,6.273,-7.632,-4.245,4.245,-14.302,-12.880
1545,16,-1.692,39.518,-2.931,0.002,0.000,0.000,0.234,6.283,-7.618,-4.257,4.257,-14.300,-12.882
1546,16,-1.692,39.515,-2.931,0.002,0.000,0.000,0.234,6.283,-7.618,-4.257,4.257,-14.295,-12.878
1547,16,-1.692,39.515,-2.931,0.002,0.000,0.000,0.211,6.273,-7.608,-4.257,4.257,-14.295,-12.878
1548,16,-1.692,39.515,-2.931,0.002,0.000,0.000,0.211,6.273,-7.608,-4.257,4.257,-14.295,-12.878
1549,16,-1.688,39.515,-2.929,0.002,0.001,0.000,0.206,6.297,-7.613,-4.259,4.259,-14.309,-12.895
1550,16,-1.689,39.515,-2.933,0.002,0.001,0.000,0.206,6.297,-7.613,-4.258,4.258,-14.310,-12.894
1551,16,-1.688,39.515,-2.929,0.002,0.001,0.000,0.234,6.292,-7.623,-4.259,4.259,-14.309,-12.895
1552,16,-1.692,39.515,-2.931,-0.003,-0.002,0.000,0.234,6.292,-7.623,-4.232,4.232,-14.263,-12.849
1553,16,-1.692,39.515,-2.931,-0.000,-0.000,0.000,0.220,6.297,-7.618,-4.247,4.247,-14.295,-12.878
1554,16,-1.692,39.515,-2.931,-0.000,-0.000,0.000,0.220,6.297,-7.618,-4.247,4.247,-14.295,-12.878
1555,16,-1.692,39.515,-2.931,-0.000,-0.000,0.000,0.230,6.264,-7.613,-4.247,4.247,-14.295,-12.878
1556,16,-1.688,39.518,-2.929,0.001,0.004,0.000,0.230,6.264,-7.613,-4.252,4.252,-14.356,-12.938
1557,16,-1.692,39.518,-2.931,-0.003,0.000,0.000,0.278,6.245,-7.647,-4.231,4.231,-14.300,-12.882
1558,16,-1.692,39.518,-2.931,-0.003,0.000,0.000,0.278,6.245,-7.647,-4.231,4.231,-14.300,-12.882
1559,16,-1.697,39.518,-2.932,-0.003,0.000,0.000,0.225,6.331,-7.632,-4.229,4.229,-14.302,-12.880
1560,16,-1.692,39.515,-2.931,0.001,-0.002,0.000,0.225,6.331,-7.632,-4.251,4.251,-14.267,-12.845
1561,16,-1.692,39.515,-2.931,0.000,0.003,0.000,0.263,6.336,-7.613,-4.247,4.247,-14.341,-12.923
1562,16,-1.696,39.515,-2.932,0.000,0.003,0.000,0.263,6.336,-7.613,-4.245,4.245,-14.343,-12.921
1563,16,-1.697,39.518,-2.932,0.000,0.003,0.000,0.230,6.249,-7.613,-4.245,4.245,-14.348,-12.926
1564,16,-1.697,39.518,-2.932,0.000,0.001,0.000,0.230,6.249,-7.613,-4.245,4.245,-14.317,-12.895
1565,16,-1.697,39.518,-2.932,0.000,-0.002,0.000,0.215,6.278,-7.642,-4.245,4.245,-14.272,-12.850
1566,16,-1.696,39.515,-2.932,0.000,-0.002,0.000,0.215,6.278,-7.642,-4.245,4.245,-14.267,-12.845
1567,16,-1.696,39.515,-2.932,0.000,-0.002,0.000,0.263,6.278,-7.637,-4.245,4.245,-14.267,-12.845
1568,16,-1.694,39.511,-2.935,0.003,-0.002,0.000,0.263,6.278,-7.637,-4.261,4.261,-14.267,-12.844
1569,16,-1.694,39.511,-2.935,0.002,-0.000,0.000,0.206,6.283,-7.623,-4.257,4.257,-14.291,-12.872
1570,16,-1.694,39.511,-2.935,0.002,-0.000,0.000,0.206,6.283,-7.623,-4.257,4.257,-14.291,-12.872
1571,16,-1.694,39.511,-2.935,0.002,-0.000,0.000,0.206,6.264,-7.618,-4.257,4.257,-14.291,-12.872
1572,16,-1.689,39.515,-2.933,0.001,0.002,0.000,0.206,6.264,-7.618,-4.251,4.251,-14.326,-12.907
1573,16,-1.689,39.515,-2.933,0.001,0.002,0.000,0.234,6.283,-7.618,-4.253,4.253,-14.325,-12.909
1574,16,-1.689,39.515,-2.933,0.001,0.002,0.000,0.234,6.283,-7.618,-4.253,4.253,-14.325,-12.909
1575,16,-1.689,39.515,-2.933,0.001,0.002,0.000,0.215,6.292,-7.637,-4.253,4.253,-14.325,-12.909
1576,16,-1.689,39.515,-2.933,0.000,0.000,0.000,0.215,6.292,-7.637,-4.247,4.247,-14.294,-12.879
1577,16,-1.689,39.515,-2.933,-0.001,-0.002,0.000,0.215,6.264,-7.628,-4.242,4.242,-14.264,-12.848
1578,16,-1.689,39.515,-2.933,-0.001,-0.002,0.000,0.215,6.264,-7.628,-4.242,4.242,-14.264,-12.848
1579,16,-1.694,39.511,-2.935,-0.001,-0.002,0.000,0.254,6.273,-7.618,-4.241,4.241,-14.261,-12.842
1580,16,-1.694,39.510,-2.935,-0.000,-0.001,0.000,0.254,6.273,-7.618,-4.246,4.246,-14.274,-12.856
1581,16,-1.694,39.510,-2.935,0.001,0.004,0.000,0.230,6.254,-7.628,-4.251,4.251,-14.350,-12.932
1582,16,-1.689,39.515,-2.933,0.001,0.004,0.000,0.230,6.254,-7.628,-4.253,4.253,-14.355,-12.940
1583,16,-1.689,39.515,-2.933,0.001,0.004,0.000,0.230,6.254,-7.651,-4.253,4.253,-14.355,-12.940
1584,16,-1.694,39.515,-2.935,-0.001,0.000,0.000,0.230,6.254,-7.651,-4.241,4.241,-14.296,-12.877
1585,16,-1.694,39.511,-2.935,-0.000,0.000,0.000,0.239,6.269,-7.637,-4.246,4.246,-14.291,-12.872
1586,16,-1.694,39.511,-2.935,-0.000,0.000,0.000,0.239,6.269,-7.637,-4.246,4.246,-14.291,-12.872
1587,16,-1.694,39.510,-2.935,-0.000,0.000,0.000,0.234,6.259,-7.618,-4.246,4.246,-14.289,-12.871
1588,16,-1.691,39.510,-2.937,0.003,0.000,0.000,0.234,6.259,-7.618,-4.263,4.263,-14.288,-12.872
1589,16,-1.691,39.510,-2.937,0.001,0.000,0.000,0.211,6.283,-7.613,-4.252,4.252,-14.288,-12.872
1590,16,-1.691,39.510,-2.937,0.001,0.000,0.000,0.211,6.283,-7.613,-4.252,4.252,-14.288,-12.872
1591,16,-1.691,39.507,-2.937,0.001,0.000,0.000,0.211,6.297,-7.628,-4.252,4.252,-14.283,-12.868
1592,16,-1.691,39.510,-2.937,-0.002,0.002,0.000,0.211,6.297,-7.628,-4.236,4.236,-14.318,-12.902
1593,16,-1.691,39.510,-2.937,-0.000,0.002,0.000,0.249,6.259,-7.632,-4.247,4.247,-14.318,-12.902
1594,16,-1.691,39.510,-2.937,-0.000,0.002,0.000,0.249,6.259,-7.632,-4.247,4.247,-14.318,-12.902
1595,16,-1.691,39.511,-2.938,-0.000,0.002,0.000,0.230,6.259,-7.632,-4.247,4.247,-14.320,-12.904
1596,16,-1.691,39.510,-2.937,0.001,-0.001,0.000,0.230,6.259,-7.632,-4.252,4.252,-14.273,-12.857
1597,16,-1.691,39.510,-2.937,0.000,-0.000,0.000,0.196,6.278,-7.637,-4.247,4.247,-14.288,-12.872
1598,16,-1.691,39.507,-2.937,0.000,-0.000,0.000,0.196,6.278,-7.637,-4.247,4.247,-14.283,-12.868
1599,16,-1.691,39.507,-2.937,0.000,-0.000,0.000,0.258,6.288,-7.632,-4.247,4.247,-14.283,-12.868
1600,16,-1.691,39.510,-2.937,0.000,0.002,0.000,0.258,6.288,-7.632,-4.247,4.247,-14.313,-12.898
1601,16,-1.691,39.510,-2.937,0.000,0.000,0.000,0.211,6.302,-7.623,-4.247,4.247,-14.288,-12.872
1602,16,-1.691,39.507,-2.937,0.000,0.000,0.000,0.211,6.302,-7.623,-4.247,4.247,-14.283,-12.868
1603,16,-1.691,39.507,-2.937,0.000,0.000,0.000,0.254,6.254,-7.628,-4.247,4.247,-14.283,-12.868
1604,16,-1.691,39.507,-2.937,0.001,0.000,0.000,0.254,6.254,-7.628,-4.252,4.252,-14.283,-12.868
1605,16,-1.691,39.507,-2.937,0.002,0.000,0.000,0.254,6.273,-7.628,-4.257,4.257,-14.283,-12.868
1606,16,-1.691,39.507,-2.937,0.002,0.000,0.000,0.254,6.273,-7.628,-4.257,4.257,-14.283,-12.868
1607,16,-1.691,39.507,-2.937,0.002,0.000,0.000,0.220,6.269,-7.656,-4.257,4.257,-14.283,-12.868
1608,16,-1.691,39.507,-2.937,0.000,0.002,0.000,0.220,6.269,-7.656,-4.247,4.247,-14.313,-12.898
1609,16,-1.691,39.507,-2.937,0.000,-0.002,0.000,0.239,6.283,-7.637,-4.247,4.247,-14.253,-12.837
1610,16,-1.691,39.504,-2.937,0.000,-0.002,0.000,0.239,6.283,-7.637,-4.247,4.247,-14.248,-12.833
1611,16,-1.692,39.504,-2.942,0.000,-0.002,0.000,0.215,6.292,-7.618,-4.246,4.246,-14.248,-12.832
1612,16,-1.688,39.504,-2.940,0.003,-0.000,0.000,0.215,6.292,-7.618,-4.263,4.263,-14.277,-12.864
1613,16,-1.688,39.504,-2.940,0.002,0.002,0.000,0.225,6.254,-7.632,-4.258,4.258,-14.307,-12.895
1614,16,-1.688,39.504,-2.940,0.002,0.002,0.000,0.225,6.254,-7.632,-4.258,4.258,-14.307,-12.895
1615,16,-1.684,39.504,-2.938,0.002,0.002,0.000,0.196,6.288,-7.632,-4.259,4.259,-14.306,-12.897
1616,16,-1.684,39.504,-2.938,0.000,0.000,0.000,0.196,6.288,-7.632,-4.248,4.248,-14.277,-12.864
1617,16,-1.688,39.504,-2.940,-0.002,-0.001,0.000,0.225,6.292,-7.618,-4.237,4.237,-14.262,-12.849
1618,16,-1.688,39.504,-2.940,-0.002,-0.001,0.000,0.225,6.292,-7.618,-4.237,4.237,-14.262,-12.849
1619,16,-1.688,39.504,-2.940,-0.002,-0.001,0.000,0.244,6.269,-7.632,-4.237,4.237,-14.262,-12.849
1620,16,-1.688,39.504,-2.940,0.001,0.003,0.000,0.244,6.269,-7.632,-4.253,4.253,-14.323,-12.910
1621,16,-1.688,39.504,-2.940,0.003,0.001,0.000,0.254,6.245,-7.623,-4.263,4.263,-14.292,-12.880
1622,16,-1.684,39.504,-2.938,0.003,0.001,0.000,0.254,6.245,-7.623,-4.265,4.265,-14.291,-12.882
1623,16,-1.684,39.504,-2.938,0.003,0.001,0.000,0.249,6.283,-7.632,-4.265,4.265,-14.291,-12.882
1624,16,-1.688,39.499,-2.940,-0.002,-0.003,0.000,0.249,6.283,-7.632,-4.238,4.238,-14.230,-12.821
1625,16,-1.688,39.499,-2.940,-0.000,-0.000,0.000,0.206,6.326,-7.618,-4.247,4.247,-14.270,-12.858
1626,16,-1.688,39.499,-2.940,-0.000,-0.000,0.000,0.206,6.326,-7.618,-4.247,4.247,-14.270,-12.858
1627,16,-1.688,39.499,-2.940,-0.000,-0.000,0.000,0.225,6.302,-7.594,-4.247,4.247,-14.270,-12.858
1628,16,-1.688,39.504,-2.940,-0.000,0.003,0.000,0.225,6.302,-7.594,-4.247,4.247,-14.318,-12.906
1629,16,-1.688,39.504,-2.940,-0.000,0.002,0.000,0.258,6.259,-7.613,-4.248,4.248,-14.307,-12.895
1630,16,-1.688,39.504,-2.940,-0.000,0.002,0.000,0.258,6.259,-7.613,-4.248,4.248,-14.307,-12.895
1631,16,-1.688,39.504,-2.940,-0.000,0.002,0.000,0.230,6.292,-7.637,-4.248,4.248,-14.307,-12.895
1632,16,-1.689,39.504,-2.944,0.001,-0.001,0.000,0.230,6.292,-7.637,-4.253,4.253,-14.262,-12.849
1633,16,-1.688,39.504,-2.940,-0.001,0.002,0.000,0.215,6.316,-7.637,-4.242,4.242,-14.307,-12.895
1634,16,-1.688,39.507,-2.940,-0.001,0.002,0.000,0.215,6.316,-7.632,-4.242,4.242,-14.312,-12.899
1635,16,-1.688,39.507,-2.940,-0.001,0.002,0.000,0.268,6.264,-7.628,-4.242,4.242,-14.312,-12.899
1636,16,-1.689,39.507,-2.944,0.002,0.001,0.000,0.268,6.264,-7.628,-4.258,4.258,-14.298,-12.883
1637,16,-1.689,39.507,-2.944,0.000,0.000,0.000,0.249,6.259,-7.628,-4.247,4.247,-14.282,-12.868
1638,16,-1.689,39.507,-2.944,0.000,0.000,0.000,0.249,6.259,-7.628,-4.247,4.247,-14.282,-12.868
1639,16,-1.689,39.507,-2.944,0.000,0.000,0.000,0.206,6.297,-7.623,-4.247,4.247,-14.282,-12.868
1640,16,-1.694,39.507,-2.946,-0.002,0.001,0.000,0.206,6.297,-7.623,-4.235,4.235,-14.299,-12.881
1641,16,-1.694,39.507,-2.946,-0.000,0.001,0.000,0.225,6.302,-7.623,-4.246,4.246,-14.299,-12.881
1642,16,-1.694,39.507,-2.946,-0.000,0.001,0.000,0.225,6.302,-7.618,-4.246,4.246,-14.299,-12.881
1643,16,-1.694,39.507,-2.946,-0.000,0.001,0.000,0.230,6.245,-7.642,-4.246,4.246,-14.299,-12.881
1644,16,-1.694,39.510,-2.946,0.001,0.001,0.000,0.230,6.245,-7.642,-4.251,4.251,-14.304,-12.886
1645,16,-1.694,39.510,-2.946,0.000,0.000,0.000,0.239,6.235,-7.642,-4.246,4.246,-14.289,-12.871
1646,16,-1.694,39.507,-2.946,0.000,0.000,0.000,0.239,6.235,-7.637,-4.246,4.246,-14.284,-12.866
1647,16,-1.694,39.507,-2.946,0.000,0.000,0.000,0.211,6.269,-7.637,-4.246,4.246,-14.284,-12.866
1648,16,-1.694,39.507,-2.946,0.000,0.000,0.000,0.211,6.269,-7.637,-4.246,4.246,-14.284,-12.866
1649,16,-1.694,39.507,-2.946,0.000,0.001,0.000,0.239,6.283,-7.637,-4.246,4.246,-14.299,-12.881
1650,16,-1.694,39.507,-2.946,0.000,0.001,0.000,0.239,6.283,-7.637,-4.246,4.246,-14.299,-12.881
1651,16,-1.694,39.507,-2.946,0.000,0.001,0.000,0.234,6.269,-7.632,-4.246,4.246,-14.299,-12.881
1652,16,-1.698,39.507,-2.947,-0.001,0.002,0.000,0.234,6.269,-7.632,-4.241,4.241,-14.315,-12.897
1653,16,-1.698,39.507,-2.947,-0.001,0.002,0.000,0.230,6.249,-7.632,-4.239,4.239,-14.316,-12.895
1654,16,-1.698,39.510,-2.948,-0.001,0.002,0.000,0.230,6.249,-7.613,-4.239,4.239,-14.321,-12.899
1655,16,-1.698,39.510,-2.948,-0.001,0.002,0.000,0.263,6.307,-7.623,-4.239,4.239,-14.321,-12.899
1656,16,-1.698,39.507,-2.947,0.001,0.000,0.000,0.263,6.307,-7.623,-4.250,4.250,-14.286,-12.864
1657,16,-1.698,39.507,-2.947,0.000,0.001,0.000,0.234,6.326,-7.623,-4.245,4.245,-14.301,-12.879
1658,16,-1.698,39.507,-2.947,0.000,0.001,0.000,0.234,6.326,-7.637,-4.245,4.245,-14.301,-12.879
1659,16,-1.698,39.507,-2.947,0.000,0.001,0.000,0.225,6.273,-7.618,-4.245,4.245,-14.301,-12.879
1660,16,-1.698,39.510,-2.948,0.000,0.002,0.000,0.225,6.273,-7.618,-4.245,4.245,-14.321,-12.899
1661,16,-1.698,39.510,-2.948,0.001,0.000,0.000,0.220,6.259,-7.618,-4.250,4.250,-14.291,-12.869
1662,16,-1.698,39.510,-2.948,0.001,0.000,0.000,0.220,6.259,-7.628,-4.250,4.250,-14.291,-12.869
1663,16,-1.698,39.510,-2.948,0.001,0.000,0.000,0.249,6.278,-7.613,-4.250,4.250,-14.291,-12.869
1664,16,-1.698,39.510,-2.948,0.001,0.000,0.000,0.249,6.278,-7.613,-4.250,4.250,-14.291,-12.869
1665,16,-1.698,39.510,-2.948,0.002,0.000,0.000,0.225,6.302,-7.613,-4.255,4.255,-14.291,-12.869
1666,16,-1.695,39.507,-2.950,0.002,0.000,0.000,0.225,6.302,-7.632,-4.256,4.256,-14.285,-12.865
1667,16,-1.695,39.507,-2.950,0.002,0.000,0.000,0.220,6.307,-7.628,-4.256,4.256,-14.285,-12.865
1668,16,-1.695,39.507,-2.950,0.000,-0.001,0.000,0.220,6.307,-7.628,-4.245,4.245,-14.269,-12.850
1669,16,-1.699,39.507,-2.952,-0.001,-0.000,0.000,0.254,6.278,-7.628,-4.239,4.239,-14.286,-12.863
1670,16,-1.699,39.507,-2.952,-0.001,-0.000,0.000,0.254,6.278,-7.604,-4.239,4.239,-14.286,-12.863
1671,16,-1.699,39.507,-2.952,-0.001,-0.000,0.000,0.225,6.288,-7.628,-4.239,4.239,-14.286,-12.863
1672,16,-1.699,39.507,-2.952,-0.000,-0.000,0.000,0.225,6.288,-7.628,-4.244,4.244,-14.286,-12.863
1673,16,-1.699,39.507,-2.952,-0.000,-0.000,0.000,0.254,6.297,-7.628,-4.244,4.244,-14.286,-12.863
1674,16,-1.699,39.507,-2.952,-0.000,-0.000,0.000,0.254,6.297,-7.642,-4.244,4.244,-14.286,-12.863
1675,16,-1.699,39.507,-2.952,-0.000,-0.000,0.000,0.244,6.292,-7.608,-4.244,4.244,-14.286,-12.863
1676,16,-1.699,39.507,-2.952,0.001,-0.000,0.000,0.244,6.292,-7.608,-4.249,4.249,-14.286,-12.863
1677,16,-1.699,39.507,-2.952,0.001,0.001,0.000,0.201,6.269,-7.608,-4.249,4.249,-14.301,-12.879
1678,16,-1.699,39.507,-2.952,0.001,0.001,0.000,0.201,6.269,-7.618,-4.249,4.249,-14.301,-12.879
1679,16,-1.699,39.507,-2.952,0.001,0.001,0.000,0.244,6.269,-7.632,-4.249,4.249,-14.301,-12.879
1680,16,-1.699,39.507,-2.952,0.001,0.000,0.000,0.244,6.269,-7.632,-4.249,4.249,-14.286,-12.863
1681,16,-1.699,39.507,-2.952,0.000,0.000,0.000,0.225,6.297,-7.632,-4.244,4.244,-14.286,-12.863
1682,16,-1.699,39.507,-2.952,0.000,0.000,0.000,0.225,6.297,-7.628,-4.244,4.244,-14.286,-12.863
1683,16,-1.699,39.507,-2.952,0.000,0.000,0.000,0.211,6.278,-7.623,-4.244,4.244,-14.286,-12.863
1684,16,-1.699,39.507,-2.952,0.000,0.001,0.000,0.211,6.278,-7.623,-4.244,4.244,-14.301,-12.879
1685,16,-1.699,39.507,-2.952,0.000,0.001,0.000,0.234,6.259,-7.623,-4.244,4.244,-14.301,-12.879
1686,16,-1.699,39.507,-2.952,0.000,0.001,0.000,0.234,6.259,-7.604,-4.244,4.244,-14.301,-12.879
1687,16,-1.700,39.510,-2.952,0.000,0.001,0.000,0.239,6.292,-7.656,-4.244,4.244,-14.306,-12.883
1688,16,-1.699,39.507,-2.952,0.000,0.000,0.000,0.239,6.292,-7.656,-4.244,4.244,-14.286,-12.863
1689,16,-1.699,39.507,-2.952,0.000,0.000,0.000,0.234,6.297,-7.656,-4.244,4.244,-14.286,-12.863
1690,16,-1.699,39.507,-2.952,0.000,0.000,0.000,0.234,6.297,-7.651,-4.244,4.244,-14.286,-12.863
1691,16,-1.699,39.507,-2.952,0.000,0.000,0.000,0.254,6.307,-7.608,-4.244,4.244,-14.286,-12.863
1692,16,-1.701,39.506,-2.956,0.002,0.000,0.000,0.254,6.307,-7.608,-4.254,4.254,-14.287,-12.863
1693,16,-1.701,39.506,-2.956,0.000,0.001,0.000,0.239,6.273,-7.608,-4.244,4.244,-14.302,-12.878
1694,16,-1.701,39.506,-2.956,0.000,0.001,0.000,0.239,6.273,-7.618,-4.244,4.244,-14.302,-12.878
1695,16,-1.701,39.506,-2.956,0.000,0.001,0.000,0.225,6.288,-7.618,-4.244,4.244,-14.302,-12.878
1696,16,-1.701,39.506,-2.956,0.000,0.000,0.000,0.225,6.288,-7.618,-4.244,4.244,-14.287,-12.863
1697,16,-1.701,39.506,-2.956,0.002,0.000,0.000,0.230,6.302,-7.618,-4.254,4.254,-14.287,-12.863
1698,16,-1.697,39.507,-2.954,0.002,0.000,0.000,0.230,6.302,-7.623,-4.256,4.256,-14.285,-12.865
1699,16,-1.697,39.507,-2.954,0.002,0.000,0.000,0.215,6.278,-7.632,-4.256,4.256,-14.285,-12.865
1700,16,-1.697,39.507,-2.954,0.001,0.000,0.000,0.215,6.278,-7.632,-4.250,4.250,-14.285,-12.865
1701,16,-1.697,39.507,-2.954,0.000,0.000,0.000,0.201,6.269,-7.632,-4.245,4.245,-14.285,-12.865
1702,16,-1.697,39.507,-2.954,0.000,0.000,0.000,0.201,6.269,-7.608,-4.245,4.245,-14.285,-12.865
1703,16,-1.697,39.507,-2.954,0.000,0.000,0.000,0.239,6.206,-7.642,-4.245,4.245,-14.285,-12.865
1704,16,-1.697,39.510,-2.955,0.000,0.003,0.000,0.239,6.206,-7.642,-4.245,4.245,-14.336,-12.915
1705,16,-1.697,39.511,-2.955,0.000,0.003,0.000,0.196,6.379,-7.642,-4.245,4.245,-14.338,-12.916
1706,16,-1.697,39.510,-2.955,-0.002,-0.001,0.000,0.196,6.379,-7.647,-4.234,4.234,-14.275,-12.854
1707,16,-1.701,39.510,-2.956,-0.002,-0.001,0.000,0.196,6.379,-7.647,-4.233,4.233,-14.276,-12.852
1708,16,-1.697,39.510,-2.955,0.001,-0.000,0.000,0.182,6.278,-7.517,-4.233,4.233,-14.276,-12.852
1709,16,-1.697,39.510,-2.955,0.001,-0.000,0.000,0.287,6.230,-7.517,-4.250,4.250,-14.290,-12.869
1710,16,-1.697,39.511,-2.955,0.001,0.002,0.000,0.287,6.230,-7.599,-4.250,4.250,-14.322,-12.901
1711,16,-1.697,39.511,-2.955,0.001,0.002,0.000,0.287,6.230,-7.599,-4.250,4.250,-14.322,-12.901
1712,16,-1.697,39.511,-2.955,-0.001,0.000,0.000,0.316,6.269,-7.628,-4.250,4.250,-14.322,-12.901
1713,16,-1.697,39.511,-2.955,-0.001,0.000,0.000,0.167,6.388,-7.628,-4.240,4.240,-14.292,-12.871
1714,16,-1.701,39.511,-2.956,-0.000,-0.001,0.000,0.167,6.388,-7.680,-4.244,4.244,-14.278,-12.853
1715,16,-1.701,39.511,-2.956,-0.000,-0.001,0.000,0.167,6.388,-7.680,-4.244,4.244,-14.278,-12.853
1716,16,-1.697,39.511,-2.955,0.002,0.001,0.000,0.211,6.283,-7.632,-4.245,4.245,-14.277,-12.855
1717,16,-1.697,39.511,-2.955,0.002,0.001,0.000,0.282,6.178,-7.632,-4.256,4.256,-14.307,-12.886
1718,16,-1.697,39.511,-2.955,0.000,0.001,0.000,0.282,6.178,-7.532,-4.245,4.245,-14.307,-12.886
1719,16,-1.699,39.511,-2.959,0.000,0.001,0.000,0.282,6.178,-7.532,-4.245,4.245,-14.308,-12.885
1720,16,-1.698,39.507,-2.959,0.003,-0.013,0.000,0.244,6.556,-7.479,-4.245,4.245,-14.306,-12.883
1721,16,-1.694,39.500,-2.957,0.003,-0.013,0.000,0.278,7.360,-7.479,-4.262,4.262,-14.091,-12.674
1722,16,-1.679,39.422,-2.942,0.014,-0.148,-0.017,0.278,7.360,-7.206,-4.104,4.104,-11.609,-11.069
1723,16,-1.671,39.381,-2.935,0.014,-0.148,-0.017,0.278,7.360,-7.206,-4.104,4.104,-11.545,-11.017
1724,16,-1.566,39.120,-2.891,0.092,-0.409,-0.031,0.914,5.599,-7.470,-4.113,4.113,-11.303,-10.835
1725,16,-1.526,38.894,-2.872,0.092,-0.409,-0.031,-0.632,4.704,-7.470,-4.348,4.348,-6.683,-7.033
1726,16,-1.501,39.014,-2.844,0.019,0.207,-0.049,-0.632,4.704,-8.680,-3.771,3.771,-15.194,-16.454
1727,16,-1.486,39.074,-2.829,0.019,0.207,-0.049,-0.632,4.704,-8.680,-3.777,3.777,-15.279,-16.542
1728,16,-1.580,39.123,-2.900,-0.070,0.005,0.087,-1.067,5.546,-7.876,-3.773,3.773,-15.364,-16.604
1729,16,-1.617,39.114,-2.932,-0.070,0.005,0.087,6.321,129.338,-7.876,-4.996,4.996,-15.924,-10.259
1730,16,-1.832,40.851,-3.314,0.056,2.713,0.419,6.321,129.338,37.592,-9.772,9.772,-65.597,-42.909
1731,16,-1.947,41.756,-3.513,0.056,2.713,0.419,6.321,129.338,37.592,-9.777,9.777,-67.024,-44.066
1732,16,-2.047,42.378,-3.652,0.020,-1.024,-0.161,2.704,-156.757,-0.234,-9.790,9.790,-68.231,-45.047
1733,16,-1.990,41.643,-3.530,0.020,-1.024,-0.161,6.450,147.847,-0.234,-2.337,2.337,0.998,-4.995
1734,16,-2.352,42.310,-3.780,-0.272,0.607,0.052,6.450,147.847,3.158,-3.482,3.482,-28.834,-23.658
1735,16,-2.479,42.630,-3.840,-0.272,0.607,0.052,6.450,147.847,3.158,-3.468,3.468,-29.394,-24.007
1736,16,-2.618,42.855,-3.921,0.011,-0.659,0.014,-0.613,130.817,0.766,-3.453,3.453,-29.882,-24.288
1737,16,-2.793,42.661,-3.746,0.011,-0.659,0.014,-7.561,61.882,0.766,-4.329,4.329,-10.559,-6.731
1738,16,-0.713,42.373,-3.367,4.217,-0.679,-0.031,-7.561,61.882,-3.804,-25.281,25.281,-7.598,-8.361
1739,16,0.324,42.224,-3.182,4.217,-0.679,-0.031,-7.561,61.882,-3.804,-25.529,25.529,-6.820,-8.716
1740,16,5.285,41.228,-2.322,5.105,-1.641,-0.187,-0.234,0.187,-7.307,-26.128,26.128,-4.768,-9.070
1741,16,6.572,40.346,-2.148,5.105,-1.641,-0.187,0.613,1.579,-7.307,-29.774,29.774,16.434,1.074
1742,16,8.915,39.154,-1.894,4.839,-2.223,-0.133,0.613,1.579,-6.158,-30.009,30.009,25.747,11.937
1743,16,10.073,38.558,-1.787,4.839,-2.223,-0.133,0.613,1.579,-6.158,-30.490,30.490,26.823,12.626
1744,16,14.612,36.543,-1.480,4.835,-2.638,-0.142,0.675,1.665,-4.718,-31.137,31.137,28.870,14.419
1745,16,15.676,35.133,-1.583,4.835,-2.638,-0.142,0.833,1.292,-4.718,-31.241,31.241,37.639,23.604
1746,16,17.133,33.571,-1.735,3.690,-2.958,-0.033,0.833,1.292,-1.976,-28.971,28.971,40.845,33.928
1747,16,17.854,32.796,-1.830,3.690,-2.958,-0.033,0.833,1.292,-1.976,-29.215,29.215,41.429,35.490
1748,16,19.357,30.632,-2.355,2.181,-2.807,0.272,1.254,1.000,1.369,-29.755,29.755,42.366,38.586
1749,16,19.565,29.222,-2.678,2.181,-2.807,0.272,0.876,0.833,1.369,-26.874,26.874,33.705,48.590
1750,16,19.245,28.177,-3.143,0.815,-2.275,0.607,0.876,0.833,3.493,-24.666,24.666,18.282,51.648
1751,16,19.090,27.654,-3.371,0.815,-2.275,0.607,0.876,0.833,3.493,-24.874,24.874,18.574,52.772
1752,16,17.198,26.482,-4.246,-0.693,-1.631,0.868,0.469,0.933,4.235,-25.174,25.174,19.142,54.540
1753,16,16.592,25.810,-4.515,-0.693,-1.631,0.868,0.306,1.172,4.235,-21.133,21.133,4.334,53.736
1754,16,14.578,25.535,-4.969,-2.167,-0.954,1.087,0.306,1.172,4.594,-16.216,16.216,-10.171,49.788
1755,16,13.572,25.391,-5.193,-2.167,-0.954,1.087,0.306,1.172,4.594,-15.660,15.660,-9.838,49.910
1756,16,8.536,25.239,-6.095,-3.336,-0.325,1.212,0.134,1.431,3.833,-14.283,14.283,-9.202,49.745
1757,16,7.176,25.302,-6.312,-3.336,-0.325,1.212,0.057,1.660,3.833,-7.557,7.557,-20.476,43.078
1758,16,3.915,25.602,-6.802,-4.279,0.226,1.310,0.057,1.660,3.139,-2.072,2.072,-30.467,36.551
1759,16,2.279,25.740,-7.055,-4.279,0.226,1.310,0.057,1.660,3.139,-1.087,1.087,-30.326,36.037
1760,16,-4.917,26.220,-8.103,-5.032,0.682,1.301,-0.493,1.928,1.799,0.983,-0.983,-30.218,34.881
1761,16,-6.831,26.771,-8.423,-5.032,0.682,1.301,-1.053,2.086,1.799,8.055,-8.055,-36.715,26.397
1762,16,-11.158,27.305,-8.928,-6.099,0.928,1.112,-1.053,2.086,-0.679,12.001,-12.001,-35.977,17.020
1763,16,-13.328,27.557,-9.192,-6.099,0.928,1.112,-1.053,2.086,-0.679,12.053,-12.053,-36.253,16.536
1764,16,-22.573,28.133,-9.742,-7.151,0.942,0.658,-1.622,1.976,-3.259,12.098,-12.098,-36.911,15.698
1765,16,-25.137,28.792,-10.041,-7.151,0.942,0.658,-1.665,2.048,-3.259,17.662,-17.662,-27.065,3.285
1766,16,-29.924,29.325,-9.929,-7.465,0.777,0.031,-1.665,2.048,-4.565,25.285,-25.285,-10.189,-10.328
1767,16,-32.312,29.593,-9.882,-7.465,0.777,0.031,-1.665,2.048,-4.565,25.136,-25.136,-10.831,-10.374
1768,16,-40.525,30.484,-8.818,-6.726,0.470,-0.604,-1.579,2.053,-4.905,24.744,-24.744,-12.289,-10.265
1769,16,-42.885,31.109,-8.751,-6.726,0.470,-0.604,-1.168,1.952,-4.905,31.856,-31.856,5.341,-21.085
1770,16,-45.741,31.860,-7.783,-5.013,0.120,-1.184,-1.168,1.952,-5.331,38.378,-38.378,22.683,-29.831
1771,16,-47.162,32.250,-7.299,-5.013,0.120,-1.184,-1.168,1.952,-5.331,37.981,-37.981,21.557,-29.367
1772,16,-49.670,33.788,-4.711,-1.966,-0.239,-1.586,-0.316,1.613,-5.331,37.144,-37.144,19.191,-28.386
1773,16,-50.246,34.368,-4.130,-1.966,-0.239,-1.586,0.455,1.306,-5.331,28.209,-28.209,30.673,-31.832
1774,16,-48.609,35.083,-2.494,1.981,-0.479,-1.705,0.455,1.306,-4.522,9.390,-9.390,35.144,-31.043
1775,16,-47.797,35.595,-1.747,1.981,-0.479,-1.705,0.455,1.306,-4.522,8.974,-8.974,33.746,-30.778
1776,16,-41.018,36.939,1.476,6.042,-0.370,-1.543,0.775,1.187,-4.426,8.542,-8.542,31.830,-30.967
1777,16,-38.757,37.315,2.241,6.042,-0.370,-1.543,0.598,1.163,-4.426,-13.922,13.922,24.218,-29.936
1778,16,-32.479,37.463,3.724,9.836,-0.119,-1.266,0.598,1.163,-4.828,-23.961,23.961,14.296,-28.861
1779,16,-29.360,38.033,4.273,9.836,-0.119,-1.266,0.598,1.163,-4.828,-23.878,23.878,13.455,-30.032
1780,16,-14.485,38.342,6.622,12.808,0.010,-0.920,0.392,1.507,-5.728,-22.907,22.907,14.369,-33.004
1781,16,-10.489,38.571,7.103,12.808,0.010,-0.920,0.144,2.043,-5.728,-25.210,25.210,6.905,-31.256
1782,16,-1.832,38.262,7.864,14.627,-0.072,-0.502,0.144,2.043,-7.154,-28.811,28.811,1.116,-22.641
1783,16,2.510,38.453,8.238,14.627,-0.072,-0.502,0.144,2.043,-7.154,-28.012,28.012,2.447,-24.504
1784,16,19.075,37.786,8.991,14.483,-0.389,-0.034,0.215,2.201,-8.647,-26.515,26.515,5.985,-26.954
1785,16,23.245,37.695,9.165,14.483,-0.389,-0.034,0.201,1.962,-8.647,-30.509,30.509,3.942,-13.023
1786,16,30.027,37.467,9.043,12.496,-0.780,0.393,0.201,1.962,-8.039,-34.973,34.973,1.465,2.356
1787,16,33.323,37.031,8.834,12.496,-0.780,0.393,0.201,1.962,-8.039,-34.818,34.818,2.616,2.889
1788,16,43.664,36.034,8.754,9.382,-1.120,0.752,0.038,1.689,-5.881,-34.446,34.446,4.404,3.188
1789,16,45.897,36.073,7.352,9.382,-1.120,0.752,-0.306,1.708,-5.881,-38.690,38.690,2.083,17.842
1790,16,48.649,36.130,6.608,6.277,-1.331,1.022,-0.306,1.708,-3.364,-41.758,41.758,-0.788,27.245
1791,16,49.894,35.679,5.943,6.277,-1.331,1.022,-0.306,1.708,-3.364,-42.083,42.083,-0.880,28.453
1792,16,52.858,35.341,4.658,3.481,-1.327,1.163,-0.646,1.823,-1.440,-42.112,42.112,-0.582,28.868
1793,16,53.264,35.336,3.477,3.481,-1.327,1.163,-1.125,1.866,-1.440,-38.847,38.847,-3.974,32.788
1794,16,52.765,35.472,2.699,0.637,-1.062,1.197,-1.125,1.866,-0.225,-24.951,24.951,-8.584,29.478
1795,16,52.483,35.368,2.202,0.637,-1.062,1.197,-1.125,1.866,-0.225,-25.075,25.075,-8.772,29.786
1796,16,49.475,35.648,0.992,-2.167,-0.571,1.116,-1.412,1.857,0.790,-25.071,25.071,-8.978,29.567
1797,16,48.374,35.705,0.727,-2.167,-0.571,1.116,-1.761,1.909,0.790,-10.033,10.033,-14.485,19.982
1798,16,45.039,35.739,0.402,-4.927,-0.098,0.957,-1.761,1.909,0.024,5.511,-5.511,-18.135,9.359
1799,16,43.438,36.119,0.423,-4.927,-0.098,0.957,-1.761,1.909,0.024,5.696,-5.696,-18.318,8.435
1800,16,34.822,36.793,-0.382,-7.608,0.285,0.682,-2.105,2.082,-2.096,5.545,-5.545,-19.353,8.004
1801,16,32.606,36.922,0.467,-7.608,0.285,0.682,-2.531,2.283,-2.096,21.406,-21.406,-20.090,-4.716
1802,16,26.702,36.848,0.716,-10.222,0.451,0.234,-2.531,2.283,-4.264,26.181,-26.181,-13.309,-17.035
1803,16,23.816,37.333,0.984,-10.222,0.451,0.234,-2.531,2.283,-4.264,26.039,-26.039,-14.439,-17.594
1804,16,10.312,37.701,0.434,-12.142,0.271,-0.312,-2.689,2.852,-7.077,25.165,-25.165,-16.839,-16.499
1805,16,7.489,37.667,2.332,-12.142,0.271,-0.312,-2.469,3.326,-7.077,30.408,-30.408,-4.409,-25.041
1806,16,0.640,37.635,3.255,-12.871,-0.176,-0.852,-2.469,3.326,-9.121,36.010,-36.010,13.124,-29.916
1807,16,-2.779,37.473,3.713,-12.871,-0.176,-0.852,-2.469,3.326,-9.121,35.447,-35.447,12.242,-28.546
1808,16,-15.219,37.116,4.319,-11.324,-0.774,-1.269,-1.838,3.120,-9.661,34.471,-34.471,10.706,-26.179
1809,16,-17.492,36.858,6.768,-11.324,-0.774,-1.269,-0.971,2.388,-9.661,38.521,-38.521,28.264,-24.821
1810,16,-20.978,36.916,8.343,-8.018,-1.450,-1.598,-0.971,2.388,-8.929,42.115,-42.115,45.220,-22.241
1811,16,-22.732,36.141,9.296,-8.018,-1.450,-1.598,-0.971,2.388,-8.929,42.248,-42.248,46.618,-21.373
1812,16,-25.999,35.416,11.791,-3.569,-1.810,-1.737,-0.077,1.828,-7.364,42.237,-42.237,47.344,-20.603
1813,16,-26.119,34.870,13.911,-3.569,-1.810,-1.737,0.598,1.593,-7.364,39.626,-39.626,57.676,-18.456
1814,16,-24.346,34.665,15.673,1.054,-1.658,-1.731,0.598,1.593,-5.876,16.712,-16.712,56.070,-20.851
1815,16,-23.510,34.158,16.624,1.054,-1.658,-1.731,0.598,1.593,-5.876,17.044,-17.044,57.356,-20.891
1816,16,-16.873,33.357,19.722,5.233,-1.222,-1.651,0.617,1.627,-4.895,17.470,-17.470,58.666,-21.286
1817,16,-14.817,33.111,20.708,5.233,-1.222,-1.651,0.531,1.809,-4.895,-3.850,3.850,52.446,-26.130
1818,16,-9.102,32.499,22.137,8.765,-0.754,-1.569,0.531,1.809,-5.020,-15.630,15.630,45.488,-30.991
1819,16,-6.172,32.650,22.825,8.765,-0.754,-1.569,0.531,1.809,-5.020,-15.492,15.492,45.527,-31.505
1820,16,7.277,31.443,25.687,11.429,-0.386,-1.400,0.301,2.397,-6.379,-15.124,15.124,46.727,-31.777
1821,16,10.790,31.749,25.892,11.429,-0.386,-1.400,0.182,2.852,-6.379,-16.844,16.844,38.867,-32.759
1822,16,18.390,30.893,26.699,13.027,-0.138,-1.106,0.182,2.852,-7.848,-20.576,20.576,29.116,-27.579
1823,16,22.423,31.219,27.295,13.027,-0.138,-1.106,0.182,2.852,-7.848,-20.347,20.347,29.175,-28.437
1824,16,37.054,29.657,28.985,12.926,-0.040,-0.671,0.234,2.914,-8.479,-20.403,20.403,29.632,-27.756
1825,16,41.086,30.286,28.897,12.926,-0.040,-0.671,0.239,2.632,-8.479,-26.126,26.126,17.518,-16.978
1826,16,47.360,29.788,29.008,11.523,0.018,-0.177,0.239,2.632,-7.714,-32.735,32.735,3.977,-4.084
1827,16,50.682,29.981,29.323,11.523,0.018,-0.177,0.239,2.632,-7.714,-32.558,32.558,4.142,-4.624
1828,16,60.672,29.195,29.753,9.285,0.055,0.309,0.153,2.407,-6.651,-32.665,32.665,4.006,-4.333
1829,16,63.778,29.912,29.621,9.285,0.055,0.309,-0.124,2.326,-6.651,-38.711,38.711,-8.657,7.186
1830,16,67.086,30.000,29.504,6.647,0.135,0.695,-0.124,2.326,-5.723,-43.431,43.431,-19.296,15.430
1831,16,68.864,30.285,29.661,6.647,0.135,0.695,-0.124,2.326,-5.723,-43.100,43.100,-18.779,14.620
1832,16,72.791,30.628,29.836,3.724,0.314,0.935,-0.689,2.359,-4.570,-42.694,42.694,-18.105,13.673
1833,16,74.049,31.264,29.920,3.724,0.314,0.935,-1.349,2.417,-4.570,-41.043,41.043,-25.330,15.359
1834,16,74.024,31.567,30.004,0.681,0.503,0.936,-1.349,2.417,-4.283,-25.475,25.475,-27.442,11.844
1835,16,74.154,31.958,30.291,0.681,0.503,0.936,-1.349,2.417,-4.283,-25.004,25.004,-26.647,10.754
1836,16,71.762,32.864,30.754,-2.657,0.684,0.698,-1.847,2.345,-4.642,-24.517,24.517,-25.882,9.571
1837,16,70.727,32.941,31.212,-2.657,0.684,0.698,-2.196,2.483,-4.642,-4.217,4.217,-21.658,-0.655
1838,16,67.157,33.087,31.703,-5.993,0.826,0.309,-2.196,2.483,-6.015,17.411,-17.411,-14.114,-12.897
1839,16,65.438,33.269,32.039,-5.993,0.826,0.309,-2.196,2.483,-6.015,17.571,-17.571,-14.024,-13.445
1840,16,56.573,34.274,32.700,-8.838,0.881,-0.165,-2.350,2.972,-7.982,17.583,-17.583,-14.403,-13.874
1841,16,53.659,33.517,33.706,-8.838,0.881,-0.165,-2.158,3.560,-7.982,30.857,-30.857,-4.348,-26.775
1842,16,47.693,33.685,34.702,-10.965,0.748,-0.616,-2.158,3.560,-9.695,36.356,-36.356,7.986,-36.437
1843,16,44.486,33.371,34.918,-10.965,0.748,-0.616,-2.158,3.560,-9.695,35.901,-35.901,7.184,-35.419
1844,16,31.965,34.130,35.511,-11.647,0.323,-0.968,-1.570,4.072,-10.929,35.415,-35.415,6.067,-34.595
1845,16,28.598,32.820,37.006,-11.647,0.323,-0.968,-0.799,3.790,-10.929,39.042,-39.042,19.437,-35.733
1846,16,23.404,33.047,38.126,-10.209,-0.262,-1.197,-0.799,3.790,-10.092,41.731,-41.731,32.711,-33.214
1847,16,20.276,32.063,38.293,-10.209,-0.262,-1.197,-0.799,3.790,-10.092,41.111,-41.111,32.701,-30.743
1848,16,12.444,31.594,40.394,-6.976,-0.643,-1.392,-0.033,2.943,-9.001,40.730,-40.730,32.620,-29.302
1849,16,10.345,30.608,40.767,-6.976,-0.643,-1.392,0.584,2.565,-9.001,42.499,-42.499,43.418,-26.742
1850,16,9.116,30.486,41.898,-3.237,-0.646,-1.371,0.584,2.565,-7.757,24.112,-24.112,43.004,-25.930
1851,16,8.195,29.777,42.330,-3.237,-0.646,-1.371,0.584,2.565,-7.757,24.437,-24.437,43.732,-24.659
1852,16,8.159,29.074,44.348,0.094,-0.298,-1.273,0.823,2.670,-7.441,24.614,-24.614,44.198,-23.917
1853,16,8.360,28.858,44.901,0.094,-0.298,-1.273,0.756,3.015,-7.441,6.305,-6.305,37.285,-25.534
1854,16,10.300,28.492,45.808,3.051,0.148,-1.144,0.756,3.015,-7.680,-11.193,11.193,27.932,-27.924
1855,16,11.482,28.720,46.361,3.051,0.148,-1.144,0.756,3.015,-7.680,-11.764,11.764,27.642,-28.289
1856,16,17.418,28.208,47.972,5.674,0.604,-0.989,0.775,3.173,-8.465,-13.237,13.237,27.463,-28.173
1857,16,19.559,28.862,48.732,5.674,0.604,-0.989,0.627,3.455,-8.465,-22.869,22.869,16.665,-30.858
1858,16,23.876,28.305,49.289,8.029,0.958,-0.731,0.627,3.455,-9.599,-26.473,26.473,5.087,-28.020
1859,16,26.770,29.239,50.052,8.029,0.958,-0.731,0.627,3.455,-9.599,-26.044,26.044,4.702,-30.124
1860,16,36.425,28.716,51.471,9.153,1.164,-0.334,0.273,3.469,-10.992,-25.930,25.930,4.538,-30.743
1861,16,39.865,30.003,52.052,9.153,1.164,-0.334,-0.239,2.900,-10.992,-30.566,30.566,-8.269,-25.004
1862,16,44.098,29.666,52.254,8.273,1.214,-0.019,-0.239,2.900,-11.197,-34.801,34.801,-17.108,-16.905
1863,16,47.020,30.572,53.090,8.273,1.214,-0.019,-0.239,2.900,-11.197,-33.987,33.987,-16.380,-19.432
1864,16,54.524,30.391,54.129,6.938,1.172,0.125,-0.804,2.833,-8.996,-33.614,33.614,-15.895,-20.438
1865,16,57.336,31.403,54.795,6.938,1.172,0.125,-1.081,2.986,-8.996,-34.832,34.832,-17.985,-17.657
1866,16,59.979,31.319,55.047,5.327,1.129,0.250,-1.081,2.986,-8.049,-36.451,36.451,-20.477,-13.671
1867,16,61.852,31.891,55.762,5.327,1.129,0.250,-1.081,2.986,-8.049,-35.795,35.795,-19.495,-15.316
1868,16,65.608,32.112,56.734,3.337,1.146,0.331,-1.263,3.048,-8.790,-35.395,35.395,-18.787,-16.208
1869,16,67.109,32.683,57.434,3.337,1.146,0.331,-1.263,3.048,-8.790,-29.989,29.989,-19.968,-15.762
1870,16,68.208,32.790,57.910,3.337,1.146,0.331,-1.531,2.957,-8.977,-29.840,29.840,-19.658,-16.050
1871,16,68.712,33.091,58.429,1.237,1.075,0.296,-1.531,2.957,-8.977,-18.535,18.535,-17.160,-16.756
1872,16,68.781,33.636,59.419,-0.932,0.940,0.149,-1.675,2.933,-9.752,-18.220,18.220,-16.611,-17.465
1873,16,68.485,33.566,59.987,-0.932,0.940,0.149,-1.675,2.933,-9.752,-5.306,5.306,-10.722,-19.858
1874,16,67.501,33.719,60.612,-0.932,0.940,0.149,-1.498,2.905,-9.805,-5.158,5.158,-10.591,-20.318
1875,16,66.695,33.678,60.802,-2.443,0.760,-0.017,-1.498,2.905,-9.805,4.399,-4.399,-4.056,-21.800
1876,16,63.401,34.192,61.555,-3.620,0.481,-0.156,-1.493,2.756,-9.551,4.404,-4.404,-4.199,-21.961
1877,16,61.878,33.608,61.878,-3.620,0.481,-0.156,-1.493,2.756,-9.551,11.771,-11.771,2.538,-21.151
1878,16,59.674,33.756,62.473,-3.620,0.481,-0.156,-1.378,2.952,-9.522,11.847,-11.847,2.409,-21.581
1879,16,57.935,33.326,62.260,-4.565,0.083,-0.298,-1.378,2.952,-9.522,17.826,-17.826,10.797,-18.214
1880,16,52.663,33.473,62.465,-4.904,-0.444,-0.426,-1.139,3.005,-9.589,17.470,-17.470,10.084,-17.504
1881,16,50.449,32.390,62.462,-4.904,-0.444,-0.426,-1.139,3.005,-9.589,19.902,-19.902,19.432,-11.087
1882,16,47.984,32.341,62.827,-4.904,-0.444,-0.426,-0.909,3.144,-8.943,19.774,-19.774,19.110,-10.895
1883,16,46.091,31.487,62.365,-4.336,-0.859,-0.522,-0.909,3.144,-8.943,17.292,-17.292,26.521,-4.936
1884,16,41.719,30.749,62.216,-3.173,-1.136,-0.609,-0.455,3.149,-8.393,16.654,-16.654,25.867,-3.035
1885,16,40.133,29.591,62.150,-3.173,-1.136,-0.609,-0.455,3.149,-8.393,10.904,-10.904,31.243,2.095
1886,16,38.853,29.156,62.358,-3.173,-1.136,-0.609,-0.321,3.029,-7.699,10.572,-10.572,31.071,3.252
1887,16,37.937,28.312,62.096,-1.573,-1.188,-0.673,-0.321,3.029,-7.699,2.735,-2.735,33.106,4.633
1888,16,36.920,26.928,62.130,0.232,-1.140,-0.720,-0.196,2.895,-6.934,2.127,-2.127,32.898,6.859
1889,16,36.686,26.181,62.185,0.232,-1.140,-0.720,-0.196,2.895,-6.934,-7.264,7.264,32.951,8.363
1890,16,37.119,25.456,62.340,0.232,-1.140,-0.720,-0.349,3.273,-6.948,-7.842,7.842,32.596,10.319
1891,16,37.443,24.966,62.361,1.703,-1.000,-0.782,-0.349,3.273,-6.948,-14.825,14.825,31.881,8.112
1892,16,39.381,23.505,62.631,2.421,-0.672,-0.831,-0.445,3.426,-7.082,-15.507,15.507,31.340,10.302
1893,16,40.091,23.193,62.902,2.421,-0.672,-0.831,-0.445,3.426,-7.082,-19.465,19.465,26.818,7.252
1894,16,41.288,22.514,63.176,2.421,-0.672,-0.831,-0.402,3.321,-6.900,-20.165,20.165,26.012,9.245
1895,16,41.982,22.304,63.397,2.450,-0.426,-0.872,-0.402,3.321,-6.900,-20.051,20.051,23.148,5.350
1896,16,44.105,21.250,63.941,1.944,-0.240,-0.883,-0.402,3.149,-6.728,-20.692,20.692,22.283,7.049
1897,16,44.725,21.007,64.386,1.944,-0.240,-0.883,-0.402,3.149,-6.728,-18.875,18.875,18.724,6.342
1898,16,45.409,20.566,64.840,1.944,-0.240,-0.883,-0.364,3.048,-6.455,-19.367,19.367,18.071,7.656
1899,16,45.580,20.339,65.066,0.851,-0.081,-0.866,-0.364,3.048,-6.455,-14.345,14.345,15.114,6.472
1900,16,45.660,19.845,65.829,-0.414,0.156,-0.830,-0.330,3.000,-6.513,-14.781,14.781,14.595,7.695
1901,16,45.434,19.461,66.377,-0.414,0.156,-0.830,-0.330,3.000,-6.513,-9.243,9.243,10.183,6.443
1902,16,44.885,19.376,67.076,-0.414,0.156,-0.830,-0.354,3.082,-6.723,-9.231,9.231,10.396,6.605
1903,16,44.219,19.100,67.291,-1.694,0.341,-0.806,-0.354,3.082,-6.723,-3.263,3.263,7.294,5.220
1904,16,41.754,19.285,68.344,-2.864,0.553,-0.787,-0.388,3.397,-7.297,-3.258,3.258,7.704,5.613
1905,16,40.663,18.778,69.005,-2.864,0.553,-0.787,-0.388,3.397,-7.297,2.705,-2.705,5.494,2.963
1906,16,38.992,19.096,69.947,-2.864,0.553,-0.787,-0.354,3.747,-8.154,3.274,-3.274,6.582,1.777
1907,16,37.623,18.811,70.193,-3.881,0.812,-0.795,-0.354,3.747,-8.154,8.481,-8.481,3.688,-1.621
1908,16,33.227,19.707,71.515,-4.532,1.003,-0.840,-0.345,4.034,-8.781,8.980,-8.980,4.946,-2.358
1909,16,31.638,19.214,72.369,-4.532,1.003,-0.840,-0.345,4.034,-8.781,13.781,-13.781,5.507,-7.985
1910,16,29.497,19.832,73.461,-4.532,1.003,-0.840,-0.196,4.192,-9.470,14.606,-14.606,6.687,-10.105
1911,16,28.012,19.645,73.804,-4.363,1.155,-0.945,-0.196,4.192,-9.470,15.247,-15.247,7.908,-14.812
1912,16,23.978,20.782,75.282,-3.481,1.245,-1.038,-0.005,4.268,-10.082,15.915,-15.915,9.081,-16.312
1913,16,22.931,20.590,76.318,-3.481,1.245,-1.038,-0.005,4.268,-10.082,13.508,-13.508,11.285,-22.121
1914,16,21.647,21.072,77.368,-3.481,1.245,-1.038,0.187,4.043,-10.513,13.980,-13.980,11.706,-23.590
1915,16,21.182,21.249,77.874,-1.841,1.278,-1.081,0.187,4.043,-10.513,6.490,-6.490,12.461,-25.684
1916,16,20.329,22.061,79.428,0.068,1.323,-1.073,0.306,3.527,-11.054,6.840,-6.840,12.624,-26.921
1917,16,20.741,22.413,80.482,0.068,1.323,-1.073,0.306,3.527,-11.054,-2.558,2.558,11.298,-28.835
1918,16,21.032,22.554,81.356,0.068,1.323,-1.073,0.431,3.053,-10.881,-2.539,2.539,11.129,-29.080
1919,16,21.856,23.125,81.979,1.351,1.326,-0.931,0.431,3.053,-10.881,-10.578,10.578,7.017,-26.684
1920,16,23.621,23.665,83.400,1.901,1.243,-0.814,0.431,2.986,-9.891,-10.488,10.488,6.525,-27.536
1921,16,24.736,24.215,84.294,1.901,1.243,-0.814,0.187,2.986,-9.891,-14.619,14.619,4.022,-24.533
1922,16,25.651,24.222,84.996,1.901,1.243,-0.814,0.048,3.110,-9.819,-14.719,14.719,3.755,-24.398
1923,16,26.723,24.739,85.599,2.076,1.115,-0.787,0.048,3.110,-9.819,-15.754,15.754,4.531,-22.975
1924,16,28.925,24.999,86.863,2.085,1.043,-0.738,0.048,2.871,-9.752,-15.712,15.712,4.151,-23.525
1925,16,30.070,25.430,87.691,2.085,1.043,-0.738,0.000,2.871,-9.752,-16.312,16.312,3.472,-21.973
1926,16,31.079,25.308,88.315,2.085,1.043,-0.738,-0.196,2.900,-9.116,-16.478,16.478,3.231,-21.549
1927,16,32.279,25.765,88.943,2.446,1.035,-0.753,-0.196,2.900,-9.116,-17.896,17.896,3.489,-22.845
1928,16,34.890,25.737,90.158,2.626,0.879,-0.746,-0.196,2.919,-8.728,-17.880,17.880,3.203,-23.194
1929,16,36.236,26.105,90.970,2.626,0.879,-0.746,-0.364,2.919,-8.728,-18.939,18.939,4.813,-20.949
1930,16,37.410,25.861,91.523,2.626,0.879,-0.746,-0.421,2.924,-8.029,-19.205,19.205,4.489,-20.208
1931,16,38.547,26.146,92.080,2.524,0.712,-0.721,-0.421,2.924,-8.029,-18.858,18.858,6.159,-17.882
1932,16,40.984,25.829,93.072,2.400,0.588,-0.687,-0.421,2.972,-7.891,-18.967,18.967,5.865,-17.738
1933,16,42.137,26.023,93.755,2.400,0.588,-0.687,-0.598,2.972,-7.891,-18.999,18.999,6.312,-14.691
1934,16,43.160,25.713,94.211,2.400,0.588,-0.687,-0.670,2.967,-7.690,-19.331,19.331,5.904,-13.774
1935,16,44.110,25.870,94.687,2.251,0.533,-0.683,-0.670,2.967,-7.690,-18.566,18.566,6.503,-13.252
1936,16,46.176,25.416,95.506,2.135,0.395,-0.665,-0.670,2.929,-7.446,-18.754,18.754,6.154,-12.848
1937,16,47.141,25.481,96.093,2.135,0.395,-0.665,-0.708,2.929,-7.446,-18.759,18.759,7.072,-9.587
1938,16,48.005,25.131,96.469,2.135,0.395,-0.665,-0.790,3.082,-7.230,-19.143,19.143,6.567,-8.557
1939,16,48.739,25.168,96.839,1.931,0.306,-0.653,-0.790,3.082,-7.230,-18.289,18.289,7.417,-7.053
1940,16,50.401,24.586,97.456,1.876,0.198,-0.646,-0.790,3.039,-7.111,-18.572,18.572,6.964,-6.373
1941,16,51.173,24.550,97.934,1.876,0.198,-0.646,-0.885,3.039,-7.111,-18.874,18.874,7.558,-3.464
1942,16,51.902,24.160,98.224,1.876,0.198,-0.646,-0.943,3.086,-6.934,-19.313,19.313,6.945,-2.322
1943,16,52.480,24.108,98.496,1.743,0.094,-0.656,-0.943,3.086,-6.934,-18.611,18.611,8.488,-0.925
1944,16,53.778,23.443,98.951,1.450,0.028,-0.663,-0.943,3.000,-6.565,-18.987,18.987,7.902,-0.007
1945,16,54.289,23.296,99.332,1.450,0.028,-0.663,-1.096,3.000,-6.565,-18.032,18.032,8.121,2.251
1946,16,54.751,22.935,99.605,1.450,0.028,-0.663,-1.105,3.149,-6.197,-18.441,18.441,7.536,3.303
1947,16,54.942,22.782,99.748,0.947,-0.062,-0.623,-1.105,3.149,-6.197,-16.594,16.594,7.577,6.013
1948,16,55.220,22.218,100.120,0.123,-0.116,-0.691,-1.105,3.153,-6.426,-16.977,16.977,7.039,7.008
1949,16,55.060,21.858,100.387,0.123,-0.116,-0.691,-1.302,3.153,-6.426,-12.582,12.582,8.866,7.745
1950,16,54.906,21.580,100.754,0.123,-0.116,-0.691,-1.211,3.216,-6.460,-12.852,12.852,8.578,8.537
1951,16,54.411,21.232,100.759,-0.639,-0.192,-0.757,-1.211,3.216,-6.460,-8.523,8.523,11.072,8.948
1952,16,53.206,20.705,101.186,-1.480,-0.279,-0.843,-1.211,3.254,-6.565,-8.895,8.895,10.788,10.150
1953,16,52.266,20.070,101.387,-1.480,-0.279,-0.843,-1.340,3.254,-6.565,-4.172,4.172,14.001,11.282
1954,16,51.464,19.854,101.910,-1.480,-0.279,-0.843,-1.254,3.383,-6.594,-4.279,4.279,14.132,11.843
1955,16,50.252,19.285,101.819,-2.308,-0.316,-0.968,-1.254,3.383,-6.594,1.049,-1.049,17.788,10.759
1956,16,47.581,18.779,102.418,-3.072,-0.364,-1.097,-1.254,3.407,-6.967,0.761,-0.761,18.011,12.135
1957,16,45.930,17.866,102.693,-3.072,-0.364,-1.097,-1.120,3.407,-6.967,5.850,-5.850,22.691,11.738
1958,16,44.569,17.740,103.428,-3.072,-0.364,-1.097,-1.129,3.493,-7.269,5.988,-5.988,23.388,11.882
1959,16,42.682,16.934,103.309,-3.841,-0.454,-1.202,-1.129,3.493,-7.269,10.800,-10.800,27.836,12.464
1960,16,38.880,16.422,104.125,-4.052,-0.451,-1.319,-1.129,3.512,-7.336,10.764,-10.764,28.933,13.704
1961,16,36.831,15.351,104.566,-4.052,-0.451,-1.319,-0.938,3.512,-7.336,13.365,-13.365,33.827,12.414
1962,16,35.315,15.228,105.432,-4.052,-0.451,-1.319,-0.785,3.436,-7.537,13.663,-13.663,34.895,12.289
1963,16,33.458,14.385,105.473,-3.785,-0.500,-1.435,-0.785,3.436,-7.537,13.661,-13.661,39.650,11.703
1964,16,30.289,13.723,106.552,-2.807,-0.394,-1.551,-0.785,3.450,-7.584,13.853,-13.853,41.260,12.547
1965,16,28.898,12.866,107.273,-2.807,-0.394,-1.551,-0.579,3.450,-7.584,10.581,-10.581,44.575,9.391
1966,16,28.051,12.559,108.219,-2.807,-0.394,-1.551,-0.493,3.441,-7.527,10.668,-10.668,45.308,9.777
1967,16,27.381,12.128,108.598,-1.351,-0.129,-1.680,-0.493,3.441,-7.527,4.959,-4.959,45.342,3.522
1968,16,26.783,11.537,110.091,0.255,0.294,-1.800,-0.493,3.383,-7.752,4.946,-4.946,46.024,4.257
1969,16,26.986,11.308,111.204,0.255,0.294,-1.800,-0.354,3.383,-7.752,-1.930,1.930,42.693,-3.681
1970,16,27.271,10.910,112.292,0.255,0.294,-1.800,-0.196,3.708,-8.326,-2.283,2.283,42.423,-2.538
1971,16,28.230,11.122,113.023,1.834,0.747,-1.883,-0.196,3.708,-8.326,-9.364,9.364,37.109,-11.123
1972,16,30.338,10.935,114.932,2.864,1.246,-1.850,-0.196,3.718,-9.685,-9.830,9.830,36.014,-10.353
1973,16,31.954,11.241,116.348,2.864,1.246,-1.850,-0.038,3.718,-9.685,-16.181,16.181,25.600,-15.968
1974,16,33.046,10.992,117.532,2.864,1.246,-1.850,0.139,3.388,-9.843,-16.742,16.742,24.490,-14.832
1975,16,34.835,11.551,118.460,3.376,1.594,-1.717,0.139,3.388,-9.843,-21.150,21.150,14.699,-17.217
1976,16,38.025,11.764,120.531,3.714,1.743,-1.513,0.139,3.512,-10.097,-21.635,21.635,12.941,-17.037
1977,16,40.132,12.194,121.964,3.714,1.743,-1.513,0.081,3.512,-10.097,-26.529,26.529,2.995,-14.158
1978,16,41.416,12.130,123.119,3.714,1.743,-1.513,0.019,3.613,-11.006,-26.959,26.959,1.827,-13.608
1979,16,43.159,12.676,124.057,3.285,1.963,-1.311,0.019,3.613,-11.006,-27.340,27.340,-7.451,-12.799
1980,16,45.704,13.336,126.202,2.245,2.127,-1.112,0.019,3.216,-11.810,-27.560,27.560,-8.793,-13.259
1981,16,47.099,13.616,127.559,2.245,2.127,-1.112,-0.234,3.216,-11.810,-24.763,24.763,-17.158,-11.994
1982,16,47.782,13.854,128.808,2.245,2.127,-1.112,-0.306,2.818,-11.685,-24.697,24.697,-17.455,-12.556
1983,16,48.500,14.185,129.588,1.206,2.047,-0.985,-0.306,2.818,-11.685,-20.934,20.934,-19.696,-9.076
1984,16,49.144,15.002,131.641,0.065,1.823,-0.900,-0.306,2.479,-11.370,-20.747,20.747,-19.870,-9.999
1985,16,49.325,14.988,132.710,0.065,1.823,-0.900,-0.507,2.479,-11.370,-15.693,15.693,-18.390,-5.917
1986,16,49.265,15.237,133.891,0.065,1.823,-0.900,-0.479,2.388,-10.791,-15.438,15.438,-18.091,-6.637
1987,16,49.055,15.299,134.435,-0.550,1.599,-0.997,-0.479,2.388,-10.791,-11.050,11.050,-12.262,-6.070
1988,16,48.465,15.773,136.221,-0.714,1.420,-1.130,-0.479,2.684,-10.838,-10.823,10.823,-11.885,-6.600
1989,16,48.169,15.543,137.200,-0.714,1.420,-1.130,-0.330,2.684,-10.838,-8.146,8.146,-5.523,-7.663
1990,16,47.937,15.571,138.291,-0.714,1.420,-1.130,-0.297,2.775,-10.346,-8.071,8.071,-5.337,-7.779
1991,16,47.730,15.525,138.784,-0.443,1.231,-1.217,-0.297,2.775,-10.346,-8.346,8.346,-0.389,-7.140
1992,16,47.524,15.523,140.373,0.270,1.086,-1.306,-0.297,2.852,-10.422,-8.337,8.337,-0.262,-7.049
1993,16,47.707,15.276,141.337,0.270,1.086,-1.306,-0.172,2.852,-10.422,-11.023,11.023,3.710,-6.587
1994,16,47.876,15.034,142.253,0.270,1.086,-1.306,-0.301,2.914,-10.733,-11.290,11.290,3.357,-5.872
1995,16,48.417,14.977,142.789,1.158,0.911,-1.356,-0.301,2.914,-10.733,-15.278,15.278,6.665,-4.383
1996,16,49.595,14.461,144.124,1.922,0.730,-1.398,-0.301,3.010,-10.513,-15.643,15.643,5.976,-3.611
1997,16,50.598,14.230,145.039,1.922,0.730,-1.398,-0.364,3.010,-10.513,-19.776,19.776,7.932,-0.397
1998,16,51.309,13.729,145.757,1.922,0.730,-1.398,-0.292,2.952,-9.800,-20.430,20.430,6.842,1.129
1999,16,52.472,13.632,146.297,2.549,0.620,-1.442,-0.292,2.952,-9.800,-23.356,23.356,8.543,1.984
2000,16,54.681,12.740,147.379,3.062,0.561,-1.418,-0.292,2.761,-9.685,-24.090,24.090,6.992,3.370
2001,16,56.234,12.494,148.243,3.062,0.561,-1.418,-0.426,2.761,-9.685,-28.200,28.200,4.444,7.014
2002,16,57.292,11.891,148.807,3.062,0.561,-1.418,-0.517,2.775,-9.254,-29.066,29.066,2.776,8.811
2003,16,58.690,11.765,149.283,3.221,0.473,-1.335,-0.517,2.775,-9.254,-31.324,31.324,0.679,12.546
2004,16,61.167,10.806,150.139,3.133,0.506,-1.322,-0.517,2.574,-8.833,-32.198,32.198,-1.371,13.995
2005,16,62.693,10.510,150.903,3.133,0.506,-1.322,-0.656,2.574,-8.833,-33.211,33.211,-5.244,15.943
2006,16,63.704,9.917,151.409,3.133,0.506,-1.322,-0.761,2.579,-8.671,-34.075,34.075,-7.049,17.593
2007,16,64.811,9.751,151.806,2.785,0.463,-1.248,-0.761,2.579,-8.671,-33.642,33.642,-9.457,20.418
2008,16,66.682,8.854,152.626,2.266,0.600,-1.288,-0.761,2.483,-10.125,-34.471,34.471,-11.437,21.753
2009,16,67.686,8.463,153.351,2.266,0.600,-1.288,-1.010,2.483,-10.125,-32.480,32.480,-14.924,20.680
2010,16,68.370,7.881,153.985,2.266,0.600,-1.288,-0.866,2.479,-10.642,-32.480,32.480,-14.973,20.632
2011,16,69.141,7.666,154.432,2.120,0.803,-1.369,-0.866,2.479,-10.642,-30.739,30.739,-16.144,15.413
2012,16,70.480,6.775,155.563,1.871,0.937,-1.444,-0.866,2.464,-11.011,-30.739,30.739,-16.374,15.183
2013,16,71.252,6.256,156.435,1.871,0.937,-1.444,-1.029,2.464,-11.011,-28.547,28.547,-16.657,11.118
2014,16,71.771,5.629,157.275,1.871,0.937,-1.444,-1.010,2.383,-11.858,-28.547,28.547,-16.684,11.091
2015,16,72.333,5.367,157.784,1.730,1.128,-1.509,-1.010,2.383,-11.858,-27.031,27.031,-17.997,6.529
2016,16,73.286,4.425,159.214,1.489,1.252,-1.643,-1.010,2.402,-11.561,-27.031,27.031,-18.158,6.368
2017,16,73.818,3.763,160.229,1.489,1.252,-1.643,-1.091,2.402,-11.561,-24.163,24.163,-16.705,1.163
2018,16,74.153,3.055,161.239,1.489,1.252,-1.643,-0.914,2.273,-11.130,-24.163,24.163,-16.661,1.207
2019,16,74.462,2.717,161.787,1.266,1.319,-1.721,-0.914,2.273,-11.130,-22.059,22.059,-15.727,-1.801
2020,16,74.922,1.658,163.384,0.946,1.357,-1.764,-0.914,2.364,-10.475,-22.059,22.059,-15.726,-1.799
2021,16,75.092,0.905,164.444,0.946,1.357,-1.764,-0.746,2.364,-10.475,-19.929,19.929,-15.019,-3.223
2022,16,75.172,0.157,165.521,0.946,1.357,-1.764,-0.670,2.474,-10.719,-19.929,19.929,-14.834,-3.038
2023,16,75.207,-0.220,166.064,0.761,1.365,-1.817,-0.670,2.474,-10.719,-18.336,18.336,-13.513,-4.380
2024,16,75.176,-1.327,167.728,0.549,1.386,-1.848,-0.670,2.364,-10.886,-18.336,18.336,-13.291,-4.158
2025,16,75.059,-2.123,168.815,0.549,1.386,-1.848,-0.723,2.364,-10.886,-16.890,16.890,-12.336,-4.748
2026,16,74.970,-2.886,169.896,0.549,1.386,-1.848,-0.517,2.584,-11.685,-16.890,16.890,-12.030,-4.441
2027,16,74.876,-3.275,170.422,0.575,1.270,-1.856,-0.517,2.584,-11.685,-16.930,16.930,-9.990,-2.775
2028,16,74.781,-4.442,171.979,0.966,1.173,-1.867,-0.517,2.603,-12.106,-16.930,16.930,-9.643,-2.428
2029,16,74.851,-5.220,172.995,0.966,1.173,-1.867,-0.340,2.603,-12.106,-18.738,18.738,-7.687,-1.057
2030,16,74.963,-6.018,173.940,0.966,1.173,-1.867,-0.163,2.632,-11.451,-18.738,18.738,-7.533,-0.904
2031,16,75.334,-6.403,174.379,1.650,0.947,-1.817,-0.163,2.632,-11.451,-22.784,22.784,-5.750,3.383
2032,16,76.061,-7.609,175.654,1.907,0.916,-1.772,-0.163,2.641,-10.106,-22.784,22.784,-5.887,3.246
2033,16,76.625,-8.355,176.532,1.907,0.916,-1.772,-0.100,2.641,-10.106,-24.640,24.640,-7.009,4.414
2034,16,77.002,-9.150,177.389,1.907,0.916,-1.772,-0.100,2.641,-10.106,-24.640,24.640,-7.137,4.286
2035,16,77.461,-9.509,177.814,1.959,0.978,-1.719,-0.005,2.507,-10.671,-25.553,25.553,-9.645,4.388
2036,16,78.291,-10.606,179.141,1.959,0.978,-1.719,-0.005,2.507,-10.671,-25.553,25.553,-9.974,4.059
2037,16,78.717,-11.348,-179.929,1.791,1.135,-1.677,0.019,2.402,-11.762,-25.244,25.244,-13.680,2.484
2038,16,78.996,-12.076,-178.965,1.791,1.135,-1.677,0.019,2.402,-11.762,-25.244,25.244,-13.791,2.373
2039,16,79.292,-12.405,-178.486,1.671,1.217,-1.611,0.019,2.330,-12.676,-25.474,25.474,-16.830,2.636
2040,16,79.755,-13.355,-176.952,1.671,1.217,-1.611,0.019,2.330,-12.676,-25.474,25.474,-17.001,2.465
2041,16,80.051,-14.092,-175.988,1.677,1.267,-1.615,-0.077,2.259,-13.365,-25.447,25.447,-17.857,1.396
2042,16,80.235,-14.778,-174.958,1.677,1.267,-1.615,-0.077,2.259,-13.365,-25.447,25.447,-17.919,1.334
2043,16,80.425,-15.119,-174.462,1.535,1.269,-1.647,0.024,2.330,-13.595,-24.339,24.339,-17.282,0.373
2044,16,80.681,-16.107,-172.880,1.535,1.269,-1.647,0.024,2.330,-13.595,-24.339,24.339,-17.346,0.309
2045,16,80.901,-16.841,-171.949,1.615,1.205,-1.606,0.139,2.345,-13.212,-25.244,25.244,-17.588,2.091
2046,16,81.031,-17.524,-170.951,1.615,1.205,-1.606,0.139,2.345,-13.212,-25.244,25.244,-17.619,2.060
2047,16,81.142,-17.863,-170.454,1.432,1.270,-1.633,0.368,2.220,-13.676,-23.995,23.995,-17.947,0.401
2048,16,81.233,-18.835,-168.866,1.432,1.270,-1.633,0.368,2.220,-13.676,-23.995,23.995,-17.915,0.433
2049,16,81.225,-19.593,-167.882,1.332,1.242,-1.645,0.450,0.608,-11.953,-23.348,23.348,-17.095,0.666
2050,16,81.187,-20.316,-166.818,1.332,1.242,-1.645,0.450,0.608,-11.953,-23.348,23.348,-16.951,0.810
2051,16,72.923,-26.161,-155.732,-12.823,30.102,-27.889,12.843,-82.898,-29.625,100.250,-100.250,64.286,-235.714
2052,16,39.323,-35.348,-116.278,-12.823,30.102,-27.889,12.843,-82.898,-29.625,100.250,-100.250,64.286,-235.714
2053,16,7.493,-25.020,-87.001,-33.425,30.096,-34.904,-6.704,-4.216,-3.397,100.250,-100.250,64.286,-235.714
2054,16,-9.447,-17.689,-67.471,-33.425,30.096,-34.904,-6.704,-4.216,-3.397,100.250,-100.250,64.286,-235.714
2055,16,-27.671,-3.173,-58.508,-34.899,-1.857,-34.881,-16.078,-5.201,-7.154,100.250,-100.250,205.096,-94.903
2056,16,-60.116,13.297,-34.760,-34.899,-1.857,-34.881,-16.078,-5.201,-7.154,100.250,-100.250,197.892,-102.108
2057,16,-62.992,23.213,-8.111,-29.758,-30.692,-34.881,-13.992,-0.981,-8.106,100.250,-100.250,235.714,-64.286
2058,16,-66.430,36.524,17.696,-29.758,-30.692,-34.881,-13.992,-0.981,-8.106,100.250,-100.250,235.714,-64.286
2059,16,-58.906,37.409,36.120,-8.359,-34.906,-33.437,-16.413,5.106,-9.771,100.250,-100.250,235.714,-64.286
2060,16,-25.410,31.162,92.437,-8.359,-34.906,-33.437,-16.413,5.106,-9.771,100.250,-100.250,235.714,-64.286
2061,16,-11.782,26.502,117.473,9.196,-31.708,-34.009,-10.862,16.088,-4.977,40.250,-40.250,235.714,-64.286
2062,16,0.627,9.896,139.438,9.196,-31.708,-34.009,-10.862,16.088,-4.977,40.250,-40.250,235.714,-64.286
2063,16,8.006,4.021,149.091,20.696,-18.098,-34.904,0.952,9.776,-1.038,40.250,-40.250,235.714,-64.286
2064,16,23.063,-20.100,174.072,20.696,-18.098,-34.904,0.952,9.776,-1.038,40.250,-40.250,235.714,-64.286
2065,16,28.520,-26.468,-165.101,23.400,2.222,-34.881,-3.134,4.201,-4.804,40.250,-40.250,146.827,-153.173
2066,16,27.036,-34.392,-142.108,23.400,2.222,-34.881,-3.134,4.201,-4.804,40.250,-40.250,146.827,-153.173
2067,16,26.903,-34.630,-129.152,14.481,21.222,-34.881,-3.216,3.216,-2.790,40.250,-40.250,64.286,-235.714
2068,16,19.461,-26.704,-87.935,14.481,21.222,-34.881,-3.216,3.216,-2.790,40.250,-40.250,64.286,-235.714
2069,16,7.695,-16.320,-62.527,-0.374,28.864,-34.881,-5.379,-1.455,1.732,66.585,-66.585,64.286,-235.714
2070,16,6.798,-8.616,-40.986,-0.374,28.864,-34.881,-5.379,-1.455,1.732,67.782,-67.782,64.286,-235.714
2071,16,0.533,5.068,-30.175,-14.207,24.674,-34.882,-9.656,-3.503,0.388,100.250,-100.250,64.286,-235.714
2072,16,-6.664,27.307,-0.296,-14.207,24.674,-34.882,-9.656,-3.503,0.388,100.250,-100.250,64.286,-235.714
2073,16,-2.890,35.916,23.850,-22.207,13.201,-34.881,-13.174,5.503,-1.747,100.250,-100.250,64.286,-235.714
2074,16,0.211,41.700,49.426,-22.207,13.201,-34.881,-13.174,5.503,-1.747,100.250,-100.250,64.286,-235.714
2075,16,4.671,43.211,63.827,-22.899,0.050,-34.881,-2.105,8.618,0.512,100.250,-100.250,130.476,-169.524
2076,16,13.352,36.967,103.998,-22.899,0.050,-34.881,-2.105,8.618,0.512,100.250,-100.250,134.288,-165.712
2077,16,13.686,27.527,125.209,-17.566,-12.252,-34.881,-0.124,1.053,1.914,100.250,-100.250,235.714,-64.286
2078,16,15.578,17.565,145.275,-17.566,-12.252,-34.881,-0.124,1.053,1.914,100.250,-100.250,235.714,-64.286
2079,16,11.017,8.886,153.137,-7.791,-19.200,-34.882,-3.426,-0.723,-1.067,100.250,-100.250,235.714,-64.286
2080,16,3.702,-17.615,179.465,-7.791,-19.200,-34.882,-3.426,-0.723,-1.067,100.250,-100.250,235.714,-64.286
2081,16,-1.191,-23.004,-159.715,2.577,-18.128,-34.881,-6.891,-0.440,-4.297,58.355,-58.355,235.714,-64.286
2082,16,-10.083,-31.968,-136.898,2.577,-18.128,-34.881,-6.891,-0.440,-4.297,64.866,-64.866,235.714,-64.286
2083,16,-14.133,-32.792,-124.853,9.697,-10.273,-34.882,-10.781,1.378,-5.173,40.250,-40.250,235.714,-64.286
2084,16,-23.204,-28.825,-88.524,9.697,-10.273,-34.882,-10.781,1.378,-5.173,40.250,-40.250,235.714,-64.286
2085,16,-26.638,-20.648,-67.824,11.574,0.650,-34.881,-10.738,4.383,-1.699,40.250,-40.250,169.288,-130.712
2086,16,-24.287,-12.233,-48.996,11.574,0.650,-34.881,-10.738,4.383,-1.699,40.250,-40.250,169.288,-130.712
2087,16,-23.222,-4.436,-41.047,8.505,9.652,-34.881,-7.814,6.934,0.579,40.250,-40.250,64.286,-235.714
2088,16,-10.396,13.865,-14.703,8.505,9.652,-34.881,-7.814,6.934,0.579,40.250,-40.250,64.286,-235.714
2089,16,-4.831,25.453,4.609,2.378,15.048,-34.721,-3.412,6.929,-1.081,60.785,-60.785,64.286,-235.714
2090,16,7.124,29.641,27.434,2.378,15.048,-34.721,-3.412,6.929,-1.081,54.800,-54.800,64.286,-235.714
2091,16,14.590,36.692,41.015,-4.604,16.878,-33.618,-0.947,4.020,-3.876,85.928,-85.928,64.286,-235.714
2092,16,35.792,37.931,82.380,-4.604,16.878,-33.618,-0.947,4.020,-3.876,85.770,-85.770,64.286,-235.714
2093,16,44.050,31.624,107.281,-10.845,14.662,-33.610,-1.201,1.010,-3.656,100.250,-100.250,64.286,-235.714
2094,16,48.276,23.673,129.777,-10.845,14.662,-33.610,-1.201,1.010,-3.656,100.250,-100.250,64.286,-235.714
2095,16,46.820,18.054,138.955,-15.336,8.407,-34.245,-2.756,-0.426,-1.373,100.250,-100.250,64.286,-235.714
2096,16,38.615,1.108,165.892,-15.336,8.407,-34.245,-2.756,-0.426,-1.373,100.250,-100.250,64.286,-235.714
2097,16,28.143,-7.215,-176.300,-16.513,-0.099,-34.427,-4.871,0.010,-1.110,100.250,-100.250,179.987,-120.013
2098,16,20.399,-15.172,-158.015,-16.513,-0.099,-34.427,-4.871,0.010,-1.110,102.500,-102.500,179.987,-120.013
2099,16,8.324,-18.198,-147.488,-13.937,-7.792,-33.853,-6.307,1.144,-2.283,102.500,-102.500,235.714,-64.286
2100,16,-17.338,-25.601,-114.559,-13.937,-7.792,-33.853,-6.307,1.144,-2.283,102.500,-102.500,235.714,-64.286
2101,16,-28.201,-21.658,-93.419,-8.646,-12.366,-33.111,-7.025,2.249,-3.464,102.500,-102.500,235.714,-64.286
2102,16,-38.487,-18.235,-72.051,-8.646,-12.366,-33.111,-7.025,2.249,-3.464,102.500,-102.500,235.714,-64.286
2103,16,-42.698,-12.820,-62.589,-2.344,-13.117,-32.934,-7.183,3.402,-3.311,91.718,-91.718,235.714,-64.286
2104,16,-45.871,0.396,-34.681,-2.344,-13.117,-32.934,-7.183,3.402,-3.311,91.718,-91.718,235.714,-64.286
2105,16,-43.297,9.674,-16.679,3.396,-10.512,-33.517,-6.503,4.163,-1.814,63.020,-63.020,235.714,-64.286
2106,16,-36.287,17.244,2.609,3.396,-10.512,-33.517,-6.503,4.163,-1.814,63.020,-63.020,235.714,-64.286
2107,16,-34.914,21.504,11.628,-6.888,-6.415,-32.453,-100.833,-21.591,-6.369,102.500,-102.500,235.714,-64.286
2108,16,-24.720,30.281,42.055,-6.888,-6.415,-32.453,-100.833,-21.591,-6.369,102.500,-102.500,235.714,-64.286
2109,16,-15.086,34.886,64.515,-2.641,-4.897,-34.619,-19.476,-92.703,-38.080,93.204,-93.204,213.218,-86.782
2110,16,-2.996,34.134,88.484,-2.641,-4.897,-34.619,-19.476,-92.703,-5.412,87.206,-87.206,214.059,-85.940
2111,16,3.373,34.498,100.916,-4.066,-0.840,-34.359,-3.292,-21.887,-5.412,91.139,-91.139,155.593,-144.407
2112,16,19.424,26.126,135.642,-4.066,-0.840,-34.359,-3.292,-21.887,-5.412,85.734,-85.734,160.460,-139.540
2113,16,24.995,20.296,155.801,-3.693,-0.954,-33.758,-4.847,-2.120,-0.569,83.466,-83.466,176.190,-123.810
2114,16,28.079,11.036,173.965,-3.693,-0.954,-33.758,-4.847,-2.120,-3.412,83.466,-83.466,187.438,-112.562
2115,16,28.542,6.541,-177.861,-3.183,-0.745,-31.573,-14.226,-0.081,-3.412,80.915,-80.915,189.209,-110.791
2116,16,25.743,-8.626,-153.844,-3.183,-0.745,-31.573,-14.226,-0.081,-3.412,80.915,-80.915,189.209,-110.791
2117,16,22.008,-13.549,-137.720,-3.043,-0.609,-28.865,-9.575,5.551,0.746,80.217,-80.217,187.276,-112.724
2118,16,16.954,-19.607,-121.316,-3.043,-0.609,-28.865,-9.575,5.551,0.842,80.217,-80.217,187.276,-112.724
2119,16,12.435,-21.221,-112.739,-2.765,-1.145,-27.614,-3.551,8.226,0.842,78.827,-78.827,194.931,-105.069
2120,16,-0.997,-25.672,-86.326,-2.765,-1.145,-27.614,-3.551,8.226,0.842,82.454,-82.454,194.931,-105.069
2121,16,-8.135,-23.757,-68.439,-2.560,-1.091,-28.464,1.383,4.436,-1.158,92.095,-92.095,194.155,-105.845
2122,16,-15.144,-22.172,-50.753,-2.560,-1.091,-28.464,1.383,4.436,-1.536,92.799,-92.799,194.155,-105.845
2123,16,-19.178,-18.192,-41.999,-2.256,-0.577,-29.951,0.321,0.163,-1.536,91.281,-91.281,186.820,-113.180
2124,16,-26.632,-8.427,-17.143,-2.256,-0.577,-29.951,0.321,0.163,-1.536,91.281,-91.281,186.820,-113.180
2125,16,-27.871,-0.099,-1.345,-1.818,0.268,-30.879,-1.278,-0.756,-1.608,89.092,-89.092,174.736,-125.264
2126,16,-27.515,6.172,14.907,-1.818,0.268,-30.879,-1.278,-0.756,-1.450,89.092,-89.092,174.736,-125.264
2127,16,-26.007,12.551,22.413,-1.469,1.350,-31.170,-2.086,-0.613,-1.450,87.345,-87.345,153.053,-146.947
2128,16,-17.626,23.412,48.432,-1.469,1.350,-31.170,-2.086,-0.613,-1.450,87.345,-87.345,143.504,-156.496
2129,16,-10.212,29.216,67.151,-1.306,2.355,-30.881,-3.460,-0.746,-0.880,84.137,-84.137,117.455,-182.545
2130,16,-1.628,30.608,87.398,-1.306,2.355,-30.881,-3.460,-0.746,-0.440,79.844,-79.844,115.485,-184.515
2131,16,5.310,32.562,98.299,-1.399,3.008,-29.933,-4.527,-0.459,-0.440,76.836,-76.836,103.380,-196.620
2132,16,20.967,28.333,129.083,-1.399,3.008,-29.933,-4.527,-0.459,-0.440,71.993,-71.993,105.406,-194.594
2133,16,27.755,24.330,147.369,-1.994,3.257,-28.696,-4.206,0.105,-0.392,74.971,-74.971,110.644,-189.356
2134,16,32.068,17.597,163.953,-1.994,3.257,-28.696,-4.206,0.105,-1.081,74.971,-74.971,118.460,-181.540
2135,16,34.094,14.104,171.756,-2.973,3.247,-27.665,-4.670,0.641,-1.081,79.866,-79.866,122.343,-177.657
2136,16,35.137,1.655,-166.410,-2.973,3.247,-27.665,-4.670,0.641,-1.081,79.866,-79.866,130.543,-169.456
2137,16,32.815,-3.823,-152.182,-3.969,2.949,-26.166,-5.766,3.225,-1.325,84.846,-84.846,136.448,-163.552
2138,16,28.981,-9.857,-137.837,-3.969,2.949,-26.166,-5.766,3.225,-3.240,84.846,-84.846,136.448,-163.552
2139,16,26.818,-12.480,-130.834,-3.086,2.300,-24.941,3.651,12.188,-3.240,80.430,-80.430,145.716,-154.284
2140,16,18.261,-19.304,-107.310,-3.086,2.300,-24.941,3.651,12.188,-3.240,80.430,-80.430,145.716,-154.284
2141,16,17.691,-20.982,-100.963,3.613,-1.090,-13.422,15.049,82.343,-2.201,46.933,-46.933,194.139,-105.860
2142,16,16.612,-23.345,-92.996,3.613,-1.090,-13.422,15.049,82.343,-3.450,46.933,-46.933,194.139,-105.860
2143,16,15.462,-24.418,-88.047,3.359,-0.145,-15.912,6.809,-1.426,-3.450,48.206,-48.206,180.641,-119.359
2144,16,10.064,-28.436,-68.584,3.359,-0.145,-15.912,6.809,-1.426,-3.450,48.206,-48.206,180.641,-119.359
2145,16,7.318,-27.964,-60.905,3.366,1.286,-16.849,-0.244,-2.230,-1.258,48.864,-48.864,160.203,-139.797
2146,16,3.537,-27.896,-49.355,3.366,1.286,-16.849,-0.244,-2.230,-0.914,52.351,-52.351,160.203,-139.797
2147,16,1.626,-27.173,-43.545,3.174,2.789,-16.997,-1.383,-1.469,-0.914,55.129,-55.129,138.731,-161.269
2148,16,-4.473,-24.081,-21.565,3.174,2.789,-16.997,-1.383,-1.469,-0.914,58.236,-58.236,138.731,-161.269
2149,16,-5.962,-20.499,-16.106,2.818,4.130,-16.720,-1.158,-1.072,-0.756,63.074,-63.074,119.571,-180.429
2150,16,-7.761,-16.588,-6.020,2.818,4.130,-16.720,-1.158,-1.072,-1.560,64.021,-64.021,119.571,-180.429
2151,16,-8.498,-14.192,-1.251,2.162,5.365,-16.455,-0.096,-0.182,-1.560,67.573,-67.573,101.933,-198.067
2152,16,-9.862,-6.343,17.174,2.162,5.365,-16.455,-0.096,-0.182,-1.560,67.671,-67.671,101.933,-198.067
2153,16,-9.437,-1.136,21.423,1.260,6.592,-16.343,0.526,0.100,-1.914,71.693,-71.693,84.402,-215.598
2154,16,-8.583,4.423,30.241,1.260,6.592,-16.343,0.526,0.100,-1.129,70.948,-70.948,84.402,-215.598
2155,16,-8.121,7.326,34.559,0.260,7.302,-15.986,-0.770,-0.459,-1.129,75.596,-75.596,74.252,-225.748
2156,16,-5.389,15.853,51.259,0.260,7.302,-15.986,-0.770,-0.459,-1.129,74.607,-74.607,69.856,-230.144
2157,16,-3.090,20.582,56.731,-0.692,7.018,-15.035,-1.871,-0.402,-0.096,77.528,-77.528,64.286,-235.714
2158,16,0.077,25.077,66.073,-0.692,7.018,-15.035,-1.871,-0.402,-1.153,75.924,-75.924,64.286,-235.714
2159,16,1.645,26.987,70.719,-1.513,6.499,-14.288,-0.565,-1.105,-1.153,79.240,-79.240,64.286,-235.714
2160,16,7.466,31.675,87.612,-1.513,6.499,-14.288,-0.565,-1.105,-1.153,77.379,-77.379,64.286,-235.714
2161,16,11.614,34.085,95.778,-2.373,6.054,-13.954,-0.258,-0.909,-1.177,78.545,-78.545,64.286,-235.714
2162,16,16.209,35.614,106.486,-2.373,6.054,-13.954,-0.258,-0.909,-1.010,76.867,-76.867,64.286,-235.714
2163,16,18.315,35.982,111.789,-3.130,5.475,-13.632,-1.067,-0.512,-1.010,80.649,-80.649,64.286,-235.714
2164,16,24.466,35.873,128.696,-3.130,5.475,-13.632,-1.067,-0.512,-1.010,80.649,-80.649,64.286,-235.714
2165,16,28.302,35.308,137.861,-3.633,4.798,-12.787,-2.857,0.627,-0.651,83.163,-83.163,74.783,-225.217
2166,16,31.592,34.062,147.670,-3.633,4.798,-12.787,-2.857,0.627,-0.723,83.163,-83.163,76.516,-223.484
2167,16,32.805,33.209,152.111,-3.971,3.967,-12.004,-1.517,1.330,-0.723,84.857,-84.857,89.475,-210.525
2168,16,35.618,30.101,165.145,-3.971,3.967,-12.004,-1.517,1.330,-0.723,84.857,-84.857,91.796,-208.204
2169,16,37.017,27.854,172.954,-4.250,3.214,-11.661,-0.900,1.991,-0.775,86.252,-86.252,106.534,-193.466
2170,16,37.750,25.345,-179.385,-4.250,3.214,-11.661,-0.900,1.991,-0.584,86.252,-86.252,109.343,-190.657
2171,16,37.824,23.899,-175.769,-4.517,2.450,-11.677,0.761,1.694,-0.584,87.584,-87.584,121.878,-178.122
2172,16,37.322,19.058,-165.373,-4.517,2.450,-11.677,0.761,1.694,-0.584,87.584,-87.584,125.142,-174.858
2173,16,36.484,16.275,-158.341,-4.799,1.600,-12.096,0.914,0.751,-0.804,88.995,-88.995,142.854,-157.146
2174,16,35.147,13.082,-151.570,-4.799,1.600,-12.096,0.914,0.751,-0.656,88.995,-88.995,146.807,-153.193
2175,16,34.260,11.269,-148.267,-5.021,0.641,-12.440,0.703,-0.033,-0.656,90.103,-90.103,162.826,-137.174
2176,16,31.462,6.087,-137.691,-5.021,0.641,-12.440,0.703,-0.033,-0.656,90.103,-90.103,167.480,-132.520
2177,16,35.899,2.738,-133.055,7.348,-0.405,-11.890,111.241,28.036,1.373,42.500,-42.500,184.354,-115.646
2178,16,39.900,-2.197,-127.514,7.348,-0.405,-11.890,111.241,28.036,-3.608,42.500,-42.500,184.354,-115.646
2179,16,40.578,-4.695,-124.507,3.445,0.506,-12.599,0.938,6.680,-3.608,47.775,-47.775,171.343,-128.657
2180,16,42.302,-13.401,-114.246,3.445,0.506,-12.599,0.938,6.680,-3.608,47.775,-47.775,171.343,-128.657
2181,16,44.767,-17.812,-110.200,8.158,-0.698,-12.045,2.421,21.959,-12.121,42.500,-42.500,188.539,-111.461
2182,16,47.263,-23.491,-104.961,8.158,-0.698,-12.045,2.421,21.959,-6.776,42.500,-42.500,188.539,-111.461
2183,16,48.449,-26.143,-103.362,7.053,-2.537,-9.232,0.593,30.773,-6.776,42.500,-42.500,214.821,-85.179
2184,16,51.902,-35.854,-97.044,7.053,-2.537,-9.232,0.593,30.773,-6.776,42.500,-42.500,214.821,-85.179
2185,16,52.769,-39.122,-94.478,6.761,-0.980,-9.277,-0.713,4.723,-1.325,42.500,-42.500,192.572,-107.428
2186,16,53.485,-44.070,-90.134,6.761,-0.980,-9.277,-0.713,4.723,-1.517,42.500,-42.500,192.572,-107.428
2187,16,53.344,-46.393,-87.459,6.604,0.065,-9.416,-0.273,0.560,-1.517,42.500,-42.500,177.643,-122.357
2188,16,51.170,-55.204,-75.655,6.604,0.065,-9.416,-0.273,0.560,-1.517,42.500,-42.500,177.643,-122.357
2189,16,48.455,-57.144,-70.243,6.456,1.458,-9.516,-0.282,0.321,-0.737,42.500,-42.500,157.738,-142.262
2190,16,43.651,-60.656,-60.594,6.456,1.458,-9.516,-0.282,0.321,-0.349,42.500,-42.500,157.738,-142.262
2191,16,40.137,-61.914,-54.729,6.101,2.712,-9.372,-0.392,0.263,-0.349,42.500,-42.500,139.826,-160.174
2192,16,23.587,-65.531,-28.988,6.101,2.712,-9.372,-0.392,0.263,-0.349,42.500,-42.500,139.826,-160.174
2193,16,17.418,-64.246,-20.617,5.608,3.717,-9.119,-0.268,0.254,-0.201,42.500,-42.500,125.476,-174.524
2194,16,8.174,-63.000,-6.966,5.608,3.717,-9.119,-0.268,0.254,-5.934,42.500,-42.500,125.476,-174.524
2195,16,3.416,-61.854,-0.795,2.847,4.211,-8.882,-4.106,-0.177,-5.934,50.763,-50.763,118.414,-181.586
2196,16,-13.551,-56.430,20.229,2.847,4.211,-8.882,-4.106,-0.177,-5.934,65.763,-65.763,118.414,-181.586
2197,16,-17.714,-53.513,24.196,-3.738,3.287,-9.937,-26.912,0.608,3.957,98.690,-98.690,131.608,-168.391
2198,16,-25.312,-49.094,31.467,-3.738,3.287,-9.937,-26.912,0.608,1.421,98.690,-98.690,131.608,-168.391
2199,16,-28.494,-47.035,34.705,-3.334,2.118,-10.002,-20.012,0.167,1.421,96.671,-96.671,148.318,-151.682
2200,16,-38.657,-38.880,45.196,-3.334,2.118,-10.002,-20.012,0.167,1.421,96.671,-96.671,148.318,-151.682
2201,16,-40.565,-36.138,47.231,-3.804,2.118,-9.836,-2.206,-0.967,1.421,99.020,-99.020,148.318,-151.682
2202,16,-44.502,-31.747,51.342,-3.804,1.120,-9.836,-2.206,-0.967,-1.043,99.020,-99.020,162.577,-137.423
2203,16,-46.268,-29.453,53.219,-3.804,1.120,-9.836,-0.316,-0.507,-0.928,99.020,-99.020,162.577,-137.423
2204,16,-53.022,-20.536,60.106,-4.433,0.512,-9.972,-0.316,-0.507,-0.928,102.163,-102.163,171.252,-128.748
2205,16,-54.714,-17.439,62.090,-4.261,0.512,-9.859,-0.790,-2.015,-0.928,101.305,-101.305,171.252,-128.748
2206,16,-57.386,-12.391,65.196,-4.261,0.202,-9.859,-0.790,-2.015,-3.201,101.305,-101.305,175.680,-124.320
2207,16,-58.608,-9.822,66.660,-4.261,0.202,-9.859,-1.565,-4.345,-4.278,101.305,-101.305,174.946,-125.054
2208,16,-62.342,-0.604,70.637,-4.192,0.962,-9.441,-1.565,-4.345,-4.278,100.959,-100.959,159.330,-140.670
2209,16,-63.577,3.062,71.380,-4.470,0.962,-8.539,-5.469,-39.927,-4.278,102.349,-102.349,152.872,-147.128
2210,16,-65.588,8.051,71.930,-4.470,3.291,-8.539,-5.469,-39.927,-20.122,102.349,-102.349,115.687,-184.313
2211,16,-66.606,10.527,72.160,-4.470,3.291,-8.539,0.402,-17.045,-5.034,102.349,-102.349,113.857,-186.143
2212,16,-72.611,19.728,70.602,-5.878,4.960,-8.972,0.402,-17.045,-5.034,102.500,-102.500,86.015,-213.985
2213,16,-74.659,24.133,70.396,-6.294,4.960,-9.014,0.010,-0.952,-5.034,102.500,-102.500,81.359,-218.641
2214,16,-78.397,29.377,69.234,-6.294,4.512,-9.014,0.010,-0.952,-1.971,102.500,-102.500,85.715,-214.285
2215,16,-80.397,31.956,68.478,-6.294,4.512,-9.014,0.100,-0.775,-1.311,102.500,-102.500,85.070,-214.930
2216,16,-88.538,39.825,64.729,-6.652,4.011,-9.150,0.100,-0.775,-1.311,102.500,-102.500,91.786,-208.214
2217,16,-92.283,44.323,63.363,-6.830,4.011,-9.309,0.153,-0.727,-1.311,102.500,-102.500,93.510,-206.490
2218,16,-98.224,48.922,60.141,-6.830,3.427,-9.309,0.153,-0.727,-1.115,102.500,-102.500,104.842,-195.158
2219,16,-101.608,51.095,58.086,-6.830,3.427,-9.309,25.553,-3.608,-7.651,102.500,-102.500,106.976,-193.024
2220,16,-108.156,57.340,51.345,-1.548,2.788,-8.961,25.553,-3.608,-7.651,87.739,-87.739,119.488,-180.512
2221,16,-110.455,60.551,46.449,6.938,2.788,-6.383,17.212,5.082,-7.651,25.098,-25.098,84.369,-134.785
2222,16,-111.380,62.992,40.739,6.938,3.491,-6.383,17.212,5.082,-0.196,25.098,-25.098,76.063,-143.090
2223,16,-112.107,64.199,37.663,6.938,3.491,-6.383,10.312,26.041,-12.662,25.098,-25.098,77.153,-142.000
2224,16,-113.037,67.984,32.160,4.620,1.742,-5.456,10.312,26.041,-12.662,25.103,-25.103,80.782,-92.032
2225,16,-111.880,70.085,31.102,3.522,1.742,-2.659,1.392,26.007,-12.662,-4.373,4.373,11.426,-21.519
2226,16,-105.658,72.122,35.713,3.522,-2.989,-2.659,1.392,26.007,-7.427,-4.373,4.373,74.074,41.129
2227,16,-102.166,73.084,38.419,3.522,-2.989,-2.659,-3.737,4.910,-9.934,-4.373,4.373,70.998,38.053
2228,16,-90.326,75.604,47.094,4.162,-1.492,-2.301,-3.737,4.910,-9.934,-12.048,12.048,35.574,20.525
2229,16,-87.610,76.605,47.347,5.947,-1.492,-2.131,-6.422,-3.397,-9.934,-23.105,23.105,22.103,15.577
2230,16,-81.329,77.855,50.523,5.947,-0.399,-2.131,-6.422,-3.397,-17.040,-23.105,23.105,-0.199,-6.725
2231,16,-77.755,78.466,52.548,5.947,-0.399,-2.131,-3.661,-2.713,-8.532,-23.105,23.105,-4.080,-10.607
2232,16,-65.137,79.930,59.465,6.683,0.276,-1.651,-3.661,-2.713,-8.532,-32.778,32.778,-32.459,-15.017
2233,16,-61.308,80.736,60.328,5.946,0.276,-1.056,-3.321,-1.732,-8.532,-36.536,36.536,-56.121,-8.905
2234,16,-54.283,81.314,64.223,5.946,0.280,-1.056,-3.321,-1.732,-8.546,-36.536,36.536,-56.182,-8.966
2235,16,-50.445,81.579,66.496,5.946,0.280,-1.056,-5.766,0.086,-10.709,-36.536,36.536,-56.182,-8.966
2236,16,-42.273,81.561,74.325,0.848,-0.078,-0.279,-5.766,0.086,-10.709,-20.751,20.751,-70.483,15.562
2237,16,-41.130,81.592,76.325,-2.746,-0.078,-0.021,-4.886,1.436,-10.709,-6.002,6.002,-76.928,22.007
2238,16,-39.306,81.475,80.017,-2.746,-0.226,-0.021,-4.886,1.436,-4.895,-6.002,6.002,-74.813,24.122
2239,16,-38.420,81.421,81.839,-2.746,-0.226,-0.021,-6.225,1.885,-9.063,-6.002,6.002,-74.813,24.122
2240,16,-36.680,81.428,86.861,-3.033,0.047,0.043,-6.225,1.885,-9.063,-5.369,5.369,-80.306,21.824
2241,16,-36.925,81.470,88.345,-2.747,0.047,0.285,-2.560,0.794,-9.063,-9.832,9.832,-86.378,27.896
2242,16,-36.997,81.479,90.142,-2.747,0.187,0.285,-2.560,0.794,-12.384,-9.832,9.832,-88.387,25.887
2243,16,-37.008,81.481,91.062,-2.747,0.187,0.285,-0.254,1.048,-9.034,-9.832,9.832,-88.387,25.887
2244,16,-36.489,81.288,94.513,-2.722,0.017,0.388,-0.254,1.048,-9.034,-11.238,11.238,-88.509,30.879
2245,16,-36.931,81.190,95.722,-2.581,0.017,0.360,-0.435,1.278,-9.034,-11.595,11.595,-87.816,30.187
2246,16,-36.904,81.086,97.511,-2.581,0.076,0.360,-0.435,1.278,-10.140,-11.595,11.595,-88.653,29.350
2247,16,-36.893,81.030,98.403,-2.581,0.076,0.360,0.479,0.924,-10.097,-11.595,11.595,-88.653,29.350
2248,16,-36.063,80.850,101.641,-2.200,0.108,0.321,0.479,0.924,-10.097,-13.009,13.009,-88.125,27.908
2249,16,-36.078,80.766,102.939,-1.764,0.108,0.275,0.919,1.168,-10.097,-14.615,14.615,-86.979,26.762
2250,16,-35.459,80.636,104.847,-1.764,0.072,0.275,0.919,1.168,-9.345,-14.615,14.615,-86.477,27.265
2251,16,-35.161,80.564,105.785,-1.764,0.072,0.275,1.297,1.163,-9.666,-14.615,14.615,-86.477,27.265
2252,16,-33.056,80.254,109.476,-1.311,0.048,0.222,1.297,1.163,-9.666,-16.213,16.213,-84.796,26.283
2253,16,-32.581,80.166,110.788,-0.854,0.048,0.142,1.445,1.120,-9.666,-17.499,17.499,-82.798,24.286
2254,16,-31.259,79.993,112.871,-0.854,0.034,0.142,1.445,1.120,-9.589,-17.499,17.499,-82.600,24.484
2255,16,-30.641,79.899,113.864,-0.854,0.034,0.142,1.627,1.182,-9.604,-17.499,17.499,-82.600,24.484
2256,16,-27.485,79.483,117.790,-0.405,0.016,0.070,1.627,1.182,-9.604,-18.855,18.855,-80.557,22.958
2257,16,-26.459,79.398,119.165,0.040,0.016,0.000,1.651,1.144,-9.604,-20.202,20.202,-78.800,21.200
2258,16,-24.605,79.171,121.262,0.040,-0.003,0.000,1.651,1.144,-9.537,-20.202,20.202,-78.526,21.474
2259,16,-23.709,79.054,122.279,0.040,-0.003,0.000,1.388,1.144,-9.680,-20.202,20.202,-78.526,21.474
2260,16,-20.002,78.498,126.055,0.375,-0.017,-0.054,1.388,1.144,-9.680,-21.196,21.196,-76.970,20.314
2261,16,-18.694,78.403,127.349,0.595,-0.017,-0.080,1.163,1.158,-9.680,-21.794,21.794,-75.960,19.305
2262,16,-16.728,78.115,129.236,0.595,-0.031,-0.080,1.163,1.158,-9.652,-19.222,19.222,-70.620,14.360
2263,16,-15.784,77.966,130.138,0.595,-0.031,-0.080,0.818,1.153,-9.814,-17.967,17.967,-68.110,11.849
2264,16,-12.435,77.308,133.278,0.687,-0.029,-0.095,0.818,1.153,-9.814,-15.679,15.679,-62.648,6.327
2265,16,-11.191,77.188,134.393,0.705,-0.029,-0.096,0.665,1.153,-9.814,-12.118,12.118,-55.345,-0.976
2266,16,-9.499,76.858,135.943,0.705,-0.036,-0.096,0.665,1.153,-9.790,-10.437,10.437,-50.625,-5.483
2267,16,-8.696,76.691,136.673,0.705,-0.036,-0.096,0.392,1.101,-9.857,-9.932,9.932,-48.437,-7.672
2268,16,-6.060,75.977,139.112,0.665,-0.027,-0.087,0.392,1.101,-9.857,-8.885,8.885,-44.639,-11.743
2269,16,-5.048,75.836,140.033,0.597,-0.027,-0.072,0.301,1.144,-9.857,-7.435,7.435,-39.320,-17.062
2270,16,-3.762,75.486,141.232,0.597,-0.028,-0.072,0.301,1.144,-9.838,-6.671,6.671,-35.910,-20.442
2271,16,-3.143,75.309,141.807,0.597,-0.028,-0.072,0.057,1.139,-9.939,-6.310,6.310,-34.296,-22.056
2272,16,-1.286,74.594,143.681,0.421,-0.009,-0.059,0.057,1.139,-9.939,-4.989,4.989,-32.138,-24.762
2273,16,-0.625,74.441,144.419,0.222,-0.009,-0.021,0.014,1.129,-9.939,-3.670,3.670,-29.449,-27.451
2274,16,0.165,74.089,145.333,0.222,-0.015,-0.021,0.014,1.129,-9.915,-3.257,3.257,-27.427,-29.290
2275,16,0.645,73.816,145.849,0.222,-0.015,-0.021,-0.062,1.182,-9.877,-3.015,3.015,-26.278,-30.439
2276,16,1.623,73.214,147.203,0.034,-0.002,-0.003,-0.062,1.182,-9.877,-2.059,2.059,-25.735,-31.347
2277,16,1.951,73.052,147.795,-0.100,0.003,0.018,0.129,1.062,-9.877,-1.283,1.283,-24.516,-32.719
2278,16,2.382,72.710,148.532,-0.100,0.003,0.018,0.129,1.062,-9.872,-1.099,1.099,-23.577,-33.658
2279,16,2.654,72.450,148.931,-0.100,0.003,0.018,0.139,1.230,-9.786,-0.991,0.991,-23.007,-34.228
2280,16,3.207,71.859,150.037,-0.179,0.006,0.029,0.139,1.230,-9.786,-0.630,0.630,-22.777,-34.548
2281,16,3.386,71.695,150.551,-0.162,0.011,0.018,0.340,1.144,-9.786,-0.417,0.417,-21.647,-35.800
2282,16,3.698,71.358,151.200,-0.162,0.011,0.018,0.340,1.144,-9.833,-0.315,0.315,-21.052,-36.395
2283,16,3.910,71.095,151.555,-0.162,0.011,0.018,0.412,1.120,-9.819,-0.253,0.253,-20.667,-36.781
2284,16,4.424,70.509,152.552,-0.108,0.005,0.013,0.412,1.120,-9.819,-0.380,0.380,-19.988,-37.307
2285,16,4.641,70.339,153.043,-0.020,0.003,0.004,0.435,1.120,-9.819,-0.578,0.578,-18.896,-38.338
2286,16,4.968,69.999,153.619,-0.020,0.003,0.004,0.435,1.120,-9.795,-0.494,0.494,-18.334,-38.900
2287,16,5.192,69.724,153.944,-0.020,0.003,0.004,0.388,1.110,-9.829,-0.446,0.446,-17.972,-39.262
2288,16,5.745,69.137,154.841,0.044,-0.001,-0.004,0.388,1.110,-9.829,-0.581,0.581,-17.183,-39.930
2289,16,5.997,68.967,155.303,0.064,-0.002,-0.007,0.292,1.110,-9.829,-0.536,0.536,-16.278,-40.804
2290,16,6.330,68.624,155.837,0.064,-0.002,-0.007,0.292,1.129,-9.829,-0.474,0.474,-15.770,-41.312
2291,16,6.532,68.350,156.116,0.064,-0.002,-0.007,0.258,1.115,-9.833,-0.451,0.451,-15.498,-41.584
2292,16,6.988,67.771,156.915,0.040,-0.000,-0.002,0.258,1.115,-9.833,-0.358,0.358,-15.288,-41.855
2293,16,7.178,67.604,157.329,0.003,-0.000,0.000,0.254,1.115,-9.833,-0.161,0.161,-14.829,-42.314
2294,16,7.422,67.264,157.808,0.003,-0.000,0.000,0.254,1.115,-9.838,-0.148,0.148,-14.539,-42.604
2295,16,7.569,66.994,158.050,0.003,-0.000,0.000,0.273,1.129,-9.819,-0.155,0.155,-14.402,-42.740
2296,16,7.885,66.426,158.759,-0.025,0.002,0.003,0.273,1.129,-9.819,-0.053,0.053,-14.333,-42.871
2297,16,8.024,66.257,159.147,-0.026,0.001,0.003,0.311,1.129,-9.819,-0.063,0.063,-14.053,-43.120
2298,16,8.198,65.922,159.566,-0.026,0.001,0.003,0.311,1.129,-9.814,-0.083,0.083,-13.921,-43.252
2299,16,8.323,65.654,159.793,-0.026,0.001,0.003,0.345,1.134,-9.819,-0.105,0.105,-13.846,-43.327
2300,16,8.590,65.095,160.432,-0.005,0.000,0.000,0.345,1.134,-9.819,-0.176,0.176,-13.622,-43.521
2301,16,8.728,64.927,160.798,0.016,0.000,-0.002,0.325,1.134,-9.819,-0.295,0.295,-13.396,-43.747
2302,16,8.899,64.595,161.191,0.016,0.000,-0.002,0.325,1.134,-9.814,-0.325,0.325,-13.292,-43.851
2303,16,9.011,64.325,161.390,0.016,0.000,-0.002,0.287,1.129,-9.819,-0.358,0.358,-13.258,-43.884
2304,16,9.251,63.775,161.979,0.019,0.000,-0.002,0.287,1.129,-9.819,-0.393,0.393,-13.166,-43.977
2305,16,9.367,63.609,162.317,0.004,0.000,0.000,0.282,1.134,-9.819,-0.406,0.406,-13.137,-44.006
2306,16,9.506,63.287,162.684,0.004,0.000,0.000,0.282,1.134,-9.848,-0.449,0.449,-13.100,-44.043
2307,16,9.593,63.021,162.860,0.004,0.000,0.000,0.287,1.134,-9.838,-0.493,0.493,-13.118,-44.025
2308,16,9.766,62.485,163.400,-0.011,0.001,0.001,0.287,1.134,-9.838,-0.463,0.463,-13.139,-44.034
2309,16,9.854,62.318,163.723,-0.012,0.001,0.001,0.311,1.134,-9.838,-0.538,0.538,-13.166,-44.007
2310,16,9.954,61.997,164.054,-0.012,0.001,0.001,0.311,1.134,-9.819,-0.595,0.595,-13.203,-43.970
2311,16,10.023,61.735,164.219,-0.012,0.001,0.001,0.330,1.139,-9.819,-0.645,0.645,-13.255,-43.918
2312,16,10.286,61.206,164.909,0.002,0.000,0.000,0.330,1.139,-9.819,-0.738,0.738,-13.217,-43.926
2313,16,10.248,61.044,165.012,0.014,0.000,-0.002,0.311,1.134,-9.819,-0.860,0.860,-13.237,-43.906
2314,16,10.340,60.729,165.314,0.014,0.000,-0.002,0.311,1.134,-9.829,-0.922,0.922,-13.293,-43.850
2315,16,10.401,60.467,165.462,0.014,0.000,-0.002,0.292,1.134,-9.833,-0.976,0.976,-13.362,-43.781
2316,16,10.513,59.951,165.910,0.006,0.000,-0.001,0.292,1.134,-9.833,-0.993,0.993,-13.419,-43.724
2317,16,10.578,59.789,166.195,-0.002,0.000,0.000,0.292,1.129,-9.833,-1.062,1.062,-13.573,-43.570
2318,16,10.642,59.481,166.473,-0.002,0.000,0.000,0.292,1.129,-9.833,-1.129,1.129,-13.671,-43.472
2319,16,10.687,59.223,166.609,-0.002,0.000,0.000,0.311,1.134,-9.829,-1.187,1.187,-13.765,-43.378
2320,16,10.870,58.714,167.214,-0.006,0.001,0.000,0.311,1.134,-9.829,-1.211,1.211,-13.846,-43.327
2321,16,10.816,58.558,167.304,-0.002,0.000,0.000,0.311,1.134,-9.829,-1.336,1.336,-13.993,-43.150
2322,16,10.875,58.253,167.579,-0.002,0.000,0.000,0.311,1.134,-9.824,-1.405,1.405,-14.098,-43.045
2323,16,10.908,57.999,167.701,-0.002,0.000,0.000,0.316,1.134,-9.833,-1.464,1.464,-14.208,-42.934
2324,16,11.073,57.499,168.273,0.004,0.000,0.000,0.316,1.134,-9.833,-1.541,1.541,-14.274,-42.868
2325,16,11.018,57.349,168.357,0.007,0.001,-0.001,0.301,1.129,-9.833,-1.649,1.649,-14.446,-42.727
2326,16,11.071,57.051,168.615,0.007,0.001,-0.001,0.301,1.129,-9.824,-1.719,1.719,-14.560,-42.614
2327,16,11.098,56.801,168.729,0.007,0.001,-0.001,0.297,1.134,-9.819,-1.779,1.779,-14.675,-42.498
2328,16,11.234,56.311,169.270,0.000,0.000,0.000,0.297,1.134,-9.819,-1.802,1.802,-14.769,-42.374
2329,16,11.175,56.162,169.352,-0.003,0.001,0.000,0.301,1.134,-9.819,-1.892,1.892,-14.990,-42.183
2330,16,11.206,55.869,169.594,-0.003,0.001,0.000,0.301,1.134,-9.819,-1.963,1.963,-15.128,-42.046
2331,16,11.227,55.624,169.702,-0.003,0.001,0.000,0.301,1.129,-9.824,-2.023,2.023,-15.249,-41.924
2332,16,11.340,55.147,170.220,-0.005,0.001,0.000,0.301,1.129,-9.824,-2.059,2.059,-15.344,-41.829
2333,16,11.279,55.000,170.300,-0.004,0.000,0.000,0.316,1.129,-9.824,-2.170,2.170,-15.543,-41.600
2334,16,11.299,54.713,170.529,-0.004,0.000,0.000,0.316,1.129,-9.824,-2.240,2.240,-15.690,-41.452
2335,16,11.309,54.468,170.629,-0.004,0.000,0.000,0.321,1.139,-9.829,-2.300,2.300,-15.823,-41.320
2336,16,11.408,54.002,171.113,0.004,0.000,-0.001,0.321,1.139,-9.829,-2.375,2.375,-15.887,-41.255
2337,16,11.353,53.859,171.191,0.009,0.000,-0.001,0.301,1.134,-9.829,-2.501,2.501,-16.105,-41.037
2338,16,11.372,53.576,171.405,0.009,0.000,-0.001,0.301,1.134,-9.824,-2.570,2.570,-16.250,-40.893
2339,16,11.380,53.335,171.499,0.009,0.000,-0.001,0.287,1.134,-9.833,-2.629,2.629,-16.381,-40.762
2340,16,11.462,52.879,171.964,0.001,0.000,-0.001,0.287,1.134,-9.833,-2.636,2.636,-16.474,-40.669
2341,16,11.397,52.739,172.033,-0.002,0.000,0.000,0.306,1.134,-9.833,-2.736,2.736,-16.736,-40.407
2342,16,11.402,52.462,172.234,-0.002,0.000,0.000,0.306,1.134,-9.819,-2.804,2.804,-16.890,-40.253
2343,16,11.406,52.228,172.324,-0.002,0.000,0.000,0.316,1.134,-9.829,-2.861,2.861,-17.021,-40.122
2344,16,11.466,51.780,172.757,0.002,0.000,0.000,0.316,1.134,-9.829,-2.926,2.926,-17.122,-40.021
2345,16,11.407,51.643,172.825,0.005,0.000,0.000,0.306,1.139,-9.829,-3.041,3.041,-17.353,-39.790
2346,16,11.404,51.372,173.016,0.005,0.000,0.000,0.306,1.139,-9.829,-3.107,3.107,-17.511,-39.632
2347,16,11.406,51.142,173.102,0.005,0.000,0.000,0.297,1.139,-9.819,-3.163,3.163,-17.638,-39.505
2348,16,11.458,50.704,173.522,0.000,0.000,0.000,0.297,1.139,-9.819,-3.177,3.177,-17.738,-39.405
2349,16,11.387,50.571,173.584,-0.010,0.000,0.000,0.297,1.134,-9.819,-3.225,3.225,-17.977,-39.166
2350,16,11.377,50.305,173.774,-0.010,0.000,0.000,0.297,1.134,-9.833,-3.288,3.288,-17.976,-38.849
2351,16,11.371,50.079,173.856,-0.010,0.000,0.000,0.321,1.129,-9.824,-3.342,3.342,-17.792,-38.403
2352,16,11.404,49.652,174.263,-0.010,0.001,0.000,0.321,1.129,-9.824,-3.381,3.381,-17.683,-38.082
2353,16,11.335,49.521,174.322,0.005,0.000,0.000,0.330,1.134,-9.824,-3.547,3.547,-17.357,-37.287
2354,16,11.330,49.262,174.506,0.005,0.000,0.000,0.330,1.134,-9.829,-3.609,3.609,-17.142,-36.779
2355,16,11.324,49.037,174.582,0.005,0.000,0.000,0.311,1.134,-9.829,-3.662,3.662,-16.957,-36.338
2356,16,11.309,48.628,174.847,0.016,0.000,0.000,0.311,1.134,-9.829,-3.752,3.752,-16.827,-36.024
2357,16,11.308,48.495,175.032,0.009,0.000,0.000,0.287,1.139,-9.829,-3.805,3.805,-16.509,-35.273
2358,16,11.295,48.240,175.203,0.009,0.000,0.000,0.287,1.139,-9.824,-3.864,3.864,-16.302,-34.768
2359,16,11.289,48.018,175.275,0.009,0.000,0.000,0.292,1.125,-9.829,-3.916,3.916,-16.118,-34.334
2360,16,11.309,47.614,175.652,0.000,0.000,0.000,0.292,1.125,-9.829,-3.908,3.908,-15.998,-34.022
2361,16,11.241,47.489,175.708,-0.003,0.000,0.000,0.297,1.139,-9.829,-3.976,3.976,-15.703,-33.277
2362,16,11.219,47.242,175.874,-0.003,0.000,0.000,0.297,1.139,-9.829,-4.031,4.031,-15.507,-32.784
2363,16,11.211,47.024,175.946,-0.003,0.000,0.000,0.311,1.139,-9.819,-4.081,4.081,-15.326,-32.360
2364,16,11.211,46.625,176.296,-0.005,0.000,0.000,0.311,1.139,-9.819,-4.102,4.102,-15.216,-32.046
2365,16,11.143,46.506,176.352,-0.005,0.000,0.000,0.297,1.129,-9.819,-4.181,4.181,-14.929,-31.317
2366,16,11.119,46.265,176.509,-0.004,0.002,0.000,0.297,1.129,-9.814,-4.238,4.238,-14.767,-30.869
2367,16,11.102,46.051,176.573,-0.004,0.002,0.000,0.297,1.129,-9.814,-4.285,4.285,-14.593,-30.447
2368,16,11.100,45.665,176.909,-0.000,0.000,0.000,0.311,1.129,-9.814,-4.315,4.315,-14.484,-30.151
2369,16,11.038,45.546,176.964,-0.000,0.000,0.000,0.306,1.134,-9.814,-4.412,4.412,-14.166,-29.410
2370,16,11.009,45.310,177.115,-0.000,0.001,0.000,0.306,1.134,-9.829,-4.461,4.461,-13.993,-28.957
2371,16,10.995,45.102,177.180,-0.000,0.001,0.000,0.306,1.134,-9.829,-4.506,4.506,-13.818,-28.550
2372,16,10.986,44.723,177.508,-0.004,0.000,0.000,0.292,1.115,-9.824,-4.534,4.534,-13.711,-28.258
2373,16,10.919,44.609,177.562,-0.004,0.000,0.000,0.306,1.153,-9.824,-4.583,4.583,-13.417,-27.550
2374,16,10.891,44.376,177.708,-0.001,0.000,0.000,0.306,1.153,-9.814,-4.646,4.646,-13.228,-27.091
2375,16,10.874,44.171,177.769,-0.001,0.000,0.000,0.306,1.153,-9.814,-4.689,4.689,-13.056,-26.691
2376,16,10.870,43.803,178.090,0.010,0.000,0.000,0.301,1.144,-9.833,-4.715,4.715,-12.948,-26.412
2377,16,10.809,43.690,178.143,0.010,0.000,0.000,0.287,1.125,-9.833,-4.837,4.837,-12.664,-25.742
2378,16,10.787,43.463,178.287,0.006,0.000,0.000,0.287,1.125,-9.853,-4.867,4.867,-12.474,-25.300
2379,16,10.765,43.261,178.343,0.006,0.000,0.000,0.287,1.125,-9.853,-4.908,4.908,-12.304,-24.907
2380,16,10.756,42.902,178.656,-0.001,0.000,0.000,0.292,1.134,-9.838,-4.932,4.932,-12.196,-24.637
2381,16,10.690,42.790,178.707,-0.001,0.000,0.000,0.297,1.144,-9.838,-4.958,4.958,-11.920,-23.976
2382,16,10.656,42.570,178.848,-0.004,0.000,0.000,0.297,1.144,-9.819,-4.983,4.983,-11.740,-23.545
2383,16,10.636,42.370,178.908,-0.004,0.000,0.000,0.297,1.144,-9.819,-5.023,5.023,-11.568,-23.159
2384,16,10.614,42.021,179.208,-0.004,0.000,0.000,0.297,1.139,-9.829,-5.043,5.043,-11.468,-22.897
2385,16,10.553,41.912,179.262,-0.004,0.000,0.000,0.301,1.134,-9.829,-5.103,5.103,-11.194,-22.257
2386,16,10.518,41.696,179.394,-0.000,0.000,0.000,0.301,1.134,-9.829,-5.163,5.163,-11.013,-21.834
2387,16,10.497,41.503,179.454,-0.000,0.000,0.000,0.301,1.134,-9.829,-5.199,5.199,-10.846,-21.461
1296,16,-1.746,39.532,-2.913,0.001,0.000,0.000,0.282,6.307,-7.618,-4.226,4.226,-14.343,-12.877
1297,16,-1.746,39.532,-2.913,0.001,0.000,0.000,0.282,6.307,-7.618,-4.237,4.237,-14.343,-12.877
1298,16,-1.746,39.532,-2.913,0.002,0.000,0.000,0.258,6.307,-7.632,-4.242,4.242,-14.343,-12.877
1299,16,-1.746,39.532,-2.913,0.002,0.000,0.000,0.258,6.307,-7.632,-4.242,4.242,-14.343,-12.877
1300,16,-1.743,39.532,-2.916,0.003,0.000,0.000,0.249,6.283,-7.618,-4.241,4.241,-14.343,-12.877
1301,16,-1.743,39.532,-2.916,0.003,0.000,0.000,0.249,6.283,-7.618,-4.248,4.248,-14.342,-12.879
1302,16,-1.743,39.532,-2.916,0.003,-0.001,0.000,0.220,6.273,-7.623,-4.248,4.248,-14.327,-12.863
1303,16,-1.743,39.532,-2.916,0.003,-0.001,0.000,0.220,6.273,-7.623,-4.248,4.248,-14.327,-12.863
1304,16,-1.740,39.532,-2.919,0.002,-0.000,0.000,0.177,6.264,-7.613,-4.249,4.249,-14.325,-12.865
1305,16,-1.740,39.528,-2.919,0.002,-0.000,0.000,0.177,6.264,-7.613,-4.243,4.243,-14.336,-12.875
1306,16,-1.736,39.532,-2.917,0.006,0.001,0.000,0.244,6.292,-7.618,-4.266,4.266,-14.354,-12.897
1307,16,-1.732,39.532,-2.916,0.006,0.001,0.000,0.244,6.292,-7.618,-4.267,4.267,-14.353,-12.899
1308,16,-1.735,39.532,-2.913,-0.009,-0.001,-0.007,0.234,6.307,-7.632,-4.267,4.267,-14.353,-12.899
1309,16,-1.736,39.529,-2.906,-0.009,-0.001,-0.007,0.234,6.307,-7.632,-4.098,4.098,-14.132,-13.049
1310,16,-1.734,39.529,-2.902,-0.013,0.001,-0.007,0.124,6.326,-7.599,-4.077,4.077,-14.162,-13.080
1311,16,-1.740,39.532,-2.896,-0.013,0.001,-0.007,0.124,6.326,-7.599,-4.076,4.076,-14.170,-13.082
1312,16,-1.742,39.536,-2.901,0.007,0.004,0.009,0.301,6.307,-7.608,-4.076,4.076,-14.170,-13.082
1313,16,-1.740,39.536,-2.908,0.007,0.004,0.009,0.301,6.307,-7.608,-4.377,4.377,-14.621,-12.734
1314,16,-1.738,39.536,-2.910,0.016,0.002,0.015,0.349,6.269,-7.661,-4.500,4.500,-14.750,-12.545
1315,16,-1.740,39.539,-2.926,0.016,0.002,0.015,0.349,6.269,-7.661,-4.500,4.500,-14.755,-12.548
1316,16,-1.736,39.536,-2.936,0.011,-0.004,0.006,0.258,6.312,-7.661,-4.500,4.500,-14.755,-12.549
1317,16,-1.734,39.536,-2.943,0.011,-0.004,0.006,0.258,6.312,-7.661,-4.368,4.368,-14.444,-12.667
1318,16,-1.733,39.531,-2.938,0.000,-0.010,-0.007,0.268,6.321,-7.608,-4.142,4.142,-14.014,-12.932
1319,16,-1.731,39.525,-2.934,0.000,-0.010,-0.007,0.268,6.321,-7.608,-4.142,4.142,-14.003,-12.924
1320,16,-1.727,39.521,-2.925,-0.004,-0.003,-0.007,0.244,6.297,-7.613,-4.143,4.143,-13.998,-12.921
1321,16,-1.730,39.521,-2.922,-0.004,-0.003,-0.007,0.244,6.297,-7.613,-4.121,4.121,-14.088,-13.010
1322,16,-1.726,39.521,-2.921,0.003,-0.000,-0.001,0.196,6.225,-7.637,-4.239,4.239,-14.292,-12.898
1323,16,-1.726,39.521,-2.921,0.003,-0.000,-0.001,0.196,6.225,-7.637,-4.239,4.239,-14.292,-12.898
1324,16,-1.722,39.518,-2.919,0.002,-0.000,-0.001,0.187,6.230,-7.637,-4.239,4.239,-14.287,-12.894
1325,16,-1.722,39.518,-2.919,0.002,-0.000,-0.001,0.187,6.230,-7.637,-4.235,4.235,-14.285,-12.896
1326,16,-1.722,39.518,-2.919,0.000,-0.000,0.001,0.196,6.283,-7.628,-4.251,4.251,-14.338,-12.842
1327,16,-1.722,39.518,-2.919,0.000,-0.000,0.001,0.196,6.283,-7.628,-4.251,4.251,-14.338,-12.842
1328,16,-1.726,39.517,-2.921,-0.002,-0.000,0.001,0.196,6.278,-7.632,-4.251,4.251,-14.338,-12.842
1329,16,-1.726,39.517,-2.921,-0.002,-0.000,0.001,0.196,6.278,-7.632,-4.239,4.239,-14.340,-12.840
1330,16,-1.726,39.517,-2.921,-0.001,-0.000,0.001,0.220,6.278,-7.594,-4.245,4.245,-14.340,-12.840
1331,16,-1.726,39.517,-2.921,-0.001,-0.000,0.001,0.220,6.278,-7.594,-4.245,4.245,-14.340,-12.840
1332,16,-1.730,39.514,-2.922,-0.004,-0.000,0.001,0.278,6.297,-7.613,-4.245,4.245,-14.340,-12.840
1333,16,-1.734,39.514,-2.924,-0.004,-0.000,0.001,0.278,6.297,-7.613,-4.226,4.226,-14.338,-12.832
1334,16,-1.730,39.514,-2.922,0.003,-0.000,0.000,0.330,6.297,-7.628,-4.251,4.251,-14.310,-12.861
1335,16,-1.731,39.514,-2.926,0.003,-0.000,0.000,0.330,6.297,-7.628,-4.251,4.251,-14.311,-12.860
1336,16,-1.727,39.514,-2.925,0.004,-0.001,-0.002,0.220,6.288,-7.618,-4.252,4.252,-14.309,-12.862
1337,16,-1.727,39.514,-2.925,0.004,-0.001,-0.002,0.220,6.288,-7.618,-4.231,4.231,-14.240,-12.900
1338,16,-1.723,39.514,-2.923,0.004,-0.001,-0.002,0.287,6.273,-7.613,-4.232,4.232,-14.239,-12.902
1339,16,-1.723,39.514,-2.923,0.004,-0.001,-0.002,0.287,6.273,-7.613,-4.232,4.232,-14.239,-12.902
1340,16,-1.719,39.511,-2.922,0.002,-0.000,-0.001,0.163,6.288,-7.613,-4.233,4.233,-14.237,-12.904
1341,16,-1.718,39.510,-2.921,0.002,-0.000,-0.001,0.163,6.288,-7.613,-4.236,4.236,-14.272,-12.886
1342,16,-1.717,39.510,-2.917,0.000,-0.000,-0.002,0.177,6.278,-7.632,-4.212,4.212,-14.245,-12.914
1343,16,-1.717,39.510,-2.917,0.000,-0.000,-0.002,0.177,6.278,-7.632,-4.212,4.212,-14.245,-12.914
1344,16,-1.713,39.510,-2.916,0.000,-0.000,-0.001,0.230,6.278,-7.637,-4.212,4.212,-14.245,-12.914
1345,16,-1.713,39.510,-2.916,0.000,-0.000,-0.001,0.230,6.278,-7.637,-4.227,4.227,-14.270,-12.889
1346,16,-1.717,39.510,-2.917,-0.002,0.001,0.002,0.167,6.264,-7.618,-4.255,4.255,-14.367,-12.822
1347,16,-1.717,39.510,-2.917,-0.002,0.001,0.002,0.167,6.264,-7.618,-4.255,4.255,-14.367,-12.822
1348,16,-1.717,39.514,-2.917,-0.001,0.001,0.002,0.249,6.273,-7.623,-4.255,4.255,-14.367,-12.822
1349,16,-1.717,39.514,-2.917,-0.001,0.001,0.002,0.249,6.273,-7.623,-4.260,4.260,-14.374,-12.828
1350,16,-1.721,39.514,-2.919,-0.001,0.001,0.000,0.258,6.288,-7.651,-4.233,4.233,-14.322,-12.880
1351,16,-1.721,39.514,-2.919,-0.001,0.001,0.000,0.258,6.288,-7.651,-4.233,4.233,-14.322,-12.880
1352,16,-1.721,39.514,-2.919,-0.000,0.000,0.000,0.258,6.264,-7.637,-4.233,4.233,-14.322,-12.880
1353,16,-1.721,39.514,-2.919,-0.000,0.000,0.000,0.258,6.264,-7.637,-4.238,4.238,-14.307,-12.865
1354,16,-1.721,39.510,-2.919,0.001,0.000,-0.001,0.278,6.283,-7.613,-4.230,4.230,-14.273,-12.885
1355,16,-1.721,39.510,-2.919,0.001,0.000,-0.001,0.278,6.283,-7.613,-4.230,4.230,-14.273,-12.885
1356,16,-1.717,39.514,-2.917,0.002,0.002,-0.001,0.230,6.302,-7.637,-4.231,4.231,-14.272,-12.887
1357,16,-1.717,39.514,-2.917,0.002,0.002,-0.001,0.230,6.302,-7.637,-4.236,4.236,-14.309,-12.924
1358,16,-1.717,39.514,-2.917,0.002,0.000,-0.002,0.211,6.283,-7.628,-4.223,4.223,-14.252,-12.920
1359,16,-1.713,39.515,-2.916,0.002,0.000,-0.002,0.211,6.283,-7.628,-4.224,4.224,-14.250,-12.922
1360,16,-1.713,39.510,-2.916,0.002,-0.001,-0.001,0.225,6.264,-7.623,-4.224,4.224,-14.250,-12.922
1361,16,-1.713,39.510,-2.916,0.002,-0.001,-0.001,0.225,6.264,-7.623,-4.238,4.238,-14.255,-12.874
1362,16,-1.708,39.510,-2.914,0.001,-0.001,0.000,0.206,6.264,-7.632,-4.247,4.247,-14.280,-12.849
1363,16,-1.708,39.510,-2.914,0.001,-0.001,0.000,0.206,6.264,-7.632,-4.247,4.247,-14.280,-12.849
1364,16,-1.708,39.510,-2.914,0.000,0.002,0.000,0.196,6.273,-7.632,-4.247,4.247,-14.275,-12.845
1365,16,-1.708,39.510,-2.914,0.000,0.002,0.000,0.196,6.273,-7.632,-4.242,4.242,-14.326,-12.895
1366,16,-1.708,39.510,-2.914,0.000,0.002,0.001,0.215,6.278,-7.637,-4.255,4.255,-14.352,-12.868
1367,16,-1.708,39.510,-2.914,0.000,0.002,0.001,0.215,6.278,-7.637,-4.255,4.255,-14.352,-12.868
1368,16,-1.708,39.510,-2.914,-0.001,0.000,0.001,0.239,6.283,-7.618,-4.255,4.255,-14.352,-12.868
1369,16,-1.713,39.510,-2.916,-0.001,0.000,0.001,0.239,6.283,-7.618,-4.248,4.248,-14.323,-12.836
1370,16,-1.713,39.510,-2.916,-0.001,0.001,0.000,0.244,6.292,-7.632,-4.235,4.235,-14.312,-12.878
1371,16,-1.713,39.510,-2.916,-0.001,0.001,0.000,0.244,6.292,-7.632,-4.235,4.235,-14.312,-12.878
1372,16,-1.713,39.510,-2.916,-0.000,0.002,0.000,0.249,6.273,-7.628,-4.235,4.235,-14.312,-12.878
1373,16,-1.713,39.511,-2.916,-0.000,0.002,0.000,0.249,6.273,-7.628,-4.240,4.240,-14.329,-12.894
1374,16,-1.713,39.510,-2.916,-0.000,0.000,0.000,0.258,6.278,-7.642,-4.240,4.240,-14.297,-12.862
1375,16,-1.713,39.510,-2.916,-0.000,0.000,0.000,0.258,6.278,-7.642,-4.240,4.240,-14.297,-12.862
1376,16,-1.713,39.510,-2.916,-0.000,-0.001,0.000,0.244,6.273,-7.637,-4.240,4.240,-14.297,-12.862
1377,16,-1.713,39.510,-2.916,-0.000,-0.001,0.000,0.244,6.273,-7.637,-4.240,4.240,-14.282,-12.847
1378,16,-1.713,39.510,-2.916,-0.000,-0.001,0.000,0.230,6.264,-7.623,-4.240,4.240,-14.282,-12.847
1379,16,-1.713,39.507,-2.916,0.003,-0.001,0.000,0.230,6.264,-7.623,-4.256,4.256,-14.277,-12.843
1380,16,-1.710,39.507,-2.918,0.003,-0.001,0.000,0.230,6.264,-7.623,-4.257,4.257,-14.275,-12.844
1381,16,-1.710,39.507,-2.918,0.003,0.001,0.000,0.239,6.278,-7.637,-4.257,4.257,-14.306,-12.875
1382,16,-1.710,39.507,-2.918,0.003,0.001,0.000,0.201,6.288,-7.628,-4.257,4.257,-14.306,-12.875
1383,16,-1.710,39.507,-2.918,0.000,0.000,0.000,0.201,6.288,-7.628,-4.241,4.241,-14.291,-12.859
1384,16,-1.710,39.503,-2.918,0.000,0.000,0.000,0.201,6.288,-7.628,-4.241,4.241,-14.291,-12.859
1385,16,-1.710,39.503,-2.918,-0.001,-0.002,0.000,0.206,6.283,-7.613,-4.236,4.236,-14.255,-12.824
1386,16,-1.710,39.503,-2.918,-0.001,-0.002,0.000,0.230,6.288,-7.608,-4.236,4.236,-14.255,-12.824
1387,16,-1.710,39.503,-2.918,-0.002,-0.000,0.000,0.230,6.288,-7.608,-4.230,4.230,-14.286,-12.855
1388,16,-1.714,39.503,-2.920,-0.002,-0.000,0.000,0.230,6.288,-7.608,-4.229,4.229,-14.287,-12.853
1389,16,-1.714,39.503,-2.920,-0.000,0.003,0.000,0.244,6.273,-7.613,-4.240,4.240,-14.333,-12.899
1390,16,-1.714,39.507,-2.920,-0.000,0.003,0.000,0.239,6.283,-7.623,-4.240,4.240,-14.338,-12.903
1391,16,-1.710,39.507,-2.918,0.002,0.001,0.000,0.239,6.283,-7.623,-4.252,4.252,-14.306,-12.875
1392,16,-1.710,39.507,-2.918,0.002,0.001,0.000,0.239,6.283,-7.623,-4.252,4.252,-14.306,-12.875
1393,16,-1.710,39.507,-2.918,0.000,-0.001,0.000,0.258,6.297,-7.623,-4.241,4.241,-14.275,-12.844
1394,16,-1.710,39.503,-2.918,0.000,-0.001,0.000,0.249,6.288,-7.613,-4.241,4.241,-14.270,-12.840
1395,16,-1.710,39.503,-2.918,0.001,-0.000,0.000,0.249,6.288,-7.613,-4.246,4.246,-14.286,-12.855
1396,16,-1.710,39.503,-2.918,0.001,-0.000,0.000,0.249,6.288,-7.613,-4.246,4.246,-14.286,-12.855
1397,16,-1.710,39.503,-2.918,0.002,-0.000,0.000,0.234,6.273,-7.628,-4.252,4.252,-14.286,-12.855
1398,16,-1.710,39.503,-2.918,0.002,-0.000,0.000,0.244,6.273,-7.618,-4.252,4.252,-14.286,-12.855
1399,16,-1.711,39.503,-2.922,0.001,-0.000,0.000,0.244,6.273,-7.618,-4.246,4.246,-14.286,-12.854
1400,16,-1.707,39.503,-2.921,0.001,-0.000,0.000,0.244,6.273,-7.618,-4.247,4.247,-14.285,-12.856
1401,16,-1.707,39.503,-2.921,0.001,-0.002,0.000,0.211,6.292,-7.632,-4.247,4.247,-14.254,-12.826
1402,16,-1.707,39.499,-2.921,0.001,-0.002,0.000,0.215,6.288,-7.613,-4.247,4.247,-14.247,-12.820
1403,16,-1.707,39.502,-2.921,0.000,0.001,0.000,0.215,6.288,-7.613,-4.242,4.242,-14.298,-12.870
1404,16,-1.707,39.503,-2.921,0.000,0.001,0.000,0.215,6.288,-7.613,-4.242,4.242,-14.300,-12.871
1405,16,-1.707,39.503,-2.921,0.003,0.003,0.000,0.220,6.273,-7.623,-4.258,4.258,-14.330,-12.902
1406,16,-1.703,39.507,-2.919,0.003,0.003,0.000,0.244,6.283,-7.642,-4.259,4.259,-14.334,-12.908
1407,16,-1.703,39.507,-2.919,0.001,0.000,0.000,0.244,6.283,-7.642,-4.248,4.248,-14.288,-12.862
1408,16,-1.703,39.507,-2.919,0.001,0.000,0.000,0.244,6.283,-7.642,-4.248,4.248,-14.288,-12.862
1409,16,-1.703,39.504,-2.919,0.000,0.000,0.000,0.230,6.273,-7.637,-4.243,4.243,-14.283,-12.858
1410,16,-1.703,39.504,-2.919,0.000,0.000,0.000,0.239,6.264,-7.628,-4.243,4.243,-14.283,-12.858
1411,16,-1.703,39.504,-2.919,0.000,-0.001,0.000,0.239,6.264,-7.628,-4.243,4.243,-14.268,-12.843
1412,16,-1.703,39.504,-2.919,0.000,-0.001,0.000,0.239,6.264,-7.628,-4.243,4.243,-14.268,-12.843
1413,16,-1.704,39.504,-2.924,0.001,-0.000,0.000,0.234,6.297,-7.604,-4.248,4.248,-14.283,-12.857
1414,16,-1.704,39.504,-2.924,0.001,-0.000,0.000,0.234,6.283,-7.613,-4.248,4.248,-14.283,-12.857
1415,16,-1.704,39.504,-2.924,0.001,0.002,0.000,0.234,6.283,-7.613,-4.248,4.248,-14.314,-12.888
1416,16,-1.704,39.504,-2.924,0.001,0.002,0.000,0.234,6.283,-7.613,-4.248,4.248,-14.314,-12.888
1417,16,-1.704,39.504,-2.924,0.000,0.000,0.000,0.201,6.302,-7.642,-4.243,4.243,-14.283,-12.857
1418,16,-1.704,39.504,-2.924,0.000,0.000,0.000,0.244,6.269,-7.623,-4.243,4.243,-14.283,-12.857
1419,16,-1.704,39.504,-2.924,0.000,0.000,0.000,0.244,6.269,-7.623,-4.243,4.243,-14.283,-12.857
1420,16,-1.704,39.504,-2.924,0.000,0.000,0.000,0.244,6.269,-7.623,-4.243,4.243,-14.283,-12.857
1421,16,-1.704,39.504,-2.924,0.001,0.000,0.000,0.244,6.288,-7.628,-4.248,4.248,-14.283,-12.857
1422,16,-1.704,39.504,-2.924,0.001,0.000,0.000,0.225,6.288,-7.637,-4.248,4.248,-14.283,-12.857
1423,16,-1.704,39.504,-2.924,0.001,0.003,0.000,0.225,6.288,-7.637,-4.248,4.248,-14.329,-12.903
1424,16,-1.704,39.507,-2.924,0.001,0.003,0.000,0.225,6.288,-7.637,-4.248,4.248,-14.334,-12.907
1425,16,-1.704,39.507,-2.924,0.000,0.000,0.000,0.249,6.288,-7.642,-4.243,4.243,-14.289,-12.862
1426,16,-1.704,39.507,-2.924,0.000,0.000,0.000,0.220,6.264,-7.632,-4.243,4.243,-14.289,-12.862
1427,16,-1.704,39.507,-2.924,0.001,0.000,0.000,0.220,6.264,-7.632,-4.248,4.248,-14.289,-12.862
1428,16,-1.700,39.507,-2.922,0.001,0.000,0.000,0.220,6.264,-7.632,-4.249,4.249,-14.287,-12.864
1429,16,-1.700,39.507,-2.922,0.000,0.000,0.000,0.215,6.269,-7.613,-4.244,4.244,-14.287,-12.864
1430,16,-1.700,39.504,-2.922,0.000,0.000,0.000,0.225,6.283,-7.623,-4.244,4.244,-14.282,-12.859
1431,16,-1.700,39.504,-2.922,0.000,0.000,0.000,0.225,6.283,-7.623,-4.244,4.244,-14.282,-12.859
1432,16,-1.700,39.504,-2.922,0.000,0.000,0.000,0.225,6.283,-7.623,-4.244,4.244,-14.282,-12.859
1433,16,-1.700,39.504,-2.922,0.001,0.001,0.000,0.225,6.283,-7.642,-4.249,4.249,-14.297,-12.874
1434,16,-1.700,39.504,-2.922,0.001,0.001,0.000,0.254,6.254,-7.613,-4.249,4.249,-14.297,-12.874
1435,16,-1.700,39.504,-2.922,-0.001,0.000,0.000,0.254,6.254,-7.613,-4.239,4.239,-14.282,-12.859
1436,16,-1.704,39.504,-2.924,-0.001,0.000,0.000,0.254,6.254,-7.613,-4.239,4.239,-14.282,-12.859
1437,16,-1.704,39.504,-2.924,-0.000,-0.001,0.000,0.220,6.283,-7.618,-4.243,4.243,-14.268,-12.842
1438,16,-1.704,39.504,-2.924,-0.000,-0.001,0.000,0.225,6.302,-7.613,-4.243,4.243,-14.268,-12.842
1439,16,-1.704,39.504,-2.924,-0.000,-0.000,0.000,0.225,6.302,-7.613,-4.243,4.243,-14.283,-12.857
1440,16,-1.704,39.504,-2.924,-0.000,-0.000,0.000,0.225,6.302,-7.613,-4.243,4.243,-14.283,-12.857
1441,16,-1.704,39.504,-2.924,-0.000,0.002,0.000,0.230,6.283,-7.642,-4.243,4.243,-14.314,-12.888
1442,16,-1.704,39.504,-2.924,-0.000,0.002,0.000,0.220,6.269,-7.628,-4.243,4.243,-14.314,-12.888
1443,16,-1.704,39.504,-2.924,-0.000,0.002,0.000,0.220,6.269,-7.628,-4.243,4.243,-14.314,-12.888
1444,16,-1.704,39.504,-2.924,-0.000,0.002,0.000,0.220,6.269,-7.628,-4.243,4.243,-14.319,-12.892
1445,16,-1.704,39.504,-2.924,-0.000,-0.001,0.000,0.239,6.249,-7.628,-4.243,4.243,-14.268,-12.842
1446,16,-1.704,39.504,-2.924,-0.000,-0.001,0.000,0.211,6.269,-7.628,-4.243,4.243,-14.268,-12.842
1447,16,-1.704,39.504,-2.924,-0.001,0.001,0.000,0.211,6.269,-7.628,-4.237,4.237,-14.299,-12.872
1448,16,-1.704,39.504,-2.924,-0.001,0.001,0.000,0.211,6.269,-7.628,-4.237,4.237,-14.299,-12.872
1449,16,-1.704,39.504,-2.924,-0.000,0.002,0.000,0.225,6.278,-7.642,-4.243,4.243,-14.314,-12.888
1450,16,-1.704,39.507,-2.924,-0.000,0.002,0.000,0.230,6.254,-7.623,-4.243,4.243,-14.319,-12.892
1451,16,-1.706,39.507,-2.928,0.003,0.001,0.000,0.230,6.254,-7.623,-4.258,4.258,-14.304,-12.876
1452,16,-1.701,39.504,-2.926,0.003,0.001,0.000,0.230,6.254,-7.623,-4.259,4.259,-14.303,-12.878
1453,16,-1.701,39.504,-2.926,0.000,0.000,0.000,0.234,6.254,-7.637,-4.243,4.243,-14.282,-12.858
1454,16,-1.701,39.504,-2.926,0.000,0.000,0.000,0.211,6.259,-7.642,-4.243,4.243,-14.282,-12.858
1455,16,-1.701,39.504,-2.926,0.001,0.000,0.000,0.211,6.259,-7.642,-4.249,4.249,-14.282,-12.858
1456,16,-1.701,39.499,-2.926,0.001,0.000,0.000,0.211,6.259,-7.642,-4.249,4.249,-14.282,-12.858
1457,16,-1.697,39.499,-2.925,0.002,-0.002,0.000,0.215,6.273,-7.613,-4.255,4.255,-14.244,-12.824
1458,16,-1.697,39.499,-2.925,0.002,-0.002,0.000,0.244,6.292,-7.632,-4.255,4.255,-14.244,-12.824
1459,16,-1.701,39.499,-2.926,-0.003,-0.000,0.000,0.244,6.292,-7.632,-4.227,4.227,-14.276,-12.853
1460,16,-1.701,39.499,-2.926,-0.003,-0.000,0.000,0.244,6.292,-7.632,-4.227,4.227,-14.271,-12.848
1461,16,-1.701,39.499,-2.926,-0.001,0.003,0.000,0.191,6.288,-7.623,-4.238,4.238,-14.321,-12.898
1462,16,-1.701,39.499,-2.926,-0.001,0.003,0.000,0.230,6.273,-7.623,-4.238,4.238,-14.321,-12.898
1463,16,-1.700,39.499,-2.922,-0.001,0.002,0.000,0.230,6.273,-7.623,-4.238,4.238,-14.306,-12.884
1464,16,-1.704,39.502,-2.923,-0.001,0.002,0.000,0.230,6.273,-7.623,-4.237,4.237,-14.307,-12.882
1465,16,-1.704,39.502,-2.923,-0.000,0.000,0.000,0.268,6.312,-7.628,-4.243,4.243,-14.282,-12.856
1466,16,-1.704,39.499,-2.923,-0.000,0.000,0.000,0.191,6.307,-7.604,-4.243,4.243,-14.277,-12.851
1467,16,-1.704,39.504,-2.924,-0.000,0.006,0.000,0.191,6.307,-7.604,-4.243,4.243,-14.375,-12.949
1468,16,-1.704,39.507,-2.924,-0.000,0.006,0.000,0.191,6.307,-7.604,-4.243,4.243,-14.380,-12.953
1469,16,-1.704,39.507,-2.924,-0.000,-0.001,0.000,0.249,6.264,-7.623,-4.243,4.243,-14.273,-12.846
1470,16,-1.704,39.507,-2.924,-0.000,-0.001,0.000,0.258,6.269,-7.632,-4.243,4.243,-14.273,-12.846
1471,16,-1.704,39.504,-2.924,-0.000,-0.003,0.000,0.258,6.269,-7.632,-4.243,4.243,-14.238,-12.812
1472,16,-1.704,39.504,-2.924,-0.000,-0.003,0.000,0.258,6.269,-7.632,-4.243,4.243,-14.238,-12.812
1473,16,-1.704,39.504,-2.924,-0.000,0.001,0.000,0.206,6.273,-7.613,-4.243,4.243,-14.299,-12.872
1474,16,-1.704,39.504,-2.924,-0.000,0.001,0.000,0.234,6.288,-7.623,-4.243,4.243,-14.299,-12.872
1475,16,-1.704,39.504,-2.924,0.001,0.003,0.000,0.234,6.288,-7.623,-4.248,4.248,-14.329,-12.903
1476,16,-1.702,39.507,-2.926,0.001,0.003,0.000,0.234,6.288,-7.623,-4.249,4.249,-14.333,-12.909
1477,16,-1.704,39.507,-2.924,-0.001,0.000,0.000,0.225,6.292,-7.613,-4.237,4.237,-14.289,-12.862
1478,16,-1.704,39.507,-2.924,-0.001,0.000,0.000,0.230,6.288,-7.613,-4.237,4.237,-14.289,-12.862
1479,16,-1.704,39.504,-2.924,-0.000,-0.003,0.000,0.230,6.288,-7.613,-4.243,4.243,-14.238,-12.812
1480,16,-1.704,39.504,-2.924,-0.000,-0.003,0.000,0.230,6.288,-7.613,-4.243,4.243,-14.238,-12.812
1481,16,-1.704,39.504,-2.924,-0.000,-0.000,0.000,0.220,6.297,-7.623,-4.243,4.243,-14.283,-12.857
1482,16,-1.704,39.504,-2.924,-0.000,-0.000,0.000,0.225,6.273,-7.632,-4.243,4.243,-14.283,-12.857
1483,16,-1.701,39.504,-2.926,0.002,0.002,0.000,0.225,6.273,-7.632,-4.254,4.254,-14.313,-12.889
1484,16,-1.701,39.504,-2.926,0.002,0.002,0.000,0.225,6.273,-7.632,-4.254,4.254,-14.313,-12.889
1485,16,-1.701,39.504,-2.926,0.000,0.000,0.000,0.254,6.269,-7.642,-4.243,4.243,-14.282,-12.858
1486,16,-1.701,39.504,-2.926,0.000,0.000,0.000,0.206,6.297,-7.637,-4.243,4.243,-14.282,-12.858
1487,16,-1.701,39.504,-2.926,0.000,0.000,0.000,0.206,6.297,-7.637,-4.243,4.243,-14.282,-12.858
1488,16,-1.701,39.504,-2.926,0.000,0.000,0.000,0.206,6.297,-7.637,-4.243,4.243,-14.282,-12.858
1489,16,-1.697,39.504,-2.925,0.004,0.000,0.000,0.244,6.312,-7.594,-4.266,4.266,-14.281,-12.860
1490,16,-1.697,39.504,-2.925,0.004,0.000,0.000,0.249,6.316,-7.608,-4.266,4.266,-14.281,-12.860
1491,16,-1.697,39.504,-2.925,0.001,0.001,0.000,0.249,6.316,-7.608,-4.250,4.250,-14.296,-12.876
1492,16,-1.697,39.507,-2.925,0.001,0.001,0.000,0.249,6.316,-7.608,-4.250,4.250,-14.296,-12.876
1493,16,-1.697,39.507,-2.925,0.000,0.002,0.000,0.201,6.292,-7.599,-4.245,4.245,-14.316,-12.895
1494,16,-1.697,39.507,-2.925,0.000,0.002,0.000,0.225,6.278,-7.632,-4.245,4.245,-14.316,-12.895
1495,16,-1.697,39.507,-2.925,0.000,0.000,0.000,0.225,6.278,-7.632,-4.245,4.245,-14.286,-12.865
1496,16,-1.697,39.510,-2.925,0.000,0.000,0.000,0.225,6.278,-7.632,-4.245,4.245,-14.286,-12.865
1497,16,-1.697,39.510,-2.925,0.001,0.000,0.000,0.211,6.245,-7.647,-4.250,4.250,-14.291,-12.869
1498,16,-1.695,39.507,-2.928,0.001,0.000,0.000,0.249,6.283,-7.613,-4.251,4.251,-14.285,-12.866
1499,16,-1.695,39.507,-2.928,0.004,-0.001,0.000,0.249,6.283,-7.613,-4.267,4.267,-14.269,-12.851
1500,16,-1.690,39.507,-2.926,0.004,-0.001,0.000,0.249,6.283,-7.613,-4.267,4.267,-14.269,-12.851
1501,16,-1.690,39.507,-2.926,0.002,-0.000,0.000,0.220,6.312,-7.613,-4.258,4.258,-14.283,-12.868
1502,16,-1.690,39.507,-2.926,0.002,-0.000,0.000,0.201,6.331,-7.604,-4.258,4.258,-14.283,-12.868
1503,16,-1.690,39.507,-2.926,-0.002,-0.000,0.000,0.201,6.331,-7.604,-4.236,4.236,-14.283,-12.868
1504,16,-1.690,39.507,-2.926,-0.002,-0.000,0.000,0.201,6.331,-7.604,-4.236,4.236,-14.283,-12.868
1505,16,-1.690,39.507,-2.926,0.001,-0.000,0.000,0.258,6.283,-7.623,-4.252,4.252,-14.283,-12.868
1506,16,-1.690,39.507,-2.926,0.001,-0.000,0.000,0.230,6.259,-7.613,-4.252,4.252,-14.283,-12.868
1507,16,-1.690,39.507,-2.926,0.000,0.001,0.000,0.230,6.259,-7.613,-4.247,4.247,-14.298,-12.883
1508,16,-1.690,39.510,-2.926,0.000,0.001,0.000,0.230,6.259,-7.613,-4.247,4.247,-14.303,-12.888
1509,16,-1.690,39.510,-2.926,0.001,0.000,0.000,0.234,6.278,-7.618,-4.252,4.252,-14.288,-12.872
1510,16,-1.690,39.510,-2.926,0.001,0.000,0.000,0.239,6.312,-7.628,-4.252,4.252,-14.288,-12.872
1511,16,-1.690,39.507,-2.926,0.000,-0.004,0.000,0.239,6.312,-7.628,-4.247,4.247,-14.222,-12.807
1512,16,-1.690,39.507,-2.926,0.000,-0.004,0.000,0.239,6.312,-7.628,-4.247,4.247,-14.222,-12.807
1513,16,-1.690,39.507,-2.926,0.000,0.002,0.000,0.225,6.307,-7.608,-4.247,4.247,-14.314,-12.898
1514,16,-1.690,39.507,-2.926,0.000,0.002,0.000,0.234,6.273,-7.613,-4.247,4.247,-14.314,-12.898
1515,16,-1.690,39.507,-2.926,0.000,0.000,0.000,0.234,6.273,-7.613,-4.247,4.247,-14.283,-12.868
1516,16,-1.690,39.507,-2.926,0.000,0.000,0.000,0.234,6.273,-7.613,-4.247,4.247,-14.283,-12.868
1517,16,-1.692,39.507,-2.930,0.001,0.000,0.000,0.249,6.292,-7.628,-4.252,4.252,-14.284,-12.867
1518,16,-1.692,39.507,-2.930,0.001,0.000,0.000,0.239,6.316,-7.618,-4.252,4.252,-14.284,-12.867
1519,16,-1.692,39.510,-2.930,0.000,0.001,0.000,0.239,6.316,-7.618,-4.246,4.246,-14.304,-12.887
1520,16,-1.692,39.510,-2.930,0.000,0.001,0.000,0.239,6.316,-7.618,-4.246,4.246,-14.304,-12.887
1521,16,-1.692,39.510,-2.930,0.001,0.001,0.000,0.201,6.278,-7.637,-4.252,4.252,-14.304,-12.887
1522,16,-1.692,39.510,-2.930,0.001,0.001,0.000,0.234,6.254,-7.637,-4.252,4.252,-14.304,-12.887
1523,16,-1.692,39.510,-2.930,0.000,0.000,0.000,0.234,6.254,-7.637,-4.246,4.246,-14.289,-12.872
1524,16,-1.692,39.511,-2.931,0.000,0.000,0.000,0.234,6.254,-7.637,-4.246,4.246,-14.289,-12.872
1525,16,-1.692,39.515,-2.931,0.001,0.002,0.000,0.225,6.273,-7.628,-4.252,4.252,-14.326,-12.908
1526,16,-1.692,39.515,-2.931,0.001,0.002,0.000,0.254,6.269,-7.637,-4.252,4.252,-14.326,-12.908
1527,16,-1.688,39.515,-2.929,0.002,0.000,0.000,0.254,6.269,-7.637,-4.259,4.259,-14.294,-12.879
1528,16,-1.688,39.512,-2.929,0.002,0.000,0.000,0.254,6.269,-7.637,-4.259,4.259,-14.294,-12.879
1529,16,-1.688,39.512,-2.929,-0.001,-0.001,0.000,0.201,6.292,-7.613,-4.242,4.242,-14.274,-12.860
1530,16,-1.692,39.510,-2.930,-0.001,-0.001,0.000,0.187,6.283,-7.599,-4.241,4.241,-14.273,-12.856
1531,16,-1.692,39.511,-2.931,-0.000,0.003,0.000,0.187,6.283,-7.599,-4.247,4.247,-14.336,-12.919
1532,16,-1.688,39.515,-2.929,-0.000,0.003,0.000,0.187,6.283,-7.599,-4.247,4.247,-14.341,-12.923
1533,16,-1.688,39.515,-2.929,0.003,0.000,0.000,0.268,6.269,-7.642,-4.264,4.264,-14.294,-12.879
1534,16,-1.689,39.515,-2.933,0.003,0.000,0.000,0.187,6.269,-7.632,-4.263,4.263,-14.294,-12.879
1535,16,-1.688,39.515,-2.929,-0.005,0.002,0.000,0.187,6.269,-7.632,-4.221,4.221,-14.324,-12.910
1536,16,-1.692,39.515,-2.931,-0.005,0.002,0.000,0.187,6.269,-7.632,-4.220,4.220,-14.326,-12.908
1537,16,-1.692,39.515,-2.931,0.001,0.000,0.000,0.239,6.278,-7.623,-4.252,4.252,-14.295,-12.878
1538,16,-1.692,39.515,-2.931,0.001,0.000,0.000,0.273,6.288,-7.623,-4.252,4.252,-14.295,-12.878
1539,16,-1.692,39.515,-2.931,0.000,0.000,0.000,0.273,6.288,-7.623,-4.247,4.247,-14.295,-12.878
1540,16,-1.692,39.515,-2.931,0.000,0.000,0.000,0.273,6.288,-7.623,-4.247,4.247,-14.295,-12.878
1541,16,-1.692,39.515,-2.931,-0.002,0.003,0.000,0.191,6.264,-7.642,-4.236,4.236,-14.341,-12.923
1542,16,-1.697,39.518,-2.932,-0.002,0.003,0.000,0.191,6.264,-7.642,-4.235,4.235,-14.348,-12.926
1543,16,-1.697,39.518,-2.932,-0.002,0.003,0.000,0.254,6.273,-7.632,-4.235,4.235,-14.348,-12.926
1544,16,-1.697,39.518,-2.932,-0.000,0.000,0.000,0.254,6.273,-7.632,-4.245,4.245,-14.302,-12.880
1545,16,-1.692,39.518,-2.931,0.002,0.000,0.000,0.234,6.283,-7.618,-4.257,4.257,-14.300,-12.882
1546,16,-1.692,39.515,-2.931,0.002,0.000,0.000,0.234,6.283,-7.618,-4.257,4.257,-14.295,-12.878
1547,16,-1.692,39.515,-2.931,0.002,0.000,0.000,0.211,6.273,-7.608,-4.257,4.257,-14.295,-12.878
1548,16,-1.692,39.515,-2.931,0.002,0.000,0.000,0.211,6.273,-7.608,-4.257,4.257,-14.295,-12.878
1549,16,-1.688,39.515,-2.929,0.002,0.001,0.000,0.206,6.297,-7.613,-4.259,4.259,-14.309,-12.895
1550,16,-1.689,39.515,-2.933,0.002,0.001,0.000,0.206,6.297,-7.613,-4.258,4.258,-14.310,-12.894
1551,16,-1.688,39.515,-2.929,0.002,0.001,0.000,0.234,6.292,-7.623,-4.259,4.259,-14.309,-12.895
1552,16,-1.692,39.515,-2.931,-0.003,-0.002,0.000,0.234,6.292,-7.623,-4.232,4.232,-14.263,-12.849
1553,16,-1.692,39.515,-2.931,-0.000,-0.000,0.000,0.220,6.297,-7.618,-4.247,4.247,-14.295,-12.878
1554,16,-1.692,39.515,-2.931,-0.000,-0.000,0.000,0.220,6.297,-7.618,-4.247,4.247,-14.295,-12.878
1555,16,-1.692,39.515,-2.931,-0.000,-0.000,0.000,0.230,6.264,-7.613,-4.247,4.247,-14.295,-12.878
1556,16,-1.688,39.518,-2.929,0.001,0.004,0.000,0.230,6.264,-7.613,-4.252,4.252,-14.356,-12.938
1557,16,-1.692,39.518,-2.931,-0.003,0.000,0.000,0.278,6.245,-7.647,-4.231,4.231,-14.300,-12.882
1558,16,-1.692,39.518,-2.931,-0.003,0.000,0.000,0.278,6.245,-7.647,-4.231,4.231,-14.300,-12.882
1559,16,-1.697,39.518,-2.932,-0.003,0.000,0.000,0.225,6.331,-7.632,-4.229,4.229,-14.302,-12.880
1560,16,-1.692,39.515,-2.931,0.001,-0.002,0.000,0.225,6.331,-7.632,-4.251,4.251,-14.267,-12.845
1561,16,-1.692,39.515,-2.931,0.000,0.003,0.000,0.263,6.336,-7.613,-4.247,4.247,-14.341,-12.923
1562,16,-1.696,39.515,-2.932,0.000,0.003,0.000,0.263,6.336,-7.613,-4.245,4.245,-14.343,-12.921
1563,16,-1.697,39.518,-2.932,0.000,0.003,0.000,0.230,6.249,-7.613,-4.245,4.245,-14.348,-12.926
1564,16,-1.697,39.518,-2.932,0.000,0.001,0.000,0.230,6.249,-7.613,-4.245,4.245,-14.317,-12.895
1565,16,-1.697,39.518,-2.932,0.000,-0.002,0.000,0.215,6.278,-7.642,-4.245,4.245,-14.272,-12.850
1566,16,-1.696,39.515,-2.932,0.000,-0.002,0.000,0.215,6.278,-7.642,-4.245,4.245,-14.267,-12.845
1567,16,-1.696,39.515,-2.932,0.000,-0.002,0.000,0.263,6.278,-7.637,-4.245,4.245,-14.267,-12.845
1568,16,-1.694,39.511,-2.935,0.003,-0.002,0.000,0.263,6.278,-7.637,-4.261,4.261,-14.267,-12.844
1569,16,-1.694,39.511,-2.935,0.002,-0.000,0.000,0.206,6.283,-7.623,-4.257,4.257,-14.291,-12.872
1570,16,-1.694,39.511,-2.935,0.002,-0.000,0.000,0.206,6.283,-7.623,-4.257,4.257,-14.291,-12.872
1571,16,-1.694,39.511,-2.935,0.002,-0.000,0.000,0.206,6.264,-7.618,-4.257,4.257,-14.291,-12.872
1572,16,-1.689,39.515,-2.933,0.001,0.002,0.000,0.206,6.264,-7.618,-4.251,4.251,-14.326,-12.907
1573,16,-1.689,39.515,-2.933,0.001,0.002,0.000,0.234,6.283,-7.618,-4.253,4.253,-14.325,-12.909
1574,16,-1.689,39.515,-2.933,0.001,0.002,0.000,0.234,6.283,-7.618,-4.253,4.253,-14.325,-12.909
1575,16,-1.689,39.515,-2.933,0.001,0.002,0.000,0.215,6.292,-7.637,-4.253,4.253,-14.325,-12.909
1576,16,-1.689,39.515,-2.933,0.000,0.000,0.000,0.215,6.292,-7.637,-4.247,4.247,-14.294,-12.879
1577,16,-1.689,39.515,-2.933,-0.001,-0.002,0.000,0.215,6.264,-7.628,-4.242,4.242,-14.264,-12.848
1578,16,-1.689,39.515,-2.933,-0.001,-0.002,0.000,0.215,6.264,-7.628,-4.242,4.242,-14.264,-12.848
1579,16,-1.694,39.511,-2.935,-0.001,-0.002,0.000,0.254,6.273,-7.618,-4.241,4.241,-14.261,-12.842
1580,16,-1.694,39.510,-2.935,-0.000,-0.001,0.000,0.254,6.273,-7.618,-4.246,4.246,-14.274,-12.856
1581,16,-1.694,39.510,-2.935,0.001,0.004,0.000,0.230,6.254,-7.628,-4.251,4.251,-14.350,-12.932
1582,16,-1.689,39.515,-2.933,0.001,0.004,0.000,0.230,6.254,-7.628,-4.253,4.253,-14.355,-12.940
1583,16,-1.689,39.515,-2.933,0.001,0.004,0.000,0.230,6.254,-7.651,-4.253,4.253,-14.355,-12.940
1584,16,-1.694,39.515,-2.935,-0.001,0.000,0.000,0.230,6.254,-7.651,-4.241,4.241,-14.296,-12.877
1585,16,-1.694,39.511,-2.935,-0.000,0.000,0.000,0.239,6.269,-7.637,-4.246,4.246,-14.291,-12.872
1586,16,-1.694,39.511,-2.935,-0.000,0.000,0.000,0.239,6.269,-7.637,-4.246,4.246,-14.291,-12.872
1587,16,-1.694,39.510,-2.935,-0.000,0.000,0.000,0.234,6.259,-7.618,-4.246,4.246,-14.289,-12.871
1588,16,-1.691,39.510,-2.937,0.003,0.000,0.000,0.234,6.259,-7.618,-4.263,4.263,-14.288,-12.872
1589,16,-1.691,39.510,-2.937,0.001,0.000,0.000,0.211,6.283,-7.613,-4.252,4.252,-14.288,-12.872
1590,16,-1.691,39.510,-2.937,0.001,0.000,0.000,0.211,6.283,-7.613,-4.252,4.252,-14.288,-12.872
1591,16,-1.691,39.507,-2.937,0.001,0.000,0.000,0.211,6.297,-7.628,-4.252,4.252,-14.283,-12.868
1592,16,-1.691,39.510,-2.937,-0.002,0.002,0.000,0.211,6.297,-7.628,-4.236,4.236,-14.318,-12.902
1593,16,-1.691,39.510,-2.937,-0.000,0.002,0.000,0.249,6.259,-7.632,-4.247,4.247,-14.318,-12.902
1594,16,-1.691,39.510,-2.937,-0.000,0.002,0.000,0.249,6.259,-7.632,-4.247,4.247,-14.318,-12.902
1595,16,-1.691,39.511,-2.938,-0.000,0.002,0.000,0.230,6.259,-7.632,-4.247,4.247,-14.320,-12.904
1596,16,-1.691,39.510,-2.937,0.001,-0.001,0.000,0.230,6.259,-7.632,-4.252,4.252,-14.273,-12.857
1597,16,-1.691,39.510,-2.937,0.000,-0.000,0.000,0.196,6.278,-7.637,-4.247,4.247,-14.288,-12.872
1598,16,-1.691,39.507,-2.937,0.000,-0.000,0.000,0.196,6.278,-7.637,-4.247,4.247,-14.283,-12.868
1599,16,-1.691,39.507,-2.937,0.000,-0.000,0.000,0.258,6.288,-7.632,-4.247,4.247,-14.283,-12.868
1600,16,-1.691,39.510,-2.937,0.000,0.002,0.000,0.258,6.288,-7.632,-4.247,4.247,-14.313,-12.898
1601,16,-1.691,39.510,-2.937,0.000,0.000,0.000,0.211,6.302,-7.623,-4.247,4.247,-14.288,-12.872
1602,16,-1.691,39.507,-2.937,0.000,0.000,0.000,0.211,6.302,-7.623,-4.247,4.247,-14.283,-12.868
1603,16,-1.691,39.507,-2.937,0.000,0.000,0.000,0.254,6.254,-7.628,-4.247,4.247,-14.283,-12.868
1604,16,-1.691,39.507,-2.937,0.001,0.000,0.000,0.254,6.254,-7.628,-4.252,4.252,-14.283,-12.868
1605,16,-1.691,39.507,-2.937,0.002,0.000,0.000,0.254,6.273,-7.628,-4.257,4.257,-14.283,-12.868
1606,16,-1.691,39.507,-2.937,0.002,0.000,0.000,0.254,6.273,-7.628,-4.257,4.257,-14.283,-12.868
1607,16,-1.691,39.507,-2.937,0.002,0.000,0.000,0.220,6.269,-7.656,-4.257,4.257,-14.283,-12.868
1608,16,-1.691,39.507,-2.937,0.000,0.002,0.000,0.220,6.269,-7.656,-4.247,4.247,-14.313,-12.898
1609,16,-1.691,39.507,-2.937,0.000,-0.002,0.000,0.239,6.283,-7.637,-4.247,4.247,-14.253,-12.837
1610,16,-1.691,39.504,-2.937,0.000,-0.002,0.000,0.239,6.283,-7.637,-4.247,4.247,-14.248,-12.833
1611,16,-1.692,39.504,-2.942,0.000,-0.002,0.000,0.215,6.292,-7.618,-4.246,4.246,-14.248,-12.832
1612,16,-1.688,39.504,-2.940,0.003,-0.000,0.000,0.215,6.292,-7.618,-4.263,4.263,-14.277,-12.864
1613,16,-1.688,39.504,-2.940,0.002,0.002,0.000,0.225,6.254,-7.632,-4.258,4.258,-14.307,-12.895
1614,16,-1.688,39.504,-2.940,0.002,0.002,0.000,0.225,6.254,-7.632,-4.258,4.258,-14.307,-12.895
1615,16,-1.684,39.504,-2.938,0.002,0.002,0.000,0.196,6.288,-7.632,-4.259,4.259,-14.306,-12.897
1616,16,-1.684,39.504,-2.938,0.000,0.000,0.000,0.196,6.288,-7.632,-4.248,4.248,-14.277,-12.864
1617,16,-1.688,39.504,-2.940,-0.002,-0.001,0.000,0.225,6.292,-7.618,-4.237,4.237,-14.262,-12.849
1618,16,-1.688,39.504,-2.940,-0.002,-0.001,0.000,0.225,6.292,-7.618,-4.237,4.237,-14.262,-12.849
1619,16,-1.688,39.504,-2.940,-0.002,-0.001,0.000,0.244,6.269,-7.632,-4.237,4.237,-14.262,-12.849
1620,16,-1.688,39.504,-2.940,0.001,0.003,0.000,0.244,6.269,-7.632,-4.253,4.253,-14.323,-12.910
1621,16,-1.688,39.504,-2.940,0.003,0.001,0.000,0.254,6.245,-7.623,-4.263,4.263,-14.292,-12.880
1622,16,-1.684,39.504,-2.938,0.003,0.001,0.000,0.254,6.245,-7.623,-4.265,4.265,-14.291,-12.882
1623,16,-1.684,39.504,-2.938,0.003,0.001,0.000,0.249,6.283,-7.632,-4.265,4.265,-14.291,-12.882
1624,16,-1.688,39.499,-2.940,-0.002,-0.003,0.000,0.249,6.283,-7.632,-4.238,4.238,-14.230,-12.821
1625,16,-1.688,39.499,-2.940,-0.000,-0.000,0.000,0.206,6.326,-7.618,-4.247,4.247,-14.270,-12.858
1626,16,-1.688,39.499,-2.940,-0.000,-0.000,0.000,0.206,6.326,-7.618,-4.247,4.247,-14.270,-12.858
1627,16,-1.688,39.499,-2.940,-0.000,-0.000,0.000,0.225,6.302,-7.594,-4.247,4.247,-14.270,-12.858
1628,16,-1.688,39.504,-2.940,-0.000,0.003,0.000,0.225,6.302,-7.594,-4.247,4.247,-14.318,-12.906
1629,16,-1.688,39.504,-2.940,-0.000,0.002,0.000,0.258,6.259,-7.613,-4.248,4.248,-14.307,-12.895
1630,16,-1.688,39.504,-2.940,-0.000,0.002,0.000,0.258,6.259,-7.613,-4.248,4.248,-14.307,-12.895
1631,16,-1.688,39.504,-2.940,-0.000,0.002,0.000,0.230,6.292,-7.637,-4.248,4.248,-14.307,-12.895
1632,16,-1.689,39.504,-2.944,0.001,-0.001,0.000,0.230,6.292,-7.637,-4.253,4.253,-14.262,-12.849
1633,16,-1.688,39.504,-2.940,-0.001,0.002,0.000,0.215,6.316,-7.637,-4.242,4.242,-14.307,-12.895
1634,16,-1.688,39.507,-2.940,-0.001,0.002,0.000,0.215,6.316,-7.632,-4.242,4.242,-14.312,-12.899
1635,16,-1.688,39.507,-2.940,-0.001,0.002,0.000,0.268,6.264,-7.628,-4.242,4.242,-14.312,-12.899
1636,16,-1.689,39.507,-2.944,0.002,0.001,0.000,0.268,6.264,-7.628,-4.258,4.258,-14.298,-12.883
1637,16,-1.689,39.507,-2.944,0.000,0.000,0.000,0.249,6.259,-7.628,-4.247,4.247,-14.282,-12.868
1638,16,-1.689,39.507,-2.944,0.000,0.000,0.000,0.249,6.259,-7.628,-4.247,4.247,-14.282,-12.868
1639,16,-1.689,39.507,-2.944,0.000,0.000,0.000,0.206,6.297,-7.623,-4.247,4.247,-14.282,-12.868
1640,16,-1.694,39.507,-2.946,-0.002,0.001,0.000,0.206,6.297,-7.623,-4.235,4.235,-14.299,-12.881
1641,16,-1.694,39.507,-2.946,-0.000,0.001,0.000,0.225,6.302,-7.623,-4.246,4.246,-14.299,-12.881
1642,16,-1.694,39.507,-2.946,-0.000,0.001,0.000,0.225,6.302,-7.618,-4.246,4.246,-14.299,-12.881
1643,16,-1.694,39.507,-2.946,-0.000,0.001,0.000,0.230,6.245,-7.642,-4.246,4.246,-14.299,-12.881
1644,16,-1.694,39.510,-2.946,0.001,0.001,0.000,0.230,6.245,-7.642,-4.251,4.251,-14.304,-12.886
1645,16,-1.694,39.510,-2.946,0.000,0.000,0.000,0.239,6.235,-7.642,-4.246,4.246,-14.289,-12.871
1646,16,-1.694,39.507,-2.946,0.000,0.000,0.000,0.239,6.235,-7.637,-4.246,4.246,-14.284,-12.866
1647,16,-1.694,39.507,-2.946,0.000,0.000,0.000,0.211,6.269,-7.637,-4.246,4.246,-14.284,-12.866
1648,16,-1.694,39.507,-2.946,0.000,0.000,0.000,0.211,6.269,-7.637,-4.246,4.246,-14.284,-12.866
1649,16,-1.694,39.507,-2.946,0.000,0.001,0.000,0.239,6.283,-7.637,-4.246,4.246,-14.299,-12.881
1650,16,-1.694,39.507,-2.946,0.000,0.001,0.000,0.239,6.283,-7.637,-4.246,4.246,-14.299,-12.881
1651,16,-1.694,39.507,-2.946,0.000,0.001,0.000,0.234,6.269,-7.632,-4.246,4.246,-14.299,-12.881
1652,16,-1.698,39.507,-2.947,-0.001,0.002,0.000,0.234,6.269,-7.632,-4.241,4.241,-14.315,-12.897
1653,16,-1.698,39.507,-2.947,-0.001,0.002,0.000,0.230,6.249,-7.632,-4.239,4.239,-14.316,-12.895
1654,16,-1.698,39.510,-2.948,-0.001,0.002,0.000,0.230,6.249,-7.613,-4.239,4.239,-14.321,-12.899
1655,16,-1.698,39.510,-2.948,-0.001,0.002,0.000,0.263,6.307,-7.623,-4.239,4.239,-14.321,-12.899
1656,16,-1.698,39.507,-2.947,0.001,0.000,0.000,0.263,6.307,-7.623,-4.250,4.250,-14.286,-12.864
1657,16,-1.698,39.507,-2.947,0.000,0.001,0.000,0.234,6.326,-7.623,-4.245,4.245,-14.301,-12.879
1658,16,-1.698,39.507,-2.947,0.000,0.001,0.000,0.234,6.326,-7.637,-4.245,4.245,-14.301,-12.879
1659,16,-1.698,39.507,-2.947,0.000,0.001,0.000,0.225,6.273,-7.618,-4.245,4.245,-14.301,-12.879
1660,16,-1.698,39.510,-2.948,0.000,0.002,0.000,0.225,6.273,-7.618,-4.245,4.245,-14.321,-12.899
1661,16,-1.698,39.510,-2.948,0.001,0.000,0.000,0.220,6.259,-7.618,-4.250,4.250,-14.291,-12.869
1662,16,-1.698,39.510,-2.948,0.001,0.000,0.000,0.220,6.259,-7.628,-4.250,4.250,-14.291,-12.869
1663,16,-1.698,39.510,-2.948,0.001,0.000,0.000,0.249,6.278,-7.613,-4.250,4.250,-14.291,-12.869
1664,16,-1.698,39.510,-2.948,0.001,0.000,0.000,0.249,6.278,-7.613,-4.250,4.250,-14.291,-12.869
1665,16,-1.698,39.510,-2.948,0.002,0.000,0.000,0.225,6.302,-7.613,-4.255,4.255,-14.291,-12.869
1666,16,-1.695,39.507,-2.950,0.002,0.000,0.000,0.225,6.302,-7.632,-4.256,4.256,-14.285,-12.865
1667,16,-1.695,39.507,-2.950,0.002,0.000,0.000,0.220,6.307,-7.628,-4.256,4.256,-14.285,-12.865
1668,16,-1.695,39.507,-2.950,0.000,-0.001,0.000,0.220,6.307,-7.628,-4.245,4.245,-14.269,-12.850
1669,16,-1.699,39.507,-2.952,-0.001,-0.000,0.000,0.254,6.278,-7.628,-4.239,4.239,-14.286,-12.863
1670,16,-1.699,39.507,-2.952,-0.001,-0.000,0.000,0.254,6.278,-7.604,-4.239,4.239,-14.286,-12.863
1671,16,-1.699,39.507,-2.952,-0.001,-0.000,0.000,0.225,6.288,-7.628,-4.239,4.239,-14.286,-12.863
1672,16,-1.699,39.507,-2.952,-0.000,-0.000,0.000,0.225,6.288,-7.628,-4.244,4.244,-14.286,-12.863
1673,16,-1.699,39.507,-2.952,-0.000,-0.000,0.000,0.254,6.297,-7.628,-4.244,4.244,-14.286,-12.863
1674,16,-1.699,39.507,-2.952,-0.000,-0.000,0.000,0.254,6.297,-7.642,-4.244,4.244,-14.286,-12.863
1675,16,-1.699,39.507,-2.952,-0.000,-0.000,0.000,0.244,6.292,-7.608,-4.244,4.244,-14.286,-12.863
1676,16,-1.699,39.507,-2.952,0.001,-0.000,0.000,0.244,6.292,-7.608,-4.249,4.249,-14.286,-12.863
1677,16,-1.699,39.507,-2.952,0.001,0.001,0.000,0.201,6.269,-7.608,-4.249,4.249,-14.301,-12.879
1678,16,-1.699,39.507,-2.952,0.001,0.001,0.000,0.201,6.269,-7.618,-4.249,4.249,-14.301,-12.879
1679,16,-1.699,39.507,-2.952,0.001,0.001,0.000,0.244,6.269,-7.632,-4.249,4.249,-14.301,-12.879
1680,16,-1.699,39.507,-2.952,0.001,0.000,0.000,0.244,6.269,-7.632,-4.249,4.249,-14.286,-12.863
1681,16,-1.699,39.507,-2.952,0.000,0.000,0.000,0.225,6.297,-7.632,-4.244,4.244,-14.286,-12.863
1682,16,-1.699,39.507,-2.952,0.000,0.000,0.000,0.225,6.297,-7.628,-4.244,4.244,-14.286,-12.863
1683,16,-1.699,39.507,-2.952,0.000,0.000,0.000,0.211,6.278,-7.623,-4.244,4.244,-14.286,-12.863
1684,16,-1.699,39.507,-2.952,0.000,0.001,0.000,0.211,6.278,-7.623,-4.244,4.244,-14.301,-12.879
1685,16,-1.699,39.507,-2.952,0.000,0.001,0.000,0.234,6.259,-7.623,-4.244,4.244,-14.301,-12.879
1686,16,-1.699,39.507,-2.952,0.000,0.001,0.000,0.234,6.259,-7.604,-4.244,4.244,-14.301,-12.879
1687,16,-1.700,39.510,-2.952,0.000,0.001,0.000,0.239,6.292,-7.656,-4.244,4.244,-14.306,-12.883
1688,16,-1.699,39.507,-2.952,0.000,0.000,0.000,0.239,6.292,-7.656,-4.244,4.244,-14.286,-12.863
1689,16,-1.699,39.507,-2.952,0.000,0.000,0.000,0.234,6.297,-7.656,-4.244,4.244,-14.286,-12.863
1690,16,-1.699,39.507,-2.952,0.000,0.000,0.000,0.234,6.297,-7.651,-4.244,4.244,-14.286,-12.863
1691,16,-1.699,39.507,-2.952,0.000,0.000,0.000,0.254,6.307,-7.608,-4.244,4.244,-14.286,-12.863
1692,16,-1.701,39.506,-2.956,0.002,0.000,0.000,0.254,6.307,-7.608,-4.254,4.254,-14.287,-12.863
1693,16,-1.701,39.506,-2.956,0.000,0.001,0.000,0.239,6.273,-7.608,-4.244,4.244,-14.302,-12.878
1694,16,-1.701,39.506,-2.956,0.000,0.001,0.000,0.239,6.273,-7.618,-4.244,4.244,-14.302,-12.878
1695,16,-1.701,39.506,-2.956,0.000,0.001,0.000,0.225,6.288,-7.618,-4.244,4.244,-14.302,-12.878
1696,16,-1.701,39.506,-2.956,0.000,0.000,0.000,0.225,6.288,-7.618,-4.244,4.244,-14.287,-12.863
1697,16,-1.701,39.506,-2.956,0.002,0.000,0.000,0.230,6.302,-7.618,-4.254,4.254,-14.287,-12.863
1698,16,-1.697,39.507,-2.954,0.002,0.000,0.000,0.230,6.302,-7.623,-4.256,4.256,-14.285,-12.865
1699,16,-1.697,39.507,-2.954,0.002,0.000,0.000,0.215,6.278,-7.632,-4.256,4.256,-14.285,-12.865
1700,16,-1.697,39.507,-2.954,0.001,0.000,0.000,0.215,6.278,-7.632,-4.250,4.250,-14.285,-12.865
1701,16,-1.697,39.507,-2.954,0.000,0.000,0.000,0.201,6.269,-7.632,-4.245,4.245,-14.285,-12.865
1702,16,-1.697,39.507,-2.954,0.000,0.000,0.000,0.201,6.269,-7.608,-4.245,4.245,-14.285,-12.865
1703,16,-1.697,39.507,-2.954,0.000,0.000,0.000,0.239,6.206,-7.642,-4.245,4.245,-14.285,-12.865
1704,16,-1.697,39.510,-2.955,0.000,0.003,0.000,0.239,6.206,-7.642,-4.245,4.245,-14.336,-12.915
1705,16,-1.697,39.511,-2.955,0.000,0.003,0.000,0.196,6.379,-7.642,-4.245,4.245,-14.338,-12.916
1706,16,-1.697,39.510,-2.955,-0.002,-0.001,0.000,0.196,6.379,-7.647,-4.234,4.234,-14.275,-12.854
1707,16,-1.701,39.510,-2.956,-0.002,-0.001,0.000,0.196,6.379,-7.647,-4.233,4.233,-14.276,-12.852
1708,16,-1.697,39.510,-2.955,0.001,-0.000,0.000,0.182,6.278,-7.517,-4.233,4.233,-14.276,-12.852
1709,16,-1.697,39.510,-2.955,0.001,-0.000,0.000,0.287,6.230,-7.517,-4.250,4.250,-14.290,-12.869
1710,16,-1.697,39.511,-2.955,0.001,0.002,0.000,0.287,6.230,-7.599,-4.250,4.250,-14.322,-12.901
1711,16,-1.697,39.511,-2.955,0.001,0.002,0.000,0.287,6.230,-7.599,-4.250,4.250,-14.322,-12.901
1712,16,-1.697,39.511,-2.955,-0.001,0.000,0.000,0.316,6.269,-7.628,-4.250,4.250,-14.322,-12.901
1713,16,-1.697,39.511,-2.955,-0.001,0.000,0.000,0.167,6.388,-7.628,-4.240,4.240,-14.292,-12.871
1714,16,-1.701,39.511,-2.956,-0.000,-0.001,0.000,0.167,6.388,-7.680,-4.244,4.244,-14.278,-12.853
1715,16,-1.701,39.511,-2.956,-0.000,-0.001,0.000,0.167,6.388,-7.680,-4.244,4.244,-14.278,-12.853
1716,16,-1.697,39.511,-2.955,0.002,0.001,0.000,0.211,6.283,-7.632,-4.245,4.245,-14.277,-12.855
1717,16,-1.697,39.511,-2.955,0.002,0.001,0.000,0.282,6.178,-7.632,-4.256,4.256,-14.307,-12.886
1718,16,-1.697,39.511,-2.955,0.000,0.001,0.000,0.282,6.178,-7.532,-4.245,4.245,-14.307,-12.886
1719,16,-1.699,39.511,-2.959,0.000,0.001,0.000,0.282,6.178,-7.532,-4.245,4.245,-14.308,-12.885
1720,16,-1.698,39.507,-2.959,0.003,-0.013,0.000,0.244,6.556,-7.479,-4.245,4.245,-14.306,-12.883
1721,16,-1.694,39.500,-2.957,0.003,-0.013,0.000,0.278,7.360,-7.479,-4.262,4.262,-14.091,-12.674
1722,16,-1.679,39.422,-2.942,0.014,-0.148,-0.017,0.278,7.360,-7.206,-4.104,4.104,-11.609,-11.069
1723,16,-1.671,39.381,-2.935,0.014,-0.148,-0.017,0.278,7.360,-7.206,-4.104,4.104,-11.545,-11.017
1724,16,-1.566,39.120,-2.891,0.092,-0.409,-0.031,0.914,5.599,-7.470,-4.113,4.113,-11.303,-10.835
1725,16,-1.526,38.894,-2.872,0.092,-0.409,-0.031,-0.632,4.704,-7.470,-4.348,4.348,-6.683,-7.033
1726,16,-1.501,39.014,-2.844,0.019,0.207,-0.049,-0.632,4.704,-8.680,-3.771,3.771,-15.194,-16.454
1727,16,-1.486,39.074,-2.829,0.019,0.207,-0.049,-0.632,4.704,-8.680,-3.777,3.777,-15.279,-16.542
1728,16,-1.580,39.123,-2.900,-0.070,0.005,0.087,-1.067,5.546,-7.876,-3.773,3.773,-15.364,-16.604
1729,16,-1.617,39.114,-2.932,-0.070,0.005,0.087,6.321,129.338,-7.876,-4.996,4.996,-15.924,-10.259
1730,16,-1.832,40.851,-3.314,0.056,2.713,0.419,6.321,129.338,37.592,-9.772,9.772,-65.597,-42.909
1731,16,-1.947,41.756,-3.513,0.056,2.713,0.419,6.321,129.338,37.592,-9.777,9.777,-67.024,-44.066
1732,16,-2.047,42.378,-3.652,0.020,-1.024,-0.161,2.704,-156.757,-0.234,-9.790,9.790,-68.231,-45.047
1733,16,-1.990,41.643,-3.530,0.020,-1.024,-0.161,6.450,147.847,-0.234,-2.337,2.337,0.998,-4.995
1734,16,-2.352,42.310,-3.780,-0.272,0.607,0.052,6.450,147.847,3.158,-3.482,3.482,-28.834,-23.658
1735,16,-2.479,42.630,-3.840,-0.272,0.607,0.052,6.450,147.847,3.158,-3.468,3.468,-29.394,-24.007
1736,16,-2.618,42.855,-3.921,0.011,-0.659,0.014,-0.613,130.817,0.766,-3.453,3.453,-29.882,-24.288
1737,16,-2.793,42.661,-3.746,0.011,-0.659,0.014,-7.561,61.882,0.766,-4.329,4.329,-10.559,-6.731
1738,16,-0.713,42.373,-3.367,4.217,-0.679,-0.031,-7.561,61.882,-3.804,-25.281,25.281,-7.598,-8.361
1739,16,0.324,42.224,-3.182,4.217,-0.679,-0.031,-7.561,61.882,-3.804,-25.529,25.529,-6.820,-8.716
1740,16,5.285,41.228,-2.322,5.105,-1.641,-0.187,-0.234,0.187,-7.307,-26.128,26.128,-4.768,-9.070
1741,16,6.572,40.346,-2.148,5.105,-1.641,-0.187,0.613,1.579,-7.307,-29.774,29.774,16.434,1.074
1742,16,8.915,39.154,-1.894,4.839,-2.223,-0.133,0.613,1.579,-6.158,-30.009,30.009,25.747,11.937
1743,16,10.073,38.558,-1.787,4.839,-2.223,-0.133,0.613,1.579,-6.158,-30.490,30.490,26.823,12.626
1744,16,14.612,36.543,-1.480,4.835,-2.638,-0.142,0.675,1.665,-4.718,-31.137,31.137,28.870,14.419
1745,16,15.676,35.133,-1.583,4.835,-2.638,-0.142,0.833,1.292,-4.718,-31.241,31.241,37.639,23.604
1746,16,17.133,33.571,-1.735,3.690,-2.958,-0.033,0.833,1.292,-1.976,-28.971,28.971,40.845,33.928
1747,16,17.854,32.796,-1.830,3.690,-2.958,-0.033,0.833,1.292,-1.976,-29.215,29.215,41.429,35.490
1748,16,19.357,30.632,-2.355,2.181,-2.807,0.272,1.254,1.000,1.369,-29.755,29.755,42.366,38.586
1749,16,19.565,29.222,-2.678,2.181,-2.807,0.272,0.876,0.833,1.369,-26.874,26.874,33.705,48.590
1750,16,19.245,28.177,-3.143,0.815,-2.275,0.607,0.876,0.833,3.493,-24.666,24.666,18.282,51.648
1751,16,19.090,27.654,-3.371,0.815,-2.275,0.607,0.876,0.833,3.493,-24.874,24.874,18.574,52.772
1752,16,17.198,26.482,-4.246,-0.693,-1.631,0.868,0.469,0.933,4.235,-25.174,25.174,19.142,54.540
1753,16,16.592,25.810,-4.515,-0.693,-1.631,0.868,0.306,1.172,4.235,-21.133,21.133,4.334,53.736
1754,16,14.578,25.535,-4.969,-2.167,-0.954,1.087,0.306,1.172,4.594,-16.216,16.216,-10.171,49.788
1755,16,13.572,25.391,-5.193,-2.167,-0.954,1.087,0.306,1.172,4.594,-15.660,15.660,-9.838,49.910
1756,16,8.536,25.239,-6.095,-3.336,-0.325,1.212,0.134,1.431,3.833,-14.283,14.283,-9.202,49.745
1757,16,7.176,25.302,-6.312,-3.336,-0.325,1.212,0.057,1.660,3.833,-7.557,7.557,-20.476,43.078
1758,16,3.915,25.602,-6.802,-4.279,0.226,1.310,0.057,1.660,3.139,-2.072,2.072,-30.467,36.551
1759,16,2.279,25.740,-7.055,-4.279,0.226,1.310,0.057,1.660,3.139,-1.087,1.087,-30.326,36.037
1760,16,-4.917,26.220,-8.103,-5.032,0.682,1.301,-0.493,1.928,1.799,0.983,-0.983,-30.218,34.881
1761,16,-6.831,26.771,-8.423,-5.032,0.682,1.301,-1.053,2.086,1.799,8.055,-8.055,-36.715,26.397
1762,16,-11.158,27.305,-8.928,-6.099,0.928,1.112,-1.053,2.086,-0.679,12.001,-12.001,-35.977,17.020
1763,16,-13.328,27.557,-9.192,-6.099,0.928,1.112,-1.053,2.086,-0.679,12.053,-12.053,-36.253,16.536
1764,16,-22.573,28.133,-9.742,-7.151,0.942,0.658,-1.622,1.976,-3.259,12.098,-12.098,-36.911,15.698
1765,16,-25.137,28.792,-10.041,-7.151,0.942,0.658,-1.665,2.048,-3.259,17.662,-17.662,-27.065,3.285
1766,16,-29.924,29.325,-9.929,-7.465,0.777,0.031,-1.665,2.048,-4.565,25.285,-25.285,-10.189,-10.328
1767,16,-32.312,29.593,-9.882,-7.465,0.777,0.031,-1.665,2.048,-4.565,25.136,-25.136,-10.831,-10.374
1768,16,-40.525,30.484,-8.818,-6.726,0.470,-0.604,-1.579,2.053,-4.905,24.744,-24.744,-12.289,-10.265
1769,16,-42.885,31.109,-8.751,-6.726,0.470,-0.604,-1.168,1.952,-4.905,31.856,-31.856,5.341,-21.085
1770,16,-45.741,31.860,-7.783,-5.013,0.120,-1.184,-1.168,1.952,-5.331,38.378,-38.378,22.683,-29.831
1771,16,-47.162,32.250,-7.299,-5.013,0.120,-1.184,-1.168,1.952,-5.331,37.981,-37.981,21.557,-29.367
1772,16,-49.670,33.788,-4.711,-1.966,-0.239,-1.586,-0.316,1.613,-5.331,37.144,-37.144,19.191,-28.386
1773,16,-50.246,34.368,-4.130,-1.966,-0.239,-1.586,0.455,1.306,-5.331,28.209,-28.209,30.673,-31.832
1774,16,-48.609,35.083,-2.494,1.981,-0.479,-1.705,0.455,1.306,-4.522,9.390,-9.390,35.144,-31.043
1775,16,-47.797,35.595,-1.747,1.981,-0.479,-1.705,0.455,1.306,-4.522,8.974,-8.974,33.746,-30.778
1776,16,-41.018,36.939,1.476,6.042,-0.370,-1.543,0.775,1.187,-4.426,8.542,-8.542,31.830,-30.967
1777,16,-38.757,37.315,2.241,6.042,-0.370,-1.543,0.598,1.163,-4.426,-13.922,13.922,24.218,-29.936
1778,16,-32.479,37.463,3.724,9.836,-0.119,-1.266,0.598,1.163,-4.828,-23.961,23.961,14.296,-28.861
1779,16,-29.360,38.033,4.273,9.836,-0.119,-1.266,0.598,1.163,-4.828,-23.878,23.878,13.455,-30.032
1780,16,-14.485,38.342,6.622,12.808,0.010,-0.920,0.392,1.507,-5.728,-22.907,22.907,14.369,-33.004
1781,16,-10.489,38.571,7.103,12.808,0.010,-0.920,0.144,2.043,-5.728,-25.210,25.210,6.905,-31.256
1782,16,-1.832,38.262,7.864,14.627,-0.072,-0.502,0.144,2.043,-7.154,-28.811,28.811,1.116,-22.641
1783,16,2.510,38.453,8.238,14.627,-0.072,-0.502,0.144,2.043,-7.154,-28.012,28.012,2.447,-24.504
1784,16,19.075,37.786,8.991,14.483,-0.389,-0.034,0.215,2.201,-8.647,-26.515,26.515,5.985,-26.954
1785,16,23.245,37.695,9.165,14.483,-0.389,-0.034,0.201,1.962,-8.647,-30.509,30.509,3.942,-13.023
1786,16,30.027,37.467,9.043,12.496,-0.780,0.393,0.201,1.962,-8.039,-34.973,34.973,1.465,2.356
1787,16,33.323,37.031,8.834,12.496,-0.780,0.393,0.201,1.962,-8.039,-34.818,34.818,2.616,2.889
1788,16,43.664,36.034,8.754,9.382,-1.120,0.752,0.038,1.689,-5.881,-34.446,34.446,4.404,3.188
1789,16,45.897,36.073,7.352,9.382,-1.120,0.752,-0.306,1.708,-5.881,-38.690,38.690,2.083,17.842
1790,16,48.649,36.130,6.608,6.277,-1.331,1.022,-0.306,1.708,-3.364,-41.758,41.758,-0.788,27.245
1791,16,49.894,35.679,5.943,6.277,-1.331,1.022,-0.306,1.708,-3.364,-42.083,42.083,-0.880,28.453
1792,16,52.858,35.341,4.658,3.481,-1.327,1.163,-0.646,1.823,-1.440,-42.112,42.112,-0.582,28.868
1793,16,53.264,35.336,3.477,3.481,-1.327,1.163,-1.125,1.866,-1.440,-38.847,38.847,-3.974,32.788
1794,16,52.765,35.472,2.699,0.637,-1.062,1.197,-1.125,1.866,-0.225,-24.951,24.951,-8.584,29.478
1795,16,52.483,35.368,2.202,0.637,-1.062,1.197,-1.125,1.866,-0.225,-25.075,25.075,-8.772,29.786
1796,16,49.475,35.648,0.992,-2.167,-0.571,1.116,-1.412,1.857,0.790,-25.071,25.071,-8.978,29.567
1797,16,48.374,35.705,0.727,-2.167,-0.571,1.116,-1.761,1.909,0.790,-10.033,10.033,-14.485,19.982
1798,16,45.039,35.739,0.402,-4.927,-0.098,0.957,-1.761,1.909,0.024,5.511,-5.511,-18.135,9.359
1799,16,43.438,36.119,0.423,-4.927,-0.098,0.957,-1.761,1.909,0.024,5.696,-5.696,-18.318,8.435
1800,16,34.822,36.793,-0.382,-7.608,0.285,0.682,-2.105,2.082,-2.096,5.545,-5.545,-19.353,8.004
1801,16,32.606,36.922,0.467,-7.608,0.285,0.682,-2.531,2.283,-2.096,21.406,-21.406,-20.090,-4.716
1802,16,26.702,36.848,0.716,-10.222,0.451,0.234,-2.531,2.283,-4.264,26.181,-26.181,-13.309,-17.035
1803,16,23.816,37.333,0.984,-10.222,0.451,0.234,-2.531,2.283,-4.264,26.039,-26.039,-14.439,-17.594
1804,16,10.312,37.701,0.434,-12.142,0.271,-0.312,-2.689,2.852,-7.077,25.165,-25.165,-16.839,-16.499
1805,16,7.489,37.667,2.332,-12.142,0.271,-0.312,-2.469,3.326,-7.077,30.408,-30.408,-4.409,-25.041
1806,16,0.640,37.635,3.255,-12.871,-0.176,-0.852,-2.469,3.326,-9.121,36.010,-36.010,13.124,-29.916
1807,16,-2.779,37.473,3.713,-12.871,-0.176,-0.852,-2.469,3.326,-9.121,35.447,-35.447,12.242,-28.546
1808,16,-15.219,37.116,4.319,-11.324,-0.774,-1.269,-1.838,3.120,-9.661,34.471,-34.471,10.706,-26.179
1809,16,-17.492,36.858,6.768,-11.324,-0.774,-1.269,-0.971,2.388,-9.661,38.521,-38.521,28.264,-24.821
1810,16,-20.978,36.916,8.343,-8.018,-1.450,-1.598,-0.971,2.388,-8.929,42.115,-42.115,45.220,-22.241
1811,16,-22.732,36.141,9.296,-8.018,-1.450,-1.598,-0.971,2.388,-8.929,42.248,-42.248,46.618,-21.373
1812,16,-25.999,35.416,11.791,-3.569,-1.810,-1.737,-0.077,1.828,-7.364,42.237,-42.237,47.344,-20.603
1813,16,-26.119,34.870,13.911,-3.569,-1.810,-1.737,0.598,1.593,-7.364,39.626,-39.626,57.676,-18.456
1814,16,-24.346,34.665,15.673,1.054,-1.658,-1.731,0.598,1.593,-5.876,16.712,-16.712,56.070,-20.851
1815,16,-23.510,34.158,16.624,1.054,-1.658,-1.731,0.598,1.593,-5.876,17.044,-17.044,57.356,-20.891
1816,16,-16.873,33.357,19.722,5.233,-1.222,-1.651,0.617,1.627,-4.895,17.470,-17.470,58.666,-21.286
1817,16,-14.817,33.111,20.708,5.233,-1.222,-1.651,0.531,1.809,-4.895,-3.850,3.850,52.446,-26.130
1818,16,-9.102,32.499,22.137,8.765,-0.754,-1.569,0.531,1.809,-5.020,-15.630,15.630,45.488,-30.991
1819,16,-6.172,32.650,22.825,8.765,-0.754,-1.569,0.531,1.809,-5.020,-15.492,15.492,45.527,-31.505
1820,16,7.277,31.443,25.687,11.429,-0.386,-1.400,0.301,2.397,-6.379,-15.124,15.124,46.727,-31.777
1821,16,10.790,31.749,25.892,11.429,-0.386,-1.400,0.182,2.852,-6.379,-16.844,16.844,38.867,-32.759
1822,16,18.390,30.893,26.699,13.027,-0.138,-1.106,0.182,2.852,-7.848,-20.576,20.576,29.116,-27.579
1823,16,22.423,31.219,27.295,13.027,-0.138,-1.106,0.182,2.852,-7.848,-20.347,20.347,29.175,-28.437
1824,16,37.054,29.657,28.985,12.926,-0.040,-0.671,0.234,2.914,-8.479,-20.403,20.403,29.632,-27.756
1825,16,41.086,30.286,28.897,12.926,-0.040,-0.671,0.239,2.632,-8.479,-26.126,26.126,17.518,-16.978
1826,16,47.360,29.788,29.008,11.523,0.018,-0.177,0.239,2.632,-7.714,-32.735,32.735,3.977,-4.084
1827,16,50.682,29.981,29.323,11.523,0.018,-0.177,0.239,2.632,-7.714,-32.558,32.558,4.142,-4.624
1828,16,60.672,29.195,29.753,9.285,0.055,0.309,0.153,2.407,-6.651,-32.665,32.665,4.006,-4.333
1829,16,63.778,29.912,29.621,9.285,0.055,0.309,-0.124,2.326,-6.651,-38.711,38.711,-8.657,7.186
1830,16,67.086,30.000,29.504,6.647,0.135,0.695,-0.124,2.326,-5.723,-43.431,43.431,-19.296,15.430
1831,16,68.864,30.285,29.661,6.647,0.135,0.695,-0.124,2.326,-5.723,-43.100,43.100,-18.779,14.620
1832,16,72.791,30.628,29.836,3.724,0.314,0.935,-0.689,2.359,-4.570,-42.694,42.694,-18.105,13.673
1833,16,74.049,31.264,29.920,3.724,0.314,0.935,-1.349,2.417,-4.570,-41.043,41.043,-25.330,15.359
1834,16,74.024,31.567,30.004,0.681,0.503,0.936,-1.349,2.417,-4.283,-25.475,25.475,-27.442,11.844
1835,16,74.154,31.958,30.291,0.681,0.503,0.936,-1.349,2.417,-4.283,-25.004,25.004,-26.647,10.754
1836,16,71.762,32.864,30.754,-2.657,0.684,0.698,-1.847,2.345,-4.642,-24.517,24.517,-25.882,9.571
1837,16,70.727,32.941,31.212,-2.657,0.684,0.698,-2.196,2.483,-4.642,-4.217,4.217,-21.658,-0.655
1838,16,67.157,33.087,31.703,-5.993,0.826,0.309,-2.196,2.483,-6.015,17.411,-17.411,-14.114,-12.897
1839,16,65.438,33.269,32.039,-5.993,0.826,0.309,-2.196,2.483,-6.015,17.571,-17.571,-14.024,-13.445
1840,16,56.573,34.274,32.700,-8.838,0.881,-0.165,-2.350,2.972,-7.982,17.583,-17.583,-14.403,-13.874
1841,16,53.659,33.517,33.706,-8.838,0.881,-0.165,-2.158,3.560,-7.982,30.857,-30.857,-4.348,-26.775
1842,16,47.693,33.685,34.702,-10.965,0.748,-0.616,-2.158,3.560,-9.695,36.356,-36.356,7.986,-36.437
1843,16,44.486,33.371,34.918,-10.965,0.748,-0.616,-2.158,3.560,-9.695,35.901,-35.901,7.184,-35.419
1844,16,31.965,34.130,35.511,-11.647,0.323,-0.968,-1.570,4.072,-10.929,35.415,-35.415,6.067,-34.595
1845,16,28.598,32.820,37.006,-11.647,0.323,-0.968,-0.799,3.790,-10.929,39.042,-39.042,19.437,-35.733
1846,16,23.404,33.047,38.126,-10.209,-0.262,-1.197,-0.799,3.790,-10.092,41.731,-41.731,32.711,-33.214
1847,16,20.276,32.063,38.293,-10.209,-0.262,-1.197,-0.799,3.790,-10.092,41.111,-41.111,32.701,-30.743
1848,16,12.444,31.594,40.394,-6.976,-0.643,-1.392,-0.033,2.943,-9.001,40.730,-40.730,32.620,-29.302
1849,16,10.345,30.608,40.767,-6.976,-0.643,-1.392,0.584,2.565,-9.001,42.499,-42.499,43.418,-26.742
1850,16,9.116,30.486,41.898,-3.237,-0.646,-1.371,0.584,2.565,-7.757,24.112,-24.112,43.004,-25.930
1851,16,8.195,29.777,42.330,-3.237,-0.646,-1.371,0.584,2.565,-7.757,24.437,-24.437,43.732,-24.659
1852,16,8.159,29.074,44.348,0.094,-0.298,-1.273,0.823,2.670,-7.441,24.614,-24.614,44.198,-23.917
1853,16,8.360,28.858,44.901,0.094,-0.298,-1.273,0.756,3.015,-7.441,6.305,-6.305,37.285,-25.534
1854,16,10.300,28.492,45.808,3.051,0.148,-1.144,0.756,3.015,-7.680,-11.193,11.193,27.932,-27.924
1855,16,11.482,28.720,46.361,3.051,0.148,-1.144,0.756,3.015,-7.680,-11.764,11.764,27.642,-28.289
1856,16,17.418,28.208,47.972,5.674,0.604,-0.989,0.775,3.173,-8.465,-13.237,13.237,27.463,-28.173
1857,16,19.559,28.862,48.732,5.674,0.604,-0.989,0.627,3.455,-8.465,-22.869,22.869,16.665,-30.858
1858,16,23.876,28.305,49.289,8.029,0.958,-0.731,0.627,3.455,-9.599,-26.473,26.473,5.087,-28.020
1859,16,26.770,29.239,50.052,8.029,0.958,-0.731,0.627,3.455,-9.599,-26.044,26.044,4.702,-30.124
1860,16,36.425,28.716,51.471,9.153,1.164,-0.334,0.273,3.469,-10.992,-25.930,25.930,4.538,-30.743
1861,16,39.865,30.003,52.052,9.153,1.164,-0.334,-0.239,2.900,-10.992,-30.566,30.566,-8.269,-25.004
1862,16,44.098,29.666,52.254,8.273,1.214,-0.019,-0.239,2.900,-11.197,-34.801,34.801,-17.108,-16.905
1863,16,47.020,30.572,53.090,8.273,1.214,-0.019,-0.239,2.900,-11.197,-33.987,33.987,-16.380,-19.432
1864,16,54.524,30.391,54.129,6.938,1.172,0.125,-0.804,2.833,-8.996,-33.614,33.614,-15.895,-20.438
1865,16,57.336,31.403,54.795,6.938,1.172,0.125,-1.081,2.986,-8.996,-34.832,34.832,-17.985,-17.657
1866,16,59.979,31.319,55.047,5.327,1.129,0.250,-1.081,2.986,-8.049,-36.451,36.451,-20.477,-13.671
1867,16,61.852,31.891,55.762,5.327,1.129,0.250,-1.081,2.986,-8.049,-35.795,35.795,-19.495,-15.316
1868,16,65.608,32.112,56.734,3.337,1.146,0.331,-1.263,3.048,-8.790,-35.395,35.395,-18.787,-16.208
1869,16,67.109,32.683,57.434,3.337,1.146,0.331,-1.263,3.048,-8.790,-29.989,29.989,-19.968,-15.762
1870,16,68.208,32.790,57.910,3.337,1.146,0.331,-1.531,2.957,-8.977,-29.840,29.840,-19.658,-16.050
1871,16,68.712,33.091,58.429,1.237,1.075,0.296,-1.531,2.957,-8.977,-18.535,18.535,-17.160,-16.756
1872,16,68.781,33.636,59.419,-0.932,0.940,0.149,-1.675,2.933,-9.752,-18.220,18.220,-16.611,-17.465
1873,16,68.485,33.566,59.987,-0.932,0.940,0.149,-1.675,2.933,-9.752,-5.306,5.306,-10.722,-19.858
1874,16,67.501,33.719,60.612,-0.932,0.940,0.149,-1.498,2.905,-9.805,-5.158,5.158,-10.591,-20.318
1875,16,66.695,33.678,60.802,-2.443,0.760,-0.017,-1.498,2.905,-9.805,4.399,-4.399,-4.056,-21.800
1876,16,63.401,34.192,61.555,-3.620,0.481,-0.156,-1.493,2.756,-9.551,4.404,-4.404,-4.199,-21.961
1877,16,61.878,33.608,61.878,-3.620,0.481,-0.156,-1.493,2.756,-9.551,11.771,-11.771,2.538,-21.151
1878,16,59.674,33.756,62.473,-3.620,0.481,-0.156,-1.378,2.952,-9.522,11.847,-11.847,2.409,-21.581
1879,16,57.935,33.326,62.260,-4.565,0.083,-0.298,-1.378,2.952,-9.522,17.826,-17.826,10.797,-18.214
1880,16,52.663,33.473,62.465,-4.904,-0.444,-0.426,-1.139,3.005,-9.589,17.470,-17.470,10.084,-17.504
1881,16,50.449,32.390,62.462,-4.904,-0.444,-0.426,-1.139,3.005,-9.589,19.902,-19.902,19.432,-11.087
1882,16,47.984,32.341,62.827,-4.904,-0.444,-0.426,-0.909,3.144,-8.943,19.774,-19.774,19.110,-10.895
1883,16,46.091,31.487,62.365,-4.336,-0.859,-0.522,-0.909,3.144,-8.943,17.292,-17.292,26.521,-4.936
1884,16,41.719,30.749,62.216,-3.173,-1.136,-0.609,-0.455,3.149,-8.393,16.654,-16.654,25.867,-3.035
1885,16,40.133,29.591,62.150,-3.173,-1.136,-0.609,-0.455,3.149,-8.393,10.904,-10.904,31.243,2.095
1886,16,38.853,29.156,62.358,-3.173,-1.136,-0.609,-0.321,3.029,-7.699,10.572,-10.572,31.071,3.252
1887,16,37.937,28.312,62.096,-1.573,-1.188,-0.673,-0.321,3.029,-7.699,2.735,-2.735,33.106,4.633
1888,16,36.920,26.928,62.130,0.232,-1.140,-0.720,-0.196,2.895,-6.934,2.127,-2.127,32.898,6.859
1889,16,36.686,26.181,62.185,0.232,-1.140,-0.720,-0.196,2.895,-6.934,-7.264,7.264,32.951,8.363
1890,16,37.119,25.456,62.340,0.232,-1.140,-0.720,-0.349,3.273,-6.948,-7.842,7.842,32.596,10.319
1891,16,37.443,24.966,62.361,1.703,-1.000,-0.782,-0.349,3.273,-6.948,-14.825,14.825,31.881,8.112
1892,16,39.381,23.505,62.631,2.421,-0.672,-0.831,-0.445,3.426,-7.082,-15.507,15.507,31.340,10.302
1893,16,40.091,23.193,62.902,2.421,-0.672,-0.831,-0.445,3.426,-7.082,-19.465,19.465,26.818,7.252
1894,16,41.288,22.514,63.176,2.421,-0.672,-0.831,-0.402,3.321,-6.900,-20.165,20.165,26.012,9.245
1895,16,41.982,22.304,63.397,2.450,-0.426,-0.872,-0.402,3.321,-6.900,-20.051,20.051,23.148,5.350
1896,16,44.105,21.250,63.941,1.944,-0.240,-0.883,-0.402,3.149,-6.728,-20.692,20.692,22.283,7.049
1897,16,44.725,21.007,64.386,1.944,-0.240,-0.883,-0.402,3.149,-6.728,-18.875,18.875,18.724,6.342
1898,16,45.409,20.566,64.840,1.944,-0.240,-0.883,-0.364,3.048,-6.455,-19.367,19.367,18.071,7.656
1899,16,45.580,20.339,65.066,0.851,-0.081,-0.866,-0.364,3.048,-6.455,-14.345,14.345,15.114,6.472
1900,16,45.660,19.845,65.829,-0.414,0.156,-0.830,-0.330,3.000,-6.513,-14.781,14.781,14.595,7.695
1901,16,45.434,19.461,66.377,-0.414,0.156,-0.830,-0.330,3.000,-6.513,-9.243,9.243,10.183,6.443
1902,16,44.885,19.376,67.076,-0.414,0.156,-0.830,-0.354,3.082,-6.723,-9.231,9.231,10.396,6.605
1903,16,44.219,19.100,67.291,-1.694,0.341,-0.806,-0.354,3.082,-6.723,-3.263,3.263,7.294,5.220
1904,16,41.754,19.285,68.344,-2.864,0.553,-0.787,-0.388,3.397,-7.297,-3.258,3.258,7.704,5.613
1905,16,40.663,18.778,69.005,-2.864,0.553,-0.787,-0.388,3.397,-7.297,2.705,-2.705,5.494,2.963
1906,16,38.992,19.096,69.947,-2.864,0.553,-0.787,-0.354,3.747,-8.154,3.274,-3.274,6.582,1.777
1907,16,37.623,18.811,70.193,-3.881,0.812,-0.795,-0.354,3.747,-8.154,8.481,-8.481,3.688,-1.621
1908,16,33.227,19.707,71.515,-4.532,1.003,-0.840,-0.345,4.034,-8.781,8.980,-8.980,4.946,-2.358
1909,16,31.638,19.214,72.369,-4.532,1.003,-0.840,-0.345,4.034,-8.781,13.781,-13.781,5.507,-7.985
1910,16,29.497,19.832,73.461,-4.532,1.003,-0.840,-0.196,4.192,-9.470,14.606,-14.606,6.687,-10.105
1911,16,28.012,19.645,73.804,-4.363,1.155,-0.945,-0.196,4.192,-9.470,15.247,-15.247,7.908,-14.812
1912,16,23.978,20.782,75.282,-3.481,1.245,-1.038,-0.005,4.268,-10.082,15.915,-15.915,9.081,-16.312
1913,16,22.931,20.590,76.318,-3.481,1.245,-1.038,-0.005,4.268,-10.082,13.508,-13.508,11.285,-22.121
1914,16,21.647,21.072,77.368,-3.481,1.245,-1.038,0.187,4.043,-10.513,13.980,-13.980,11.706,-23.590
1915,16,21.182,21.249,77.874,-1.841,1.278,-1.081,0.187,4.043,-10.513,6.490,-6.490,12.461,-25.684
1916,16,20.329,22.061,79.428,0.068,1.323,-1.073,0.306,3.527,-11.054,6.840,-6.840,12.624,-26.921
1917,16,20.741,22.413,80.482,0.068,1.323,-1.073,0.306,3.527,-11.054,-2.558,2.558,11.298,-28.835
1918,16,21.032,22.554,81.356,0.068,1.323,-1.073,0.431,3.053,-10.881,-2.539,2.539,11.129,-29.080
1919,16,21.856,23.125,81.979,1.351,1.326,-0.931,0.431,3.053,-10.881,-10.578,10.578,7.017,-26.684
1920,16,23.621,23.665,83.400,1.901,1.243,-0.814,0.431,2.986,-9.891,-10.488,10.488,6.525,-27.536
1921,16,24.736,24.215,84.294,1.901,1.243,-0.814,0.187,2.986,-9.891,-14.619,14.619,4.022,-24.533
1922,16,25.651,24.222,84.996,1.901,1.243,-0.814,0.048,3.110,-9.819,-14.719,14.719,3.755,-24.398
1923,16,26.723,24.739,85.599,2.076,1.115,-0.787,0.048,3.110,-9.819,-15.754,15.754,4.531,-22.975
1924,16,28.925,24.999,86.863,2.085,1.043,-0.738,0.048,2.871,-9.752,-15.712,15.712,4.151,-23.525
1925,16,30.070,25.430,87.691,2.085,1.043,-0.738,0.000,2.871,-9.752,-16.312,16.312,3.472,-21.973
1926,16,31.079,25.308,88.315,2.085,1.043,-0.738,-0.196,2.900,-9.116,-16.478,16.478,3.231,-21.549
1927,16,32.279,25.765,88.943,2.446,1.035,-0.753,-0.196,2.900,-9.116,-17.896,17.896,3.489,-22.845
1928,16,34.890,25.737,90.158,2.626,0.879,-0.746,-0.196,2.919,-8.728,-17.880,17.880,3.203,-23.194
1929,16,36.236,26.105,90.970,2.626,0.879,-0.746,-0.364,2.919,-8.728,-18.939,18.939,4.813,-20.949
1930,16,37.410,25.861,91.523,2.626,0.879,-0.746,-0.421,2.924,-8.029,-19.205,19.205,4.489,-20.208
1931,16,38.547,26.146,92.080,2.524,0.712,-0.721,-0.421,2.924,-8.029,-18.858,18.858,6.159,-17.882
1932,16,40.984,25.829,93.072,2.400,0.588,-0.687,-0.421,2.972,-7.891,-18.967,18.967,5.865,-17.738
1933,16,42.137,26.023,93.755,2.400,0.588,-0.687,-0.598,2.972,-7.891,-18.999,18.999,6.312,-14.691
1934,16,43.160,25.713,94.211,2.400,0.588,-0.687,-0.670,2.967,-7.690,-19.331,19.331,5.904,-13.774
1935,16,44.110,25.870,94.687,2.251,0.533,-0.683,-0.670,2.967,-7.690,-18.566,18.566,6.503,-13.252
1936,16,46.176,25.416,95.506,2.135,0.395,-0.665,-0.670,2.929,-7.446,-18.754,18.754,6.154,-12.848
1937,16,47.141,25.481,96.093,2.135,0.395,-0.665,-0.708,2.929,-7.446,-18.759,18.759,7.072,-9.587
1938,16,48.005,25.131,96.469,2.135,0.395,-0.665,-0.790,3.082,-7.230,-19.143,19.143,6.567,-8.557
1939,16,48.739,25.168,96.839,1.931,0.306,-0.653,-0.790,3.082,-7.230,-18.289,18.289,7.417,-7.053
1940,16,50.401,24.586,97.456,1.876,0.198,-0.646,-0.790,3.039,-7.111,-18.572,18.572,6.964,-6.373
1941,16,51.173,24.550,97.934,1.876,0.198,-0.646,-0.885,3.039,-7.111,-18.874,18.874,7.558,-3.464
1942,16,51.902,24.160,98.224,1.876,0.198,-0.646,-0.943,3.086,-6.934,-19.313,19.313,6.945,-2.322
1943,16,52.480,24.108,98.496,1.743,0.094,-0.656,-0.943,3.086,-6.934,-18.611,18.611,8.488,-0.925
1944,16,53.778,23.443,98.951,1.450,0.028,-0.663,-0.943,3.000,-6.565,-18.987,18.987,7.902,-0.007
1945,16,54.289,23.296,99.332,1.450,0.028,-0.663,-1.096,3.000,-6.565,-18.032,18.032,8.121,2.251
1946,16,54.751,22.935,99.605,1.450,0.028,-0.663,-1.105,3.149,-6.197,-18.441,18.441,7.536,3.303
1947,16,54.942,22.782,99.748,0.947,-0.062,-0.623,-1.105,3.149,-6.197,-16.594,16.594,7.577,6.013
1948,16,55.220,22.218,100.120,0.123,-0.116,-0.691,-1.105,3.153,-6.426,-16.977,16.977,7.039,7.008
1949,16,55.060,21.858,100.387,0.123,-0.116,-0.691,-1.302,3.153,-6.426,-12.582,12.582,8.866,7.745
1950,16,54.906,21.580,100.754,0.123,-0.116,-0.691,-1.211,3.216,-6.460,-12.852,12.852,8.578,8.537
1951,16,54.411,21.232,100.759,-0.639,-0.192,-0.757,-1.211,3.216,-6.460,-8.523,8.523,11.072,8.948
1952,16,53.206,20.705,101.186,-1.480,-0.279,-0.843,-1.211,3.254,-6.565,-8.895,8.895,10.788,10.150
1953,16,52.266,20.070,101.387,-1.480,-0.279,-0.843,-1.340,3.254,-6.565,-4.172,4.172,14.001,11.282
1954,16,51.464,19.854,101.910,-1.480,-0.279,-0.843,-1.254,3.383,-6.594,-4.279,4.279,14.132,11.843
1955,16,50.252,19.285,101.819,-2.308,-0.316,-0.968,-1.254,3.383,-6.594,1.049,-1.049,17.788,10.759
1956,16,47.581,18.779,102.418,-3.072,-0.364,-1.097,-1.254,3.407,-6.967,0.761,-0.761,18.011,12.135
1957,16,45.930,17.866,102.693,-3.072,-0.364,-1.097,-1.120,3.407,-6.967,5.850,-5.850,22.691,11.738
1958,16,44.569,17.740,103.428,-3.072,-0.364,-1.097,-1.129,3.493,-7.269,5.988,-5.988,23.388,11.882
1959,16,42.682,16.934,103.309,-3.841,-0.454,-1.202,-1.129,3.493,-7.269,10.800,-10.800,27.836,12.464
1960,16,38.880,16.422,104.125,-4.052,-0.451,-1.319,-1.129,3.512,-7.336,10.764,-10.764,28.933,13.704
1961,16,36.831,15.351,104.566,-4.052,-0.451,-1.319,-0.938,3.512,-7.336,13.365,-13.365,33.827,12.414
1962,16,35.315,15.228,105.432,-4.052,-0.451,-1.319,-0.785,3.436,-7.537,13.663,-13.663,34.895,12.289
1963,16,33.458,14.385,105.473,-3.785,-0.500,-1.435,-0.785,3.436,-7.537,13.661,-13.661,39.650,11.703
1964,16,30.289,13.723,106.552,-2.807,-0.394,-1.551,-0.785,3.450,-7.584,13.853,-13.853,41.260,12.547
1965,16,28.898,12.866,107.273,-2.807,-0.394,-1.551,-0.579,3.450,-7.584,10.581,-10.581,44.575,9.391
1966,16,28.051,12.559,108.219,-2.807,-0.394,-1.551,-0.493,3.441,-7.527,10.668,-10.668,45.308,9.777
1967,16,27.381,12.128,108.598,-1.351,-0.129,-1.680,-0.493,3.441,-7.527,4.959,-4.959,45.342,3.522
1968,16,26.783,11.537,110.091,0.255,0.294,-1.800,-0.493,3.383,-7.752,4.946,-4.946,46.024,4.257
1969,16,26.986,11.308,111.204,0.255,0.294,-1.800,-0.354,3.383,-7.752,-1.930,1.930,42.693,-3.681
1970,16,27.271,10.910,112.292,0.255,0.294,-1.800,-0.196,3.708,-8.326,-2.283,2.283,42.423,-2.538
1971,16,28.230,11.122,113.023,1.834,0.747,-1.883,-0.196,3.708,-8.326,-9.364,9.364,37.109,-11.123
1972,16,30.338,10.935,114.932,2.864,1.246,-1.850,-0.196,3.718,-9.685,-9.830,9.830,36.014,-10.353
1973,16,31.954,11.241,116.348,2.864,1.246,-1.850,-0.038,3.718,-9.685,-16.181,16.181,25.600,-15.968
1974,16,33.046,10.992,117.532,2.864,1.246,-1.850,0.139,3.388,-9.843,-16.742,16.742,24.490,-14.832
1975,16,34.835,11.551,118.460,3.376,1.594,-1.717,0.139,3.388,-9.843,-21.150,21.150,14.699,-17.217
1976,16,38.025,11.764,120.531,3.714,1.743,-1.513,0.139,3.512,-10.097,-21.635,21.635,12.941,-17.037
1977,16,40.132,12.194,121.964,3.714,1.743,-1.513,0.081,3.512,-10.097,-26.529,26.529,2.995,-14.158
1978,16,41.416,12.130,123.119,3.714,1.743,-1.513,0.019,3.613,-11.006,-26.959,26.959,1.827,-13.608
1979,16,43.159,12.676,124.057,3.285,1.963,-1.311,0.019,3.613,-11.006,-27.340,27.340,-7.451,-12.799
1980,16,45.704,13.336,126.202,2.245,2.127,-1.112,0.019,3.216,-11.810,-27.560,27.560,-8.793,-13.259
1981,16,47.099,13.616,127.559,2.245,2.127,-1.112,-0.234,3.216,-11.810,-24.763,24.763,-17.158,-11.994
1982,16,47.782,13.854,128.808,2.245,2.127,-1.112,-0.306,2.818,-11.685,-24.697,24.697,-17.455,-12.556
1983,16,48.500,14.185,129.588,1.206,2.047,-0.985,-0.306,2.818,-11.685,-20.934,20.934,-19.696,-9.076
1984,16,49.144,15.002,131.641,0.065,1.823,-0.900,-0.306,2.479,-11.370,-20.747,20.747,-19.870,-9.999
1985,16,49.325,14.988,132.710,0.065,1.823,-0.900,-0.507,2.479,-11.370,-15.693,15.693,-18.390,-5.917
1986,16,49.265,15.237,133.891,0.065,1.823,-0.900,-0.479,2.388,-10.791,-15.438,15.438,-18.091,-6.637
1987,16,49.055,15.299,134.435,-0.550,1.599,-0.997,-0.479,2.388,-10.791,-11.050,11.050,-12.262,-6.070
1988,16,48.465,15.773,136.221,-0.714,1.420,-1.130,-0.479,2.684,-10.838,-10.823,10.823,-11.885,-6.600
1989,16,48.169,15.543,137.200,-0.714,1.420,-1.130,-0.330,2.684,-10.838,-8.146,8.146,-5.523,-7.663
1990,16,47.937,15.571,138.291,-0.714,1.420,-1.130,-0.297,2.775,-10.346,-8.071,8.071,-5.337,-7.779
1991,16,47.730,15.525,138.784,-0.443,1.231,-1.217,-0.297,2.775,-10.346,-8.346,8.346,-0.389,-7.140
1992,16,47.524,15.523,140.373,0.270,1.086,-1.306,-0.297,2.852,-10.422,-8.337,8.337,-0.262,-7.049
1993,16,47.707,15.276,141.337,0.270,1.086,-1.306,-0.172,2.852,-10.422,-11.023,11.023,3.710,-6.587
1994,16,47.876,15.034,142.253,0.270,1.086,-1.306,-0.301,2.914,-10.733,-11.290,11.290,3.357,-5.872
1995,16,48.417,14.977,142.789,1.158,0.911,-1.356,-0.301,2.914,-10.733,-15.278,15.278,6.665,-4.383
1996,16,49.595,14.461,144.124,1.922,0.730,-1.398,-0.301,3.010,-10.513,-15.643,15.643,5.976,-3.611
1997,16,50.598,14.230,145.039,1.922,0.730,-1.398,-0.364,3.010,-10.513,-19.776,19.776,7.932,-0.397
1998,16,51.309,13.729,145.757,1.922,0.730,-1.398,-0.292,2.952,-9.800,-20.430,20.430,6.842,1.129
1999,16,52.472,13.632,146.297,2.549,0.620,-1.442,-0.292,2.952,-9.800,-23.356,23.356,8.543,1.984
2000,16,54.681,12.740,147.379,3.062,0.561,-1.418,-0.292,2.761,-9.685,-24.090,24.090,6.992,3.370
2001,16,56.234,12.494,148.243,3.062,0.561,-1.418,-0.426,2.761,-9.685,-28.200,28.200,4.444,7.014
2002,16,57.292,11.891,148.807,3.062,0.561,-1.418,-0.517,2.775,-9.254,-29.066,29.066,2.776,8.811
2003,16,58.690,11.765,149.283,3.221,0.473,-1.335,-0.517,2.775,-9.254,-31.324,31.324,0.679,12.546
2004,16,61.167,10.806,150.139,3.133,0.506,-1.322,-0.517,2.574,-8.833,-32.198,32.198,-1.371,13.995
2005,16,62.693,10.510,150.903,3.133,0.506,-1.322,-0.656,2.574,-8.833,-33.211,33.211,-5.244,15.943
2006,16,63.704,9.917,151.409,3.133,0.506,-1.322,-0.761,2.579,-8.671,-34.075,34.075,-7.049,17.593
2007,16,64.811,9.751,151.806,2.785,0.463,-1.248,-0.761,2.579,-8.671,-33.642,33.642,-9.457,20.418
2008,16,66.682,8.854,152.626,2.266,0.600,-1.288,-0.761,2.483,-10.125,-34.471,34.471,-11.437,21.753
2009,16,67.686,8.463,153.351,2.266,0.600,-1.288,-1.010,2.483,-10.125,-32.480,32.480,-14.924,20.680
2010,16,68.370,7.881,153.985,2.266,0.600,-1.288,-0.866,2.479,-10.642,-32.480,32.480,-14.973,20.632
2011,16,69.141,7.666,154.432,2.120,0.803,-1.369,-0.866,2.479,-10.642,-30.739,30.739,-16.144,15.413
2012,16,70.480,6.775,155.563,1.871,0.937,-1.444,-0.866,2.464,-11.011,-30.739,30.739,-16.374,15.183
2013,16,71.252,6.256,156.435,1.871,0.937,-1.444,-1.029,2.464,-11.011,-28.547,28.547,-16.657,11.118
2014,16,71.771,5.629,157.275,1.871,0.937,-1.444,-1.010,2.383,-11.858,-28.547,28.547,-16.684,11.091
2015,16,72.333,5.367,157.784,1.730,1.128,-1.509,-1.010,2.383,-11.858,-27.031,27.031,-17.997,6.529
2016,16,73.286,4.425,159.214,1.489,1.252,-1.643,-1.010,2.402,-11.561,-27.031,27.031,-18.158,6.368
2017,16,73.818,3.763,160.229,1.489,1.252,-1.643,-1.091,2.402,-11.561,-24.163,24.163,-16.705,1.163
2018,16,74.153,3.055,161.239,1.489,1.252,-1.643,-0.914,2.273,-11.130,-24.163,24.163,-16.661,1.207
2019,16,74.462,2.717,161.787,1.266,1.319,-1.721,-0.914,2.273,-11.130,-22.059,22.059,-15.727,-1.801
2020,16,74.922,1.658,163.384,0.946,1.357,-1.764,-0.914,2.364,-10.475,-22.059,22.059,-15.726,-1.799
2021,16,75.092,0.905,164.444,0.946,1.357,-1.764,-0.746,2.364,-10.475,-19.929,19.929,-15.019,-3.223
2022,16,75.172,0.157,165.521,0.946,1.357,-1.764,-0.670,2.474,-10.719,-19.929,19.929,-14.834,-3.038
2023,16,75.207,-0.220,166.064,0.761,1.365,-1.817,-0.670,2.474,-10.719,-18.336,18.336,-13.513,-4.380
2024,16,75.176,-1.327,167.728,0.549,1.386,-1.848,-0.670,2.364,-10.886,-18.336,18.336,-13.291,-4.158
2025,16,75.059,-2.123,168.815,0.549,1.386,-1.848,-0.723,2.364,-10.886,-16.890,16.890,-12.336,-4.748
2026,16,74.970,-2.886,169.896,0.549,1.386,-1.848,-0.517,2.584,-11.685,-16.890,16.890,-12.030,-4.441
2027,16,74.876,-3.275,170.422,0.575,1.270,-1.856,-0.517,2.584,-11.685,-16.930,16.930,-9.990,-2.775
2028,16,74.781,-4.442,171.979,0.966,1.173,-1.867,-0.517,2.603,-12.106,-16.930,16.930,-9.643,-2.428
2029,16,74.851,-5.220,172.995,0.966,1.173,-1.867,-0.340,2.603,-12.106,-18.738,18.738,-7.687,-1.057
2030,16,74.963,-6.018,173.940,0.966,1.173,-1.867,-0.163,2.632,-11.451,-18.738,18.738,-7.533,-0.904
2031,16,75.334,-6.403,174.379,1.650,0.947,-1.817,-0.163,2.632,-11.451,-22.784,22.784,-5.750,3.383
2032,16,76.061,-7.609,175.654,1.907,0.916,-1.772,-0.163,2.641,-10.106,-22.784,22.784,-5.887,3.246
2033,16,76.625,-8.355,176.532,1.907,0.916,-1.772,-0.100,2.641,-10.106,-24.640,24.640,-7.009,4.414
2034,16,77.002,-9.150,177.389,1.907,0.916,-1.772,-0.100,2.641,-10.106,-24.640,24.640,-7.137,4.286
2035,16,77.461,-9.509,177.814,1.959,0.978,-1.719,-0.005,2.507,-10.671,-25.553,25.553,-9.645,4.388
2036,16,78.291,-10.606,179.141,1.959,0.978,-1.719,-0.005,2.507,-10.671,-25.553,25.553,-9.974,4.059
2037,16,78.717,-11.348,-179.929,1.791,1.135,-1.677,0.019,2.402,-11.762,-25.244,25.244,-13.680,2.484
2038,16,78.996,-12.076,-178.965,1.791,1.135,-1.677,0.019,2.402,-11.762,-25.244,25.244,-13.791,2.373
2039,16,79.292,-12.405,-178.486,1.671,1.217,-1.611,0.019,2.330,-12.676,-25.474,25.474,-16.830,2.636
2040,16,79.755,-13.355,-176.952,1.671,1.217,-1.611,0.019,2.330,-12.676,-25.474,25.474,-17.001,2.465
2041,16,80.051,-14.092,-175.988,1.677,1.267,-1.615,-0.077,2.259,-13.365,-25.447,25.447,-17.857,1.396
2042,16,80.235,-14.778,-174.958,1.677,1.267,-1.615,-0.077,2.259,-13.365,-25.447,25.447,-17.919,1.334
2043,16,80.425,-15.119,-174.462,1.535,1.269,-1.647,0.024,2.330,-13.595,-24.339,24.339,-17.282,0.373
2044,16,80.681,-16.107,-172.880,1.535,1.269,-1.647,0.024,2.330,-13.595,-24.339,24.339,-17.346,0.309
2045,16,80.901,-16.841,-171.949,1.615,1.205,-1.606,0.139,2.345,-13.212,-25.244,25.244,-17.588,2.091
2046,16,81.031,-17.524,-170.951,1.615,1.205,-1.606,0.139,2.345,-13.212,-25.244,25.244,-17.619,2.060
2047,16,81.142,-17.863,-170.454,1.432,1.270,-1.633,0.368,2.220,-13.676,-23.995,23.995,-17.947,0.401
2048,16,81.233,-18.835,-168.866,1.432,1.270,-1.633,0.368,2.220,-13.676,-23.995,23.995,-17.915,0.433
2049,16,81.225,-19.593,-167.882,1.332,1.242,-1.645,0.450,0.608,-11.953,-23.348,23.348,-17.095,0.666
2050,16,81.187,-20.316,-166.818,1.332,1.242,-1.645,0.450,0.608,-11.953,-23.348,23.348,-16.951,0.810
2051,16,72.923,-26.161,-155.732,-12.823,30.102,-27.889,12.843,-82.898,-29.625,100.250,-100.250,64.286,-235.714
2052,16,39.323,-35.348,-116.278,-12.823,30.102,-27.889,12.843,-82.898,-29.625,100.250,-100.250,64.286,-235.714
2053,16,7.493,-25.020,-87.001,-33.425,30.096,-34.904,-6.704,-4.216,-3.397,100.250,-100.250,64.286,-235.714
2054,16,-9.447,-17.689,-67.471,-33.425,30.096,-34.904,-6.704,-4.216,-3.397,100.250,-100.250,64.286,-235.714
2055,16,-27.671,-3.173,-58.508,-34.899,-1.857,-34.881,-16.078,-5.201,-7.154,100.250,-100.250,205.096,-94.903
2056,16,-60.116,13.297,-34.760,-34.899,-1.857,-34.881,-16.078,-5.201,-7.154,100.250,-100.250,197.892,-102.108
2057,16,-62.992,23.213,-8.111,-29.758,-30.692,-34.881,-13.992,-0.981,-8.106,100.250,-100.250,235.714,-64.286
2058,16,-66.430,36.524,17.696,-29.758,-30.692,-34.881,-13.992,-0.981,-8.106,100.250,-100.250,235.714,-64.286
2059,16,-58.906,37.409,36.120,-8.359,-34.906,-33.437,-16.413,5.106,-9.771,100.250,-100.250,235.714,-64.286
2060,16,-25.410,31.162,92.437,-8.359,-34.906,-33.437,-16.413,5.106,-9.771,100.250,-100.250,235.714,-64.286
2061,16,-11.782,26.502,117.473,9.196,-31.708,-34.009,-10.862,16.088,-4.977,40.250,-40.250,235.714,-64.286
2062,16,0.627,9.896,139.438,9.196,-31.708,-34.009,-10.862,16.088,-4.977,40.250,-40.250,235.714,-64.286
2063,16,8.006,4.021,149.091,20.696,-18.098,-34.904,0.952,9.776,-1.038,40.250,-40.250,235.714,-64.286
