packet_timestamp,statemachine,angle_roll,angle_pitch,angle_yaw,gyro_x,gyro_y,gyro_z,acc_x,acc_y,acc_z,rudder1,rudder2,rudder3,rudder4
5461,16,41.097,13.457,-67.633,1.398,-7.282,9.914,-1.670,-0.957,0.134,-94.488,94.488,-64.286,235.714
5462,16,39.816,13.678,-74.303,0.213,-7.165,9.896,-1.670,-0.957,0.134,-88.565,88.565,-64.286,235.714
5463,16,37.587,13.774,-84.157,-0.988,-7.165,9.598,-1.670,-0.957,0.134,-82.562,82.562,-64.286,235.714
5464,16,35.710,13.663,-90.531,-0.988,-6.803,9.598,-3.699,-1.364,-0.033,-82.562,82.562,-64.286,235.714
5465,16,34.784,13.535,-93.716,-0.988,-6.803,9.598,-7.628,-0.148,1.412,-82.562,82.562,-64.286,235.714
5466,16,32.521,13.364,-99.753,-1.898,-6.173,9.388,-7.628,-0.148,1.412,-78.008,78.008,-65.863,234.137
5467,16,29.338,12.839,-108.420,-1.728,-6.173,8.534,-7.628,-0.148,1.412,-78.861,78.861,-64.286,235.714
5468,16,27.443,12.439,-113.713,-1.728,-5.296,8.534,-13.006,1.555,1.507,-78.861,78.861,-77.428,222.572
5469,16,26.511,12.196,-116.353,-1.728,-5.296,8.534,-7.465,3.441,0.416,-78.861,78.861,-77.143,222.857
5470,16,24.411,11.923,-121.440,-2.243,-4.651,8.515,-7.465,3.441,0.416,-76.283,76.283,-86.059,213.941
5471,16,20.923,11.467,-129.081,-3.574,-4.651,8.991,-7.465,3.441,0.416,-69.630,69.630,-83.315,216.685
5472,16,18.104,11.224,-134.210,-3.574,-3.879,8.991,-1.708,0.986,-0.282,-68.684,68.684,-96.253,203.747
5473,16,16.706,11.010,-136.764,-3.574,-3.879,8.991,-0.455,0.306,-0.368,-67.984,67.984,-95.974,204.026
5474,16,13.315,10.848,-141.861,-4.652,-3.084,9.242,-0.455,0.306,-0.368,-60.898,60.898,-107.122,192.878
5475,16,8.162,10.248,-149.436,-5.104,-3.084,9.348,-0.455,0.306,-0.368,-56.464,56.464,-105.317,194.683
5476,16,4.590,9.751,-154.420,-5.104,-2.338,9.348,-1.038,2.503,-1.522,-54.277,54.277,-116.242,183.758
5477,16,2.819,9.388,-156.893,-5.104,-2.338,9.348,-8.575,39.214,-9.848,-53.391,53.391,-115.723,184.277
5478,16,-0.379,6.638,-160.436,-4.825,-5.526,6.806,-8.575,39.214,-9.848,-53.187,53.187,-66.261,233.739
5479,16,-4.886,2.267,-165.246,-4.852,-5.526,5.426,-8.575,39.214,-9.848,-39.093,39.093,-40.795,212.223
5480,16,-7.666,-0.719,-167.791,-4.852,-5.393,5.426,0.215,19.227,-1.412,-40.361,40.361,-46.331,217.760
5481,16,-9.003,-2.252,-169.017,-4.852,-5.393,5.426,-0.129,3.508,-1.483,-39.032,39.032,-45.081,216.510
5482,16,-11.745,-5.010,-171.535,-5.122,-4.664,5.634,-0.129,3.508,-1.483,-39.022,39.022,-47.330,218.758
5483,16,-15.709,-9.334,-175.139,-5.351,-4.664,5.955,-0.129,3.508,-1.483,-36.960,36.960,-43.206,214.635
5484,16,-18.297,-12.327,-177.487,-5.351,-4.542,5.955,-0.172,0.057,-0.421,-37.752,37.752,-44.790,216.219
5485,16,-19.555,-13.860,-178.605,-5.351,-4.542,5.955,-0.187,-0.684,-0.641,-36.409,36.409,-42.103,213.532
5486,16,-22.087,-16.886,179.011,-5.596,-4.216,6.278,-0.187,-0.684,-0.641,-37.478,37.478,-44.242,215.671
5487,16,-25.755,-21.587,175.553,-5.846,-4.216,6.662,-0.187,-0.684,-0.641,-33.984,33.984,-37.253,208.682
5488,16,-26.729,-24.811,172.895,-5.846,-4.001,6.662,0.000,-0.498,-0.871,-34.069,34.069,-37.424,208.853
5489,16,-29.291,-26.468,172.107,-5.846,-4.001,6.662,-0.158,0.215,-0.517,-30.927,30.927,-31.140,202.569
5490,16,-31.538,-29.710,169.588,-6.111,-3.546,7.051,-0.158,0.215,-0.517,-35.637,35.637,-47.042,205.507
5491,16,-31.877,-34.704,166.048,4.147,-3.546,6.737,-0.158,0.215,-0.517,-72.445,72.445,-39.186,197.651
5492,16,-29.544,-38.073,164.062,4.147,-3.702,6.737,17.696,-1.144,-6.039,-72.445,72.445,-36.964,199.872
5493,16,-25.909,-39.623,161.982,4.147,-3.702,6.737,19.016,-11.116,-26.180,-72.445,72.445,-36.964,199.872
5494,16,-18.276,-42.319,159.276,10.335,-3.334,5.640,19.016,-11.116,-26.180,-77.994,77.994,-14.784,167.192
5495,16,-8.155,-43.742,156.412,6.706,-3.334,0.250,19.016,-11.116,-26.180,-14.782,14.782,103.406,49.002
5496,16,-4.137,-41.220,156.615,6.706,4.768,0.250,11.920,-15.135,-22.715,-29.215,29.215,-32.975,-46.114
5497,16,-2.176,-39.956,156.805,6.706,4.768,0.250,-0.761,-2.852,-2.818,-32.396,32.396,-39.336,-39.753
5498,16,1.373,-37.179,157.585,6.466,5.198,-0.114,-0.761,-2.852,-2.818,-32.927,32.927,-46.546,-44.839
5499,16,6.517,-34.876,159.200,6.546,5.198,-0.972,-0.761,-2.852,-2.818,-29.999,29.999,-40.691,-50.695
5500,16,9.861,-35.782,160.468,6.546,-1.136,-0.972,-4.522,-9.958,-15.159,-32.833,32.833,44.128,45.460
5501,16,11.542,-36.238,161.087,6.546,-1.136,-0.972,-4.201,-0.603,-11.020,-35.106,35.106,39.581,50.007
5502,16,12.783,-38.454,161.874,2.431,-3.508,-0.830,-4.201,-0.603,-11.020,-31.248,31.248,64.383,92.986
5503,16,14.005,-41.160,162.953,0.131,-3.508,-0.214,-4.201,-0.603,-11.020,-31.391,31.391,42.214,115.155
5504,16,13.968,-42.155,163.597,0.131,-1.586,-0.214,-4.761,-2.531,-10.039,-32.053,32.053,13.436,89.026
5505,16,13.945,-42.644,163.922,0.131,-1.586,-0.214,-3.589,-2.795,-5.326,-32.380,32.380,12.781,89.681
5506,16,13.889,-42.485,164.624,0.177,0.332,0.190,-3.589,-2.795,-5.326,-37.458,37.458,-24.325,71.971
5507,16,13.706,-41.945,165.641,-0.273,0.332,0.459,-3.589,-2.795,-5.326,-39.047,39.047,-31.997,79.644
5508,16,13.437,-41.208,166.283,-0.273,1.237,0.459,-3.034,-2.110,-6.283,-37.031,37.031,-40.886,62.692
5509,16,13.309,-40.837,166.596,-0.273,1.237,0.459,-4.216,-0.775,-11.207,-36.602,36.602,-40.029,61.835
5510,16,12.531,-39.880,167.095,-1.315,1.532,0.671,-4.216,-0.775,-11.207,-31.879,31.879,-46.186,59.561
5511,16,11.201,-38.567,167.792,-1.925,1.532,0.555,-4.216,-0.775,-11.207,-24.379,24.379,-39.378,52.753
5512,16,10.079,-37.870,168.217,-1.925,1.000,0.555,-2.986,2.737,-13.130,-20.922,20.922,-26.970,55.534
5513,16,9.522,-37.514,168.413,-1.925,1.000,0.555,-0.546,3.263,-7.628,-19.584,19.584,-25.188,53.752
5514,16,8.344,-37.480,168.810,-2.009,-0.179,0.327,-0.546,3.263,-7.628,-13.905,13.905,0.471,61.786
5515,16,6.543,-37.448,169.408,-2.024,-0.179,0.221,-0.546,3.263,-7.628,-9.661,9.661,6.532,55.724
5516,16,5.311,-37.481,169.832,-2.024,-0.329,0.221,-0.526,1.220,-10.417,-6.258,6.258,13.351,53.197
5517,16,4.695,-37.492,170.042,-2.024,-0.329,0.221,-0.311,0.349,-10.259,-4.980,4.980,15.004,51.544
5518,16,3.566,-37.370,170.484,-1.817,-0.079,0.206,-0.311,0.349,-10.259,-3.443,3.443,14.895,44.501
5519,16,1.982,-37.141,171.143,-1.450,-0.079,0.185,-0.311,0.349,-10.259,-2.670,2.670,18.156,41.239
5520,16,1.059,-36.927,171.583,-1.450,0.077,0.185,0.488,1.081,-9.408,0.241,-0.241,20.010,34.941
5521,16,0.600,-36.820,171.795,-1.450,0.077,0.185,0.646,1.388,-10.020,1.195,-1.195,21.245,33.707
5522,16,-0.149,-36.649,172.211,-1.154,-0.014,0.198,0.646,1.388,-10.020,1.097,-1.097,24.210,33.329
5523,16,-1.172,-36.398,172.825,-0.798,-0.014,0.158,0.646,1.388,-10.020,1.002,-1.002,26.447,31.091
5524,16,-1.728,-36.239,173.244,-0.798,-0.042,0.158,0.723,0.775,-9.312,3.021,-3.021,29.731,28.599
5525,16,-2.002,-36.161,173.452,-0.798,-0.042,0.158,1.282,1.579,-10.475,3.568,-3.568,30.433,27.897
5526,16,-2.436,-35.997,173.936,-0.505,-0.038,0.043,1.282,1.579,-10.475,4.395,-4.395,34.354,23.884
5527,16,-2.997,-35.724,174.656,-0.156,-0.038,-0.004,1.282,1.579,-10.475,3.260,-3.260,35.199,23.040
5528,16,-3.247,-35.519,175.149,-0.156,0.022,-0.004,0.938,0.823,-9.824,4.771,-4.771,36.610,19.894
5529,16,-3.368,-35.419,175.392,-0.156,0.022,-0.004,0.962,1.043,-9.566,4.991,-4.991,36.887,19.617
5530,16,-3.446,-35.230,175.876,0.146,-0.010,-0.005,0.962,1.043,-9.566,3.615,-3.615,37.510,19.906
5531,16,-3.511,-34.946,176.596,0.329,-0.010,-0.050,0.962,1.043,-9.566,2.299,-2.299,37.032,20.385
5532,16,-3.496,-34.747,177.090,0.329,-0.000,-0.050,0.656,1.091,-9.843,3.263,-3.263,38.471,18.671
5533,16,-3.485,-34.649,177.330,0.329,-0.000,-0.050,0.435,1.053,-9.767,3.221,-3.221,38.413,18.730
5534,16,-3.394,-34.274,178.030,0.391,-0.014,-0.042,0.435,1.053,-9.767,2.651,-2.651,38.191,19.348
5535,16,-3.339,-34.168,178.494,0.369,-0.014,-0.050,0.435,1.053,-9.767,2.656,-2.656,38.117,19.421
5536,16,-3.286,-33.965,178.952,0.369,-0.000,-0.050,0.287,1.096,-9.891,2.519,-2.519,37.734,19.409
5537,16,-3.260,-33.867,179.179,0.369,-0.000,-0.050,0.153,1.077,-9.814,2.453,-2.453,37.645,19.497
5538,16,-3.254,-33.667,179.618,0.279,-0.002,-0.038,0.153,1.077,-9.814,2.707,-2.707,37.313,19.891
5539,16,-3.263,-33.367,-179.738,0.160,-0.002,-0.019,0.153,1.077,-9.814,3.029,-3.029,36.774,20.430
5540,16,-3.311,-33.166,-179.324,0.160,-0.002,-0.019,0.072,1.077,-9.877,3.083,-3.083,36.832,20.372
5541,16,-3.331,-33.065,-179.117,0.160,-0.002,-0.019,0.067,1.081,-9.872,3.103,-3.103,36.851,20.352
5542,16,-3.435,-32.862,-178.728,0.032,-0.000,-0.002,0.067,1.081,-9.872,3.686,-3.686,36.581,20.562
5543,16,-3.617,-32.557,-178.145,-0.068,-0.000,0.009,0.067,1.081,-9.872,3.544,-3.544,35.354,21.789
5544,16,-3.769,-32.353,-177.770,-0.068,0.001,0.009,0.139,1.072,-9.843,4.567,-4.567,36.916,20.197
5545,16,-3.842,-32.252,-177.581,-0.068,0.001,0.009,0.254,1.072,-9.833,4.681,-4.681,37.051,20.061
5546,16,-4.007,-32.047,-177.214,-0.101,0.002,0.013,0.254,1.072,-9.833,5.049,-5.049,37.237,19.845
5547,16,-4.246,-31.743,-176.671,-0.082,0.002,0.011,0.254,1.072,-9.833,4.611,-4.611,36.517,20.565
5548,16,-4.364,-31.541,-176.316,-0.082,0.001,0.011,0.325,1.077,-9.814,5.509,-5.509,37.933,19.180
5549,16,-4.468,-31.438,-176.128,-0.082,0.001,0.011,0.373,1.086,-9.805,5.669,-5.669,38.125,18.988
5550,16,-4.640,-31.047,-175.593,-0.028,0.000,0.002,0.373,1.086,-9.805,5.666,-5.666,38.539,18.603
5551,16,-4.749,-30.932,-175.231,0.010,0.000,0.000,0.373,1.086,-9.805,5.723,-5.723,38.838,18.305
5552,16,-4.839,-30.729,-174.879,0.010,0.000,0.000,0.325,1.067,-9.805,5.832,-5.832,38.957,18.186
5553,16,-4.886,-30.628,-174.701,0.010,0.000,0.000,0.306,1.062,-9.833,5.890,-5.890,39.020,18.122
5554,16,-4.995,-30.240,-174.181,0.029,0.000,-0.003,0.306,1.062,-9.833,5.920,-5.920,39.191,17.952
5555,16,-5.079,-30.129,-173.831,0.023,0.000,-0.001,0.306,1.062,-9.833,6.045,-6.045,39.267,17.876
5556,16,-5.158,-29.927,-173.488,0.023,0.000,-0.001,0.249,1.067,-9.824,6.131,-6.131,39.355,17.788
5557,16,-5.193,-29.829,-173.318,0.023,0.000,-0.001,0.254,1.077,-9.833,6.167,-6.167,39.391,17.752
5558,16,-5.310,-29.445,-172.820,0.006,0.000,0.000,0.254,1.077,-9.833,6.330,-6.330,39.459,17.684
5559,16,-5.397,-29.330,-172.483,-0.005,0.000,0.000,0.254,1.077,-9.833,6.517,-6.517,39.589,17.554
5560,16,-5.476,-29.134,-172.152,-0.005,0.000,0.000,0.263,1.077,-9.819,6.599,-6.599,39.671,17.472
5561,16,-5.527,-29.034,-171.982,-0.005,0.000,0.000,0.273,1.081,-9.838,6.658,-6.658,39.734,17.409
5562,16,-5.643,-28.656,-171.498,-0.011,0.000,0.001,0.273,1.081,-9.838,6.760,-6.760,39.797,17.346
5563,16,-5.733,-28.544,-171.165,-0.000,0.000,0.000,0.273,1.081,-9.838,6.846,-6.846,39.948,17.195
5564,16,-5.806,-28.348,-170.842,-0.000,0.000,0.000,0.292,1.081,-9.829,6.913,-6.913,40.010,17.133
5565,16,-5.844,-28.250,-170.683,-0.000,0.000,0.000,0.268,1.072,-9.829,6.950,-6.950,40.045,17.098
5566,16,-5.940,-27.875,-170.210,0.003,0.000,0.000,0.268,1.072,-9.829,6.998,-6.998,40.104,17.039
5567,16,-6.017,-27.767,-169.886,0.006,0.000,0.000,0.268,1.072,-9.829,7.070,-7.070,40.180,16.963
5568,16,-6.079,-27.575,-169.574,0.006,0.000,0.000,0.287,1.067,-9.819,7.118,-7.118,40.218,16.925
5569,16,-6.112,-27.477,-169.417,0.006,0.000,0.000,0.254,1.086,-9.805,7.144,-7.144,40.239,16.904
5570,16,-6.197,-27.109,-168.960,0.004,0.000,0.000,0.254,1.086,-9.805,7.203,-7.203,40.276,16.867
5571,16,-6.271,-26.998,-168.652,-0.007,0.000,0.001,0.254,1.086,-9.805,7.322,-7.322,40.307,16.836
5572,16,-6.330,-26.810,-168.353,-0.007,0.000,0.001,0.263,1.077,-9.829,7.364,-7.364,40.336,16.807
5573,16,-6.370,-26.715,-168.202,-0.007,0.000,0.001,0.287,1.072,-9.814,7.400,-7.400,40.369,16.774
5574,16,-6.451,-26.350,-167.762,-0.006,0.000,0.000,0.287,1.072,-9.814,7.452,-7.452,40.427,16.716
5575,16,-6.520,-26.242,-167.464,0.002,0.000,0.000,0.287,1.072,-9.814,7.470,-7.470,40.466,16.676
5576,16,-6.570,-26.055,-167.171,0.002,0.000,0.000,0.278,1.067,-9.814,7.495,-7.495,40.475,16.668
5577,16,-6.599,-25.960,-167.027,0.002,0.000,0.000,0.263,1.077,-9.819,7.514,-7.514,40.486,16.656
5578,16,-6.664,-25.600,-166.603,0.001,0.000,0.000,0.263,1.077,-9.819,7.547,-7.547,40.498,16.645
5579,16,-6.729,-25.496,-166.310,-0.002,0.000,0.000,0.263,1.077,-9.819,7.605,-7.605,40.514,16.629
5580,16,-6.774,-25.312,-166.027,-0.002,0.000,0.000,0.268,1.077,-9.833,7.621,-7.621,40.511,16.632
5581,16,-6.805,-25.217,-165.883,-0.002,0.000,0.000,0.268,1.077,-9.833,7.642,-7.642,40.524,16.619
5582,16,-6.865,-24.864,-165.472,-0.002,0.000,0.000,0.278,1.077,-9.829,7.661,-7.661,40.525,16.618
5583,16,-6.922,-24.761,-165.185,-0.002,0.000,0.000,0.278,1.077,-9.829,7.691,-7.691,40.525,16.618
5584,16,-6.966,-24.581,-164.910,-0.000,0.000,0.000,0.273,1.081,-9.824,7.694,-7.694,40.519,16.624
5585,16,-6.991,-24.489,-164.772,-0.000,0.000,0.000,0.273,1.081,-9.824,7.706,-7.706,40.521,16.622
5586,16,-7.040,-24.141,-164.371,-0.000,0.000,0.000,0.268,1.077,-9.819,7.716,-7.716,40.510,16.633
5587,16,-7.093,-24.039,-164.093,-0.000,0.000,0.000,0.268,1.077,-9.819,7.730,-7.730,40.491,16.651
5588,16,-7.132,-23.862,-163.826,-0.000,0.000,0.000,0.268,1.072,-9.833,7.737,-7.737,40.477,16.666
5589,16,-7.155,-23.771,-163.688,-0.000,0.000,0.000,0.268,1.072,-9.833,7.745,-7.745,40.475,16.668
5590,16,-7.197,-23.430,-163.301,-0.002,0.000,0.000,0.273,1.077,-9.829,7.750,-7.750,40.457,16.686
5591,16,-7.250,-23.331,-163.030,-0.002,0.000,0.000,0.273,1.077,-9.829,7.769,-7.769,40.432,16.711
5592,16,-7.281,-23.155,-162.769,-0.001,0.000,0.000,0.273,1.077,-9.833,7.759,-7.759,40.403,16.740
5593,16,-7.301,-23.068,-162.640,-0.001,0.000,0.000,0.273,1.077,-9.833,7.764,-7.764,40.397,16.746
5594,16,-7.340,-22.731,-162.264,-0.004,0.000,0.001,0.268,1.081,-9.829,7.767,-7.767,40.377,16.766
5595,16,-7.389,-22.636,-162.002,-0.004,0.000,0.001,0.268,1.081,-9.829,7.770,-7.770,40.315,16.828
5596,16,-7.416,-22.464,-161.749,-0.002,0.000,0.000,0.278,1.072,-9.819,7.763,-7.763,40.307,16.836
5597,16,-7.434,-22.378,-161.623,-0.002,0.000,0.000,0.278,1.072,-9.819,7.765,-7.765,40.297,16.846
5598,16,-7.467,-22.048,-161.256,-0.001,0.000,0.000,0.278,1.077,-9.819,7.762,-7.762,40.269,16.874
5599,16,-7.508,-21.951,-161.003,-0.001,0.000,0.000,0.278,1.077,-9.819,7.744,-7.744,40.219,16.924
5600,16,-7.532,-21.782,-160.755,-0.000,0.000,0.000,0.278,1.077,-9.814,7.725,-7.725,40.179,16.964
5601,16,-7.548,-21.696,-160.634,-0.000,0.000,0.000,0.278,1.077,-9.814,7.723,-7.723,40.165,16.978
5602,16,-7.571,-21.375,-160.279,-0.001,0.000,0.000,0.273,1.072,-9.829,7.712,-7.712,40.130,17.013
5603,16,-7.610,-21.281,-160.030,-0.001,0.000,0.000,0.273,1.072,-9.829,7.698,-7.698,40.072,17.071
5604,16,-7.629,-21.114,-159.793,-0.003,0.000,0.000,0.278,1.072,-9.824,7.689,-7.689,40.025,17.118
5605,16,-7.648,-21.031,-159.675,-0.003,0.000,0.000,0.278,1.072,-9.824,7.691,-7.691,40.015,17.128
5606,16,-7.666,-20.714,-159.328,-0.001,0.000,0.000,0.282,1.072,-9.824,7.675,-7.675,39.974,17.169
5607,16,-7.702,-20.624,-159.088,-0.001,0.000,0.000,0.282,1.072,-9.824,7.641,-7.641,39.911,17.232
5608,16,-7.718,-20.461,-158.858,0.002,0.000,0.000,0.278,1.072,-9.829,7.602,-7.602,39.861,17.282
5609,16,-7.727,-20.379,-158.742,0.002,0.000,0.000,0.278,1.072,-9.829,7.592,-7.592,39.838,17.304
5610,16,-7.737,-20.071,-158.407,0.002,0.000,0.000,0.273,1.077,-9.819,7.574,-7.574,39.794,17.349
5611,16,-7.770,-19.978,-158.171,0.002,0.000,0.000,0.273,1.077,-9.819,7.539,-7.539,39.719,17.424
5612,16,-7.782,-19.819,-157.949,0.001,0.000,0.000,0.278,1.072,-9.810,7.518,-7.518,39.666,17.477
5613,16,-7.791,-19.741,-157.837,0.001,0.000,0.000,0.278,1.072,-9.810,7.508,-7.508,39.643,17.500
5614,16,-7.795,-19.437,-157.513,0.003,0.000,0.000,0.268,1.077,-9.824,7.485,-7.485,39.594,17.549
5615,16,-7.821,-19.346,-157.285,0.003,0.000,0.000,0.268,1.077,-9.824,7.430,-7.430,39.509,17.634
5616,16,-7.832,-19.191,-157.067,0.000,0.000,0.000,0.268,1.072,-9.819,7.419,-7.419,39.455,17.688
5617,16,-7.842,-19.113,-156.958,0.000,0.000,0.000,0.268,1.072,-9.819,7.410,-7.410,39.434,17.709
5618,16,-7.846,-18.816,-156.641,-0.001,0.000,0.000,0.273,1.072,-9.829,7.385,-7.385,39.382,17.761
5619,16,-7.873,-18.728,-156.420,-0.001,0.000,0.000,0.273,1.072,-9.829,7.353,-7.353,39.306,17.837
5620,16,-7.882,-18.577,-156.205,-0.002,0.001,0.000,0.263,1.077,-9.824,7.330,-7.330,39.236,17.877
5621,16,-7.891,-18.499,-156.099,-0.002,0.001,0.000,0.263,1.077,-9.824,7.320,-7.320,39.213,17.899
5622,16,-7.892,-18.210,-155.790,-0.009,0.000,0.000,0.268,1.077,-9.824,7.293,-7.293,39.160,17.952
5623,16,-7.920,-18.121,-155.572,-0.009,0.000,0.000,0.268,1.077,-9.824,7.289,-7.289,39.101,18.042
5624,16,-7.930,-17.974,-155.365,-0.006,0.000,0.000,0.287,1.072,-9.824,7.252,-7.252,39.048,18.095
5625,16,-7.938,-17.899,-155.262,-0.006,0.000,0.000,0.287,1.072,-9.824,7.242,-7.242,39.026,18.117
5626,16,-7.933,-17.611,-154.964,0.002,0.000,0.000,0.287,1.077,-9.829,7.214,-7.214,38.972,18.171
5627,16,-7.953,-17.529,-154.755,0.002,0.000,0.000,0.287,1.077,-9.829,7.121,-7.121,38.883,18.260
5628,16,-7.953,-17.383,-154.552,0.004,0.000,0.000,0.273,1.077,-9.824,7.073,-7.073,38.820,18.323
5629,16,-7.956,-17.310,-154.454,0.004,0.000,0.000,0.273,1.077,-9.824,7.058,-7.058,38.791,18.352
5630,16,-7.945,-17.030,-154.163,0.002,0.000,0.000,0.268,1.077,-9.824,7.025,-7.025,38.733,18.410
5631,16,-7.964,-16.952,-153.956,0.002,0.000,0.000,0.268,1.077,-9.824,6.986,-6.986,38.645,18.497
5632,16,-7.965,-16.809,-153.761,-0.007,0.000,0.000,0.263,1.072,-9.833,6.999,-6.999,38.585,18.558
5633,16,-7.974,-16.735,-153.661,-0.007,0.000,0.000,0.263,1.072,-9.833,6.991,-6.991,38.564,18.579
5634,16,-7.969,-16.465,-153.375,-0.012,0.000,0.000,0.278,1.072,-9.829,6.964,-6.964,38.514,18.629
5635,16,-7.992,-16.385,-153.175,-0.012,0.000,0.000,0.278,1.072,-9.829,6.944,-6.944,38.435,18.708
5636,16,-7.992,-16.247,-152.983,-0.004,0.000,0.000,0.292,1.072,-9.819,6.872,-6.872,38.376,18.767
5637,16,-8.000,-16.176,-152.887,-0.004,0.000,0.000,0.292,1.072,-9.819,6.864,-6.864,38.355,18.788
5638,16,-7.984,-15.908,-152.610,-0.000,0.000,0.000,0.278,1.072,-9.829,6.828,-6.828,38.295,18.848
5639,16,-7.998,-15.830,-152.415,-0.000,0.000,0.000,0.278,1.072,-9.829,6.753,-6.753,38.205,18.938
5640,16,-7.996,-15.693,-152.229,0.001,0.000,0.000,0.278,1.072,-9.833,6.710,-6.710,38.143,19.000
5641,16,-7.996,-15.624,-152.134,0.001,0.000,0.000,0.278,1.072,-9.833,6.694,-6.694,38.114,19.029
5642,16,-7.977,-15.364,-151.867,-0.001,0.000,0.000,0.273,1.077,-9.810,6.657,-6.657,38.053,19.089
5643,16,-7.989,-15.287,-151.679,-0.001,0.000,0.000,0.273,1.077,-9.810,6.333,-6.333,37.457,19.686
5644,16,-7.985,-15.154,-151.500,-0.003,0.000,0.000,0.278,1.072,-9.829,6.586,-6.586,37.902,19.241
5645,16,-7.988,-15.087,-151.409,-0.003,0.000,0.000,0.278,1.072,-9.829,6.573,-6.573,37.878,19.265
5646,16,-7.987,-14.953,-151.234,-0.001,0.000,0.000,0.282,1.077,-9.824,6.538,-6.538,37.819,19.324
5647,16,-7.981,-14.759,-150.970,-0.001,0.000,0.000,0.282,1.077,-9.824,6.474,-6.474,37.731,19.412
5648,16,-7.972,-14.630,-150.799,-0.002,0.000,0.000,0.273,1.072,-9.824,6.437,-6.437,37.667,19.476
5649,16,-7.974,-14.564,-150.711,-0.002,0.000,0.000,0.273,1.072,-9.824,6.424,-6.424,37.642,19.501
5650,16,-7.971,-14.434,-150.539,-0.006,0.000,0.000,0.273,1.081,-9.814,6.389,-6.389,37.585,19.558
5651,16,-7.966,-14.240,-150.286,-0.006,0.000,0.000,0.273,1.081,-9.814,6.357,-6.357,37.497,19.645
5652,16,-7.959,-14.114,-150.117,-0.012,0.000,0.000,0.278,1.072,-9.810,6.346,-6.346,37.438,19.705
5653,16,-7.964,-14.051,-150.032,-0.012,0.000,0.000,0.278,1.072,-9.810,6.337,-6.337,37.418,19.725
5654,16,-7.964,-13.924,-149.866,-0.013,0.000,0.000,0.287,1.081,-9.829,6.306,-6.306,37.365,19.778
5655,16,-7.965,-13.735,-149.615,-0.013,0.000,0.000,0.287,1.081,-9.829,6.018,-6.018,36.833,20.310
5656,16,-7.957,-13.614,-149.449,-0.012,0.000,0.000,0.287,1.077,-9.833,6.225,-6.225,37.230,19.913
5657,16,-7.961,-13.547,-149.368,-0.012,0.000,0.000,0.287,1.077,-9.833,6.213,-6.213,37.206,19.937
5658,16,-7.956,-13.425,-149.206,-0.002,0.000,0.000,0.301,1.072,-9.819,6.178,-6.178,37.151,19.992
5659,16,-7.944,-13.243,-148.963,-0.002,0.000,0.000,0.301,1.072,-9.819,5.833,-5.833,36.620,20.523
5660,16,-7.930,-13.120,-148.806,0.010,0.000,0.000,0.301,1.077,-9.814,5.972,-5.972,36.999,20.144
5661,16,-7.924,-13.060,-148.725,0.010,0.000,0.000,0.301,1.077,-9.814,5.952,-5.952,36.968,20.175
5662,16,-7.906,-12.937,-148.564,0.015,0.000,0.000,0.278,1.077,-9.824,5.904,-5.904,36.900,20.243
5663,16,-7.879,-12.759,-148.322,0.015,0.000,0.000,0.278,1.077,-9.824,5.808,-5.808,36.801,20.342
5664,16,-7.870,-12.642,-148.163,-0.002,0.000,0.000,0.249,1.081,-9.824,5.856,-5.856,36.743,20.399
5665,16,-7.866,-12.582,-148.086,-0.002,0.000,0.000,0.249,1.081,-9.824,5.837,-5.837,36.715,20.428
5666,16,-7.859,-12.464,-147.930,-0.013,0.000,0.000,0.287,1.081,-9.819,5.803,-5.803,36.661,20.482
5667,16,-7.854,-12.287,-147.696,-0.013,0.000,0.000,0.287,1.081,-9.819,5.581,-5.581,36.162,20.980
5668,16,-7.844,-12.174,-147.544,-0.010,0.000,0.000,0.292,1.077,-9.843,5.758,-5.758,36.530,20.613
5669,16,-7.844,-12.116,-147.468,-0.010,0.000,0.000,0.292,1.077,-9.843,5.745,-5.745,36.507,20.636
5670,16,-7.835,-11.999,-147.316,-0.001,0.000,0.000,0.297,1.072,-9.833,5.709,-5.709,36.452,20.691
5671,16,-7.819,-11.829,-147.089,-0.001,0.000,0.000,0.297,1.072,-9.833,5.388,-5.388,35.955,21.188
5672,16,-7.804,-11.717,-146.940,0.002,0.000,0.000,0.292,1.081,-9.833,5.555,-5.555,36.311,20.832
5673,16,-7.799,-11.660,-146.866,0.002,0.000,0.000,0.292,1.081,-9.833,5.537,-5.537,36.284,20.859
5674,16,-7.783,-11.549,-146.718,0.001,0.000,0.000,0.287,1.062,-9.814,5.496,-5.496,36.225,20.918
5675,16,-7.762,-11.381,-146.498,0.001,0.000,0.000,0.287,1.062,-9.814,5.226,-5.226,35.738,21.405
5676,16,-7.749,-11.269,-146.353,0.002,0.000,0.000,0.287,1.072,-9.829,5.398,-5.398,36.082,21.061
5677,16,-7.741,-11.217,-146.278,0.002,0.000,0.000,0.287,1.072,-9.829,5.380,-5.380,36.055,21.088
5678,16,-7.727,-11.105,-146.133,0.003,0.000,0.000,0.282,1.077,-9.829,5.341,-5.341,35.998,21.144
5679,16,-7.702,-10.942,-145.916,0.003,0.000,0.000,0.282,1.077,-9.829,5.064,-5.064,35.521,21.622
5680,16,-7.690,-10.837,-145.773,0.001,0.000,0.000,0.273,1.081,-9.819,5.249,-5.249,35.860,21.283
5681,16,-7.684,-10.780,-145.702,0.001,0.000,0.000,0.273,1.081,-9.819,5.231,-5.231,35.833,21.310
5682,16,-7.671,-10.675,-145.555,-0.004,0.000,0.000,0.287,1.077,-9.814,5.195,-5.195,35.781,21.362
5683,16,-7.651,-10.514,-145.342,-0.004,0.000,0.000,0.287,1.077,-9.814,4.963,-4.963,35.319,21.824
5684,16,-7.635,-10.410,-145.198,0.001,0.000,0.000,0.297,1.077,-9.805,5.102,-5.102,35.647,21.496
5685,16,-7.629,-10.358,-145.127,0.001,0.000,0.000,0.297,1.077,-9.805,5.086,-5.086,35.622,21.521
5686,16,-7.587,-10.156,-144.924,0.007,0.000,0.000,0.287,1.067,-9.824,5.046,-5.046,35.567,21.576
5687,16,-7.585,-10.099,-144.780,0.007,0.000,0.000,0.287,1.067,-9.824,4.755,-4.755,35.019,21.941
5688,16,-7.566,-9.996,-144.645,0.002,0.000,0.000,0.263,1.072,-9.829,4.941,-4.941,35.165,21.449
5689,16,-7.560,-9.944,-144.576,0.002,0.000,0.000,0.263,1.072,-9.829,4.924,-4.924,35.066,21.400
5690,16,-7.543,-9.844,-144.440,-0.003,0.000,0.000,0.287,1.077,-9.829,4.886,-4.886,34.874,21.313
5691,16,-7.521,-9.691,-144.239,-0.003,0.000,0.000,0.287,1.077,-9.829,4.666,-4.666,34.247,21.566
5692,16,-7.506,-9.591,-144.107,0.001,0.000,0.000,0.292,1.072,-9.833,4.803,-4.803,34.393,21.083
5693,16,-7.497,-9.543,-144.042,0.001,0.000,0.000,0.292,1.072,-9.833,4.784,-4.784,34.300,21.041
5694,16,-7.482,-9.443,-143.908,0.001,0.000,0.000,0.278,1.077,-9.829,4.749,-4.749,34.110,20.951
5695,16,-7.457,-9.295,-143.711,0.001,0.000,0.000,0.278,1.077,-9.829,4.511,-4.511,33.508,21.189
5696,16,-7.438,-9.200,-143.580,0.000,0.000,0.000,0.282,1.077,-9.819,4.662,-4.662,33.642,20.736
5697,16,-7.431,-9.148,-143.515,0.000,0.000,0.000,0.282,1.077,-9.819,4.645,-4.645,33.544,20.687
5698,16,-7.391,-8.961,-143.325,0.000,0.000,0.000,0.292,1.077,-9.814,4.610,-4.610,33.360,20.600
5699,16,-7.390,-8.908,-143.194,0.000,0.000,0.000,0.292,1.077,-9.814,4.378,-4.378,32.773,20.834
5700,16,-7.371,-8.813,-143.067,0.000,0.000,0.000,0.278,1.077,-9.819,4.519,-4.519,32.902,20.389
5701,16,-7.364,-8.764,-143.002,0.000,0.000,0.000,0.278,1.077,-9.819,4.503,-4.503,32.810,20.343
5702,16,-7.349,-8.671,-142.876,0.000,0.000,0.000,0.282,1.072,-9.838,4.470,-4.470,32.634,20.259
5703,16,-7.323,-8.532,-142.686,0.000,0.000,0.000,0.282,1.072,-9.838,4.239,-4.239,32.054,20.496
5704,16,-7.303,-8.437,-142.563,0.001,0.000,0.000,0.287,1.072,-9.829,4.374,-4.374,32.184,20.051
5705,16,-7.296,-8.392,-142.502,0.001,0.000,0.000,0.287,1.072,-9.829,4.360,-4.360,32.099,20.009
5706,16,-7.256,-8.213,-142.316,0.000,0.000,0.000,0.278,1.072,-9.824,4.323,-4.323,31.923,19.929
5707,16,-7.251,-8.165,-142.189,0.000,0.000,0.000,0.278,1.072,-9.824,4.105,-4.105,31.359,20.158
5708,16,-7.234,-8.072,-142.065,-0.004,0.000,0.000,0.282,1.081,-9.833,4.265,-4.265,31.488,19.722
5709,16,-7.228,-8.027,-142.002,-0.004,0.000,0.000,0.282,1.081,-9.833,4.251,-4.251,31.404,19.680
5710,16,-7.212,-7.939,-141.881,-0.000,0.000,0.000,0.282,1.077,-9.824,4.219,-4.219,31.236,19.599
5711,16,-7.185,-7.803,-141.699,-0.000,0.000,0.000,0.282,1.077,-9.824,3.978,-3.978,30.682,19.818
5712,16,-7.168,-7.715,-141.579,0.003,0.000,0.000,0.282,1.072,-9.819,4.098,-4.098,30.809,19.396
5713,16,-7.158,-7.671,-141.517,0.003,0.000,0.000,0.282,1.072,-9.819,4.080,-4.080,30.725,19.358
5714,16,-7.138,-7.584,-141.399,0.000,0.000,0.000,0.273,1.072,-9.843,4.045,-4.045,30.557,19.282
5715,16,-7.111,-7.452,-141.216,0.000,0.000,0.000,0.273,1.072,-9.843,3.844,-3.844,30.011,19.503
5716,16,-7.095,-7.367,-141.094,-0.004,0.001,0.000,0.282,1.067,-9.833,4.002,-4.002,30.130,19.069
5717,16,-7.088,-7.323,-141.035,-0.004,0.001,0.000,0.282,1.067,-9.833,3.987,-3.987,30.047,19.027
5718,16,-7.051,-7.158,-140.861,-0.000,0.000,0.000,0.292,1.072,-9.829,3.956,-3.956,29.886,18.949
5719,16,-7.044,-7.110,-140.740,-0.000,0.000,0.000,0.292,1.072,-9.829,3.724,-3.724,29.371,19.179
5720,16,-7.024,-7.027,-140.622,0.003,0.000,0.000,0.282,1.072,-9.829,3.836,-3.836,29.498,18.775
4629,16,-0.745,31.038,-4.487,-0.000,0.005,0.003,0.110,5.077,-8.484,-3.016,3.016,12.940,12.512
4630,16,-0.745,31.038,-4.487,-0.000,-0.001,0.000,0.110,5.077,-8.484,-3.016,3.016,13.031,12.603
4631,16,-0.745,31.038,-4.487,-0.001,-0.000,0.000,0.134,5.067,-8.465,-2.970,2.970,13.096,12.508
4632,16,-0.745,31.038,-4.487,-0.001,-0.000,0.000,0.134,5.067,-8.465,-2.970,2.970,13.096,12.508
4633,16,-0.749,31.038,-4.488,-0.002,-0.000,0.000,0.110,5.077,-8.494,-2.962,2.962,13.097,12.507
4634,16,-0.749,31.038,-4.488,-0.002,0.002,0.000,0.110,5.077,-8.494,-2.962,2.962,13.067,12.476
4635,16,-0.749,31.038,-4.488,0.001,-0.001,0.000,0.139,5.120,-8.479,-2.978,2.978,13.113,12.522
4636,16,-0.749,31.034,-4.488,0.001,-0.001,0.000,0.139,5.120,-8.479,-2.978,2.978,13.117,12.526
4637,16,-0.745,31.035,-4.487,0.002,-0.001,0.000,0.091,5.077,-8.455,-2.986,2.986,13.116,12.528
4638,16,-0.745,31.035,-4.487,0.002,0.001,0.000,0.091,5.077,-8.455,-2.986,2.986,13.085,12.497
4639,16,-0.745,31.035,-4.487,0.000,-0.002,0.000,0.120,5.106,-8.465,-2.976,2.976,13.131,12.543
4640,16,-0.745,31.035,-4.487,0.000,-0.002,0.000,0.120,5.106,-8.465,-2.976,2.976,13.131,12.543
4641,16,-0.745,31.034,-4.487,-0.001,-0.002,0.000,0.072,5.053,-8.508,-2.971,2.971,13.132,12.544
4642,16,-0.745,31.035,-4.487,-0.001,0.001,0.000,0.072,5.053,-8.508,-2.970,2.970,13.085,12.497
4643,16,-0.745,31.030,-4.487,-0.000,-0.001,0.000,0.081,5.044,-8.508,-2.976,2.976,13.121,12.534
4644,16,-0.745,31.030,-4.487,-0.000,-0.001,0.000,0.081,5.044,-8.508,-2.976,2.976,13.122,12.534
4645,16,-0.745,31.030,-4.487,0.001,-0.001,0.000,0.115,5.125,-8.455,-2.981,2.981,13.122,12.534
4646,16,-0.745,31.030,-4.487,0.001,0.002,0.000,0.115,5.125,-8.455,-2.981,2.981,13.076,12.488
4647,16,-0.745,31.030,-4.487,0.000,0.000,0.000,0.115,5.058,-8.479,-2.976,2.976,13.107,12.519
4648,16,-0.741,31.030,-4.486,0.000,0.000,0.000,0.115,5.058,-8.479,-2.979,2.979,13.105,12.520
4649,16,-0.745,31.030,-4.487,-0.001,0.000,0.000,0.129,5.134,-8.451,-2.971,2.971,13.107,12.519
4650,16,-0.745,31.030,-4.487,-0.001,0.000,0.000,0.129,5.134,-8.451,-2.971,2.971,13.107,12.519
4651,16,-0.745,31.030,-4.487,0.001,0.002,0.000,0.100,5.058,-8.489,-2.981,2.981,13.076,12.488
4652,16,-0.741,31.030,-4.486,0.001,0.002,0.000,0.100,5.058,-8.489,-2.984,2.984,13.075,12.490
4653,16,-0.741,31.030,-4.486,0.002,0.002,0.000,0.124,5.067,-8.465,-2.989,2.989,13.075,12.490
4654,16,-0.741,31.030,-4.486,0.002,-0.001,0.000,0.124,5.067,-8.465,-2.989,2.989,13.120,12.535
4655,16,-0.741,31.030,-4.486,0.000,0.001,0.000,0.081,5.125,-8.460,-2.979,2.979,13.090,12.505
4656,16,-0.741,31.030,-4.486,0.000,0.001,0.000,0.081,5.125,-8.460,-2.979,2.979,13.090,12.505
4657,16,-0.741,31.030,-4.486,-0.002,0.001,0.000,0.077,5.077,-8.479,-2.968,2.968,13.090,12.505
4658,16,-0.741,31.030,-4.486,-0.002,0.000,0.000,0.077,5.077,-8.479,-2.968,2.968,13.105,12.520
4659,16,-0.741,31.027,-4.486,-0.000,0.000,0.000,0.096,5.111,-8.470,-2.979,2.979,13.110,12.525
4660,16,-0.741,31.027,-4.486,-0.000,0.000,0.000,0.096,5.111,-8.470,-2.979,2.979,13.110,12.525
4661,16,-0.741,31.030,-4.486,-0.001,0.000,0.000,0.096,5.053,-8.479,-2.973,2.973,13.105,12.520
4662,16,-0.741,31.030,-4.486,-0.001,0.003,0.000,0.096,5.053,-8.479,-2.973,2.973,13.059,12.474
4663,16,-0.741,31.030,-4.486,0.002,-0.001,0.000,0.134,5.115,-8.455,-2.989,2.989,13.120,12.535
4664,16,-0.737,31.031,-4.485,0.002,-0.001,0.000,0.134,5.115,-8.455,-2.992,2.992,13.118,12.537
4665,16,-0.737,31.031,-4.485,0.000,-0.001,0.000,0.105,5.106,-8.494,-2.981,2.981,13.118,12.537
4666,16,-0.737,31.035,-4.485,0.000,0.004,0.000,0.105,5.106,-8.494,-2.981,2.981,13.036,12.455
4667,16,-0.737,31.031,-4.485,0.003,-0.004,0.000,0.129,5.034,-8.508,-2.998,2.998,13.164,12.583
4668,16,-0.733,31.031,-4.484,0.003,-0.004,0.000,0.129,5.034,-8.508,-3.000,3.000,13.162,12.584
4669,16,-0.733,31.027,-4.484,0.000,-0.004,0.000,0.115,5.130,-8.431,-2.984,2.984,13.167,12.588
4670,16,-0.733,31.031,-4.484,0.000,0.002,0.000,0.115,5.130,-8.431,-2.984,2.984,13.071,12.492
4671,16,-0.733,31.031,-4.484,0.000,0.001,0.000,0.081,5.044,-8.522,-2.984,2.984,13.086,12.508
4672,16,-0.733,31.031,-4.484,0.000,0.001,0.000,0.081,5.044,-8.522,-2.984,2.984,13.086,12.508
4673,16,-0.733,31.031,-4.484,0.000,0.001,0.000,0.057,5.111,-8.451,-2.984,2.984,13.086,12.508
4674,16,-0.733,31.027,-4.484,0.000,-0.001,0.000,0.057,5.111,-8.451,-2.984,2.984,13.122,12.543
4675,16,-0.733,31.027,-4.484,-0.001,0.001,0.000,0.091,5.063,-8.475,-2.979,2.979,13.091,12.512
4676,16,-0.733,31.027,-4.484,-0.001,0.001,0.000,0.091,5.063,-8.475,-2.979,2.979,13.091,12.512
4677,16,-0.733,31.027,-4.484,-0.000,0.001,0.000,0.110,5.067,-8.470,-2.984,2.984,13.091,12.512
4678,16,-0.733,31.027,-4.484,-0.000,0.000,0.000,0.110,5.067,-8.470,-2.984,2.984,13.106,12.528
4679,16,-0.733,31.027,-4.484,-0.003,0.000,0.000,0.110,5.106,-8.470,-2.968,2.968,13.106,12.528
4680,16,-0.737,31.027,-4.485,-0.003,0.000,0.000,0.110,5.106,-8.470,-2.966,2.966,13.108,12.526
4681,16,-0.737,31.027,-4.485,-0.001,0.000,0.000,0.139,5.063,-8.489,-2.976,2.976,13.108,12.526
4682,16,-0.737,31.027,-4.485,-0.001,0.000,0.000,0.139,5.063,-8.489,-2.976,2.976,13.108,12.526
4683,16,-0.737,31.027,-4.485,0.002,0.001,0.000,0.129,5.091,-8.479,-2.992,2.992,13.093,12.511
4684,16,-0.733,31.027,-4.484,0.002,0.001,0.000,0.129,5.091,-8.479,-2.995,2.995,13.091,12.512
4685,16,-0.737,31.027,-4.485,0.000,0.001,0.000,0.096,5.058,-8.498,-2.981,2.981,13.093,12.511
4686,16,-0.737,31.027,-4.485,0.000,0.002,0.000,0.096,5.058,-8.498,-2.981,2.981,13.078,12.496
4687,16,-0.737,31.027,-4.485,-0.002,0.000,0.000,0.091,5.125,-8.441,-2.971,2.971,13.108,12.526
4688,16,-0.737,31.027,-4.485,-0.002,0.000,0.000,0.091,5.125,-8.441,-2.971,2.971,13.108,12.526
4689,16,-0.737,31.027,-4.485,-0.001,0.000,0.000,0.077,5.091,-8.446,-2.976,2.976,13.108,12.526
4690,16,-0.737,31.027,-4.485,-0.001,0.000,0.000,0.077,5.091,-8.446,-2.976,2.976,13.108,12.526
4691,16,-0.736,31.027,-4.481,-0.000,0.001,0.000,0.115,5.053,-8.494,-2.982,2.982,13.092,12.511
4692,16,-0.736,31.027,-4.481,-0.000,0.001,0.000,0.115,5.053,-8.494,-2.982,2.982,13.092,12.511
4693,16,-0.736,31.027,-4.481,-0.001,0.001,0.000,0.091,5.101,-8.484,-2.977,2.977,13.092,12.511
4694,16,-0.736,31.027,-4.481,-0.001,0.000,0.000,0.091,5.101,-8.484,-2.977,2.977,13.108,12.527
4695,16,-0.736,31.027,-4.481,-0.000,0.002,0.000,0.115,5.087,-8.498,-2.982,2.982,13.077,12.496
4696,16,-0.736,31.027,-4.481,-0.000,0.002,0.000,0.115,5.087,-8.498,-2.982,2.982,13.077,12.496
4697,16,-0.736,31.027,-4.481,-0.000,0.002,0.000,0.134,5.120,-8.446,-2.982,2.982,13.077,12.496
4698,16,-0.736,31.027,-4.481,-0.000,-0.001,0.000,0.134,5.120,-8.446,-2.982,2.982,13.123,12.542
4699,16,-0.736,31.027,-4.481,-0.000,0.001,0.000,0.120,5.082,-8.465,-2.982,2.982,13.092,12.511
4700,16,-0.736,31.027,-4.481,-0.000,0.001,0.000,0.120,5.082,-8.465,-2.982,2.982,13.092,12.511
4701,16,-0.736,31.027,-4.481,-0.000,0.001,0.000,0.115,5.091,-8.489,-2.982,2.982,13.092,12.511
4702,16,-0.736,31.027,-4.481,-0.000,0.000,0.000,0.115,5.091,-8.489,-2.982,2.982,13.108,12.527
4703,16,-0.736,31.027,-4.481,-0.000,0.000,0.000,0.086,5.101,-8.479,-2.982,2.982,13.108,12.527
4704,16,-0.736,31.027,-4.481,-0.000,0.000,0.000,0.086,5.101,-8.479,-2.982,2.982,13.108,12.527
4705,16,-0.736,31.027,-4.481,-0.001,0.000,0.000,0.077,5.039,-8.503,-2.977,2.977,13.108,12.527
4706,16,-0.736,31.027,-4.481,-0.001,0.002,0.000,0.077,5.039,-8.503,-2.977,2.977,13.077,12.496
4707,16,-0.736,31.027,-4.481,-0.000,-0.001,0.000,0.096,5.082,-8.484,-2.983,2.983,13.121,12.544
4708,16,-0.736,31.027,-4.481,-0.000,-0.001,0.000,0.096,5.082,-8.484,-2.982,2.982,13.123,12.542
4709,16,-0.736,31.024,-4.481,-0.000,-0.001,0.000,0.110,5.091,-8.460,-2.982,2.982,13.128,12.547
4710,16,-0.736,31.024,-4.481,-0.000,0.001,0.000,0.110,5.091,-8.460,-2.982,2.982,13.097,12.516
4711,16,-0.736,31.024,-4.481,-0.000,0.000,0.000,0.129,5.091,-8.475,-2.982,2.982,13.112,12.531
4712,16,-0.736,31.024,-4.481,-0.000,0.000,0.000,0.129,5.091,-8.475,-2.982,2.982,13.112,12.531
4713,16,-0.736,31.024,-4.481,-0.001,0.000,0.000,0.124,5.082,-8.470,-2.977,2.977,13.112,12.531
4714,16,-0.740,31.024,-4.482,-0.001,0.001,0.000,0.124,5.082,-8.470,-2.977,2.977,13.097,12.516
4715,16,-0.736,31.024,-4.481,0.001,-0.002,0.000,0.105,5.039,-8.513,-2.988,2.988,13.143,12.562
4716,16,-0.736,31.024,-4.481,0.001,-0.002,0.000,0.105,5.039,-8.513,-2.988,2.988,13.143,12.562
4717,16,-0.736,31.024,-4.481,0.000,-0.002,0.000,0.096,5.168,-8.417,-2.982,2.982,13.143,12.562
4718,16,-0.736,31.024,-4.481,0.000,0.004,0.000,0.096,5.168,-8.417,-2.982,2.982,13.052,12.470
4719,16,-0.736,31.024,-4.481,0.000,-0.001,0.000,0.091,5.039,-8.494,-2.982,2.982,13.128,12.547
4720,16,-0.736,31.024,-4.481,0.000,-0.001,0.000,0.091,5.039,-8.494,-2.982,2.982,13.128,12.547
4721,16,-0.736,31.024,-4.481,0.000,-0.001,0.000,0.077,5.125,-8.441,-2.982,2.982,13.128,12.547
4722,16,-0.736,31.024,-4.481,0.000,-0.000,0.000,0.077,5.125,-8.441,-2.982,2.982,13.112,12.531
4723,16,-0.736,31.024,-4.481,-0.003,-0.000,0.000,0.081,5.044,-8.494,-2.966,2.966,13.112,12.531
4724,16,-0.740,31.024,-4.482,-0.003,-0.000,0.000,0.081,5.044,-8.494,-2.964,2.964,13.114,12.530
4725,16,-0.740,31.024,-4.482,-0.000,-0.000,0.000,0.139,5.077,-8.494,-2.980,2.980,13.114,12.530
4726,16,-0.740,31.020,-4.482,-0.000,-0.000,0.000,0.139,5.077,-8.494,-2.980,2.980,13.114,12.530
4727,16,-0.740,31.024,-4.482,-0.000,0.003,0.000,0.129,5.111,-8.479,-2.980,2.980,13.069,12.484
4728,16,-0.740,31.024,-4.482,-0.000,0.003,0.000,0.129,5.111,-8.479,-2.980,2.980,13.069,12.484
4729,16,-0.740,31.024,-4.482,-0.000,0.003,0.000,0.115,5.082,-8.460,-2.980,2.980,13.069,12.484
4730,16,-0.740,31.024,-4.482,-0.000,-0.001,0.000,0.115,5.082,-8.460,-2.980,2.980,13.129,12.545
4731,16,-0.740,31.024,-4.482,-0.001,-0.000,0.000,0.120,5.111,-8.470,-2.974,2.974,13.114,12.530
4732,16,-0.740,31.024,-4.482,-0.001,-0.000,0.000,0.120,5.111,-8.470,-2.974,2.974,13.114,12.530
4733,16,-0.740,31.024,-4.482,0.001,-0.000,0.000,0.086,5.058,-8.489,-2.985,2.985,13.114,12.530
4734,16,-0.740,31.020,-4.482,0.001,-0.000,0.000,0.086,5.058,-8.489,-2.985,2.985,13.119,12.535
4735,16,-0.736,31.024,-4.481,0.001,0.002,0.000,0.081,5.072,-8.479,-2.988,2.988,13.082,12.501
4736,16,-0.736,31.024,-4.481,0.001,0.002,0.000,0.081,5.072,-8.479,-2.988,2.988,13.082,12.501
4737,16,-0.736,31.024,-4.481,0.000,0.002,0.000,0.053,5.087,-8.475,-2.982,2.982,13.082,12.501
4738,16,-0.736,31.024,-4.481,0.000,0.000,0.000,0.053,5.087,-8.475,-2.982,2.982,13.112,12.531
4739,16,-0.734,31.021,-4.477,-0.002,0.000,0.000,0.100,5.096,-8.470,-2.972,2.972,13.112,12.531
4740,16,-0.734,31.021,-4.477,-0.002,0.000,0.000,0.100,5.096,-8.470,-2.972,2.972,13.117,12.536
4741,16,-0.734,31.021,-4.477,0.001,0.000,0.000,0.139,5.091,-8.455,-2.988,2.988,13.117,12.536
4742,16,-0.734,31.020,-4.477,0.001,0.000,0.000,0.139,5.091,-8.455,-2.988,2.988,13.118,12.538
4743,16,-0.735,31.024,-4.477,0.000,0.004,0.000,0.139,5.087,-8.460,-2.983,2.983,13.051,12.470
4744,16,-0.735,31.024,-4.477,0.000,0.004,0.000,0.139,5.087,-8.460,-2.983,2.983,13.051,12.471
4745,16,-0.735,31.024,-4.477,-0.003,0.004,0.000,0.124,5.115,-8.470,-2.967,2.967,13.051,12.471
4746,16,-0.739,31.024,-4.478,-0.003,0.000,0.000,0.124,5.115,-8.470,-2.964,2.964,13.114,12.530
4747,16,-0.739,31.024,-4.478,-0.000,0.001,0.000,0.115,5.115,-8.475,-2.980,2.980,13.098,12.515
4748,16,-0.739,31.027,-4.478,-0.000,0.001,0.000,0.115,5.115,-8.475,-2.980,2.980,13.094,12.510
4749,16,-0.739,31.027,-4.478,-0.000,0.001,0.000,0.081,5.053,-8.479,-2.980,2.980,13.094,12.510
4750,16,-0.735,31.027,-4.477,0.003,0.000,0.000,0.081,5.053,-8.479,-2.999,2.999,13.107,12.527
4751,16,-0.735,31.027,-4.477,0.003,0.000,0.000,0.081,5.053,-8.479,-2.999,2.999,13.107,12.527
4752,16,-0.735,31.027,-4.477,0.000,0.001,0.000,0.067,5.106,-8.446,-2.983,2.983,13.092,12.512
4753,16,-0.735,31.027,-4.477,0.000,0.001,0.000,0.091,5.087,-8.470,-2.983,2.983,13.092,12.512
4754,16,-0.735,31.027,-4.477,-0.002,0.002,0.000,0.091,5.087,-8.470,-2.972,2.972,13.077,12.497
4755,16,-0.735,31.031,-4.477,-0.002,0.002,0.000,0.091,5.087,-8.470,-2.972,2.972,13.072,12.492
4756,16,-0.735,31.031,-4.477,-0.001,0.000,0.000,0.100,5.091,-8.484,-2.978,2.978,13.102,12.522
4757,16,-0.735,31.031,-4.477,-0.001,0.000,0.000,0.124,5.087,-8.484,-2.978,2.978,13.102,12.522
4758,16,-0.735,31.031,-4.477,-0.000,0.003,0.000,0.124,5.087,-8.484,-2.983,2.983,13.057,12.477
4759,16,-0.735,31.031,-4.477,-0.000,0.003,0.000,0.124,5.087,-8.484,-2.983,2.983,13.057,12.477
4760,16,-0.735,31.031,-4.477,0.001,-0.003,0.000,0.134,5.063,-8.470,-2.988,2.988,13.148,12.568
4761,16,-0.735,31.027,-4.477,0.001,-0.003,0.000,0.100,5.111,-8.446,-2.988,2.988,13.153,12.573
4762,16,-0.735,31.031,-4.477,-0.001,0.003,0.000,0.100,5.111,-8.446,-2.978,2.978,13.057,12.477
4763,16,-0.735,31.031,-4.477,-0.001,0.003,0.000,0.100,5.111,-8.446,-2.978,2.978,13.057,12.477
4764,16,-0.735,31.031,-4.477,0.002,0.000,0.000,0.120,5.072,-8.475,-2.994,2.994,13.102,12.522
4765,16,-0.735,31.031,-4.477,0.002,0.000,0.000,0.096,5.120,-8.455,-2.994,2.994,13.102,12.522
4766,16,-0.731,31.031,-4.476,0.003,0.000,0.000,0.096,5.120,-8.455,-3.002,3.002,13.100,12.524
4767,16,-0.731,31.031,-4.476,0.003,0.000,0.000,0.096,5.120,-8.455,-3.002,3.002,13.100,12.524
4768,16,-0.731,31.031,-4.476,-0.002,0.001,0.000,0.062,5.058,-8.494,-2.975,2.975,13.085,12.508
4769,16,-0.731,31.031,-4.476,-0.002,0.001,0.000,0.105,5.111,-8.470,-2.975,2.975,13.085,12.508
4770,16,-0.731,31.031,-4.476,-0.000,0.000,0.000,0.105,5.111,-8.470,-2.986,2.986,13.100,12.524
4771,16,-0.731,31.031,-4.476,-0.000,0.000,0.000,0.105,5.111,-8.470,-2.986,2.986,13.100,12.524
4772,16,-0.731,31.031,-4.476,-0.001,0.002,0.000,0.081,5.091,-8.465,-2.980,2.980,13.070,12.493
4773,16,-0.731,31.034,-4.476,-0.001,0.002,0.000,0.172,5.130,-8.436,-2.980,2.980,13.065,12.488
4774,16,-0.731,31.031,-4.476,-0.001,-0.003,0.000,0.172,5.130,-8.436,-2.980,2.980,13.146,12.569
4775,16,-0.731,31.031,-4.476,-0.001,-0.003,0.000,0.172,5.130,-8.436,-2.980,2.980,13.146,12.569
4776,16,-0.731,31.031,-4.476,-0.000,0.003,0.000,0.105,5.048,-8.484,-2.986,2.986,13.055,12.478
4777,16,-0.731,31.034,-4.476,-0.000,0.003,0.000,0.105,5.072,-8.508,-2.986,2.986,13.050,12.473
4778,16,-0.731,31.031,-4.476,-0.000,-0.003,0.000,0.105,5.072,-8.508,-2.986,2.986,13.146,12.569
4779,16,-0.731,31.028,-4.476,-0.000,-0.003,0.000,0.105,5.072,-8.508,-2.986,2.986,13.146,12.569
4780,16,-0.731,31.028,-4.476,0.002,-0.000,0.000,0.105,5.101,-8.465,-2.996,2.996,13.105,12.528
4781,16,-0.731,31.028,-4.476,0.002,-0.000,0.000,0.077,5.058,-8.470,-2.996,2.996,13.105,12.528
4782,16,-0.731,31.028,-4.476,0.000,-0.000,0.000,0.077,5.058,-8.470,-2.986,2.986,13.105,12.528
4783,16,-0.731,31.028,-4.476,0.000,-0.000,0.000,0.077,5.058,-8.470,-2.986,2.986,13.105,12.528
4784,16,-0.731,31.028,-4.476,0.000,-0.000,0.000,0.091,5.082,-8.470,-2.986,2.986,13.105,12.528
4785,16,-0.731,31.028,-4.476,0.000,-0.000,0.000,0.096,5.082,-8.484,-2.986,2.986,13.105,12.528
4786,16,-0.731,31.024,-4.476,-0.002,-0.001,0.000,0.096,5.082,-8.484,-2.975,2.975,13.121,12.544
4787,16,-0.731,31.024,-4.476,-0.002,-0.001,0.000,0.096,5.082,-8.484,-2.975,2.975,13.125,12.548
4788,16,-0.731,31.024,-4.476,0.001,0.002,0.000,0.120,5.087,-8.479,-2.991,2.991,13.080,12.503
4789,16,-0.731,31.028,-4.476,0.001,0.002,0.000,0.120,5.072,-8.484,-2.991,2.991,13.075,12.498
4790,16,-0.731,31.028,-4.476,0.000,0.000,0.000,0.120,5.072,-8.484,-2.986,2.986,13.105,12.528
4791,16,-0.731,31.024,-4.476,0.000,0.000,0.000,0.120,5.072,-8.484,-2.986,2.986,13.110,12.533
4792,16,-0.731,31.024,-4.476,0.000,0.000,0.000,0.115,5.115,-8.451,-2.986,2.986,13.110,12.533
4793,16,-0.731,31.024,-4.476,0.000,0.000,0.000,0.134,5.053,-8.479,-2.986,2.986,13.110,12.533
4794,16,-0.731,31.024,-4.476,-0.001,0.001,0.000,0.134,5.053,-8.479,-2.981,2.981,13.095,12.518
4795,16,-0.731,31.024,-4.476,-0.001,0.001,0.000,0.134,5.053,-8.479,-2.981,2.981,13.095,12.518
4796,16,-0.731,31.024,-4.476,-0.000,0.000,0.000,0.072,5.096,-8.470,-2.986,2.986,13.110,12.533
4797,16,-0.731,31.024,-4.476,-0.000,0.000,0.000,0.091,5.082,-8.455,-2.986,2.986,13.110,12.533
4798,16,-0.731,31.024,-4.476,-0.000,0.002,0.000,0.091,5.082,-8.455,-2.986,2.986,13.080,12.503
4799,16,-0.731,31.028,-4.476,-0.000,0.002,0.000,0.091,5.082,-8.455,-2.986,2.986,13.075,12.498
4800,16,-0.731,31.028,-4.476,-0.000,0.000,0.000,0.072,5.096,-8.460,-2.986,2.986,13.105,12.528
4801,16,-0.731,31.024,-4.476,-0.000,0.000,0.000,0.110,5.096,-8.460,-2.986,2.986,13.110,12.533
4802,16,-0.731,31.024,-4.476,-0.000,0.000,0.000,0.110,5.096,-8.460,-2.986,2.986,13.110,12.533
4803,16,-0.731,31.024,-4.476,-0.000,0.000,0.000,0.110,5.096,-8.460,-2.986,2.986,13.110,12.533
4804,16,-0.731,31.024,-4.476,-0.001,0.001,0.000,0.115,5.082,-8.479,-2.981,2.981,13.095,12.518
4805,16,-0.731,31.028,-4.476,-0.001,0.001,0.000,0.172,5.106,-8.465,-2.980,2.980,13.090,12.513
4806,16,-0.731,31.028,-4.476,-0.000,0.001,0.000,0.172,5.106,-8.465,-2.986,2.986,13.090,12.513
4807,16,-0.731,31.028,-4.476,-0.000,0.001,0.000,0.172,5.106,-8.465,-2.986,2.986,13.090,12.513
4808,16,-0.731,31.028,-4.476,-0.001,-0.001,0.000,0.105,5.087,-8.475,-2.980,2.980,13.121,12.544
4809,16,-0.731,31.024,-4.476,-0.001,-0.001,0.000,0.110,5.115,-8.455,-2.981,2.981,13.125,12.548
4810,16,-0.731,31.024,-4.476,-0.000,-0.000,0.000,0.110,5.115,-8.455,-2.986,2.986,13.110,12.533
4811,16,-0.731,31.024,-4.476,-0.000,-0.000,0.000,0.110,5.115,-8.455,-2.986,2.986,13.110,12.533
4812,16,-0.731,31.024,-4.476,0.001,-0.000,0.000,0.081,5.067,-8.465,-2.991,2.991,13.110,12.533
4813,16,-0.731,31.024,-4.476,0.001,-0.000,0.000,0.105,5.125,-8.446,-2.991,2.991,13.110,12.533
4814,16,-0.731,31.024,-4.476,0.000,-0.000,0.000,0.105,5.125,-8.446,-2.986,2.986,13.110,12.533
4815,16,-0.731,31.024,-4.476,0.000,-0.000,0.000,0.105,5.125,-8.446,-2.986,2.986,13.110,12.533
4816,16,-0.731,31.024,-4.476,-0.001,-0.000,0.000,0.091,5.096,-8.475,-2.981,2.981,13.110,12.533
4817,16,-0.731,31.028,-4.476,-0.001,-0.000,0.000,0.110,5.072,-8.475,-2.980,2.980,13.105,12.528
4818,16,-0.731,31.028,-4.476,-0.000,-0.000,0.000,0.110,5.072,-8.475,-2.986,2.986,13.105,12.528
4819,16,-0.730,31.028,-4.472,-0.000,-0.000,0.000,0.110,5.072,-8.475,-2.989,2.989,13.097,12.536
4820,16,-0.730,31.028,-4.472,-0.001,0.001,0.000,0.115,5.101,-8.484,-2.981,2.981,13.090,12.513
4821,16,-0.734,31.027,-4.473,-0.001,0.001,0.000,0.115,5.072,-8.484,-2.978,2.978,13.091,12.512
4822,16,-0.734,31.027,-4.473,-0.000,0.001,0.000,0.115,5.072,-8.484,-2.984,2.984,13.091,12.512
4823,16,-0.734,31.027,-4.473,-0.000,0.001,0.000,0.115,5.072,-8.484,-2.984,2.984,13.091,12.512
4824,16,-0.734,31.027,-4.473,-0.000,0.000,0.000,0.129,5.101,-8.465,-2.984,2.984,13.107,12.527
4825,16,-0.734,31.027,-4.473,-0.000,0.000,0.000,0.110,5.053,-8.489,-2.984,2.984,13.107,12.527
4826,16,-0.730,31.028,-4.472,0.001,0.001,0.000,0.110,5.053,-8.489,-2.992,2.992,13.090,12.513
4827,16,-0.731,31.028,-4.476,0.001,0.001,0.000,0.110,5.053,-8.489,-2.988,2.988,13.098,12.505
4828,16,-0.731,31.028,-4.476,0.001,0.000,0.000,0.110,5.087,-8.470,-2.991,2.991,13.105,12.528
4829,16,-0.731,31.028,-4.476,0.001,0.000,0.000,0.067,5.120,-8.446,-2.991,2.991,13.105,12.528
4830,16,-0.731,31.028,-4.476,-0.001,0.000,0.000,0.067,5.120,-8.446,-2.980,2.980,13.105,12.528
4831,16,-0.731,31.028,-4.476,-0.001,0.000,0.000,0.067,5.120,-8.446,-2.980,2.980,13.105,12.528
4832,16,-0.734,31.027,-4.473,-0.001,0.000,0.000,0.091,5.053,-8.484,-2.978,2.978,13.107,12.527
4833,16,-0.734,31.027,-4.473,-0.001,0.000,0.000,0.091,5.096,-8.465,-2.978,2.978,13.107,12.527
4834,16,-0.734,31.027,-4.473,-0.000,0.000,0.000,0.091,5.096,-8.465,-2.984,2.984,13.107,12.527
4835,16,-0.730,31.028,-4.472,-0.000,0.000,0.000,0.091,5.096,-8.465,-2.987,2.987,13.105,12.529
4836,16,-0.730,31.028,-4.472,-0.000,0.000,0.000,0.139,5.072,-8.470,-2.987,2.987,13.105,12.529
4837,16,-0.730,31.024,-4.472,-0.000,0.000,0.000,0.124,5.120,-8.451,-2.987,2.987,13.110,12.533
4838,16,-0.730,31.024,-4.472,-0.000,0.000,0.000,0.124,5.120,-8.451,-2.987,2.987,13.110,12.533
4839,16,-0.730,31.024,-4.472,-0.000,0.000,0.000,0.124,5.120,-8.451,-2.987,2.987,13.110,12.533
4840,16,-0.730,31.024,-4.472,-0.000,0.000,0.000,0.120,5.082,-8.479,-2.987,2.987,13.110,12.533
4841,16,-0.730,31.024,-4.472,-0.000,0.000,0.000,0.100,5.087,-8.470,-2.987,2.987,13.110,12.533
4842,16,-0.730,31.024,-4.472,-0.000,0.000,0.000,0.100,5.087,-8.470,-2.987,2.987,13.110,12.533
4843,16,-0.734,31.024,-4.473,-0.000,0.000,0.000,0.100,5.087,-8.470,-2.983,2.983,13.113,12.530
4844,16,-0.734,31.024,-4.473,-0.000,0.001,0.000,0.096,5.091,-8.465,-2.984,2.984,13.096,12.517
4845,16,-0.730,31.024,-4.472,-0.000,0.001,0.000,0.081,5.077,-8.465,-2.987,2.987,13.094,12.518
4846,16,-0.734,31.024,-4.473,-0.001,0.000,0.000,0.081,5.077,-8.465,-2.979,2.979,13.111,12.532
4847,16,-0.734,31.024,-4.473,-0.001,0.000,0.000,0.081,5.077,-8.465,-2.979,2.979,13.111,12.532
4848,16,-0.734,31.024,-4.473,-0.000,0.000,0.000,0.086,5.111,-8.460,-2.984,2.984,13.111,12.532
4849,16,-0.734,31.024,-4.473,-0.000,0.000,0.000,0.124,5.082,-8.484,-2.984,2.984,13.111,12.532
4850,16,-0.734,31.024,-4.473,-0.001,0.000,0.000,0.124,5.082,-8.484,-2.979,2.979,13.111,12.532
4851,16,-0.734,31.024,-4.473,-0.001,0.000,0.000,0.124,5.082,-8.484,-2.979,2.979,13.111,12.532
4852,16,-0.734,31.024,-4.473,-0.001,0.000,0.000,0.096,5.091,-8.460,-2.979,2.979,13.111,12.532
4853,16,-0.734,31.024,-4.473,-0.001,0.000,0.000,0.129,5.101,-8.470,-2.979,2.979,13.111,12.532
4854,16,-0.734,31.024,-4.473,-0.000,0.000,0.000,0.129,5.101,-8.470,-2.984,2.984,13.111,12.532
4855,16,-0.734,31.024,-4.473,-0.000,0.000,0.000,0.129,5.101,-8.470,-2.984,2.984,13.111,12.532
4856,16,-0.734,31.024,-4.473,-0.000,0.000,0.000,0.096,5.077,-8.498,-2.984,2.984,13.111,12.532
4857,16,-0.734,31.024,-4.473,-0.000,0.000,0.000,0.124,5.067,-8.475,-2.984,2.984,13.111,12.532
4858,16,-0.734,31.024,-4.473,-0.000,0.001,0.000,0.124,5.067,-8.475,-2.984,2.984,13.096,12.517
4859,16,-0.734,31.024,-4.473,-0.000,0.001,0.000,0.124,5.067,-8.475,-2.984,2.984,13.096,12.517
4860,16,-0.734,31.024,-4.473,-0.000,0.001,0.000,0.091,5.091,-8.465,-2.984,2.984,13.096,12.517
4861,16,-0.734,31.024,-4.473,-0.000,0.001,0.000,0.096,5.096,-8.460,-2.984,2.984,13.096,12.517
4862,16,-0.734,31.024,-4.473,-0.001,0.000,0.000,0.096,5.096,-8.460,-2.979,2.979,13.111,12.532
4863,16,-0.734,31.024,-4.473,-0.001,0.000,0.000,0.096,5.096,-8.460,-2.979,2.979,13.111,12.532
4864,16,-0.734,31.024,-4.473,-0.000,0.000,0.000,0.096,5.096,-8.470,-2.984,2.984,13.111,12.532
4865,16,-0.734,31.024,-4.473,-0.000,0.000,0.000,0.115,5.087,-8.460,-2.984,2.984,13.111,12.532
4866,16,-0.734,31.024,-4.473,-0.000,0.001,0.000,0.115,5.087,-8.460,-2.984,2.984,13.096,12.517
4867,16,-0.734,31.024,-4.473,-0.000,0.001,0.000,0.115,5.087,-8.460,-2.984,2.984,13.096,12.517
4868,16,-0.734,31.024,-4.473,-0.001,-0.001,0.000,0.110,5.096,-8.460,-2.979,2.979,13.127,12.547
4869,16,-0.734,31.024,-4.473,-0.001,-0.001,0.000,0.110,5.111,-8.479,-2.979,2.979,13.127,12.547
4870,16,-0.737,31.024,-4.474,-0.001,-0.000,0.000,0.110,5.111,-8.479,-2.979,2.979,13.111,12.532
4871,16,-0.737,31.024,-4.474,-0.001,-0.000,0.000,0.110,5.111,-8.479,-2.976,2.976,13.113,12.531
4872,16,-0.737,31.024,-4.474,-0.000,-0.001,0.000,0.115,5.039,-8.508,-2.981,2.981,13.128,12.546
4873,16,-0.737,31.024,-4.474,-0.000,-0.001,0.000,0.086,5.101,-8.470,-2.981,2.981,13.128,12.546
4874,16,-0.733,31.020,-4.473,0.001,-0.000,0.000,0.086,5.101,-8.470,-2.989,2.989,13.113,12.533
4875,16,-0.733,31.020,-4.473,0.001,-0.000,0.000,0.086,5.101,-8.470,-2.989,2.989,13.118,12.538
4876,16,-0.733,31.020,-4.473,0.000,-0.000,0.000,0.124,5.096,-8.470,-2.984,2.984,13.118,12.538
4877,16,-0.733,31.020,-4.473,0.000,-0.000,0.000,0.081,5.087,-8.441,-2.984,2.984,13.118,12.538
4878,16,-0.733,31.020,-4.473,-0.002,-0.000,0.000,0.081,5.087,-8.441,-2.973,2.973,13.118,12.538
4879,16,-0.736,31.020,-4.470,-0.002,-0.000,0.000,0.081,5.087,-8.441,-2.971,2.971,13.119,12.537
4880,16,-0.736,31.020,-4.470,-0.001,-0.000,0.000,0.129,5.082,-8.479,-2.977,2.977,13.119,12.537
4881,16,-0.736,31.020,-4.470,-0.001,-0.000,0.000,0.096,5.091,-8.470,-2.977,2.977,13.119,12.537
4882,16,-0.736,31.020,-4.470,-0.000,-0.000,0.000,0.096,5.091,-8.470,-2.982,2.982,13.119,12.537
4883,16,-0.736,31.020,-4.470,-0.000,-0.000,0.000,0.096,5.091,-8.470,-2.982,2.982,13.119,12.537
4884,16,-0.736,31.020,-4.470,-0.000,0.001,0.000,0.110,5.091,-8.470,-2.982,2.982,13.104,12.522
4885,16,-0.736,31.020,-4.470,-0.000,0.001,0.000,0.105,5.106,-8.475,-2.982,2.982,13.104,12.522
4886,16,-0.736,31.020,-4.470,-0.000,0.000,0.000,0.105,5.106,-8.475,-2.982,2.982,13.119,12.537
4887,16,-0.736,31.020,-4.470,-0.000,0.000,0.000,0.105,5.106,-8.475,-2.982,2.982,13.119,12.537
4888,16,-0.736,31.020,-4.470,-0.001,0.000,0.000,0.100,5.067,-8.479,-2.977,2.977,13.119,12.537
4889,16,-0.736,31.020,-4.470,-0.001,0.000,0.000,0.120,5.082,-8.489,-2.977,2.977,13.119,12.537
4890,16,-0.736,31.020,-4.470,0.001,0.000,0.000,0.120,5.082,-8.489,-2.987,2.987,13.119,12.537
4891,16,-0.736,31.020,-4.470,0.001,0.000,0.000,0.120,5.082,-8.489,-2.987,2.987,13.119,12.537
4892,16,-0.736,31.020,-4.470,-0.001,0.000,0.000,0.086,5.096,-8.446,-2.977,2.977,13.119,12.537
4893,16,-0.736,31.020,-4.470,-0.001,0.000,0.000,0.115,5.063,-8.494,-2.977,2.977,13.119,12.537
4894,16,-0.736,31.020,-4.470,-0.000,0.000,0.000,0.115,5.063,-8.494,-2.982,2.982,13.119,12.537
4895,16,-0.736,31.020,-4.470,-0.000,0.000,0.000,0.115,5.063,-8.494,-2.982,2.982,13.119,12.537
4896,16,-0.736,31.020,-4.470,-0.000,0.000,0.000,0.105,5.096,-8.465,-2.982,2.982,13.119,12.537
4897,16,-0.736,31.016,-4.470,-0.000,0.000,0.000,0.105,5.067,-8.494,-2.982,2.982,13.124,12.542
4898,16,-0.736,31.016,-4.470,-0.000,0.000,0.000,0.105,5.067,-8.494,-2.982,2.982,13.124,12.542
4899,16,-0.736,31.016,-4.470,-0.000,0.000,0.000,0.105,5.067,-8.494,-2.982,2.982,13.124,12.542
4900,16,-0.736,31.016,-4.470,-0.000,0.000,0.000,0.120,5.106,-8.470,-2.982,2.982,13.124,12.542
4901,16,-0.736,31.016,-4.470,-0.000,0.000,0.000,0.081,5.091,-8.470,-2.982,2.982,13.124,12.542
4902,16,-0.736,31.016,-4.470,-0.000,0.000,0.000,0.081,5.091,-8.470,-2.982,2.982,13.124,12.542
4903,16,-0.736,31.016,-4.470,-0.000,0.000,0.000,0.081,5.091,-8.470,-2.982,2.982,13.124,12.542
4904,16,-0.736,31.016,-4.470,-0.000,0.000,0.000,0.134,5.072,-8.489,-2.982,2.982,13.124,12.542
4905,16,-0.736,31.016,-4.470,-0.000,0.000,0.000,0.086,5.096,-8.465,-2.982,2.982,13.124,12.542
4906,16,-0.736,31.016,-4.470,-0.000,0.000,0.000,0.086,5.096,-8.465,-2.982,2.982,13.124,12.542
4907,16,-0.736,31.016,-4.470,-0.000,0.000,0.000,0.086,5.096,-8.465,-2.982,2.982,13.124,12.542
4908,16,-0.736,31.013,-4.470,-0.000,0.000,0.000,0.120,5.087,-8.484,-2.982,2.982,13.129,12.547
4909,16,-0.736,31.013,-4.470,-0.000,0.000,0.000,0.096,5.101,-8.460,-2.982,2.982,13.129,12.547
4910,16,-0.736,31.013,-4.470,-0.000,0.000,0.000,0.096,5.101,-8.460,-2.982,2.982,13.129,12.547
4911,16,-0.736,31.013,-4.470,-0.000,0.000,0.000,0.096,5.101,-8.460,-2.982,2.982,13.129,12.547
4912,16,-0.736,31.013,-4.470,-0.000,0.000,0.000,0.100,5.072,-8.489,-2.982,2.982,13.129,12.547
4913,16,-0.736,31.013,-4.470,-0.000,0.000,0.000,0.124,5.091,-8.470,-2.982,2.982,13.129,12.547
4914,16,-0.736,31.013,-4.470,-0.000,0.000,0.000,0.124,5.091,-8.470,-2.982,2.982,13.129,12.547
4915,16,-0.736,31.013,-4.470,-0.000,0.000,0.000,0.124,5.091,-8.470,-2.982,2.982,13.129,12.547
4916,16,-0.736,31.013,-4.470,-0.000,0.000,0.000,0.096,5.053,-8.484,-2.982,2.982,13.129,12.547
4917,16,-0.736,31.013,-4.470,-0.000,0.000,0.000,0.096,5.053,-8.484,-2.982,2.982,13.129,12.547
4918,16,-0.736,31.013,-4.470,-0.000,0.000,0.000,0.115,5.106,-8.455,-2.982,2.982,13.129,12.547
4919,16,-0.736,31.013,-4.470,-0.000,0.000,0.000,0.115,5.106,-8.455,-2.982,2.982,13.129,12.547
4920,16,-0.736,31.013,-4.470,-0.000,0.000,0.000,0.096,5.091,-8.460,-2.982,2.982,13.129,12.547
4921,16,-0.736,31.010,-4.470,-0.000,0.000,0.000,0.096,5.091,-8.460,-2.982,2.982,13.133,12.551
4922,16,-0.736,31.010,-4.470,-0.000,0.000,0.000,0.115,5.072,-8.475,-2.982,2.982,13.133,12.551
4923,16,-0.732,31.010,-4.469,-0.000,0.000,0.000,0.115,5.072,-8.475,-2.986,2.986,13.130,12.555
4924,16,-0.732,31.010,-4.469,-0.000,0.000,0.000,0.086,5.120,-8.465,-2.985,2.985,13.132,12.553
4925,16,-0.732,31.010,-4.469,-0.000,0.000,0.000,0.086,5.120,-8.465,-2.985,2.985,13.132,12.553
4926,16,-0.732,31.010,-4.469,-0.000,0.000,0.000,0.105,5.072,-8.470,-2.985,2.985,13.132,12.553
4927,16,-0.732,31.010,-4.469,-0.000,0.000,0.000,0.105,5.072,-8.470,-2.985,2.985,13.132,12.553
4928,16,-0.732,31.010,-4.469,-0.000,0.000,0.000,0.110,5.106,-8.470,-2.985,2.985,13.132,12.553
4929,16,-0.732,31.010,-4.469,-0.000,0.000,0.000,0.110,5.106,-8.470,-2.985,2.985,13.132,12.553
4930,16,-0.732,31.010,-4.469,-0.000,0.000,0.000,0.120,5.063,-8.484,-2.985,2.985,13.132,12.553
4931,16,-0.732,31.009,-4.468,-0.000,0.000,0.000,0.120,5.063,-8.484,-2.985,2.985,13.133,12.554
4932,16,-0.732,31.009,-4.468,-0.000,0.000,0.000,0.115,5.067,-8.475,-2.985,2.985,13.133,12.554
4933,16,-0.732,31.009,-4.468,-0.000,0.000,0.000,0.115,5.067,-8.475,-2.985,2.985,13.133,12.554
4934,16,-0.732,31.009,-4.468,-0.000,0.000,0.000,0.115,5.115,-8.465,-2.985,2.985,13.133,12.554
4935,16,-0.732,31.009,-4.468,-0.000,0.000,0.000,0.115,5.115,-8.465,-2.985,2.985,13.133,12.554
4936,16,-0.732,31.009,-4.468,-0.000,0.000,0.000,0.081,5.072,-8.479,-2.985,2.985,13.133,12.554
4937,16,-0.732,31.009,-4.468,-0.000,0.000,0.000,0.081,5.072,-8.479,-2.985,2.985,13.133,12.554
4938,16,-0.732,31.009,-4.468,-0.000,0.000,0.000,0.120,5.111,-8.470,-2.985,2.985,13.133,12.554
4939,16,-0.732,31.009,-4.468,-0.000,0.000,0.000,0.120,5.111,-8.470,-2.985,2.985,13.133,12.554
4940,16,-0.732,31.009,-4.468,-0.000,0.000,0.000,0.077,5.072,-8.455,-2.985,2.985,13.133,12.554
4941,16,-0.732,31.005,-4.468,-0.000,0.000,0.000,0.077,5.072,-8.455,-2.985,2.985,13.138,12.559
4942,16,-0.732,31.005,-4.468,-0.000,0.000,0.000,0.120,5.120,-8.446,-2.985,2.985,13.138,12.559
4943,16,-0.732,31.005,-4.468,-0.000,0.000,0.000,0.120,5.120,-8.446,-2.985,2.985,13.138,12.559
4944,16,-0.732,31.009,-4.468,-0.000,0.000,0.000,0.110,5.106,-8.465,-2.985,2.985,13.133,12.554
4945,16,-0.732,31.009,-4.468,-0.000,0.000,0.000,0.110,5.106,-8.465,-2.985,2.985,13.133,12.554
4946,16,-0.732,31.009,-4.468,-0.000,0.000,0.000,0.120,5.087,-8.460,-2.985,2.985,13.133,12.554
4947,16,-0.732,31.009,-4.468,-0.000,0.000,0.000,0.120,5.087,-8.460,-2.985,2.985,13.133,12.554
4948,16,-0.732,31.009,-4.468,-0.000,0.000,0.000,0.120,5.087,-8.494,-2.985,2.985,13.133,12.554
4949,16,-0.732,31.009,-4.468,-0.000,0.000,0.000,0.120,5.087,-8.494,-2.985,2.985,13.133,12.554
4950,16,-0.732,31.009,-4.468,-0.000,0.000,0.000,0.110,5.106,-8.484,-2.985,2.985,13.133,12.554
4951,16,-0.732,31.009,-4.468,-0.000,0.000,0.000,0.110,5.106,-8.484,-2.985,2.985,13.133,12.554
4952,16,-0.732,31.009,-4.468,-0.000,0.000,0.000,0.105,5.096,-8.475,-2.985,2.985,13.133,12.554
4953,16,-0.732,31.009,-4.468,-0.000,0.000,0.000,0.105,5.096,-8.475,-2.985,2.985,13.133,12.554
4954,16,-0.732,31.009,-4.468,-0.000,0.000,0.000,0.086,5.091,-8.475,-2.985,2.985,13.133,12.554
4955,16,-0.732,31.009,-4.468,-0.000,0.000,0.000,0.086,5.091,-8.475,-2.985,2.985,13.133,12.554
4956,16,-0.732,31.009,-4.468,-0.000,0.000,0.000,0.096,5.087,-8.460,-2.985,2.985,13.133,12.554
4957,16,-0.732,31.009,-4.468,-0.000,0.000,0.000,0.096,5.087,-8.460,-2.985,2.985,13.133,12.554
4958,16,-0.732,31.009,-4.468,-0.000,0.000,0.000,0.115,5.101,-8.475,-2.985,2.985,13.133,12.554
4959,16,-0.732,31.009,-4.468,-0.000,0.000,0.000,0.115,5.101,-8.475,-2.985,2.985,13.133,12.554
4960,16,-0.732,31.009,-4.468,-0.000,0.000,0.000,0.115,5.106,-8.455,-2.985,2.985,13.133,12.554
4961,16,-0.732,31.009,-4.468,-0.000,0.000,0.000,0.115,5.106,-8.455,-2.985,2.985,13.133,12.554
4962,16,-0.732,31.009,-4.468,-0.000,0.000,0.000,0.120,5.067,-8.489,-2.985,2.985,13.133,12.554
4963,16,-0.732,31.009,-4.468,-0.000,0.000,0.000,0.120,5.067,-8.489,-2.985,2.985,13.133,12.554
4964,16,-0.732,31.009,-4.468,-0.000,0.000,0.000,0.115,5.082,-8.489,-2.985,2.985,13.133,12.554
4965,16,-0.732,31.009,-4.468,-0.000,0.000,0.000,0.115,5.082,-8.489,-2.985,2.985,13.133,12.554
4966,16,-0.732,31.009,-4.468,-0.000,0.000,0.000,0.100,5.096,-8.460,-2.985,2.985,13.133,12.554
4967,16,-0.732,31.009,-4.468,-0.000,0.000,0.000,0.100,5.096,-8.460,-2.985,2.985,13.133,12.554
4968,16,-0.732,31.009,-4.468,-0.000,0.000,0.000,0.096,5.101,-8.470,-2.985,2.985,13.133,12.554
4969,16,-0.732,31.009,-4.468,-0.000,0.000,0.000,0.096,5.101,-8.470,-2.985,2.985,13.133,12.554
4970,16,-0.732,31.009,-4.468,-0.000,0.000,0.000,0.100,5.106,-8.446,-2.985,2.985,13.133,12.554
4971,16,-0.732,31.009,-4.468,-0.000,0.000,0.000,0.100,5.106,-8.446,-2.985,2.985,13.133,12.554
4972,16,-0.732,31.009,-4.468,-0.000,0.000,0.000,0.100,5.058,-8.479,-2.985,2.985,13.133,12.554
4973,16,-0.732,31.009,-4.468,-0.000,0.000,0.000,0.100,5.058,-8.479,-2.985,2.985,13.133,12.554
4974,16,-0.732,31.009,-4.468,-0.000,0.000,0.000,0.105,5.111,-8.446,-2.985,2.985,13.133,12.554
4975,16,-0.732,31.009,-4.468,-0.000,0.000,0.000,0.105,5.111,-8.446,-2.985,2.985,13.133,12.554
4976,16,-0.732,31.009,-4.468,-0.000,0.000,0.000,0.120,5.106,-8.470,-2.985,2.985,13.133,12.554
4977,16,-0.732,31.009,-4.468,-0.000,0.000,0.000,0.120,5.106,-8.470,-2.985,2.985,13.133,12.554
4978,16,-0.732,31.009,-4.468,-0.000,-0.002,0.000,0.139,5.096,-8.470,-2.985,2.985,13.133,12.554
4979,16,-0.732,31.005,-4.468,-0.000,-0.002,0.000,0.139,5.096,-8.470,-2.985,2.985,13.168,12.589
4980,16,-0.732,31.009,-4.468,-0.000,0.001,0.000,0.105,5.082,-8.484,-2.985,2.985,13.118,12.539
4981,16,-0.732,31.009,-4.468,-0.000,0.001,0.000,0.105,5.082,-8.484,-2.985,2.985,13.118,12.539
4982,16,-0.732,31.009,-4.468,-0.001,0.000,0.000,0.105,5.058,-8.503,-2.985,2.985,13.118,12.539
4983,16,-0.732,31.009,-4.468,-0.001,0.000,0.000,0.105,5.058,-8.503,-2.980,2.980,13.133,12.554
4984,16,-0.732,31.009,-4.468,0.001,0.001,0.000,0.100,5.115,-8.446,-2.990,2.990,13.118,12.539
4985,16,-0.732,31.009,-4.468,0.001,0.001,0.000,0.100,5.115,-8.446,-2.990,2.990,13.118,12.539
4986,16,-0.732,31.010,-4.469,0.000,0.002,0.000,0.096,5.087,-8.460,-2.990,2.990,13.116,12.538
4987,16,-0.732,31.013,-4.469,0.000,0.002,0.000,0.096,5.087,-8.460,-2.985,2.985,13.096,12.517
4988,16,-0.732,31.013,-4.469,0.000,-0.001,0.000,0.100,5.091,-8.460,-2.985,2.985,13.142,12.563
4989,16,-0.732,31.010,-4.469,0.000,-0.001,0.000,0.100,5.091,-8.460,-2.985,2.985,13.147,12.568
4990,16,-0.732,31.010,-4.469,-0.002,0.001,0.000,0.086,5.101,-8.460,-2.985,2.985,13.147,12.568
4991,16,-0.736,31.013,-4.470,-0.002,0.001,0.000,0.086,5.101,-8.460,-2.971,2.971,13.115,12.529
4992,16,-0.732,31.013,-4.469,-0.000,0.000,0.000,0.124,5.096,-8.465,-2.985,2.985,13.127,12.548
4993,16,-0.732,31.013,-4.469,-0.000,0.000,0.000,0.124,5.096,-8.465,-2.985,2.985,13.127,12.548
4994,16,-0.732,31.013,-4.469,-0.000,-0.001,0.000,0.129,5.096,-8.465,-2.985,2.985,13.127,12.548
4995,16,-0.732,31.013,-4.469,-0.000,-0.001,0.000,0.129,5.096,-8.465,-2.985,2.985,13.142,12.563
4996,16,-0.736,31.013,-4.470,-0.001,-0.000,0.000,0.120,5.082,-8.494,-2.977,2.977,13.129,12.547
4997,16,-0.736,31.013,-4.470,-0.001,-0.000,0.000,0.120,5.082,-8.494,-2.977,2.977,13.129,12.547
4998,16,-0.735,31.013,-4.466,-0.000,-0.000,0.000,0.120,5.072,-8.484,-2.977,2.977,13.128,12.547
4999,16,-0.736,31.013,-4.470,-0.000,-0.000,0.000,0.120,5.072,-8.484,-2.982,2.982,13.129,12.547
5000,16,-0.736,31.010,-4.470,-0.000,-0.000,0.000,0.072,5.072,-8.475,-2.982,2.982,13.133,12.551
5001,16,-0.736,31.010,-4.470,-0.000,-0.000,0.000,0.072,5.072,-8.475,-2.982,2.982,13.133,12.551
5002,16,-0.736,31.010,-4.470,-0.000,0.001,0.000,0.105,5.077,-8.484,-2.982,2.982,13.133,12.551
5003,16,-0.735,31.013,-4.466,-0.000,0.001,0.000,0.105,5.077,-8.484,-2.986,2.986,13.105,12.539
5004,16,-0.735,31.010,-4.466,-0.000,0.000,0.000,0.091,5.063,-8.484,-2.983,2.983,13.133,12.552
5005,16,-0.735,31.010,-4.466,-0.000,0.000,0.000,0.091,5.063,-8.484,-2.983,2.983,13.133,12.552
5006,16,-0.735,31.010,-4.466,-0.000,0.003,0.000,0.100,5.053,-8.498,-2.983,2.983,13.133,12.552
5007,16,-0.735,31.013,-4.466,-0.000,0.003,0.000,0.100,5.053,-8.498,-2.983,2.983,13.082,12.501
5008,16,-0.735,31.013,-4.466,-0.000,0.000,0.000,0.115,5.072,-8.470,-2.983,2.983,13.128,12.547
5009,16,-0.735,31.013,-4.466,-0.000,0.000,0.000,0.115,5.072,-8.470,-2.983,2.983,13.128,12.547
5010,16,-0.735,31.013,-4.466,-0.000,0.001,0.000,0.120,5.106,-8.451,-2.983,2.983,13.128,12.547
5011,16,-0.735,31.013,-4.466,-0.000,0.001,0.000,0.120,5.106,-8.451,-2.983,2.983,13.113,12.532
5012,16,-0.735,31.013,-4.466,-0.000,0.001,0.000,0.139,5.091,-8.470,-2.983,2.983,13.113,12.532
5013,16,-0.735,31.013,-4.466,-0.000,0.001,0.000,0.139,5.091,-8.470,-2.983,2.983,13.113,12.532
5014,16,-0.735,31.013,-4.466,-0.001,-0.001,0.000,0.081,5.096,-8.475,-2.983,2.983,13.113,12.532
5015,16,-0.735,31.010,-4.466,-0.001,-0.001,0.000,0.081,5.096,-8.475,-2.978,2.978,13.148,12.567
5016,16,-0.735,31.010,-4.466,-0.000,0.002,0.000,0.129,5.082,-8.475,-2.983,2.983,13.102,12.521
5017,16,-0.735,31.013,-4.466,-0.000,0.002,0.000,0.129,5.082,-8.475,-2.983,2.983,13.098,12.517
5018,16,-0.735,31.013,-4.466,-0.000,-0.001,0.000,0.067,5.106,-8.451,-2.983,2.983,13.098,12.517
5019,16,-0.735,31.010,-4.466,-0.000,-0.001,0.000,0.067,5.106,-8.451,-2.983,2.983,13.148,12.567
5020,16,-0.735,31.013,-4.466,-0.000,0.003,0.000,0.110,5.111,-8.479,-2.983,2.983,13.082,12.501
5021,16,-0.735,31.013,-4.466,-0.000,0.003,0.000,0.110,5.111,-8.479,-2.983,2.983,13.082,12.501
5022,16,-0.735,31.013,-4.466,-0.000,0.001,0.000,0.086,5.063,-8.479,-2.983,2.983,13.082,12.501
5023,16,-0.735,31.016,-4.466,-0.000,0.001,0.000,0.086,5.063,-8.479,-2.983,2.983,13.108,12.527
5024,16,-0.735,31.016,-4.466,-0.001,0.000,0.000,0.124,5.154,-8.446,-2.977,2.977,13.123,12.542
5025,16,-0.735,31.016,-4.466,-0.001,0.000,0.000,0.124,5.154,-8.446,-2.977,2.977,13.123,12.542
5026,16,-0.735,31.016,-4.466,0.001,0.001,0.000,0.120,5.058,-8.494,-2.977,2.977,13.123,12.542
5027,16,-0.735,31.016,-4.466,0.001,0.001,0.000,0.120,5.058,-8.494,-2.988,2.988,13.108,12.527
5028,16,-0.731,31.017,-4.465,0.001,-0.002,0.000,0.124,5.106,-8.479,-2.991,2.991,13.152,12.574
5029,16,-0.731,31.013,-4.465,0.001,-0.002,0.000,0.124,5.106,-8.479,-2.991,2.991,13.157,12.579
5030,16,-0.731,31.017,-4.465,-0.002,0.003,0.000,0.086,5.072,-8.475,-2.991,2.991,13.152,12.574
5031,16,-0.735,31.016,-4.466,-0.002,0.003,0.000,0.086,5.072,-8.475,-2.972,2.972,13.078,12.497
5032,16,-0.735,31.016,-4.466,-0.000,0.000,0.000,0.110,5.091,-8.465,-2.983,2.983,13.123,12.542
5033,16,-0.735,31.016,-4.466,-0.000,0.000,0.000,0.110,5.091,-8.465,-2.983,2.983,13.123,12.542
5034,16,-0.735,31.020,-4.466,-0.000,0.003,0.000,0.072,5.096,-8.470,-2.983,2.983,13.123,12.542
5035,16,-0.735,31.020,-4.466,-0.000,0.003,0.000,0.072,5.096,-8.470,-2.983,2.983,13.073,12.492
5036,16,-0.735,31.020,-4.466,-0.000,0.000,0.000,0.086,5.067,-8.475,-2.983,2.983,13.118,12.537
5037,16,-0.735,31.020,-4.466,-0.000,0.000,0.000,0.086,5.067,-8.475,-2.983,2.983,13.118,12.537
5038,16,-0.735,31.020,-4.466,-0.000,0.002,0.000,0.110,5.101,-8.446,-2.983,2.983,13.118,12.537
5039,16,-0.731,31.023,-4.465,-0.000,0.002,0.000,0.110,5.101,-8.446,-2.986,2.986,13.079,12.506
5040,16,-0.731,31.023,-4.465,-0.000,0.000,0.000,0.110,5.067,-8.475,-2.985,2.985,13.112,12.534
5041,16,-0.731,31.023,-4.465,-0.000,0.000,0.000,0.110,5.067,-8.475,-2.985,2.985,13.112,12.534
5042,16,-0.731,31.020,-4.465,-0.000,0.000,0.000,0.124,5.125,-8.446,-2.985,2.985,13.117,12.539
5043,16,-0.731,31.020,-4.465,-0.000,0.000,0.000,0.124,5.125,-8.446,-2.985,2.985,13.117,12.539
5044,16,-0.731,31.023,-4.465,-0.001,0.002,0.000,0.134,5.058,-8.475,-2.980,2.980,13.081,12.504
5045,16,-0.731,31.024,-4.465,-0.001,0.002,0.000,0.134,5.058,-8.475,-2.980,2.980,13.080,12.502
5046,16,-0.735,31.024,-4.466,-0.000,-0.001,0.000,0.105,5.096,-8.475,-2.977,2.977,13.082,12.501
5047,16,-0.735,31.023,-4.466,-0.000,-0.001,0.000,0.105,5.096,-8.475,-2.983,2.983,13.129,12.548
5048,16,-0.735,31.024,-4.466,-0.000,0.002,0.000,0.091,5.087,-8.470,-2.983,2.983,13.082,12.501
5049,16,-0.735,31.024,-4.466,-0.000,0.002,0.000,0.091,5.087,-8.470,-2.983,2.983,13.082,12.501
5050,16,-0.731,31.023,-4.465,0.001,-0.003,0.000,0.096,5.082,-8.475,-2.983,2.983,13.082,12.501
5051,16,-0.731,31.020,-4.465,0.001,-0.003,0.000,0.096,5.082,-8.475,-2.991,2.991,13.162,12.585
5052,16,-0.731,31.020,-4.465,0.000,-0.000,0.000,0.105,5.120,-8.451,-2.985,2.985,13.117,12.539
5053,16,-0.731,31.020,-4.465,0.000,-0.000,0.000,0.105,5.120,-8.451,-2.985,2.985,13.117,12.539
5054,16,-0.731,31.020,-4.465,-0.002,-0.000,0.000,0.115,5.058,-8.489,-2.985,2.985,13.117,12.539
5055,16,-0.735,31.020,-4.466,-0.002,-0.000,0.000,0.115,5.058,-8.489,-2.972,2.972,13.118,12.537
5056,16,-0.735,31.020,-4.466,-0.000,-0.000,0.000,0.115,5.101,-8.484,-2.983,2.983,13.118,12.537
5057,16,-0.735,31.020,-4.466,-0.000,-0.000,0.000,0.115,5.101,-8.484,-2.983,2.983,13.118,12.537
5058,16,-0.735,31.020,-4.466,-0.000,0.002,0.000,0.105,5.058,-8.489,-2.983,2.983,13.118,12.537
5059,16,-0.735,31.020,-4.466,-0.000,0.002,0.000,0.105,5.058,-8.489,-2.983,2.983,13.088,12.507
5060,16,-0.735,31.020,-4.466,-0.000,0.000,0.000,0.124,5.096,-8.460,-2.983,2.983,13.118,12.537
5061,16,-0.735,31.020,-4.466,-0.000,0.000,0.000,0.124,5.096,-8.460,-2.983,2.983,13.118,12.537
5062,16,-0.735,31.020,-4.466,-0.001,0.002,0.000,0.100,5.072,-8.465,-2.983,2.983,13.118,12.537
5063,16,-0.735,31.023,-4.466,-0.001,0.002,0.000,0.100,5.072,-8.465,-2.977,2.977,13.083,12.502
5064,16,-0.735,31.023,-4.466,-0.000,0.000,0.000,0.086,5.072,-8.475,-2.983,2.983,13.113,12.533
5065,16,-0.735,31.023,-4.466,-0.000,0.000,0.000,0.086,5.072,-8.475,-2.983,2.983,13.113,12.533
5066,16,-0.735,31.023,-4.466,-0.000,0.001,0.000,0.091,5.111,-8.451,-2.983,2.983,13.113,12.533
5067,16,-0.735,31.023,-4.466,-0.000,0.001,0.000,0.091,5.111,-8.451,-2.983,2.983,13.098,12.518
5068,16,-0.735,31.024,-4.466,-0.001,0.001,0.000,0.096,5.053,-8.479,-2.977,2.977,13.097,12.516
5069,16,-0.735,31.024,-4.466,-0.001,0.001,0.000,0.096,5.053,-8.479,-2.977,2.977,13.097,12.516
5070,16,-0.734,31.023,-4.462,-0.000,0.000,0.000,0.115,5.106,-8.460,-2.978,2.978,13.098,12.518
5071,16,-0.734,31.023,-4.462,-0.000,0.000,0.000,0.115,5.106,-8.460,-2.983,2.983,13.113,12.533
5072,16,-0.734,31.023,-4.462,-0.000,0.000,0.000,0.110,5.115,-8.441,-2.983,2.983,13.113,12.533
5073,16,-0.734,31.023,-4.462,-0.000,0.000,0.000,0.110,5.115,-8.441,-2.983,2.983,13.113,12.533
5074,16,-0.734,31.023,-4.462,0.001,0.000,0.000,0.139,5.101,-8.470,-2.983,2.983,13.113,12.533
5075,16,-0.735,31.023,-4.466,0.001,0.000,0.000,0.139,5.101,-8.470,-2.988,2.988,13.113,12.533
5076,16,-0.735,31.023,-4.466,0.001,0.000,0.000,0.124,5.087,-8.484,-2.988,2.988,13.113,12.533
5077,16,-0.735,31.023,-4.466,0.001,0.000,0.000,0.124,5.087,-8.484,-2.988,2.988,13.113,12.533
5078,16,-0.731,31.023,-4.465,0.000,0.000,0.000,0.057,5.106,-8.451,-2.991,2.991,13.112,12.534
5079,16,-0.731,31.023,-4.465,0.000,0.000,0.000,0.057,5.106,-8.451,-2.985,2.985,13.112,12.534
5080,16,-0.731,31.024,-4.465,0.000,0.001,0.000,0.115,5.096,-8.465,-2.985,2.985,13.095,12.518
5081,16,-0.731,31.024,-4.465,0.000,0.001,0.000,0.115,5.096,-8.465,-2.985,2.985,13.095,12.518
5082,16,-0.731,31.024,-4.465,0.000,-0.001,0.000,0.077,5.082,-8.470,-2.985,2.985,13.095,12.518
5083,16,-0.731,31.023,-4.465,0.000,-0.001,0.000,0.077,5.082,-8.470,-2.986,2.986,13.127,12.550
5084,16,-0.731,31.023,-4.465,0.000,-0.001,0.000,0.110,5.087,-8.470,-2.985,2.985,13.127,12.549
5085,16,-0.731,31.024,-4.465,-0.001,0.001,0.000,0.110,5.087,-8.470,-2.980,2.980,13.095,12.518
5086,16,-0.730,31.024,-4.461,-0.001,0.000,0.000,0.110,5.101,-8.465,-2.981,2.981,13.095,12.518
5087,16,-0.734,31.024,-4.462,-0.001,0.000,0.000,0.115,5.101,-8.465,-2.977,2.977,13.114,12.530
5088,16,-0.734,31.024,-4.462,-0.001,0.000,0.000,0.144,5.101,-8.460,-2.978,2.978,13.112,12.532
5089,16,-0.734,31.024,-4.462,-0.001,0.000,0.000,0.144,5.101,-8.460,-2.978,2.978,13.112,12.532
5090,16,-0.734,31.024,-4.462,-0.001,0.000,0.000,0.144,5.063,-8.489,-2.978,2.978,13.112,12.532
5091,16,-0.734,31.024,-4.462,-0.001,0.000,0.000,0.110,5.063,-8.489,-2.978,2.978,13.112,12.532
5092,16,-0.734,31.024,-4.462,-0.001,0.000,0.000,0.120,5.087,-8.470,-2.978,2.978,13.112,12.532
5093,16,-0.734,31.024,-4.462,0.001,0.000,0.000,0.120,5.087,-8.470,-2.989,2.989,13.112,12.532
5094,16,-0.734,31.024,-4.462,0.002,0.000,0.000,0.120,5.120,-8.470,-2.989,2.989,13.112,12.532
5095,16,-0.734,31.024,-4.462,0.002,0.000,0.000,0.110,5.120,-8.470,-2.994,2.994,13.112,12.532
5096,16,-0.730,31.024,-4.461,0.002,0.000,0.000,0.100,5.053,-8.503,-2.997,2.997,13.110,12.533
5097,16,-0.734,31.023,-4.462,0.000,0.000,0.000,0.100,5.053,-8.503,-2.983,2.983,13.113,12.533
5098,16,-0.734,31.023,-4.462,-0.003,0.000,0.000,0.100,5.096,-8.465,-2.983,2.983,13.113,12.533
5099,16,-0.734,31.023,-4.462,-0.003,0.000,0.000,0.057,5.096,-8.465,-2.967,2.967,13.113,12.533
5100,16,-0.734,31.023,-4.462,-0.003,0.000,0.000,0.105,5.063,-8.494,-2.967,2.967,13.113,12.533
5101,16,-0.734,31.023,-4.462,-0.000,0.002,0.000,0.105,5.063,-8.494,-2.983,2.983,13.082,12.503
5102,16,-0.734,31.024,-4.462,0.001,0.000,0.000,0.105,5.111,-8.475,-2.983,2.983,13.081,12.501
5103,16,-0.734,31.024,-4.462,0.001,0.000,0.000,0.120,5.111,-8.475,-2.989,2.989,13.112,12.532
5104,16,-0.734,31.024,-4.462,0.001,0.000,0.000,0.115,5.072,-8.475,-2.989,2.989,13.112,12.532
5105,16,-0.734,31.024,-4.462,0.000,0.001,0.000,0.115,5.072,-8.475,-2.983,2.983,13.096,12.517
5106,16,-0.734,31.024,-4.462,-0.001,-0.001,0.000,0.115,5.063,-8.479,-2.983,2.983,13.096,12.517
5107,16,-0.734,31.023,-4.462,-0.001,-0.001,0.000,0.120,5.063,-8.479,-2.978,2.978,13.128,12.548
5108,16,-0.734,31.020,-4.462,-0.001,-0.001,0.000,0.134,5.111,-8.460,-2.978,2.978,13.133,12.553
5109,16,-0.734,31.023,-4.462,0.002,0.002,0.000,0.134,5.111,-8.460,-2.994,2.994,13.082,12.503
5110,16,-0.734,31.024,-4.462,0.000,0.000,0.000,0.134,5.096,-8.475,-2.994,2.994,13.081,12.501
5111,16,-0.734,31.023,-4.462,0.000,0.000,0.000,0.120,5.096,-8.475,-2.983,2.983,13.113,12.533
5112,16,-0.734,31.023,-4.462,0.000,0.000,0.000,0.077,5.111,-8.475,-2.983,2.983,13.113,12.533
5113,16,-0.734,31.023,-4.462,-0.001,0.000,0.000,0.077,5.111,-8.475,-2.978,2.978,13.113,12.533
5114,16,-0.734,31.023,-4.462,-0.002,0.000,0.000,0.077,5.053,-8.513,-2.978,2.978,13.113,12.533
5115,16,-0.738,31.023,-4.463,-0.002,0.000,0.000,0.100,5.053,-8.513,-2.970,2.970,13.115,12.532
5116,16,-0.738,31.020,-4.463,-0.002,0.000,0.000,0.091,5.101,-8.479,-2.970,2.970,13.120,12.536
5117,16,-0.734,31.020,-4.462,0.001,-0.001,0.000,0.091,5.101,-8.479,-2.989,2.989,13.133,12.553
5118,16,-0.734,31.020,-4.462,-0.001,0.002,0.000,0.091,5.087,-8.475,-2.989,2.989,13.133,12.553
5119,16,-0.734,31.020,-4.462,-0.001,0.002,0.000,0.110,5.087,-8.475,-2.978,2.978,13.087,12.507
5120,16,-0.738,31.020,-4.463,-0.001,0.002,0.000,0.120,5.101,-8.460,-2.975,2.975,13.089,12.506
5121,16,-0.738,31.020,-4.463,-0.001,0.000,0.000,0.120,5.101,-8.460,-2.975,2.975,13.120,12.536
5122,16,-0.738,31.020,-4.463,-0.002,0.000,0.000,0.120,5.067,-8.465,-2.975,2.975,13.120,12.536
5123,16,-0.738,31.020,-4.463,-0.002,0.000,0.000,0.100,5.067,-8.465,-2.970,2.970,13.120,12.536
5124,16,-0.738,31.020,-4.463,-0.002,0.000,0.000,0.110,5.101,-8.489,-2.970,2.970,13.120,12.536
5125,16,-0.738,31.020,-4.463,0.001,0.000,0.000,0.110,5.101,-8.489,-2.986,2.986,13.120,12.536
5126,16,-0.738,31.020,-4.463,0.001,0.002,0.000,0.110,5.067,-8.494,-2.986,2.986,13.120,12.536
5127,16,-0.738,31.020,-4.463,0.001,0.002,0.000,0.115,5.067,-8.494,-2.986,2.986,13.089,12.506
5128,16,-0.738,31.020,-4.463,0.001,0.002,0.000,0.081,5.087,-8.451,-2.986,2.986,13.089,12.506
5129,16,-0.734,31.020,-4.462,0.002,0.000,0.000,0.081,5.087,-8.451,-2.994,2.994,13.118,12.538
5130,16,-0.734,31.020,-4.462,-0.001,0.002,0.000,0.081,5.087,-8.470,-2.994,2.994,13.118,12.538
5131,16,-0.734,31.023,-4.462,-0.001,0.002,0.000,0.124,5.087,-8.470,-2.978,2.978,13.083,12.503
5132,16,-0.734,31.023,-4.462,-0.001,0.002,0.000,0.072,5.087,-8.484,-2.978,2.978,13.082,12.503
5133,16,-0.738,31.023,-4.463,-0.002,0.000,0.000,0.072,5.087,-8.484,-2.970,2.970,13.115,12.532
5134,16,-0.738,31.020,-4.463,-0.001,0.002,0.000,0.072,5.101,-8.470,-2.970,2.970,13.120,12.536
5135,16,-0.738,31.023,-4.463,-0.001,0.002,0.000,0.120,5.101,-8.470,-2.975,2.975,13.084,12.501
5136,16,-0.738,31.024,-4.463,-0.001,0.002,0.000,0.105,5.096,-8.479,-2.975,2.975,13.083,12.500
5137,16,-0.738,31.024,-4.463,0.002,0.001,0.000,0.105,5.096,-8.479,-2.991,2.991,13.098,12.515
5138,16,-0.734,31.024,-4.462,0.000,-0.003,0.000,0.105,5.120,-8.460,-2.994,2.994,13.096,12.517
5139,16,-0.734,31.020,-4.462,0.000,-0.003,0.000,0.120,5.120,-8.460,-2.984,2.984,13.163,12.584
5140,16,-0.734,31.020,-4.462,0.000,-0.003,0.000,0.100,5.082,-8.484,-2.983,2.983,13.163,12.583
5141,16,-0.734,31.023,-4.462,-0.001,0.004,0.000,0.100,5.082,-8.484,-2.978,2.978,13.052,12.472
5142,16,-0.734,31.024,-4.462,-0.000,-0.003,0.000,0.100,5.120,-8.451,-2.978,2.978,13.051,12.471
5143,16,-0.734,31.023,-4.462,-0.000,-0.003,0.000,0.100,5.120,-8.451,-2.984,2.984,13.158,12.579
5144,16,-0.734,31.020,-4.462,-0.000,-0.003,0.000,0.105,5.087,-8.455,-2.983,2.983,13.163,12.583
5145,16,-0.734,31.024,-4.462,0.001,0.003,0.000,0.105,5.087,-8.455,-2.989,2.989,13.066,12.486
5146,16,-0.734,31.024,-4.462,0.000,-0.002,0.000,0.105,5.024,-8.518,-2.989,2.989,13.066,12.486
5147,16,-0.734,31.023,-4.462,0.000,-0.002,0.000,0.091,5.024,-8.518,-2.984,2.984,13.143,12.564
5148,16,-0.734,31.023,-4.462,0.000,-0.002,0.000,0.086,5.087,-8.479,-2.983,2.983,13.143,12.564
5149,16,-0.734,31.024,-4.462,-0.002,0.003,0.000,0.086,5.087,-8.479,-2.973,2.973,13.066,12.486
5150,16,-0.733,31.024,-4.458,-0.000,0.001,0.000,0.086,5.058,-8.479,-2.973,2.973,13.065,12.486
5151,16,-0.733,31.024,-4.458,-0.000,0.001,0.000,0.120,5.058,-8.479,-2.984,2.984,13.096,12.517
5152,16,-0.733,31.024,-4.458,-0.000,0.001,0.000,0.134,5.134,-8.436,-2.984,2.984,13.096,12.517
5153,16,-0.733,31.024,-4.458,0.001,0.000,0.000,0.134,5.134,-8.436,-2.989,2.989,13.111,12.532
5154,16,-0.733,31.024,-4.458,-0.001,0.002,0.000,0.134,5.058,-8.489,-2.989,2.989,13.111,12.532
5155,16,-0.733,31.028,-4.458,-0.001,0.002,0.000,0.105,5.058,-8.489,-2.979,2.979,13.076,12.497
5156,16,-0.733,31.028,-4.458,-0.001,0.002,0.000,0.100,5.096,-8.489,-2.979,2.979,13.076,12.497
5157,16,-0.733,31.024,-4.458,-0.000,-0.003,0.000,0.100,5.096,-8.489,-2.984,2.984,13.157,12.578
5158,16,-0.733,31.023,-4.458,-0.000,0.004,0.000,0.100,5.115,-8.451,-2.984,2.984,13.158,12.579
5159,16,-0.733,31.024,-4.458,-0.000,0.004,0.000,0.115,5.115,-8.451,-2.984,2.984,13.051,12.471
5160,16,-0.733,31.028,-4.458,-0.000,0.004,0.000,0.100,5.048,-8.494,-2.984,2.984,13.045,12.466
5161,16,-0.733,31.024,-4.458,0.001,-0.003,0.000,0.100,5.048,-8.494,-2.989,2.989,13.157,12.578
5162,16,-0.733,31.023,-4.458,0.000,-0.000,0.000,0.086,5.130,-8.455,-2.990,2.990,13.158,12.579
5163,16,-0.733,31.020,-4.458,0.000,-0.000,0.000,0.086,5.130,-8.455,-2.984,2.984,13.117,12.538
5164,16,-0.733,31.020,-4.458,0.000,-0.000,0.000,0.120,5.053,-8.513,-2.984,2.984,13.117,12.538
5165,16,-0.733,31.020,-4.458,0.000,-0.000,0.000,0.120,5.053,-8.513,-2.984,2.984,13.117,12.538
5166,16,-0.733,31.020,-4.458,0.001,-0.002,0.000,0.120,5.125,-8.460,-2.984,2.984,13.117,12.538
5167,16,-0.734,31.020,-4.462,0.001,-0.002,0.000,0.091,5.125,-8.460,-2.986,2.986,13.156,12.561
5168,16,-0.730,31.017,-4.461,0.001,-0.002,0.000,0.124,5.091,-8.465,-2.992,2.992,13.151,12.574
5169,16,-0.730,31.020,-4.461,0.000,0.001,0.000,0.124,5.091,-8.465,-2.986,2.986,13.101,12.524
5170,16,-0.730,31.020,-4.461,0.000,0.000,0.000,0.096,5.020,-8.489,-2.986,2.986,13.101,12.524
5171,16,-0.730,31.020,-4.461,0.000,0.000,0.000,0.096,5.020,-8.489,-2.986,2.986,13.116,12.539
5172,16,-0.733,31.016,-4.458,0.000,0.000,0.000,0.110,5.134,-8.455,-2.984,2.984,13.122,12.543
5173,16,-0.733,31.016,-4.458,-0.002,0.000,0.000,0.110,5.134,-8.455,-2.974,2.974,13.122,12.543
5174,16,-0.733,31.020,-4.458,-0.000,0.003,0.000,0.110,5.063,-8.465,-2.974,2.974,13.122,12.543
5175,16,-0.733,31.020,-4.458,-0.000,0.003,0.000,0.081,5.063,-8.465,-2.984,2.984,13.072,12.493
5176,16,-0.733,31.020,-4.458,-0.000,0.003,0.000,0.120,5.101,-8.451,-2.984,2.984,13.072,12.493
5177,16,-0.733,31.020,-4.458,0.001,-0.001,0.000,0.120,5.101,-8.451,-2.990,2.990,13.132,12.553
5178,16,-0.729,31.020,-4.457,0.000,0.002,0.000,0.110,5.087,-8.489,-2.992,2.992,13.131,12.555
5179,16,-0.729,31.020,-4.457,0.000,0.002,0.000,0.110,5.087,-8.489,-2.987,2.987,13.085,12.509
5180,16,-0.733,31.020,-4.458,0.000,0.002,0.000,0.110,5.072,-8.494,-2.984,2.984,13.087,12.508
5181,16,-0.733,31.020,-4.458,-0.002,0.000,0.000,0.110,5.072,-8.494,-2.974,2.974,13.117,12.538
5182,16,-0.733,31.020,-4.458,-0.000,0.000,0.000,0.120,5.111,-8.465,-2.974,2.974,13.117,12.538
5183,16,-0.733,31.020,-4.458,-0.000,0.000,0.000,0.120,5.111,-8.465,-2.984,2.984,13.117,12.538
5184,16,-0.733,31.020,-4.458,-0.000,0.000,0.000,0.110,5.082,-8.489,-2.984,2.984,13.117,12.538
5185,16,-0.733,31.020,-4.458,-0.001,0.000,0.000,0.110,5.082,-8.489,-2.979,2.979,13.117,12.538
5186,16,-0.733,31.020,-4.458,-0.000,0.000,0.000,0.110,5.058,-8.475,-2.979,2.979,13.117,12.538
5187,16,-0.733,31.020,-4.458,-0.000,0.000,0.000,0.110,5.058,-8.475,-2.984,2.984,13.117,12.538
5188,16,-0.733,31.020,-4.458,-0.000,0.000,0.000,0.105,5.096,-8.484,-2.984,2.984,13.117,12.538
5189,16,-0.733,31.020,-4.458,-0.000,0.002,0.000,0.105,5.096,-8.484,-2.984,2.984,13.087,12.508
5190,16,-0.733,31.020,-4.458,0.001,0.000,0.000,0.105,5.115,-8.460,-2.984,2.984,13.087,12.508
5191,16,-0.733,31.020,-4.458,0.001,0.000,0.000,0.110,5.115,-8.460,-2.990,2.990,13.117,12.538
5192,16,-0.733,31.020,-4.458,0.001,0.000,0.000,0.091,5.072,-8.494,-2.990,2.990,13.117,12.538
5193,16,-0.733,31.020,-4.458,0.000,0.000,0.000,0.091,5.072,-8.494,-2.984,2.984,13.117,12.538
5194,16,-0.733,31.020,-4.458,-0.002,0.000,0.000,0.091,5.096,-8.489,-2.984,2.984,13.117,12.538
5195,16,-0.737,31.020,-4.459,-0.002,0.000,0.000,0.096,5.096,-8.489,-2.970,2.970,13.121,12.535
5196,16,-0.737,31.020,-4.459,-0.002,0.000,0.000,0.072,5.067,-8.479,-2.971,2.971,13.119,12.537
5197,16,-0.737,31.020,-4.459,-0.001,0.002,0.000,0.072,5.067,-8.479,-2.976,2.976,13.089,12.506
5198,16,-0.737,31.020,-4.459,0.001,0.000,0.000,0.072,5.106,-8.460,-2.976,2.976,13.089,12.506
5199,16,-0.733,31.020,-4.458,0.001,0.000,0.000,0.129,5.106,-8.460,-2.990,2.990,13.117,12.538
5200,16,-0.733,31.020,-4.458,0.001,0.000,0.000,0.115,5.106,-8.436,-2.990,2.990,13.117,12.538
5201,16,-0.733,31.020,-4.458,0.000,0.001,0.000,0.115,5.106,-8.436,-2.984,2.984,13.102,12.523
5202,16,-0.733,31.020,-4.458,-0.001,0.000,0.000,0.115,5.048,-8.494,-2.984,2.984,13.102,12.523
5203,16,-0.737,31.020,-4.459,-0.001,0.000,0.000,0.105,5.048,-8.494,-2.976,2.976,13.119,12.537
5204,16,-0.737,31.020,-4.459,-0.001,0.000,0.000,0.110,5.111,-8.455,-2.976,2.976,13.119,12.537
5205,16,-0.737,31.020,-4.459,-0.000,0.000,0.000,0.110,5.111,-8.455,-2.981,2.981,13.119,12.537
5206,16,-0.737,31.020,-4.459,-0.000,0.002,0.000,0.096,5.058,-8.479,-2.981,2.981,13.119,12.537
5207,16,-0.733,31.020,-4.458,-0.000,0.002,0.000,0.096,5.058,-8.479,-2.985,2.985,13.085,12.510
5208,16,-0.733,31.020,-4.458,-0.000,0.002,0.000,0.100,5.091,-8.475,-2.984,2.984,13.087,12.508
5209,16,-0.733,31.020,-4.458,-0.000,-0.002,0.000,0.100,5.091,-8.475,-2.984,2.984,13.148,12.569
5210,16,-0.733,31.020,-4.458,-0.002,0.003,0.000,0.100,5.077,-8.455,-2.984,2.984,13.148,12.569
5211,16,-0.737,31.020,-4.459,-0.002,0.003,0.000,0.072,5.077,-8.455,-2.971,2.971,13.073,12.491
5212,16,-0.736,31.020,-4.455,-0.002,0.003,0.000,0.134,5.048,-8.489,-2.972,2.972,13.073,12.492
5213,16,-0.736,31.020,-4.455,-0.000,0.000,0.000,0.134,5.048,-8.489,-2.982,2.982,13.119,12.537
5214,16,-0.736,31.020,-4.455,-0.001,0.002,0.000,0.134,5.139,-8.436,-2.982,2.982,13.119,12.537
5215,16,-0.736,31.023,-4.455,-0.001,0.002,0.000,0.115,5.139,-8.436,-2.977,2.977,13.083,12.502
5216,16,-0.736,31.023,-4.455,-0.001,0.002,0.000,0.129,5.058,-8.489,-2.977,2.977,13.083,12.502
5217,16,-0.736,31.023,-4.455,-0.000,0.001,0.000,0.129,5.058,-8.489,-2.982,2.982,13.098,12.517
5218,16,-0.736,31.023,-4.455,-0.000,-0.001,0.000,0.110,5.077,-8.479,-2.982,2.982,13.098,12.517
5219,16,-0.736,31.020,-4.455,-0.000,-0.001,0.000,0.110,5.077,-8.479,-2.982,2.982,13.134,12.552
5220,16,-0.736,31.020,-4.455,-0.000,-0.001,0.000,0.115,5.120,-8.484,-2.982,2.982,13.134,12.552
5221,16,-0.736,31.020,-4.455,-0.000,-0.000,0.000,0.115,5.120,-8.484,-2.982,2.982,13.119,12.537
5222,16,-0.736,31.020,-4.455,-0.000,0.001,0.000,0.096,5.067,-8.479,-2.982,2.982,13.119,12.537
5223,16,-0.736,31.020,-4.455,-0.000,0.001,0.000,0.096,5.067,-8.479,-2.982,2.982,13.103,12.522
5224,16,-0.736,31.020,-4.455,-0.000,0.001,0.000,0.081,5.048,-8.460,-2.982,2.982,13.103,12.522
5225,16,-0.736,31.020,-4.455,-0.000,-0.001,0.000,0.081,5.048,-8.460,-2.982,2.982,13.134,12.552
5226,16,-0.736,31.020,-4.455,0.001,0.009,0.000,0.096,5.254,-8.451,-2.982,2.982,13.134,12.552
5227,16,-0.736,31.027,-4.456,0.001,0.009,0.000,0.096,5.254,-8.451,-2.987,2.987,12.986,12.404
5228,16,-0.736,31.031,-4.456,0.001,0.009,0.000,0.120,5.024,-8.441,-2.987,2.987,12.981,12.400
5229,16,-0.736,31.023,-4.455,0.000,-0.011,0.000,0.120,5.024,-8.441,-2.982,2.982,13.266,12.685
5230,16,-0.736,31.016,-4.455,-0.001,-0.001,0.000,0.091,5.072,-8.494,-2.982,2.982,13.276,12.694
5231,16,-0.736,31.016,-4.455,-0.001,-0.001,0.000,0.091,5.072,-8.494,-2.977,2.977,13.139,12.557
5232,16,-0.736,31.016,-4.455,-0.001,-0.001,0.000,0.139,4.991,-8.546,-2.977,2.977,13.139,12.557
5233,16,-0.736,31.016,-4.455,-0.001,0.001,0.000,0.139,4.991,-8.546,-2.977,2.977,13.108,12.527
5234,16,-0.736,31.016,-4.455,-0.000,0.003,0.000,0.124,5.249,-8.475,-2.977,2.977,13.108,12.527
5235,16,-0.736,31.020,-4.455,-0.000,0.003,0.000,0.124,5.249,-8.475,-2.982,2.982,13.073,12.491
5236,16,-0.736,31.020,-4.455,-0.000,0.003,0.000,0.081,4.996,-8.551,-2.982,2.982,13.073,12.492
5237,16,-0.736,31.016,-4.455,0.001,-0.003,0.000,0.081,4.996,-8.551,-2.988,2.988,13.169,12.588
5238,16,-0.736,31.016,-4.455,0.000,0.002,0.000,0.177,5.029,-8.408,-2.988,2.988,13.169,12.588
5239,16,-0.736,31.016,-4.455,0.000,0.002,0.000,0.177,5.029,-8.408,-2.982,2.982,13.093,12.511
5240,16,-0.736,31.016,-4.455,0.000,0.002,0.000,0.005,5.187,-8.341,-2.982,2.982,13.093,12.511
5241,16,-0.735,31.013,-4.455,0.000,-0.004,0.000,0.005,5.187,-8.341,-2.982,2.982,13.189,12.608
5242,16,-0.735,31.013,-4.455,0.020,-0.118,0.005,0.306,5.814,-8.053,-2.982,2.982,13.189,12.608
5243,16,-0.722,30.915,-4.461,0.020,-0.118,0.005,0.306,5.814,-8.053,-3.154,3.154,14.832,14.502
5244,16,-0.727,30.883,-4.458,0.020,-0.118,0.005,-0.014,3.364,-9.398,-3.154,3.154,14.872,14.555
5245,16,-0.734,30.889,-4.456,-0.038,0.006,-0.009,-0.014,3.364,-9.398,-2.683,2.683,13.431,12.416
5246,16,-0.755,30.888,-4.451,0.042,-0.006,-0.015,0.144,6.288,-7.546,-2.668,2.668,13.440,12.409
5247,16,-0.714,30.879,-4.436,0.042,-0.006,-0.015,0.144,6.288,-7.546,-3.022,3.022,13.766,12.476
5248,16,-0.716,30.879,-4.444,0.042,-0.006,-0.015,-0.373,3.043,-10.101,-3.015,3.015,13.781,12.461
5249,16,-0.729,30.860,-4.454,-0.035,-0.028,0.035,-0.373,3.043,-10.101,-3.248,3.248,12.866,14.037
5250,16,-0.804,30.818,-4.496,-0.035,-0.028,0.035,-0.373,3.043,-10.101,-3.226,3.226,12.917,14.062
5251,16,-0.888,31.760,-4.551,-0.162,1.642,0.085,-3.330,25.859,-23.529,-3.108,3.108,-13.384,-9.980
5252,16,-0.980,32.275,-4.608,-0.162,1.642,0.085,-3.330,25.859,4.287,-3.095,3.095,-14.215,-10.619
5253,16,-1.015,33.017,-4.690,0.087,0.812,0.198,11.843,138.923,4.287,-5.747,5.747,-6.265,3.020
5254,16,-1.054,33.685,-4.844,0.087,0.812,0.198,11.843,138.923,4.287,-5.737,5.737,-7.238,2.086
5255,16,-1.179,34.152,-5.003,-0.098,-0.262,0.100,-0.914,148.483,4.723,-3.474,3.474,10.019,14.170
5256,16,-1.278,34.224,-5.076,-0.098,-0.262,0.100,-0.914,148.483,-5.833,-3.458,3.458,9.813,14.174
5257,16,-1.272,34.358,-5.000,-0.126,-0.258,-0.239,5.173,118.868,-5.833,0.907,-0.907,18.020,5.461
5258,16,-1.848,34.519,-4.765,-0.126,-0.258,-0.239,5.173,118.868,-5.833,0.895,-0.895,17.800,5.264
5259,16,-2.005,33.226,-3.990,-0.994,-2.649,-0.402,2.005,61.633,-22.246,7.797,-7.797,58.154,36.883
5260,16,-2.679,32.510,-3.346,-0.994,-2.649,-0.402,2.005,61.633,-5.455,8.281,-8.281,59.455,37.615
5261,16,-1.837,29.308,-2.422,1.992,-9.504,-1.857,3.627,0.971,-5.455,11.118,-11.118,133.000,38.428
5262,16,0.875,21.350,0.204,1.992,-9.504,-1.857,3.627,0.971,-5.455,10.140,-10.140,132.452,38.977
5263,16,1.735,15.921,1.652,2.713,-9.662,-2.084,0.962,1.493,4.881,7.060,-7.060,135.867,35.561
5264,16,3.212,13.132,3.153,2.713,-9.662,-2.084,0.962,1.493,9.752,5.147,-5.147,133.740,37.688
5265,16,3.914,7.905,3.786,3.169,-9.065,-2.272,1.053,0.986,9.752,3.685,-3.685,136.392,35.037
5266,16,6.841,0.148,5.730,3.169,-9.065,-2.272,1.053,0.986,9.752,0.575,-0.575,132.313,39.115
5267,16,7.336,-4.359,7.118,3.053,-7.961,-2.550,1.096,0.967,11.489,-0.888,0.888,131.677,39.752
5268,16,8.648,-6.754,8.570,3.053,-7.961,-2.550,1.096,0.967,10.714,-4.499,4.499,126.764,44.665
5269,16,8.870,-10.839,9.172,2.493,-6.706,-2.795,0.890,0.967,10.714,-1.364,1.364,128.795,42.634
5270,16,10.076,-16.636,11.355,2.493,-6.706,-2.795,0.890,0.967,10.714,-5.617,5.617,122.636,48.792
5271,16,9.744,-19.753,13.089,1.435,-5.451,-2.951,0.818,1.273,10.523,-3.434,3.434,119.020,52.408
5272,16,9.707,-21.467,14.912,1.435,-5.451,-2.951,0.818,1.273,10.470,-5.179,5.179,116.409,55.019
5273,16,8.943,-24.041,15.766,-0.075,-4.199,-2.917,0.651,1.479,10.470,1.309,-1.309,114.361,57.068
5274,16,6.242,-27.384,18.910,-0.075,-4.199,-2.917,0.651,1.479,10.470,2.800,-2.800,116.166,55.262
5275,16,4.760,-29.018,20.783,-1.590,-3.046,-2.778,0.785,1.665,9.924,17.374,-17.374,111.014,33.146
5276,16,2.597,-29.676,22.904,-1.590,-3.046,-2.778,0.785,1.665,9.609,26.739,-26.739,124.095,20.065
5277,16,0.936,-30.808,23.973,-2.727,-1.974,-2.550,0.837,2.053,9.609,37.231,-37.231,113.808,-0.267
5278,16,-5.025,-31.398,27.540,-2.727,-1.974,-2.550,0.837,2.053,9.609,52.806,-52.806,135.705,-22.164
5279,16,-6.953,-31.618,28.988,-3.724,-0.981,-2.246,0.483,2.062,10.130,78.191,-78.191,148.727,-63.552
5280,16,-10.219,-31.145,30.754,-3.724,-0.981,-2.246,0.483,2.062,9.685,78.191,-78.191,148.727,-63.552
5281,16,-12.051,-30.980,31.562,-4.265,0.012,-2.058,0.632,2.015,9.685,77.226,-77.226,129.856,-73.048
5282,16,-18.727,-29.098,34.042,-4.265,0.012,-2.058,0.632,2.015,9.685,66.780,-66.780,111.464,-54.656
5283,16,-20.257,-28.119,34.732,-4.237,0.856,-1.924,0.354,1.991,8.709,68.296,-68.296,102.429,-69.757
5284,16,-23.370,-26.840,35.725,-4.237,0.856,-1.924,0.354,1.991,8.283,69.986,-69.986,105.809,-73.137
5285,16,-24.647,-25.629,35.953,-4.120,1.598,-1.895,0.349,1.943,8.283,69.739,-69.739,94.723,-83.235
5286,16,-29.931,-22.205,36.826,-4.120,1.598,-1.895,0.349,1.943,8.283,70.190,-70.190,95.625,-84.136
5287,16,-30.788,-20.412,36.829,-3.622,2.168,-1.865,0.440,2.134,8.063,67.579,-67.579,86.042,-90.837
5288,16,-33.152,-18.792,37.128,-3.622,2.168,-1.865,0.440,2.134,8.958,67.585,-67.585,86.053,-90.848
5289,16,-33.714,-16.902,36.744,-3.081,2.724,-1.685,0.794,2.153,8.958,61.380,-61.380,71.111,-91.793
5290,16,-37.019,-12.887,36.215,-3.081,2.724,-1.685,0.794,2.153,8.958,60.126,-60.126,68.199,-89.691
5291,16,-37.129,-10.512,35.401,-2.139,3.434,-1.403,0.933,2.149,8.417,49.388,-49.388,40.998,-92.775
5292,16,-38.480,-8.901,34.954,-2.139,3.434,-1.403,0.933,2.149,7.254,48.516,-48.516,37.064,-93.219
5293,16,-38.212,-6.446,33.926,-0.814,4.047,-1.007,1.373,2.125,7.254,34.838,-34.838,11.584,-90.489
5294,16,-38.696,-2.229,32.011,-0.814,4.047,-1.007,1.373,2.125,7.254,32.642,-32.642,4.059,-89.231
5295,16,-37.905,0.548,30.376,0.847,4.512,-0.510,1.613,2.153,6.144,14.694,-14.694,-26.472,-81.184
5296,16,-37.686,1.885,29.250,0.847,4.512,-0.510,1.613,2.153,4.809,13.621,-13.621,-30.090,-80.512
5297,16,-36.560,4.778,27.745,2.568,4.903,0.118,1.794,1.909,4.809,-5.175,5.175,-59.225,-68.894
5298,16,-33.616,8.885,24.924,2.568,4.903,0.118,1.794,1.909,4.809,-7.353,7.353,-66.784,-67.738
5299,16,-32.120,11.781,22.516,4.454,5.039,0.872,1.785,1.866,3.053,-29.109,29.109,-98.315,-49.957
5300,16,-30.164,12.816,20.755,4.454,5.039,0.872,1.785,1.866,0.756,-29.695,29.695,-100.811,-50.108
5301,16,-28.272,15.855,19.057,6.501,4.790,1.693,1.637,2.359,0.756,-51.892,51.892,-125.070,-26.530
5302,16,-25.108,18.467,16.634,6.501,4.790,1.693,1.637,2.359,0.756,-52.933,52.933,-130.734,-28.028
5303,16,-19.792,21.906,12.994,8.635,4.102,2.503,1.354,2.967,-1.900,-71.146,71.146,-147.388,-1.802
5304,16,-16.426,22.542,10.926,8.635,4.102,2.503,1.354,2.967,-5.149,-70.542,70.542,-147.363,-4.196
5305,16,-14.091,24.473,9.589,10.604,2.969,3.139,0.847,3.374,-5.149,-78.486,78.486,-149.926,25.019
5306,16,-9.601,25.834,7.366,10.604,2.969,3.139,0.847,3.374,-5.149,-77.377,77.377,-149.961,20.546
5307,16,-2.292,27.278,4.146,11.651,1.522,3.588,0.837,3.680,-8.412,-76.805,76.805,-130.641,37.581
5308,16,2.823,27.676,2.120,11.651,1.522,3.588,0.837,3.680,-9.546,-78.474,78.474,-134.414,40.480
5309,16,5.255,28.264,1.082,11.196,0.209,3.868,0.187,3.886,-9.546,-80.936,80.936,-121.332,63.411
5310,16,10.145,28.626,-0.963,11.196,0.209,3.868,0.187,3.886,-9.546,-78.853,78.853,-117.366,59.044
5311,16,16.422,28.946,-3.983,9.204,-0.718,3.853,-0.689,3.575,-9.121,-74.706,74.706,-95.138,64.686
5312,16,20.261,29.371,-5.939,9.204,-0.718,3.853,-0.689,3.575,-7.149,-74.236,74.236,-94.614,63.331
5313,16,21.582,29.154,-6.931,7.007,-1.189,3.572,-1.297,3.292,-7.149,-70.297,70.297,-79.488,62.699
5314,16,24.241,29.220,-8.820,7.007,-1.189,3.572,-1.297,3.292,-7.149,-69.216,69.216,-76.902,60.960
5315,16,27.242,29.323,-11.452,5.089,-1.328,3.227,-1.503,3.211,-5.383,-61.452,61.452,-57.509,49.297
5316,16,28.915,29.410,-13.139,5.089,-1.328,3.227,-1.503,3.211,-4.709,-62.998,62.998,-61.678,51.312
5317,16,29.141,29.415,-13.893,2.789,-1.388,2.898,-1.718,3.173,-4.709,-52.740,52.740,-52.374,43.809
5318,16,29.589,29.433,-15.401,2.789,-1.388,2.898,-1.718,3.173,-4.709,-52.561,52.561,-51.928,43.538
5319,16,28.888,29.424,-17.450,0.189,-1.322,2.584,-1.991,3.340,-4.149,-34.577,34.577,-42.204,33.335
5320,16,27.964,29.389,-18.741,0.189,-1.322,2.584,-1.991,3.340,-4.450,-36.283,36.283,-46.653,35.707
5321,16,26.763,29.388,-19.255,-2.634,-1.057,2.271,-2.345,3.378,-4.450,-18.712,18.712,-43.802,24.733
5322,16,24.370,29.355,-20.274,-2.634,-1.057,2.271,-2.345,3.378,-4.450,-19.659,19.659,-46.166,26.156
5323,16,19.280,29.372,-21.450,-5.583,-0.611,1.888,-2.651,3.321,-4.776,-2.013,2.013,-47.630,13.082
5324,16,15.393,29.368,-22.118,-5.583,-0.611,1.888,-2.651,3.321,-6.163,-1.901,1.901,-51.768,15.960
5325,16,12.765,29.438,-22.280,-8.287,-0.185,1.474,-2.795,3.651,-6.163,12.394,-12.394,-50.120,1.304
5326,16,7.510,29.534,-22.617,-8.287,-0.185,1.474,-2.795,3.651,-6.163,10.140,-10.140,-55.229,5.213
5327,16,-1.381,29.731,-22.822,-10.361,0.089,1.039,-2.771,4.039,-7.876,11.651,-11.651,-56.654,-2.259
5328,16,-7.634,29.861,-22.866,-10.361,0.089,1.039,-2.771,4.039,-10.097,8.833,-8.833,-62.224,3.445
5329,16,-11.075,29.944,-22.786,-11.652,0.154,0.721,-2.483,4.354,-10.097,11.251,-11.251,-58.143,-2.148
5330,16,-17.953,30.098,-22.635,-11.652,0.154,0.721,-2.483,4.354,-10.097,8.191,-8.191,-63.582,4.652
5331,16,-27.992,30.269,-22.173,-11.436,-0.013,0.419,-1.866,3.876,-11.336,7.794,-7.794,-60.219,9.606
5332,16,-34.582,30.378,-21.779,-11.436,-0.013,0.419,-1.866,3.876,-10.384,5.135,-5.135,-63.849,16.613
5333,16,-37.517,30.391,-21.456,-10.425,-0.341,0.208,-1.038,3.670,-10.384,6.710,-6.710,-55.130,19.032
5334,16,-48.462,30.356,-19.755,-10.425,-0.341,0.208,-1.038,3.670,-10.384,4.706,-4.706,-57.225,24.951
5335,16,-51.470,30.511,-19.541,-9.481,-0.673,0.032,-0.574,3.632,-8.580,4.298,-4.298,-50.054,33.753
5336,16,-56.626,30.596,-18.599,-9.481,-0.673,0.032,-0.574,3.632,-6.895,3.072,-3.072,-50.678,38.035
5337,16,-58.904,30.660,-18.026,-8.618,-0.927,-0.142,0.014,3.522,-6.895,4.653,-4.653,-42.953,39.434
5338,16,-63.446,30.820,-16.875,-8.618,-0.927,-0.142,0.014,3.522,-6.895,3.539,-3.539,-43.244,43.601
5339,16,-69.556,31.195,-14.999,-7.547,-1.099,-0.261,0.301,3.455,-5.833,3.551,-3.551,-38.057,48.738
5340,16,-73.390,31.516,-13.703,-7.547,-1.099,-0.261,0.301,3.455,-5.015,3.512,-3.512,-36.367,50.583
5341,16,-75.008,31.723,-12.981,-6.638,-1.294,-0.404,0.450,3.527,-5.015,5.297,-5.297,-29.265,50.548
5342,16,-80.580,32.844,-10.092,-6.638,-1.294,-0.404,0.450,3.527,-5.015,5.297,-5.297,-27.718,52.095
5343,16,-82.438,32.978,-9.244,-5.692,-1.519,-0.524,0.636,3.622,-4.187,6.801,-6.801,-18.218,55.576
5344,16,-85.018,33.585,-7.668,-5.692,-1.519,-0.524,0.636,3.622,-3.900,6.801,-6.801,-18.041,55.754
5345,16,-85.946,33.938,-6.830,-4.531,-1.674,-0.657,0.876,3.613,-3.900,8.466,-8.466,-12.009,55.128
5346,16,-87.783,34.665,-5.151,-4.531,-1.674,-0.657,0.876,3.613,-3.900,8.466,-8.466,-10.982,56.155
5347,16,-89.493,35.827,-2.531,-2.863,-1.828,-0.704,1.067,3.340,-3.436,3.369,-3.369,-5.087,59.706
5348,16,-90.262,36.623,-0.735,-2.863,-1.828,-0.704,1.067,3.340,-3.125,3.369,-3.369,-6.115,58.678
5349,16,-90.093,37.041,0.191,-1.001,-1.904,-0.780,1.129,3.283,-3.125,-4.996,4.996,-3.251,57.760
5350,16,-88.862,38.848,3.799,-1.001,-1.904,-0.780,1.129,3.283,-3.125,-4.996,4.996,-3.497,57.514
5351,16,-87.701,39.125,4.928,1.431,-1.896,-0.913,1.349,3.436,-3.675,-15.492,15.492,-1.686,52.667
5352,16,-85.830,39.927,6.896,1.431,-1.896,-0.913,1.349,3.436,-3.862,-15.492,15.492,-3.059,51.295
5353,16,-84.131,40.342,7.881,4.070,-1.825,-1.047,1.517,3.326,-3.862,-27.012,27.012,-1.983,45.660
5354,16,-80.692,41.104,9.896,4.070,-1.825,-1.047,1.517,3.326,-3.862,-27.012,27.012,-4.600,43.043
5355,16,-74.146,42.124,12.966,6.391,-1.694,-1.128,1.536,3.498,-4.331,-37.601,37.601,-8.201,35.394
5356,16,-69.286,42.671,15.070,6.391,-1.694,-1.128,1.536,3.498,-5.757,-37.601,37.601,-13.325,30.269
5357,16,-66.363,42.930,16.088,8.187,-1.517,-1.196,1.565,3.895,-5.757,-44.796,44.796,-16.407,23.779
5358,16,-60.477,43.345,18.174,8.187,-1.517,-1.196,1.565,3.895,-5.757,-44.796,44.796,-20.874,19.312
5359,16,-51.122,43.798,21.288,9.113,-1.320,-1.286,1.488,4.034,-7.589,-43.678,43.678,-27.320,8.391
5360,16,-44.705,43.948,23.371,9.113,-1.320,-1.286,1.488,4.034,-9.015,-43.678,43.678,-27.572,8.139
5361,16,-41.540,44.041,24.374,9.053,-1.066,-1.383,1.273,3.986,-9.015,-42.466,42.466,-28.770,2.094
5362,16,-35.213,44.117,26.386,9.053,-1.066,-1.383,1.273,3.986,-9.015,-40.216,40.216,-28.770,2.094
5363,16,-26.006,44.053,29.402,8.576,-0.960,-1.472,1.101,3.909,-10.279,-35.668,35.668,-21.195,-8.525
5364,16,-19.985,43.873,31.417,8.576,-0.960,-1.472,1.101,3.909,-10.470,-30.250,30.250,-10.360,-19.360
5365,16,-17.097,43.752,32.438,8.156,-0.930,-1.545,0.833,3.603,-10.470,-27.085,27.085,-4.456,-26.116
5366,16,-6.059,42.662,36.396,8.156,-0.930,-1.545,0.833,3.603,-10.470,-22.443,22.443,4.827,-35.399
5367,16,-3.372,42.656,37.266,7.240,-0.964,-1.593,0.636,1.771,-9.781,-15.292,15.292,19.618,-49.216
5368,16,1.675,42.006,39.008,7.240,-0.964,-1.593,0.636,1.771,-9.259,-11.284,11.284,27.632,-57.230
5369,16,3.880,41.631,39.850,6.200,-1.009,-1.642,0.502,0.105,-9.259,-8.997,8.997,32.847,-61.167
5370,16,12.126,39.783,42.813,6.200,-1.009,-1.642,0.502,0.105,-9.259,-5.895,5.895,39.050,-67.370
5371,16,14.077,39.489,43.559,5.391,-0.933,-1.654,0.187,-0.498,-7.561,-2.031,2.031,45.698,-76.179
5372,16,17.719,38.542,44.843,5.391,-0.933,-1.654,0.187,-0.498,-7.168,-0.072,0.072,49.616,-80.097
5373,16,19.344,38.081,45.442,4.812,-0.823,-1.599,0.072,-0.479,-7.168,0.015,-0.015,48.222,-81.837
5374,16,22.973,36.798,48.364,4.812,-0.823,-1.599,0.072,-0.479,-7.168,1.373,-1.373,50.938,-84.554
5375,16,20.387,34.743,48.617,-7.725,-1.975,-2.822,-10.523,-21.763,-49.550,72.801,-72.801,92.992,-93.706
5376,16,16.731,32.899,50.191,-7.725,-1.975,-2.822,-10.523,-21.763,-141.593,71.030,-71.030,87.522,-88.236
5377,16,27.011,30.493,50.912,34.901,-6.541,-4.874,17.246,-127.242,-141.593,40.462,-40.462,213.400,-78.447
5378,16,53.050,24.589,50.759,34.901,-6.541,-4.874,17.246,-127.242,-141.593,42.500,-42.500,228.335,-71.665
5379,16,46.584,24.024,48.100,-14.988,-1.034,3.594,24.088,-64.810,-16.059,-4.574,4.574,-63.066,65.228
5380,16,36.840,24.592,45.851,-14.988,-1.034,3.594,24.088,-64.810,2.483,-6.338,6.338,-69.516,65.835
5381,16,31.915,27.361,42.400,-11.552,2.512,14.629,-0.679,-8.518,2.483,-47.500,47.500,-206.844,93.155
5382,16,21.168,31.987,34.428,-11.552,2.512,14.629,-0.679,-8.518,2.483,-47.500,47.500,-214.456,85.544
5383,16,3.436,38.454,19.837,-10.233,6.519,15.540,-1.838,-0.531,0.206,-47.500,47.500,-235.714,64.286
5384,16,-9.990,41.214,8.110,-10.233,6.519,15.540,-1.838,-0.531,-0.258,-47.500,47.500,-235.714,64.286
5385,16,-16.592,42.601,1.983,-8.791,9.231,14.459,-1.928,-0.598,-0.258,-47.500,47.500,-235.714,64.286
5386,16,-30.480,43.702,-11.006,-8.791,9.231,14.459,-1.928,-0.598,-0.258,-47.500,47.500,-235.714,64.286
5387,16,-50.539,42.479,-30.603,-7.528,11.354,13.081,-1.751,-0.579,-1.665,-47.500,47.500,-235.714,64.286
5388,16,-62.607,39.513,-42.688,-7.528,11.354,13.081,-1.751,-0.579,-2.129,-47.500,47.500,-235.714,64.286
5389,16,-67.923,37.909,-48.474,-6.330,12.891,11.678,-1.732,-0.613,-2.129,-47.500,47.500,-235.714,64.286
5390,16,-77.448,33.551,-59.005,-6.330,12.891,11.678,-1.732,-0.613,-2.129,-47.500,47.500,-235.714,64.286
5391,16,-88.579,25.637,-72.780,-5.230,13.999,10.305,-1.646,-0.665,-2.326,-47.500,47.500,-235.714,64.286
5392,16,-94.273,19.552,-80.761,-5.230,13.999,10.305,-1.646,-0.665,-2.378,-47.500,47.500,-235.714,64.286
5393,16,-96.440,16.616,-84.682,-4.036,14.766,9.024,-1.402,-0.268,-2.378,-47.500,47.500,-235.714,64.286
5394,16,-100.046,10.383,-92.043,-4.036,14.766,9.024,-1.402,-0.268,-2.378,-47.500,47.500,-235.714,64.286
5395,16,-103.205,0.999,-102.650,-2.908,15.200,7.907,-1.263,-0.359,-2.163,-52.959,52.959,-235.714,64.286
5396,16,-104.121,-5.263,-109.639,-2.908,15.200,7.907,-1.263,-0.359,-1.780,-52.959,52.959,-235.714,64.286
5397,16,-103.946,-8.168,-113.256,-1.756,15.378,7.015,-0.928,-0.177,-1.780,-49.324,49.324,-216.918,45.490
5398,16,-103.023,-13.889,-120.647,-1.756,15.378,7.015,-0.928,-0.177,-1.780,-46.407,46.407,-211.083,39.655
5399,16,-99.374,-21.667,-132.539,-0.519,15.395,6.386,-0.660,-0.005,-1.134,-44.734,44.734,-195.371,23.942
5400,16,-95.624,-26.162,-141.208,-0.519,15.395,6.386,-0.660,-0.005,-0.488,-44.734,44.734,-195.371,23.942
5401,16,-93.033,-28.071,-145.781,0.854,15.299,6.051,-0.421,0.158,-0.488,-47.405,47.405,-186.982,15.553
5402,16,-87.227,-31.262,-155.457,0.854,15.299,6.051,-0.421,0.158,-0.488,-47.405,47.405,-186.982,15.553
5403,16,-76.451,-34.132,-171.051,2.278,15.161,6.011,-0.311,0.254,0.100,-54.029,54.029,-185.996,14.568
5404,16,-68.740,-34.811,177.647,2.278,15.161,6.011,-0.311,0.254,0.598,-54.029,54.029,-185.996,14.568
5405,16,-64.508,-34.891,171.738,3.804,14.957,6.238,-0.287,0.316,0.598,-64.498,64.498,-191.669,20.240
5406,16,-56.134,-34.017,160.022,3.804,14.957,6.238,-0.287,0.316,0.598,-64.498,64.498,-191.669,20.240
5407,16,-43.728,-30.537,143.417,5.312,14.612,6.687,-0.507,0.292,1.134,-77.646,77.646,-202.881,31.452
5408,16,-36.248,-26.788,133.361,5.312,14.612,6.687,-0.507,0.292,1.239,-77.646,77.646,-202.881,31.452
5409,16,-32.466,-24.737,128.609,6.652,14.096,7.342,-0.488,0.330,1.239,-92.530,92.530,-219.259,47.831
5410,16,-25.665,-19.901,119.810,6.652,14.096,7.342,-0.488,0.330,1.239,-100.048,100.048,-234.295,62.867
5411,16,-21.915,-10.585,106.283,-2.116,16.154,10.411,76.165,33.884,23.275,-56.922,56.922,-235.714,64.286
5412,16,-22.380,-4.052,97.225,-2.116,16.154,10.411,76.165,33.884,4.953,-56.922,56.922,-235.714,64.286
5413,16,-25.782,-1.383,91.220,-12.166,16.895,15.544,35.262,12.494,4.953,-47.500,47.500,-235.714,64.286
5414,16,-33.313,2.734,78.832,-12.166,16.895,15.544,35.262,12.494,4.953,-47.500,47.500,-235.714,64.286
5415,16,-44.946,6.324,59.768,-9.118,16.895,13.127,35.262,12.494,4.953,-47.500,47.500,-235.714,64.286
5416,16,-52.075,7.711,47.018,-9.118,18.662,13.127,-0.986,-2.062,-0.723,-47.500,47.500,-235.714,64.286
5417,16,-55.698,7.784,40.625,-9.118,18.662,13.127,-1.598,-0.880,-1.637,-47.500,47.500,-235.714,64.286
5418,16,-61.546,8.523,27.865,-6.526,20.257,10.642,-1.598,-0.880,-1.637,-47.500,47.500,-235.714,64.286
5419,16,-69.494,7.759,8.768,-3.961,20.257,8.838,-1.598,-0.880,-1.637,-47.697,47.697,-235.714,64.286
5420,16,-73.587,6.726,-3.918,-3.961,21.281,8.838,-1.287,-1.062,-1.287,-47.697,47.697,-235.714,64.286
5421,16,-75.508,5.874,-10.200,-3.961,21.281,8.838,-0.947,-0.675,-1.421,-47.697,47.697,-235.714,64.286
5422,16,-77.773,4.433,-22.738,-1.664,21.723,7.608,-0.947,-0.675,-1.421,-59.180,59.180,-235.714,64.286
5423,16,-79.813,1.661,-41.339,0.434,21.723,6.926,-0.947,-0.675,-1.421,-69.000,69.000,-234.378,62.950
5424,16,-79.862,-0.100,-53.662,0.434,21.800,6.926,-0.818,-0.416,-1.474,-68.815,68.815,-234.008,62.579
5425,16,-79.740,-0.974,-59.819,0.434,21.800,6.926,-0.871,-0.234,-1.369,-67.744,67.744,-231.867,60.438
5426,16,-78.075,-2.430,-72.029,2.449,21.609,6.714,-0.871,-0.234,-1.369,-73.463,73.463,-223.149,51.721
5427,16,-74.231,-3.736,-91.671,4.570,21.609,6.940,-0.871,-0.234,-1.369,-82.325,82.325,-219.665,48.237
5428,16,-70.631,-3.779,-105.110,4.570,21.140,6.940,-0.914,-0.014,-1.139,-85.819,85.819,-226.653,55.224
5429,16,-68.854,-3.492,-111.821,4.570,21.140,6.940,-1.029,0.234,-0.857,-86.336,86.336,-227.686,56.258
5430,16,-64.078,-2.714,-124.919,6.919,20.337,7.626,-1.029,0.234,-0.857,-102.094,102.094,-235.714,64.286
5431,16,-56.778,-0.085,-144.174,9.523,20.337,8.768,-1.029,0.234,-0.857,-107.500,107.500,-235.714,64.286
5432,16,-51.471,2.441,-156.576,9.523,19.058,8.768,-1.263,0.459,-0.579,-107.500,107.500,-235.714,64.286
5433,16,-49.043,4.099,-162.682,9.523,19.058,8.768,-1.560,0.565,-0.292,-107.500,107.500,-235.714,64.286
5434,16,-42.997,6.879,-174.446,12.320,17.106,10.309,-1.560,0.565,-0.292,-107.500,107.500,-235.714,64.286
5435,16,-34.329,12.178,168.520,15.080,17.106,12.078,-1.560,0.565,-0.292,-107.500,107.500,-235.714,64.286
5436,16,-28.231,15.831,157.636,15.080,14.267,12.078,-1.948,0.440,-0.057,-107.500,107.500,-235.714,64.286
5437,16,-25.443,18.042,152.311,15.080,14.267,12.078,-2.316,0.129,0.033,-107.500,107.500,-235.714,64.286
5438,16,-18.959,20.826,142.006,17.385,10.417,13.810,-2.316,0.129,0.033,-107.500,107.500,-235.714,64.286
5439,16,-9.906,25.345,127.411,18.849,10.417,15.126,-2.316,0.129,0.033,-107.500,107.500,-235.714,64.286
5440,16,-3.769,27.707,117.886,18.849,5.617,15.126,-2.550,-0.402,-0.134,-107.500,107.500,-235.714,64.286
5441,16,-0.826,29.262,113.169,18.849,5.617,15.126,-2.507,-1.000,-0.459,-107.500,107.500,-235.714,64.286
5442,16,4.889,30.017,103.429,19.017,0.255,15.707,-2.507,-1.000,-0.459,-107.500,107.500,-182.125,117.875
5443,16,12.748,31.363,88.577,17.781,0.255,15.480,-2.507,-1.000,-0.459,-107.500,107.500,-180.606,119.394
5444,16,17.361,31.271,78.329,17.781,-4.946,15.480,-2.096,-1.416,-0.703,-107.500,107.500,-107.914,192.086
5445,16,19.666,31.507,73.194,17.781,-4.946,15.480,-1.493,-1.613,-0.919,-107.500,107.500,-107.914,192.086
5446,16,22.689,29.167,61.305,15.424,-9.403,14.621,-1.493,-1.613,-0.919,-107.500,107.500,-64.286,235.714
5447,16,27.078,25.673,43.611,12.392,-9.403,13.478,-1.493,-1.613,-0.919,-107.500,107.500,-64.286,235.714
5448,16,29.501,22.549,31.889,12.392,-12.777,13.478,-0.971,-1.546,-0.871,-107.500,107.500,-64.286,235.714
5449,16,30.937,21.167,26.097,12.392,-12.777,13.478,-0.373,-2.206,-1.101,-107.500,107.500,-64.286,235.714
5450,16,32.476,17.268,14.579,9.187,-14.967,12.392,-0.373,-2.206,-1.101,-107.500,107.500,-64.286,235.714
5451,16,35.363,13.053,-0.709,5.494,-14.967,10.138,-0.373,-2.206,-1.101,-107.500,107.500,-64.286,235.714
5452,16,36.734,11.823,-8.598,5.494,-9.146,10.138,-2.584,-108.551,-67.107,-107.500,107.500,-64.286,235.714
5453,16,37.499,11.278,-12.506,5.494,-9.146,10.138,-2.421,-14.733,-2.555,-107.500,107.500,-64.286,235.714
5454,16,38.926,11.350,-19.826,5.045,-7.280,10.631,-2.421,-14.733,-2.555,-107.500,107.500,-64.286,235.714
5455,16,40.808,11.697,-30.540,3.861,-7.280,10.050,-2.421,-14.733,-2.555,-106.803,106.803,-64.286,235.714
5456,16,41.660,11.973,-37.420,3.861,-7.213,10.050,0.780,-0.163,-1.034,-106.803,106.803,-64.286,235.714
5457,16,42.083,12.154,-40.843,3.861,-7.213,10.050,-0.354,0.239,-0.019,-106.803,106.803,-64.286,235.714
5458,16,42.196,12.491,-47.519,2.539,-7.123,9.804,-0.354,0.239,-0.019,-100.193,100.193,-64.286,235.714
5459,16,42.005,13.030,-57.538,1.398,-7.123,9.914,-0.354,0.239,-0.019,-94.488,94.488,-64.286,235.714
5460,16,41.402,13.330,-64.272,1.398,-7.282,9.914,-0.770,-0.354,-0.010,-94.488,94.488,-64.286,235.714
5461,16,41.097,13.457,-67.633,1.398,-7.282,9.914,-1.670,-0.957,0.134,-94.488,94.488,-64.286,235.714
5462,16,39.816,13.678,-74.303,0.213,-7.165,9.896,-1.670,-0.957,0.134,-88.565,88.565,-64.286,235.714
5463,16,37.587,13.774,-84.157,-0.988,-7.165,9.598,-1.670,-0.957,0.134,-82.562,82.562,-64.286,235.714
5464,16,35.710,13.663,-90.531,-0.988,-6.803,9.598,-3.699,-1.364,-0.033,-82.562,82.562,-64.286,235.714
5465,16,34.784,13.535,-93.716,-0.988,-6.803,9.598,-7.628,-0.148,1.412,-82.562,82.562,-64.286,235.714
5466,16,32.521,13.364,-99.753,-1.898,-6.173,9.388,-7.628,-0.148,1.412,-78.008,78.008,-65.863,234.137
5467,16,29.338,12.839,-108.420,-1.728,-6.173,8.534,-7.628,-0.148,1.412,-78.861,78.861,-64.286,235.714
5468,16,27.443,12.439,-113.713,-1.728,-5.296,8.534,-13.006,1.555,1.507,-78.861,78.861,-77.428,222.572
5469,16,26.511,12.196,-116.353,-1.728,-5.296,8.534,-7.465,3.441,0.416,-78.861,78.861,-77.143,222.857
5470,16,24.411,11.923,-121.440,-2.243,-4.651,8.515,-7.465,3.441,0.416,-76.283,76.283,-86.059,213.941
5471,16,20.923,11.467,-129.081,-3.574,-4.651,8.991,-7.465,3.441,0.416,-69.630,69.630,-83.315,216.685
5472,16,18.104,11.224,-134.210,-3.574,-3.879,8.991,-1.708,0.986,-0.282,-68.684,68.684,-96.253,203.747
5473,16,16.706,11.010,-136.764,-3.574,-3.879,8.991,-0.455,0.306,-0.368,-67.984,67.984,-95.974,204.026
5474,16,13.315,10.848,-141.861,-4.652,-3.084,9.242,-0.455,0.306,-0.368,-60.898,60.898,-107.122,192.878
5475,16,8.162,10.248,-149.436,-5.104,-3.084,9.348,-0.455,0.306,-0.368,-56.464,56.464,-105.317,194.683
5476,16,4.590,9.751,-154.420,-5.104,-2.338,9.348,-1.038,2.503,-1.522,-54.277,54.277,-116.242,183.758
5477,16,2.819,9.388,-156.893,-5.104,-2.338,9.348,-8.575,39.214,-9.848,-53.391,53.391,-115.723,184.277
5478,16,-0.379,6.638,-160.436,-4.825,-5.526,6.806,-8.575,39.214,-9.848,-53.187,53.187,-66.261,233.739
5479,16,-4.886,2.267,-165.246,-4.852,-5.526,5.426,-8.575,39.214,-9.848,-39.093,39.093,-40.795,212.223
5480,16,-7.666,-0.719,-167.791,-4.852,-5.393,5.426,0.215,19.227,-1.412,-40.361,40.361,-46.331,217.760
5481,16,-9.003,-2.252,-169.017,-4.852,-5.393,5.426,-0.129,3.508,-1.483,-39.032,39.032,-45.081,216.510
5482,16,-11.745,-5.010,-171.535,-5.122,-4.664,5.634,-0.129,3.508,-1.483,-39.022,39.022,-47.330,218.758
5483,16,-15.709,-9.334,-175.139,-5.351,-4.664,5.955,-0.129,3.508,-1.483,-36.960,36.960,-43.206,214.635
5484,16,-18.297,-12.327,-177.487,-5.351,-4.542,5.955,-0.172,0.057,-0.421,-37.752,37.752,-44.790,216.219
5485,16,-19.555,-13.860,-178.605,-5.351,-4.542,5.955,-0.187,-0.684,-0.641,-36.409,36.409,-42.103,213.532
5486,16,-22.087,-16.886,179.011,-5.596,-4.216,6.278,-0.187,-0.684,-0.641,-37.478,37.478,-44.242,215.671
5487,16,-25.755,-21.587,175.553,-5.846,-4.216,6.662,-0.187,-0.684,-0.641,-33.984,33.984,-37.253,208.682
5488,16,-26.729,-24.811,172.895,-5.846,-4.001,6.662,0.000,-0.498,-0.871,-34.069,34.069,-37.424,208.853
5489,16,-29.291,-26.468,172.107,-5.846,-4.001,6.662,-0.158,0.215,-0.517,-30.927,30.927,-31.140,202.569
5490,16,-31.538,-29.710,169.588,-6.111,-3.546,7.051,-0.158,0.215,-0.517,-35.637,35.637,-47.042,205.507
5491,16,-31.877,-34.704,166.048,4.147,-3.546,6.737,-0.158,0.215,-0.517,-72.445,72.445,-39.186,197.651
5492,16,-29.544,-38.073,164.062,4.147,-3.702,6.737,17.696,-1.144,-6.039,-72.445,72.445,-36.964,199.872
5493,16,-25.909,-39.623,161.982,4.147,-3.702,6.737,19.016,-11.116,-26.180,-72.445,72.445,-36.964,199.872
5494,16,-18.276,-42.319,159.276,10.335,-3.334,5.640,19.016,-11.116,-26.180,-77.994,77.994,-14.784,167.192
5495,16,-8.155,-43.742,156.412,6.706,-3.334,0.250,19.016,-11.116,-26.180,-14.782,14.782,103.406,49.002
5496,16,-4.137,-41.220,156.615,6.706,4.768,0.250,11.920,-15.135,-22.715,-29.215,29.215,-32.975,-46.114
5497,16,-2.176,-39.956,156.805,6.706,4.768,0.250,-0.761,-2.852,-2.818,-32.396,32.396,-39.336,-39.753
5498,16,1.373,-37.179,157.585,6.466,5.198,-0.114,-0.761,-2.852,-2.818,-32.927,32.927,-46.546,-44.839
5499,16,6.517,-34.876,159.200,6.546,5.198,-0.972,-0.761,-2.852,-2.818,-29.999,29.999,-40.691,-50.695
5500,16,9.861,-35.782,160.468,6.546,-1.136,-0.972,-4.522,-9.958,-15.159,-32.833,32.833,44.128,45.460
5501,16,11.542,-36.238,161.087,6.546,-1.136,-0.972,-4.201,-0.603,-11.020,-35.106,35.106,39.581,50.007
5502,16,12.783,-38.454,161.874,2.431,-3.508,-0.830,-4.201,-0.603,-11.020,-31.248,31.248,64.383,92.986
5503,16,14.005,-41.160,162.953,0.131,-3.508,-0.214,-4.201,-0.603,-11.020,-31.391,31.391,42.214,115.155
5504,16,13.968,-42.155,163.597,0.131,-1.586,-0.214,-4.761,-2.531,-10.039,-32.053,32.053,13.436,89.026
5505,16,13.945,-42.644,163.922,0.131,-1.586,-0.214,-3.589,-2.795,-5.326,-32.380,32.380,12.781,89.681
5506,16,13.889,-42.485,164.624,0.177,0.332,0.190,-3.589,-2.795,-5.326,-37.458,37.458,-24.325,71.971
5507,16,13.706,-41.945,165.641,-0.273,0.332,0.459,-3.589,-2.795,-5.326,-39.047,39.047,-31.997,79.644
5508,16,13.437,-41.208,166.283,-0.273,1.237,0.459,-3.034,-2.110,-6.283,-37.031,37.031,-40.886,62.692
5509,16,13.309,-40.837,166.596,-0.273,1.237,0.459,-4.216,-0.775,-11.207,-36.602,36.602,-40.029,61.835
5510,16,12.531,-39.880,167.095,-1.315,1.532,0.671,-4.216,-0.775,-11.207,-31.879,31.879,-46.186,59.561
5511,16,11.201,-38.567,167.792,-1.925,1.532,0.555,-4.216,-0.775,-11.207,-24.379,24.379,-39.378,52.753
5512,16,10.079,-37.870,168.217,-1.925,1.000,0.555,-2.986,2.737,-13.130,-20.922,20.922,-26.970,55.534
5513,16,9.522,-37.514,168.413,-1.925,1.000,0.555,-0.546,3.263,-7.628,-19.584,19.584,-25.188,53.752
5514,16,8.344,-37.480,168.810,-2.009,-0.179,0.327,-0.546,3.263,-7.628,-13.905,13.905,0.471,61.786
5515,16,6.543,-37.448,169.408,-2.024,-0.179,0.221,-0.546,3.263,-7.628,-9.661,9.661,6.532,55.724
5516,16,5.311,-37.481,169.832,-2.024,-0.329,0.221,-0.526,1.220,-10.417,-6.258,6.258,13.351,53.197
5517,16,4.695,-37.492,170.042,-2.024,-0.329,0.221,-0.311,0.349,-10.259,-4.980,4.980,15.004,51.544
5518,16,3.566,-37.370,170.484,-1.817,-0.079,0.206,-0.311,0.349,-10.259,-3.443,3.443,14.895,44.501
5519,16,1.982,-37.141,171.143,-1.450,-0.079,0.185,-0.311,0.349,-10.259,-2.670,2.670,18.156,41.239
5520,16,1.059,-36.927,171.583,-1.450,0.077,0.185,0.488,1.081,-9.408,0.241,-0.241,20.010,34.941
5521,16,0.600,-36.820,171.795,-1.450,0.077,0.185,0.646,1.388,-10.020,1.195,-1.195,21.245,33.707
5522,16,-0.149,-36.649,172.211,-1.154,-0.014,0.198,0.646,1.388,-10.020,1.097,-1.097,24.210,33.329
5523,16,-1.172,-36.398,172.825,-0.798,-0.014,0.158,0.646,1.388,-10.020,1.002,-1.002,26.447,31.091
5524,16,-1.728,-36.239,173.244,-0.798,-0.042,0.158,0.723,0.775,-9.312,3.021,-3.021,29.731,28.599
5525,16,-2.002,-36.161,173.452,-0.798,-0.042,0.158,1.282,1.579,-10.475,3.568,-3.568,30.433,27.897
5526,16,-2.436,-35.997,173.936,-0.505,-0.038,0.043,1.282,1.579,-10.475,4.395,-4.395,34.354,23.884
5527,16,-2.997,-35.724,174.656,-0.156,-0.038,-0.004,1.282,1.579,-10.475,3.260,-3.260,35.199,23.040
5528,16,-3.247,-35.519,175.149,-0.156,0.022,-0.004,0.938,0.823,-9.824,4.771,-4.771,36.610,19.894
5529,16,-3.368,-35.419,175.392,-0.156,0.022,-0.004,0.962,1.043,-9.566,4.991,-4.991,36.887,19.617
5530,16,-3.446,-35.230,175.876,0.146,-0.010,-0.005,0.962,1.043,-9.566,3.615,-3.615,37.510,19.906
5531,16,-3.511,-34.946,176.596,0.329,-0.010,-0.050,0.962,1.043,-9.566,2.299,-2.299,37.032,20.385
5532,16,-3.496,-34.747,177.090,0.329,-0.000,-0.050,0.656,1.091,-9.843,3.263,-3.263,38.471,18.671
5533,16,-3.485,-34.649,177.330,0.329,-0.000,-0.050,0.435,1.053,-9.767,3.221,-3.221,38.413,18.730
5534,16,-3.394,-34.274,178.030,0.391,-0.014,-0.042,0.435,1.053,-9.767,2.651,-2.651,38.191,19.348
5535,16,-3.339,-34.168,178.494,0.369,-0.014,-0.050,0.435,1.053,-9.767,2.656,-2.656,38.117,19.421
5536,16,-3.286,-33.965,178.952,0.369,-0.000,-0.050,0.287,1.096,-9.891,2.519,-2.519,37.734,19.409
5537,16,-3.260,-33.867,179.179,0.369,-0.000,-0.050,0.153,1.077,-9.814,2.453,-2.453,37.645,19.497
5538,16,-3.254,-33.667,179.618,0.279,-0.002,-0.038,0.153,1.077,-9.814,2.707,-2.707,37.313,19.891
5539,16,-3.263,-33.367,-179.738,0.160,-0.002,-0.019,0.153,1.077,-9.814,3.029,-3.029,36.774,20.430
5540,16,-3.311,-33.166,-179.324,0.160,-0.002,-0.019,0.072,1.077,-9.877,3.083,-3.083,36.832,20.372
5541,16,-3.331,-33.065,-179.117,0.160,-0.002,-0.019,0.067,1.081,-9.872,3.103,-3.103,36.851,20.352
5542,16,-3.435,-32.862,-178.728,0.032,-0.000,-0.002,0.067,1.081,-9.872,3.686,-3.686,36.581,20.562
5543,16,-3.617,-32.557,-178.145,-0.068,-0.000,0.009,0.067,1.081,-9.872,3.544,-3.544,35.354,21.789
5544,16,-3.769,-32.353,-177.770,-0.068,0.001,0.009,0.139,1.072,-9.843,4.567,-4.567,36.916,20.197
5545,16,-3.842,-32.252,-177.581,-0.068,0.001,0.009,0.254,1.072,-9.833,4.681,-4.681,37.051,20.061
5546,16,-4.007,-32.047,-177.214,-0.101,0.002,0.013,0.254,1.072,-9.833,5.049,-5.049,37.237,19.845
5547,16,-4.246,-31.743,-176.671,-0.082,0.002,0.011,0.254,1.072,-9.833,4.611,-4.611,36.517,20.565
5548,16,-4.364,-31.541,-176.316,-0.082,0.001,0.011,0.325,1.077,-9.814,5.509,-5.509,37.933,19.180
5549,16,-4.468,-31.438,-176.128,-0.082,0.001,0.011,0.373,1.086,-9.805,5.669,-5.669,38.125,18.988
5550,16,-4.640,-31.047,-175.593,-0.028,0.000,0.002,0.373,1.086,-9.805,5.666,-5.666,38.539,18.603
5551,16,-4.749,-30.932,-175.231,0.010,0.000,0.000,0.373,1.086,-9.805,5.723,-5.723,38.838,18.305
5552,16,-4.839,-30.729,-174.879,0.010,0.000,0.000,0.325,1.067,-9.805,5.832,-5.832,38.957,18.186
5553,16,-4.886,-30.628,-174.701,0.010,0.000,0.000,0.306,1.062,-9.833,5.890,-5.890,39.020,18.122
5554,16,-4.995,-30.240,-174.181,0.029,0.000,-0.003,0.306,1.062,-9.833,5.920,-5.920,39.191,17.952
5555,16,-5.079,-30.129,-173.831,0.023,0.000,-0.001,0.306,1.062,-9.833,6.045,-6.045,39.267,17.876
5556,16,-5.158,-29.927,-173.488,0.023,0.000,-0.001,0.249,1.067,-9.824,6.131,-6.131,39.355,17.788
5557,16,-5.193,-29.829,-173.318,0.023,0.000,-0.001,0.254,1.077,-9.833,6.167,-6.167,39.391,17.752
5558,16,-5.310,-29.445,-172.820,0.006,0.000,0.000,0.254,1.077,-9.833,6.330,-6.330,39.459,17.684
5559,16,-5.397,-29.330,-172.483,-0.005,0.000,0.000,0.254,1.077,-9.833,6.517,-6.517,39.589,17.554
5560,16,-5.476,-29.134,-172.152,-0.005,0.000,0.000,0.263,1.077,-9.819,6.599,-6.599,39.671,17.472
5561,16,-5.527,-29.034,-171.982,-0.005,0.000,0.000,0.273,1.081,-9.838,6.658,-6.658,39.734,17.409
5562,16,-5.643,-28.656,-171.498,-0.011,0.000,0.001,0.273,1.081,-9.838,6.760,-6.760,39.797,17.346
5563,16,-5.733,-28.544,-171.165,-0.000,0.000,0.000,0.273,1.081,-9.838,6.846,-6.846,39.948,17.195
5564,16,-5.806,-28.348,-170.842,-0.000,0.000,0.000,0.292,1.081,-9.829,6.913,-6.913,40.010,17.133
5565,16,-5.844,-28.250,-170.683,-0.000,0.000,0.000,0.268,1.072,-9.829,6.950,-6.950,40.045,17.098
5566,16,-5.940,-27.875,-170.210,0.003,0.000,0.000,0.268,1.072,-9.829,6.998,-6.998,40.104,17.039
5567,16,-6.017,-27.767,-169.886,0.006,0.000,0.000,0.268,1.072,-9.829,7.070,-7.070,40.180,16.963
5568,16,-6.079,-27.575,-169.574,0.006,0.000,0.000,0.287,1.067,-9.819,7.118,-7.118,40.218,16.925
5569,16,-6.112,-27.477,-169.417,0.006,0.000,0.000,0.254,1.086,-9.805,7.144,-7.144,40.239,16.904
5570,16,-6.197,-27.109,-168.960,0.004,0.000,0.000,0.254,1.086,-9.805,7.203,-7.203,40.276,16.867
5571,16,-6.271,-26.998,-168.652,-0.007,0.000,0.001,0.254,1.086,-9.805,7.322,-7.322,40.307,16.836
5572,16,-6.330,-26.810,-168.353,-0.007,0.000,0.001,0.263,1.077,-9.829,7.364,-7.364,40.336,16.807
5573,16,-6.370,-26.715,-168.202,-0.007,0.000,0.001,0.287,1.072,-9.814,7.400,-7.400,40.369,16.774
5574,16,-6.451,-26.350,-167.762,-0.006,0.000,0.000,0.287,1.072,-9.814,7.452,-7.452,40.427,16.716
5575,16,-6.520,-26.242,-167.464,0.002,0.000,0.000,0.287,1.072,-9.814,7.470,-7.470,40.466,16.676
5576,16,-6.570,-26.055,-167.171,0.002,0.000,0.000,0.278,1.067,-9.814,7.495,-7.495,40.475,16.668
5577,16,-6.599,-25.960,-167.027,0.002,0.000,0.000,0.263,1.077,-9.819,7.514,-7.514,40.486,16.656
5578,16,-6.664,-25.600,-166.603,0.001,0.000,0.000,0.263,1.077,-9.819,7.547,-7.547,40.498,16.645
5579,16,-6.729,-25.496,-166.310,-0.002,0.000,0.000,0.263,1.077,-9.819,7.605,-7.605,40.514,16.629
5580,16,-6.774,-25.312,-166.027,-0.002,0.000,0.000,0.268,1.077,-9.833,7.621,-7.621,40.511,16.632
5581,16,-6.805,-25.217,-165.883,-0.002,0.000,0.000,0.268,1.077,-9.833,7.642,-7.642,40.524,16.619
5582,16,-6.865,-24.864,-165.472,-0.002,0.000,0.000,0.278,1.077,-9.829,7.661,-7.661,40.525,16.618
5583,16,-6.922,-24.761,-165.185,-0.002,0.000,0.000,0.278,1.077,-9.829,7.691,-7.691,40.525,16.618
5584,16,-6.966,-24.581,-164.910,-0.000,0.000,0.000,0.273,1.081,-9.824,7.694,-7.694,40.519,16.624
5585,16,-6.991,-24.489,-164.772,-0.000,0.000,0.000,0.273,1.081,-9.824,7.706,-7.706,40.521,16.622
5586,16,-7.040,-24.141,-164.371,-0.000,0.000,0.000,0.268,1.077,-9.819,7.716,-7.716,40.510,16.633
5587,16,-7.093,-24.039,-164.093,-0.000,0.000,0.000,0.268,1.077,-9.819,7.730,-7.730,40.491,16.651
5588,16,-7.132,-23.862,-163.826,-0.000,0.000,0.000,0.268,1.072,-9.833,7.737,-7.737,40.477,16.666
5589,16,-7.155,-23.771,-163.688,-0.000,0.000,0.000,0.268,1.072,-9.833,7.745,-7.745,40.475,16.668
5590,16,-7.197,-23.430,-163.301,-0.002,0.000,0.000,0.273,1.077,-9.829,7.750,-7.750,40.457,16.686
5591,16,-7.250,-23.331,-163.030,-0.002,0.000,0.000,0.273,1.077,-9.829,7.769,-7.769,40.432,16.711
5592,16,-7.281,-23.155,-162.769,-0.001,0.000,0.000,0.273,1.077,-9.833,7.759,-7.759,40.403,16.740
5593,16,-7.301,-23.068,-162.640,-0.001,0.000,0.000,0.273,1.077,-9.833,7.764,-7.764,40.397,16.746
5594,16,-7.340,-22.731,-162.264,-0.004,0.000,0.001,0.268,1.081,-9.829,7.767,-7.767,40.377,16.766
5595,16,-7.389,-22.636,-162.002,-0.004,0.000,0.001,0.268,1.081,-9.829,7.770,-7.770,40.315,16.828
5596,16,-7.416,-22.464,-161.749,-0.002,0.000,0.000,0.278,1.072,-9.819,7.763,-7.763,40.307,16.836
5597,16,-7.434,-22.378,-161.623,-0.002,0.000,0.000,0.278,1.072,-9.819,7.765,-7.765,40.297,16.846
5598,16,-7.467,-22.048,-161.256,-0.001,0.000,0.000,0.278,1.077,-9.819,7.762,-7.762,40.269,16.874
5599,16,-7.508,-21.951,-161.003,-0.001,0.000,0.000,0.278,1.077,-9.819,7.744,-7.744,40.219,16.924
5600,16,-7.532,-21.782,-160.755,-0.000,0.000,0.000,0.278,1.077,-9.814,7.725,-7.725,40.179,16.964
5601,16,-7.548,-21.696,-160.634,-0.000,0.000,0.000,0.278,1.077,-9.814,7.723,-7.723,40.165,16.978
5602,16,-7.571,-21.375,-160.279,-0.001,0.000,0.000,0.273,1.072,-9.829,7.712,-7.712,40.130,17.013
5603,16,-7.610,-21.281,-160.030,-0.001,0.000,0.000,0.273,1.072,-9.829,7.698,-7.698,40.072,17.071
5604,16,-7.629,-21.114,-159.793,-0.003,0.000,0.000,0.278,1.072,-9.824,7.689,-7.689,40.025,17.118
5605,16,-7.648,-21.031,-159.675,-0.003,0.000,0.000,0.278,1.072,-9.824,7.691,-7.691,40.015,17.128
5606,16,-7.666,-20.714,-159.328,-0.001,0.000,0.000,0.282,1.072,-9.824,7.675,-7.675,39.974,17.169
5607,16,-7.702,-20.624,-159.088,-0.001,0.000,0.000,0.282,1.072,-9.824,7.641,-7.641,39.911,17.232
5608,16,-7.718,-20.461,-158.858,0.002,0.000,0.000,0.278,1.072,-9.829,7.602,-7.602,39.861,17.282
5609,16,-7.727,-20.379,-158.742,0.002,0.000,0.000,0.278,1.072,-9.829,7.592,-7.592,39.838,17.304
5610,16,-7.737,-20.071,-158.407,0.002,0.000,0.000,0.273,1.077,-9.819,7.574,-7.574,39.794,17.349
5611,16,-7.770,-19.978,-158.171,0.002,0.000,0.000,0.273,1.077,-9.819,7.539,-7.539,39.719,17.424
5612,16,-7.782,-19.819,-157.949,0.001,0.000,0.000,0.278,1.072,-9.810,7.518,-7.518,39.666,17.477
5613,16,-7.791,-19.741,-157.837,0.001,0.000,0.000,0.278,1.072,-9.810,7.508,-7.508,39.643,17.500
5614,16,-7.795,-19.437,-157.513,0.003,0.000,0.000,0.268,1.077,-9.824,7.485,-7.485,39.594,17.549
5615,16,-7.821,-19.346,-157.285,0.003,0.000,0.000,0.268,1.077,-9.824,7.430,-7.430,39.509,17.634
5616,16,-7.832,-19.191,-157.067,0.000,0.000,0.000,0.268,1.072,-9.819,7.419,-7.419,39.455,17.688
5617,16,-7.842,-19.113,-156.958,0.000,0.000,0.000,0.268,1.072,-9.819,7.410,-7.410,39.434,17.709
5618,16,-7.846,-18.816,-156.641,-0.001,0.000,0.000,0.273,1.072,-9.829,7.385,-7.385,39.382,17.761
5619,16,-7.873,-18.728,-156.420,-0.001,0.000,0.000,0.273,1.072,-9.829,7.353,-7.353,39.306,17.837
5620,16,-7.882,-18.577,-156.205,-0.002,0.001,0.000,0.263,1.077,-9.824,7.330,-7.330,39.236,17.877
5621,16,-7.891,-18.499,-156.099,-0.002,0.001,0.000,0.263,1.077,-9.824,7.320,-7.320,39.213,17.899
5622,16,-7.892,-18.210,-155.790,-0.009,0.000,0.000,0.268,1.077,-9.824,7.293,-7.293,39.160,17.952
5623,16,-7.920,-18.121,-155.572,-0.009,0.000,0.000,0.268,1.077,-9.824,7.289,-7.289,39.101,18.042
5624,16,-7.930,-17.974,-155.365,-0.006,0.000,0.000,0.287,1.072,-9.824,7.252,-7.252,39.048,18.095
5625,16,-7.938,-17.899,-155.262,-0.006,0.000,0.000,0.287,1.072,-9.824,7.242,-7.242,39.026,18.117
5626,16,-7.933,-17.611,-154.964,0.002,0.000,0.000,0.287,1.077,-9.829,7.214,-7.214,38.972,18.171
5627,16,-7.953,-17.529,-154.755,0.002,0.000,0.000,0.287,1.077,-9.829,7.121,-7.121,38.883,18.260
5628,16,-7.953,-17.383,-154.552,0.004,0.000,0.000,0.273,1.077,-9.824,7.073,-7.073,38.820,18.323
5629,16,-7.956,-17.310,-154.454,0.004,0.000,0.000,0.273,1.077,-9.824,7.058,-7.058,38.791,18.352
5630,16,-7.945,-17.030,-154.163,0.002,0.000,0.000,0.268,1.077,-9.824,7.025,-7.025,38.733,18.410
5631,16,-7.964,-16.952,-153.956,0.002,0.000,0.000,0.268,1.077,-9.824,6.986,-6.986,38.645,18.497
5632,16,-7.965,-16.809,-153.761,-0.007,0.000,0.000,0.263,1.072,-9.833,6.999,-6.999,38.585,18.558
5633,16,-7.974,-16.735,-153.661,-0.007,0.000,0.000,0.263,1.072,-9.833,6.991,-6.991,38.564,18.579
5634,16,-7.969,-16.465,-153.375,-0.012,0.000,0.000,0.278,1.072,-9.829,6.964,-6.964,38.514,18.629
5635,16,-7.992,-16.385,-153.175,-0.012,0.000,0.000,0.278,1.072,-9.829,6.944,-6.944,38.435,18.708
5636,16,-7.992,-16.247,-152.983,-0.004,0.000,0.000,0.292,1.072,-9.819,6.872,-6.872,38.376,18.767
5637,16,-8.000,-16.176,-152.887,-0.004,0.000,0.000,0.292,1.072,-9.819,6.864,-6.864,38.355,18.788
5638,16,-7.984,-15.908,-152.610,-0.000,0.000,0.000,0.278,1.072,-9.829,6.828,-6.828,38.295,18.848
5639,16,-7.998,-15.830,-152.415,-0.000,0.000,0.000,0.278,1.072,-9.829,6.753,-6.753,38.205,18.938
5640,16,-7.996,-15.693,-152.229,0.001,0.000,0.000,0.278,1.072,-9.833,6.710,-6.710,38.143,19.000
5641,16,-7.996,-15.624,-152.134,0.001,0.000,0.000,0.278,1.072,-9.833,6.694,-6.694,38.114,19.029
5642,16,-7.977,-15.364,-151.867,-0.001,0.000,0.000,0.273,1.077,-9.810,6.657,-6.657,38.053,19.089
5643,16,-7.989,-15.287,-151.679,-0.001,0.000,0.000,0.273,1.077,-9.810,6.333,-6.333,37.457,19.686
5644,16,-7.985,-15.154,-151.500,-0.003,0.000,0.000,0.278,1.072,-9.829,6.586,-6.586,37.902,19.241
5645,16,-7.988,-15.087,-151.409,-0.003,0.000,0.000,0.278,1.072,-9.829,6.573,-6.573,37.878,19.265
5646,16,-7.987,-14.953,-151.234,-0.001,0.000,0.000,0.282,1.077,-9.824,6.538,-6.538,37.819,19.324
5647,16,-7.981,-14.759,-150.970,-0.001,0.000,0.000,0.282,1.077,-9.824,6.474,-6.474,37.731,19.412
5648,16,-7.972,-14.630,-150.799,-0.002,0.000,0.000,0.273,1.072,-9.824,6.437,-6.437,37.667,19.476
5649,16,-7.974,-14.564,-150.711,-0.002,0.000,0.000,0.273,1.072,-9.824,6.424,-6.424,37.642,19.501
5650,16,-7.971,-14.434,-150.539,-0.006,0.000,0.000,0.273,1.081,-9.814,6.389,-6.389,37.585,19.558
5651,16,-7.966,-14.240,-150.286,-0.006,0.000,0.000,0.273,1.081,-9.814,6.357,-6.357,37.497,19.645
5652,16,-7.959,-14.114,-150.117,-0.012,0.000,0.000,0.278,1.072,-9.810,6.346,-6.346,37.438,19.705
5653,16,-7.964,-14.051,-150.032,-0.012,0.000,0.000,0.278,1.072,-9.810,6.337,-6.337,37.418,19.725
5654,16,-7.964,-13.924,-149.866,-0.013,0.000,0.000,0.287,1.081,-9.829,6.306,-6.306,37.365,19.778
5655,16,-7.965,-13.735,-149.615,-0.013,0.000,0.000,0.287,1.081,-9.829,6.018,-6.018,36.833,20.310
5656,16,-7.957,-13.614,-149.449,-0.012,0.000,0.000,0.287,1.077,-9.833,6.225,-6.225,37.230,19.913
5657,16,-7.961,-13.547,-149.368,-0.012,0.000,0.000,0.287,1.077,-9.833,6.213,-6.213,37.206,19.937
5658,16,-7.956,-13.425,-149.206,-0.002,0.000,0.000,0.301,1.072,-9.819,6.178,-6.178,37.151,19.992
5659,16,-7.944,-13.243,-148.963,-0.002,0.000,0.000,0.301,1.072,-9.819,5.833,-5.833,36.620,20.523
5660,16,-7.930,-13.120,-148.806,0.010,0.000,0.000,0.301,1.077,-9.814,5.972,-5.972,36.999,20.144
5661,16,-7.924,-13.060,-148.725,0.010,0.000,0.000,0.301,1.077,-9.814,5.952,-5.952,36.968,20.175
5662,16,-7.906,-12.937,-148.564,0.015,0.000,0.000,0.278,1.077,-9.824,5.904,-5.904,36.900,20.243
5663,16,-7.879,-12.759,-148.322,0.015,0.000,0.000,0.278,1.077,-9.824,5.808,-5.808,36.801,20.342
5664,16,-7.870,-12.642,-148.163,-0.002,0.000,0.000,0.249,1.081,-9.824,5.856,-5.856,36.743,20.399
5665,16,-7.866,-12.582,-148.086,-0.002,0.000,0.000,0.249,1.081,-9.824,5.837,-5.837,36.715,20.428
5666,16,-7.859,-12.464,-147.930,-0.013,0.000,0.000,0.287,1.081,-9.819,5.803,-5.803,36.661,20.482
5667,16,-7.854,-12.287,-147.696,-0.013,0.000,0.000,0.287,1.081,-9.819,5.581,-5.581,36.162,20.980
5668,16,-7.844,-12.174,-147.544,-0.010,0.000,0.000,0.292,1.077,-9.843,5.758,-5.758,36.530,20.613
5669,16,-7.844,-12.116,-147.468,-0.010,0.000,0.000,0.292,1.077,-9.843,5.745,-5.745,36.507,20.636
5670,16,-7.835,-11.999,-147.316,-0.001,0.000,0.000,0.297,1.072,-9.833,5.709,-5.709,36.452,20.691
5671,16,-7.819,-11.829,-147.089,-0.001,0.000,0.000,0.297,1.072,-9.833,5.388,-5.388,35.955,21.188
5672,16,-7.804,-11.717,-146.940,0.002,0.000,0.000,0.292,1.081,-9.833,5.555,-5.555,36.311,20.832
5673,16,-7.799,-11.660,-146.866,0.002,0.000,0.000,0.292,1.081,-9.833,5.537,-5.537,36.284,20.859
5674,16,-7.783,-11.549,-146.718,0.001,0.000,0.000,0.287,1.062,-9.814,5.496,-5.496,36.225,20.918
5675,16,-7.762,-11.381,-146.498,0.001,0.000,0.000,0.287,1.062,-9.814,5.226,-5.226,35.738,21.405
5676,16,-7.749,-11.269,-146.353,0.002,0.000,0.000,0.287,1.072,-9.829,5.398,-5.398,36.082,21.061
5677,16,-7.741,-11.217,-146.278,0.002,0.000,0.000,0.287,1.072,-9.829,5.380,-5.380,36.055,21.088
5678,16,-7.727,-11.105,-146.133,0.003,0.000,0.000,0.282,1.077,-9.829,5.341,-5.341,35.998,21.144
5679,16,-7.702,-10.942,-145.916,0.003,0.000,0.000,0.282,1.077,-9.829,5.064,-5.064,35.521,21.622
5680,16,-7.690,-10.837,-145.773,0.001,0.000,0.000,0.273,1.081,-9.819,5.249,-5.249,35.860,21.283
5681,16,-7.684,-10.780,-145.702,0.001,0.000,0.000,0.273,1.081,-9.819,5.231,-5.231,35.833,21.310
5682,16,-7.671,-10.675,-145.555,-0.004,0.000,0.000,0.287,1.077,-9.814,5.195,-5.195,35.781,21.362
5683,16,-7.651,-10.514,-145.342,-0.004,0.000,0.000,0.287,1.077,-9.814,4.963,-4.963,35.319,21.824
5684,16,-7.635,-10.410,-145.198,0.001,0.000,0.000,0.297,1.077,-9.805,5.102,-5.102,35.647,21.496
5685,16,-7.629,-10.358,-145.127,0.001,0.000,0.000,0.297,1.077,-9.805,5.086,-5.086,35.622,21.521
5686,16,-7.587,-10.156,-144.924,0.007,0.000,0.000,0.287,1.067,-9.824,5.046,-5.046,35.567,21.576
5687,16,-7.585,-10.099,-144.780,0.007,0.000,0.000,0.287,1.067,-9.824,4.755,-4.755,35.019,21.941
5688,16,-7.566,-9.996,-144.645,0.002,0.000,0.000,0.263,1.072,-9.829,4.941,-4.941,35.165,21.449
5689,16,-7.560,-9.944,-144.576,0.002,0.000,0.000,0.263,1.072,-9.829,4.924,-4.924,35.066,21.400
5690,16,-7.543,-9.844,-144.440,-0.003,0.000,0.000,0.287,1.077,-9.829,4.886,-4.886,34.874,21.313
5691,16,-7.521,-9.691,-144.239,-0.003,0.000,0.000,0.287,1.077,-9.829,4.666,-4.666,34.247,21.566
5692,16,-7.506,-9.591,-144.107,0.001,0.000,0.000,0.292,1.072,-9.833,4.803,-4.803,34.393,21.083
5693,16,-7.497,-9.543,-144.042,0.001,0.000,0.000,0.292,1.072,-9.833,4.784,-4.784,34.300,21.041
5694,16,-7.482,-9.443,-143.908,0.001,0.000,0.000,0.278,1.077,-9.829,4.749,-4.749,34.110,20.951
5695,16,-7.457,-9.295,-143.711,0.001,0.000,0.000,0.278,1.077,-9.829,4.511,-4.511,33.508,21.189
5696,16,-7.438,-9.200,-143.580,0.000,0.000,0.000,0.282,1.077,-9.819,4.662,-4.662,33.642,20.736
5697,16,-7.431,-9.148,-143.515,0.000,0.000,0.000,0.282,1.077,-9.819,4.645,-4.645,33.544,20.687
5698,16,-7.391,-8.961,-143.325,0.000,0.000,0.000,0.292,1.077,-9.814,4.610,-4.610,33.360,20.600
5699,16,-7.390,-8.908,-143.194,0.000,0.000,0.000,0.292,1.077,-9.814,4.378,-4.378,32.773,20.834
5700,16,-7.371,-8.813,-143.067,0.000,0.000,0.000,0.278,1.077,-9.819,4.519,-4.519,32.902,20.389
5701,16,-7.364,-8.764,-143.002,0.000,0.000,0.000,0.278,1.077,-9.819,4.503,-4.503,32.810,20.343
5702,16,-7.349,-8.671,-142.876,0.000,0.000,0.000,0.282,1.072,-9.838,4.470,-4.470,32.634,20.259
5703,16,-7.323,-8.532,-142.686,0.000,0.000,0.000,0.282,1.072,-9.838,4.239,-4.239,32.054,20.496
5704,16,-7.303,-8.437,-142.563,0.001,0.000,0.000,0.287,1.072,-9.829,4.374,-4.374,32.184,20.051
5705,16,-7.296,-8.392,-142.502,0.001,0.000,0.000,0.287,1.072,-9.829,4.360,-4.360,32.099,20.009
5706,16,-7.256,-8.213,-142.316,0.000,0.000,0.000,0.278,1.072,-9.824,4.323,-4.323,31.923,19.929
5707,16,-7.251,-8.165,-142.189,0.000,0.000,0.000,0.278,1.072,-9.824,4.105,-4.105,31.359,20.158
5708,16,-7.234,-8.072,-142.065,-0.004,0.000,0.000,0.282,1.081,-9.833,4.265,-4.265,31.488,19.722
5709,16,-7.228,-8.027,-142.002,-0.004,0.000,0.000,0.282,1.081,-9.833,4.251,-4.251,31.404,19.680
5710,16,-7.212,-7.939,-141.881,-0.000,0.000,0.000,0.282,1.077,-9.824,4.219,-4.219,31.236,19.599
5711,16,-7.185,-7.803,-141.699,-0.000,0.000,0.000,0.282,1.077,-9.824,3.978,-3.978,30.682,19.818
5712,16,-7.168,-7.715,-141.579,0.003,0.000,0.000,0.282,1.072,-9.819,4.098,-4.098,30.809,19.396
5713,16,-7.158,-7.671,-141.517,0.003,0.000,0.000,0.282,1.072,-9.819,4.080,-4.080,30.725,19.358
5714,16,-7.138,-7.584,-141.399,0.000,0.000,0.000,0.273,1.072,-9.843,4.045,-4.045,30.557,19.282
5715,16,-7.111,-7.452,-141.216,0.000,0.000,0.000,0.273,1.072,-9.843,3.844,-3.844,30.011,19.503
5716,16,-7.095,-7.367,-141.094,-0.004,0.001,0.000,0.282,1.067,-9.833,4.002,-4.002,30.130,19.069
5717,16,-7.088,-7.323,-141.035,-0.004,0.001,0.000,0.282,1.067,-9.833,3.987,-3.987,30.047,19.027
5718,16,-7.051,-7.158,-140.861,-0.000,0.000,0.000,0.292,1.072,-9.829,3.956,-3.956,29.886,18.949
5719,16,-7.044,-7.110,-140.740,-0.000,0.000,0.000,0.292,1.072,-9.829,3.724,-3.724,29.371,19.179
5720,16,-7.024,-7.027,-140.622,0.003,0.000,0.000,0.282,1.072,-9.829,3.836,-3.836,29.498,18.775
4629,16,-0.745,31.038,-4.487,-0.000,0.005,0.003,0.110,5.077,-8.484,-3.016,3.016,12.940,12.512
4630,16,-0.745,31.038,-4.487,-0.000,-0.001,0.000,0.110,5.077,-8.484,-3.016,3.016,13.031,12.603
4631,16,-0.745,31.038,-4.487,-0.001,-0.000,0.000,0.134,5.067,-8.465,-2.970,2.970,13.096,12.508
4632,16,-0.745,31.038,-4.487,-0.001,-0.000,0.000,0.134,5.067,-8.465,-2.970,2.970,13.096,12.508
4633,16,-0.749,31.038,-4.488,-0.002,-0.000,0.000,0.110,5.077,-8.494,-2.962,2.962,13.097,12.507
4634,16,-0.749,31.038,-4.488,-0.002,0.002,0.000,0.110,5.077,-8.494,-2.962,2.962,13.067,12.476
4635,16,-0.749,31.038,-4.488,0.001,-0.001,0.000,0.139,5.120,-8.479,-2.978,2.978,13.113,12.522
4636,16,-0.749,31.034,-4.488,0.001,-0.001,0.000,0.139,5.120,-8.479,-2.978,2.978,13.117,12.526
4637,16,-0.745,31.035,-4.487,0.002,-0.001,0.000,0.091,5.077,-8.455,-2.986,2.986,13.116,12.528
4638,16,-0.745,31.035,-4.487,0.002,0.001,0.000,0.091,5.077,-8.455,-2.986,2.986,13.085,12.497
4639,16,-0.745,31.035,-4.487,0.000,-0.002,0.000,0.120,5.106,-8.465,-2.976,2.976,13.131,12.543
4640,16,-0.745,31.035,-4.487,0.000,-0.002,0.000,0.120,5.106,-8.465,-2.976,2.976,13.131,12.543
4641,16,-0.745,31.034,-4.487,-0.001,-0.002,0.000,0.072,5.053,-8.508,-2.971,2.971,13.132,12.544
4642,16,-0.745,31.035,-4.487,-0.001,0.001,0.000,0.072,5.053,-8.508,-2.970,2.970,13.085,12.497
4643,16,-0.745,31.030,-4.487,-0.000,-0.001,0.000,0.081,5.044,-8.508,-2.976,2.976,13.121,12.534
4644,16,-0.745,31.030,-4.487,-0.000,-0.001,0.000,0.081,5.044,-8.508,-2.976,2.976,13.122,12.534
4645,16,-0.745,31.030,-4.487,0.001,-0.001,0.000,0.115,5.125,-8.455,-2.981,2.981,13.122,12.534
4646,16,-0.745,31.030,-4.487,0.001,0.002,0.000,0.115,5.125,-8.455,-2.981,2.981,13.076,12.488
4647,16,-0.745,31.030,-4.487,0.000,0.000,0.000,0.115,5.058,-8.479,-2.976,2.976,13.107,12.519
4648,16,-0.741,31.030,-4.486,0.000,0.000,0.000,0.115,5.058,-8.479,-2.979,2.979,13.105,12.520
4649,16,-0.745,31.030,-4.487,-0.001,0.000,0.000,0.129,5.134,-8.451,-2.971,2.971,13.107,12.519
4650,16,-0.745,31.030,-4.487,-0.001,0.000,0.000,0.129,5.134,-8.451,-2.971,2.971,13.107,12.519
4651,16,-0.745,31.030,-4.487,0.001,0.002,0.000,0.100,5.058,-8.489,-2.981,2.981,13.076,12.488
4652,16,-0.741,31.030,-4.486,0.001,0.002,0.000,0.100,5.058,-8.489,-2.984,2.984,13.075,12.490
4653,16,-0.741,31.030,-4.486,0.002,0.002,0.000,0.124,5.067,-8.465,-2.989,2.989,13.075,12.490
4654,16,-0.741,31.030,-4.486,0.002,-0.001,0.000,0.124,5.067,-8.465,-2.989,2.989,13.120,12.535
4655,16,-0.741,31.030,-4.486,0.000,0.001,0.000,0.081,5.125,-8.460,-2.979,2.979,13.090,12.505
4656,16,-0.741,31.030,-4.486,0.000,0.001,0.000,0.081,5.125,-8.460,-2.979,2.979,13.090,12.505
4657,16,-0.741,31.030,-4.486,-0.002,0.001,0.000,0.077,5.077,-8.479,-2.968,2.968,13.090,12.505
4658,16,-0.741,31.030,-4.486,-0.002,0.000,0.000,0.077,5.077,-8.479,-2.968,2.968,13.105,12.520
4659,16,-0.741,31.027,-4.486,-0.000,0.000,0.000,0.096,5.111,-8.470,-2.979,2.979,13.110,12.525
4660,16,-0.741,31.027,-4.486,-0.000,0.000,0.000,0.096,5.111,-8.470,-2.979,2.979,13.110,12.525
4661,16,-0.741,31.030,-4.486,-0.001,0.000,0.000,0.096,5.053,-8.479,-2.973,2.973,13.105,12.520
4662,16,-0.741,31.030,-4.486,-0.001,0.003,0.000,0.096,5.053,-8.479,-2.973,2.973,13.059,12.474
4663,16,-0.741,31.030,-4.486,0.002,-0.001,0.000,0.134,5.115,-8.455,-2.989,2.989,13.120,12.535
4664,16,-0.737,31.031,-4.485,0.002,-0.001,0.000,0.134,5.115,-8.455,-2.992,2.992,13.118,12.537
4665,16,-0.737,31.031,-4.485,0.000,-0.001,0.000,0.105,5.106,-8.494,-2.981,2.981,13.118,12.537
4666,16,-0.737,31.035,-4.485,0.000,0.004,0.000,0.105,5.106,-8.494,-2.981,2.981,13.036,12.455
4667,16,-0.737,31.031,-4.485,0.003,-0.004,0.000,0.129,5.034,-8.508,-2.998,2.998,13.164,12.583
4668,16,-0.733,31.031,-4.484,0.003,-0.004,0.000,0.129,5.034,-8.508,-3.000,3.000,13.162,12.584
4669,16,-0.733,31.027,-4.484,0.000,-0.004,0.000,0.115,5.130,-8.431,-2.984,2.984,13.167,12.588
4670,16,-0.733,31.031,-4.484,0.000,0.002,0.000,0.115,5.130,-8.431,-2.984,2.984,13.071,12.492
4671,16,-0.733,31.031,-4.484,0.000,0.001,0.000,0.081,5.044,-8.522,-2.984,2.984,13.086,12.508
4672,16,-0.733,31.031,-4.484,0.000,0.001,0.000,0.081,5.044,-8.522,-2.984,2.984,13.086,12.508
4673,16,-0.733,31.031,-4.484,0.000,0.001,0.000,0.057,5.111,-8.451,-2.984,2.984,13.086,12.508
4674,16,-0.733,31.027,-4.484,0.000,-0.001,0.000,0.057,5.111,-8.451,-2.984,2.984,13.122,12.543
4675,16,-0.733,31.027,-4.484,-0.001,0.001,0.000,0.091,5.063,-8.475,-2.979,2.979,13.091,12.512
4676,16,-0.733,31.027,-4.484,-0.001,0.001,0.000,0.091,5.063,-8.475,-2.979,2.979,13.091,12.512
4677,16,-0.733,31.027,-4.484,-0.000,0.001,0.000,0.110,5.067,-8.470,-2.984,2.984,13.091,12.512
4678,16,-0.733,31.027,-4.484,-0.000,0.000,0.000,0.110,5.067,-8.470,-2.984,2.984,13.106,12.528
4679,16,-0.733,31.027,-4.484,-0.003,0.000,0.000,0.110,5.106,-8.470,-2.968,2.968,13.106,12.528
4680,16,-0.737,31.027,-4.485,-0.003,0.000,0.000,0.110,5.106,-8.470,-2.966,2.966,13.108,12.526
4681,16,-0.737,31.027,-4.485,-0.001,0.000,0.000,0.139,5.063,-8.489,-2.976,2.976,13.108,12.526
4682,16,-0.737,31.027,-4.485,-0.001,0.000,0.000,0.139,5.063,-8.489,-2.976,2.976,13.108,12.526
4683,16,-0.737,31.027,-4.485,0.002,0.001,0.000,0.129,5.091,-8.479,-2.992,2.992,13.093,12.511
4684,16,-0.733,31.027,-4.484,0.002,0.001,0.000,0.129,5.091,-8.479,-2.995,2.995,13.091,12.512
4685,16,-0.737,31.027,-4.485,0.000,0.001,0.000,0.096,5.058,-8.498,-2.981,2.981,13.093,12.511
4686,16,-0.737,31.027,-4.485,0.000,0.002,0.000,0.096,5.058,-8.498,-2.981,2.981,13.078,12.496
4687,16,-0.737,31.027,-4.485,-0.002,0.000,0.000,0.091,5.125,-8.441,-2.971,2.971,13.108,12.526
4688,16,-0.737,31.027,-4.485,-0.002,0.000,0.000,0.091,5.125,-8.441,-2.971,2.971,13.108,12.526
4689,16,-0.737,31.027,-4.485,-0.001,0.000,0.000,0.077,5.091,-8.446,-2.976,2.976,13.108,12.526
4690,16,-0.737,31.027,-4.485,-0.001,0.000,0.000,0.077,5.091,-8.446,-2.976,2.976,13.108,12.526
4691,16,-0.736,31.027,-4.481,-0.000,0.001,0.000,0.115,5.053,-8.494,-2.982,2.982,13.092,12.511
4692,16,-0.736,31.027,-4.481,-0.000,0.001,0.000,0.115,5.053,-8.494,-2.982,2.982,13.092,12.511
4693,16,-0.736,31.027,-4.481,-0.001,0.001,0.000,0.091,5.101,-8.484,-2.977,2.977,13.092,12.511
4694,16,-0.736,31.027,-4.481,-0.001,0.000,0.000,0.091,5.101,-8.484,-2.977,2.977,13.108,12.527
4695,16,-0.736,31.027,-4.481,-0.000,0.002,0.000,0.115,5.087,-8.498,-2.982,2.982,13.077,12.496
4696,16,-0.736,31.027,-4.481,-0.000,0.002,0.000,0.115,5.087,-8.498,-2.982,2.982,13.077,12.496
4697,16,-0.736,31.027,-4.481,-0.000,0.002,0.000,0.134,5.120,-8.446,-2.982,2.982,13.077,12.496
4698,16,-0.736,31.027,-4.481,-0.000,-0.001,0.000,0.134,5.120,-8.446,-2.982,2.982,13.123,12.542
4699,16,-0.736,31.027,-4.481,-0.000,0.001,0.000,0.120,5.082,-8.465,-2.982,2.982,13.092,12.511
4700,16,-0.736,31.027,-4.481,-0.000,0.001,0.000,0.120,5.082,-8.465,-2.982,2.982,13.092,12.511
4701,16,-0.736,31.027,-4.481,-0.000,0.001,0.000,0.115,5.091,-8.489,-2.982,2.982,13.092,12.511
4702,16,-0.736,31.027,-4.481,-0.000,0.000,0.000,0.115,5.091,-8.489,-2.982,2.982,13.108,12.527
4703,16,-0.736,31.027,-4.481,-0.000,0.000,0.000,0.086,5.101,-8.479,-2.982,2.982,13.108,12.527
4704,16,-0.736,31.027,-4.481,-0.000,0.000,0.000,0.086,5.101,-8.479,-2.982,2.982,13.108,12.527
4705,16,-0.736,31.027,-4.481,-0.001,0.000,0.000,0.077,5.039,-8.503,-2.977,2.977,13.108,12.527
4706,16,-0.736,31.027,-4.481,-0.001,0.002,0.000,0.077,5.039,-8.503,-2.977,2.977,13.077,12.496
4707,16,-0.736,31.027,-4.481,-0.000,-0.001,0.000,0.096,5.082,-8.484,-2.983,2.983,13.121,12.544
4708,16,-0.736,31.027,-4.481,-0.000,-0.001,0.000,0.096,5.082,-8.484,-2.982,2.982,13.123,12.542
4709,16,-0.736,31.024,-4.481,-0.000,-0.001,0.000,0.110,5.091,-8.460,-2.982,2.982,13.128,12.547
4710,16,-0.736,31.024,-4.481,-0.000,0.001,0.000,0.110,5.091,-8.460,-2.982,2.982,13.097,12.516
4711,16,-0.736,31.024,-4.481,-0.000,0.000,0.000,0.129,5.091,-8.475,-2.982,2.982,13.112,12.531
4712,16,-0.736,31.024,-4.481,-0.000,0.000,0.000,0.129,5.091,-8.475,-2.982,2.982,13.112,12.531
4713,16,-0.736,31.024,-4.481,-0.001,0.000,0.000,0.124,5.082,-8.470,-2.977,2.977,13.112,12.531
4714,16,-0.740,31.024,-4.482,-0.001,0.001,0.000,0.124,5.082,-8.470,-2.977,2.977,13.097,12.516
4715,16,-0.736,31.024,-4.481,0.001,-0.002,0.000,0.105,5.039,-8.513,-2.988,2.988,13.143,12.562
4716,16,-0.736,31.024,-4.481,0.001,-0.002,0.000,0.105,5.039,-8.513,-2.988,2.988,13.143,12.562
4717,16,-0.736,31.024,-4.481,0.000,-0.002,0.000,0.096,5.168,-8.417,-2.982,2.982,13.143,12.562
4718,16,-0.736,31.024,-4.481,0.000,0.004,0.000,0.096,5.168,-8.417,-2.982,2.982,13.052,12.470
4719,16,-0.736,31.024,-4.481,0.000,-0.001,0.000,0.091,5.039,-8.494,-2.982,2.982,13.128,12.547
4720,16,-0.736,31.024,-4.481,0.000,-0.001,0.000,0.091,5.039,-8.494,-2.982,2.982,13.128,12.547
4721,16,-0.736,31.024,-4.481,0.000,-0.001,0.000,0.077,5.125,-8.441,-2.982,2.982,13.128,12.547
4722,16,-0.736,31.024,-4.481,0.000,-0.000,0.000,0.077,5.125,-8.441,-2.982,2.982,13.112,12.531
4723,16,-0.736,31.024,-4.481,-0.003,-0.000,0.000,0.081,5.044,-8.494,-2.966,2.966,13.112,12.531
4724,16,-0.740,31.024,-4.482,-0.003,-0.000,0.000,0.081,5.044,-8.494,-2.964,2.964,13.114,12.530
4725,16,-0.740,31.024,-4.482,-0.000,-0.000,0.000,0.139,5.077,-8.494,-2.980,2.980,13.114,12.530
4726,16,-0.740,31.020,-4.482,-0.000,-0.000,0.000,0.139,5.077,-8.494,-2.980,2.980,13.114,12.530
4727,16,-0.740,31.024,-4.482,-0.000,0.003,0.000,0.129,5.111,-8.479,-2.980,2.980,13.069,12.484
4728,16,-0.740,31.024,-4.482,-0.000,0.003,0.000,0.129,5.111,-8.479,-2.980,2.980,13.069,12.484
4729,16,-0.740,31.024,-4.482,-0.000,0.003,0.000,0.115,5.082,-8.460,-2.980,2.980,13.069,12.484
4730,16,-0.740,31.024,-4.482,-0.000,-0.001,0.000,0.115,5.082,-8.460,-2.980,2.980,13.129,12.545
4731,16,-0.740,31.024,-4.482,-0.001,-0.000,0.000,0.120,5.111,-8.470,-2.974,2.974,13.114,12.530
4732,16,-0.740,31.024,-4.482,-0.001,-0.000,0.000,0.120,5.111,-8.470,-2.974,2.974,13.114,12.530
4733,16,-0.740,31.024,-4.482,0.001,-0.000,0.000,0.086,5.058,-8.489,-2.985,2.985,13.114,12.530
4734,16,-0.740,31.020,-4.482,0.001,-0.000,0.000,0.086,5.058,-8.489,-2.985,2.985,13.119,12.535
4735,16,-0.736,31.024,-4.481,0.001,0.002,0.000,0.081,5.072,-8.479,-2.988,2.988,13.082,12.501
4736,16,-0.736,31.024,-4.481,0.001,0.002,0.000,0.081,5.072,-8.479,-2.988,2.988,13.082,12.501
4737,16,-0.736,31.024,-4.481,0.000,0.002,0.000,0.053,5.087,-8.475,-2.982,2.982,13.082,12.501
4738,16,-0.736,31.024,-4.481,0.000,0.000,0.000,0.053,5.087,-8.475,-2.982,2.982,13.112,12.531
4739,16,-0.734,31.021,-4.477,-0.002,0.000,0.000,0.100,5.096,-8.470,-2.972,2.972,13.112,12.531
4740,16,-0.734,31.021,-4.477,-0.002,0.000,0.000,0.100,5.096,-8.470,-2.972,2.972,13.117,12.536
4741,16,-0.734,31.021,-4.477,0.001,0.000,0.000,0.139,5.091,-8.455,-2.988,2.988,13.117,12.536
4742,16,-0.734,31.020,-4.477,0.001,0.000,0.000,0.139,5.091,-8.455,-2.988,2.988,13.118,12.538
4743,16,-0.735,31.024,-4.477,0.000,0.004,0.000,0.139,5.087,-8.460,-2.983,2.983,13.051,12.470
4744,16,-0.735,31.024,-4.477,0.000,0.004,0.000,0.139,5.087,-8.460,-2.983,2.983,13.051,12.471
4745,16,-0.735,31.024,-4.477,-0.003,0.004,0.000,0.124,5.115,-8.470,-2.967,2.967,13.051,12.471
4746,16,-0.739,31.024,-4.478,-0.003,0.000,0.000,0.124,5.115,-8.470,-2.964,2.964,13.114,12.530
4747,16,-0.739,31.024,-4.478,-0.000,0.001,0.000,0.115,5.115,-8.475,-2.980,2.980,13.098,12.515
4748,16,-0.739,31.027,-4.478,-0.000,0.001,0.000,0.115,5.115,-8.475,-2.980,2.980,13.094,12.510
4749,16,-0.739,31.027,-4.478,-0.000,0.001,0.000,0.081,5.053,-8.479,-2.980,2.980,13.094,12.510
4750,16,-0.735,31.027,-4.477,0.003,0.000,0.000,0.081,5.053,-8.479,-2.999,2.999,13.107,12.527
4751,16,-0.735,31.027,-4.477,0.003,0.000,0.000,0.081,5.053,-8.479,-2.999,2.999,13.107,12.527
4752,16,-0.735,31.027,-4.477,0.000,0.001,0.000,0.067,5.106,-8.446,-2.983,2.983,13.092,12.512
4753,16,-0.735,31.027,-4.477,0.000,0.001,0.000,0.091,5.087,-8.470,-2.983,2.983,13.092,12.512
4754,16,-0.735,31.027,-4.477,-0.002,0.002,0.000,0.091,5.087,-8.470,-2.972,2.972,13.077,12.497
4755,16,-0.735,31.031,-4.477,-0.002,0.002,0.000,0.091,5.087,-8.470,-2.972,2.972,13.072,12.492
4756,16,-0.735,31.031,-4.477,-0.001,0.000,0.000,0.100,5.091,-8.484,-2.978,2.978,13.102,12.522
4757,16,-0.735,31.031,-4.477,-0.001,0.000,0.000,0.124,5.087,-8.484,-2.978,2.978,13.102,12.522
4758,16,-0.735,31.031,-4.477,-0.000,0.003,0.000,0.124,5.087,-8.484,-2.983,2.983,13.057,12.477
4759,16,-0.735,31.031,-4.477,-0.000,0.003,0.000,0.124,5.087,-8.484,-2.983,2.983,13.057,12.477
4760,16,-0.735,31.031,-4.477,0.001,-0.003,0.000,0.134,5.063,-8.470,-2.988,2.988,13.148,12.568
4761,16,-0.735,31.027,-4.477,0.001,-0.003,0.000,0.100,5.111,-8.446,-2.988,2.988,13.153,12.573
4762,16,-0.735,31.031,-4.477,-0.001,0.003,0.000,0.100,5.111,-8.446,-2.978,2.978,13.057,12.477
4763,16,-0.735,31.031,-4.477,-0.001,0.003,0.000,0.100,5.111,-8.446,-2.978,2.978,13.057,12.477
4764,16,-0.735,31.031,-4.477,0.002,0.000,0.000,0.120,5.072,-8.475,-2.994,2.994,13.102,12.522
4765,16,-0.735,31.031,-4.477,0.002,0.000,0.000,0.096,5.120,-8.455,-2.994,2.994,13.102,12.522
4766,16,-0.731,31.031,-4.476,0.003,0.000,0.000,0.096,5.120,-8.455,-3.002,3.002,13.100,12.524
4767,16,-0.731,31.031,-4.476,0.003,0.000,0.000,0.096,5.120,-8.455,-3.002,3.002,13.100,12.524
4768,16,-0.731,31.031,-4.476,-0.002,0.001,0.000,0.062,5.058,-8.494,-2.975,2.975,13.085,12.508
4769,16,-0.731,31.031,-4.476,-0.002,0.001,0.000,0.105,5.111,-8.470,-2.975,2.975,13.085,12.508
4770,16,-0.731,31.031,-4.476,-0.000,0.000,0.000,0.105,5.111,-8.470,-2.986,2.986,13.100,12.524
4771,16,-0.731,31.031,-4.476,-0.000,0.000,0.000,0.105,5.111,-8.470,-2.986,2.986,13.100,12.524
4772,16,-0.731,31.031,-4.476,-0.001,0.002,0.000,0.081,5.091,-8.465,-2.980,2.980,13.070,12.493
4773,16,-0.731,31.034,-4.476,-0.001,0.002,0.000,0.172,5.130,-8.436,-2.980,2.980,13.065,12.488
4774,16,-0.731,31.031,-4.476,-0.001,-0.003,0.000,0.172,5.130,-8.436,-2.980,2.980,13.146,12.569
4775,16,-0.731,31.031,-4.476,-0.001,-0.003,0.000,0.172,5.130,-8.436,-2.980,2.980,13.146,12.569
4776,16,-0.731,31.031,-4.476,-0.000,0.003,0.000,0.105,5.048,-8.484,-2.986,2.986,13.055,12.478
4777,16,-0.731,31.034,-4.476,-0.000,0.003,0.000,0.105,5.072,-8.508,-2.986,2.986,13.050,12.473
4778,16,-0.731,31.031,-4.476,-0.000,-0.003,0.000,0.105,5.072,-8.508,-2.986,2.986,13.146,12.569
4779,16,-0.731,31.028,-4.476,-0.000,-0.003,0.000,0.105,5.072,-8.508,-2.986,2.986,13.146,12.569
4780,16,-0.731,31.028,-4.476,0.002,-0.000,0.000,0.105,5.101,-8.465,-2.996,2.996,13.105,12.528
4781,16,-0.731,31.028,-4.476,0.002,-0.000,0.000,0.077,5.058,-8.470,-2.996,2.996,13.105,12.528
4782,16,-0.731,31.028,-4.476,0.000,-0.000,0.000,0.077,5.058,-8.470,-2.986,2.986,13.105,12.528
4783,16,-0.731,31.028,-4.476,0.000,-0.000,0.000,0.077,5.058,-8.470,-2.986,2.986,13.105,12.528
4784,16,-0.731,31.028,-4.476,0.000,-0.000,0.000,0.091,5.082,-8.470,-2.986,2.986,13.105,12.528
4785,16,-0.731,31.028,-4.476,0.000,-0.000,0.000,0.096,5.082,-8.484,-2.986,2.986,13.105,12.528
4786,16,-0.731,31.024,-4.476,-0.002,-0.001,0.000,0.096,5.082,-8.484,-2.975,2.975,13.121,12.544
4787,16,-0.731,31.024,-4.476,-0.002,-0.001,0.000,0.096,5.082,-8.484,-2.975,2.975,13.125,12.548
4788,16,-0.731,31.024,-4.476,0.001,0.002,0.000,0.120,5.087,-8.479,-2.991,2.991,13.080,12.503
4789,16,-0.731,31.028,-4.476,0.001,0.002,0.000,0.120,5.072,-8.484,-2.991,2.991,13.075,12.498
4790,16,-0.731,31.028,-4.476,0.000,0.000,0.000,0.120,5.072,-8.484,-2.986,2.986,13.105,12.528
4791,16,-0.731,31.024,-4.476,0.000,0.000,0.000,0.120,5.072,-8.484,-2.986,2.986,13.110,12.533
4792,16,-0.731,31.024,-4.476,0.000,0.000,0.000,0.115,5.115,-8.451,-2.986,2.986,13.110,12.533
4793,16,-0.731,31.024,-4.476,0.000,0.000,0.000,0.134,5.053,-8.479,-2.986,2.986,13.110,12.533
4794,16,-0.731,31.024,-4.476,-0.001,0.001,0.000,0.134,5.053,-8.479,-2.981,2.981,13.095,12.518
4795,16,-0.731,31.024,-4.476,-0.001,0.001,0.000,0.134,5.053,-8.479,-2.981,2.981,13.095,12.518
4796,16,-0.731,31.024,-4.476,-0.000,0.000,0.000,0.072,5.096,-8.470,-2.986,2.986,13.110,12.533
4797,16,-0.731,31.024,-4.476,-0.000,0.000,0.000,0.091,5.082,-8.455,-2.986,2.986,13.110,12.533
4798,16,-0.731,31.024,-4.476,-0.000,0.002,0.000,0.091,5.082,-8.455,-2.986,2.986,13.080,12.503
4799,16,-0.731,31.028,-4.476,-0.000,0.002,0.000,0.091,5.082,-8.455,-2.986,2.986,13.075,12.498
4800,16,-0.731,31.028,-4.476,-0.000,0.000,0.000,0.072,5.096,-8.460,-2.986,2.986,13.105,12.528
4801,16,-0.731,31.024,-4.476,-0.000,0.000,0.000,0.110,5.096,-8.460,-2.986,2.986,13.110,12.533
4802,16,-0.731,31.024,-4.476,-0.000,0.000,0.000,0.110,5.096,-8.460,-2.986,2.986,13.110,12.533
4803,16,-0.731,31.024,-4.476,-0.000,0.000,0.000,0.110,5.096,-8.460,-2.986,2.986,13.110,12.533
4804,16,-0.731,31.024,-4.476,-0.001,0.001,0.000,0.115,5.082,-8.479,-2.981,2.981,13.095,12.518
4805,16,-0.731,31.028,-4.476,-0.001,0.001,0.000,0.172,5.106,-8.465,-2.980,2.980,13.090,12.513
4806,16,-0.731,31.028,-4.476,-0.000,0.001,0.000,0.172,5.106,-8.465,-2.986,2.986,13.090,12.513
4807,16,-0.731,31.028,-4.476,-0.000,0.001,0.000,0.172,5.106,-8.465,-2.986,2.986,13.090,12.513
4808,16,-0.731,31.028,-4.476,-0.001,-0.001,0.000,0.105,5.087,-8.475,-2.980,2.980,13.121,12.544
4809,16,-0.731,31.024,-4.476,-0.001,-0.001,0.000,0.110,5.115,-8.455,-2.981,2.981,13.125,12.548
4810,16,-0.731,31.024,-4.476,-0.000,-0.000,0.000,0.110,5.115,-8.455,-2.986,2.986,13.110,12.533
4811,16,-0.731,31.024,-4.476,-0.000,-0.000,0.000,0.110,5.115,-8.455,-2.986,2.986,13.110,12.533
4812,16,-0.731,31.024,-4.476,0.001,-0.000,0.000,0.081,5.067,-8.465,-2.991,2.991,13.110,12.533
4813,16,-0.731,31.024,-4.476,0.001,-0.000,0.000,0.105,5.125,-8.446,-2.991,2.991,13.110,12.533
4814,16,-0.731,31.024,-4.476,0.000,-0.000,0.000,0.105,5.125,-8.446,-2.986,2.986,13.110,12.533
4815,16,-0.731,31.024,-4.476,0.000,-0.000,0.000,0.105,5.125,-8.446,-2.986,2.986,13.110,12.533
4816,16,-0.731,31.024,-4.476,-0.001,-0.000,0.000,0.091,5.096,-8.475,-2.981,2.981,13.110,12.533
4817,16,-0.731,31.028,-4.476,-0.001,-0.000,0.000,0.110,5.072,-8.475,-2.980,2.980,13.105,12.528
4818,16,-0.731,31.028,-4.476,-0.000,-0.000,0.000,0.110,5.072,-8.475,-2.986,2.986,13.105,12.528
4819,16,-0.730,31.028,-4.472,-0.000,-0.000,0.000,0.110,5.072,-8.475,-2.989,2.989,13.097,12.536
4820,16,-0.730,31.028,-4.472,-0.001,0.001,0.000,0.115,5.101,-8.484,-2.981,2.981,13.090,12.513
4821,16,-0.734,31.027,-4.473,-0.001,0.001,0.000,0.115,5.072,-8.484,-2.978,2.978,13.091,12.512
4822,16,-0.734,31.027,-4.473,-0.000,0.001,0.000,0.115,5.072,-8.484,-2.984,2.984,13.091,12.512
4823,16,-0.734,31.027,-4.473,-0.000,0.001,0.000,0.115,5.072,-8.484,-2.984,2.984,13.091,12.512
4824,16,-0.734,31.027,-4.473,-0.000,0.000,0.000,0.129,5.101,-8.465,-2.984,2.984,13.107,12.527
4825,16,-0.734,31.027,-4.473,-0.000,0.000,0.000,0.110,5.053,-8.489,-2.984,2.984,13.107,12.527
4826,16,-0.730,31.028,-4.472,0.001,0.001,0.000,0.110,5.053,-8.489,-2.992,2.992,13.090,12.513
4827,16,-0.731,31.028,-4.476,0.001,0.001,0.000,0.110,5.053,-8.489,-2.988,2.988,13.098,12.505
4828,16,-0.731,31.028,-4.476,0.001,0.000,0.000,0.110,5.087,-8.470,-2.991,2.991,13.105,12.528
4829,16,-0.731,31.028,-4.476,0.001,0.000,0.000,0.067,5.120,-8.446,-2.991,2.991,13.105,12.528
4830,16,-0.731,31.028,-4.476,-0.001,0.000,0.000,0.067,5.120,-8.446,-2.980,2.980,13.105,12.528
4831,16,-0.731,31.028,-4.476,-0.001,0.000,0.000,0.067,5.120,-8.446,-2.980,2.980,13.105,12.528
4832,16,-0.734,31.027,-4.473,-0.001,0.000,0.000,0.091,5.053,-8.484,-2.978,2.978,13.107,12.527
4833,16,-0.734,31.027,-4.473,-0.001,0.000,0.000,0.091,5.096,-8.465,-2.978,2.978,13.107,12.527
4834,16,-0.734,31.027,-4.473,-0.000,0.000,0.000,0.091,5.096,-8.465,-2.984,2.984,13.107,12.527
4835,16,-0.730,31.028,-4.472,-0.000,0.000,0.000,0.091,5.096,-8.465,-2.987,2.987,13.105,12.529
4836,16,-0.730,31.028,-4.472,-0.000,0.000,0.000,0.139,5.072,-8.470,-2.987,2.987,13.105,12.529
4837,16,-0.730,31.024,-4.472,-0.000,0.000,0.000,0.124,5.120,-8.451,-2.987,2.987,13.110,12.533
4838,16,-0.730,31.024,-4.472,-0.000,0.000,0.000,0.124,5.120,-8.451,-2.987,2.987,13.110,12.533
4839,16,-0.730,31.024,-4.472,-0.000,0.000,0.000,0.124,5.120,-8.451,-2.987,2.987,13.110,12.533
4840,16,-0.730,31.024,-4.472,-0.000,0.000,0.000,0.120,5.082,-8.479,-2.987,2.987,13.110,12.533
4841,16,-0.730,31.024,-4.472,-0.000,0.000,0.000,0.100,5.087,-8.470,-2.987,2.987,13.110,12.533
4842,16,-0.730,31.024,-4.472,-0.000,0.000,0.000,0.100,5.087,-8.470,-2.987,2.987,13.110,12.533
4843,16,-0.734,31.024,-4.473,-0.000,0.000,0.000,0.100,5.087,-8.470,-2.983,2.983,13.113,12.530
4844,16,-0.734,31.024,-4.473,-0.000,0.001,0.000,0.096,5.091,-8.465,-2.984,2.984,13.096,12.517
4845,16,-0.730,31.024,-4.472,-0.000,0.001,0.000,0.081,5.077,-8.465,-2.987,2.987,13.094,12.518
4846,16,-0.734,31.024,-4.473,-0.001,0.000,0.000,0.081,5.077,-8.465,-2.979,2.979,13.111,12.532
4847,16,-0.734,31.024,-4.473,-0.001,0.000,0.000,0.081,5.077,-8.465,-2.979,2.979,13.111,12.532
4848,16,-0.734,31.024,-4.473,-0.000,0.000,0.000,0.086,5.111,-8.460,-2.984,2.984,13.111,12.532
4849,16,-0.734,31.024,-4.473,-0.000,0.000,0.000,0.124,5.082,-8.484,-2.984,2.984,13.111,12.532
4850,16,-0.734,31.024,-4.473,-0.001,0.000,0.000,0.124,5.082,-8.484,-2.979,2.979,13.111,12.532
4851,16,-0.734,31.024,-4.473,-0.001,0.000,0.000,0.124,5.082,-8.484,-2.979,2.979,13.111,12.532
4852,16,-0.734,31.024,-4.473,-0.001,0.000,0.000,0.096,5.091,-8.460,-2.979,2.979,13.111,12.532
4853,16,-0.734,31.024,-4.473,-0.001,0.000,0.000,0.129,5.101,-8.470,-2.979,2.979,13.111,12.532
4854,16,-0.734,31.024,-4.473,-0.000,0.000,0.000,0.129,5.101,-8.470,-2.984,2.984,13.111,12.532
4855,16,-0.734,31.024,-4.473,-0.000,0.000,0.000,0.129,5.101,-8.470,-2.984,2.984,13.111,12.532
4856,16,-0.734,31.024,-4.473,-0.000,0.000,0.000,0.096,5.077,-8.498,-2.984,2.984,13.111,12.532
4857,16,-0.734,31.024,-4.473,-0.000,0.000,0.000,0.124,5.067,-8.475,-2.984,2.984,13.111,12.532
4858,16,-0.734,31.024,-4.473,-0.000,0.001,0.000,0.124,5.067,-8.475,-2.984,2.984,13.096,12.517
4859,16,-0.734,31.024,-4.473,-0.000,0.001,0.000,0.124,5.067,-8.475,-2.984,2.984,13.096,12.517
4860,16,-0.734,31.024,-4.473,-0.000,0.001,0.000,0.091,5.091,-8.465,-2.984,2.984,13.096,12.517
4861,16,-0.734,31.024,-4.473,-0.000,0.001,0.000,0.096,5.096,-8.460,-2.984,2.984,13.096,12.517
4862,16,-0.734,31.024,-4.473,-0.001,0.000,0.000,0.096,5.096,-8.460,-2.979,2.979,13.111,12.532
4863,16,-0.734,31.024,-4.473,-0.001,0.000,0.000,0.096,5.096,-8.460,-2.979,2.979,13.111,12.532
4864,16,-0.734,31.024,-4.473,-0.000,0.000,0.000,0.096,5.096,-8.470,-2.984,2.984,13.111,12.532
4865,16,-0.734,31.024,-4.473,-0.000,0.000,0.000,0.115,5.087,-8.460,-2.984,2.984,13.111,12.532
4866,16,-0.734,31.024,-4.473,-0.000,0.001,0.000,0.115,5.087,-8.460,-2.984,2.984,13.096,12.517
4867,16,-0.734,31.024,-4.473,-0.000,0.001,0.000,0.115,5.087,-8.460,-2.984,2.984,13.096,12.517
4868,16,-0.734,31.024,-4.473,-0.001,-0.001,0.000,0.110,5.096,-8.460,-2.979,2.979,13.127,12.547
4869,16,-0.734,31.024,-4.473,-0.001,-0.001,0.000,0.110,5.111,-8.479,-2.979,2.979,13.127,12.547
4870,16,-0.737,31.024,-4.474,-0.001,-0.000,0.000,0.110,5.111,-8.479,-2.979,2.979,13.111,12.532
4871,16,-0.737,31.024,-4.474,-0.001,-0.000,0.000,0.110,5.111,-8.479,-2.976,2.976,13.113,12.531
4872,16,-0.737,31.024,-4.474,-0.000,-0.001,0.000,0.115,5.039,-8.508,-2.981,2.981,13.128,12.546
4873,16,-0.737,31.024,-4.474,-0.000,-0.001,0.000,0.086,5.101,-8.470,-2.981,2.981,13.128,12.546
4874,16,-0.733,31.020,-4.473,0.001,-0.000,0.000,0.086,5.101,-8.470,-2.989,2.989,13.113,12.533
4875,16,-0.733,31.020,-4.473,0.001,-0.000,0.000,0.086,5.101,-8.470,-2.989,2.989,13.118,12.538
4876,16,-0.733,31.020,-4.473,0.000,-0.000,0.000,0.124,5.096,-8.470,-2.984,2.984,13.118,12.538
4877,16,-0.733,31.020,-4.473,0.000,-0.000,0.000,0.081,5.087,-8.441,-2.984,2.984,13.118,12.538
4878,16,-0.733,31.020,-4.473,-0.002,-0.000,0.000,0.081,5.087,-8.441,-2.973,2.973,13.118,12.538
4879,16,-0.736,31.020,-4.470,-0.002,-0.000,0.000,0.081,5.087,-8.441,-2.971,2.971,13.119,12.537
4880,16,-0.736,31.020,-4.470,-0.001,-0.000,0.000,0.129,5.082,-8.479,-2.977,2.977,13.119,12.537
4881,16,-0.736,31.020,-4.470,-0.001,-0.000,0.000,0.096,5.091,-8.470,-2.977,2.977,13.119,12.537
4882,16,-0.736,31.020,-4.470,-0.000,-0.000,0.000,0.096,5.091,-8.470,-2.982,2.982,13.119,12.537
4883,16,-0.736,31.020,-4.470,-0.000,-0.000,0.000,0.096,5.091,-8.470,-2.982,2.982,13.119,12.537
4884,16,-0.736,31.020,-4.470,-0.000,0.001,0.000,0.110,5.091,-8.470,-2.982,2.982,13.104,12.522
4885,16,-0.736,31.020,-4.470,-0.000,0.001,0.000,0.105,5.106,-8.475,-2.982,2.982,13.104,12.522
4886,16,-0.736,31.020,-4.470,-0.000,0.000,0.000,0.105,5.106,-8.475,-2.982,2.982,13.119,12.537
4887,16,-0.736,31.020,-4.470,-0.000,0.000,0.000,0.105,5.106,-8.475,-2.982,2.982,13.119,12.537
4888,16,-0.736,31.020,-4.470,-0.001,0.000,0.000,0.100,5.067,-8.479,-2.977,2.977,13.119,12.537
4889,16,-0.736,31.020,-4.470,-0.001,0.000,0.000,0.120,5.082,-8.489,-2.977,2.977,13.119,12.537
4890,16,-0.736,31.020,-4.470,0.001,0.000,0.000,0.120,5.082,-8.489,-2.987,2.987,13.119,12.537
4891,16,-0.736,31.020,-4.470,0.001,0.000,0.000,0.120,5.082,-8.489,-2.987,2.987,13.119,12.537
4892,16,-0.736,31.020,-4.470,-0.001,0.000,0.000,0.086,5.096,-8.446,-2.977,2.977,13.119,12.537
4893,16,-0.736,31.020,-4.470,-0.001,0.000,0.000,0.115,5.063,-8.494,-2.977,2.977,13.119,12.537
4894,16,-0.736,31.020,-4.470,-0.000,0.000,0.000,0.115,5.063,-8.494,-2.982,2.982,13.119,12.537
4895,16,-0.736,31.020,-4.470,-0.000,0.000,0.000,0.115,5.063,-8.494,-2.982,2.982,13.119,12.537
4896,16,-0.736,31.020,-4.470,-0.000,0.000,0.000,0.105,5.096,-8.465,-2.982,2.982,13.119,12.537
4897,16,-0.736,31.016,-4.470,-0.000,0.000,0.000,0.105,5.067,-8.494,-2.982,2.982,13.124,12.542
4898,16,-0.736,31.016,-4.470,-0.000,0.000,0.000,0.105,5.067,-8.494,-2.982,2.982,13.124,12.542
4899,16,-0.736,31.016,-4.470,-0.000,0.000,0.000,0.105,5.067,-8.494,-2.982,2.982,13.124,12.542
4900,16,-0.736,31.016,-4.470,-0.000,0.000,0.000,0.120,5.106,-8.470,-2.982,2.982,13.124,12.542
4901,16,-0.736,31.016,-4.470,-0.000,0.000,0.000,0.081,5.091,-8.470,-2.982,2.982,13.124,12.542
4902,16,-0.736,31.016,-4.470,-0.000,0.000,0.000,0.081,5.091,-8.470,-2.982,2.982,13.124,12.542
4903,16,-0.736,31.016,-4.470,-0.000,0.000,0.000,0.081,5.091,-8.470,-2.982,2.982,13.124,12.542
4904,16,-0.736,31.016,-4.470,-0.000,0.000,0.000,0.134,5.072,-8.489,-2.982,2.982,13.124,12.542
4905,16,-0.736,31.016,-4.470,-0.000,0.000,0.000,0.086,5.096,-8.465,-2.982,2.982,13.124,12.542
4906,16,-0.736,31.016,-4.470,-0.000,0.000,0.000,0.086,5.096,-8.465,-2.982,2.982,13.124,12.542
4907,16,-0.736,31.016,-4.470,-0.000,0.000,0.000,0.086,5.096,-8.465,-2.982,2.982,13.124,12.542
4908,16,-0.736,31.013,-4.470,-0.000,0.000,0.000,0.120,5.087,-8.484,-2.982,2.982,13.129,12.547
4909,16,-0.736,31.013,-4.470,-0.000,0.000,0.000,0.096,5.101,-8.460,-2.982,2.982,13.129,12.547
4910,16,-0.736,31.013,-4.470,-0.000,0.000,0.000,0.096,5.101,-8.460,-2.982,2.982,13.129,12.547
4911,16,-0.736,31.013,-4.470,-0.000,0.000,0.000,0.096,5.101,-8.460,-2.982,2.982,13.129,12.547
4912,16,-0.736,31.013,-4.470,-0.000,0.000,0.000,0.100,5.072,-8.489,-2.982,2.982,13.129,12.547
4913,16,-0.736,31.013,-4.470,-0.000,0.000,0.000,0.124,5.091,-8.470,-2.982,2.982,13.129,12.547
4914,16,-0.736,31.013,-4.470,-0.000,0.000,0.000,0.124,5.091,-8.470,-2.982,2.982,13.129,12.547
4915,16,-0.736,31.013,-4.470,-0.000,0.000,0.000,0.124,5.091,-8.470,-2.982,2.982,13.129,12.547
4916,16,-0.736,31.013,-4.470,-0.000,0.000,0.000,0.096,5.053,-8.484,-2.982,2.982,13.129,12.547
4917,16,-0.736,31.013,-4.470,-0.000,0.000,0.000,0.096,5.053,-8.484,-2.982,2.982,13.129,12.547
4918,16,-0.736,31.013,-4.470,-0.000,0.000,0.000,0.115,5.106,-8.455,-2.982,2.982,13.129,12.547
4919,16,-0.736,31.013,-4.470,-0.000,0.000,0.000,0.115,5.106,-8.455,-2.982,2.982,13.129,12.547
4920,16,-0.736,31.013,-4.470,-0.000,0.000,0.000,0.096,5.091,-8.460,-2.982,2.982,13.129,12.547
4921,16,-0.736,31.010,-4.470,-0.000,0.000,0.000,0.096,5.091,-8.460,-2.982,2.982,13.133,12.551
4922,16,-0.736,31.010,-4.470,-0.000,0.000,0.000,0.115,5.072,-8.475,-2.982,2.982,13.133,12.551
4923,16,-0.732,31.010,-4.469,-0.000,0.000,0.000,0.115,5.072,-8.475,-2.986,2.986,13.130,12.555
4924,16,-0.732,31.010,-4.469,-0.000,0.000,0.000,0.086,5.120,-8.465,-2.985,2.985,13.132,12.553
4925,16,-0.732,31.010,-4.469,-0.000,0.000,0.000,0.086,5.120,-8.465,-2.985,2.985,13.132,12.553
4926,16,-0.732,31.010,-4.469,-0.000,0.000,0.000,0.105,5.072,-8.470,-2.985,2.985,13.132,12.553
4927,16,-0.732,31.010,-4.469,-0.000,0.000,0.000,0.105,5.072,-8.470,-2.985,2.985,13.132,12.553
4928,16,-0.732,31.010,-4.469,-0.000,0.000,0.000,0.110,5.106,-8.470,-2.985,2.985,13.132,12.553
4929,16,-0.732,31.010,-4.469,-0.000,0.000,0.000,0.110,5.106,-8.470,-2.985,2.985,13.132,12.553
4930,16,-0.732,31.010,-4.469,-0.000,0.000,0.000,0.120,5.063,-8.484,-2.985,2.985,13.132,12.553
4931,16,-0.732,31.009,-4.468,-0.000,0.000,0.000,0.120,5.063,-8.484,-2.985,2.985,13.133,12.554
4932,16,-0.732,31.009,-4.468,-0.000,0.000,0.000,0.115,5.067,-8.475,-2.985,2.985,13.133,12.554
4933,16,-0.732,31.009,-4.468,-0.000,0.000,0.000,0.115,5.067,-8.475,-2.985,2.985,13.133,12.554
4934,16,-0.732,31.009,-4.468,-0.000,0.000,0.000,0.115,5.115,-8.465,-2.985,2.985,13.133,12.554
4935,16,-0.732,31.009,-4.468,-0.000,0.000,0.000,0.115,5.115,-8.465,-2.985,2.985,13.133,12.554
4936,16,-0.732,31.009,-4.468,-0.000,0.000,0.000,0.081,5.072,-8.479,-2.985,2.985,13.133,12.554
4937,16,-0.732,31.009,-4.468,-0.000,0.000,0.000,0.081,5.072,-8.479,-2.985,2.985,13.133,12.554
4938,16,-0.732,31.009,-4.468,-0.000,0.000,0.000,0.120,5.111,-8.470,-2.985,2.985,13.133,12.554
4939,16,-0.732,31.009,-4.468,-0.000,0.000,0.000,0.120,5.111,-8.470,-2.985,2.985,13.133,12.554
4940,16,-0.732,31.009,-4.468,-0.000,0.000,0.000,0.077,5.072,-8.455,-2.985,2.985,13.133,12.554
4941,16,-0.732,31.005,-4.468,-0.000,0.000,0.000,0.077,5.072,-8.455,-2.985,2.985,13.138,12.559
4942,16,-0.732,31.005,-4.468,-0.000,0.000,0.000,0.120,5.120,-8.446,-2.985,2.985,13.138,12.559
4943,16,-0.732,31.005,-4.468,-0.000,0.000,0.000,0.120,5.120,-8.446,-2.985,2.985,13.138,12.559
4944,16,-0.732,31.009,-4.468,-0.000,0.000,0.000,0.110,5.106,-8.465,-2.985,2.985,13.133,12.554
4945,16,-0.732,31.009,-4.468,-0.000,0.000,0.000,0.110,5.106,-8.465,-2.985,2.985,13.133,12.554
4946,16,-0.732,31.009,-4.468,-0.000,0.000,0.000,0.120,5.087,-8.460,-2.985,2.985,13.133,12.554
4947,16,-0.732,31.009,-4.468,-0.000,0.000,0.000,0.120,5.087,-8.460,-2.985,2.985,13.133,12.554
4948,16,-0.732,31.009,-4.468,-0.000,0.000,0.000,0.120,5.087,-8.494,-2.985,2.985,13.133,12.554
4949,16,-0.732,31.009,-4.468,-0.000,0.000,0.000,0.120,5.087,-8.494,-2.985,2.985,13.133,12.554
4950,16,-0.732,31.009,-4.468,-0.000,0.000,0.000,0.110,5.106,-8.484,-2.985,2.985,13.133,12.554
4951,16,-0.732,31.009,-4.468,-0.000,0.000,0.000,0.110,5.106,-8.484,-2.985,2.985,13.133,12.554
4952,16,-0.732,31.009,-4.468,-0.000,0.000,0.000,0.105,5.096,-8.475,-2.985,2.985,13.133,12.554
4953,16,-0.732,31.009,-4.468,-0.000,0.000,0.000,0.105,5.096,-8.475,-2.985,2.985,13.133,12.554
4954,16,-0.732,31.009,-4.468,-0.000,0.000,0.000,0.086,5.091,-8.475,-2.985,2.985,13.133,12.554
4955,16,-0.732,31.009,-4.468,-0.000,0.000,0.000,0.086,5.091,-8.475,-2.985,2.985,13.133,12.554
4956,16,-0.732,31.009,-4.468,-0.000,0.000,0.000,0.096,5.087,-8.460,-2.985,2.985,13.133,12.554
4957,16,-0.732,31.009,-4.468,-0.000,0.000,0.000,0.096,5.087,-8.460,-2.985,2.985,13.133,12.554
4958,16,-0.732,31.009,-4.468,-0.000,0.000,0.000,0.115,5.101,-8.475,-2.985,2.985,13.133,12.554
4959,16,-0.732,31.009,-4.468,-0.000,0.000,0.000,0.115,5.101,-8.475,-2.985,2.985,13.133,12.554
4960,16,-0.732,31.009,-4.468,-0.000,0.000,0.000,0.115,5.106,-8.455,-2.985,2.985,13.133,12.554
4961,16,-0.732,31.009,-4.468,-0.000,0.000,0.000,0.115,5.106,-8.455,-2.985,2.985,13.133,12.554
4962,16,-0.732,31.009,-4.468,-0.000,0.000,0.000,0.120,5.067,-8.489,-2.985,2.985,13.133,12.554
4963,16,-0.732,31.009,-4.468,-0.000,0.000,0.000,0.120,5.067,-8.489,-2.985,2.985,13.133,12.554
4964,16,-0.732,31.009,-4.468,-0.000,0.000,0.000,0.115,5.082,-8.489,-2.985,2.985,13.133,12.554
4965,16,-0.732,31.009,-4.468,-0.000,0.000,0.000,0.115,5.082,-8.489,-2.985,2.985,13.133,12.554
4966,16,-0.732,31.009,-4.468,-0.000,0.000,0.000,0.100,5.096,-8.460,-2.985,2.985,13.133,12.554
4967,16,-0.732,31.009,-4.468,-0.000,0.000,0.000,0.100,5.096,-8.460,-2.985,2.985,13.133,12.554
4968,16,-0.732,31.009,-4.468,-0.000,0.000,0.000,0.096,5.101,-8.470,-2.985,2.985,13.133,12.554
4969,16,-0.732,31.009,-4.468,-0.000,0.000,0.000,0.096,5.101,-8.470,-2.985,2.985,13.133,12.554
4970,16,-0.732,31.009,-4.468,-0.000,0.000,0.000,0.100,5.106,-8.446,-2.985,2.985,13.133,12.554
4971,16,-0.732,31.009,-4.468,-0.000,0.000,0.000,0.100,5.106,-8.446,-2.985,2.985,13.133,12.554
4972,16,-0.732,31.009,-4.468,-0.000,0.000,0.000,0.100,5.058,-8.479,-2.985,2.985,13.133,12.554
4973,16,-0.732,31.009,-4.468,-0.000,0.000,0.000,0.100,5.058,-8.479,-2.985,2.985,13.133,12.554
4974,16,-0.732,31.009,-4.468,-0.000,0.000,0.000,0.105,5.111,-8.446,-2.985,2.985,13.133,12.554
4975,16,-0.732,31.009,-4.468,-0.000,0.000,0.000,0.105,5.111,-8.446,-2.985,2.985,13.133,12.554
4976,16,-0.732,31.009,-4.468,-0.000,0.000,0.000,0.120,5.106,-8.470,-2.985,2.985,13.133,12.554
4977,16,-0.732,31.009,-4.468,-0.000,0.000,0.000,0.120,5.106,-8.470,-2.985,2.985,13.133,12.554
4978,16,-0.732,31.009,-4.468,-0.000,-0.002,0.000,0.139,5.096,-8.470,-2.985,2.985,13.133,12.554
4979,16,-0.732,31.005,-4.468,-0.000,-0.002,0.000,0.139,5.096,-8.470,-2.985,2.985,13.168,12.589
4980,16,-0.732,31.009,-4.468,-0.000,0.001,0.000,0.105,5.082,-8.484,-2.985,2.985,13.118,12.539
4981,16,-0.732,31.009,-4.468,-0.000,0.001,0.000,0.105,5.082,-8.484,-2.985,2.985,13.118,12.539
4982,16,-0.732,31.009,-4.468,-0.001,0.000,0.000,0.105,5.058,-8.503,-2.985,2.985,13.118,12.539
4983,16,-0.732,31.009,-4.468,-0.001,0.000,0.000,0.105,5.058,-8.503,-2.980,2.980,13.133,12.554
4984,16,-0.732,31.009,-4.468,0.001,0.001,0.000,0.100,5.115,-8.446,-2.990,2.990,13.118,12.539
4985,16,-0.732,31.009,-4.468,0.001,0.001,0.000,0.100,5.115,-8.446,-2.990,2.990,13.118,12.539
4986,16,-0.732,31.010,-4.469,0.000,0.002,0.000,0.096,5.087,-8.460,-2.990,2.990,13.116,12.538
4987,16,-0.732,31.013,-4.469,0.000,0.002,0.000,0.096,5.087,-8.460,-2.985,2.985,13.096,12.517
4988,16,-0.732,31.013,-4.469,0.000,-0.001,0.000,0.100,5.091,-8.460,-2.985,2.985,13.142,12.563
4989,16,-0.732,31.010,-4.469,0.000,-0.001,0.000,0.100,5.091,-8.460,-2.985,2.985,13.147,12.568
4990,16,-0.732,31.010,-4.469,-0.002,0.001,0.000,0.086,5.101,-8.460,-2.985,2.985,13.147,12.568
4991,16,-0.736,31.013,-4.470,-0.002,0.001,0.000,0.086,5.101,-8.460,-2.971,2.971,13.115,12.529
4992,16,-0.732,31.013,-4.469,-0.000,0.000,0.000,0.124,5.096,-8.465,-2.985,2.985,13.127,12.548
4993,16,-0.732,31.013,-4.469,-0.000,0.000,0.000,0.124,5.096,-8.465,-2.985,2.985,13.127,12.548
4994,16,-0.732,31.013,-4.469,-0.000,-0.001,0.000,0.129,5.096,-8.465,-2.985,2.985,13.127,12.548
4995,16,-0.732,31.013,-4.469,-0.000,-0.001,0.000,0.129,5.096,-8.465,-2.985,2.985,13.142,12.563
4996,16,-0.736,31.013,-4.470,-0.001,-0.000,0.000,0.120,5.082,-8.494,-2.977,2.977,13.129,12.547
4997,16,-0.736,31.013,-4.470,-0.001,-0.000,0.000,0.120,5.082,-8.494,-2.977,2.977,13.129,12.547
4998,16,-0.735,31.013,-4.466,-0.000,-0.000,0.000,0.120,5.072,-8.484,-2.977,2.977,13.128,12.547
4999,16,-0.736,31.013,-4.470,-0.000,-0.000,0.000,0.120,5.072,-8.484,-2.982,2.982,13.129,12.547
5000,16,-0.736,31.010,-4.470,-0.000,-0.000,0.000,0.072,5.072,-8.475,-2.982,2.982,13.133,12.551
5001,16,-0.736,31.010,-4.470,-0.000,-0.000,0.000,0.072,5.072,-8.475,-2.982,2.982,13.133,12.551
5002,16,-0.736,31.010,-4.470,-0.000,0.001,0.000,0.105,5.077,-8.484,-2.982,2.982,13.133,12.551
5003,16,-0.735,31.013,-4.466,-0.000,0.001,0.000,0.105,5.077,-8.484,-2.986,2.986,13.105,12.539
5004,16,-0.735,31.010,-4.466,-0.000,0.000,0.000,0.091,5.063,-8.484,-2.983,2.983,13.133,12.552
5005,16,-0.735,31.010,-4.466,-0.000,0.000,0.000,0.091,5.063,-8.484,-2.983,2.983,13.133,12.552
5006,16,-0.735,31.010,-4.466,-0.000,0.003,0.000,0.100,5.053,-8.498,-2.983,2.983,13.133,12.552
5007,16,-0.735,31.013,-4.466,-0.000,0.003,0.000,0.100,5.053,-8.498,-2.983,2.983,13.082,12.501
5008,16,-0.735,31.013,-4.466,-0.000,0.000,0.000,0.115,5.072,-8.470,-2.983,2.983,13.128,12.547
5009,16,-0.735,31.013,-4.466,-0.000,0.000,0.000,0.115,5.072,-8.470,-2.983,2.983,13.128,12.547
5010,16,-0.735,31.013,-4.466,-0.000,0.001,0.000,0.120,5.106,-8.451,-2.983,2.983,13.128,12.547
5011,16,-0.735,31.013,-4.466,-0.000,0.001,0.000,0.120,5.106,-8.451,-2.983,2.983,13.113,12.532
5012,16,-0.735,31.013,-4.466,-0.000,0.001,0.000,0.139,5.091,-8.470,-2.983,2.983,13.113,12.532
5013,16,-0.735,31.013,-4.466,-0.000,0.001,0.000,0.139,5.091,-8.470,-2.983,2.983,13.113,12.532
5014,16,-0.735,31.013,-4.466,-0.001,-0.001,0.000,0.081,5.096,-8.475,-2.983,2.983,13.113,12.532
5015,16,-0.735,31.010,-4.466,-0.001,-0.001,0.000,0.081,5.096,-8.475,-2.978,2.978,13.148,12.567
5016,16,-0.735,31.010,-4.466,-0.000,0.002,0.000,0.129,5.082,-8.475,-2.983,2.983,13.102,12.521
5017,16,-0.735,31.013,-4.466,-0.000,0.002,0.000,0.129,5.082,-8.475,-2.983,2.983,13.098,12.517
5018,16,-0.735,31.013,-4.466,-0.000,-0.001,0.000,0.067,5.106,-8.451,-2.983,2.983,13.098,12.517
5019,16,-0.735,31.010,-4.466,-0.000,-0.001,0.000,0.067,5.106,-8.451,-2.983,2.983,13.148,12.567
5020,16,-0.735,31.013,-4.466,-0.000,0.003,0.000,0.110,5.111,-8.479,-2.983,2.983,13.082,12.501
5021,16,-0.735,31.013,-4.466,-0.000,0.003,0.000,0.110,5.111,-8.479,-2.983,2.983,13.082,12.501
5022,16,-0.735,31.013,-4.466,-0.000,0.001,0.000,0.086,5.063,-8.479,-2.983,2.983,13.082,12.501
5023,16,-0.735,31.016,-4.466,-0.000,0.001,0.000,0.086,5.063,-8.479,-2.983,2.983,13.108,12.527
5024,16,-0.735,31.016,-4.466,-0.001,0.000,0.000,0.124,5.154,-8.446,-2.977,2.977,13.123,12.542
5025,16,-0.735,31.016,-4.466,-0.001,0.000,0.000,0.124,5.154,-8.446,-2.977,2.977,13.123,12.542
5026,16,-0.735,31.016,-4.466,0.001,0.001,0.000,0.120,5.058,-8.494,-2.977,2.977,13.123,12.542
5027,16,-0.735,31.016,-4.466,0.001,0.001,0.000,0.120,5.058,-8.494,-2.988,2.988,13.108,12.527
5028,16,-0.731,31.017,-4.465,0.001,-0.002,0.000,0.124,5.106,-8.479,-2.991,2.991,13.152,12.574
5029,16,-0.731,31.013,-4.465,0.001,-0.002,0.000,0.124,5.106,-8.479,-2.991,2.991,13.157,12.579
5030,16,-0.731,31.017,-4.465,-0.002,0.003,0.000,0.086,5.072,-8.475,-2.991,2.991,13.152,12.574
5031,16,-0.735,31.016,-4.466,-0.002,0.003,0.000,0.086,5.072,-8.475,-2.972,2.972,13.078,12.497
5032,16,-0.735,31.016,-4.466,-0.000,0.000,0.000,0.110,5.091,-8.465,-2.983,2.983,13.123,12.542
5033,16,-0.735,31.016,-4.466,-0.000,0.000,0.000,0.110,5.091,-8.465,-2.983,2.983,13.123,12.542
5034,16,-0.735,31.020,-4.466,-0.000,0.003,0.000,0.072,5.096,-8.470,-2.983,2.983,13.123,12.542
5035,16,-0.735,31.020,-4.466,-0.000,0.003,0.000,0.072,5.096,-8.470,-2.983,2.983,13.073,12.492
5036,16,-0.735,31.020,-4.466,-0.000,0.000,0.000,0.086,5.067,-8.475,-2.983,2.983,13.118,12.537
5037,16,-0.735,31.020,-4.466,-0.000,0.000,0.000,0.086,5.067,-8.475,-2.983,2.983,13.118,12.537
5038,16,-0.735,31.020,-4.466,-0.000,0.002,0.000,0.110,5.101,-8.446,-2.983,2.983,13.118,12.537
5039,16,-0.731,31.023,-4.465,-0.000,0.002,0.000,0.110,5.101,-8.446,-2.986,2.986,13.079,12.506
5040,16,-0.731,31.023,-4.465,-0.000,0.000,0.000,0.110,5.067,-8.475,-2.985,2.985,13.112,12.534
5041,16,-0.731,31.023,-4.465,-0.000,0.000,0.000,0.110,5.067,-8.475,-2.985,2.985,13.112,12.534
5042,16,-0.731,31.020,-4.465,-0.000,0.000,0.000,0.124,5.125,-8.446,-2.985,2.985,13.117,12.539
5043,16,-0.731,31.020,-4.465,-0.000,0.000,0.000,0.124,5.125,-8.446,-2.985,2.985,13.117,12.539
5044,16,-0.731,31.023,-4.465,-0.001,0.002,0.000,0.134,5.058,-8.475,-2.980,2.980,13.081,12.504
5045,16,-0.731,31.024,-4.465,-0.001,0.002,0.000,0.134,5.058,-8.475,-2.980,2.980,13.080,12.502
5046,16,-0.735,31.024,-4.466,-0.000,-0.001,0.000,0.105,5.096,-8.475,-2.977,2.977,13.082,12.501
5047,16,-0.735,31.023,-4.466,-0.000,-0.001,0.000,0.105,5.096,-8.475,-2.983,2.983,13.129,12.548
5048,16,-0.735,31.024,-4.466,-0.000,0.002,0.000,0.091,5.087,-8.470,-2.983,2.983,13.082,12.501
5049,16,-0.735,31.024,-4.466,-0.000,0.002,0.000,0.091,5.087,-8.470,-2.983,2.983,13.082,12.501
5050,16,-0.731,31.023,-4.465,0.001,-0.003,0.000,0.096,5.082,-8.475,-2.983,2.983,13.082,12.501
5051,16,-0.731,31.020,-4.465,0.001,-0.003,0.000,0.096,5.082,-8.475,-2.991,2.991,13.162,12.585
5052,16,-0.731,31.020,-4.465,0.000,-0.000,0.000,0.105,5.120,-8.451,-2.985,2.985,13.117,12.539
5053,16,-0.731,31.020,-4.465,0.000,-0.000,0.000,0.105,5.120,-8.451,-2.985,2.985,13.117,12.539
5054,16,-0.731,31.020,-4.465,-0.002,-0.000,0.000,0.115,5.058,-8.489,-2.985,2.985,13.117,12.539
5055,16,-0.735,31.020,-4.466,-0.002,-0.000,0.000,0.115,5.058,-8.489,-2.972,2.972,13.118,12.537
5056,16,-0.735,31.020,-4.466,-0.000,-0.000,0.000,0.115,5.101,-8.484,-2.983,2.983,13.118,12.537
5057,16,-0.735,31.020,-4.466,-0.000,-0.000,0.000,0.115,5.101,-8.484,-2.983,2.983,13.118,12.537
5058,16,-0.735,31.020,-4.466,-0.000,0.002,0.000,0.105,5.058,-8.489,-2.983,2.983,13.118,12.537
5059,16,-0.735,31.020,-4.466,-0.000,0.002,0.000,0.105,5.058,-8.489,-2.983,2.983,13.088,12.507
5060,16,-0.735,31.020,-4.466,-0.000,0.000,0.000,0.124,5.096,-8.460,-2.983,2.983,13.118,12.537
5061,16,-0.735,31.020,-4.466,-0.000,0.000,0.000,0.124,5.096,-8.460,-2.983,2.983,13.118,12.537
5062,16,-0.735,31.020,-4.466,-0.001,0.002,0.000,0.100,5.072,-8.465,-2.983,2.983,13.118,12.537
5063,16,-0.735,31.023,-4.466,-0.001,0.002,0.000,0.100,5.072,-8.465,-2.977,2.977,13.083,12.502
5064,16,-0.735,31.023,-4.466,-0.000,0.000,0.000,0.086,5.072,-8.475,-2.983,2.983,13.113,12.533
5065,16,-0.735,31.023,-4.466,-0.000,0.000,0.000,0.086,5.072,-8.475,-2.983,2.983,13.113,12.533
5066,16,-0.735,31.023,-4.466,-0.000,0.001,0.000,0.091,5.111,-8.451,-2.983,2.983,13.113,12.533
5067,16,-0.735,31.023,-4.466,-0.000,0.001,0.000,0.091,5.111,-8.451,-2.983,2.983,13.098,12.518
5068,16,-0.735,31.024,-4.466,-0.001,0.001,0.000,0.096,5.053,-8.479,-2.977,2.977,13.097,12.516
5069,16,-0.735,31.024,-4.466,-0.001,0.001,0.000,0.096,5.053,-8.479,-2.977,2.977,13.097,12.516
5070,16,-0.734,31.023,-4.462,-0.000,0.000,0.000,0.115,5.106,-8.460,-2.978,2.978,13.098,12.518
5071,16,-0.734,31.023,-4.462,-0.000,0.000,0.000,0.115,5.106,-8.460,-2.983,2.983,13.113,12.533
5072,16,-0.734,31.023,-4.462,-0.000,0.000,0.000,0.110,5.115,-8.441,-2.983,2.983,13.113,12.533
5073,16,-0.734,31.023,-4.462,-0.000,0.000,0.000,0.110,5.115,-8.441,-2.983,2.983,13.113,12.533
5074,16,-0.734,31.023,-4.462,0.001,0.000,0.000,0.139,5.101,-8.470,-2.983,2.983,13.113,12.533
5075,16,-0.735,31.023,-4.466,0.001,0.000,0.000,0.139,5.101,-8.470,-2.988,2.988,13.113,12.533
5076,16,-0.735,31.023,-4.466,0.001,0.000,0.000,0.124,5.087,-8.484,-2.988,2.988,13.113,12.533
5077,16,-0.735,31.023,-4.466,0.001,0.000,0.000,0.124,5.087,-8.484,-2.988,2.988,13.113,12.533
5078,16,-0.731,31.023,-4.465,0.000,0.000,0.000,0.057,5.106,-8.451,-2.991,2.991,13.112,12.534
5079,16,-0.731,31.023,-4.465,0.000,0.000,0.000,0.057,5.106,-8.451,-2.985,2.985,13.112,12.534
5080,16,-0.731,31.024,-4.465,0.000,0.001,0.000,0.115,5.096,-8.465,-2.985,2.985,13.095,12.518
5081,16,-0.731,31.024,-4.465,0.000,0.001,0.000,0.115,5.096,-8.465,-2.985,2.985,13.095,12.518
5082,16,-0.731,31.024,-4.465,0.000,-0.001,0.000,0.077,5.082,-8.470,-2.985,2.985,13.095,12.518
5083,16,-0.731,31.023,-4.465,0.000,-0.001,0.000,0.077,5.082,-8.470,-2.986,2.986,13.127,12.550
5084,16,-0.731,31.023,-4.465,0.000,-0.001,0.000,0.110,5.087,-8.470,-2.985,2.985,13.127,12.549
5085,16,-0.731,31.024,-4.465,-0.001,0.001,0.000,0.110,5.087,-8.470,-2.980,2.980,13.095,12.518
5086,16,-0.730,31.024,-4.461,-0.001,0.000,0.000,0.110,5.101,-8.465,-2.981,2.981,13.095,12.518
5087,16,-0.734,31.024,-4.462,-0.001,0.000,0.000,0.115,5.101,-8.465,-2.977,2.977,13.114,12.530
5088,16,-0.734,31.024,-4.462,-0.001,0.000,0.000,0.144,5.101,-8.460,-2.978,2.978,13.112,12.532
5089,16,-0.734,31.024,-4.462,-0.001,0.000,0.000,0.144,5.101,-8.460,-2.978,2.978,13.112,12.532
5090,16,-0.734,31.024,-4.462,-0.001,0.000,0.000,0.144,5.063,-8.489,-2.978,2.978,13.112,12.532
5091,16,-0.734,31.024,-4.462,-0.001,0.000,0.000,0.110,5.063,-8.489,-2.978,2.978,13.112,12.532
5092,16,-0.734,31.024,-4.462,-0.001,0.000,0.000,0.120,5.087,-8.470,-2.978,2.978,13.112,12.532
5093,16,-0.734,31.024,-4.462,0.001,0.000,0.000,0.120,5.087,-8.470,-2.989,2.989,13.112,12.532
5094,16,-0.734,31.024,-4.462,0.002,0.000,0.000,0.120,5.120,-8.470,-2.989,2.989,13.112,12.532
5095,16,-0.734,31.024,-4.462,0.002,0.000,0.000,0.110,5.120,-8.470,-2.994,2.994,13.112,12.532
5096,16,-0.730,31.024,-4.461,0.002,0.000,0.000,0.100,5.053,-8.503,-2.997,2.997,13.110,12.533
5097,16,-0.734,31.023,-4.462,0.000,0.000,0.000,0.100,5.053,-8.503,-2.983,2.983,13.113,12.533
5098,16,-0.734,31.023,-4.462,-0.003,0.000,0.000,0.100,5.096,-8.465,-2.983,2.983,13.113,12.533
5099,16,-0.734,31.023,-4.462,-0.003,0.000,0.000,0.057,5.096,-8.465,-2.967,2.967,13.113,12.533
5100,16,-0.734,31.023,-4.462,-0.003,0.000,0.000,0.105,5.063,-8.494,-2.967,2.967,13.113,12.533
5101,16,-0.734,31.023,-4.462,-0.000,0.002,0.000,0.105,5.063,-8.494,-2.983,2.983,13.082,12.503
5102,16,-0.734,31.024,-4.462,0.001,0.000,0.000,0.105,5.111,-8.475,-2.983,2.983,13.081,12.501
5103,16,-0.734,31.024,-4.462,0.001,0.000,0.000,0.120,5.111,-8.475,-2.989,2.989,13.112,12.532
5104,16,-0.734,31.024,-4.462,0.001,0.000,0.000,0.115,5.072,-8.475,-2.989,2.989,13.112,12.532
5105,16,-0.734,31.024,-4.462,0.000,0.001,0.000,0.115,5.072,-8.475,-2.983,2.983,13.096,12.517
5106,16,-0.734,31.024,-4.462,-0.001,-0.001,0.000,0.115,5.063,-8.479,-2.983,2.983,13.096,12.517
5107,16,-0.734,31.023,-4.462,-0.001,-0.001,0.000,0.120,5.063,-8.479,-2.978,2.978,13.128,12.548
5108,16,-0.734,31.020,-4.462,-0.001,-0.001,0.000,0.134,5.111,-8.460,-2.978,2.978,13.133,12.553
5109,16,-0.734,31.023,-4.462,0.002,0.002,0.000,0.134,5.111,-8.460,-2.994,2.994,13.082,12.503
5110,16,-0.734,31.024,-4.462,0.000,0.000,0.000,0.134,5.096,-8.475,-2.994,2.994,13.081,12.501
5111,16,-0.734,31.023,-4.462,0.000,0.000,0.000,0.120,5.096,-8.475,-2.983,2.983,13.113,12.533
5112,16,-0.734,31.023,-4.462,0.000,0.000,0.000,0.077,5.111,-8.475,-2.983,2.983,13.113,12.533
5113,16,-0.734,31.023,-4.462,-0.001,0.000,0.000,0.077,5.111,-8.475,-2.978,2.978,13.113,12.533
5114,16,-0.734,31.023,-4.462,-0.002,0.000,0.000,0.077,5.053,-8.513,-2.978,2.978,13.113,12.533
5115,16,-0.738,31.023,-4.463,-0.002,0.000,0.000,0.100,5.053,-8.513,-2.970,2.970,13.115,12.532
5116,16,-0.738,31.020,-4.463,-0.002,0.000,0.000,0.091,5.101,-8.479,-2.970,2.970,13.120,12.536
5117,16,-0.734,31.020,-4.462,0.001,-0.001,0.000,0.091,5.101,-8.479,-2.989,2.989,13.133,12.553
5118,16,-0.734,31.020,-4.462,-0.001,0.002,0.000,0.091,5.087,-8.475,-2.989,2.989,13.133,12.553
5119,16,-0.734,31.020,-4.462,-0.001,0.002,0.000,0.110,5.087,-8.475,-2.978,2.978,13.087,12.507
5120,16,-0.738,31.020,-4.463,-0.001,0.002,0.000,0.120,5.101,-8.460,-2.975,2.975,13.089,12.506
5121,16,-0.738,31.020,-4.463,-0.001,0.000,0.000,0.120,5.101,-8.460,-2.975,2.975,13.120,12.536
5122,16,-0.738,31.020,-4.463,-0.002,0.000,0.000,0.120,5.067,-8.465,-2.975,2.975,13.120,12.536
5123,16,-0.738,31.020,-4.463,-0.002,0.000,0.000,0.100,5.067,-8.465,-2.970,2.970,13.120,12.536
5124,16,-0.738,31.020,-4.463,-0.002,0.000,0.000,0.110,5.101,-8.489,-2.970,2.970,13.120,12.536
5125,16,-0.738,31.020,-4.463,0.001,0.000,0.000,0.110,5.101,-8.489,-2.986,2.986,13.120,12.536
5126,16,-0.738,31.020,-4.463,0.001,0.002,0.000,0.110,5.067,-8.494,-2.986,2.986,13.120,12.536
5127,16,-0.738,31.020,-4.463,0.001,0.002,0.000,0.115,5.067,-8.494,-2.986,2.986,13.089,12.506
5128,16,-0.738,31.020,-4.463,0.001,0.002,0.000,0.081,5.087,-8.451,-2.986,2.986,13.089,12.506
5129,16,-0.734,31.020,-4.462,0.002,0.000,0.000,0.081,5.087,-8.451,-2.994,2.994,13.118,12.538
5130,16,-0.734,31.020,-4.462,-0.001,0.002,0.000,0.081,5.087,-8.470,-2.994,2.994,13.118,12.538
5131,16,-0.734,31.023,-4.462,-0.001,0.002,0.000,0.124,5.087,-8.470,-2.978,2.978,13.083,12.503
5132,16,-0.734,31.023,-4.462,-0.001,0.002,0.000,0.072,5.087,-8.484,-2.978,2.978,13.082,12.503
5133,16,-0.738,31.023,-4.463,-0.002,0.000,0.000,0.072,5.087,-8.484,-2.970,2.970,13.115,12.532
5134,16,-0.738,31.020,-4.463,-0.001,0.002,0.000,0.072,5.101,-8.470,-2.970,2.970,13.120,12.536
5135,16,-0.738,31.023,-4.463,-0.001,0.002,0.000,0.120,5.101,-8.470,-2.975,2.975,13.084,12.501
5136,16,-0.738,31.024,-4.463,-0.001,0.002,0.000,0.105,5.096,-8.479,-2.975,2.975,13.083,12.500
5137,16,-0.738,31.024,-4.463,0.002,0.001,0.000,0.105,5.096,-8.479,-2.991,2.991,13.098,12.515
5138,16,-0.734,31.024,-4.462,0.000,-0.003,0.000,0.105,5.120,-8.460,-2.994,2.994,13.096,12.517
5139,16,-0.734,31.020,-4.462,0.000,-0.003,0.000,0.120,5.120,-8.460,-2.984,2.984,13.163,12.584
5140,16,-0.734,31.020,-4.462,0.000,-0.003,0.000,0.100,5.082,-8.484,-2.983,2.983,13.163,12.583
5141,16,-0.734,31.023,-4.462,-0.001,0.004,0.000,0.100,5.082,-8.484,-2.978,2.978,13.052,12.472
5142,16,-0.734,31.024,-4.462,-0.000,-0.003,0.000,0.100,5.120,-8.451,-2.978,2.978,13.051,12.471
5143,16,-0.734,31.023,-4.462,-0.000,-0.003,0.000,0.100,5.120,-8.451,-2.984,2.984,13.158,12.579
5144,16,-0.734,31.020,-4.462,-0.000,-0.003,0.000,0.105,5.087,-8.455,-2.983,2.983,13.163,12.583
5145,16,-0.734,31.024,-4.462,0.001,0.003,0.000,0.105,5.087,-8.455,-2.989,2.989,13.066,12.486
5146,16,-0.734,31.024,-4.462,0.000,-0.002,0.000,0.105,5.024,-8.518,-2.989,2.989,13.066,12.486
5147,16,-0.734,31.023,-4.462,0.000,-0.002,0.000,0.091,5.024,-8.518,-2.984,2.984,13.143,12.564
5148,16,-0.734,31.023,-4.462,0.000,-0.002,0.000,0.086,5.087,-8.479,-2.983,2.983,13.143,12.564
5149,16,-0.734,31.024,-4.462,-0.002,0.003,0.000,0.086,5.087,-8.479,-2.973,2.973,13.066,12.486
5150,16,-0.733,31.024,-4.458,-0.000,0.001,0.000,0.086,5.058,-8.479,-2.973,2.973,13.065,12.486
5151,16,-0.733,31.024,-4.458,-0.000,0.001,0.000,0.120,5.058,-8.479,-2.984,2.984,13.096,12.517
5152,16,-0.733,31.024,-4.458,-0.000,0.001,0.000,0.134,5.134,-8.436,-2.984,2.984,13.096,12.517
5153,16,-0.733,31.024,-4.458,0.001,0.000,0.000,0.134,5.134,-8.436,-2.989,2.989,13.111,12.532
5154,16,-0.733,31.024,-4.458,-0.001,0.002,0.000,0.134,5.058,-8.489,-2.989,2.989,13.111,12.532
5155,16,-0.733,31.028,-4.458,-0.001,0.002,0.000,0.105,5.058,-8.489,-2.979,2.979,13.076,12.497
5156,16,-0.733,31.028,-4.458,-0.001,0.002,0.000,0.100,5.096,-8.489,-2.979,2.979,13.076,12.497
5157,16,-0.733,31.024,-4.458,-0.000,-0.003,0.000,0.100,5.096,-8.489,-2.984,2.984,13.157,12.578
5158,16,-0.733,31.023,-4.458,-0.000,0.004,0.000,0.100,5.115,-8.451,-2.984,2.984,13.158,12.579
5159,16,-0.733,31.024,-4.458,-0.000,0.004,0.000,0.115,5.115,-8.451,-2.984,2.984,13.051,12.471
5160,16,-0.733,31.028,-4.458,-0.000,0.004,0.000,0.100,5.048,-8.494,-2.984,2.984,13.045,12.466
5161,16,-0.733,31.024,-4.458,0.001,-0.003,0.000,0.100,5.048,-8.494,-2.989,2.989,13.157,12.578
5162,16,-0.733,31.023,-4.458,0.000,-0.000,0.000,0.086,5.130,-8.455,-2.990,2.990,13.158,12.579
5163,16,-0.733,31.020,-4.458,0.000,-0.000,0.000,0.086,5.130,-8.455,-2.984,2.984,13.117,12.538
5164,16,-0.733,31.020,-4.458,0.000,-0.000,0.000,0.120,5.053,-8.513,-2.984,2.984,13.117,12.538
5165,16,-0.733,31.020,-4.458,0.000,-0.000,0.000,0.120,5.053,-8.513,-2.984,2.984,13.117,12.538
5166,16,-0.733,31.020,-4.458,0.001,-0.002,0.000,0.120,5.125,-8.460,-2.984,2.984,13.117,12.538
5167,16,-0.734,31.020,-4.462,0.001,-0.002,0.000,0.091,5.125,-8.460,-2.986,2.986,13.156,12.561
5168,16,-0.730,31.017,-4.461,0.001,-0.002,0.000,0.124,5.091,-8.465,-2.992,2.992,13.151,12.574
5169,16,-0.730,31.020,-4.461,0.000,0.001,0.000,0.124,5.091,-8.465,-2.986,2.986,13.101,12.524
5170,16,-0.730,31.020,-4.461,0.000,0.000,0.000,0.096,5.020,-8.489,-2.986,2.986,13.101,12.524
5171,16,-0.730,31.020,-4.461,0.000,0.000,0.000,0.096,5.020,-8.489,-2.986,2.986,13.116,12.539
5172,16,-0.733,31.016,-4.458,0.000,0.000,0.000,0.110,5.134,-8.455,-2.984,2.984,13.122,12.543
5173,16,-0.733,31.016,-4.458,-0.002,0.000,0.000,0.110,5.134,-8.455,-2.974,2.974,13.122,12.543
5174,16,-0.733,31.020,-4.458,-0.000,0.003,0.000,0.110,5.063,-8.465,-2.974,2.974,13.122,12.543
5175,16,-0.733,31.020,-4.458,-0.000,0.003,0.000,0.081,5.063,-8.465,-2.984,2.984,13.072,12.493
5176,16,-0.733,31.020,-4.458,-0.000,0.003,0.000,0.120,5.101,-8.451,-2.984,2.984,13.072,12.493
5177,16,-0.733,31.020,-4.458,0.001,-0.001,0.000,0.120,5.101,-8.451,-2.990,2.990,13.132,12.553
5178,16,-0.729,31.020,-4.457,0.000,0.002,0.000,0.110,5.087,-8.489,-2.992,2.992,13.131,12.555
5179,16,-0.729,31.020,-4.457,0.000,0.002,0.000,0.110,5.087,-8.489,-2.987,2.987,13.085,12.509
5180,16,-0.733,31.020,-4.458,0.000,0.002,0.000,0.110,5.072,-8.494,-2.984,2.984,13.087,12.508
5181,16,-0.733,31.020,-4.458,-0.002,0.000,0.000,0.110,5.072,-8.494,-2.974,2.974,13.117,12.538
5182,16,-0.733,31.020,-4.458,-0.000,0.000,0.000,0.120,5.111,-8.465,-2.974,2.974,13.117,12.538
5183,16,-0.733,31.020,-4.458,-0.000,0.000,0.000,0.120,5.111,-8.465,-2.984,2.984,13.117,12.538
5184,16,-0.733,31.020,-4.458,-0.000,0.000,0.000,0.110,5.082,-8.489,-2.984,2.984,13.117,12.538
5185,16,-0.733,31.020,-4.458,-0.001,0.000,0.000,0.110,5.082,-8.489,-2.979,2.979,13.117,12.538
5186,16,-0.733,31.020,-4.458,-0.000,0.000,0.000,0.110,5.058,-8.475,-2.979,2.979,13.117,12.538
5187,16,-0.733,31.020,-4.458,-0.000,0.000,0.000,0.110,5.058,-8.475,-2.984,2.984,13.117,12.538
5188,16,-0.733,31.020,-4.458,-0.000,0.000,0.000,0.105,5.096,-8.484,-2.984,2.984,13.117,12.538
5189,16,-0.733,31.020,-4.458,-0.000,0.002,0.000,0.105,5.096,-8.484,-2.984,2.984,13.087,12.508
5190,16,-0.733,31.020,-4.458,0.001,0.000,0.000,0.105,5.115,-8.460,-2.984,2.984,13.087,12.508
5191,16,-0.733,31.020,-4.458,0.001,0.000,0.000,0.110,5.115,-8.460,-2.990,2.990,13.117,12.538
5192,16,-0.733,31.020,-4.458,0.001,0.000,0.000,0.091,5.072,-8.494,-2.990,2.990,13.117,12.538
5193,16,-0.733,31.020,-4.458,0.000,0.000,0.000,0.091,5.072,-8.494,-2.984,2.984,13.117,12.538
5194,16,-0.733,31.020,-4.458,-0.002,0.000,0.000,0.091,5.096,-8.489,-2.984,2.984,13.117,12.538
5195,16,-0.737,31.020,-4.459,-0.002,0.000,0.000,0.096,5.096,-8.489,-2.970,2.970,13.121,12.535
5196,16,-0.737,31.020,-4.459,-0.002,0.000,0.000,0.072,5.067,-8.479,-2.971,2.971,13.119,12.537
5197,16,-0.737,31.020,-4.459,-0.001,0.002,0.000,0.072,5.067,-8.479,-2.976,2.976,13.089,12.506
5198,16,-0.737,31.020,-4.459,0.001,0.000,0.000,0.072,5.106,-8.460,-2.976,2.976,13.089,12.506
5199,16,-0.733,31.020,-4.458,0.001,0.000,0.000,0.129,5.106,-8.460,-2.990,2.990,13.117,12.538
5200,16,-0.733,31.020,-4.458,0.001,0.000,0.000,0.115,5.106,-8.436,-2.990,2.990,13.117,12.538
5201,16,-0.733,31.020,-4.458,0.000,0.001,0.000,0.115,5.106,-8.436,-2.984,2.984,13.102,12.523
5202,16,-0.733,31.020,-4.458,-0.001,0.000,0.000,0.115,5.048,-8.494,-2.984,2.984,13.102,12.523
5203,16,-0.737,31.020,-4.459,-0.001,0.000,0.000,0.105,5.048,-8.494,-2.976,2.976,13.119,12.537
5204,16,-0.737,31.020,-4.459,-0.001,0.000,0.000,0.110,5.111,-8.455,-2.976,2.976,13.119,12.537
5205,16,-0.737,31.020,-4.459,-0.000,0.000,0.000,0.110,5.111,-8.455,-2.981,2.981,13.119,12.537
5206,16,-0.737,31.020,-4.459,-0.000,0.002,0.000,0.096,5.058,-8.479,-2.981,2.981,13.119,12.537
5207,16,-0.733,31.020,-4.458,-0.000,0.002,0.000,0.096,5.058,-8.479,-2.985,2.985,13.085,12.510
5208,16,-0.733,31.020,-4.458,-0.000,0.002,0.000,0.100,5.091,-8.475,-2.984,2.984,13.087,12.508
5209,16,-0.733,31.020,-4.458,-0.000,-0.002,0.000,0.100,5.091,-8.475,-2.984,2.984,13.148,12.569
5210,16,-0.733,31.020,-4.458,-0.002,0.003,0.000,0.100,5.077,-8.455,-2.984,2.984,13.148,12.569
5211,16,-0.737,31.020,-4.459,-0.002,0.003,0.000,0.072,5.077,-8.455,-2.971,2.971,13.073,12.491
5212,16,-0.736,31.020,-4.455,-0.002,0.003,0.000,0.134,5.048,-8.489,-2.972,2.972,13.073,12.492
5213,16,-0.736,31.020,-4.455,-0.000,0.000,0.000,0.134,5.048,-8.489,-2.982,2.982,13.119,12.537
5214,16,-0.736,31.020,-4.455,-0.001,0.002,0.000,0.134,5.139,-8.436,-2.982,2.982,13.119,12.537
5215,16,-0.736,31.023,-4.455,-0.001,0.002,0.000,0.115,5.139,-8.436,-2.977,2.977,13.083,12.502
5216,16,-0.736,31.023,-4.455,-0.001,0.002,0.000,0.129,5.058,-8.489,-2.977,2.977,13.083,12.502
5217,16,-0.736,31.023,-4.455,-0.000,0.001,0.000,0.129,5.058,-8.489,-2.982,2.982,13.098,12.517
5218,16,-0.736,31.023,-4.455,-0.000,-0.001,0.000,0.110,5.077,-8.479,-2.982,2.982,13.098,12.517
5219,16,-0.736,31.020,-4.455,-0.000,-0.001,0.000,0.110,5.077,-8.479,-2.982,2.982,13.134,12.552
5220,16,-0.736,31.020,-4.455,-0.000,-0.001,0.000,0.115,5.120,-8.484,-2.982,2.982,13.134,12.552
5221,16,-0.736,31.020,-4.455,-0.000,-0.000,0.000,0.115,5.120,-8.484,-2.982,2.982,13.119,12.537
5222,16,-0.736,31.020,-4.455,-0.000,0.001,0.000,0.096,5.067,-8.479,-2.982,2.982,13.119,12.537
5223,16,-0.736,31.020,-4.455,-0.000,0.001,0.000,0.096,5.067,-8.479,-2.982,2.982,13.103,12.522
5224,16,-0.736,31.020,-4.455,-0.000,0.001,0.000,0.081,5.048,-8.460,-2.982,2.982,13.103,12.522
5225,16,-0.736,31.020,-4.455,-0.000,-0.001,0.000,0.081,5.048,-8.460,-2.982,2.982,13.134,12.552
5226,16,-0.736,31.020,-4.455,0.001,0.009,0.000,0.096,5.254,-8.451,-2.982,2.982,13.134,12.552
5227,16,-0.736,31.027,-4.456,0.001,0.009,0.000,0.096,5.254,-8.451,-2.987,2.987,12.986,12.404
5228,16,-0.736,31.031,-4.456,0.001,0.009,0.000,0.120,5.024,-8.441,-2.987,2.987,12.981,12.400
5229,16,-0.736,31.023,-4.455,0.000,-0.011,0.000,0.120,5.024,-8.441,-2.982,2.982,13.266,12.685
5230,16,-0.736,31.016,-4.455,-0.001,-0.001,0.000,0.091,5.072,-8.494,-2.982,2.982,13.276,12.694
5231,16,-0.736,31.016,-4.455,-0.001,-0.001,0.000,0.091,5.072,-8.494,-2.977,2.977,13.139,12.557
5232,16,-0.736,31.016,-4.455,-0.001,-0.001,0.000,0.139,4.991,-8.546,-2.977,2.977,13.139,12.557
5233,16,-0.736,31.016,-4.455,-0.001,0.001,0.000,0.139,4.991,-8.546,-2.977,2.977,13.108,12.527
5234,16,-0.736,31.016,-4.455,-0.000,0.003,0.000,0.124,5.249,-8.475,-2.977,2.977,13.108,12.527
5235,16,-0.736,31.020,-4.455,-0.000,0.003,0.000,0.124,5.249,-8.475,-2.982,2.982,13.073,12.491
5236,16,-0.736,31.020,-4.455,-0.000,0.003,0.000,0.081,4.996,-8.551,-2.982,2.982,13.073,12.492
5237,16,-0.736,31.016,-4.455,0.001,-0.003,0.000,0.081,4.996,-8.551,-2.988,2.988,13.169,12.588
5238,16,-0.736,31.016,-4.455,0.000,0.002,0.000,0.177,5.029,-8.408,-2.988,2.988,13.169,12.588
5239,16,-0.736,31.016,-4.455,0.000,0.002,0.000,0.177,5.029,-8.408,-2.982,2.982,13.093,12.511
5240,16,-0.736,31.016,-4.455,0.000,0.002,0.000,0.005,5.187,-8.341,-2.982,2.982,13.093,12.511
5241,16,-0.735,31.013,-4.455,0.000,-0.004,0.000,0.005,5.187,-8.341,-2.982,2.982,13.189,12.608
5242,16,-0.735,31.013,-4.455,0.020,-0.118,0.005,0.306,5.814,-8.053,-2.982,2.982,13.189,12.608
5243,16,-0.722,30.915,-4.461,0.020,-0.118,0.005,0.306,5.814,-8.053,-3.154,3.154,14.832,14.502
5244,16,-0.727,30.883,-4.458,0.020,-0.118,0.005,-0.014,3.364,-9.398,-3.154,3.154,14.872,14.555
5245,16,-0.734,30.889,-4.456,-0.038,0.006,-0.009,-0.014,3.364,-9.398,-2.683,2.683,13.431,12.416
5246,16,-0.755,30.888,-4.451,0.042,-0.006,-0.015,0.144,6.288,-7.546,-2.668,2.668,13.440,12.409
5247,16,-0.714,30.879,-4.436,0.042,-0.006,-0.015,0.144,6.288,-7.546,-3.022,3.022,13.766,12.476
5248,16,-0.716,30.879,-4.444,0.042,-0.006,-0.015,-0.373,3.043,-10.101,-3.015,3.015,13.781,12.461
5249,16,-0.729,30.860,-4.454,-0.035,-0.028,0.035,-0.373,3.043,-10.101,-3.248,3.248,12.866,14.037
5250,16,-0.804,30.818,-4.496,-0.035,-0.028,0.035,-0.373,3.043,-10.101,-3.226,3.226,12.917,14.062
5251,16,-0.888,31.760,-4.551,-0.162,1.642,0.085,-3.330,25.859,-23.529,-3.108,3.108,-13.384,-9.980
5252,16,-0.980,32.275,-4.608,-0.162,1.642,0.085,-3.330,25.859,4.287,-3.095,3.095,-14.215,-10.619
5253,16,-1.015,33.017,-4.690,0.087,0.812,0.198,11.843,138.923,4.287,-5.747,5.747,-6.265,3.020
5254,16,-1.054,33.685,-4.844,0.087,0.812,0.198,11.843,138.923,4.287,-5.737,5.737,-7.238,2.086
5255,16,-1.179,34.152,-5.003,-0.098,-0.262,0.100,-0.914,148.483,4.723,-3.474,3.474,10.019,14.170
5256,16,-1.278,34.224,-5.076,-0.098,-0.262,0.100,-0.914,148.483,-5.833,-3.458,3.458,9.813,14.174
5257,16,-1.272,34.358,-5.000,-0.126,-0.258,-0.239,5.173,118.868,-5.833,0.907,-0.907,18.020,5.461
5258,16,-1.848,34.519,-4.765,-0.126,-0.258,-0.239,5.173,118.868,-5.833,0.895,-0.895,17.800,5.264
5259,16,-2.005,33.226,-3.990,-0.994,-2.649,-0.402,2.005,61.633,-22.246,7.797,-7.797,58.154,36.883
5260,16,-2.679,32.510,-3.346,-0.994,-2.649,-0.402,2.005,61.633,-5.455,8.281,-8.281,59.455,37.615
5261,16,-1.837,29.308,-2.422,1.992,-9.504,-1.857,3.627,0.971,-5.455,11.118,-11.118,133.000,38.428
5262,16,0.875,21.350,0.204,1.992,-9.504,-1.857,3.627,0.971,-5.455,10.140,-10.140,132.452,38.977
5263,16,1.735,15.921,1.652,2.713,-9.662,-2.084,0.962,1.493,4.881,7.060,-7.060,135.867,35.561
5264,16,3.212,13.132,3.153,2.713,-9.662,-2.084,0.962,1.493,9.752,5.147,-5.147,133.740,37.688
5265,16,3.914,7.905,3.786,3.169,-9.065,-2.272,1.053,0.986,9.752,3.685,-3.685,136.392,35.037
5266,16,6.841,0.148,5.730,3.169,-9.065,-2.272,1.053,0.986,9.752,0.575,-0.575,132.313,39.115
5267,16,7.336,-4.359,7.118,3.053,-7.961,-2.550,1.096,0.967,11.489,-0.888,0.888,131.677,39.752
5268,16,8.648,-6.754,8.570,3.053,-7.961,-2.550,1.096,0.967,10.714,-4.499,4.499,126.764,44.665
5269,16,8.870,-10.839,9.172,2.493,-6.706,-2.795,0.890,0.967,10.714,-1.364,1.364,128.795,42.634
5270,16,10.076,-16.636,11.355,2.493,-6.706,-2.795,0.890,0.967,10.714,-5.617,5.617,122.636,48.792
5271,16,9.744,-19.753,13.089,1.435,-5.451,-2.951,0.818,1.273,10.523,-3.434,3.434,119.020,52.408
5272,16,9.707,-21.467,14.912,1.435,-5.451,-2.951,0.818,1.273,10.470,-5.179,5.179,116.409,55.019
5273,16,8.943,-24.041,15.766,-0.075,-4.199,-2.917,0.651,1.479,10.470,1.309,-1.309,114.361,57.068
5274,16,6.242,-27.384,18.910,-0.075,-4.199,-2.917,0.651,1.479,10.470,2.800,-2.800,116.166,55.262
5275,16,4.760,-29.018,20.783,-1.590,-3.046,-2.778,0.785,1.665,9.924,17.374,-17.374,111.014,33.146
5276,16,2.597,-29.676,22.904,-1.590,-3.046,-2.778,0.785,1.665,9.609,26.739,-26.739,124.095,20.065
