packet_timestamp,statemachine,angle_roll,angle_pitch,angle_yaw,gyro_x,gyro_y,gyro_z,acc_x,acc_y,acc_z,rudder1,rudder2,rudder3,rudder4
5461,16,-0.715,32.065,42.722,0.001,0.002,0.000,0.110,5.245,-8.408,-4.430,4.430,-3.044,-2.916
5462,16,-0.711,32.064,42.724,0.000,0.000,0.000,0.110,5.230,-8.374,-4.432,4.432,-3.042,-2.914
5463,16,-0.711,32.063,42.722,0.000,0.000,0.000,0.120,5.230,-8.374,-4.425,4.425,-3.008,-2.886
5464,16,-0.711,32.063,42.722,0.000,0.000,0.000,0.120,5.254,-8.360,-4.426,4.426,-3.011,-2.883
5465,16,-0.713,32.060,42.722,0.003,-0.001,0.000,0.120,5.254,-8.360,-4.441,4.441,-2.991,-2.863
5466,16,-0.709,32.058,42.723,0.001,0.005,0.000,0.120,5.240,-8.393,-4.443,4.443,-2.989,-2.862
5467,16,-0.712,32.063,42.718,0.001,0.005,0.000,0.086,5.240,-8.393,-4.431,4.431,-3.087,-2.959
5468,16,-0.711,32.066,42.719,0.001,0.005,0.000,0.086,5.221,-8.393,-4.432,4.432,-3.092,-2.964
5469,16,-0.712,32.063,42.718,0.000,0.000,0.000,0.086,5.221,-8.393,-4.426,4.426,-3.011,-2.883
5470,16,-0.712,32.063,42.718,0.000,-0.001,0.000,0.086,5.278,-8.360,-4.426,4.426,-3.011,-2.883
5471,16,-0.709,32.062,42.719,0.000,-0.001,0.000,0.105,5.278,-8.360,-4.428,4.428,-2.996,-2.864
5472,16,-0.709,32.062,42.719,0.000,-0.001,0.000,0.096,5.249,-8.379,-4.427,4.427,-2.994,-2.866
5473,16,-0.709,32.062,42.719,0.001,0.002,0.000,0.096,5.249,-8.379,-4.433,4.433,-3.040,-2.912
5474,16,-0.709,32.062,42.719,-0.001,0.000,0.000,0.096,5.192,-8.412,-4.433,4.433,-3.040,-2.912
5475,16,-0.709,32.062,42.719,-0.001,0.000,0.000,0.110,5.192,-8.412,-4.422,4.422,-3.009,-2.882
5476,16,-0.709,32.062,42.719,-0.001,0.000,0.000,0.110,5.259,-8.393,-4.422,4.422,-3.009,-2.882
5477,16,-0.709,32.062,42.719,-0.000,-0.001,0.000,0.110,5.259,-8.393,-4.427,4.427,-2.994,-2.866
5478,16,-0.709,32.062,42.719,0.003,0.001,0.000,0.110,5.240,-8.384,-4.427,4.427,-2.989,-2.862
5479,16,-0.709,32.062,42.719,0.003,0.001,0.000,0.134,5.240,-8.384,-4.443,4.443,-3.024,-2.897
5480,16,-0.705,32.061,42.721,0.003,0.001,0.000,0.129,5.225,-8.412,-4.445,4.445,-3.022,-2.895
5481,16,-0.705,32.061,42.721,0.004,0.000,0.000,0.129,5.225,-8.412,-4.450,4.450,-3.007,-2.880
5482,16,-0.701,32.059,42.722,0.000,0.000,0.000,0.129,5.211,-8.412,-4.452,4.452,-3.005,-2.879
5483,16,-0.701,32.059,42.722,0.000,0.000,0.000,0.086,5.211,-8.412,-4.431,4.431,-3.005,-2.879
5484,16,-0.701,32.059,42.722,0.000,0.000,0.000,0.105,5.201,-8.398,-4.431,4.431,-3.005,-2.879
5485,16,-0.701,32.059,42.722,0.001,0.001,0.000,0.105,5.201,-8.398,-4.436,4.436,-3.020,-2.894
5486,16,-0.703,32.056,42.721,0.000,0.000,0.000,0.105,5.201,-8.374,-4.435,4.435,-3.016,-2.890
5487,16,-0.703,32.055,42.720,0.000,0.000,0.000,0.067,5.259,-8.374,-4.430,4.430,-2.999,-2.873
5488,16,-0.703,32.055,42.720,0.000,0.000,0.000,0.096,5.278,-8.350,-4.430,4.430,-2.999,-2.873
5489,16,-0.703,32.055,42.720,0.001,-0.001,0.000,0.096,5.278,-8.350,-4.435,4.435,-2.984,-2.858
5490,16,-0.699,32.054,42.721,0.000,0.001,0.000,0.096,5.278,-8.388,-4.437,4.437,-2.982,-2.856
5491,16,-0.699,32.054,42.721,0.000,0.001,0.000,0.144,5.235,-8.388,-4.431,4.431,-3.012,-2.887
5492,16,-0.699,32.054,42.721,0.000,0.001,0.000,0.086,5.221,-8.393,-4.431,4.431,-3.012,-2.887
5493,16,-0.704,32.052,42.719,-0.002,-0.001,0.000,0.086,5.221,-8.393,-4.418,4.418,-2.980,-2.853
5494,16,-0.704,32.052,42.719,0.001,-0.000,0.000,0.086,5.221,-8.388,-4.418,4.418,-2.980,-2.853
5495,16,-0.704,32.052,42.719,0.001,-0.000,0.000,0.191,5.245,-8.388,-4.434,4.434,-2.995,-2.869
5496,16,-0.704,32.052,42.719,0.001,-0.000,0.000,0.077,5.254,-8.374,-4.434,4.434,-2.995,-2.869
5497,16,-0.704,32.052,42.719,0.002,0.003,0.000,0.077,5.254,-8.374,-4.440,4.440,-3.040,-2.914
5498,16,-0.700,32.055,42.717,0.000,-0.005,0.000,0.077,5.254,-8.412,-4.442,4.442,-3.043,-2.918
5499,16,-0.702,32.048,42.720,0.000,-0.005,0.000,0.144,5.211,-8.412,-4.430,4.430,-2.912,-2.787
5500,16,-0.702,32.048,42.720,0.000,-0.005,0.000,0.048,5.249,-8.379,-4.430,4.430,-2.912,-2.787
5501,16,-0.702,32.048,42.720,-0.001,0.001,0.000,0.048,5.249,-8.379,-4.425,4.425,-3.003,-2.878
5502,16,-0.702,32.048,42.720,0.004,0.002,0.000,0.048,5.249,-8.369,-4.425,4.425,-3.003,-2.878
5503,16,-0.703,32.048,42.716,0.004,0.002,0.000,0.100,5.221,-8.369,-4.451,4.451,-3.019,-2.893
5504,16,-0.698,32.050,42.718,0.004,0.002,0.000,0.100,5.273,-8.369,-4.453,4.453,-3.022,-2.897
5505,16,-0.700,32.046,42.716,0.000,-0.004,0.000,0.100,5.273,-8.369,-4.431,4.431,-2.924,-2.799
5506,16,-0.701,32.043,42.716,-0.002,0.001,0.000,0.100,5.273,-8.369,-4.430,4.430,-2.920,-2.795
5507,16,-0.701,32.043,42.716,-0.002,0.001,0.000,0.077,5.264,-8.369,-4.420,4.420,-2.996,-2.871
5508,16,-0.704,32.044,42.718,-0.002,0.001,0.000,0.172,5.206,-8.393,-4.419,4.419,-2.998,-2.872
5509,16,-0.704,32.047,42.715,-0.000,0.002,0.000,0.172,5.206,-8.393,-4.429,4.429,-3.018,-2.892
5510,16,-0.703,32.048,42.716,-0.000,0.000,0.000,0.172,5.206,-8.408,-4.430,4.430,-3.019,-2.893
5511,16,-0.703,32.048,42.716,-0.000,0.000,0.000,0.100,5.254,-8.408,-4.430,4.430,-2.989,-2.863
5512,16,-0.703,32.048,42.716,-0.000,0.000,0.000,0.124,5.273,-8.374,-4.430,4.430,-2.989,-2.863
5513,16,-0.705,32.044,42.715,-0.000,-0.001,0.000,0.124,5.273,-8.374,-4.429,4.429,-2.968,-2.842
5514,16,-0.705,32.044,42.715,0.004,0.002,0.000,0.124,5.273,-8.374,-4.429,4.429,-2.968,-2.842
5515,16,-0.700,32.046,42.716,0.004,0.002,0.000,0.110,5.221,-8.369,-4.452,4.452,-3.016,-2.891
5516,16,-0.700,32.046,42.716,0.004,0.002,0.000,0.038,5.197,-8.398,-4.452,4.452,-3.016,-2.891
5517,16,-0.700,32.046,42.716,0.001,0.000,0.000,0.038,5.197,-8.398,-4.436,4.436,-2.985,-2.860
5518,16,-0.700,32.046,42.716,0.002,0.003,0.000,0.038,5.197,-8.398,-4.436,4.436,-2.985,-2.860
5519,16,-0.695,32.048,42.717,0.002,0.003,0.000,0.139,5.273,-8.364,-4.445,4.445,-3.037,-2.906
5520,16,-0.699,32.049,42.716,0.002,0.003,0.000,0.077,5.283,-8.355,-4.442,4.442,-3.035,-2.910
5521,16,-0.700,32.046,42.716,-0.004,-0.005,0.000,0.077,5.283,-8.355,-4.410,4.410,-2.909,-2.784
5522,16,-0.701,32.043,42.716,-0.000,-0.000,0.000,0.077,5.283,-8.355,-4.410,4.410,-2.909,-2.784
5523,16,-0.701,32.043,42.716,-0.000,-0.000,0.000,0.120,5.245,-8.350,-4.430,4.430,-2.981,-2.856
5524,16,-0.701,32.043,42.716,-0.000,-0.000,0.000,0.124,5.216,-8.374,-4.430,4.430,-2.981,-2.856
5525,16,-0.701,32.043,42.716,-0.000,-0.000,0.000,0.124,5.216,-8.374,-4.430,4.430,-2.981,-2.856
5526,16,-0.701,32.043,42.716,0.002,0.001,0.000,0.124,5.216,-8.374,-4.430,4.430,-2.981,-2.856
5527,16,-0.700,32.046,42.716,0.002,0.001,0.000,0.139,5.273,-8.379,-4.442,4.442,-3.001,-2.876
5528,16,-0.700,32.046,42.716,0.002,0.001,0.000,0.124,5.249,-8.393,-4.442,4.442,-3.001,-2.876
5529,16,-0.700,32.046,42.716,-0.001,0.001,0.000,0.124,5.249,-8.393,-4.426,4.426,-3.001,-2.876
5530,16,-0.704,32.047,42.715,0.003,-0.001,0.000,0.124,5.249,-8.393,-4.424,4.424,-3.003,-2.877
5531,16,-0.700,32.046,42.716,0.003,-0.001,0.000,0.100,5.216,-8.379,-4.447,4.447,-2.970,-2.845
5532,16,-0.701,32.046,42.712,0.003,-0.001,0.000,0.110,5.273,-8.360,-4.447,4.447,-2.971,-2.845
5533,16,-0.701,32.046,42.712,0.000,0.001,0.000,0.110,5.273,-8.360,-4.431,4.431,-3.001,-2.876
5534,16,-0.701,32.046,42.712,0.002,0.001,0.000,0.110,5.273,-8.360,-4.431,4.431,-3.001,-2.876
5535,16,-0.700,32.050,42.713,0.002,0.001,0.000,0.029,5.249,-8.393,-4.442,4.442,-3.006,-2.880
5536,16,-0.700,32.050,42.713,0.002,0.001,0.000,0.115,5.264,-8.408,-4.442,4.442,-3.006,-2.880
5537,16,-0.700,32.050,42.713,-0.001,0.000,0.000,0.115,5.264,-8.408,-4.426,4.426,-2.990,-2.865
5538,16,-0.700,32.050,42.713,-0.000,0.000,0.000,0.115,5.264,-8.408,-4.426,4.426,-2.990,-2.865
5539,16,-0.700,32.050,42.713,-0.000,0.002,0.000,0.086,5.192,-8.408,-4.431,4.431,-3.021,-2.896
5540,16,-0.700,32.050,42.713,-0.000,0.002,0.000,0.124,5.216,-8.393,-4.431,4.431,-3.021,-2.896
5541,16,-0.701,32.046,42.712,-0.000,-0.005,0.000,0.124,5.216,-8.393,-4.431,4.431,-2.910,-2.785
5542,16,-0.697,32.045,42.713,-0.000,-0.005,0.000,0.124,5.216,-8.393,-4.432,4.432,-2.908,-2.783
5543,16,-0.697,32.045,42.713,-0.000,0.003,0.000,0.129,5.292,-8.355,-4.432,4.432,-3.030,-2.905
5544,16,-0.701,32.046,42.712,-0.000,0.003,0.000,0.124,5.197,-8.417,-4.431,4.431,-3.032,-2.906
5545,16,-0.700,32.050,42.713,0.002,0.004,0.000,0.124,5.197,-8.417,-4.442,4.442,-3.051,-2.926
5546,16,-0.696,32.048,42.714,0.000,0.004,0.000,0.124,5.197,-8.417,-4.442,4.442,-3.051,-2.926
5547,16,-0.697,32.045,42.713,0.000,-0.007,0.000,0.086,5.235,-8.393,-4.432,4.432,-2.876,-2.754
5548,16,-0.699,32.042,42.713,0.000,-0.007,0.000,0.096,5.268,-8.360,-4.432,4.432,-2.873,-2.748
5549,16,-0.699,32.042,42.713,0.001,0.002,0.000,0.096,5.268,-8.360,-4.437,4.437,-3.010,-2.885
5550,16,-0.697,32.045,42.713,0.000,0.002,0.000,0.096,5.268,-8.360,-4.438,4.438,-3.014,-2.890
5551,16,-0.697,32.045,42.713,0.000,0.001,0.000,0.057,5.182,-8.427,-4.432,4.432,-2.999,-2.875
5552,16,-0.697,32.045,42.713,0.000,0.001,0.000,0.110,5.230,-8.398,-4.432,4.432,-2.999,-2.875
5553,16,-0.697,32.045,42.713,-0.001,-0.001,0.000,0.110,5.230,-8.398,-4.427,4.427,-2.969,-2.844
5554,16,-0.699,32.042,42.713,-0.001,-0.001,0.000,0.110,5.230,-8.398,-4.426,4.426,-2.964,-2.840
5555,16,-0.699,32.042,42.713,-0.001,0.002,0.000,0.110,5.240,-8.379,-4.426,4.426,-3.010,-2.885
5556,16,-0.699,32.042,42.713,-0.001,0.002,0.000,0.110,5.235,-8.388,-4.426,4.426,-3.010,-2.885
5557,16,-0.699,32.042,42.713,-0.000,0.000,0.000,0.110,5.235,-8.388,-4.432,4.432,-2.979,-2.855
5558,16,-0.699,32.042,42.713,-0.000,0.000,0.000,0.110,5.235,-8.388,-4.432,4.432,-2.979,-2.855
5559,16,-0.697,32.045,42.713,-0.000,0.004,0.000,0.153,5.240,-8.398,-4.432,4.432,-3.045,-2.920
5560,16,-0.697,32.045,42.713,-0.000,0.004,0.000,0.124,5.221,-8.384,-4.432,4.432,-3.045,-2.920
5561,16,-0.697,32.045,42.713,0.001,0.000,0.000,0.124,5.221,-8.384,-4.438,4.438,-2.984,-2.859
5562,16,-0.697,32.045,42.713,0.000,0.000,0.000,0.124,5.221,-8.384,-4.438,4.438,-2.984,-2.859
5563,16,-0.697,32.045,42.713,0.000,0.001,0.000,0.134,5.307,-8.355,-4.432,4.432,-2.999,-2.875
5564,16,-0.697,32.045,42.713,0.000,0.001,0.000,0.033,5.240,-8.355,-4.432,4.432,-2.999,-2.875
5565,16,-0.697,32.045,42.713,0.001,0.003,0.000,0.033,5.240,-8.355,-4.438,4.438,-3.030,-2.905
5566,16,-0.700,32.050,42.713,-0.002,0.003,0.000,0.033,5.240,-8.355,-4.437,4.437,-3.036,-2.911
5567,16,-0.701,32.046,42.712,-0.002,-0.004,0.000,0.086,5.211,-8.393,-4.420,4.420,-2.925,-2.800
5568,16,-0.702,32.043,42.712,-0.002,-0.004,0.000,0.086,5.273,-8.374,-4.419,4.419,-2.921,-2.795
5569,16,-0.702,32.043,42.712,-0.000,0.001,0.000,0.086,5.273,-8.374,-4.430,4.430,-2.997,-2.871
5570,16,-0.702,32.043,42.712,-0.000,0.001,0.000,0.086,5.273,-8.374,-4.430,4.430,-2.997,-2.871
5571,16,-0.700,32.050,42.713,0.002,0.007,0.000,0.110,5.230,-8.412,-4.442,4.442,-3.097,-2.972
5572,16,-0.698,32.053,42.713,0.002,0.007,0.000,0.129,5.206,-8.398,-4.443,4.443,-3.101,-2.976
5573,16,-0.698,32.053,42.713,-0.002,-0.001,0.000,0.129,5.206,-8.398,-4.421,4.421,-2.980,-2.854
5574,16,-0.700,32.050,42.713,-0.002,-0.001,0.000,0.129,5.206,-8.398,-4.421,4.421,-2.975,-2.850
5575,16,-0.700,32.050,42.713,-0.000,0.001,0.000,0.163,5.230,-8.408,-4.431,4.431,-3.006,-2.880
5576,16,-0.700,32.050,42.713,-0.000,0.001,0.000,0.096,5.197,-8.384,-4.431,4.431,-3.006,-2.880
5577,16,-0.700,32.050,42.713,0.001,0.003,0.000,0.096,5.197,-8.384,-4.437,4.437,-3.036,-2.911
5578,16,-0.698,32.053,42.713,0.001,0.003,0.000,0.096,5.197,-8.384,-4.437,4.437,-3.040,-2.915
5579,16,-0.698,32.053,42.713,0.003,-0.001,0.000,0.100,5.264,-8.355,-4.448,4.448,-2.980,-2.854
5580,16,-0.697,32.049,42.710,0.003,-0.001,0.000,0.100,5.321,-8.336,-4.448,4.448,-2.974,-2.849
5581,16,-0.696,32.052,42.710,0.003,-0.000,0.000,0.100,5.321,-8.336,-4.449,4.449,-2.993,-2.869
5582,16,-0.696,32.052,42.710,0.003,-0.000,0.000,0.100,5.321,-8.336,-4.449,4.449,-2.993,-2.869
5583,16,-0.696,32.052,42.710,0.000,0.002,0.000,0.043,5.254,-8.364,-4.433,4.433,-3.024,-2.899
5584,16,-0.696,32.052,42.710,0.000,0.002,0.000,0.129,5.216,-8.408,-4.433,4.433,-3.024,-2.899
5585,16,-0.696,32.052,42.710,-0.005,-0.002,0.000,0.129,5.216,-8.408,-4.407,4.407,-2.963,-2.838
5586,16,-0.698,32.053,42.713,-0.005,-0.002,0.000,0.129,5.216,-8.408,-4.405,4.405,-2.964,-2.839
5587,16,-0.698,32.053,42.713,0.001,0.003,0.000,0.091,5.225,-8.408,-4.437,4.437,-3.040,-2.915
5588,16,-0.699,32.053,42.709,0.001,0.003,0.000,0.134,5.264,-8.384,-4.437,4.437,-3.041,-2.916
5589,16,-0.699,32.053,42.709,0.000,-0.001,0.000,0.134,5.264,-8.384,-4.431,4.431,-2.980,-2.855
5590,16,-0.698,32.053,42.713,0.000,-0.001,0.000,0.134,5.264,-8.384,-4.432,4.432,-2.980,-2.854
5591,16,-0.699,32.053,42.709,0.001,-0.000,0.000,0.120,5.211,-8.408,-4.437,4.437,-2.995,-2.870
5592,16,-0.699,32.053,42.709,0.001,-0.000,0.000,0.139,5.230,-8.384,-4.437,4.437,-2.995,-2.870
5593,16,-0.699,32.053,42.709,0.001,0.003,0.000,0.139,5.230,-8.384,-4.437,4.437,-3.041,-2.916
5594,16,-0.698,32.056,42.710,0.001,0.003,0.000,0.139,5.230,-8.384,-4.437,4.437,-3.041,-2.916
5595,16,-0.701,32.057,42.709,-0.002,0.003,0.000,0.048,5.225,-8.393,-4.420,4.420,-3.048,-2.922
5596,16,-0.701,32.058,42.710,-0.002,0.003,0.000,0.100,5.249,-8.374,-4.420,4.420,-3.049,-2.923
5597,16,-0.701,32.058,42.710,0.002,0.001,0.000,0.100,5.249,-8.374,-4.441,4.441,-3.018,-2.892
5598,16,-0.697,32.057,42.711,0.002,0.001,0.000,0.100,5.249,-8.374,-4.443,4.443,-3.016,-2.891
5599,16,-0.699,32.053,42.709,-0.002,-0.005,0.000,0.077,5.235,-8.369,-4.421,4.421,-2.918,-2.795
5600,16,-0.701,32.050,42.709,-0.002,-0.005,0.000,0.100,5.278,-8.341,-4.420,4.420,-2.915,-2.789
5601,16,-0.699,32.053,42.709,-0.000,0.004,0.000,0.100,5.278,-8.341,-4.431,4.431,-3.056,-2.931
5602,16,-0.699,32.053,42.709,-0.000,0.004,0.000,0.100,5.278,-8.341,-4.431,4.431,-3.056,-2.931
5608,16,-0.701,32.055,42.713,0.001,0.003,0.000,0.096,5.211,-8.388,-4.436,4.436,-3.044,-2.918
5609,16,-0.702,32.054,42.712,0.000,-0.002,0.000,0.096,5.211,-8.388,-4.430,4.430,-2.966,-2.841
5610,16,-0.702,32.054,42.712,0.000,-0.002,0.000,0.096,5.211,-8.388,-4.430,4.430,-2.966,-2.841
5611,16,-0.703,32.051,42.712,-0.001,-0.001,0.000,0.134,5.316,-8.374,-4.424,4.424,-2.977,-2.851
5612,16,-0.703,32.051,42.712,-0.001,-0.001,0.000,0.100,5.273,-8.364,-4.424,4.424,-2.977,-2.851
5613,16,-0.703,32.055,42.710,0.002,0.006,0.000,0.100,5.273,-8.364,-4.441,4.441,-3.090,-2.964
5614,16,-0.701,32.058,42.710,0.002,0.006,0.000,0.100,5.273,-8.364,-4.441,4.441,-3.095,-2.969
5618,16,-0.703,32.051,42.712,0.001,-0.000,0.000,0.096,5.230,-8.403,-4.435,4.435,-2.992,-2.867
5619,16,-0.703,32.051,42.712,-0.003,0.001,0.000,0.120,5.249,-8.388,-4.417,4.417,-3.016,-2.874
5620,16,-0.707,32.052,42.711,-0.003,0.001,0.000,0.120,5.249,-8.388,-4.412,4.412,-3.010,-2.883
5621,16,-0.708,32.049,42.710,-0.003,0.001,0.000,0.120,5.197,-8.388,-4.411,4.411,-3.005,-2.879
5622,16,-0.708,32.049,42.710,0.001,-0.002,0.000,0.120,5.197,-8.388,-4.433,4.433,-2.960,-2.833
5623,16,-0.705,32.048,42.711,0.003,-0.003,0.000,0.134,5.240,-8.364,-4.445,4.445,-2.942,-2.816
5624,16,-0.706,32.045,42.711,0.003,-0.003,0.000,0.134,5.240,-8.364,-4.444,4.444,-2.938,-2.812
5625,16,-0.704,32.044,42.708,0.003,-0.003,0.000,0.096,5.254,-8.384,-4.445,4.445,-2.936,-2.811
5626,16,-0.706,32.048,42.708,0.000,0.004,0.000,0.096,5.254,-8.384,-4.428,4.428,-3.050,-2.923
5627,16,-0.706,32.048,42.708,0.001,0.001,0.000,0.115,5.245,-8.388,-4.434,4.434,-3.004,-2.878
5628,16,-0.706,32.048,42.708,0.001,0.001,0.000,0.115,5.245,-8.388,-4.434,4.434,-3.004,-2.878
5629,16,-0.706,32.048,42.708,0.001,0.001,0.000,0.057,5.268,-8.379,-4.434,4.434,-3.004,-2.878
5630,16,-0.706,32.048,42.708,0.000,-0.001,0.000,0.057,5.268,-8.379,-4.428,4.428,-2.973,-2.847
5631,16,-0.706,32.048,42.708,0.000,0.002,0.000,0.100,5.235,-8.364,-4.428,4.428,-3.019,-2.893
5632,16,-0.706,32.048,42.708,0.000,0.002,0.000,0.100,5.235,-8.364,-4.428,4.428,-3.019,-2.893
5633,16,-0.704,32.051,42.708,0.000,0.002,0.000,0.105,5.182,-8.412,-4.429,4.429,-3.024,-2.897
5634,16,-0.702,32.047,42.709,0.000,-0.002,0.000,0.105,5.182,-8.412,-4.428,4.428,-2.958,-2.832
5635,16,-0.702,32.047,42.709,0.001,-0.003,0.000,0.100,5.264,-8.393,-4.435,4.435,-2.941,-2.815
5636,16,-0.704,32.043,42.707,0.001,-0.003,0.000,0.100,5.264,-8.393,-4.435,4.435,-2.935,-2.810
5637,16,-0.704,32.043,42.707,0.001,-0.003,0.000,0.129,5.254,-8.350,-4.435,4.435,-2.935,-2.810
5638,16,-0.701,32.050,42.709,0.000,0.006,0.000,0.129,5.254,-8.350,-4.430,4.430,-3.078,-2.952
5639,16,-0.706,32.048,42.708,-0.002,-0.001,0.000,0.129,5.178,-8.398,-4.417,4.417,-2.970,-2.850
5640,16,-0.706,32.048,42.708,-0.002,-0.001,0.000,0.086,5.178,-8.398,-4.418,4.418,-2.973,-2.847
5641,16,-0.706,32.048,42.708,-0.002,-0.001,0.000,0.144,5.225,-8.403,-4.418,4.418,-2.973,-2.847
5644,16,-0.701,32.050,42.709,0.003,0.004,0.000,0.110,5.245,-8.384,-4.447,4.447,-3.052,-2.926
5648,16,-0.702,32.046,42.707,-0.001,0.002,0.000,0.081,5.302,-8.360,-4.425,4.425,-3.016,-2.890
5649,16,-0.702,32.047,42.709,-0.001,0.002,0.000,0.110,5.173,-8.417,-4.425,4.425,-3.017,-2.892
5650,16,-0.701,32.050,42.709,0.001,0.004,0.000,0.110,5.173,-8.417,-4.436,4.436,-3.052,-2.926
5651,16,-0.704,32.051,42.708,-0.006,-0.004,0.000,0.110,5.264,-8.388,-4.396,4.396,-2.930,-2.808
5652,16,-0.706,32.048,42.708,-0.006,-0.004,0.000,0.091,5.264,-8.388,-4.396,4.396,-2.928,-2.802
5653,16,-0.707,32.045,42.707,-0.006,-0.004,0.000,0.129,5.278,-8.350,-4.396,4.396,-2.923,-2.797
5654,16,-0.711,32.046,42.706,-0.002,0.001,0.000,0.129,5.278,-8.350,-4.415,4.415,-3.002,-2.875
5655,16,-0.710,32.046,42.710,0.001,0.000,0.000,0.129,5.206,-8.388,-4.432,4.432,-2.986,-2.859
5656,16,-0.711,32.046,42.706,0.001,0.000,0.000,0.148,5.206,-8.388,-4.431,4.431,-2.986,-2.859
5665,16,-0.703,32.039,42.704,0.004,-0.004,0.000,0.072,5.292,-8.379,-4.451,4.451,-2.914,-2.789
5666,16,-0.700,32.045,42.705,0.007,0.007,0.006,0.072,5.292,-8.379,-4.548,4.548,-3.250,-2.806
5667,16,-0.700,32.048,42.701,-0.003,-0.002,-0.003,0.072,5.292,-8.431,-4.378,4.378,-2.886,-2.905
5668,16,-0.701,32.045,42.701,-0.003,-0.002,-0.003,0.077,5.182,-8.431,-4.375,4.375,-2.874,-2.909
5669,16,-0.700,32.045,42.705,-0.003,-0.002,-0.003,0.134,5.264,-8.369,-4.375,4.375,-2.873,-2.908
5670,16,-0.700,32.045,42.705,-0.000,-0.000,0.000,0.134,5.264,-8.369,-4.431,4.431,-2.984,-2.859
5671,16,-0.700,32.045,42.705,-0.001,0.003,0.000,0.134,5.264,-8.364,-4.426,4.426,-3.029,-2.904
5672,16,-0.700,32.045,42.705,-0.001,0.003,0.000,0.129,5.268,-8.364,-4.426,4.426,-3.029,-2.904
5673,16,-0.704,32.046,42.703,-0.001,0.003,0.000,0.124,5.254,-8.403,-4.424,4.424,-3.031,-2.906
5674,16,-0.700,32.045,42.705,-0.000,-0.003,-0.001,0.124,5.254,-8.403,-4.418,4.418,-2.911,-2.840
5675,16,-0.701,32.042,42.704,0.001,-0.000,-0.001,0.124,5.254,-8.427,-4.422,4.422,-2.953,-2.881
5676,16,-0.701,32.042,42.704,0.001,-0.000,-0.001,0.115,5.178,-8.427,-4.422,4.422,-2.953,-2.881
5677,16,-0.701,32.042,42.704,0.001,-0.000,-0.001,0.086,5.206,-8.408,-4.422,4.422,-2.953,-2.881
5678,16,-0.701,32.042,42.704,0.002,0.001,0.000,0.086,5.206,-8.408,-4.441,4.441,-2.994,-2.869
5679,16,-0.698,32.041,42.705,0.003,-0.002,0.000,0.086,5.206,-8.364,-4.448,4.448,-2.947,-2.822
5680,16,-0.694,32.039,42.705,0.003,-0.002,0.000,0.096,5.268,-8.364,-4.449,4.449,-2.943,-2.820
5681,16,-0.694,32.039,42.705,0.003,-0.002,0.000,0.077,5.259,-8.388,-4.449,4.449,-2.943,-2.820
5695,16,-0.701,32.037,42.700,-0.000,0.004,-0.002,0.148,5.268,-8.388,-4.404,4.404,-2.980,-2.962
5710,16,-0.709,32.036,42.697,-0.000,0.000,-0.002,0.115,5.211,-8.408,-4.400,4.400,-2.918,-2.899
5711,16,-0.708,32.036,42.701,-0.000,0.002,-0.002,0.115,5.211,-8.408,-4.400,4.400,-2.948,-2.929
5712,16,-0.708,32.036,42.701,-0.000,0.002,-0.002,0.105,5.206,-8.388,-4.400,4.400,-2.948,-2.929
5713,16,-0.706,32.040,42.703,-0.000,0.002,-0.002,0.129,5.292,-8.345,-4.401,4.401,-2.954,-2.935
5714,16,-0.708,32.036,42.701,0.003,-0.001,0.001,0.129,5.292,-8.345,-4.456,4.456,-2.983,-2.803
5715,16,-0.709,32.036,42.697,0.000,-0.000,0.000,0.129,5.292,-8.345,-4.427,4.427,-2.972,-2.846
5716,16,-0.709,32.036,42.697,0.000,-0.000,0.000,0.057,5.240,-8.374,-4.427,4.427,-2.972,-2.846
5717,16,-0.709,32.036,42.697,0.000,-0.000,0.000,0.096,5.240,-8.364,-4.427,4.427,-2.972,-2.846
5718,16,-0.706,32.035,42.698,0.001,-0.000,0.000,0.096,5.240,-8.364,-4.434,4.434,-2.970,-2.844
5719,16,-0.706,32.035,42.698,0.000,-0.000,0.000,0.096,5.240,-8.364,-4.428,4.428,-2.970,-2.844
5720,16,-0.706,32.035,42.698,0.000,-0.000,0.000,0.096,5.268,-8.379,-4.428,4.428,-2.970,-2.844
5721,16,-0.706,32.035,42.698,0.000,-0.000,0.000,0.100,5.230,-8.403,-4.428,4.428,-2.970,-2.844
5722,16,-0.706,32.035,42.698,-0.001,-0.000,0.000,0.100,5.230,-8.403,-4.423,4.423,-2.970,-2.844
5723,16,-0.709,32.036,42.697,-0.001,0.001,0.000,0.100,5.230,-8.403,-4.421,4.421,-2.987,-2.861
5724,16,-0.708,32.039,42.698,-0.001,0.001,0.000,0.148,5.268,-8.364,-4.422,4.422,-2.991,-2.865
5725,16,-0.708,32.039,42.698,-0.001,0.001,0.000,0.120,5.211,-8.403,-4.422,4.422,-2.991,-2.865
5726,16,-0.708,32.039,42.698,-0.001,0.000,0.000,0.120,5.211,-8.403,-4.422,4.422,-2.976,-2.850
5727,16,-0.709,32.036,42.697,0.005,-0.001,0.000,0.120,5.211,-8.403,-4.451,4.451,-2.951,-2.836
5728,16,-0.704,32.038,42.699,0.005,-0.001,0.000,0.153,5.254,-8.369,-4.456,4.456,-2.959,-2.834
5729,16,-0.704,32.038,42.699,0.005,-0.001,0.000,0.139,5.249,-8.384,-4.456,4.456,-2.959,-2.834
5730,16,-0.704,32.038,42.699,0.005,0.004,0.000,0.139,5.249,-8.384,-4.456,4.456,-3.035,-2.910
5731,16,-0.703,32.041,42.699,-0.003,-0.001,-0.005,0.139,5.249,-8.384,-4.349,4.349,-2.836,-2.966
5732,16,-0.701,32.042,42.704,-0.003,-0.001,-0.005,0.048,5.235,-8.379,-4.348,4.348,-2.831,-2.972
5733,16,-0.701,32.042,42.704,-0.003,-0.001,-0.005,0.124,5.264,-8.331,-4.348,4.348,-2.831,-2.972
5734,16,-0.701,32.042,42.704,-0.000,0.001,-0.001,0.124,5.264,-8.331,-4.417,4.417,-2.968,-2.896
5735,16,-0.701,32.042,42.704,0.003,0.001,0.004,0.124,5.264,-8.331,-4.500,4.500,-3.101,-2.763
5736,16,-0.702,32.042,42.700,0.003,0.001,0.004,0.048,5.216,-8.374,-4.499,4.499,-3.102,-2.763
5737,16,-0.701,32.044,42.699,0.003,0.001,0.004,0.129,5.283,-8.364,-4.500,4.500,-3.105,-2.767
5738,16,-0.704,32.042,42.695,0.000,-0.001,0.003,0.129,5.283,-8.364,-4.469,4.469,-3.044,-2.759
5739,16,-0.704,32.042,42.695,-0.002,-0.001,0.000,0.129,5.283,-8.364,-4.419,4.419,-2.964,-2.838
5740,16,-0.704,32.042,42.695,-0.002,-0.002,0.000,0.086,5.259,-8.388,-4.419,4.419,-2.949,-2.823
5741,16,-0.704,32.042,42.695,-0.002,-0.002,0.000,0.148,5.235,-8.384,-4.419,4.419,-2.949,-2.823
5742,16,-0.704,32.042,42.695,0.001,0.002,0.001,0.148,5.235,-8.384,-4.448,4.448,-3.036,-2.857
5743,16,-0.704,32.042,42.695,0.001,0.002,0.001,0.148,5.235,-8.384,-4.448,4.448,-3.036,-2.857
5744,16,-0.705,32.042,42.692,0.001,0.000,0.001,0.139,5.197,-8.412,-4.447,4.447,-3.006,-2.827
5745,16,-0.705,32.042,42.692,0.001,0.000,0.001,0.134,5.273,-8.393,-4.447,4.447,-3.006,-2.827
5746,16,-0.705,32.039,42.695,-0.001,-0.003,-0.002,0.134,5.273,-8.393,-4.397,4.397,-2.880,-2.861
5747,16,-0.705,32.039,42.695,-0.000,-0.003,-0.002,0.134,5.273,-8.393,-4.402,4.402,-2.876,-2.857
5748,16,-0.708,32.043,42.694,-0.000,0.003,-0.002,0.053,5.221,-8.388,-4.401,4.401,-2.974,-2.954
5749,16,-0.708,32.043,42.694,-0.000,0.003,-0.002,0.129,5.192,-8.393,-4.401,4.401,-2.974,-2.954
5750,16,-0.704,32.042,42.695,0.002,0.000,0.000,0.129,5.192,-8.393,-4.440,4.440,-2.979,-2.854
5751,16,-0.704,32.042,42.695,0.001,0.000,0.002,0.129,5.192,-8.393,-4.461,4.461,-3.032,-2.800
5752,16,-0.704,32.042,42.695,0.001,0.000,0.002,0.100,5.278,-8.336,-4.461,4.461,-3.032,-2.800
5753,16,-0.704,32.042,42.695,0.001,0.000,0.002,0.077,5.278,-8.379,-4.461,4.461,-3.032,-2.800
5754,16,-0.705,32.042,42.692,-0.001,0.004,0.000,0.077,5.278,-8.379,-4.423,4.423,-3.041,-2.915
5755,16,-0.707,32.046,42.691,0.001,0.004,0.000,0.077,5.278,-8.379,-4.433,4.433,-3.047,-2.921
5756,16,-0.705,32.042,42.692,0.001,-0.002,0.000,0.163,5.206,-8.388,-4.434,4.434,-2.949,-2.824
5757,16,-0.705,32.042,42.692,0.001,-0.002,0.000,0.120,5.230,-8.369,-4.434,4.434,-2.949,-2.824
5758,16,-0.708,32.043,42.694,-0.002,-0.000,-0.002,0.120,5.230,-8.369,-4.390,4.390,-2.928,-2.908
5759,16,-0.708,32.043,42.694,0.003,-0.000,0.000,0.120,5.230,-8.369,-4.444,4.444,-2.981,-2.855
5760,16,-0.706,32.046,42.695,0.003,0.003,0.000,0.148,5.254,-8.379,-4.444,4.444,-3.031,-2.905
5763,16,-0.702,32.045,42.696,0.000,-0.001,-0.003,0.100,5.230,-8.393,-4.390,4.390,-2.888,-2.923
5764,16,-0.702,32.045,42.696,0.000,-0.000,-0.003,0.096,5.259,-8.364,-4.390,4.390,-2.904,-2.938
5765,16,-0.701,32.044,42.699,0.000,-0.000,-0.003,0.110,5.216,-8.384,-4.390,4.390,-2.903,-2.938
5766,16,-0.701,32.049,42.698,0.003,0.005,0.002,0.110,5.216,-8.384,-4.473,4.473,-3.117,-2.886
5767,16,-0.700,32.051,42.696,0.002,0.005,0.000,0.110,5.216,-8.384,-4.442,4.442,-3.069,-2.943
5768,16,-0.701,32.051,42.693,0.002,0.000,0.000,0.072,5.201,-8.384,-4.441,4.441,-2.993,-2.868
5769,16,-0.698,32.047,42.693,0.002,0.000,0.000,0.115,5.283,-8.384,-4.442,4.442,-2.986,-2.862
5770,16,-0.699,32.044,42.697,-0.001,-0.005,0.000,0.115,5.283,-8.384,-4.427,4.427,-2.910,-2.785
5771,16,-0.700,32.044,42.693,0.002,-0.005,0.002,0.115,5.283,-8.384,-4.468,4.468,-2.959,-2.728
5772,16,-0.698,32.047,42.693,0.002,0.007,0.002,0.096,5.235,-8.408,-4.469,4.469,-3.146,-2.915
5773,16,-0.701,32.051,42.693,0.002,0.007,0.002,0.100,5.130,-8.441,-4.468,4.468,-3.153,-2.921
5774,16,-0.702,32.048,42.692,-0.001,0.000,-0.001,0.100,5.130,-8.441,-4.412,4.412,-2.966,-2.894
5775,16,-0.698,32.047,42.693,0.002,0.000,0.000,0.100,5.130,-8.441,-4.442,4.442,-2.986,-2.862
5776,16,-0.698,32.047,42.693,0.002,-0.002,0.000,0.153,5.240,-8.403,-4.442,4.442,-2.956,-2.831
5781,16,-0.700,32.044,42.693,0.000,0.000,-0.001,0.091,5.187,-8.422,-4.418,4.418,-2.955,-2.884
5782,16,-0.700,32.044,42.693,0.000,0.000,0.000,0.091,5.187,-8.398,-4.418,4.418,-2.955,-2.884
5783,16,-0.701,32.041,42.693,0.000,0.000,0.000,0.091,5.187,-8.398,-4.430,4.430,-2.978,-2.853
5784,16,-0.698,32.040,42.694,0.000,0.000,0.000,0.024,5.321,-8.336,-4.432,4.432,-2.975,-2.851
5785,16,-0.698,32.040,42.694,0.000,0.000,0.000,0.024,5.321,-8.336,-4.432,4.432,-2.975,-2.851
5786,16,-0.698,32.040,42.694,0.001,0.004,0.000,0.167,5.297,-8.369,-4.432,4.432,-2.975,-2.851
5787,16,-0.696,32.043,42.694,0.001,0.004,0.000,0.167,5.297,-8.369,-4.438,4.438,-3.041,-2.917
5788,16,-0.700,32.044,42.693,-0.001,0.000,0.000,0.057,5.230,-8.360,-4.426,4.426,-2.982,-2.857
5789,16,-0.700,32.044,42.693,-0.001,0.000,0.000,0.057,5.230,-8.360,-4.426,4.426,-2.982,-2.857
5790,16,-0.701,32.041,42.693,-0.002,-0.005,0.000,0.225,5.259,-8.384,-4.426,4.426,-2.982,-2.857
5791,16,-0.703,32.037,42.691,-0.002,-0.005,0.000,0.225,5.259,-8.384,-4.419,4.419,-2.896,-2.771
5792,16,-0.701,32.041,42.693,-0.000,0.005,0.000,0.057,5.264,-8.374,-4.430,4.430,-3.054,-2.929
5793,16,-0.700,32.044,42.693,-0.000,0.005,0.000,0.057,5.264,-8.374,-4.431,4.431,-3.058,-2.933
5794,16,-0.700,32.044,42.693,0.003,0.000,0.000,0.129,5.216,-8.393,-4.431,4.431,-3.058,-2.933
5795,16,-0.700,32.044,42.693,0.003,0.000,0.000,0.129,5.216,-8.393,-4.447,4.447,-2.982,-2.857
5796,16,-0.700,32.044,42.693,0.001,-0.003,0.000,0.105,5.221,-8.427,-4.436,4.436,-2.936,-2.812
5797,16,-0.696,32.043,42.694,0.001,-0.003,0.000,0.105,5.221,-8.427,-4.438,4.438,-2.934,-2.810
5798,16,-0.698,32.039,42.692,0.003,0.001,0.000,0.024,5.221,-8.374,-4.437,4.437,-2.929,-2.804
5799,16,-0.693,32.041,42.694,0.003,0.001,0.000,0.024,5.221,-8.374,-4.451,4.451,-2.994,-2.866
5800,16,-0.693,32.041,42.694,0.000,0.002,0.000,0.105,5.240,-8.379,-4.434,4.434,-3.007,-2.884
5801,16,-0.693,32.041,42.694,0.000,0.002,0.000,0.105,5.240,-8.379,-4.434,4.434,-3.007,-2.884
5802,16,-0.692,32.041,42.695,0.000,0.001,0.000,0.072,5.292,-8.350,-4.434,4.434,-3.008,-2.885
5803,16,-0.691,32.045,42.696,0.000,0.001,0.000,0.072,5.292,-8.350,-4.435,4.435,-2.998,-2.874
5804,16,-0.691,32.045,42.696,0.000,-0.001,0.000,0.153,5.264,-8.374,-4.435,4.435,-2.967,-2.844
5805,16,-0.692,32.041,42.695,0.000,-0.001,0.000,0.153,5.264,-8.374,-4.434,4.434,-2.963,-2.839
5806,16,-0.691,32.045,42.696,0.001,0.001,0.000,0.091,5.225,-8.388,-4.435,4.435,-2.967,-2.844
5807,16,-0.691,32.045,42.696,0.001,0.001,0.000,0.091,5.225,-8.388,-4.440,4.440,-2.998,-2.874
5808,16,-0.691,32.045,42.696,-0.002,0.000,0.000,0.148,5.221,-8.374,-4.424,4.424,-2.982,-2.859
5809,16,-0.695,32.046,42.695,-0.002,0.000,0.000,0.148,5.221,-8.374,-4.423,4.423,-2.984,-2.860
5810,16,-0.695,32.046,42.695,-0.000,0.001,0.000,0.081,5.268,-8.393,-4.423,4.423,-2.984,-2.860
5811,16,-0.695,32.046,42.695,-0.000,0.001,0.000,0.081,5.268,-8.393,-4.433,4.433,-3.000,-2.876
5812,16,-0.691,32.045,42.696,0.003,-0.003,0.000,0.139,5.283,-8.369,-4.451,4.451,-2.937,-2.813
5820,16,-0.696,32.046,42.691,0.000,0.000,0.000,0.110,5.259,-8.388,-4.433,4.433,-2.985,-2.861
5821,16,-0.696,32.046,42.691,0.000,0.000,0.000,0.110,5.259,-8.388,-4.433,4.433,-2.985,-2.861
5830,16,-0.696,32.046,42.691,0.000,0.000,0.000,0.062,5.283,-8.345,-4.438,4.438,-2.985,-2.861
5831,16,-0.696,32.046,42.691,0.000,0.000,0.000,0.062,5.283,-8.345,-4.433,4.433,-2.985,-2.861
5832,16,-0.694,32.049,42.691,0.000,0.001,0.000,0.134,5.264,-8.374,-4.434,4.434,-3.005,-2.880
5833,16,-0.694,32.049,42.691,0.000,0.001,0.000,0.134,5.264,-8.374,-4.434,4.434,-3.005,-2.880
5834,16,-0.694,32.049,42.691,0.000,0.001,0.000,0.091,5.249,-8.384,-4.434,4.434,-3.005,-2.880
5841,16,-0.693,32.052,42.692,0.002,0.001,0.000,0.177,5.235,-8.393,-4.445,4.445,-3.009,-2.885
5853,16,-0.696,32.057,42.687,-0.001,-0.001,0.000,0.105,5.249,-8.379,-4.428,4.428,-2.986,-2.861
5854,16,-0.696,32.057,42.687,-0.000,-0.001,0.000,0.153,5.245,-8.369,-4.428,4.428,-2.986,-2.861
5855,16,-0.696,32.057,42.687,-0.000,-0.001,0.000,0.153,5.245,-8.369,-4.433,4.433,-2.986,-2.861
5856,16,-0.696,32.057,42.687,0.001,0.003,0.000,0.081,5.235,-8.408,-4.438,4.438,-3.047,-2.922
5857,16,-0.696,32.057,42.687,0.001,0.003,0.000,0.081,5.235,-8.408,-4.438,4.438,-3.047,-2.922
5858,16,-0.695,32.060,42.688,0.003,0.000,0.000,0.134,5.240,-8.388,-4.439,4.439,-3.051,-2.926
5859,16,-0.695,32.060,42.688,0.003,0.000,0.000,0.134,5.240,-8.388,-4.450,4.450,-3.005,-2.880
5860,16,-0.695,32.060,42.688,0.000,-0.002,0.000,0.067,5.297,-8.336,-4.434,4.434,-2.975,-2.850
5861,16,-0.696,32.057,42.687,0.000,-0.002,0.000,0.067,5.297,-8.336,-4.433,4.433,-2.971,-2.846
5862,16,-0.695,32.060,42.688,0.001,0.002,0.000,0.129,5.225,-8.393,-4.434,4.434,-2.975,-2.850
5863,16,-0.695,32.060,42.688,0.001,0.002,0.000,0.129,5.225,-8.393,-4.439,4.439,-3.036,-2.911
5864,16,-0.695,32.060,42.688,-0.004,-0.001,0.000,0.062,5.192,-8.412,-4.412,4.412,-2.990,-2.865
5865,16,-0.700,32.058,42.686,-0.004,-0.001,0.000,0.062,5.192,-8.412,-4.410,4.410,-2.988,-2.862
5866,16,-0.700,32.058,42.686,0.001,-0.000,0.000,0.115,5.235,-8.408,-4.410,4.410,-2.988,-2.862
5867,16,-0.696,32.057,42.687,0.001,-0.000,0.000,0.115,5.235,-8.408,-4.439,4.439,-3.003,-2.874
5868,16,-0.700,32.058,42.686,-0.001,-0.001,0.000,0.139,5.254,-8.350,-4.426,4.426,-2.988,-2.862
5869,16,-0.700,32.058,42.686,-0.001,-0.001,0.000,0.139,5.254,-8.350,-4.426,4.426,-2.988,-2.862
5870,16,-0.700,32.058,42.686,-0.000,0.001,0.000,0.091,5.273,-8.355,-4.426,4.426,-2.988,-2.862
5871,16,-0.700,32.058,42.686,-0.000,0.001,0.000,0.091,5.273,-8.355,-4.431,4.431,-3.018,-2.893
5878,16,-0.701,32.055,42.686,0.002,0.007,0.000,0.072,5.278,-8.393,-4.431,4.431,-2.953,-2.827
5879,16,-0.698,32.065,42.683,0.002,0.007,0.000,0.072,5.278,-8.393,-4.440,4.440,-3.112,-3.000
5880,16,-0.698,32.065,42.683,-0.002,-0.001,0.000,0.096,5.187,-8.398,-4.422,4.422,-2.997,-2.872
5881,16,-0.702,32.063,42.686,-0.002,-0.001,0.000,0.096,5.187,-8.398,-4.420,4.420,-2.994,-2.868
5885,16,-0.699,32.062,42.683,0.002,0.006,0.000,0.144,5.249,-8.393,-4.442,4.442,-3.099,-2.974
5886,16,-0.698,32.065,42.683,-0.001,-0.002,0.000,0.077,5.197,-8.388,-4.443,4.443,-3.104,-2.978
5887,16,-0.699,32.062,42.683,-0.001,-0.002,0.000,0.077,5.197,-8.388,-4.426,4.426,-2.978,-2.852
5888,16,-0.698,32.061,42.687,-0.000,-0.003,0.000,0.153,5.259,-8.384,-4.432,4.432,-2.962,-2.836
5889,16,-0.700,32.058,42.686,-0.000,-0.003,0.000,0.153,5.259,-8.384,-4.431,4.431,-2.957,-2.832
5890,16,-0.699,32.062,42.683,0.004,0.006,0.000,0.139,5.225,-8.388,-4.431,4.431,-2.958,-2.832
5891,16,-0.698,32.065,42.683,0.004,0.006,0.000,0.139,5.225,-8.388,-4.454,4.454,-3.105,-2.977
5892,16,-0.696,32.061,42.684,0.000,-0.002,0.000,0.081,5.221,-8.384,-4.433,4.433,-2.976,-2.850
5901,16,-0.699,32.062,42.683,-0.004,0.000,0.000,0.067,5.235,-8.360,-4.410,4.410,-3.008,-2.882
5905,16,-0.699,32.062,42.683,0.000,0.003,0.000,0.144,5.240,-8.384,-4.431,4.431,-3.054,-2.928
5906,16,-0.699,32.062,42.683,0.000,0.000,0.000,0.115,5.221,-8.369,-4.431,4.431,-3.054,-2.928
5907,16,-0.699,32.062,42.683,0.000,0.000,0.000,0.115,5.221,-8.369,-4.431,4.431,-3.008,-2.882
5911,16,-0.699,32.062,42.683,0.000,0.000,0.000,0.077,5.268,-8.379,-4.431,4.431,-3.008,-2.882
5912,16,-0.703,32.063,42.682,-0.001,0.002,0.000,0.081,5.230,-8.393,-4.425,4.425,-3.041,-2.914
5913,16,-0.703,32.063,42.682,-0.001,0.002,0.000,0.081,5.230,-8.393,-4.425,4.425,-3.041,-2.914
5914,16,-0.703,32.063,42.682,-0.002,0.000,0.000,0.086,5.235,-8.379,-4.425,4.425,-3.041,-2.914
5915,16,-0.703,32.063,42.682,-0.002,0.000,0.000,0.086,5.235,-8.379,-4.419,4.419,-3.010,-2.884
5916,16,-0.703,32.063,42.682,-0.000,0.001,0.000,0.100,5.240,-8.393,-4.430,4.430,-3.025,-2.899
5917,16,-0.703,32.063,42.682,-0.000,0.001,0.000,0.100,5.240,-8.393,-4.430,4.430,-3.025,-2.899
5918,16,-0.703,32.063,42.682,-0.001,-0.001,0.000,0.124,5.187,-8.369,-4.430,4.430,-3.025,-2.899
5921,16,-0.705,32.068,42.683,-0.000,0.006,0.000,0.167,5.379,-8.393,-4.429,4.429,-3.109,-2.982
5922,16,-0.707,32.064,42.681,-0.000,-0.010,0.000,0.072,5.173,-8.441,-4.429,4.429,-3.109,-2.982
5923,16,-0.706,32.057,42.681,-0.000,-0.010,0.000,0.072,5.173,-8.441,-4.428,4.428,-2.864,-2.738
5924,16,-0.706,32.057,42.681,0.002,-0.002,0.000,0.148,5.230,-8.393,-4.439,4.439,-2.971,-2.844
5925,16,-0.706,32.057,42.681,0.002,-0.002,0.000,0.148,5.230,-8.393,-4.439,4.439,-2.971,-2.844
5926,16,-0.706,32.057,42.681,0.001,0.010,0.000,0.100,5.225,-8.388,-4.439,4.439,-2.971,-2.844
5927,16,-0.703,32.063,42.682,0.001,0.010,0.000,0.100,5.225,-8.388,-4.435,4.435,-3.148,-3.020
5928,16,-0.707,32.064,42.681,-0.004,-0.001,0.000,0.029,5.312,-8.374,-4.407,4.407,-2.997,-2.870
5929,16,-0.708,32.061,42.680,-0.004,-0.001,0.000,0.029,5.312,-8.374,-4.406,4.406,-2.993,-2.865
5930,16,-0.708,32.061,42.680,-0.000,-0.000,0.000,0.163,5.335,-8.331,-4.406,4.406,-2.993,-2.865
5931,16,-0.712,32.062,42.679,-0.000,-0.000,0.000,0.163,5.335,-8.331,-4.427,4.427,-3.008,-2.880
5932,16,-0.711,32.065,42.680,0.002,0.003,0.000,0.091,5.168,-8.384,-4.437,4.437,-3.060,-2.932
5933,16,-0.707,32.064,42.681,0.002,0.003,0.000,0.091,5.168,-8.384,-4.439,4.439,-3.058,-2.931
5934,16,-0.708,32.061,42.680,-0.002,-0.009,0.000,0.048,5.316,-8.245,-4.440,4.440,-3.062,-2.935
5935,16,-0.710,32.058,42.680,-0.002,-0.009,0.000,0.048,5.316,-8.245,-4.416,4.416,-2.881,-2.755
5936,16,-0.708,32.022,42.680,0.005,-0.128,0.000,0.507,6.336,-7.896,-4.454,4.454,-1.124,-0.999
5937,16,-0.706,31.955,42.681,0.005,-0.128,0.000,0.507,6.336,-7.896,-4.453,4.453,-1.027,-0.906
5938,16,-0.613,31.893,42.702,0.205,-0.417,0.011,1.235,4.809,-8.264,-4.495,4.495,-0.929,-0.827
5939,16,-0.493,31.464,42.662,0.205,-0.417,0.011,1.235,4.809,-8.264,-5.675,5.675,3.562,4.157
5940,16,-0.441,31.350,42.657,0.205,-0.417,0.011,-1.699,3.933,-8.963,-5.698,5.698,3.730,4.315
5941,16,-0.478,31.462,42.705,-0.092,0.189,-0.079,-1.699,3.933,-8.963,-3.083,3.083,-2.841,-6.722
5942,16,-0.520,31.523,42.742,-0.023,0.189,0.161,-1.699,3.933,-8.963,-3.064,3.064,-2.933,-6.805
5943,16,-0.598,31.509,42.599,-0.023,-0.040,0.161,-0.426,2.943,-12.327,-6.364,6.364,-5.638,2.483
5944,16,-0.632,31.482,42.544,-0.023,-0.040,0.161,5.158,133.468,27.371,-6.348,6.348,-5.601,2.524
5945,16,-0.758,33.255,42.016,0.278,2.775,0.739,5.158,133.468,27.371,-15.056,15.056,-62.883,-25.702
5946,16,-1.101,34.863,41.749,-0.312,2.775,-0.274,5.158,133.468,27.371,-14.862,14.862,-64.530,-27.084
5947,16,-1.481,34.362,42.309,-0.312,-1.135,-0.274,0.459,151.383,-7.034,0.834,-0.834,16.539,3.415
5948,16,-1.672,34.118,42.588,-0.312,-1.135,-0.274,3.302,139.349,-0.321,0.920,-0.920,16.871,3.784
5949,16,-2.129,34.599,42.830,-0.179,0.545,0.113,3.302,139.349,-0.321,-4.413,4.413,-17.608,-11.106
5950,16,-2.654,34.940,42.988,-0.144,0.545,0.103,3.302,139.349,-0.321,-4.222,4.222,-18.238,-11.445
5951,16,-3.208,34.817,43.460,-0.144,-0.624,0.103,2.493,109.618,-4.766,-4.264,4.264,-1.773,5.905
5952,16,-3.413,34.725,43.596,-0.144,-0.624,0.103,-0.349,10.092,-4.905,-3.963,3.963,-1.109,5.468
5953,16,-3.122,31.169,44.240,0.731,-6.563,-0.110,-0.349,10.092,-4.905,-5.550,5.550,88.298,83.130
5954,16,-1.986,25.425,45.201,3.332,-6.563,-0.222,-0.349,10.092,-4.905,-5.900,5.900,88.542,82.887
5955,16,-0.303,21.042,45.764,3.332,-8.051,-0.222,0.933,2.842,3.426,-18.428,18.428,91.373,80.055
5956,16,0.511,18.856,45.990,3.332,-8.051,-0.222,1.091,2.311,6.685,-19.027,19.027,91.002,80.427
5957,16,2.018,14.364,46.421,3.181,-8.265,-0.340,1.091,2.311,6.685,-18.161,18.161,92.798,78.631
5958,16,4.011,7.756,46.864,2.565,-8.265,-0.334,1.091,2.311,6.685,-20.357,20.357,90.718,80.711
5959,16,5.769,5.092,47.159,2.565,-7.872,-0.334,0.971,2.378,9.690,-19.913,19.913,87.395,84.033
5960,16,5.605,1.404,47.129,2.565,-7.872,-0.334,0.871,1.876,10.992,-20.393,20.393,86.458,84.971
5961,16,5.993,-2.150,47.321,1.403,-6.716,-0.361,0.871,1.876,10.992,-15.478,15.478,85.356,86.072
5962,16,6.149,-7.196,47.551,-0.089,-6.716,-0.175,0.871,1.876,10.992,-17.409,17.409,82.876,88.553
5963,16,6.271,-8.874,47.708,-0.089,-5.850,-0.175,0.603,1.952,10.542,-12.427,12.427,77.501,93.928
5964,16,5.447,-11.703,47.765,-0.089,-5.850,-0.175,0.134,2.038,9.862,-11.801,11.801,77.996,93.433
5965,16,3.980,-14.039,47.982,-1.806,-4.723,-0.102,0.134,2.038,9.862,-2.008,2.008,78.670,92.758
5966,16,1.272,-17.204,48.430,-1.806,-4.723,-0.066,0.134,2.038,9.862,-0.448,0.448,80.596,90.832
5967,16,-0.661,-17.764,48.732,-3.460,-3.657,-0.066,-0.158,2.206,10.097,14.777,-14.777,84.287,77.343
5968,16,-2.440,-19.706,49.059,-3.460,-3.657,-0.066,-0.349,2.479,10.283,18.853,-18.853,89.652,71.979
5969,16,-5.696,-20.765,49.558,-4.770,-2.665,-0.096,-0.349,2.479,10.283,33.443,-33.443,86.368,46.926
5970,16,-10.839,-21.999,50.411,-4.770,-2.665,-0.179,-0.349,2.479,10.283,39.225,-39.225,94.597,38.697
5971,16,-14.139,-21.598,50.805,-5.570,-1.682,-0.179,-0.450,2.728,10.226,48.898,-48.898,99.896,5.305
5972,16,-16.440,-22.577,51.293,-5.570,-1.682,-0.179,-0.464,3.115,9.843,52.487,-52.487,107.075,-1.873
5973,16,-20.016,-22.385,51.844,-5.343,-0.788,-0.353,-0.464,3.115,9.843,54.658,-54.658,98.648,-18.982
5974,16,-25.031,-21.806,52.624,-5.343,-0.788,-0.651,-0.464,3.115,9.843,54.658,-54.658,98.648,-18.982
5975,16,-27.797,-20.844,53.015,-4.272,-0.061,-0.651,-0.574,3.043,9.317,57.245,-57.245,95.711,-36.833
5976,16,-29.390,-20.720,53.330,-4.272,-0.061,-0.651,-0.273,2.952,8.321,57.245,-57.245,95.711,-36.833
5977,16,-31.521,-19.596,53.725,-2.967,0.550,-0.934,-0.273,2.952,8.321,54.262,-54.262,94.075,-52.637
5978,16,-34.290,-17.708,54.186,-2.967,0.550,-1.154,-0.273,2.952,8.321,54.262,-54.262,94.075,-52.637
5979,16,-35.757,-16.484,54.497,-1.641,1.171,-1.154,-0.416,2.641,7.546,50.374,-50.374,90.689,-66.995
5980,16,-36.232,-15.447,54.461,-1.641,1.171,-1.154,-0.273,2.450,6.417,50.374,-50.374,90.689,-66.995
5981,16,-36.810,-13.637,54.517,-0.446,1.682,-1.352,-0.273,2.450,6.417,46.879,-46.879,88.338,-79.253
5982,16,-37.278,-10.829,54.484,-0.446,1.682,-1.352,-0.273,2.450,6.417,46.879,-46.879,88.338,-79.253
5983,16,-37.492,-9.566,54.636,0.829,2.093,-1.352,0.177,2.450,5.436,40.504,-40.504,82.463,-85.128
5984,16,-36.988,-7.840,54.287,0.829,2.093,-1.352,0.464,2.354,4.436,40.504,-40.504,82.463,-85.128
5985,16,-35.887,-5.784,53.941,2.380,2.411,-1.109,0.464,2.354,4.436,29.713,-29.713,71.856,-83.591
5986,16,-33.801,-2.700,53.346,2.380,2.411,-0.735,0.464,2.354,4.436,29.713,-29.713,71.856,-83.591
5987,16,-32.421,-1.808,53.182,3.934,2.647,-0.735,0.613,2.297,3.752,15.259,-15.259,55.113,-73.604
5988,16,-30.854,0.404,52.600,3.934,2.647,-0.735,0.708,2.330,2.909,12.568,-12.568,49.732,-68.222
5989,16,-28.080,2.437,51.890,5.387,2.818,-0.248,0.708,2.330,2.909,-3.828,3.828,29.033,-52.394
5990,16,-23.559,5.490,50.831,5.387,2.818,0.267,0.708,2.330,2.909,-5.423,5.423,25.844,-49.205
5991,16,-20.769,6.010,50.433,6.820,2.847,0.267,0.742,2.464,1.565,-23.052,23.052,4.489,-28.702
5992,16,-18.247,8.534,49.697,6.820,2.847,0.267,0.603,2.795,0.392,-25.917,25.917,-1.243,-22.970
5993,16,-14.004,10.412,48.829,8.217,2.677,0.794,0.603,2.795,0.392,-38.518,38.518,-18.661,-3.588
5994,16,-11.898,11.367,48.441,8.217,2.677,1.289,0.603,2.795,0.392,-39.699,39.699,-22.116,-2.318
5995,16,-3.289,13.272,46.901,9.430,2.267,1.289,0.402,2.847,-1.369,-48.789,48.789,-36.660,19.498
5996,16,-0.184,15.711,46.509,9.430,2.267,1.289,0.297,3.010,-3.512,-50.804,50.804,-44.079,20.136
5997,16,5.023,17.083,45.662,10.299,1.610,1.728,0.297,3.010,-3.512,-57.786,57.786,-50.686,41.458
5998,16,7.619,17.780,45.286,10.299,1.610,1.728,0.297,3.010,-3.512,-58.404,58.404,-53.002,41.615
5999,16,17.277,18.876,43.412,10.203,0.877,2.025,-0.038,3.196,-5.312,-63.085,63.085,-53.612,59.728
6000,16,20.390,20.612,43.391,10.203,0.877,2.025,-0.574,3.082,-5.704,-64.184,64.184,-58.829,58.909
6001,16,24.617,21.371,42.583,8.762,0.201,2.115,-0.574,3.082,-5.704,-65.703,65.703,-53.583,70.229
6002,16,26.741,21.761,42.210,8.762,0.201,2.115,-0.574,3.082,-5.704,-65.842,65.842,-54.555,69.811
6003,16,32.897,22.577,40.523,6.357,-0.071,2.028,-0.885,3.010,-5.101,-64.271,64.271,-48.460,69.624
6004,16,34.693,23.468,40.516,6.357,-0.071,2.028,-1.048,2.771,-3.565,-64.764,64.764,-51.342,68.714
6005,16,36.328,24.081,39.989,4.027,-0.091,1.844,-1.048,2.771,-3.565,-59.826,59.826,-46.784,62.987
6006,16,37.150,24.392,39.733,4.027,-0.091,1.844,-1.048,2.771,-3.565,-59.675,59.675,-46.908,62.258
6007,16,38.624,25.345,38.846,1.937,-0.006,1.607,-1.120,2.708,-3.484,-45.268,45.268,-41.021,52.317
6008,16,39.022,25.868,38.812,1.937,-0.006,1.607,-1.187,2.761,-4.311,-45.282,45.282,-42.022,51.373
6009,16,38.391,26.448,38.685,-0.261,0.202,1.375,-1.187,2.761,-4.311,-30.895,30.895,-38.815,40.984
6010,16,38.075,26.733,38.616,-0.261,0.202,1.375,-1.187,2.761,-4.311,-30.656,30.656,-38.640,40.203
6011,16,35.285,27.831,38.700,-2.286,0.423,1.104,-1.431,2.828,-4.287,-16.278,16.278,-34.507,27.327
6012,16,34.414,28.128,38.691,-2.286,0.423,1.104,-1.785,3.115,-4.536,-15.938,15.938,-34.072,26.401
6013,16,31.613,28.668,38.955,-4.454,0.610,0.821,-1.785,3.115,-4.536,-1.120,1.120,-29.378,15.180
6014,16,30.212,28.934,39.078,-4.454,0.610,0.821,-1.785,3.115,-4.536,-0.918,0.918,-29.278,14.470
6015,16,23.193,30.243,40.012,-6.517,0.781,0.450,-1.995,3.378,-4.637,14.261,-14.261,-23.906,0.396
6016,16,21.125,30.261,40.102,-6.517,0.781,0.450,-1.909,3.613,-6.216,14.835,-14.835,-22.506,-0.500
6017,16,16.516,30.814,40.773,-8.110,0.938,0.070,-1.909,3.613,-6.216,24.661,-24.661,-15.701,-13.343
6018,16,14.213,31.098,41.092,-8.110,0.938,0.070,-1.909,3.613,-6.216,24.708,-24.708,-16.011,-13.844
6019,16,4.466,32.681,42.562,-9.200,0.920,-0.297,-1.771,3.972,-8.092,29.226,-29.226,-9.014,-24.919
6020,16,1.708,32.500,42.990,-9.200,0.920,-0.297,-1.402,3.976,-9.307,29.058,-29.058,-9.101,-24.335
6021,16,-3.195,32.962,43.957,-9.090,0.687,-0.659,-1.402,3.976,-9.307,33.286,-33.286,2.031,-30.113
6022,16,-5.643,33.212,44.431,-9.090,0.687,-0.659,-1.402,3.976,-9.307,33.097,-33.097,1.313,-30.076
6023,16,-13.858,34.454,46.226,-7.804,0.319,-0.868,-0.656,3.441,-8.996,33.936,-33.936,6.881,-27.861
6024,16,-16.188,34.197,47.035,-7.804,0.319,-0.868,-0.201,3.062,-7.929,34.637,-34.637,8.467,-29.083
6025,16,-19.265,34.441,48.224,-6.272,-0.026,-0.976,-0.201,3.062,-7.929,35.612,-35.612,15.101,-26.348
6026,16,-23.354,34.813,50.076,-6.272,-0.026,-0.976,-0.201,3.062,-7.929,35.412,-35.412,14.581,-26.069
6027,16,-25.418,35.246,50.317,-4.648,-0.289,-1.105,0.201,2.991,-6.972,36.001,-36.001,18.988,-24.017
6028,16,-26.410,35.138,52.069,-4.648,-0.289,-1.105,0.474,2.847,-6.034,36.196,-36.196,19.443,-24.339
6029,16,-27.444,35.375,53.489,-3.005,-0.345,-1.219,0.474,2.847,-6.034,29.905,-29.905,22.377,-26.141
6030,16,-27.963,35.496,54.195,-3.005,-0.345,-1.219,0.474,2.847,-6.034,29.780,-29.780,22.006,-26.010
6031,16,-28.665,35.901,56.276,-1.278,-0.414,-1.228,0.785,2.823,-5.900,20.328,-20.328,21.290,-23.456
6032,16,-28.520,36.053,57.793,-1.278,-0.414,-1.228,0.919,2.909,-5.919,20.872,-20.872,21.786,-25.135
6033,16,-27.478,36.314,59.208,0.607,-0.292,-1.239,0.919,2.909,-5.919,11.547,-11.547,19.836,-27.495
6034,16,-25.377,36.660,61.318,0.607,-0.292,-1.239,0.919,2.909,-5.919,11.540,-11.540,19.628,-27.678
6035,16,-23.649,36.485,62.305,2.510,-0.261,-1.187,0.986,2.929,-6.632,1.772,-1.772,18.387,-27.896
6036,16,-22.216,36.928,63.393,2.510,-0.261,-1.187,0.813,2.885,-6.843,1.747,-1.747,17.661,-28.522
6037,16,-19.647,36.516,64.686,4.029,-0.242,-1.091,0.813,2.885,-6.843,-6.508,6.508,16.462,-27.083
6038,16,-14.552,37.114,66.634,4.029,-0.242,-1.091,0.813,2.885,-6.843,-6.478,6.478,15.666,-27.997
6039,16,-11.477,36.494,67.751,5.327,-0.201,-1.040,0.536,3.015,-6.843,-14.238,14.238,16.534,-28.964
6040,16,-9.136,37.088,68.482,5.327,-0.201,-1.040,0.388,3.082,-7.489,-15.202,15.202,16.045,-30.285
6041,16,-5.590,36.207,69.521,6.385,-0.245,-1.027,0.388,3.082,-7.489,-21.787,21.787,18.831,-29.480
6042,16,-2.865,36.894,70.290,6.385,-0.245,-1.027,0.388,3.082,-7.489,-22.346,22.346,18.471,-31.143
6043,16,4.903,35.588,72.407,6.623,-0.402,-0.918,-0.029,3.192,-7.723,-23.735,23.735,19.750,-24.310
6044,16,7.586,36.118,72.998,6.623,-0.402,-0.918,-0.368,3.330,-7.446,-22.258,22.258,22.057,-27.909
6045,16,10.917,35.056,73.687,6.361,-0.438,-0.870,-0.368,3.330,-7.446,-22.671,22.671,23.321,-24.994
6046,16,17.231,34.994,75.310,6.361,-0.438,-0.870,-0.368,3.330,-7.446,-22.271,22.271,23.619,-26.298
6047,16,20.185,33.902,75.951,5.804,-0.417,-0.860,-0.445,3.101,-7.087,-22.971,22.971,24.004,-23.110
6048,16,22.503,34.239,76.559,5.804,-0.417,-0.860,-0.507,3.125,-6.527,-21.973,21.973,25.911,-25.197
6049,16,25.056,33.343,77.089,5.053,-0.274,-0.813,-0.507,3.125,-6.527,-22.819,22.819,23.448,-24.278
6050,16,29.850,33.556,77.735,5.053,-0.274,-0.813,-0.507,3.125,-6.527,-22.566,22.566,23.755,-24.981
6051,16,31.912,32.283,78.902,4.360,-0.137,-0.761,-0.507,3.072,-6.273,-23.418,23.418,20.187,-22.342
6052,16,33.709,32.491,79.573,4.360,-0.137,-0.761,-0.589,3.163,-6.589,-22.815,22.815,21.476,-23.468
6053,16,35.484,31.845,80.058,3.641,0.001,-0.679,-0.589,3.163,-6.589,-20.634,20.634,17.481,-21.803
6054,16,36.898,31.967,80.616,3.641,0.001,-0.679,-0.589,3.163,-6.589,-20.497,20.497,17.655,-22.179
6055,16,39.993,31.161,81.640,2.806,0.182,-0.595,-0.727,3.153,-6.781,-18.179,18.179,12.066,-20.337
6056,16,41.213,31.258,82.346,2.806,0.182,-0.595,-0.660,3.158,-7.058,-17.800,17.800,13.005,-20.914
6057,16,42.107,30.907,82.884,1.908,0.281,-0.489,-0.660,3.158,-7.058,-14.917,14.917,8.765,-18.723
6058,16,42.852,30.964,83.344,1.908,0.281,-0.489,-0.660,3.158,-7.058,-14.858,14.858,8.836,-18.890
6059,16,43.947,30.750,84.366,0.958,0.432,-0.422,-0.770,3.039,-6.709,-11.383,11.383,4.066,-18.556
6060,16,44.500,30.632,85.055,0.958,0.432,-0.422,-0.876,3.015,-6.886,-11.212,11.212,4.831,-18.476
6061,16,44.505,30.558,85.743,0.020,0.524,-0.368,-0.876,3.015,-6.886,-7.268,7.268,2.110,-18.221
6062,16,44.536,30.543,86.108,0.020,0.524,-0.368,-0.876,3.015,-6.886,-7.282,7.282,2.100,-18.179
6063,16,43.931,30.357,87.234,-1.219,0.473,-0.559,-9.097,-1.225,-8.542,0.839,-0.839,6.533,-21.450
6064,16,43.362,30.194,88.035,-1.219,0.473,-0.559,-52.953,-49.713,-22.289,1.001,-1.001,7.356,-21.273
6065,16,34.725,25.503,99.760,-31.791,-3.481,-20.159,-52.953,-49.713,-22.289,100.250,-100.250,205.011,-94.989
6066,16,8.278,10.796,116.899,-31.791,-3.481,-20.159,-52.953,-49.713,-22.289,100.250,-100.250,215.363,-84.636
6067,16,1.392,7.211,125.958,-29.173,-9.282,-32.382,57.254,-128.802,-67.188,100.250,-100.250,235.714,-64.286
6068,16,-13.574,3.546,144.860,-29.173,-9.282,-32.382,8.034,-15.088,11.862,100.250,-100.250,235.714,-64.286
6069,16,-18.051,-5.679,157.226,-20.012,-26.651,-34.578,8.034,-15.088,11.862,100.250,-100.250,235.714,-64.286
6070,16,-45.216,-8.792,-154.463,-20.012,-26.651,-34.578,8.034,-15.088,11.862,100.250,-100.250,235.714,-64.286
6071,16,-51.172,-9.068,-142.031,-14.210,-32.527,-28.567,-9.886,2.594,-8.704,100.250,-100.250,235.714,-64.286
6072,16,-62.539,-5.884,-117.568,-14.210,-32.527,-28.567,-9.929,10.226,-11.082,100.250,-100.250,235.714,-64.286
6073,16,-68.838,-3.037,-100.907,-1.615,-31.351,-26.651,-9.929,10.226,-11.082,85.825,-85.825,235.714,-64.286
6074,16,-60.883,8.966,-62.432,-1.615,-31.351,-26.651,-9.929,10.226,-11.082,85.825,-85.825,235.714,-64.286
6075,16,-56.430,12.007,-51.882,8.979,-25.865,-29.050,-5.790,14.073,-3.249,40.250,-40.250,235.714,-64.286
6076,16,-46.122,15.415,-29.935,8.979,-25.865,-29.050,-0.603,6.934,2.101,40.250,-40.250,235.714,-64.286
6077,16,-30.177,22.483,-8.672,17.708,-16.593,-34.208,-0.603,6.934,2.101,40.250,-40.250,235.714,-64.286
6078,16,-1.214,18.462,26.541,17.708,-16.593,-34.208,-0.603,6.934,2.101,40.250,-40.250,235.714,-64.286
6079,16,8.568,17.530,37.294,22.354,-0.887,-34.894,-1.842,4.981,-3.369,40.250,-40.250,180.289,-119.711
6080,16,26.442,10.819,57.173,22.354,-0.887,-34.894,-0.254,6.163,-5.838,40.250,-40.250,187.118,-112.882
6081,16,36.473,5.297,73.491,19.868,16.472,-34.833,-0.254,6.163,-5.838,40.250,-40.250,64.286,-235.714
6082,16,56.401,-4.228,111.602,19.868,16.472,-34.833,-0.254,6.163,-5.838,40.250,-40.250,64.286,-235.714
6083,16,58.340,-7.450,123.032,11.108,27.207,-30.372,-0.354,6.063,-4.814,40.250,-40.250,64.286,-235.714
6084,16,60.126,-14.576,145.800,11.108,27.207,-30.372,-2.316,3.445,-0.909,40.250,-40.250,64.286,-235.714
6085,16,55.073,-12.665,159.666,0.394,29.415,-25.107,-2.316,3.445,-0.909,60.779,-60.779,64.286,-235.714
6086,16,40.992,-16.577,-158.030,0.394,29.415,-25.107,-2.316,3.445,-0.909,60.779,-60.779,64.286,-235.714
6087,16,35.595,-14.622,-147.827,-9.019,26.851,-23.323,-5.087,3.732,2.871,100.250,-100.250,64.286,-235.714
6088,16,26.478,-8.205,-128.523,-9.019,26.851,-23.323,-5.843,8.551,1.957,100.250,-100.250,64.286,-235.714
6089,16,22.064,-4.324,-118.409,-16.350,21.247,-23.383,-5.843,8.551,1.957,100.250,-100.250,64.286,-235.714
6090,16,2.320,10.685,-89.733,-16.350,21.247,-23.383,-5.843,8.551,1.957,100.250,-100.250,64.286,-235.714
6091,16,-2.276,14.437,-82.479,-22.078,13.511,-25.821,-0.766,6.455,-1.646,100.250,-100.250,64.286,-235.714
6092,16,-10.214,24.012,-67.302,-22.078,13.511,-25.821,-1.967,1.775,-3.675,100.250,-100.250,64.286,-235.714
6093,16,-15.320,26.872,-50.016,-24.373,2.550,-28.631,-1.967,1.775,-3.675,100.250,-100.250,117.878,-182.122
6094,16,-19.629,37.014,-19.888,-24.373,2.550,-28.631,-1.967,1.775,-3.675,100.250,-100.250,109.798,-190.202
6095,16,-18.702,37.553,-8.782,-20.145,-8.520,-29.077,-2.675,2.062,-3.106,100.250,-100.250,235.714,-64.286
6096,16,-16.506,38.142,13.605,-20.145,-8.520,-29.077,-2.809,2.905,-0.928,100.250,-100.250,235.714,-64.286
6097,16,-12.757,36.165,25.087,-11.929,-14.768,-28.304,-2.809,2.905,-0.928,100.250,-100.250,235.714,-64.286
6098,16,-1.508,26.538,66.032,-11.929,-14.768,-28.304,-2.809,2.905,-0.928,100.250,-100.250,235.714,-64.286
6099,16,-0.731,19.953,74.587,-3.124,-15.910,-27.885,-2.732,3.316,-0.770,86.243,-86.243,235.714,-64.286
6100,16,2.008,10.866,91.232,-3.124,-15.910,-27.885,-3.311,4.847,-1.771,84.810,-84.810,235.714,-64.286
6101,16,7.188,3.828,99.233,4.452,-12.700,-28.187,-3.311,4.847,-1.771,43.992,-43.992,235.714,-64.286
6102,16,9.949,-10.524,129.755,4.452,-12.700,-28.187,-3.311,4.847,-1.771,43.350,-43.350,235.714,-64.286
6103,16,9.924,-14.093,137.760,9.531,-6.816,-28.406,-3.311,4.847,-2.981,40.250,-40.250,235.714,-64.286
6104,16,10.794,-20.511,153.720,9.531,-6.816,-28.406,-3.919,7.273,-2.981,40.250,-40.250,235.714,-64.286
6105,16,10.695,-24.449,161.739,9.531,-6.816,-28.406,-3.062,8.647,-3.330,42.500,-42.500,235.714,-64.286
6106,16,6.954,-28.551,-163.241,11.166,-0.168,-28.048,-3.062,8.647,-3.330,42.500,-42.500,180.976,-119.024
6107,16,7.042,-27.959,-154.757,9.583,5.865,-27.459,-3.062,8.647,-3.330,42.500,-42.500,94.781,-205.219
6108,16,4.811,-25.935,-137.297,9.583,5.865,-27.459,-2.091,7.738,-2.962,42.500,-42.500,94.781,-205.219
6109,16,5.197,-22.282,-128.828,9.583,5.865,-27.459,-1.397,4.871,-2.283,42.500,-42.500,94.781,-205.219
6110,16,1.093,-18.732,-112.174,5.371,10.824,-26.645,-1.397,4.871,-2.283,44.816,-44.816,64.286,-235.714
6111,16,-1.224,-8.157,-88.968,-0.315,13.413,-25.751,-1.397,4.871,-2.283,74.855,-74.855,64.286,-235.714
6112,16,-2.213,0.338,-74.513,-0.315,13.413,-25.751,-1.818,1.321,-1.536,75.350,-75.350,64.286,-235.714
6113,16,-0.885,5.264,-67.272,-0.315,13.413,-25.751,-2.517,-0.426,-2.091,74.564,-74.564,64.286,-235.714
6114,16,-0.116,17.958,-38.093,-5.695,13.344,-25.153,-2.517,-0.426,-2.091,102.426,-102.426,64.286,-235.714
6115,16,-1.140,24.884,-30.671,-9.902,10.912,-24.845,-2.517,-0.426,-2.091,102.500,-102.500,64.286,-235.714
6116,16,1.022,31.306,-14.505,-9.902,10.912,-24.845,-3.464,-0.794,-2.675,102.500,-102.500,64.286,-235.714
6117,16,1.710,34.177,-6.272,-9.902,10.912,-24.845,-3.699,-0.225,-3.402,102.500,-102.500,64.286,-235.714
6118,16,10.671,37.719,30.121,-12.247,6.837,-24.618,-3.699,-0.225,-3.402,102.500,-102.500,64.286,-235.714
6119,16,13.085,37.883,39.220,-12.487,2.157,-24.266,-3.699,-0.225,-3.402,102.500,-102.500,108.216,-191.784
6120,16,16.408,35.497,56.431,-12.487,2.157,-24.266,-3.287,0.646,-2.818,102.500,-102.500,111.651,-188.349
6121,16,17.672,34.042,64.768,-12.487,2.157,-24.266,-2.172,1.182,-1.967,102.500,-102.500,113.682,-186.318
6122,16,20.843,24.235,94.201,-10.926,-2.285,-23.802,-2.172,1.182,-1.967,102.500,-102.500,184.691,-115.309
6123,16,19.034,19.122,99.911,-8.131,-5.784,-23.455,-2.172,1.182,-1.967,102.500,-102.500,235.714,-64.286
6124,16,17.722,11.870,112.323,-8.131,-5.784,-23.455,-1.297,0.880,-1.555,102.500,-102.500,235.714,-64.286
6125,16,17.206,7.206,118.359,-8.131,-5.784,-23.455,25.189,-22.112,-44.870,102.500,-102.500,235.714,-64.286
6126,16,14.464,2.078,131.572,-5.554,-4.439,-25.080,25.189,-22.112,-44.870,92.771,-92.771,235.714,-64.286
6127,16,8.422,-1.188,154.526,-6.857,14.113,-32.885,25.189,-22.112,-44.870,101.876,-101.876,64.286,-235.714
6128,16,4.771,4.794,173.677,-6.857,14.113,-32.885,110.561,-43.598,-49.823,102.500,-102.500,64.286,-235.714
6129,16,3.818,10.497,-176.779,-6.857,14.113,-32.885,40.793,68.820,-19.136,102.500,-102.500,64.286,-235.714
6130,16,11.367,16.074,-162.498,5.781,8.058,-12.286,40.793,68.820,-19.136,42.500,-42.500,64.286,-235.714
6131,16,14.054,17.990,-160.601,1.846,8.492,-4.555,40.793,68.820,-19.136,34.334,-34.334,20.769,-192.198
6132,16,16.233,22.296,-157.028,1.846,8.492,-4.555,0.694,33.501,3.929,35.001,-35.001,22.749,-194.177
6133,16,18.186,26.882,-154.549,1.846,8.492,-4.555,0.536,0.991,0.804,36.490,-36.490,25.727,-197.156
6134,16,20.364,29.018,-150.094,1.181,9.908,-5.701,0.536,0.991,0.804,54.932,-54.932,55.964,-227.392
6135,16,25.640,35.241,-141.817,0.402,8.976,-5.522,0.536,0.991,0.804,57.104,-57.104,52.511,-223.939
6136,16,29.587,38.723,-135.891,0.402,8.976,-5.522,-0.364,-0.995,0.292,62.436,-62.436,63.174,-234.603
6137,16,33.095,41.973,-131.661,0.402,8.976,-5.522,0.124,-0.206,-0.531,62.992,-62.992,64.286,-235.714
6138,16,36.260,43.269,-126.074,-0.452,8.866,-5.294,0.124,-0.206,-0.531,67.258,-67.258,64.286,-235.714
6139,16,44.033,46.742,-114.964,-1.243,8.578,-5.474,0.124,-0.206,-0.531,71.216,-71.216,64.286,-235.714
6140,16,49.682,48.281,-106.894,-1.243,8.578,-5.474,0.914,-1.034,1.263,71.216,-71.216,64.286,-235.714
6141,16,54.177,49.592,-101.444,-1.243,8.578,-5.474,-0.100,0.201,1.416,71.216,-71.216,64.286,-235.714
6145,16,73.164,46.347,-71.208,-2.521,7.222,-5.919,-1.148,0.627,-0.311,77.607,-77.607,64.286,-235.714
6146,16,80.573,42.818,-58.840,-3.063,6.851,-5.854,-1.148,0.627,-0.311,80.313,-80.313,64.286,-235.714
6147,16,81.092,41.231,-55.421,-3.528,6.851,-5.680,-1.148,0.627,-0.311,82.641,-82.641,64.286,-235.714
6148,16,83.366,38.825,-49.715,-3.528,6.930,-5.680,-1.177,0.316,-1.101,82.641,-82.641,64.286,-235.714
6151,16,83.855,29.746,-34.297,-4.570,6.850,-5.986,-0.364,-0.191,-1.168,87.356,-87.356,63.298,-234.726
6152,16,82.849,26.622,-29.536,-4.570,6.641,-5.986,-0.110,-0.258,-1.464,83.481,-83.481,55.548,-226.977
6153,16,82.250,25.097,-27.178,-4.570,6.641,-5.986,-0.019,-0.273,-1.732,81.599,-81.599,51.784,-223.212
6154,16,79.688,18.799,-18.395,-4.985,6.394,-6.371,-0.019,-0.273,-1.732,84.593,-84.593,53.617,-225.046
6155,16,77.581,17.270,-15.809,-5.302,6.394,-6.852,-0.019,-0.273,-1.732,86.604,-86.604,54.476,-225.904
6156,16,75.161,14.188,-11.346,-5.302,5.977,-6.852,0.086,-0.368,-1.785,83.019,-83.019,53.349,-212.693
6157,16,73.880,12.725,-9.086,-5.302,5.977,-6.852,-0.316,-0.153,-1.976,81.364,-81.364,51.078,-208.342
6158,16,68.485,6.768,-0.360,-5.566,5.425,-7.175,-0.316,-0.153,-1.976,83.409,-83.409,62.934,-199.381
6159,16,66.186,5.479,1.868,-5.855,5.425,-7.303,-0.316,-0.153,-1.976,85.567,-85.567,68.862,-196.310
6160,16,62.695,2.850,6.284,-5.855,4.796,-7.303,-3.699,0.201,-1.699,85.567,-85.567,81.336,-183.837
6163,16,51.806,-2.896,18.065,-5.559,3.888,-6.454,-74.007,2.220,9.355,73.473,-73.473,83.847,-138.875
6164,16,48.622,-4.909,21.421,-5.559,2.076,-6.454,-10.346,-1.857,-3.842,73.473,-73.473,110.272,-112.450
6173,16,14.818,-19.892,49.600,-5.601,-0.624,-6.436,-2.708,-56.120,-26.778,77.348,-77.348,156.174,-81.195
6174,16,6.351,-16.334,57.187,-5.582,4.535,-5.740,-2.708,-56.120,-26.778,75.186,-75.186,78.341,-150.765
6175,16,4.286,-15.160,59.402,-5.746,4.535,-6.181,-2.708,-56.120,-26.778,95.083,-95.083,107.560,-179.984
6176,16,0.241,-12.650,63.172,-5.746,5.065,-6.181,0.981,-4.929,-2.517,101.066,-101.066,106.210,-193.790
6177,16,-1.703,-11.312,64.959,-5.746,5.065,-6.181,0.488,-0.675,-1.091,102.364,-102.364,106.210,-193.790
6178,16,-9.235,-5.878,70.085,-5.953,4.874,-6.343,0.488,-0.675,-1.091,102.500,-102.500,108.949,-191.051
6179,16,-11.087,-4.250,73.213,-6.150,4.874,-6.428,0.488,-0.675,-1.091,102.500,-102.500,108.949,-191.051
6180,16,-14.629,-1.298,76.144,-6.150,4.424,-6.428,0.091,-0.359,-0.770,102.500,-102.500,115.371,-184.629
6181,16,-16.361,0.217,77.517,-6.150,4.424,-6.428,-0.057,-0.306,-0.641,102.500,-102.500,115.371,-184.629
6182,16,-22.944,5.873,81.125,-6.196,3.879,-6.476,-0.057,-0.306,-0.641,102.500,-102.500,123.162,-176.838
6183,16,-23.900,7.541,83.869,-3.651,3.879,-6.540,-0.057,-0.306,-0.641,98.253,-98.253,123.162,-176.838
6184,16,-25.747,10.296,86.269,-3.651,3.457,-6.540,2.900,-1.359,-5.675,98.253,-98.253,125.873,-174.127
6185,16,-26.358,11.997,87.393,-3.651,3.457,-6.540,11.781,0.048,-3.737,98.253,-98.253,123.585,-176.415
6186,16,-18.254,16.139,90.637,7.880,4.132,-5.862,11.781,0.048,-3.737,42.500,-42.500,110.713,-189.287
6187,16,-13.944,19.697,92.451,7.880,4.132,-4.235,11.781,0.048,-3.737,23.579,-23.579,67.407,-156.909
6188,16,-11.243,21.076,94.052,7.133,5.185,-4.235,11.609,6.733,-11.226,22.659,-22.659,48.707,-171.835
6189,16,-6.896,24.335,95.325,7.133,5.185,-4.235,9.810,31.525,-36.185,21.297,-21.297,41.561,-173.625
6190,16,0.076,22.813,97.068,6.554,-0.508,-1.439,9.810,31.525,-36.185,-14.130,14.130,52.597,-20.881
6191,16,2.790,23.177,97.528,6.554,-0.508,-0.177,9.810,31.525,-36.185,-30.707,30.707,20.582,13.409
6192,16,5.378,21.696,97.561,6.017,-1.476,-0.177,-2.345,3.555,-5.857,-31.269,31.269,35.364,30.441
6193,16,7.763,21.836,97.818,6.017,-1.476,-0.177,-1.694,0.775,-5.326,-31.677,31.677,34.293,31.003
6194,16,10.901,21.586,97.943,5.763,-0.375,-0.004,-1.694,0.775,-5.326,-34.450,34.450,13.259,21.058
6195,16,15.317,21.471,98.102,5.763,-0.375,0.176,-1.694,0.775,-5.326,-37.600,37.600,6.883,27.285
6196,16,17.088,21.116,97.961,4.797,0.522,0.176,-2.445,-0.751,-7.771,-37.984,37.984,-6.299,15.638
6197,16,19.194,21.865,98.279,4.797,0.522,0.176,-6.503,-0.933,-10.647,-38.061,38.061,-7.606,14.636
6198,16,19.221,22.283,98.223,0.402,0.709,0.545,-6.503,-0.933,-10.647,-22.019,22.019,-19.750,20.292
6199,16,18.409,22.576,98.197,0.402,0.709,-0.003,-6.503,-0.933,-10.647,-14.917,14.917,-5.895,5.742
6200,16,17.261,22.755,98.454,-2.835,-0.290,-0.003,-6.470,0.885,-6.661,1.513,-1.513,8.700,19.341
6201,16,15.872,22.228,98.323,-2.835,-0.290,-0.003,-5.651,2.359,-9.790,1.541,-1.541,9.552,20.080
6202,16,14.049,22.098,98.429,-3.132,-0.121,0.039,-5.651,2.359,-9.790,3.166,-3.166,6.874,18.493
6203,16,11.425,22.025,98.616,-3.132,-0.121,0.141,-5.651,2.359,-9.790,3.517,-3.517,5.056,20.671
6204,16,10.243,22.481,98.854,-2.902,0.250,0.141,-1.785,1.589,-10.489,3.405,-3.405,0.116,13.869
6205,16,8.948,22.168,98.782,-2.902,0.250,0.141,0.268,0.024,-9.987,4.204,-4.204,0.896,14.054
6206,16,7.234,22.219,98.856,-3.004,0.181,0.164,0.268,0.024,-9.987,5.587,-5.587,1.874,15.005
6207,16,4.654,22.242,98.907,-3.004,0.181,0.319,0.268,0.024,-9.987,5.337,-5.337,-1.245,18.149
6208,16,3.450,22.618,98.996,-2.986,0.034,0.319,0.335,1.024,-10.479,6.150,-6.150,0.960,19.119
6209,16,2.055,22.179,98.866,-2.986,0.034,0.319,1.043,1.201,-9.991,7.059,-7.059,2.010,19.346
6210,16,0.617,22.115,98.804,-2.447,0.004,0.377,1.043,1.201,-9.991,4.602,-4.602,1.561,20.844
6211,16,-1.342,22.018,98.750,-2.447,0.004,0.280,1.043,1.201,-9.991,7.145,-7.145,4.805,17.873
6212,16,-2.073,22.215,98.747,-1.809,0.047,0.280,1.976,0.885,-9.700,4.442,-4.442,4.149,16.741
6213,16,-2.915,21.937,98.748,-1.809,0.047,0.280,2.283,0.914,-9.374,5.030,-5.030,4.862,16.806
6214,16,-3.463,21.843,98.826,-0.975,-0.016,0.149,2.283,0.914,-9.374,2.879,-2.879,9.371,14.347
6215,16,-4.022,21.709,98.980,-0.975,-0.016,0.149,2.283,0.914,-9.374,3.168,-3.168,9.533,14.575
6216,16,-4.011,21.649,99.094,-0.083,0.005,0.010,2.397,0.790,-9.307,0.558,-0.558,13.056,10.594
6217,16,-4.056,21.586,99.197,-0.083,0.005,0.010,1.861,0.880,-9.412,0.595,-0.595,13.172,10.654
6218,16,-3.643,21.489,99.390,0.659,-0.019,-0.076,1.861,0.880,-9.412,-2.329,2.329,15.661,9.155
6219,16,-2.923,21.337,99.683,0.659,-0.019,-0.076,1.861,0.880,-9.412,-2.998,2.998,15.215,10.079
6220,16,-2.446,21.105,99.849,1.046,-0.040,-0.120,1.311,0.900,-9.728,-4.509,4.509,17.240,9.308
6221,16,-1.985,21.168,99.992,1.046,-0.040,-0.120,0.727,0.880,-10.006,-4.836,4.836,16.968,9.407
6222,16,-1.316,21.058,100.191,1.133,-0.040,-0.123,0.727,0.880,-10.006,-5.711,5.711,16.930,9.770
6223,16,-0.317,20.890,100.495,1.133,-0.040,-0.123,0.727,0.880,-10.006,-6.601,6.601,16.330,10.857
6224,16,0.170,20.657,100.654,1.113,-0.019,-0.154,0.483,0.876,-9.877,-6.256,6.256,17.413,9.830
6225,16,0.665,20.735,100.819,1.113,-0.019,-0.154,-0.057,0.967,-10.006,-6.607,6.607,17.099,9.918
6226,16,1.479,20.586,101.129,0.925,-0.009,-0.133,-0.057,0.967,-10.006,-6.320,6.320,16.327,10.665
6227,16,1.929,20.488,101.324,0.925,-0.009,-0.133,-0.057,0.967,-10.006,-7.020,7.020,15.788,11.602
6228,16,2.210,20.331,101.459,0.630,0.004,-0.087,-0.335,0.818,-9.948,-6.148,6.148,14.984,12.498
6229,16,2.477,20.351,101.598,0.630,0.004,-0.087,-0.498,0.909,-9.843,-6.339,6.339,14.842,12.580
6230,16,2.616,20.260,101.748,0.254,0.006,-0.033,-0.498,0.909,-9.843,-5.243,5.243,13.511,14.104
6231,16,2.721,20.128,101.958,0.254,0.006,-0.033,-0.498,0.909,-9.843,-5.453,5.453,13.331,14.643
6232,16,2.693,20.070,102.053,-0.110,0.000,0.012,-0.378,0.857,-9.900,-4.054,4.054,12.698,15.641
6233,16,2.615,19.993,102.143,-0.110,0.000,0.012,-0.067,0.900,-9.853,-4.002,4.002,12.834,15.726
6234,16,2.416,19.905,102.253,-0.328,0.002,0.038,-0.067,0.900,-9.853,-3.103,3.103,12.344,16.411
6235,16,2.107,19.775,102.418,-0.328,0.002,0.038,-0.067,0.900,-9.853,-2.987,2.987,12.409,16.714
6236,16,1.966,19.760,102.501,-0.385,0.002,0.047,0.187,0.880,-9.905,-2.606,2.606,12.530,16.649
6237,16,1.765,19.648,102.578,-0.385,0.002,0.047,0.392,0.890,-9.838,-2.463,2.463,12.773,16.728
6238,16,1.575,19.566,102.686,-0.316,0.006,0.044,0.392,0.890,-9.838,-2.627,2.627,12.992,16.626
6239,16,1.335,19.439,102.855,-0.316,0.006,0.044,0.392,0.890,-9.838,-2.562,2.562,13.020,16.957
6240,16,1.278,19.403,102.914,-0.176,0.000,0.026,0.531,0.895,-9.829,-2.890,2.890,13.899,16.372
6241,16,1.179,19.312,103.034,-0.176,0.000,0.026,0.522,0.885,-9.824,-2.819,2.819,14.070,16.461
6242,16,1.202,19.249,103.177,-0.014,0.000,0.001,0.522,0.885,-9.824,-3.341,3.341,14.758,15.952
6243,16,1.193,19.101,103.376,-0.014,0.000,0.001,0.522,0.885,-9.824,-3.470,3.470,14.652,16.474
6244,16,1.249,19.023,103.449,0.099,-0.001,-0.013,0.402,0.880,-9.843,-3.774,3.774,15.407,15.979
6245,16,1.278,18.972,103.586,0.099,-0.001,-0.013,0.254,0.880,-9.862,-3.798,3.798,15.463,16.069
6246,16,1.356,18.891,103.730,0.125,-0.001,-0.017,0.254,0.880,-9.862,-3.934,3.934,15.642,16.121
6247,16,1.443,18.758,103.940,0.125,-0.001,-0.017,0.254,0.880,-9.862,-4.136,4.136,15.464,16.667
6248,16,1.487,18.689,104.013,0.075,-0.001,-0.011,0.144,0.890,-9.862,-3.869,3.869,15.692,16.646
6249,16,1.504,18.634,104.148,0.075,-0.001,-0.011,0.144,0.885,-9.862,-3.885,3.885,15.758,16.737
6250,16,1.527,18.573,104.283,-0.002,-0.000,0.000,0.144,0.885,-9.862,-3.654,3.654,15.547,17.090
6251,16,1.478,18.429,104.470,-0.002,-0.000,0.000,0.144,0.885,-9.862,-3.743,3.743,15.481,17.559
6252,16,1.475,18.378,104.536,-0.052,-0.000,0.007,0.220,0.885,-9.853,-3.464,3.464,15.653,17.543
6253,16,1.430,18.308,104.658,-0.052,-0.000,0.007,0.316,0.895,-9.862,-3.432,3.432,15.771,17.623
6254,16,1.437,18.254,104.787,-0.047,0.001,0.006,0.316,0.895,-9.862,-3.453,3.453,15.852,17.666
6255,16,1.366,18.110,104.966,-0.047,0.001,0.006,0.316,0.895,-9.862,-3.519,3.519,15.812,18.113
6256,16,1.374,18.054,105.031,-0.007,0.000,0.001,0.349,0.890,-9.848,-3.541,3.541,16.308,17.815
6257,16,1.355,17.992,105.155,-0.007,0.000,0.001,0.278,0.890,-9.843,-3.529,3.529,16.403,17.897
6258,16,1.385,17.930,105.286,0.023,0.000,-0.003,0.278,0.890,-9.843,-3.656,3.656,16.577,17.898
6259,16,1.376,17.797,105.470,0.023,0.000,-0.003,0.278,0.890,-9.843,-3.772,3.772,16.484,18.364
6260,16,1.396,17.737,105.535,0.018,0.000,-0.002,0.239,0.880,-9.853,-3.657,3.657,16.808,18.218
6261,16,1.389,17.681,105.658,0.018,0.000,-0.002,0.230,0.880,-9.843,-3.654,3.654,16.889,18.299
6262,16,1.411,17.623,105.785,-0.002,0.000,0.000,0.230,0.880,-9.843,-3.599,3.599,16.902,18.451
6263,16,1.375,17.488,105.965,-0.002,0.000,0.000,0.230,0.880,-9.843,-3.692,3.692,16.829,18.900
6264,16,1.382,17.437,106.025,-0.014,0.000,0.002,0.268,0.885,-9.857,-3.550,3.550,17.118,18.764
6265,16,1.356,17.376,106.143,-0.014,0.000,0.002,0.268,0.885,-9.857,-3.532,3.532,17.216,18.841
6266,16,1.373,17.319,106.269,-0.007,0.000,0.001,0.292,0.890,-9.848,-3.547,3.547,17.285,18.935
6267,16,1.332,17.188,106.441,-0.007,0.000,0.001,0.292,0.890,-9.848,-3.652,3.652,17.244,19.344
6268,16,1.346,17.134,106.505,0.010,0.000,-0.001,0.292,0.885,-9.843,-3.609,3.609,17.633,19.117
6269,16,1.333,17.079,106.622,0.010,0.000,-0.001,0.292,0.885,-9.843,-3.601,3.601,17.716,19.192
6270,16,1.356,17.023,106.747,0.011,0.000,-0.001,0.249,0.885,-9.862,-3.621,3.621,17.778,19.288
6271,16,1.338,16.896,106.919,0.011,0.000,-0.001,0.249,0.885,-9.862,-3.731,3.731,17.694,19.728
6272,16,1.334,16.860,106.978,-0.004,0.000,0.000,0.249,0.885,-9.862,-3.553,3.553,17.988,19.545
6273,16,1.328,16.789,107.094,-0.004,0.000,0.000,0.249,0.885,-9.862,-3.550,3.550,18.089,19.648
6274,16,1.337,16.733,107.175,-0.009,0.001,0.001,0.273,0.876,-9.853,-3.559,3.559,18.159,19.735
6275,16,1.300,16.611,107.380,-0.009,0.001,0.001,0.273,0.876,-9.853,-3.637,3.637,18.048,20.159
6276,16,1.311,16.560,107.438,-0.000,0.000,0.000,0.282,0.880,-9.848,-3.565,3.565,18.412,19.978
6277,16,1.291,16.505,107.549,-0.000,0.000,0.000,0.282,0.880,-9.848,-3.551,3.551,18.499,20.047
6278,16,1.305,16.450,107.631,0.005,0.000,-0.001,0.268,0.890,-9.848,-3.564,3.564,18.566,20.138
6279,16,1.285,16.333,107.833,0.005,0.000,-0.001,0.268,0.890,-9.848,-3.676,3.676,18.507,20.526
6280,16,1.283,16.298,107.890,0.001,0.000,0.000,0.254,0.885,-9.848,-3.556,3.556,18.787,20.351
6281,16,1.278,16.230,108.000,0.001,0.000,0.000,0.254,0.885,-9.848,-3.554,3.554,18.884,20.450
6282,16,1.288,16.177,108.079,-0.003,0.001,0.000,0.268,0.885,-9.843,-3.565,3.565,18.950,20.535
6283,16,1.258,16.061,108.280,-0.003,0.001,0.000,0.268,0.885,-9.843,-3.632,3.632,18.856,20.922
6284,16,1.255,16.027,108.334,0.001,0.000,0.000,0.282,0.876,-9.853,-3.542,3.542,19.176,20.737
6285,16,1.247,15.961,108.445,0.001,0.000,0.000,0.282,0.876,-9.853,-3.538,3.538,19.271,20.830
6286,16,1.262,15.908,108.522,0.000,0.000,0.000,0.254,0.880,-9.857,-3.552,3.552,19.334,20.919
6287,16,1.233,15.795,108.715,0.000,0.000,0.000,0.254,0.880,-9.857,-3.631,3.631,19.264,21.307
6288,16,1.229,15.760,108.769,-0.002,0.000,0.000,0.268,0.880,-9.848,-3.514,3.514,19.558,21.118
6289,16,1.221,15.695,108.877,-0.002,0.000,0.000,0.268,0.880,-9.848,-3.509,3.509,19.653,21.209
6290,16,1.234,15.644,108.956,0.003,0.000,0.000,0.273,0.890,-9.843,-3.521,3.521,19.714,21.293
6291,16,1.209,15.536,109.146,0.003,0.000,0.000,0.273,0.890,-9.843,-3.633,3.633,19.641,21.671
6292,16,1.205,15.501,109.197,0.004,0.000,0.000,0.263,0.890,-9.857,-3.533,3.533,19.929,21.487
6293,16,1.201,15.440,109.304,0.004,0.000,0.000,0.263,0.890,-9.857,-3.532,3.532,20.015,21.575
6294,16,1.213,15.390,109.378,-0.001,0.001,0.000,0.254,0.880,-9.843,-3.544,3.544,20.076,21.658
6295,16,1.185,15.284,109.562,-0.001,0.001,0.000,0.254,0.880,-9.843,-3.598,3.598,19.991,22.009
6296,16,1.178,15.253,109.613,-0.004,0.001,0.000,0.254,0.885,-9.853,-3.476,3.476,20.272,21.823
6297,16,1.171,15.189,109.714,-0.004,0.001,0.000,0.254,0.885,-9.853,-3.471,3.471,20.364,21.912
6298,16,1.177,15.141,109.785,-0.003,0.000,0.000,0.278,0.890,-9.848,-3.478,3.478,20.427,21.989
6299,16,1.147,15.035,109.964,-0.003,0.000,0.000,0.278,0.890,-9.848,-3.558,3.558,20.385,22.358
6300,16,1.143,15.006,110.013,0.005,0.000,-0.001,0.278,0.885,-9.862,-3.488,3.488,20.677,22.155
6301,16,1.138,14.945,110.112,0.005,0.000,-0.001,0.278,0.885,-9.862,-3.485,3.485,20.765,22.241
6302,16,1.151,14.897,110.181,0.004,0.000,0.000,0.254,0.880,-9.857,-3.498,3.498,20.821,22.321
6303,16,1.126,14.796,110.356,0.004,0.000,0.000,0.254,0.880,-9.857,-3.584,3.584,20.729,22.699
6304,16,1.122,14.766,110.405,-0.003,0.000,0.001,0.258,0.890,-9.862,-3.460,3.460,20.968,22.548
6305,16,1.110,14.707,110.498,-0.003,0.000,0.001,0.258,0.890,-9.862,-3.452,3.452,21.058,22.629
6306,16,1.118,14.660,110.564,-0.006,0.000,0.000,0.263,0.890,-9.853,-3.447,3.447,21.144,22.678
6307,16,1.083,14.557,110.735,-0.006,0.000,0.000,0.263,0.890,-9.853,-3.498,3.498,21.093,23.016
6308,16,1.079,14.529,110.782,-0.003,0.000,0.000,0.273,0.880,-9.853,-3.417,3.417,21.351,22.845
6309,16,1.068,14.474,110.875,-0.003,0.000,0.000,0.273,0.880,-9.853,-3.409,3.409,21.435,22.919
6310,16,1.076,14.427,110.939,0.001,0.001,0.000,0.278,0.885,-9.857,-3.417,3.417,21.494,22.993
6311,16,1.049,14.331,111.108,0.001,0.001,0.000,0.278,0.885,-9.857,-3.510,3.510,21.419,23.309
6312,16,1.047,14.304,111.153,0.007,0.001,0.000,0.273,0.880,-9.848,-3.449,3.449,21.669,23.140
6313,16,1.042,14.245,111.245,0.007,0.001,0.000,0.273,0.880,-9.848,-3.446,3.446,21.753,23.223
6314,16,1.052,14.201,111.308,0.010,0.000,0.000,0.258,0.885,-9.853,-3.456,3.456,21.807,23.296
6315,16,1.052,14.119,111.472,0.010,0.000,0.000,0.258,0.885,-9.853,-3.560,3.560,21.727,23.634
6316,16,1.032,14.081,111.514,0.006,0.000,0.000,0.268,0.880,-9.848,-3.437,3.437,22.002,23.474
6317,16,1.030,14.024,111.603,0.006,0.000,0.000,0.268,0.880,-9.848,-3.436,3.436,22.082,23.556
6318,16,1.033,13.984,111.646,0.001,0.000,0.000,0.239,0.885,-9.862,-3.440,3.440,22.135,23.617
6319,16,1.028,13.901,111.822,0.001,0.000,0.000,0.239,0.885,-9.862,-3.412,3.412,22.253,23.737
6320,16,1.000,13.861,111.863,-0.013,0.000,0.000,0.258,0.885,-9.872,-3.319,3.319,22.328,23.776
6321,16,0.986,13.810,111.949,-0.013,0.000,0.000,0.258,0.885,-9.872,-3.307,3.307,22.410,23.841
6322,16,0.985,13.767,111.993,-0.003,0.000,0.000,0.297,0.880,-9.862,-3.308,3.308,22.469,23.903
6323,16,0.978,13.687,112.164,-0.003,0.000,0.000,0.297,0.880,-9.862,-3.440,3.440,22.385,24.213
6324,16,0.957,13.649,112.204,0.012,0.001,0.000,0.278,0.880,-9.857,-3.409,3.409,22.638,24.042
6325,16,0.955,13.597,112.288,0.012,0.001,0.000,0.278,0.880,-9.857,-3.408,3.408,22.711,24.117
6326,16,0.962,13.556,112.329,0.002,0.000,0.000,0.234,0.885,-9.872,-3.415,3.415,22.763,24.182
6327,16,0.956,13.478,112.497,0.002,0.000,0.000,0.234,0.885,-9.872,-3.451,3.451,22.694,24.501
6328,16,0.930,13.441,112.534,-0.010,0.001,0.000,0.268,0.880,-9.853,-3.283,3.283,22.946,24.329
6329,16,0.918,13.391,112.617,-0.010,0.001,0.000,0.268,0.880,-9.853,-3.273,3.273,23.024,24.393
6330,16,0.917,13.354,112.657,-0.001,0.000,0.000,0.282,0.885,-9.862,-3.274,3.274,23.076,24.448
6331,16,0.906,13.277,112.823,-0.001,0.000,0.000,0.282,0.885,-9.862,-3.393,3.393,23.016,24.754
6332,16,0.888,13.241,112.863,0.010,0.000,0.000,0.278,0.885,-9.853,-3.346,3.346,23.270,24.608
6333,16,0.885,13.189,112.945,0.010,0.000,0.000,0.278,0.885,-9.853,-3.345,3.345,23.344,24.681
6334,16,0.893,13.153,112.985,0.007,0.000,0.000,0.244,0.880,-9.853,-3.352,3.352,23.388,24.740
6335,16,0.888,13.078,113.147,0.007,0.000,0.000,0.244,0.880,-9.853,-3.424,3.424,23.305,25.036
6336,16,0.865,13.042,113.184,-0.007,0.000,0.000,0.234,0.880,-9.867,-3.245,3.245,23.563,24.882
6337,16,0.855,12.995,113.266,-0.007,0.000,0.000,0.234,0.880,-9.867,-3.236,3.236,23.637,24.943
6338,16,0.854,12.958,113.306,-0.006,0.000,0.000,0.311,0.890,-9.853,-3.237,3.237,23.689,24.998
5247,16,-0.736,32.082,42.734,0.001,0.000,0.000,0.115,5.245,-8.384,-4.421,4.421,-3.041,-2.908
5248,16,-0.736,32.082,42.734,0.001,0.000,0.000,0.115,5.245,-8.384,-4.421,4.421,-3.041,-2.908
5249,16,-0.736,32.082,42.734,0.001,0.000,0.000,0.086,5.273,-8.374,-4.421,4.421,-3.041,-2.908
5250,16,-0.736,32.082,42.734,-0.001,0.000,0.000,0.086,5.273,-8.374,-4.410,4.410,-3.041,-2.908
5251,16,-0.736,32.082,42.734,0.001,0.000,0.000,0.096,5.268,-8.379,-4.421,4.421,-3.041,-2.908
5252,16,-0.736,32.082,42.734,0.001,0.000,0.000,0.096,5.268,-8.379,-4.421,4.421,-3.041,-2.908
5253,16,-0.736,32.082,42.734,0.001,0.000,0.000,0.144,5.235,-8.369,-4.421,4.421,-3.041,-2.908
5254,16,-0.734,32.085,42.734,0.000,0.001,0.000,0.144,5.235,-8.369,-4.415,4.415,-3.057,-2.923
5255,16,-0.734,32.085,42.734,-0.001,0.000,0.000,0.100,5.259,-8.374,-4.411,4.411,-3.046,-2.912
5256,16,-0.734,32.085,42.734,-0.001,0.000,0.000,0.100,5.259,-8.374,-4.411,4.411,-3.046,-2.912
5257,16,-0.734,32.085,42.734,-0.001,0.000,0.000,0.120,5.254,-8.379,-4.411,4.411,-3.046,-2.912
5258,16,-0.734,32.085,42.734,-0.000,0.001,0.000,0.120,5.254,-8.379,-4.416,4.416,-3.061,-2.927
5259,16,-0.738,32.087,42.733,-0.000,0.001,0.000,0.105,5.230,-8.403,-4.416,4.416,-3.061,-2.927
5260,16,-0.738,32.087,42.733,-0.000,0.001,0.000,0.105,5.230,-8.403,-4.414,4.414,-3.063,-2.929
5261,16,-0.738,32.087,42.733,-0.000,0.001,0.000,0.115,5.221,-8.384,-4.414,4.414,-3.063,-2.929
5262,16,-0.738,32.087,42.733,-0.000,0.000,0.000,0.115,5.221,-8.384,-4.414,4.414,-3.048,-2.913
5263,16,-0.738,32.087,42.733,-0.000,0.002,0.000,0.086,5.240,-8.393,-4.414,4.414,-3.078,-2.944
5264,16,-0.738,32.087,42.733,-0.000,0.002,0.000,0.086,5.240,-8.393,-4.414,4.414,-3.078,-2.944
5265,16,-0.738,32.087,42.733,-0.000,0.002,0.000,0.120,5.245,-8.364,-4.414,4.414,-3.078,-2.944
5266,16,-0.738,32.087,42.733,0.001,0.001,0.000,0.120,5.245,-8.364,-4.420,4.420,-3.063,-2.929
5267,16,-0.733,32.089,42.735,0.001,0.001,0.000,0.115,5.264,-8.374,-4.423,4.423,-3.068,-2.930
5268,16,-0.733,32.089,42.735,0.001,0.001,0.000,0.115,5.264,-8.374,-4.422,4.422,-3.065,-2.932
5269,16,-0.733,32.089,42.735,0.001,0.001,0.000,0.115,5.254,-8.388,-4.422,4.422,-3.065,-2.932
5270,16,-0.733,32.089,42.735,0.000,0.000,0.000,0.115,5.254,-8.388,-4.417,4.417,-3.050,-2.917
5271,16,-0.733,32.089,42.735,-0.001,0.000,0.000,0.091,5.225,-8.393,-4.411,4.411,-3.050,-2.917
5272,16,-0.737,32.090,42.733,-0.001,0.000,0.000,0.091,5.225,-8.393,-4.410,4.410,-3.052,-2.918
5273,16,-0.733,32.089,42.735,-0.001,0.000,0.000,0.120,5.211,-8.379,-4.411,4.411,-3.050,-2.917
5274,16,-0.733,32.089,42.735,0.002,0.000,0.000,0.120,5.211,-8.379,-4.427,4.427,-3.050,-2.917
5275,16,-0.734,32.085,42.734,0.000,0.000,0.000,0.124,5.240,-8.379,-4.416,4.416,-3.046,-2.912
5276,16,-0.734,32.085,42.734,0.000,0.000,0.000,0.124,5.240,-8.379,-4.416,4.416,-3.046,-2.912
5277,16,-0.734,32.085,42.734,0.000,0.000,0.000,0.091,5.254,-8.355,-4.416,4.416,-3.046,-2.912
5278,16,-0.734,32.085,42.734,0.000,0.001,0.000,0.091,5.254,-8.355,-4.416,4.416,-3.061,-2.927
5279,16,-0.734,32.085,42.734,0.000,0.000,0.000,0.129,5.235,-8.388,-4.416,4.416,-3.046,-2.912
5280,16,-0.734,32.085,42.734,0.000,0.000,0.000,0.129,5.235,-8.388,-4.416,4.416,-3.046,-2.912
5281,16,-0.734,32.085,42.734,0.000,0.000,0.000,0.105,5.245,-8.384,-4.416,4.416,-3.046,-2.912
5282,16,-0.732,32.081,42.735,0.002,-0.002,0.000,0.105,5.245,-8.384,-4.428,4.428,-3.013,-2.880
5283,16,-0.731,32.084,42.735,0.002,0.003,0.000,0.124,5.249,-8.369,-4.429,4.429,-3.090,-2.956
5284,16,-0.731,32.084,42.735,0.002,0.003,0.000,0.124,5.249,-8.369,-4.428,4.428,-3.089,-2.956
5285,16,-0.732,32.085,42.732,0.002,0.003,0.000,0.110,5.240,-8.384,-4.428,4.428,-3.090,-2.957
5286,16,-0.732,32.085,42.732,0.000,0.001,0.000,0.110,5.240,-8.384,-4.417,4.417,-3.060,-2.926
5287,16,-0.730,32.088,42.732,0.001,0.001,0.000,0.115,5.249,-8.388,-4.423,4.423,-3.064,-2.931
5288,16,-0.730,32.088,42.732,0.001,0.001,0.000,0.115,5.249,-8.388,-4.423,4.423,-3.064,-2.931
5289,16,-0.730,32.088,42.732,0.001,0.001,0.000,0.096,5.235,-8.379,-4.423,4.423,-3.064,-2.931
5290,16,-0.730,32.088,42.732,0.000,0.000,0.000,0.096,5.235,-8.379,-4.418,4.418,-3.049,-2.916
5291,16,-0.730,32.088,42.732,0.001,0.000,0.000,0.105,5.259,-8.384,-4.423,4.423,-3.049,-2.916
5292,16,-0.732,32.085,42.732,0.001,0.000,0.000,0.105,5.259,-8.384,-4.423,4.423,-3.044,-2.911
5293,16,-0.732,32.085,42.732,0.001,0.000,0.000,0.110,5.245,-8.379,-4.423,4.423,-3.044,-2.911
5294,16,-0.732,32.085,42.732,-0.001,0.000,0.000,0.110,5.245,-8.379,-4.412,4.412,-3.044,-2.911
5295,16,-0.732,32.085,42.732,-0.001,0.000,0.000,0.110,5.245,-8.379,-4.412,4.412,-3.044,-2.911
5296,16,-0.732,32.085,42.732,-0.000,0.002,0.000,0.105,5.230,-8.369,-4.417,4.417,-3.075,-2.942
5297,16,-0.730,32.088,42.732,-0.000,0.002,0.000,0.105,5.230,-8.384,-4.418,4.418,-3.079,-2.946
5298,16,-0.732,32.085,42.732,-0.000,-0.001,0.000,0.120,5.249,-8.384,-4.417,4.417,-3.029,-2.896
5299,16,-0.732,32.085,42.732,-0.000,-0.001,0.000,0.120,5.249,-8.384,-4.417,4.417,-3.029,-2.896
5300,16,-0.732,32.085,42.732,-0.000,-0.001,0.000,0.100,5.268,-8.384,-4.417,4.417,-3.029,-2.896
5301,16,-0.732,32.085,42.732,-0.000,-0.001,0.000,0.100,5.268,-8.388,-4.417,4.417,-3.029,-2.896
5302,16,-0.732,32.085,42.732,0.002,0.002,0.000,0.120,5.240,-8.388,-4.428,4.428,-3.075,-2.942
5303,16,-0.728,32.083,42.733,0.002,0.002,0.000,0.120,5.240,-8.388,-4.430,4.430,-3.073,-2.940
5304,16,-0.728,32.083,42.733,0.000,0.000,0.000,0.091,5.225,-8.379,-4.419,4.419,-3.042,-2.910
5305,16,-0.728,32.083,42.733,0.000,0.000,0.000,0.091,5.225,-8.369,-4.419,4.419,-3.042,-2.910
5306,16,-0.728,32.083,42.733,0.002,0.001,0.000,0.124,5.264,-8.369,-4.430,4.430,-3.057,-2.925
5307,16,-0.727,32.086,42.733,0.002,0.001,0.000,0.124,5.264,-8.369,-4.430,4.430,-3.062,-2.929
5308,16,-0.728,32.083,42.733,-0.001,0.000,0.000,0.096,5.264,-8.369,-4.414,4.414,-3.042,-2.910
5309,16,-0.728,32.083,42.733,-0.001,0.000,0.000,0.096,5.264,-8.355,-4.414,4.414,-3.042,-2.910
5310,16,-0.728,32.083,42.733,-0.000,-0.001,0.000,0.096,5.264,-8.355,-4.419,4.419,-3.027,-2.895
5311,16,-0.728,32.083,42.733,-0.000,-0.001,0.000,0.096,5.264,-8.355,-4.419,4.419,-3.027,-2.895
5312,16,-0.728,32.083,42.733,-0.000,-0.000,0.000,0.120,5.268,-8.369,-4.419,4.419,-3.042,-2.910
5313,16,-0.728,32.083,42.733,-0.000,-0.000,0.000,0.120,5.268,-8.369,-4.419,4.419,-3.042,-2.910
5314,16,-0.727,32.086,42.733,-0.000,0.002,0.000,0.115,5.249,-8.360,-4.419,4.419,-3.073,-2.940
5315,16,-0.730,32.088,42.732,-0.000,0.002,0.000,0.115,5.249,-8.360,-4.417,4.417,-3.076,-2.948
5316,16,-0.730,32.088,42.732,-0.000,0.000,0.000,0.124,5.235,-8.393,-4.418,4.418,-3.049,-2.916
5317,16,-0.730,32.088,42.732,-0.000,0.000,0.000,0.124,5.235,-8.393,-4.418,4.418,-3.049,-2.916
5318,16,-0.730,32.088,42.732,-0.000,-0.001,0.000,0.096,5.254,-8.398,-4.418,4.418,-3.034,-2.900
5319,16,-0.730,32.088,42.732,-0.000,-0.001,0.000,0.096,5.254,-8.398,-4.418,4.418,-3.034,-2.900
5320,16,-0.730,32.088,42.732,-0.001,0.001,0.000,0.120,5.254,-8.388,-4.413,4.413,-3.064,-2.931
5321,16,-0.730,32.088,42.732,-0.001,0.001,0.000,0.120,5.254,-8.388,-4.413,4.413,-3.064,-2.931
5322,16,-0.730,32.088,42.732,-0.000,0.002,0.000,0.081,5.211,-8.408,-4.418,4.418,-3.079,-2.946
5323,16,-0.730,32.088,42.732,-0.000,0.002,0.000,0.081,5.211,-8.408,-4.418,4.418,-3.079,-2.946
5324,16,-0.730,32.088,42.732,0.002,0.000,0.000,0.124,5.235,-8.384,-4.429,4.429,-3.049,-2.916
5325,16,-0.730,32.088,42.732,0.002,0.000,0.000,0.124,5.235,-8.384,-4.429,4.429,-3.049,-2.916
5326,16,-0.727,32.086,42.733,0.000,0.000,0.000,0.086,5.268,-8.379,-4.420,4.420,-3.047,-2.914
5327,16,-0.727,32.086,42.733,0.000,0.000,0.000,0.086,5.268,-8.379,-4.420,4.420,-3.047,-2.914
5328,16,-0.727,32.086,42.733,0.000,0.000,0.000,0.115,5.221,-8.379,-4.420,4.420,-3.047,-2.914
5329,16,-0.727,32.086,42.733,0.000,0.000,0.000,0.115,5.221,-8.379,-4.420,4.420,-3.047,-2.914
5330,16,-0.728,32.083,42.733,-0.002,-0.002,0.000,0.100,5.225,-8.388,-4.408,4.408,-3.012,-2.879
5331,16,-0.732,32.084,42.730,-0.002,-0.002,0.000,0.100,5.225,-8.388,-4.405,4.405,-3.009,-2.883
5332,16,-0.728,32.082,42.731,0.001,0.001,0.000,0.134,5.235,-8.379,-4.424,4.424,-3.056,-2.924
5333,16,-0.728,32.082,42.731,0.001,0.001,0.000,0.134,5.235,-8.379,-4.424,4.424,-3.056,-2.924
5334,16,-0.728,32.082,42.731,0.000,0.000,0.000,0.134,5.264,-8.384,-4.419,4.419,-3.041,-2.908
5335,16,-0.728,32.082,42.731,0.000,0.000,0.000,0.134,5.264,-8.384,-4.419,4.419,-3.041,-2.908
5336,16,-0.728,32.082,42.731,0.001,0.001,0.000,0.091,5.268,-8.374,-4.424,4.424,-3.056,-2.924
5337,16,-0.728,32.082,42.731,0.001,0.001,0.000,0.091,5.268,-8.374,-4.424,4.424,-3.056,-2.924
5338,16,-0.728,32.082,42.731,0.001,0.001,0.000,0.153,5.245,-8.379,-4.424,4.424,-3.056,-2.924
5339,16,-0.728,32.082,42.731,0.001,0.001,0.000,0.153,5.245,-8.379,-4.424,4.424,-3.056,-2.924
5342,16,-0.728,32.082,42.731,0.000,0.000,0.000,0.110,5.245,-8.403,-4.419,4.419,-3.041,-2.908
5343,16,-0.728,32.082,42.731,0.000,0.000,0.000,0.110,5.245,-8.403,-4.419,4.419,-3.041,-2.908
5344,16,-0.728,32.082,42.731,0.002,0.002,0.000,0.062,5.264,-8.379,-4.429,4.429,-3.071,-2.939
5347,16,-0.726,32.082,42.729,0.001,-0.001,0.000,0.115,5.216,-8.388,-4.425,4.425,-3.024,-2.892
5348,16,-0.726,32.082,42.729,0.001,-0.001,0.000,0.124,5.254,-8.384,-4.425,4.425,-3.024,-2.892
5349,16,-0.726,32.082,42.729,0.001,-0.001,0.000,0.124,5.254,-8.384,-4.425,4.425,-3.024,-2.892
5350,16,-0.726,32.082,42.729,0.002,0.001,0.000,0.105,5.268,-8.374,-4.431,4.431,-3.024,-2.892
5351,16,-0.722,32.080,42.730,0.002,0.001,0.000,0.105,5.268,-8.374,-4.432,4.432,-3.052,-2.921
5352,16,-0.722,32.080,42.730,-0.001,-0.001,0.000,0.167,5.235,-8.384,-4.416,4.416,-3.022,-2.891
5353,16,-0.727,32.078,42.728,-0.001,-0.001,0.000,0.167,5.235,-8.384,-4.414,4.414,-3.020,-2.888
5354,16,-0.723,32.077,42.729,0.002,-0.000,0.000,0.086,5.245,-8.388,-4.431,4.431,-3.018,-2.886
5355,16,-0.723,32.077,42.729,0.002,-0.000,0.000,0.086,5.245,-8.388,-4.431,4.431,-3.033,-2.902
5361,16,-0.720,32.075,42.729,0.002,-0.001,0.000,0.096,5.264,-8.393,-4.433,4.433,-3.014,-2.884
5362,16,-0.720,32.075,42.729,0.000,-0.000,0.000,0.115,5.235,-8.360,-4.422,4.422,-3.014,-2.884
5363,16,-0.720,32.075,42.729,0.000,-0.000,0.000,0.115,5.235,-8.360,-4.422,4.422,-3.029,-2.899
5364,16,-0.720,32.075,42.729,0.001,-0.000,0.000,0.086,5.259,-8.379,-4.428,4.428,-3.029,-2.899
5365,16,-0.720,32.075,42.729,0.001,-0.000,0.000,0.086,5.259,-8.379,-4.428,4.428,-3.029,-2.899
5366,16,-0.720,32.075,42.729,-0.002,-0.000,0.000,0.153,5.245,-8.379,-4.412,4.412,-3.029,-2.899
5367,16,-0.720,32.075,42.729,-0.002,-0.000,0.000,0.153,5.245,-8.379,-4.412,4.412,-3.029,-2.899
5368,16,-0.724,32.076,42.728,-0.002,-0.000,0.000,0.072,5.249,-8.379,-4.410,4.410,-3.031,-2.900
5369,16,-0.724,32.076,42.728,-0.002,-0.000,0.000,0.072,5.249,-8.379,-4.410,4.410,-3.031,-2.900
5370,16,-0.724,32.076,42.728,0.001,-0.000,0.000,0.139,5.221,-8.403,-4.426,4.426,-3.031,-2.900
5371,16,-0.724,32.076,42.728,0.001,-0.000,0.000,0.139,5.221,-8.403,-4.426,4.426,-3.031,-2.900
5372,16,-0.725,32.073,42.727,0.001,-0.000,0.000,0.100,5.201,-8.388,-4.425,4.425,-3.027,-2.896
5373,16,-0.722,32.072,42.728,0.001,-0.000,0.000,0.100,5.201,-8.388,-4.427,4.427,-3.025,-2.894
5374,16,-0.722,32.072,42.728,0.001,-0.000,0.000,0.124,5.292,-8.364,-4.427,4.427,-3.025,-2.894
5375,16,-0.722,32.072,42.728,0.001,-0.000,0.000,0.124,5.292,-8.364,-4.427,4.427,-3.025,-2.894
5376,16,-0.720,32.075,42.729,0.000,0.003,0.000,0.096,5.292,-8.369,-4.422,4.422,-3.075,-2.945
5377,16,-0.724,32.076,42.728,0.000,0.003,0.000,0.096,5.292,-8.369,-4.421,4.421,-3.077,-2.946
5378,16,-0.724,32.076,42.728,0.000,0.000,0.000,0.091,5.216,-8.403,-4.421,4.421,-3.077,-2.946
5379,16,-0.724,32.076,42.728,0.000,0.000,0.000,0.091,5.216,-8.403,-4.421,4.421,-3.031,-2.900
5380,16,-0.724,32.076,42.728,-0.001,-0.002,0.000,0.100,5.201,-8.369,-4.415,4.415,-3.001,-2.870
5381,16,-0.725,32.073,42.727,-0.001,-0.002,0.000,0.100,5.201,-8.369,-4.415,4.415,-2.997,-2.865
5382,16,-0.722,32.072,42.728,0.002,0.001,0.000,0.129,5.264,-8.379,-4.416,4.416,-2.995,-2.864
5383,16,-0.720,32.075,42.729,0.002,0.001,0.000,0.129,5.264,-8.379,-4.433,4.433,-3.045,-2.913
5384,16,-0.720,32.075,42.729,0.000,0.000,0.000,0.105,5.283,-8.360,-4.422,4.422,-3.029,-2.899
5385,16,-0.720,32.075,42.729,0.000,0.000,0.000,0.105,5.283,-8.360,-4.422,4.422,-3.029,-2.899
5386,16,-0.720,32.075,42.729,-0.002,0.002,0.000,0.091,5.235,-8.398,-4.422,4.422,-3.029,-2.899
5387,16,-0.724,32.076,42.728,-0.002,0.002,0.000,0.091,5.235,-8.398,-4.410,4.410,-3.062,-2.931
5388,16,-0.725,32.073,42.727,-0.000,-0.005,0.000,0.120,5.187,-8.412,-4.420,4.420,-2.951,-2.820
5389,16,-0.722,32.072,42.728,-0.000,-0.005,0.000,0.120,5.187,-8.412,-4.422,4.422,-2.949,-2.818
5394,16,-0.718,32.074,42.726,0.000,-0.001,0.000,0.096,5.235,-8.360,-4.423,4.423,-3.089,-2.959
5395,16,-0.719,32.071,42.726,0.000,-0.001,0.000,0.096,5.235,-8.360,-4.422,4.422,-3.007,-2.879
5396,16,-0.719,32.071,42.726,0.000,-0.000,0.000,0.129,5.249,-8.369,-4.423,4.423,-3.023,-2.893
5397,16,-0.719,32.071,42.726,0.000,-0.000,0.000,0.129,5.249,-8.369,-4.423,4.423,-3.023,-2.893
5401,16,-0.719,32.071,42.726,0.000,-0.003,0.000,0.115,5.264,-8.369,-4.423,4.423,-2.978,-2.848
5402,16,-0.720,32.068,42.725,0.000,0.002,0.000,0.091,5.268,-8.384,-4.422,4.422,-2.973,-2.843
5403,16,-0.719,32.071,42.726,0.000,0.002,0.000,0.091,5.268,-8.384,-4.423,4.423,-3.054,-2.924
5404,16,-0.719,32.071,42.726,-0.001,0.000,0.000,0.115,5.216,-8.388,-4.417,4.417,-3.023,-2.893
5405,16,-0.719,32.071,42.726,-0.001,0.000,0.000,0.115,5.216,-8.388,-4.417,4.417,-3.023,-2.893
5406,16,-0.720,32.068,42.725,-0.000,-0.001,0.000,0.129,5.230,-8.384,-4.417,4.417,-3.019,-2.889
5407,16,-0.721,32.067,42.724,-0.000,-0.001,0.000,0.129,5.230,-8.384,-4.421,4.421,-2.999,-2.876
5408,16,-0.720,32.068,42.725,-0.000,0.003,0.000,0.110,5.278,-8.393,-4.422,4.422,-3.065,-2.935
5409,16,-0.719,32.071,42.726,-0.000,0.003,0.000,0.110,5.278,-8.393,-4.423,4.423,-3.069,-2.939
5410,16,-0.723,32.072,42.725,-0.000,0.003,0.000,0.120,5.230,-8.388,-4.421,4.421,-3.071,-2.940
5411,16,-0.723,32.072,42.725,-0.000,0.003,0.000,0.120,5.230,-8.388,-4.421,4.421,-3.071,-2.940
5412,16,-0.723,32.072,42.725,0.002,-0.001,0.000,0.120,5.235,-8.388,-4.432,4.432,-3.010,-2.880
5413,16,-0.719,32.071,42.726,0.002,-0.001,0.000,0.120,5.235,-8.388,-4.433,4.433,-3.008,-2.878
5414,16,-0.719,32.071,42.726,0.002,-0.001,0.000,0.124,5.264,-8.393,-4.433,4.433,-3.008,-2.878
5415,16,-0.719,32.071,42.726,0.000,-0.000,0.000,0.124,5.264,-8.393,-4.423,4.423,-3.023,-2.893
5416,16,-0.719,32.071,42.726,0.000,0.001,0.000,0.077,5.230,-8.384,-4.423,4.423,-3.039,-2.909
5417,16,-0.719,32.071,42.726,0.000,0.001,0.000,0.077,5.230,-8.384,-4.423,4.423,-3.039,-2.909
5418,16,-0.721,32.067,42.724,0.000,-0.003,0.000,0.129,5.249,-8.341,-4.423,4.423,-3.039,-2.909
5419,16,-0.721,32.067,42.724,0.000,-0.003,0.000,0.129,5.249,-8.341,-4.422,4.422,-2.972,-2.842
5420,16,-0.721,32.067,42.724,0.002,0.003,0.000,0.105,5.264,-8.369,-4.433,4.433,-3.063,-2.933
5421,16,-0.719,32.070,42.724,0.002,0.003,0.000,0.105,5.264,-8.369,-4.433,4.433,-3.068,-2.938
5422,16,-0.719,32.070,42.724,0.000,-0.001,0.000,0.091,5.235,-8.388,-4.433,4.433,-3.068,-2.938
5423,16,-0.719,32.070,42.724,0.000,-0.001,0.000,0.091,5.235,-8.388,-4.423,4.423,-3.007,-2.877
5424,16,-0.721,32.067,42.724,0.000,-0.001,0.000,0.096,5.249,-8.379,-4.422,4.422,-3.002,-2.872
5425,16,-0.721,32.067,42.724,0.000,-0.001,0.000,0.096,5.249,-8.379,-4.422,4.422,-3.002,-2.872
5426,16,-0.719,32.070,42.724,0.000,0.004,0.000,0.120,5.235,-8.369,-4.423,4.423,-3.007,-2.877
5427,16,-0.719,32.071,42.726,0.000,0.004,0.000,0.120,5.235,-8.369,-4.424,4.424,-3.087,-2.951
5434,16,-0.718,32.066,42.721,0.000,-0.004,0.000,0.139,5.235,-8.384,-4.439,4.439,-3.047,-2.917
5435,16,-0.719,32.063,42.725,0.000,-0.004,0.000,0.139,5.235,-8.384,-4.423,4.423,-2.949,-2.822
5436,16,-0.719,32.063,42.725,0.000,0.004,0.000,0.067,5.264,-8.374,-4.423,4.423,-3.072,-2.943
5437,16,-0.718,32.066,42.721,0.000,0.004,0.000,0.067,5.264,-8.374,-4.423,4.423,-3.077,-2.948
5448,16,-0.715,32.065,42.722,0.004,0.002,0.000,0.129,5.254,-8.355,-4.446,4.446,-3.044,-2.916
5449,16,-0.715,32.065,42.722,0.004,0.002,0.000,0.129,5.254,-8.355,-4.446,4.446,-3.044,-2.916
5450,16,-0.715,32.065,42.722,0.000,-0.001,0.000,0.091,5.230,-8.398,-4.446,4.446,-3.044,-2.916
5451,16,-0.715,32.065,42.722,0.000,-0.001,0.000,0.091,5.230,-8.398,-4.425,4.425,-2.999,-2.870
5452,16,-0.715,32.065,42.722,-0.001,-0.000,0.000,0.100,5.249,-8.393,-4.419,4.419,-3.014,-2.885
5453,16,-0.715,32.065,42.722,-0.001,-0.000,0.000,0.100,5.249,-8.393,-4.419,4.419,-3.014,-2.885
5454,16,-0.715,32.065,42.722,-0.001,0.001,0.000,0.110,5.235,-8.384,-4.419,4.419,-3.014,-2.885
5455,16,-0.718,32.066,42.721,-0.001,0.001,0.000,0.110,5.235,-8.384,-4.417,4.417,-3.029,-2.904
5456,16,-0.715,32.065,42.722,0.002,0.000,0.000,0.086,5.187,-8.427,-4.435,4.435,-3.014,-2.885
5457,16,-0.715,32.065,42.722,0.002,0.000,0.000,0.086,5.187,-8.427,-4.435,4.435,-3.014,-2.885
5458,16,-0.715,32.065,42.722,0.000,0.001,0.000,0.086,5.211,-8.398,-4.435,4.435,-3.014,-2.885
5459,16,-0.715,32.065,42.722,0.000,0.001,0.000,0.139,5.211,-8.398,-4.425,4.425,-3.029,-2.900
5460,16,-0.715,32.065,42.722,0.000,0.001,0.000,0.110,5.245,-8.408,-4.425,4.425,-3.029,-2.900
5461,16,-0.715,32.065,42.722,0.001,0.002,0.000,0.110,5.245,-8.408,-4.430,4.430,-3.044,-2.916
5462,16,-0.711,32.064,42.724,0.000,0.000,0.000,0.110,5.230,-8.374,-4.432,4.432,-3.042,-2.914
5463,16,-0.711,32.063,42.722,0.000,0.000,0.000,0.120,5.230,-8.374,-4.425,4.425,-3.008,-2.886
5470,16,-0.712,32.063,42.718,0.000,-0.001,0.000,0.086,5.278,-8.360,-4.426,4.426,-3.011,-2.883
5477,16,-0.709,32.062,42.719,-0.000,-0.001,0.000,0.110,5.259,-8.393,-4.427,4.427,-2.994,-2.866
5480,16,-0.705,32.061,42.721,0.003,0.001,0.000,0.129,5.225,-8.412,-4.445,4.445,-3.022,-2.895
5483,16,-0.701,32.059,42.722,0.000,0.000,0.000,0.086,5.211,-8.412,-4.431,4.431,-3.005,-2.879
5484,16,-0.701,32.059,42.722,0.000,0.000,0.000,0.105,5.201,-8.398,-4.431,4.431,-3.005,-2.879
5485,16,-0.701,32.059,42.722,0.001,0.001,0.000,0.105,5.201,-8.398,-4.436,4.436,-3.020,-2.894
5486,16,-0.703,32.056,42.721,0.000,0.000,0.000,0.105,5.201,-8.374,-4.435,4.435,-3.016,-2.890
5487,16,-0.703,32.055,42.720,0.000,0.000,0.000,0.067,5.259,-8.374,-4.430,4.430,-2.999,-2.873
5488,16,-0.703,32.055,42.720,0.000,0.000,0.000,0.096,5.278,-8.350,-4.430,4.430,-2.999,-2.873
5493,16,-0.704,32.052,42.719,-0.002,-0.001,0.000,0.086,5.221,-8.393,-4.418,4.418,-2.980,-2.853
5494,16,-0.704,32.052,42.719,0.001,-0.000,0.000,0.086,5.221,-8.388,-4.418,4.418,-2.980,-2.853
5495,16,-0.704,32.052,42.719,0.001,-0.000,0.000,0.191,5.245,-8.388,-4.434,4.434,-2.995,-2.869
5496,16,-0.704,32.052,42.719,0.001,-0.000,0.000,0.077,5.254,-8.374,-4.434,4.434,-2.995,-2.869
5497,16,-0.704,32.052,42.719,0.002,0.003,0.000,0.077,5.254,-8.374,-4.440,4.440,-3.040,-2.914
5498,16,-0.700,32.055,42.717,0.000,-0.005,0.000,0.077,5.254,-8.412,-4.442,4.442,-3.043,-2.918
5499,16,-0.702,32.048,42.720,0.000,-0.005,0.000,0.144,5.211,-8.412,-4.430,4.430,-2.912,-2.787
5500,16,-0.702,32.048,42.720,0.000,-0.005,0.000,0.048,5.249,-8.379,-4.430,4.430,-2.912,-2.787
5501,16,-0.702,32.048,42.720,-0.001,0.001,0.000,0.048,5.249,-8.379,-4.425,4.425,-3.003,-2.878
5502,16,-0.702,32.048,42.720,0.004,0.002,0.000,0.048,5.249,-8.369,-4.425,4.425,-3.003,-2.878
5503,16,-0.703,32.048,42.716,0.004,0.002,0.000,0.100,5.221,-8.369,-4.451,4.451,-3.019,-2.893
5504,16,-0.698,32.050,42.718,0.004,0.002,0.000,0.100,5.273,-8.369,-4.453,4.453,-3.022,-2.897
5507,16,-0.701,32.043,42.716,-0.002,0.001,0.000,0.077,5.264,-8.369,-4.420,4.420,-2.996,-2.871
5508,16,-0.704,32.044,42.718,-0.002,0.001,0.000,0.172,5.206,-8.393,-4.419,4.419,-2.998,-2.872
5509,16,-0.704,32.047,42.715,-0.000,0.002,0.000,0.172,5.206,-8.393,-4.429,4.429,-3.018,-2.892
5510,16,-0.703,32.048,42.716,-0.000,0.000,0.000,0.172,5.206,-8.408,-4.430,4.430,-3.019,-2.893
5511,16,-0.703,32.048,42.716,-0.000,0.000,0.000,0.100,5.254,-8.408,-4.430,4.430,-2.989,-2.863
5512,16,-0.703,32.048,42.716,-0.000,0.000,0.000,0.124,5.273,-8.374,-4.430,4.430,-2.989,-2.863
5513,16,-0.705,32.044,42.715,-0.000,-0.001,0.000,0.124,5.273,-8.374,-4.429,4.429,-2.968,-2.842
5514,16,-0.705,32.044,42.715,0.004,0.002,0.000,0.124,5.273,-8.374,-4.429,4.429,-2.968,-2.842
5515,16,-0.700,32.046,42.716,0.004,0.002,0.000,0.110,5.221,-8.369,-4.452,4.452,-3.016,-2.891
5516,16,-0.700,32.046,42.716,0.004,0.002,0.000,0.038,5.197,-8.398,-4.452,4.452,-3.016,-2.891
5517,16,-0.700,32.046,42.716,0.001,0.000,0.000,0.038,5.197,-8.398,-4.436,4.436,-2.985,-2.860
5518,16,-0.700,32.046,42.716,0.002,0.003,0.000,0.038,5.197,-8.398,-4.436,4.436,-2.985,-2.860
5519,16,-0.695,32.048,42.717,0.002,0.003,0.000,0.139,5.273,-8.364,-4.445,4.445,-3.037,-2.906
5520,16,-0.699,32.049,42.716,0.002,0.003,0.000,0.077,5.283,-8.355,-4.442,4.442,-3.035,-2.910
5521,16,-0.700,32.046,42.716,-0.004,-0.005,0.000,0.077,5.283,-8.355,-4.410,4.410,-2.909,-2.784
5522,16,-0.701,32.043,42.716,-0.000,-0.000,0.000,0.077,5.283,-8.355,-4.410,4.410,-2.909,-2.784
5523,16,-0.701,32.043,42.716,-0.000,-0.000,0.000,0.120,5.245,-8.350,-4.430,4.430,-2.981,-2.856
5524,16,-0.701,32.043,42.716,-0.000,-0.000,0.000,0.124,5.216,-8.374,-4.430,4.430,-2.981,-2.856
5525,16,-0.701,32.043,42.716,-0.000,-0.000,0.000,0.124,5.216,-8.374,-4.430,4.430,-2.981,-2.856
5526,16,-0.701,32.043,42.716,0.002,0.001,0.000,0.124,5.216,-8.374,-4.430,4.430,-2.981,-2.856
5527,16,-0.700,32.046,42.716,0.002,0.001,0.000,0.139,5.273,-8.379,-4.442,4.442,-3.001,-2.876
5528,16,-0.700,32.046,42.716,0.002,0.001,0.000,0.124,5.249,-8.393,-4.442,4.442,-3.001,-2.876
5529,16,-0.700,32.046,42.716,-0.001,0.001,0.000,0.124,5.249,-8.393,-4.426,4.426,-3.001,-2.876
5532,16,-0.701,32.046,42.712,0.003,-0.001,0.000,0.110,5.273,-8.360,-4.447,4.447,-2.971,-2.845
5533,16,-0.701,32.046,42.712,0.000,0.001,0.000,0.110,5.273,-8.360,-4.431,4.431,-3.001,-2.876
5534,16,-0.701,32.046,42.712,0.002,0.001,0.000,0.110,5.273,-8.360,-4.431,4.431,-3.001,-2.876
5535,16,-0.700,32.050,42.713,0.002,0.001,0.000,0.029,5.249,-8.393,-4.442,4.442,-3.006,-2.880
5536,16,-0.700,32.050,42.713,0.002,0.001,0.000,0.115,5.264,-8.408,-4.442,4.442,-3.006,-2.880
5537,16,-0.700,32.050,42.713,-0.001,0.000,0.000,0.115,5.264,-8.408,-4.426,4.426,-2.990,-2.865
5542,16,-0.697,32.045,42.713,-0.000,-0.005,0.000,0.124,5.216,-8.393,-4.432,4.432,-2.908,-2.783
5543,16,-0.697,32.045,42.713,-0.000,0.003,0.000,0.129,5.292,-8.355,-4.432,4.432,-3.030,-2.905
5544,16,-0.701,32.046,42.712,-0.000,0.003,0.000,0.124,5.197,-8.417,-4.431,4.431,-3.032,-2.906
5545,16,-0.700,32.050,42.713,0.002,0.004,0.000,0.124,5.197,-8.417,-4.442,4.442,-3.051,-2.926
5546,16,-0.696,32.048,42.714,0.000,0.004,0.000,0.124,5.197,-8.417,-4.442,4.442,-3.051,-2.926
5547,16,-0.697,32.045,42.713,0.000,-0.007,0.000,0.086,5.235,-8.393,-4.432,4.432,-2.876,-2.754
5548,16,-0.699,32.042,42.713,0.000,-0.007,0.000,0.096,5.268,-8.360,-4.432,4.432,-2.873,-2.748
5549,16,-0.699,32.042,42.713,0.001,0.002,0.000,0.096,5.268,-8.360,-4.437,4.437,-3.010,-2.885
5550,16,-0.697,32.045,42.713,0.000,0.002,0.000,0.096,5.268,-8.360,-4.438,4.438,-3.014,-2.890
5551,16,-0.697,32.045,42.713,0.000,0.001,0.000,0.057,5.182,-8.427,-4.432,4.432,-2.999,-2.875
5552,16,-0.697,32.045,42.713,0.000,0.001,0.000,0.110,5.230,-8.398,-4.432,4.432,-2.999,-2.875
5553,16,-0.697,32.045,42.713,-0.001,-0.001,0.000,0.110,5.230,-8.398,-4.427,4.427,-2.969,-2.844
5554,16,-0.699,32.042,42.713,-0.001,-0.001,0.000,0.110,5.230,-8.398,-4.426,4.426,-2.964,-2.840
5555,16,-0.699,32.042,42.713,-0.001,0.002,0.000,0.110,5.240,-8.379,-4.426,4.426,-3.010,-2.885
5556,16,-0.699,32.042,42.713,-0.001,0.002,0.000,0.110,5.235,-8.388,-4.426,4.426,-3.010,-2.885
5557,16,-0.699,32.042,42.713,-0.000,0.000,0.000,0.110,5.235,-8.388,-4.432,4.432,-2.979,-2.855
5558,16,-0.699,32.042,42.713,-0.000,0.000,0.000,0.110,5.235,-8.388,-4.432,4.432,-2.979,-2.855
5559,16,-0.697,32.045,42.713,-0.000,0.004,0.000,0.153,5.240,-8.398,-4.432,4.432,-3.045,-2.920
5560,16,-0.697,32.045,42.713,-0.000,0.004,0.000,0.124,5.221,-8.384,-4.432,4.432,-3.045,-2.920
5561,16,-0.697,32.045,42.713,0.001,0.000,0.000,0.124,5.221,-8.384,-4.438,4.438,-2.984,-2.859
5562,16,-0.697,32.045,42.713,0.000,0.000,0.000,0.124,5.221,-8.384,-4.438,4.438,-2.984,-2.859
5563,16,-0.697,32.045,42.713,0.000,0.001,0.000,0.134,5.307,-8.355,-4.432,4.432,-2.999,-2.875
5564,16,-0.697,32.045,42.713,0.000,0.001,0.000,0.033,5.240,-8.355,-4.432,4.432,-2.999,-2.875
5565,16,-0.697,32.045,42.713,0.001,0.003,0.000,0.033,5.240,-8.355,-4.438,4.438,-3.030,-2.905
5566,16,-0.700,32.050,42.713,-0.002,0.003,0.000,0.033,5.240,-8.355,-4.437,4.437,-3.036,-2.911
5567,16,-0.701,32.046,42.712,-0.002,-0.004,0.000,0.086,5.211,-8.393,-4.420,4.420,-2.925,-2.800
5568,16,-0.702,32.043,42.712,-0.002,-0.004,0.000,0.086,5.273,-8.374,-4.419,4.419,-2.921,-2.795
5569,16,-0.702,32.043,42.712,-0.000,0.001,0.000,0.086,5.273,-8.374,-4.430,4.430,-2.997,-2.871
5570,16,-0.702,32.043,42.712,-0.000,0.001,0.000,0.086,5.273,-8.374,-4.430,4.430,-2.997,-2.871
5571,16,-0.700,32.050,42.713,0.002,0.007,0.000,0.110,5.230,-8.412,-4.442,4.442,-3.097,-2.972
5572,16,-0.698,32.053,42.713,0.002,0.007,0.000,0.129,5.206,-8.398,-4.443,4.443,-3.101,-2.976
5573,16,-0.698,32.053,42.713,-0.002,-0.001,0.000,0.129,5.206,-8.398,-4.421,4.421,-2.980,-2.854
5574,16,-0.700,32.050,42.713,-0.002,-0.001,0.000,0.129,5.206,-8.398,-4.421,4.421,-2.975,-2.850
5575,16,-0.700,32.050,42.713,-0.000,0.001,0.000,0.163,5.230,-8.408,-4.431,4.431,-3.006,-2.880
5576,16,-0.700,32.050,42.713,-0.000,0.001,0.000,0.096,5.197,-8.384,-4.431,4.431,-3.006,-2.880
5577,16,-0.700,32.050,42.713,0.001,0.003,0.000,0.096,5.197,-8.384,-4.437,4.437,-3.036,-2.911
5578,16,-0.698,32.053,42.713,0.001,0.003,0.000,0.096,5.197,-8.384,-4.437,4.437,-3.040,-2.915
5579,16,-0.698,32.053,42.713,0.003,-0.001,0.000,0.100,5.264,-8.355,-4.448,4.448,-2.980,-2.854
5580,16,-0.697,32.049,42.710,0.003,-0.001,0.000,0.100,5.321,-8.336,-4.448,4.448,-2.974,-2.849
5581,16,-0.696,32.052,42.710,0.003,-0.000,0.000,0.100,5.321,-8.336,-4.449,4.449,-2.993,-2.869
5582,16,-0.696,32.052,42.710,0.003,-0.000,0.000,0.100,5.321,-8.336,-4.449,4.449,-2.993,-2.869
5583,16,-0.696,32.052,42.710,0.000,0.002,0.000,0.043,5.254,-8.364,-4.433,4.433,-3.024,-2.899
5584,16,-0.696,32.052,42.710,0.000,0.002,0.000,0.129,5.216,-8.408,-4.433,4.433,-3.024,-2.899
5585,16,-0.696,32.052,42.710,-0.005,-0.002,0.000,0.129,5.216,-8.408,-4.407,4.407,-2.963,-2.838
5586,16,-0.698,32.053,42.713,-0.005,-0.002,0.000,0.129,5.216,-8.408,-4.405,4.405,-2.964,-2.839
5587,16,-0.698,32.053,42.713,0.001,0.003,0.000,0.091,5.225,-8.408,-4.437,4.437,-3.040,-2.915
5588,16,-0.699,32.053,42.709,0.001,0.003,0.000,0.134,5.264,-8.384,-4.437,4.437,-3.041,-2.916
5589,16,-0.699,32.053,42.709,0.000,-0.001,0.000,0.134,5.264,-8.384,-4.431,4.431,-2.980,-2.855
5590,16,-0.698,32.053,42.713,0.000,-0.001,0.000,0.134,5.264,-8.384,-4.432,4.432,-2.980,-2.854
5591,16,-0.699,32.053,42.709,0.001,-0.000,0.000,0.120,5.211,-8.408,-4.437,4.437,-2.995,-2.870
5592,16,-0.699,32.053,42.709,0.001,-0.000,0.000,0.139,5.230,-8.384,-4.437,4.437,-2.995,-2.870
5593,16,-0.699,32.053,42.709,0.001,0.003,0.000,0.139,5.230,-8.384,-4.437,4.437,-3.041,-2.916
5594,16,-0.698,32.056,42.710,0.001,0.003,0.000,0.139,5.230,-8.384,-4.437,4.437,-3.041,-2.916
5595,16,-0.701,32.057,42.709,-0.002,0.003,0.000,0.048,5.225,-8.393,-4.420,4.420,-3.048,-2.922
5596,16,-0.701,32.058,42.710,-0.002,0.003,0.000,0.100,5.249,-8.374,-4.420,4.420,-3.049,-2.923
5597,16,-0.701,32.058,42.710,0.002,0.001,0.000,0.100,5.249,-8.374,-4.441,4.441,-3.018,-2.892
5598,16,-0.697,32.057,42.711,0.002,0.001,0.000,0.100,5.249,-8.374,-4.443,4.443,-3.016,-2.891
5599,16,-0.699,32.053,42.709,-0.002,-0.005,0.000,0.077,5.235,-8.369,-4.421,4.421,-2.918,-2.795
5600,16,-0.701,32.050,42.709,-0.002,-0.005,0.000,0.100,5.278,-8.341,-4.420,4.420,-2.915,-2.789
5601,16,-0.699,32.053,42.709,-0.000,0.004,0.000,0.100,5.278,-8.341,-4.431,4.431,-3.056,-2.931
5602,16,-0.699,32.053,42.709,-0.000,0.004,0.000,0.100,5.278,-8.341,-4.431,4.431,-3.056,-2.931
5603,16,-0.702,32.054,42.712,-0.002,0.000,0.000,0.105,5.225,-8.388,-4.420,4.420,-2.997,-2.871
5604,16,-0.701,32.055,42.713,-0.002,0.000,0.000,0.100,5.288,-8.388,-4.420,4.420,-2.998,-2.872
5605,16,-0.702,32.054,42.712,-0.001,-0.003,0.000,0.100,5.288,-8.388,-4.425,4.425,-2.951,-2.825
5606,16,-0.703,32.051,42.712,-0.001,-0.003,0.000,0.100,5.288,-8.388,-4.424,4.424,-2.947,-2.821
5607,16,-0.702,32.054,42.712,0.001,0.003,0.000,0.163,5.249,-8.369,-4.436,4.436,-3.043,-2.916
5608,16,-0.701,32.055,42.713,0.001,0.003,0.000,0.096,5.211,-8.388,-4.436,4.436,-3.044,-2.918
5609,16,-0.702,32.054,42.712,0.000,-0.002,0.000,0.096,5.211,-8.388,-4.430,4.430,-2.966,-2.841
5610,16,-0.702,32.054,42.712,0.000,-0.002,0.000,0.096,5.211,-8.388,-4.430,4.430,-2.966,-2.841
5611,16,-0.703,32.051,42.712,-0.001,-0.001,0.000,0.134,5.316,-8.374,-4.424,4.424,-2.977,-2.851
5612,16,-0.703,32.051,42.712,-0.001,-0.001,0.000,0.100,5.273,-8.364,-4.424,4.424,-2.977,-2.851
5613,16,-0.703,32.055,42.710,0.002,0.006,0.000,0.100,5.273,-8.364,-4.441,4.441,-3.090,-2.964
5614,16,-0.701,32.058,42.710,0.002,0.006,0.000,0.100,5.273,-8.364,-4.441,4.441,-3.095,-2.969
5615,16,-0.703,32.055,42.710,-0.001,-0.006,0.000,0.096,5.206,-8.408,-4.425,4.425,-2.908,-2.781
5616,16,-0.704,32.051,42.708,-0.001,-0.006,0.000,0.096,5.206,-8.408,-4.424,4.424,-2.902,-2.776
5617,16,-0.703,32.051,42.712,-0.001,-0.006,0.000,0.096,5.230,-8.403,-4.424,4.424,-2.901,-2.775
5618,16,-0.703,32.051,42.712,0.001,-0.000,0.000,0.096,5.230,-8.403,-4.435,4.435,-2.992,-2.867
5619,16,-0.703,32.051,42.712,-0.003,0.001,0.000,0.120,5.249,-8.388,-4.417,4.417,-3.016,-2.874
5620,16,-0.707,32.052,42.711,-0.003,0.001,0.000,0.120,5.249,-8.388,-4.412,4.412,-3.010,-2.883
5621,16,-0.708,32.049,42.710,-0.003,0.001,0.000,0.120,5.197,-8.388,-4.411,4.411,-3.005,-2.879
5622,16,-0.708,32.049,42.710,0.001,-0.002,0.000,0.120,5.197,-8.388,-4.433,4.433,-2.960,-2.833
5623,16,-0.705,32.048,42.711,0.003,-0.003,0.000,0.134,5.240,-8.364,-4.445,4.445,-2.942,-2.816
5624,16,-0.706,32.045,42.711,0.003,-0.003,0.000,0.134,5.240,-8.364,-4.444,4.444,-2.938,-2.812
5625,16,-0.704,32.044,42.708,0.003,-0.003,0.000,0.096,5.254,-8.384,-4.445,4.445,-2.936,-2.811
5626,16,-0.706,32.048,42.708,0.000,0.004,0.000,0.096,5.254,-8.384,-4.428,4.428,-3.050,-2.923
5627,16,-0.706,32.048,42.708,0.001,0.001,0.000,0.115,5.245,-8.388,-4.434,4.434,-3.004,-2.878
5628,16,-0.706,32.048,42.708,0.001,0.001,0.000,0.115,5.245,-8.388,-4.434,4.434,-3.004,-2.878
5629,16,-0.706,32.048,42.708,0.001,0.001,0.000,0.057,5.268,-8.379,-4.434,4.434,-3.004,-2.878
5630,16,-0.706,32.048,42.708,0.000,-0.001,0.000,0.057,5.268,-8.379,-4.428,4.428,-2.973,-2.847
5631,16,-0.706,32.048,42.708,0.000,0.002,0.000,0.100,5.235,-8.364,-4.428,4.428,-3.019,-2.893
5632,16,-0.706,32.048,42.708,0.000,0.002,0.000,0.100,5.235,-8.364,-4.428,4.428,-3.019,-2.893
5633,16,-0.704,32.051,42.708,0.000,0.002,0.000,0.105,5.182,-8.412,-4.429,4.429,-3.024,-2.897
5634,16,-0.702,32.047,42.709,0.000,-0.002,0.000,0.105,5.182,-8.412,-4.428,4.428,-2.958,-2.832
5635,16,-0.702,32.047,42.709,0.001,-0.003,0.000,0.100,5.264,-8.393,-4.435,4.435,-2.941,-2.815
5636,16,-0.704,32.043,42.707,0.001,-0.003,0.000,0.100,5.264,-8.393,-4.435,4.435,-2.935,-2.810
5637,16,-0.704,32.043,42.707,0.001,-0.003,0.000,0.129,5.254,-8.350,-4.435,4.435,-2.935,-2.810
5638,16,-0.701,32.050,42.709,0.000,0.006,0.000,0.129,5.254,-8.350,-4.430,4.430,-3.078,-2.952
5639,16,-0.706,32.048,42.708,-0.002,-0.001,0.000,0.129,5.178,-8.398,-4.417,4.417,-2.970,-2.850
5640,16,-0.706,32.048,42.708,-0.002,-0.001,0.000,0.086,5.178,-8.398,-4.418,4.418,-2.973,-2.847
5641,16,-0.706,32.048,42.708,-0.002,-0.001,0.000,0.144,5.225,-8.403,-4.418,4.418,-2.973,-2.847
5642,16,-0.706,32.048,42.708,0.002,-0.000,0.000,0.144,5.225,-8.403,-4.439,4.439,-2.989,-2.862
5643,16,-0.702,32.047,42.709,0.003,0.004,0.000,0.144,5.245,-8.384,-4.446,4.446,-3.047,-2.922
5644,16,-0.701,32.050,42.709,0.003,0.004,0.000,0.110,5.245,-8.384,-4.447,4.447,-3.052,-2.926
5645,16,-0.701,32.050,42.709,0.003,0.004,0.000,0.067,5.264,-8.364,-4.447,4.447,-3.052,-2.926
5646,16,-0.699,32.045,42.708,0.000,-0.003,0.000,0.067,5.264,-8.364,-4.430,4.430,-2.941,-2.815
5647,16,-0.702,32.046,42.707,-0.001,0.002,0.000,0.067,5.302,-8.360,-4.425,4.425,-3.016,-2.890
5648,16,-0.702,32.046,42.707,-0.001,0.002,0.000,0.081,5.302,-8.360,-4.425,4.425,-3.016,-2.890
5649,16,-0.702,32.047,42.709,-0.001,0.002,0.000,0.110,5.173,-8.417,-4.425,4.425,-3.017,-2.892
5650,16,-0.701,32.050,42.709,0.001,0.004,0.000,0.110,5.173,-8.417,-4.436,4.436,-3.052,-2.926
5651,16,-0.704,32.051,42.708,-0.006,-0.004,0.000,0.110,5.264,-8.388,-4.396,4.396,-2.930,-2.808
5652,16,-0.706,32.048,42.708,-0.006,-0.004,0.000,0.091,5.264,-8.388,-4.396,4.396,-2.928,-2.802
5653,16,-0.707,32.045,42.707,-0.006,-0.004,0.000,0.129,5.278,-8.350,-4.396,4.396,-2.923,-2.797
5654,16,-0.711,32.046,42.706,-0.002,0.001,0.000,0.129,5.278,-8.350,-4.415,4.415,-3.002,-2.875
5655,16,-0.710,32.046,42.710,0.001,0.000,0.000,0.129,5.206,-8.388,-4.432,4.432,-2.986,-2.859
5656,16,-0.711,32.046,42.706,0.001,0.000,0.000,0.148,5.206,-8.388,-4.431,4.431,-2.986,-2.859
5657,16,-0.711,32.046,42.706,0.001,0.000,0.000,0.129,5.225,-8.417,-4.431,4.431,-2.986,-2.859
5658,16,-0.707,32.045,42.707,0.002,-0.001,0.000,0.129,5.225,-8.417,-4.438,4.438,-2.969,-2.843
5659,16,-0.707,32.045,42.707,0.001,0.004,0.000,0.129,5.225,-8.408,-4.433,4.433,-3.045,-2.919
5660,16,-0.706,32.048,42.708,0.001,0.004,0.000,0.091,5.225,-8.408,-4.434,4.434,-3.050,-2.923
5661,16,-0.706,32.048,42.708,0.001,0.004,0.000,0.086,5.168,-8.384,-4.434,4.434,-3.050,-2.923
5662,16,-0.707,32.045,42.707,-0.001,-0.001,0.000,0.086,5.168,-8.384,-4.423,4.423,-2.973,-2.847
5663,16,-0.708,32.044,42.706,0.004,-0.004,0.000,0.086,5.278,-8.345,-4.449,4.449,-2.922,-2.796
5664,16,-0.705,32.040,42.706,0.004,-0.004,0.000,0.110,5.278,-8.345,-4.450,4.450,-2.915,-2.790
5665,16,-0.703,32.039,42.704,0.004,-0.004,0.000,0.072,5.292,-8.379,-4.451,4.451,-2.914,-2.789
5666,16,-0.700,32.045,42.705,0.007,0.007,0.006,0.072,5.292,-8.379,-4.548,4.548,-3.250,-2.806
5667,16,-0.700,32.048,42.701,-0.003,-0.002,-0.003,0.072,5.292,-8.431,-4.378,4.378,-2.886,-2.905
5668,16,-0.701,32.045,42.701,-0.003,-0.002,-0.003,0.077,5.182,-8.431,-4.375,4.375,-2.874,-2.909
5669,16,-0.700,32.045,42.705,-0.003,-0.002,-0.003,0.134,5.264,-8.369,-4.375,4.375,-2.873,-2.908
5670,16,-0.700,32.045,42.705,-0.000,-0.000,0.000,0.134,5.264,-8.369,-4.431,4.431,-2.984,-2.859
5671,16,-0.700,32.045,42.705,-0.001,0.003,0.000,0.134,5.264,-8.364,-4.426,4.426,-3.029,-2.904
5672,16,-0.700,32.045,42.705,-0.001,0.003,0.000,0.129,5.268,-8.364,-4.426,4.426,-3.029,-2.904
5673,16,-0.704,32.046,42.703,-0.001,0.003,0.000,0.124,5.254,-8.403,-4.424,4.424,-3.031,-2.906
5674,16,-0.700,32.045,42.705,-0.000,-0.003,-0.001,0.124,5.254,-8.403,-4.418,4.418,-2.911,-2.840
5675,16,-0.701,32.042,42.704,0.001,-0.000,-0.001,0.124,5.254,-8.427,-4.422,4.422,-2.953,-2.881
5676,16,-0.701,32.042,42.704,0.001,-0.000,-0.001,0.115,5.178,-8.427,-4.422,4.422,-2.953,-2.881
5677,16,-0.701,32.042,42.704,0.001,-0.000,-0.001,0.086,5.206,-8.408,-4.422,4.422,-2.953,-2.881
5678,16,-0.701,32.042,42.704,0.002,0.001,0.000,0.086,5.206,-8.408,-4.441,4.441,-2.994,-2.869
5679,16,-0.698,32.041,42.705,0.003,-0.002,0.000,0.086,5.206,-8.364,-4.448,4.448,-2.947,-2.822
5680,16,-0.694,32.039,42.705,0.003,-0.002,0.000,0.096,5.268,-8.364,-4.449,4.449,-2.943,-2.820
5681,16,-0.694,32.039,42.705,0.003,-0.002,0.000,0.077,5.259,-8.388,-4.449,4.449,-2.943,-2.820
5682,16,-0.694,32.039,42.705,0.000,0.003,0.000,0.077,5.259,-8.388,-4.434,4.434,-3.019,-2.896
5683,16,-0.698,32.041,42.705,-0.001,0.000,0.000,0.077,5.259,-8.408,-4.426,4.426,-2.975,-2.855
5684,16,-0.698,32.041,42.705,-0.001,0.000,0.000,0.081,5.221,-8.408,-4.427,4.427,-2.977,-2.853
5685,16,-0.698,32.041,42.705,-0.001,0.000,0.000,0.110,5.221,-8.374,-4.427,4.427,-2.977,-2.853
5686,16,-0.698,32.041,42.705,-0.002,0.000,0.000,0.110,5.221,-8.374,-4.421,4.421,-2.977,-2.853
5687,16,-0.698,32.040,42.704,0.001,-0.001,0.003,0.110,5.221,-8.369,-4.477,4.477,-3.041,-2.756
5688,16,-0.701,32.037,42.700,0.001,-0.001,0.003,0.100,5.273,-8.369,-4.476,4.476,-3.037,-2.752
5689,16,-0.701,32.037,42.700,0.001,-0.001,0.003,0.153,5.273,-8.384,-4.476,4.476,-3.037,-2.752
5690,16,-0.702,32.037,42.696,0.001,0.001,0.003,0.153,5.273,-8.384,-4.476,4.476,-3.067,-2.783
5691,16,-0.702,32.037,42.696,-0.001,-0.001,-0.001,0.153,5.273,-8.388,-4.412,4.412,-2.931,-2.859
5692,16,-0.702,32.037,42.696,-0.001,-0.001,-0.001,0.115,5.216,-8.388,-4.412,4.412,-2.931,-2.859
5693,16,-0.702,32.037,42.696,-0.001,-0.001,-0.001,0.148,5.268,-8.379,-4.412,4.412,-2.931,-2.859
5694,16,-0.701,32.037,42.700,-0.000,-0.000,-0.001,0.148,5.268,-8.379,-4.417,4.417,-2.945,-2.874
5695,16,-0.701,32.037,42.700,-0.000,0.004,-0.002,0.148,5.268,-8.388,-4.404,4.404,-2.980,-2.962
5696,16,-0.703,32.041,42.699,-0.000,0.004,-0.002,0.077,5.216,-8.388,-4.403,4.403,-2.986,-2.967
5697,16,-0.703,32.041,42.699,-0.000,0.004,-0.002,0.096,5.201,-8.398,-4.403,4.403,-2.986,-2.967
5698,16,-0.703,32.041,42.699,-0.000,-0.001,0.000,0.096,5.201,-8.398,-4.430,4.430,-2.963,-2.838
5699,16,-0.701,32.037,42.700,-0.000,-0.002,0.001,0.096,5.201,-8.398,-4.445,4.445,-2.970,-2.789
5700,16,-0.701,32.037,42.700,-0.000,-0.002,0.001,0.072,5.245,-8.384,-4.444,4.444,-2.968,-2.790
5701,16,-0.701,32.037,42.700,-0.000,-0.002,0.001,0.077,5.259,-8.360,-4.444,4.444,-2.968,-2.790
5702,16,-0.701,32.037,42.700,-0.000,-0.000,0.000,0.077,5.259,-8.360,-4.431,4.431,-2.972,-2.847
5703,16,-0.706,32.035,42.698,-0.005,-0.000,0.000,0.077,5.259,-8.360,-4.400,4.400,-2.967,-2.848
5704,16,-0.706,32.035,42.698,-0.005,-0.000,0.000,0.091,5.288,-8.355,-4.402,4.402,-2.970,-2.844
5705,16,-0.709,32.036,42.697,-0.005,-0.000,0.000,0.144,5.273,-8.374,-4.400,4.400,-2.972,-2.846
5706,16,-0.709,32.036,42.697,-0.000,0.001,0.002,0.144,5.273,-8.374,-4.453,4.453,-3.040,-2.808
5707,16,-0.709,32.036,42.697,-0.001,0.000,0.000,0.144,5.273,-8.374,-4.421,4.421,-2.972,-2.846
5708,16,-0.709,32.036,42.697,-0.001,0.000,0.000,0.153,5.201,-8.412,-4.421,4.421,-2.972,-2.846
5709,16,-0.709,32.036,42.697,-0.001,0.000,0.000,0.115,5.211,-8.408,-4.421,4.421,-2.972,-2.846
5710,16,-0.709,32.036,42.697,-0.000,0.000,-0.002,0.115,5.211,-8.408,-4.400,4.400,-2.918,-2.899
5711,16,-0.708,32.036,42.701,-0.000,0.002,-0.002,0.115,5.211,-8.408,-4.400,4.400,-2.948,-2.929
5712,16,-0.708,32.036,42.701,-0.000,0.002,-0.002,0.105,5.206,-8.388,-4.400,4.400,-2.948,-2.929
5713,16,-0.706,32.040,42.703,-0.000,0.002,-0.002,0.129,5.292,-8.345,-4.401,4.401,-2.954,-2.935
5714,16,-0.708,32.036,42.701,0.003,-0.001,0.001,0.129,5.292,-8.345,-4.456,4.456,-2.983,-2.803
5715,16,-0.709,32.036,42.697,0.000,-0.000,0.000,0.129,5.292,-8.345,-4.427,4.427,-2.972,-2.846
5716,16,-0.709,32.036,42.697,0.000,-0.000,0.000,0.057,5.240,-8.374,-4.427,4.427,-2.972,-2.846
5717,16,-0.709,32.036,42.697,0.000,-0.000,0.000,0.096,5.240,-8.364,-4.427,4.427,-2.972,-2.846
5718,16,-0.706,32.035,42.698,0.001,-0.000,0.000,0.096,5.240,-8.364,-4.434,4.434,-2.970,-2.844
5719,16,-0.706,32.035,42.698,0.000,-0.000,0.000,0.096,5.240,-8.364,-4.428,4.428,-2.970,-2.844
5720,16,-0.706,32.035,42.698,0.000,-0.000,0.000,0.096,5.268,-8.379,-4.428,4.428,-2.970,-2.844
5721,16,-0.706,32.035,42.698,0.000,-0.000,0.000,0.100,5.230,-8.403,-4.428,4.428,-2.970,-2.844
5722,16,-0.706,32.035,42.698,-0.001,-0.000,0.000,0.100,5.230,-8.403,-4.423,4.423,-2.970,-2.844
5723,16,-0.709,32.036,42.697,-0.001,0.001,0.000,0.100,5.230,-8.403,-4.421,4.421,-2.987,-2.861
5724,16,-0.708,32.039,42.698,-0.001,0.001,0.000,0.148,5.268,-8.364,-4.422,4.422,-2.991,-2.865
5725,16,-0.708,32.039,42.698,-0.001,0.001,0.000,0.120,5.211,-8.403,-4.422,4.422,-2.991,-2.865
5726,16,-0.708,32.039,42.698,-0.001,0.000,0.000,0.120,5.211,-8.403,-4.422,4.422,-2.976,-2.850
5727,16,-0.709,32.036,42.697,0.005,-0.001,0.000,0.120,5.211,-8.403,-4.451,4.451,-2.951,-2.836
5728,16,-0.704,32.038,42.699,0.005,-0.001,0.000,0.153,5.254,-8.369,-4.456,4.456,-2.959,-2.834
5729,16,-0.704,32.038,42.699,0.005,-0.001,0.000,0.139,5.249,-8.384,-4.456,4.456,-2.959,-2.834
5730,16,-0.704,32.038,42.699,0.005,0.004,0.000,0.139,5.249,-8.384,-4.456,4.456,-3.035,-2.910
5731,16,-0.703,32.041,42.699,-0.003,-0.001,-0.005,0.139,5.249,-8.384,-4.349,4.349,-2.836,-2.966
5732,16,-0.701,32.042,42.704,-0.003,-0.001,-0.005,0.048,5.235,-8.379,-4.348,4.348,-2.831,-2.972
5733,16,-0.701,32.042,42.704,-0.003,-0.001,-0.005,0.124,5.264,-8.331,-4.348,4.348,-2.831,-2.972
5734,16,-0.701,32.042,42.704,-0.000,0.001,-0.001,0.124,5.264,-8.331,-4.417,4.417,-2.968,-2.896
5735,16,-0.701,32.042,42.704,0.003,0.001,0.004,0.124,5.264,-8.331,-4.500,4.500,-3.101,-2.763
5736,16,-0.702,32.042,42.700,0.003,0.001,0.004,0.048,5.216,-8.374,-4.499,4.499,-3.102,-2.763
5737,16,-0.701,32.044,42.699,0.003,0.001,0.004,0.129,5.283,-8.364,-4.500,4.500,-3.105,-2.767
5738,16,-0.704,32.042,42.695,0.000,-0.001,0.003,0.129,5.283,-8.364,-4.469,4.469,-3.044,-2.759
5739,16,-0.704,32.042,42.695,-0.002,-0.001,0.000,0.129,5.283,-8.364,-4.419,4.419,-2.964,-2.838
5740,16,-0.704,32.042,42.695,-0.002,-0.002,0.000,0.086,5.259,-8.388,-4.419,4.419,-2.949,-2.823
5741,16,-0.704,32.042,42.695,-0.002,-0.002,0.000,0.148,5.235,-8.384,-4.419,4.419,-2.949,-2.823
5742,16,-0.704,32.042,42.695,0.001,0.002,0.001,0.148,5.235,-8.384,-4.448,4.448,-3.036,-2.857
5743,16,-0.704,32.042,42.695,0.001,0.002,0.001,0.148,5.235,-8.384,-4.448,4.448,-3.036,-2.857
5744,16,-0.705,32.042,42.692,0.001,0.000,0.001,0.139,5.197,-8.412,-4.447,4.447,-3.006,-2.827
5745,16,-0.705,32.042,42.692,0.001,0.000,0.001,0.134,5.273,-8.393,-4.447,4.447,-3.006,-2.827
5746,16,-0.705,32.039,42.695,-0.001,-0.003,-0.002,0.134,5.273,-8.393,-4.397,4.397,-2.880,-2.861
5747,16,-0.705,32.039,42.695,-0.000,-0.003,-0.002,0.134,5.273,-8.393,-4.402,4.402,-2.876,-2.857
5748,16,-0.708,32.043,42.694,-0.000,0.003,-0.002,0.053,5.221,-8.388,-4.401,4.401,-2.974,-2.954
5749,16,-0.708,32.043,42.694,-0.000,0.003,-0.002,0.129,5.192,-8.393,-4.401,4.401,-2.974,-2.954
5750,16,-0.704,32.042,42.695,0.002,0.000,0.000,0.129,5.192,-8.393,-4.440,4.440,-2.979,-2.854
5751,16,-0.704,32.042,42.695,0.001,0.000,0.002,0.129,5.192,-8.393,-4.461,4.461,-3.032,-2.800
5752,16,-0.704,32.042,42.695,0.001,0.000,0.002,0.100,5.278,-8.336,-4.461,4.461,-3.032,-2.800
5753,16,-0.704,32.042,42.695,0.001,0.000,0.002,0.077,5.278,-8.379,-4.461,4.461,-3.032,-2.800
5754,16,-0.705,32.042,42.692,-0.001,0.004,0.000,0.077,5.278,-8.379,-4.423,4.423,-3.041,-2.915
5755,16,-0.707,32.046,42.691,0.001,0.004,0.000,0.077,5.278,-8.379,-4.433,4.433,-3.047,-2.921
5756,16,-0.705,32.042,42.692,0.001,-0.002,0.000,0.163,5.206,-8.388,-4.434,4.434,-2.949,-2.824
5757,16,-0.705,32.042,42.692,0.001,-0.002,0.000,0.120,5.230,-8.369,-4.434,4.434,-2.949,-2.824
5758,16,-0.708,32.043,42.694,-0.002,-0.000,-0.002,0.120,5.230,-8.369,-4.390,4.390,-2.928,-2.908
5759,16,-0.708,32.043,42.694,0.003,-0.000,0.000,0.120,5.230,-8.369,-4.444,4.444,-2.981,-2.855
5760,16,-0.706,32.046,42.695,0.003,0.003,0.000,0.148,5.254,-8.379,-4.444,4.444,-3.031,-2.905
5761,16,-0.706,32.046,42.695,0.003,0.003,0.000,0.100,5.230,-8.393,-4.444,4.444,-3.031,-2.905
5762,16,-0.702,32.045,42.696,0.002,-0.001,-0.001,0.100,5.230,-8.393,-4.427,4.427,-2.942,-2.870
5763,16,-0.702,32.045,42.696,0.000,-0.001,-0.003,0.100,5.230,-8.393,-4.390,4.390,-2.888,-2.923
5764,16,-0.702,32.045,42.696,0.000,-0.000,-0.003,0.096,5.259,-8.364,-4.390,4.390,-2.904,-2.938
5765,16,-0.701,32.044,42.699,0.000,-0.000,-0.003,0.110,5.216,-8.384,-4.390,4.390,-2.903,-2.938
5766,16,-0.701,32.049,42.698,0.003,0.005,0.002,0.110,5.216,-8.384,-4.473,4.473,-3.117,-2.886
5767,16,-0.700,32.051,42.696,0.002,0.005,0.000,0.110,5.216,-8.384,-4.442,4.442,-3.069,-2.943
5768,16,-0.701,32.051,42.693,0.002,0.000,0.000,0.072,5.201,-8.384,-4.441,4.441,-2.993,-2.868
5769,16,-0.698,32.047,42.693,0.002,0.000,0.000,0.115,5.283,-8.384,-4.442,4.442,-2.986,-2.862
5770,16,-0.699,32.044,42.697,-0.001,-0.005,0.000,0.115,5.283,-8.384,-4.427,4.427,-2.910,-2.785
5771,16,-0.700,32.044,42.693,0.002,-0.005,0.002,0.115,5.283,-8.384,-4.468,4.468,-2.959,-2.728
5772,16,-0.698,32.047,42.693,0.002,0.007,0.002,0.096,5.235,-8.408,-4.469,4.469,-3.146,-2.915
5773,16,-0.701,32.051,42.693,0.002,0.007,0.002,0.100,5.130,-8.441,-4.468,4.468,-3.153,-2.921
5774,16,-0.702,32.048,42.692,-0.001,0.000,-0.001,0.100,5.130,-8.441,-4.412,4.412,-2.966,-2.894
5775,16,-0.698,32.047,42.693,0.002,0.000,0.000,0.100,5.130,-8.441,-4.442,4.442,-2.986,-2.862
5776,16,-0.698,32.047,42.693,0.002,-0.002,0.000,0.153,5.240,-8.403,-4.442,4.442,-2.956,-2.831
5777,16,-0.700,32.044,42.693,0.002,-0.002,0.000,0.153,5.240,-8.403,-4.442,4.442,-2.952,-2.827
5778,16,-0.700,32.044,42.693,0.000,0.002,0.000,0.100,5.288,-8.379,-4.442,4.442,-2.952,-2.827
5779,16,-0.700,32.044,42.693,0.000,0.002,0.000,0.100,5.288,-8.379,-4.431,4.431,-3.012,-2.888
5780,16,-0.700,32.044,42.693,0.000,0.000,-0.001,0.091,5.187,-8.422,-4.418,4.418,-2.955,-2.884
5781,16,-0.700,32.044,42.693,0.000,0.000,-0.001,0.091,5.187,-8.422,-4.418,4.418,-2.955,-2.884
5782,16,-0.700,32.044,42.693,0.000,0.000,0.000,0.091,5.187,-8.398,-4.418,4.418,-2.955,-2.884
5783,16,-0.701,32.041,42.693,0.000,0.000,0.000,0.091,5.187,-8.398,-4.430,4.430,-2.978,-2.853
5784,16,-0.698,32.040,42.694,0.000,0.000,0.000,0.024,5.321,-8.336,-4.432,4.432,-2.975,-2.851
5785,16,-0.698,32.040,42.694,0.000,0.000,0.000,0.024,5.321,-8.336,-4.432,4.432,-2.975,-2.851
5786,16,-0.698,32.040,42.694,0.001,0.004,0.000,0.167,5.297,-8.369,-4.432,4.432,-2.975,-2.851
5787,16,-0.696,32.043,42.694,0.001,0.004,0.000,0.167,5.297,-8.369,-4.438,4.438,-3.041,-2.917
5788,16,-0.700,32.044,42.693,-0.001,0.000,0.000,0.057,5.230,-8.360,-4.426,4.426,-2.982,-2.857
5789,16,-0.700,32.044,42.693,-0.001,0.000,0.000,0.057,5.230,-8.360,-4.426,4.426,-2.982,-2.857
5790,16,-0.701,32.041,42.693,-0.002,-0.005,0.000,0.225,5.259,-8.384,-4.426,4.426,-2.982,-2.857
5791,16,-0.703,32.037,42.691,-0.002,-0.005,0.000,0.225,5.259,-8.384,-4.419,4.419,-2.896,-2.771
5792,16,-0.701,32.041,42.693,-0.000,0.005,0.000,0.057,5.264,-8.374,-4.430,4.430,-3.054,-2.929
5793,16,-0.700,32.044,42.693,-0.000,0.005,0.000,0.057,5.264,-8.374,-4.431,4.431,-3.058,-2.933
5794,16,-0.700,32.044,42.693,0.003,0.000,0.000,0.129,5.216,-8.393,-4.431,4.431,-3.058,-2.933
5795,16,-0.700,32.044,42.693,0.003,0.000,0.000,0.129,5.216,-8.393,-4.447,4.447,-2.982,-2.857
5796,16,-0.700,32.044,42.693,0.001,-0.003,0.000,0.105,5.221,-8.427,-4.436,4.436,-2.936,-2.812
5797,16,-0.696,32.043,42.694,0.001,-0.003,0.000,0.105,5.221,-8.427,-4.438,4.438,-2.934,-2.810
5798,16,-0.698,32.039,42.692,0.003,0.001,0.000,0.024,5.221,-8.374,-4.437,4.437,-2.929,-2.804
5799,16,-0.693,32.041,42.694,0.003,0.001,0.000,0.024,5.221,-8.374,-4.451,4.451,-2.994,-2.866
5800,16,-0.693,32.041,42.694,0.000,0.002,0.000,0.105,5.240,-8.379,-4.434,4.434,-3.007,-2.884
5801,16,-0.693,32.041,42.694,0.000,0.002,0.000,0.105,5.240,-8.379,-4.434,4.434,-3.007,-2.884
5802,16,-0.692,32.041,42.695,0.000,0.001,0.000,0.072,5.292,-8.350,-4.434,4.434,-3.008,-2.885
5803,16,-0.691,32.045,42.696,0.000,0.001,0.000,0.072,5.292,-8.350,-4.435,4.435,-2.998,-2.874
5804,16,-0.691,32.045,42.696,0.000,-0.001,0.000,0.153,5.264,-8.374,-4.435,4.435,-2.967,-2.844
5805,16,-0.692,32.041,42.695,0.000,-0.001,0.000,0.153,5.264,-8.374,-4.434,4.434,-2.963,-2.839
5806,16,-0.691,32.045,42.696,0.001,0.001,0.000,0.091,5.225,-8.388,-4.435,4.435,-2.967,-2.844
5807,16,-0.691,32.045,42.696,0.001,0.001,0.000,0.091,5.225,-8.388,-4.440,4.440,-2.998,-2.874
5808,16,-0.691,32.045,42.696,-0.002,0.000,0.000,0.148,5.221,-8.374,-4.424,4.424,-2.982,-2.859
5809,16,-0.695,32.046,42.695,-0.002,0.000,0.000,0.148,5.221,-8.374,-4.423,4.423,-2.984,-2.860
5810,16,-0.695,32.046,42.695,-0.000,0.001,0.000,0.081,5.268,-8.393,-4.423,4.423,-2.984,-2.860
5811,16,-0.695,32.046,42.695,-0.000,0.001,0.000,0.081,5.268,-8.393,-4.433,4.433,-3.000,-2.876
5812,16,-0.691,32.045,42.696,0.003,-0.003,0.000,0.139,5.283,-8.369,-4.451,4.451,-2.937,-2.813
5813,16,-0.694,32.041,42.690,0.003,-0.003,0.000,0.139,5.283,-8.369,-4.450,4.450,-2.931,-2.808
5814,16,-0.692,32.044,42.690,0.000,0.002,0.000,0.062,5.254,-8.355,-4.450,4.450,-2.931,-2.808
5815,16,-0.692,32.045,42.692,0.000,0.002,0.000,0.062,5.254,-8.355,-4.436,4.436,-3.016,-2.887
5816,16,-0.695,32.046,42.695,-0.005,0.000,0.000,0.115,5.283,-8.379,-4.407,4.407,-2.984,-2.860
5817,16,-0.695,32.046,42.695,-0.005,0.000,0.000,0.115,5.283,-8.379,-4.407,4.407,-2.984,-2.860
5818,16,-0.695,32.046,42.695,0.003,0.000,0.000,0.120,5.249,-8.384,-4.405,4.405,-2.986,-2.862
5819,16,-0.696,32.046,42.691,0.003,0.000,0.000,0.120,5.249,-8.384,-4.446,4.446,-2.977,-2.869
5820,16,-0.696,32.046,42.691,0.000,0.000,0.000,0.110,5.259,-8.388,-4.433,4.433,-2.985,-2.861
5821,16,-0.696,32.046,42.691,0.000,0.000,0.000,0.110,5.259,-8.388,-4.433,4.433,-2.985,-2.861
5822,16,-0.696,32.046,42.691,0.000,-0.001,0.000,0.100,5.201,-8.412,-4.433,4.433,-2.985,-2.861
5823,16,-0.696,32.046,42.691,0.000,-0.001,0.000,0.100,5.201,-8.412,-4.433,4.433,-2.970,-2.846
5824,16,-0.696,32.046,42.691,0.000,0.002,0.000,0.134,5.211,-8.379,-4.433,4.433,-3.015,-2.891
5825,16,-0.696,32.046,42.691,0.000,0.002,0.000,0.134,5.211,-8.379,-4.433,4.433,-3.015,-2.891
5826,16,-0.696,32.046,42.691,0.002,0.000,0.000,0.072,5.235,-8.417,-4.433,4.433,-3.015,-2.891
5827,16,-0.696,32.046,42.691,0.002,0.000,0.000,0.072,5.235,-8.417,-4.444,4.444,-2.985,-2.861
5828,16,-0.696,32.046,42.691,0.001,0.000,0.000,0.120,5.259,-8.345,-4.438,4.438,-2.985,-2.861
5829,16,-0.696,32.046,42.691,0.001,0.000,0.000,0.120,5.259,-8.345,-4.438,4.438,-2.985,-2.861
5830,16,-0.696,32.046,42.691,0.000,0.000,0.000,0.062,5.283,-8.345,-4.438,4.438,-2.985,-2.861
5831,16,-0.696,32.046,42.691,0.000,0.000,0.000,0.062,5.283,-8.345,-4.433,4.433,-2.985,-2.861
5832,16,-0.694,32.049,42.691,0.000,0.001,0.000,0.134,5.264,-8.374,-4.434,4.434,-3.005,-2.880
5833,16,-0.694,32.049,42.691,0.000,0.001,0.000,0.134,5.264,-8.374,-4.434,4.434,-3.005,-2.880
5834,16,-0.694,32.049,42.691,0.000,0.001,0.000,0.091,5.249,-8.384,-4.434,4.434,-3.005,-2.880
5835,16,-0.694,32.049,42.691,0.000,0.001,0.000,0.091,5.249,-8.384,-4.434,4.434,-3.005,-2.880
5836,16,-0.694,32.049,42.691,-0.002,-0.001,0.000,0.144,5.273,-8.360,-4.423,4.423,-2.974,-2.850
5837,16,-0.698,32.050,42.690,-0.002,-0.001,0.000,0.144,5.273,-8.360,-4.421,4.421,-2.976,-2.851
5838,16,-0.698,32.050,42.690,0.001,-0.000,0.000,0.062,5.225,-8.393,-4.421,4.421,-2.976,-2.851
5839,16,-0.698,32.050,42.690,0.001,-0.000,0.000,0.062,5.225,-8.393,-4.437,4.437,-2.992,-2.867
5840,16,-0.694,32.049,42.691,0.002,0.001,0.000,0.177,5.235,-8.393,-4.444,4.444,-3.005,-2.880
5841,16,-0.693,32.052,42.692,0.002,0.001,0.000,0.177,5.235,-8.393,-4.445,4.445,-3.009,-2.885
5842,16,-0.694,32.049,42.691,-0.001,-0.002,0.000,0.048,5.297,-8.360,-4.444,4.444,-3.005,-2.880
5843,16,-0.694,32.049,42.691,-0.001,-0.002,0.000,0.048,5.297,-8.360,-4.428,4.428,-2.959,-2.835
5844,16,-0.694,32.049,42.691,0.002,0.002,0.000,0.110,5.278,-8.345,-4.444,4.444,-3.020,-2.896
5845,16,-0.693,32.052,42.692,0.002,0.002,0.000,0.110,5.278,-8.345,-4.445,4.445,-3.024,-2.900
5846,16,-0.694,32.053,42.688,0.000,0.000,0.000,0.091,5.206,-8.384,-4.445,4.445,-3.025,-2.901
5847,16,-0.694,32.053,42.688,0.000,0.000,0.000,0.091,5.206,-8.384,-4.434,4.434,-2.994,-2.870
5848,16,-0.694,32.053,42.688,0.000,-0.001,0.000,0.115,5.240,-8.388,-4.434,4.434,-2.979,-2.855
5849,16,-0.694,32.053,42.688,0.000,-0.001,0.000,0.115,5.240,-8.388,-4.434,4.434,-2.979,-2.855
5850,16,-0.694,32.053,42.688,0.000,0.004,0.000,0.124,5.268,-8.360,-4.434,4.434,-2.979,-2.855
5851,16,-0.696,32.057,42.687,0.000,0.004,0.000,0.124,5.268,-8.360,-4.432,4.432,-3.060,-2.939
5852,16,-0.696,32.057,42.687,-0.001,-0.001,0.000,0.105,5.249,-8.379,-4.428,4.428,-2.986,-2.861
5853,16,-0.696,32.057,42.687,-0.001,-0.001,0.000,0.105,5.249,-8.379,-4.428,4.428,-2.986,-2.861
5854,16,-0.696,32.057,42.687,-0.000,-0.001,0.000,0.153,5.245,-8.369,-4.428,4.428,-2.986,-2.861
5855,16,-0.696,32.057,42.687,-0.000,-0.001,0.000,0.153,5.245,-8.369,-4.433,4.433,-2.986,-2.861
5856,16,-0.696,32.057,42.687,0.001,0.003,0.000,0.081,5.235,-8.408,-4.438,4.438,-3.047,-2.922
5857,16,-0.696,32.057,42.687,0.001,0.003,0.000,0.081,5.235,-8.408,-4.438,4.438,-3.047,-2.922
5858,16,-0.695,32.060,42.688,0.003,0.000,0.000,0.134,5.240,-8.388,-4.439,4.439,-3.051,-2.926
5859,16,-0.695,32.060,42.688,0.003,0.000,0.000,0.134,5.240,-8.388,-4.450,4.450,-3.005,-2.880
5860,16,-0.695,32.060,42.688,0.000,-0.002,0.000,0.067,5.297,-8.336,-4.434,4.434,-2.975,-2.850
5861,16,-0.696,32.057,42.687,0.000,-0.002,0.000,0.067,5.297,-8.336,-4.433,4.433,-2.971,-2.846
5862,16,-0.695,32.060,42.688,0.001,0.002,0.000,0.129,5.225,-8.393,-4.434,4.434,-2.975,-2.850
5863,16,-0.695,32.060,42.688,0.001,0.002,0.000,0.129,5.225,-8.393,-4.439,4.439,-3.036,-2.911
5864,16,-0.695,32.060,42.688,-0.004,-0.001,0.000,0.062,5.192,-8.412,-4.412,4.412,-2.990,-2.865
5865,16,-0.700,32.058,42.686,-0.004,-0.001,0.000,0.062,5.192,-8.412,-4.410,4.410,-2.988,-2.862
5866,16,-0.700,32.058,42.686,0.001,-0.000,0.000,0.115,5.235,-8.408,-4.410,4.410,-2.988,-2.862
5867,16,-0.696,32.057,42.687,0.001,-0.000,0.000,0.115,5.235,-8.408,-4.439,4.439,-3.003,-2.874
5868,16,-0.700,32.058,42.686,-0.001,-0.001,0.000,0.139,5.254,-8.350,-4.426,4.426,-2.988,-2.862
5869,16,-0.700,32.058,42.686,-0.001,-0.001,0.000,0.139,5.254,-8.350,-4.426,4.426,-2.988,-2.862
5870,16,-0.700,32.058,42.686,-0.000,0.001,0.000,0.091,5.273,-8.355,-4.426,4.426,-2.988,-2.862
5871,16,-0.700,32.058,42.686,-0.000,0.001,0.000,0.091,5.273,-8.355,-4.431,4.431,-3.018,-2.893
5872,16,-0.700,32.058,42.686,0.001,0.005,0.000,0.124,5.240,-8.436,-4.437,4.437,-3.079,-2.953
5873,16,-0.698,32.061,42.687,0.001,0.005,0.000,0.124,5.240,-8.436,-4.437,4.437,-3.084,-2.958
5874,16,-0.698,32.061,42.687,0.000,-0.001,0.000,0.124,5.192,-8.403,-4.437,4.437,-3.084,-2.958
5875,16,-0.698,32.061,42.687,0.000,-0.001,0.000,0.124,5.192,-8.403,-4.432,4.432,-2.992,-2.867
5876,16,-0.700,32.058,42.686,0.000,-0.003,0.000,0.115,5.264,-8.364,-4.431,4.431,-2.957,-2.832
5877,16,-0.700,32.058,42.686,0.000,-0.003,0.000,0.115,5.264,-8.364,-4.431,4.431,-2.957,-2.832
5878,16,-0.701,32.055,42.686,0.002,0.007,0.000,0.072,5.278,-8.393,-4.431,4.431,-2.953,-2.827
5879,16,-0.698,32.065,42.683,0.002,0.007,0.000,0.072,5.278,-8.393,-4.440,4.440,-3.112,-3.000
5880,16,-0.698,32.065,42.683,-0.002,-0.001,0.000,0.096,5.187,-8.398,-4.422,4.422,-2.997,-2.872
5881,16,-0.702,32.063,42.686,-0.002,-0.001,0.000,0.096,5.187,-8.398,-4.420,4.420,-2.994,-2.868
5882,16,-0.704,32.060,42.685,-0.000,-0.002,0.000,0.081,5.249,-8.388,-4.420,4.420,-2.994,-2.868
5883,16,-0.700,32.058,42.686,-0.000,-0.002,0.000,0.081,5.249,-8.388,-4.431,4.431,-2.973,-2.847
5884,16,-0.698,32.061,42.687,0.002,0.006,0.000,0.144,5.249,-8.393,-4.443,4.443,-3.099,-2.973
5885,16,-0.699,32.062,42.683,0.002,0.006,0.000,0.144,5.249,-8.393,-4.442,4.442,-3.099,-2.974
5886,16,-0.698,32.065,42.683,-0.001,-0.002,0.000,0.077,5.197,-8.388,-4.443,4.443,-3.104,-2.978
5887,16,-0.699,32.062,42.683,-0.001,-0.002,0.000,0.077,5.197,-8.388,-4.426,4.426,-2.978,-2.852
5888,16,-0.698,32.061,42.687,-0.000,-0.003,0.000,0.153,5.259,-8.384,-4.432,4.432,-2.962,-2.836
5889,16,-0.700,32.058,42.686,-0.000,-0.003,0.000,0.153,5.259,-8.384,-4.431,4.431,-2.957,-2.832
5890,16,-0.699,32.062,42.683,0.004,0.006,0.000,0.139,5.225,-8.388,-4.431,4.431,-2.958,-2.832
5891,16,-0.698,32.065,42.683,0.004,0.006,0.000,0.139,5.225,-8.388,-4.454,4.454,-3.105,-2.977
5892,16,-0.696,32.061,42.684,0.000,-0.002,0.000,0.081,5.221,-8.384,-4.433,4.433,-2.976,-2.850
5893,16,-0.696,32.061,42.684,0.000,-0.002,0.000,0.081,5.221,-8.384,-4.433,4.433,-2.976,-2.850
5894,16,-0.696,32.061,42.684,0.000,-0.000,0.000,0.100,5.283,-8.379,-4.433,4.433,-2.976,-2.850
5895,16,-0.697,32.057,42.684,0.000,-0.000,0.000,0.100,5.283,-8.379,-4.432,4.432,-3.002,-2.876
5896,16,-0.696,32.061,42.684,0.002,0.004,0.000,0.048,5.216,-8.393,-4.444,4.444,-3.067,-2.942
5897,16,-0.696,32.061,42.684,0.002,0.004,0.000,0.048,5.216,-8.393,-4.444,4.444,-3.067,-2.942
5898,16,-0.694,32.064,42.684,0.000,0.000,0.000,0.139,5.206,-8.408,-4.445,4.445,-3.071,-2.946
5899,16,-0.696,32.061,42.684,0.000,0.000,0.000,0.139,5.206,-8.408,-4.433,4.433,-3.006,-2.881
5900,16,-0.699,32.062,42.683,-0.004,0.000,0.000,0.067,5.235,-8.360,-4.410,4.410,-3.008,-2.882
5901,16,-0.699,32.062,42.683,-0.004,0.000,0.000,0.067,5.235,-8.360,-4.410,4.410,-3.008,-2.882
5902,16,-0.701,32.059,42.682,0.001,-0.001,0.000,0.153,5.292,-8.355,-4.409,4.409,-3.004,-2.878
5903,16,-0.701,32.059,42.682,0.001,-0.001,0.000,0.153,5.292,-8.355,-4.436,4.436,-2.988,-2.862
5904,16,-0.701,32.059,42.682,0.000,0.003,0.000,0.144,5.240,-8.384,-4.431,4.431,-3.049,-2.923
5905,16,-0.699,32.062,42.683,0.000,0.003,0.000,0.144,5.240,-8.384,-4.431,4.431,-3.054,-2.928
5906,16,-0.699,32.062,42.683,0.000,0.000,0.000,0.115,5.221,-8.369,-4.431,4.431,-3.054,-2.928
5913,16,-0.703,32.063,42.682,-0.001,0.002,0.000,0.081,5.230,-8.393,-4.425,4.425,-3.041,-2.914
5921,16,-0.705,32.068,42.683,-0.000,0.006,0.000,0.167,5.379,-8.393,-4.429,4.429,-3.109,-2.982
5922,16,-0.707,32.064,42.681,-0.000,-0.010,0.000,0.072,5.173,-8.441,-4.429,4.429,-3.109,-2.982
5923,16,-0.706,32.057,42.681,-0.000,-0.010,0.000,0.072,5.173,-8.441,-4.428,4.428,-2.864,-2.738
5924,16,-0.706,32.057,42.681,0.002,-0.002,0.000,0.148,5.230,-8.393,-4.439,4.439,-2.971,-2.844
5925,16,-0.706,32.057,42.681,0.002,-0.002,0.000,0.148,5.230,-8.393,-4.439,4.439,-2.971,-2.844
5926,16,-0.706,32.057,42.681,0.001,0.010,0.000,0.100,5.225,-8.388,-4.439,4.439,-2.971,-2.844
5929,16,-0.708,32.061,42.680,-0.004,-0.001,0.000,0.029,5.312,-8.374,-4.406,4.406,-2.993,-2.865
5934,16,-0.708,32.061,42.680,-0.002,-0.009,0.000,0.048,5.316,-8.245,-4.440,4.440,-3.062,-2.935
5935,16,-0.710,32.058,42.680,-0.002,-0.009,0.000,0.048,5.316,-8.245,-4.416,4.416,-2.881,-2.755
5936,16,-0.708,32.022,42.680,0.005,-0.128,0.000,0.507,6.336,-7.896,-4.454,4.454,-1.124,-0.999
5937,16,-0.706,31.955,42.681,0.005,-0.128,0.000,0.507,6.336,-7.896,-4.453,4.453,-1.027,-0.906
5942,16,-0.520,31.523,42.742,-0.023,0.189,0.161,-1.699,3.933,-8.963,-3.064,3.064,-2.933,-6.805
5943,16,-0.598,31.509,42.599,-0.023,-0.040,0.161,-0.426,2.943,-12.327,-6.364,6.364,-5.638,2.483
5944,16,-0.632,31.482,42.544,-0.023,-0.040,0.161,5.158,133.468,27.371,-6.348,6.348,-5.601,2.524
5945,16,-0.758,33.255,42.016,0.278,2.775,0.739,5.158,133.468,27.371,-15.056,15.056,-62.883,-25.702
5946,16,-1.101,34.863,41.749,-0.312,2.775,-0.274,5.158,133.468,27.371,-14.862,14.862,-64.530,-27.084
5947,16,-1.481,34.362,42.309,-0.312,-1.135,-0.274,0.459,151.383,-7.034,0.834,-0.834,16.539,3.415
5948,16,-1.672,34.118,42.588,-0.312,-1.135,-0.274,3.302,139.349,-0.321,0.920,-0.920,16.871,3.784
5949,16,-2.129,34.599,42.830,-0.179,0.545,0.113,3.302,139.349,-0.321,-4.413,4.413,-17.608,-11.106
5950,16,-2.654,34.940,42.988,-0.144,0.545,0.103,3.302,139.349,-0.321,-4.222,4.222,-18.238,-11.445
5951,16,-3.208,34.817,43.460,-0.144,-0.624,0.103,2.493,109.618,-4.766,-4.264,4.264,-1.773,5.905
5952,16,-3.413,34.725,43.596,-0.144,-0.624,0.103,-0.349,10.092,-4.905,-3.963,3.963,-1.109,5.468
5953,16,-3.122,31.169,44.240,0.731,-6.563,-0.110,-0.349,10.092,-4.905,-5.550,5.550,88.298,83.130
5954,16,-1.986,25.425,45.201,3.332,-6.563,-0.222,-0.349,10.092,-4.905,-5.900,5.900,88.542,82.887
5955,16,-0.303,21.042,45.764,3.332,-8.051,-0.222,0.933,2.842,3.426,-18.428,18.428,91.373,80.055
5956,16,0.511,18.856,45.990,3.332,-8.051,-0.222,1.091,2.311,6.685,-19.027,19.027,91.002,80.427
5957,16,2.018,14.364,46.421,3.181,-8.265,-0.340,1.091,2.311,6.685,-18.161,18.161,92.798,78.631
5958,16,4.011,7.756,46.864,2.565,-8.265,-0.334,1.091,2.311,6.685,-20.357,20.357,90.718,80.711
5959,16,5.769,5.092,47.159,2.565,-7.872,-0.334,0.971,2.378,9.690,-19.913,19.913,87.395,84.033
5960,16,5.605,1.404,47.129,2.565,-7.872,-0.334,0.871,1.876,10.992,-20.393,20.393,86.458,84.971
5961,16,5.993,-2.150,47.321,1.403,-6.716,-0.361,0.871,1.876,10.992,-15.478,15.478,85.356,86.072
5962,16,6.149,-7.196,47.551,-0.089,-6.716,-0.175,0.871,1.876,10.992,-17.409,17.409,82.876,88.553
5963,16,6.271,-8.874,47.708,-0.089,-5.850,-0.175,0.603,1.952,10.542,-12.427,12.427,77.501,93.928
5964,16,5.447,-11.703,47.765,-0.089,-5.850,-0.175,0.134,2.038,9.862,-11.801,11.801,77.996,93.433
5971,16,-14.139,-21.598,50.805,-5.570,-1.682,-0.179,-0.450,2.728,10.226,48.898,-48.898,99.896,5.305
5972,16,-16.440,-22.577,51.293,-5.570,-1.682,-0.179,-0.464,3.115,9.843,52.487,-52.487,107.075,-1.873
5973,16,-20.016,-22.385,51.844,-5.343,-0.788,-0.353,-0.464,3.115,9.843,54.658,-54.658,98.648,-18.982
5974,16,-25.031,-21.806,52.624,-5.343,-0.788,-0.651,-0.464,3.115,9.843,54.658,-54.658,98.648,-18.982
5975,16,-27.797,-20.844,53.015,-4.272,-0.061,-0.651,-0.574,3.043,9.317,57.245,-57.245,95.711,-36.833
5976,16,-29.390,-20.720,53.330,-4.272,-0.061,-0.651,-0.273,2.952,8.321,57.245,-57.245,95.711,-36.833
5977,16,-31.521,-19.596,53.725,-2.967,0.550,-0.934,-0.273,2.952,8.321,54.262,-54.262,94.075,-52.637
5978,16,-34.290,-17.708,54.186,-2.967,0.550,-1.154,-0.273,2.952,8.321,54.262,-54.262,94.075,-52.637
5979,16,-35.757,-16.484,54.497,-1.641,1.171,-1.154,-0.416,2.641,7.546,50.374,-50.374,90.689,-66.995
5980,16,-36.232,-15.447,54.461,-1.641,1.171,-1.154,-0.273,2.450,6.417,50.374,-50.374,90.689,-66.995
5981,16,-36.810,-13.637,54.517,-0.446,1.682,-1.352,-0.273,2.450,6.417,46.879,-46.879,88.338,-79.253
5982,16,-37.278,-10.829,54.484,-0.446,1.682,-1.352,-0.273,2.450,6.417,46.879,-46.879,88.338,-79.253
5983,16,-37.492,-9.566,54.636,0.829,2.093,-1.352,0.177,2.450,5.436,40.504,-40.504,82.463,-85.128
5984,16,-36.988,-7.840,54.287,0.829,2.093,-1.352,0.464,2.354,4.436,40.504,-40.504,82.463,-85.128
5985,16,-35.887,-5.784,53.941,2.380,2.411,-1.109,0.464,2.354,4.436,29.713,-29.713,71.856,-83.591
5986,16,-33.801,-2.700,53.346,2.380,2.411,-0.735,0.464,2.354,4.436,29.713,-29.713,71.856,-83.591
5987,16,-32.421,-1.808,53.182,3.934,2.647,-0.735,0.613,2.297,3.752,15.259,-15.259,55.113,-73.604
5988,16,-30.854,0.404,52.600,3.934,2.647,-0.735,0.708,2.330,2.909,12.568,-12.568,49.732,-68.222
5989,16,-28.080,2.437,51.890,5.387,2.818,-0.248,0.708,2.330,2.909,-3.828,3.828,29.033,-52.394
5990,16,-23.559,5.490,50.831,5.387,2.818,0.267,0.708,2.330,2.909,-5.423,5.423,25.844,-49.205
5991,16,-20.769,6.010,50.433,6.820,2.847,0.267,0.742,2.464,1.565,-23.052,23.052,4.489,-28.702
5992,16,-18.247,8.534,49.697,6.820,2.847,0.267,0.603,2.795,0.392,-25.917,25.917,-1.243,-22.970
5993,16,-14.004,10.412,48.829,8.217,2.677,0.794,0.603,2.795,0.392,-38.518,38.518,-18.661,-3.588
5994,16,-11.898,11.367,48.441,8.217,2.677,1.289,0.603,2.795,0.392,-39.699,39.699,-22.116,-2.318
5995,16,-3.289,13.272,46.901,9.430,2.267,1.289,0.402,2.847,-1.369,-48.789,48.789,-36.660,19.498
5996,16,-0.184,15.711,46.509,9.430,2.267,1.289,0.297,3.010,-3.512,-50.804,50.804,-44.079,20.136
5997,16,5.023,17.083,45.662,10.299,1.610,1.728,0.297,3.010,-3.512,-57.786,57.786,-50.686,41.458
5998,16,7.619,17.780,45.286,10.299,1.610,1.728,0.297,3.010,-3.512,-58.404,58.404,-53.002,41.615
5999,16,17.277,18.876,43.412,10.203,0.877,2.025,-0.038,3.196,-5.312,-63.085,63.085,-53.612,59.728
6000,16,20.390,20.612,43.391,10.203,0.877,2.025,-0.574,3.082,-5.704,-64.184,64.184,-58.829,58.909
6001,16,24.617,21.371,42.583,8.762,0.201,2.115,-0.574,3.082,-5.704,-65.703,65.703,-53.583,70.229
6002,16,26.741,21.761,42.210,8.762,0.201,2.115,-0.574,3.082,-5.704,-65.842,65.842,-54.555,69.811
6003,16,32.897,22.577,40.523,6.357,-0.071,2.028,-0.885,3.010,-5.101,-64.271,64.271,-48.460,69.624
6004,16,34.693,23.468,40.516,6.357,-0.071,2.028,-1.048,2.771,-3.565,-64.764,64.764,-51.342,68.714
6005,16,36.328,24.081,39.989,4.027,-0.091,1.844,-1.048,2.771,-3.565,-59.826,59.826,-46.784,62.987
6006,16,37.150,24.392,39.733,4.027,-0.091,1.844,-1.048,2.771,-3.565,-59.675,59.675,-46.908,62.258
6007,16,38.624,25.345,38.846,1.937,-0.006,1.607,-1.120,2.708,-3.484,-45.268,45.268,-41.021,52.317
6008,16,39.022,25.868,38.812,1.937,-0.006,1.607,-1.187,2.761,-4.311,-45.282,45.282,-42.022,51.373
6009,16,38.391,26.448,38.685,-0.261,0.202,1.375,-1.187,2.761,-4.311,-30.895,30.895,-38.815,40.984
6010,16,38.075,26.733,38.616,-0.261,0.202,1.375,-1.187,2.761,-4.311,-30.656,30.656,-38.640,40.203
6014,16,30.212,28.934,39.078,-4.454,0.610,0.821,-1.785,3.115,-4.536,-0.918,0.918,-29.278,14.470
6015,16,23.193,30.243,40.012,-6.517,0.781,0.450,-1.995,3.378,-4.637,14.261,-14.261,-23.906,0.396
6016,16,21.125,30.261,40.102,-6.517,0.781,0.450,-1.909,3.613,-6.216,14.835,-14.835,-22.506,-0.500
6017,16,16.516,30.814,40.773,-8.110,0.938,0.070,-1.909,3.613,-6.216,24.661,-24.661,-15.701,-13.343
6025,16,-19.265,34.441,48.224,-6.272,-0.026,-0.976,-0.201,3.062,-7.929,35.612,-35.612,15.101,-26.348
6026,16,-23.354,34.813,50.076,-6.272,-0.026,-0.976,-0.201,3.062,-7.929,35.412,-35.412,14.581,-26.069
6027,16,-25.418,35.246,50.317,-4.648,-0.289,-1.105,0.201,2.991,-6.972,36.001,-36.001,18.988,-24.017
6028,16,-26.410,35.138,52.069,-4.648,-0.289,-1.105,0.474,2.847,-6.034,36.196,-36.196,19.443,-24.339
6029,16,-27.444,35.375,53.489,-3.005,-0.345,-1.219,0.474,2.847,-6.034,29.905,-29.905,22.377,-26.141
6030,16,-27.963,35.496,54.195,-3.005,-0.345,-1.219,0.474,2.847,-6.034,29.780,-29.780,22.006,-26.010
6031,16,-28.665,35.901,56.276,-1.278,-0.414,-1.228,0.785,2.823,-5.900,20.328,-20.328,21.290,-23.456
6032,16,-28.520,36.053,57.793,-1.278,-0.414,-1.228,0.919,2.909,-5.919,20.872,-20.872,21.786,-25.135
6033,16,-27.478,36.314,59.208,0.607,-0.292,-1.239,0.919,2.909,-5.919,11.547,-11.547,19.836,-27.495
6034,16,-25.377,36.660,61.318,0.607,-0.292,-1.239,0.919,2.909,-5.919,11.540,-11.540,19.628,-27.678
6035,16,-23.649,36.485,62.305,2.510,-0.261,-1.187,0.986,2.929,-6.632,1.772,-1.772,18.387,-27.896
6036,16,-22.216,36.928,63.393,2.510,-0.261,-1.187,0.813,2.885,-6.843,1.747,-1.747,17.661,-28.522
6037,16,-19.647,36.516,64.686,4.029,-0.242,-1.091,0.813,2.885,-6.843,-6.508,6.508,16.462,-27.083
6038,16,-14.552,37.114,66.634,4.029,-0.242,-1.091,0.813,2.885,-6.843,-6.478,6.478,15.666,-27.997
6039,16,-11.477,36.494,67.751,5.327,-0.201,-1.040,0.536,3.015,-6.843,-14.238,14.238,16.534,-28.964
6040,16,-9.136,37.088,68.482,5.327,-0.201,-1.040,0.388,3.082,-7.489,-15.202,15.202,16.045,-30.285
6041,16,-5.590,36.207,69.521,6.385,-0.245,-1.027,0.388,3.082,-7.489,-21.787,21.787,18.831,-29.480
6042,16,-2.865,36.894,70.290,6.385,-0.245,-1.027,0.388,3.082,-7.489,-22.346,22.346,18.471,-31.143
6043,16,4.903,35.588,72.407,6.623,-0.402,-0.918,-0.029,3.192,-7.723,-23.735,23.735,19.750,-24.310
6044,16,7.586,36.118,72.998,6.623,-0.402,-0.918,-0.368,3.330,-7.446,-22.258,22.258,22.057,-27.909
6045,16,10.917,35.056,73.687,6.361,-0.438,-0.870,-0.368,3.330,-7.446,-22.671,22.671,23.321,-24.994
6046,16,17.231,34.994,75.310,6.361,-0.438,-0.870,-0.368,3.330,-7.446,-22.271,22.271,23.619,-26.298
6047,16,20.185,33.902,75.951,5.804,-0.417,-0.860,-0.445,3.101,-7.087,-22.971,22.971,24.004,-23.110
6048,16,22.503,34.239,76.559,5.804,-0.417,-0.860,-0.507,3.125,-6.527,-21.973,21.973,25.911,-25.197
6049,16,25.056,33.343,77.089,5.053,-0.274,-0.813,-0.507,3.125,-6.527,-22.819,22.819,23.448,-24.278
6050,16,29.850,33.556,77.735,5.053,-0.274,-0.813,-0.507,3.125,-6.527,-22.566,22.566,23.755,-24.981
6051,16,31.912,32.283,78.902,4.360,-0.137,-0.761,-0.507,3.072,-6.273,-23.418,23.418,20.187,-22.342
6052,16,33.709,32.491,79.573,4.360,-0.137,-0.761,-0.589,3.163,-6.589,-22.815,22.815,21.476,-23.468
6053,16,35.484,31.845,80.058,3.641,0.001,-0.679,-0.589,3.163,-6.589,-20.634,20.634,17.481,-21.803
6054,16,36.898,31.967,80.616,3.641,0.001,-0.679,-0.589,3.163,-6.589,-20.497,20.497,17.655,-22.179
6055,16,39.993,31.161,81.640,2.806,0.182,-0.595,-0.727,3.153,-6.781,-18.179,18.179,12.066,-20.337
6056,16,41.213,31.258,82.346,2.806,0.182,-0.595,-0.660,3.158,-7.058,-17.800,17.800,13.005,-20.914
6057,16,42.107,30.907,82.884,1.908,0.281,-0.489,-0.660,3.158,-7.058,-14.917,14.917,8.765,-18.723
6058,16,42.852,30.964,83.344,1.908,0.281,-0.489,-0.660,3.158,-7.058,-14.858,14.858,8.836,-18.890
6059,16,43.947,30.750,84.366,0.958,0.432,-0.422,-0.770,3.039,-6.709,-11.383,11.383,4.066,-18.556
6060,16,44.500,30.632,85.055,0.958,0.432,-0.422,-0.876,3.015,-6.886,-11.212,11.212,4.831,-18.476
6061,16,44.505,30.558,85.743,0.020,0.524,-0.368,-0.876,3.015,-6.886,-7.268,7.268,2.110,-18.221
6062,16,44.536,30.543,86.108,0.020,0.524,-0.368,-0.876,3.015,-6.886,-7.282,7.282,2.100,-18.179
6063,16,43.931,30.357,87.234,-1.219,0.473,-0.559,-9.097,-1.225,-8.542,0.839,-0.839,6.533,-21.450
6064,16,43.362,30.194,88.035,-1.219,0.473,-0.559,-52.953,-49.713,-22.289,1.001,-1.001,7.356,-21.273
6065,16,34.725,25.503,99.760,-31.791,-3.481,-20.159,-52.953,-49.713,-22.289,100.250,-100.250,205.011,-94.989
6066,16,8.278,10.796,116.899,-31.791,-3.481,-20.159,-52.953,-49.713,-22.289,100.250,-100.250,215.363,-84.636
6067,16,1.392,7.211,125.958,-29.173,-9.282,-32.382,57.254,-128.802,-67.188,100.250,-100.250,235.714,-64.286
6068,16,-13.574,3.546,144.860,-29.173,-9.282,-32.382,8.034,-15.088,11.862,100.250,-100.250,235.714,-64.286
6069,16,-18.051,-5.679,157.226,-20.012,-26.651,-34.578,8.034,-15.088,11.862,100.250,-100.250,235.714,-64.286
6070,16,-45.216,-8.792,-154.463,-20.012,-26.651,-34.578,8.034,-15.088,11.862,100.250,-100.250,235.714,-64.286
6071,16,-51.172,-9.068,-142.031,-14.210,-32.527,-28.567,-9.886,2.594,-8.704,100.250,-100.250,235.714,-64.286
6072,16,-62.539,-5.884,-117.568,-14.210,-32.527,-28.567,-9.929,10.226,-11.082,100.250,-100.250,235.714,-64.286
6073,16,-68.838,-3.037,-100.907,-1.615,-31.351,-26.651,-9.929,10.226,-11.082,85.825,-85.825,235.714,-64.286
6074,16,-60.883,8.966,-62.432,-1.615,-31.351,-26.651,-9.929,10.226,-11.082,85.825,-85.825,235.714,-64.286
6075,16,-56.430,12.007,-51.882,8.979,-25.865,-29.050,-5.790,14.073,-3.249,40.250,-40.250,235.714,-64.286
6076,16,-46.122,15.415,-29.935,8.979,-25.865,-29.050,-0.603,6.934,2.101,40.250,-40.250,235.714,-64.286
6077,16,-30.177,22.483,-8.672,17.708,-16.593,-34.208,-0.603,6.934,2.101,40.250,-40.250,235.714,-64.286
6078,16,-1.214,18.462,26.541,17.708,-16.593,-34.208,-0.603,6.934,2.101,40.250,-40.250,235.714,-64.286
6079,16,8.568,17.530,37.294,22.354,-0.887,-34.894,-1.842,4.981,-3.369,40.250,-40.250,180.289,-119.711
6080,16,26.442,10.819,57.173,22.354,-0.887,-34.894,-0.254,6.163,-5.838,40.250,-40.250,187.118,-112.882
6081,16,36.473,5.297,73.491,19.868,16.472,-34.833,-0.254,6.163,-5.838,40.250,-40.250,64.286,-235.714
6082,16,56.401,-4.228,111.602,19.868,16.472,-34.833,-0.254,6.163,-5.838,40.250,-40.250,64.286,-235.714
6083,16,58.340,-7.450,123.032,11.108,27.207,-30.372,-0.354,6.063,-4.814,40.250,-40.250,64.286,-235.714
6084,16,60.126,-14.576,145.800,11.108,27.207,-30.372,-2.316,3.445,-0.909,40.250,-40.250,64.286,-235.714
6085,16,55.073,-12.665,159.666,0.394,29.415,-25.107,-2.316,3.445,-0.909,60.779,-60.779,64.286,-235.714
6086,16,40.992,-16.577,-158.030,0.394,29.415,-25.107,-2.316,3.445,-0.909,60.779,-60.779,64.286,-235.714
6087,16,35.595,-14.622,-147.827,-9.019,26.851,-23.323,-5.087,3.732,2.871,100.250,-100.250,64.286,-235.714
6088,16,26.478,-8.205,-128.523,-9.019,26.851,-23.323,-5.843,8.551,1.957,100.250,-100.250,64.286,-235.714
6089,16,22.064,-4.324,-118.409,-16.350,21.247,-23.383,-5.843,8.551,1.957,100.250,-100.250,64.286,-235.714
6090,16,2.320,10.685,-89.733,-16.350,21.247,-23.383,-5.843,8.551,1.957,100.250,-100.250,64.286,-235.714
6091,16,-2.276,14.437,-82.479,-22.078,13.511,-25.821,-0.766,6.455,-1.646,100.250,-100.250,64.286,-235.714
6092,16,-10.214,24.012,-67.302,-22.078,13.511,-25.821,-1.967,1.775,-3.675,100.250,-100.250,64.286,-235.714
6093,16,-15.320,26.872,-50.016,-24.373,2.550,-28.631,-1.967,1.775,-3.675,100.250,-100.250,117.878,-182.122
6094,16,-19.629,37.014,-19.888,-24.373,2.550,-28.631,-1.967,1.775,-3.675,100.250,-100.250,109.798,-190.202
6095,16,-18.702,37.553,-8.782,-20.145,-8.520,-29.077,-2.675,2.062,-3.106,100.250,-100.250,235.714,-64.286
6096,16,-16.506,38.142,13.605,-20.145,-8.520,-29.077,-2.809,2.905,-0.928,100.250,-100.250,235.714,-64.286
6097,16,-12.757,36.165,25.087,-11.929,-14.768,-28.304,-2.809,2.905,-0.928,100.250,-100.250,235.714,-64.286
6098,16,-1.508,26.538,66.032,-11.929,-14.768,-28.304,-2.809,2.905,-0.928,100.250,-100.250,235.714,-64.286
6099,16,-0.731,19.953,74.587,-3.124,-15.910,-27.885,-2.732,3.316,-0.770,86.243,-86.243,235.714,-64.286
6100,16,2.008,10.866,91.232,-3.124,-15.910,-27.885,-3.311,4.847,-1.771,84.810,-84.810,235.714,-64.286
6101,16,7.188,3.828,99.233,4.452,-12.700,-28.187,-3.311,4.847,-1.771,43.992,-43.992,235.714,-64.286
6102,16,9.949,-10.524,129.755,4.452,-12.700,-28.187,-3.311,4.847,-1.771,43.350,-43.350,235.714,-64.286
6103,16,9.924,-14.093,137.760,9.531,-6.816,-28.406,-3.311,4.847,-2.981,40.250,-40.250,235.714,-64.286
6104,16,10.794,-20.511,153.720,9.531,-6.816,-28.406,-3.919,7.273,-2.981,40.250,-40.250,235.714,-64.286
6105,16,10.695,-24.449,161.739,9.531,-6.816,-28.406,-3.062,8.647,-3.330,42.500,-42.500,235.714,-64.286
6106,16,6.954,-28.551,-163.241,11.166,-0.168,-28.048,-3.062,8.647,-3.330,42.500,-42.500,180.976,-119.024
6107,16,7.042,-27.959,-154.757,9.583,5.865,-27.459,-3.062,8.647,-3.330,42.500,-42.500,94.781,-205.219
6108,16,4.811,-25.935,-137.297,9.583,5.865,-27.459,-2.091,7.738,-2.962,42.500,-42.500,94.781,-205.219
6109,16,5.197,-22.282,-128.828,9.583,5.865,-27.459,-1.397,4.871,-2.283,42.500,-42.500,94.781,-205.219
6110,16,1.093,-18.732,-112.174,5.371,10.824,-26.645,-1.397,4.871,-2.283,44.816,-44.816,64.286,-235.714
6111,16,-1.224,-8.157,-88.968,-0.315,13.413,-25.751,-1.397,4.871,-2.283,74.855,-74.855,64.286,-235.714
6112,16,-2.213,0.338,-74.513,-0.315,13.413,-25.751,-1.818,1.321,-1.536,75.350,-75.350,64.286,-235.714
6113,16,-0.885,5.264,-67.272,-0.315,13.413,-25.751,-2.517,-0.426,-2.091,74.564,-74.564,64.286,-235.714
6114,16,-0.116,17.958,-38.093,-5.695,13.344,-25.153,-2.517,-0.426,-2.091,102.426,-102.426,64.286,-235.714
6115,16,-1.140,24.884,-30.671,-9.902,10.912,-24.845,-2.517,-0.426,-2.091,102.500,-102.500,64.286,-235.714
6116,16,1.022,31.306,-14.505,-9.902,10.912,-24.845,-3.464,-0.794,-2.675,102.500,-102.500,64.286,-235.714
6117,16,1.710,34.177,-6.272,-9.902,10.912,-24.845,-3.699,-0.225,-3.402,102.500,-102.500,64.286,-235.714
6118,16,10.671,37.719,30.121,-12.247,6.837,-24.618,-3.699,-0.225,-3.402,102.500,-102.500,64.286,-235.714
6119,16,13.085,37.883,39.220,-12.487,2.157,-24.266,-3.699,-0.225,-3.402,102.500,-102.500,108.216,-191.784
6120,16,16.408,35.497,56.431,-12.487,2.157,-24.266,-3.287,0.646,-2.818,102.500,-102.500,111.651,-188.349
6121,16,17.672,34.042,64.768,-12.487,2.157,-24.266,-2.172,1.182,-1.967,102.500,-102.500,113.682,-186.318
6122,16,20.843,24.235,94.201,-10.926,-2.285,-23.802,-2.172,1.182,-1.967,102.500,-102.500,184.691,-115.309
6123,16,19.034,19.122,99.911,-8.131,-5.784,-23.455,-2.172,1.182,-1.967,102.500,-102.500,235.714,-64.286
6124,16,17.722,11.870,112.323,-8.131,-5.784,-23.455,-1.297,0.880,-1.555,102.500,-102.500,235.714,-64.286
6125,16,17.206,7.206,118.359,-8.131,-5.784,-23.455,25.189,-22.112,-44.870,102.500,-102.500,235.714,-64.286
6126,16,14.464,2.078,131.572,-5.554,-4.439,-25.080,25.189,-22.112,-44.870,92.771,-92.771,235.714,-64.286
6127,16,8.422,-1.188,154.526,-6.857,14.113,-32.885,25.189,-22.112,-44.870,101.876,-101.876,64.286,-235.714
6128,16,4.771,4.794,173.677,-6.857,14.113,-32.885,110.561,-43.598,-49.823,102.500,-102.500,64.286,-235.714
6129,16,3.818,10.497,-176.779,-6.857,14.113,-32.885,40.793,68.820,-19.136,102.500,-102.500,64.286,-235.714
6130,16,11.367,16.074,-162.498,5.781,8.058,-12.286,40.793,68.820,-19.136,42.500,-42.500,64.286,-235.714
6131,16,14.054,17.990,-160.601,1.846,8.492,-4.555,40.793,68.820,-19.136,34.334,-34.334,20.769,-192.198
6132,16,16.233,22.296,-157.028,1.846,8.492,-4.555,0.694,33.501,3.929,35.001,-35.001,22.749,-194.177
6133,16,18.186,26.882,-154.549,1.846,8.492,-4.555,0.536,0.991,0.804,36.490,-36.490,25.727,-197.156
6134,16,20.364,29.018,-150.094,1.181,9.908,-5.701,0.536,0.991,0.804,54.932,-54.932,55.964,-227.392
6135,16,25.640,35.241,-141.817,0.402,8.976,-5.522,0.536,0.991,0.804,57.104,-57.104,52.511,-223.939
6136,16,29.587,38.723,-135.891,0.402,8.976,-5.522,-0.364,-0.995,0.292,62.436,-62.436,63.174,-234.603
6137,16,33.095,41.973,-131.661,0.402,8.976,-5.522,0.124,-0.206,-0.531,62.992,-62.992,64.286,-235.714
6138,16,36.260,43.269,-126.074,-0.452,8.866,-5.294,0.124,-0.206,-0.531,67.258,-67.258,64.286,-235.714
6139,16,44.033,46.742,-114.964,-1.243,8.578,-5.474,0.124,-0.206,-0.531,71.216,-71.216,64.286,-235.714
6140,16,49.682,48.281,-106.894,-1.243,8.578,-5.474,0.914,-1.034,1.263,71.216,-71.216,64.286,-235.714
6141,16,54.177,49.592,-101.444,-1.243,8.578,-5.474,-0.100,0.201,1.416,71.216,-71.216,64.286,-235.714
6142,16,58.298,49.106,-94.406,-1.935,7.907,-5.848,-0.100,0.201,1.416,74.673,-74.673,64.286,-235.714
6143,16,66.365,48.362,-82.266,-2.521,7.222,-5.919,-0.100,0.201,1.416,77.607,-77.607,64.286,-235.714
6144,16,70.984,47.127,-74.807,-2.521,7.222,-5.919,-0.622,0.598,0.880,77.607,-77.607,64.286,-235.714
6145,16,73.164,46.347,-71.208,-2.521,7.222,-5.919,-1.148,0.627,-0.311,77.607,-77.607,64.286,-235.714
6146,16,80.573,42.818,-58.840,-3.063,6.851,-5.854,-1.148,0.627,-0.311,80.313,-80.313,64.286,-235.714
6147,16,81.092,41.231,-55.421,-3.528,6.851,-5.680,-1.148,0.627,-0.311,82.641,-82.641,64.286,-235.714
6148,16,83.366,38.825,-49.715,-3.528,6.930,-5.680,-1.177,0.316,-1.101,82.641,-82.641,64.286,-235.714
6149,16,84.358,37.547,-46.991,-3.528,6.930,-5.680,-0.364,-0.191,-1.168,82.641,-82.641,64.286,-235.714
6150,16,85.430,31.575,-37.224,-4.045,6.850,-5.729,-0.364,-0.191,-1.168,85.224,-85.224,64.286,-235.714
6151,16,83.855,29.746,-34.297,-4.570,6.850,-5.986,-0.364,-0.191,-1.168,87.356,-87.356,63.298,-234.726
6152,16,82.849,26.622,-29.536,-4.570,6.641,-5.986,-0.110,-0.258,-1.464,83.481,-83.481,55.548,-226.977
6153,16,82.250,25.097,-27.178,-4.570,6.641,-5.986,-0.019,-0.273,-1.732,81.599,-81.599,51.784,-223.212
6154,16,79.688,18.799,-18.395,-4.985,6.394,-6.371,-0.019,-0.273,-1.732,84.593,-84.593,53.617,-225.046
6155,16,77.581,17.270,-15.809,-5.302,6.394,-6.852,-0.019,-0.273,-1.732,86.604,-86.604,54.476,-225.904
6156,16,75.161,14.188,-11.346,-5.302,5.977,-6.852,0.086,-0.368,-1.785,83.019,-83.019,53.349,-212.693
6157,16,73.880,12.725,-9.086,-5.302,5.977,-6.852,-0.316,-0.153,-1.976,81.364,-81.364,51.078,-208.342
6158,16,68.485,6.768,-0.360,-5.566,5.425,-7.175,-0.316,-0.153,-1.976,83.409,-83.409,62.934,-199.381
6159,16,66.186,5.479,1.868,-5.855,5.425,-7.303,-0.316,-0.153,-1.976,85.567,-85.567,68.862,-196.310
6160,16,62.695,2.850,6.284,-5.855,4.796,-7.303,-3.699,0.201,-1.699,85.567,-85.567,81.336,-183.837
6161,16,60.904,1.640,8.565,-5.855,4.796,-7.303,-74.007,2.220,9.355,85.567,-85.567,83.153,-182.019
6162,16,57.132,-0.214,12.476,-6.818,3.888,-6.246,-74.007,2.220,9.355,77.159,-77.159,73.237,-139.045
6163,16,51.806,-2.896,18.065,-5.559,3.888,-6.454,-74.007,2.220,9.355,73.473,-73.473,83.847,-138.875
6164,16,48.622,-4.909,21.421,-5.559,2.076,-6.454,-10.346,-1.857,-3.842,73.473,-73.473,110.272,-112.450
6165,16,46.986,-5.843,23.142,-5.559,2.076,-6.454,0.086,0.325,-0.718,73.473,-73.473,110.272,-112.450
6166,16,39.004,-9.073,29.938,-6.829,1.181,-6.503,0.086,0.325,-0.718,80.440,-80.440,124.281,-100.891
6167,16,36.828,-10.760,31.172,-6.432,1.181,-6.289,0.086,0.325,-0.718,75.777,-75.777,118.928,-95.538
6168,16,32.815,-12.621,34.283,-6.432,0.175,-6.289,-0.799,0.536,-0.924,75.777,-75.777,133.309,-81.157
6169,16,30.766,-13.462,35.903,-6.432,0.175,-6.289,1.110,-1.747,-2.206,75.777,-75.777,133.309,-81.157
6170,16,23.154,-15.984,42.466,-6.005,-0.575,-6.338,1.110,-1.747,-2.206,74.254,-74.254,145.247,-71.669
6171,16,20.872,-17.823,44.168,-5.601,-0.575,-6.436,1.110,-1.747,-2.206,73.460,-73.460,147.697,-74.119
6172,16,16.866,-19.252,47.759,-5.601,-0.624,-6.436,-0.397,-6.111,-5.259,75.197,-75.197,151.872,-76.894
6173,16,14.818,-19.892,49.600,-5.601,-0.624,-6.436,-2.708,-56.120,-26.778,77.348,-77.348,156.174,-81.195
6174,16,6.351,-16.334,57.187,-5.582,4.535,-5.740,-2.708,-56.120,-26.778,75.186,-75.186,78.341,-150.765
6175,16,4.286,-15.160,59.402,-5.746,4.535,-6.181,-2.708,-56.120,-26.778,95.083,-95.083,107.560,-179.984
6176,16,0.241,-12.650,63.172,-5.746,5.065,-6.181,0.981,-4.929,-2.517,101.066,-101.066,106.210,-193.790
6177,16,-1.703,-11.312,64.959,-5.746,5.065,-6.181,0.488,-0.675,-1.091,102.364,-102.364,106.210,-193.790
6178,16,-9.235,-5.878,70.085,-5.953,4.874,-6.343,0.488,-0.675,-1.091,102.500,-102.500,108.949,-191.051
6179,16,-11.087,-4.250,73.213,-6.150,4.874,-6.428,0.488,-0.675,-1.091,102.500,-102.500,108.949,-191.051
6180,16,-14.629,-1.298,76.144,-6.150,4.424,-6.428,0.091,-0.359,-0.770,102.500,-102.500,115.371,-184.629
6181,16,-16.361,0.217,77.517,-6.150,4.424,-6.428,-0.057,-0.306,-0.641,102.500,-102.500,115.371,-184.629
6182,16,-22.944,5.873,81.125,-6.196,3.879,-6.476,-0.057,-0.306,-0.641,102.500,-102.500,123.162,-176.838
6183,16,-23.900,7.541,83.869,-3.651,3.879,-6.540,-0.057,-0.306,-0.641,98.253,-98.253,123.162,-176.838
6184,16,-25.747,10.296,86.269,-3.651,3.457,-6.540,2.900,-1.359,-5.675,98.253,-98.253,125.873,-174.127
6185,16,-26.358,11.997,87.393,-3.651,3.457,-6.540,11.781,0.048,-3.737,98.253,-98.253,123.585,-176.415
6186,16,-18.254,16.139,90.637,7.880,4.132,-5.862,11.781,0.048,-3.737,42.500,-42.500,110.713,-189.287
6187,16,-13.944,19.697,92.451,7.880,4.132,-4.235,11.781,0.048,-3.737,23.579,-23.579,67.407,-156.909
6188,16,-11.243,21.076,94.052,7.133,5.185,-4.235,11.609,6.733,-11.226,22.659,-22.659,48.707,-171.835
6189,16,-6.896,24.335,95.325,7.133,5.185,-4.235,9.810,31.525,-36.185,21.297,-21.297,41.561,-173.625
6190,16,0.076,22.813,97.068,6.554,-0.508,-1.439,9.810,31.525,-36.185,-14.130,14.130,52.597,-20.881
6191,16,2.790,23.177,97.528,6.554,-0.508,-0.177,9.810,31.525,-36.185,-30.707,30.707,20.582,13.409
6192,16,5.378,21.696,97.561,6.017,-1.476,-0.177,-2.345,3.555,-5.857,-31.269,31.269,35.364,30.441
6193,16,7.763,21.836,97.818,6.017,-1.476,-0.177,-1.694,0.775,-5.326,-31.677,31.677,34.293,31.003
6194,16,10.901,21.586,97.943,5.763,-0.375,-0.004,-1.694,0.775,-5.326,-34.450,34.450,13.259,21.058
6195,16,15.317,21.471,98.102,5.763,-0.375,0.176,-1.694,0.775,-5.326,-37.600,37.600,6.883,27.285
6196,16,17.088,21.116,97.961,4.797,0.522,0.176,-2.445,-0.751,-7.771,-37.984,37.984,-6.299,15.638
6197,16,19.194,21.865,98.279,4.797,0.522,0.176,-6.503,-0.933,-10.647,-38.061,38.061,-7.606,14.636
6198,16,19.221,22.283,98.223,0.402,0.709,0.545,-6.503,-0.933,-10.647,-22.019,22.019,-19.750,20.292
6199,16,18.409,22.576,98.197,0.402,0.709,-0.003,-6.503,-0.933,-10.647,-14.917,14.917,-5.895,5.742
6200,16,17.261,22.755,98.454,-2.835,-0.290,-0.003,-6.470,0.885,-6.661,1.513,-1.513,8.700,19.341
6201,16,15.872,22.228,98.323,-2.835,-0.290,-0.003,-5.651,2.359,-9.790,1.541,-1.541,9.552,20.080
6202,16,14.049,22.098,98.429,-3.132,-0.121,0.039,-5.651,2.359,-9.790,3.166,-3.166,6.874,18.493
6203,16,11.425,22.025,98.616,-3.132,-0.121,0.141,-5.651,2.359,-9.790,3.517,-3.517,5.056,20.671
6204,16,10.243,22.481,98.854,-2.902,0.250,0.141,-1.785,1.589,-10.489,3.405,-3.405,0.116,13.869
6205,16,8.948,22.168,98.782,-2.902,0.250,0.141,0.268,0.024,-9.987,4.204,-4.204,0.896,14.054
6206,16,7.234,22.219,98.856,-3.004,0.181,0.164,0.268,0.024,-9.987,5.587,-5.587,1.874,15.005
6207,16,4.654,22.242,98.907,-3.004,0.181,0.319,0.268,0.024,-9.987,5.337,-5.337,-1.245,18.149
6208,16,3.450,22.618,98.996,-2.986,0.034,0.319,0.335,1.024,-10.479,6.150,-6.150,0.960,19.119
6209,16,2.055,22.179,98.866,-2.986,0.034,0.319,1.043,1.201,-9.991,7.059,-7.059,2.010,19.346
6210,16,0.617,22.115,98.804,-2.447,0.004,0.377,1.043,1.201,-9.991,4.602,-4.602,1.561,20.844
6211,16,-1.342,22.018,98.750,-2.447,0.004,0.280,1.043,1.201,-9.991,7.145,-7.145,4.805,17.873
6212,16,-2.073,22.215,98.747,-1.809,0.047,0.280,1.976,0.885,-9.700,4.442,-4.442,4.149,16.741
6213,16,-2.915,21.937,98.748,-1.809,0.047,0.280,2.283,0.914,-9.374,5.030,-5.030,4.862,16.806
6214,16,-3.463,21.843,98.826,-0.975,-0.016,0.149,2.283,0.914,-9.374,2.879,-2.879,9.371,14.347
6215,16,-4.022,21.709,98.980,-0.975,-0.016,0.149,2.283,0.914,-9.374,3.168,-3.168,9.533,14.575
6216,16,-4.011,21.649,99.094,-0.083,0.005,0.010,2.397,0.790,-9.307,0.558,-0.558,13.056,10.594
6217,16,-4.056,21.586,99.197,-0.083,0.005,0.010,1.861,0.880,-9.412,0.595,-0.595,13.172,10.654
6218,16,-3.643,21.489,99.390,0.659,-0.019,-0.076,1.861,0.880,-9.412,-2.329,2.329,15.661,9.155
6219,16,-2.923,21.337,99.683,0.659,-0.019,-0.076,1.861,0.880,-9.412,-2.998,2.998,15.215,10.079
6220,16,-2.446,21.105,99.849,1.046,-0.040,-0.120,1.311,0.900,-9.728,-4.509,4.509,17.240,9.308
6221,16,-1.985,21.168,99.992,1.046,-0.040,-0.120,0.727,0.880,-10.006,-4.836,4.836,16.968,9.407
6222,16,-1.316,21.058,100.191,1.133,-0.040,-0.123,0.727,0.880,-10.006,-5.711,5.711,16.930,9.770
6223,16,-0.317,20.890,100.495,1.133,-0.040,-0.123,0.727,0.880,-10.006,-6.601,6.601,16.330,10.857
6224,16,0.170,20.657,100.654,1.113,-0.019,-0.154,0.483,0.876,-9.877,-6.256,6.256,17.413,9.830
6225,16,0.665,20.735,100.819,1.113,-0.019,-0.154,-0.057,0.967,-10.006,-6.607,6.607,17.099,9.918
6226,16,1.479,20.586,101.129,0.925,-0.009,-0.133,-0.057,0.967,-10.006,-6.320,6.320,16.327,10.665
6227,16,1.929,20.488,101.324,0.925,-0.009,-0.133,-0.057,0.967,-10.006,-7.020,7.020,15.788,11.602
6228,16,2.210,20.331,101.459,0.630,0.004,-0.087,-0.335,0.818,-9.948,-6.148,6.148,14.984,12.498
6229,16,2.477,20.351,101.598,0.630,0.004,-0.087,-0.498,0.909,-9.843,-6.339,6.339,14.842,12.580
6230,16,2.616,20.260,101.748,0.254,0.006,-0.033,-0.498,0.909,-9.843,-5.243,5.243,13.511,14.104
6231,16,2.721,20.128,101.958,0.254,0.006,-0.033,-0.498,0.909,-9.843,-5.453,5.453,13.331,14.643
6232,16,2.693,20.070,102.053,-0.110,0.000,0.012,-0.378,0.857,-9.900,-4.054,4.054,12.698,15.641
6233,16,2.615,19.993,102.143,-0.110,0.000,0.012,-0.067,0.900,-9.853,-4.002,4.002,12.834,15.726
6234,16,2.416,19.905,102.253,-0.328,0.002,0.038,-0.067,0.900,-9.853,-3.103,3.103,12.344,16.411
6235,16,2.107,19.775,102.418,-0.328,0.002,0.038,-0.067,0.900,-9.853,-2.987,2.987,12.409,16.714
6236,16,1.966,19.760,102.501,-0.385,0.002,0.047,0.187,0.880,-9.905,-2.606,2.606,12.530,16.649
6237,16,1.765,19.648,102.578,-0.385,0.002,0.047,0.392,0.890,-9.838,-2.463,2.463,12.773,16.728
6238,16,1.575,19.566,102.686,-0.316,0.006,0.044,0.392,0.890,-9.838,-2.627,2.627,12.992,16.626
6239,16,1.335,19.439,102.855,-0.316,0.006,0.044,0.392,0.890,-9.838,-2.562,2.562,13.020,16.957
6240,16,1.278,19.403,102.914,-0.176,0.000,0.026,0.531,0.895,-9.829,-2.890,2.890,13.899,16.372
6241,16,1.179,19.312,103.034,-0.176,0.000,0.026,0.522,0.885,-9.824,-2.819,2.819,14.070,16.461
6242,16,1.202,19.249,103.177,-0.014,0.000,0.001,0.522,0.885,-9.824,-3.341,3.341,14.758,15.952
6243,16,1.193,19.101,103.376,-0.014,0.000,0.001,0.522,0.885,-9.824,-3.470,3.470,14.652,16.474
6244,16,1.249,19.023,103.449,0.099,-0.001,-0.013,0.402,0.880,-9.843,-3.774,3.774,15.407,15.979
6245,16,1.278,18.972,103.586,0.099,-0.001,-0.013,0.254,0.880,-9.862,-3.798,3.798,15.463,16.069
6246,16,1.356,18.891,103.730,0.125,-0.001,-0.017,0.254,0.880,-9.862,-3.934,3.934,15.642,16.121
6247,16,1.443,18.758,103.940,0.125,-0.001,-0.017,0.254,0.880,-9.862,-4.136,4.136,15.464,16.667
6248,16,1.487,18.689,104.013,0.075,-0.001,-0.011,0.144,0.890,-9.862,-3.869,3.869,15.692,16.646
6249,16,1.504,18.634,104.148,0.075,-0.001,-0.011,0.144,0.885,-9.862,-3.885,3.885,15.758,16.737
6250,16,1.527,18.573,104.283,-0.002,-0.000,0.000,0.144,0.885,-9.862,-3.654,3.654,15.547,17.090
6251,16,1.478,18.429,104.470,-0.002,-0.000,0.000,0.144,0.885,-9.862,-3.743,3.743,15.481,17.559
6252,16,1.475,18.378,104.536,-0.052,-0.000,0.007,0.220,0.885,-9.853,-3.464,3.464,15.653,17.543
6253,16,1.430,18.308,104.658,-0.052,-0.000,0.007,0.316,0.895,-9.862,-3.432,3.432,15.771,17.623
6254,16,1.437,18.254,104.787,-0.047,0.001,0.006,0.316,0.895,-9.862,-3.453,3.453,15.852,17.666
6255,16,1.366,18.110,104.966,-0.047,0.001,0.006,0.316,0.895,-9.862,-3.519,3.519,15.812,18.113
6256,16,1.374,18.054,105.031,-0.007,0.000,0.001,0.349,0.890,-9.848,-3.541,3.541,16.308,17.815
6257,16,1.355,17.992,105.155,-0.007,0.000,0.001,0.278,0.890,-9.843,-3.529,3.529,16.403,17.897
6258,16,1.385,17.930,105.286,0.023,0.000,-0.003,0.278,0.890,-9.843,-3.656,3.656,16.577,17.898
6259,16,1.376,17.797,105.470,0.023,0.000,-0.003,0.278,0.890,-9.843,-3.772,3.772,16.484,18.364
6260,16,1.396,17.737,105.535,0.018,0.000,-0.002,0.239,0.880,-9.853,-3.657,3.657,16.808,18.218
6261,16,1.389,17.681,105.658,0.018,0.000,-0.002,0.230,0.880,-9.843,-3.654,3.654,16.889,18.299
6262,16,1.411,17.623,105.785,-0.002,0.000,0.000,0.230,0.880,-9.843,-3.599,3.599,16.902,18.451
6263,16,1.375,17.488,105.965,-0.002,0.000,0.000,0.230,0.880,-9.843,-3.692,3.692,16.829,18.900
6264,16,1.382,17.437,106.025,-0.014,0.000,0.002,0.268,0.885,-9.857,-3.550,3.550,17.118,18.764
6265,16,1.356,17.376,106.143,-0.014,0.000,0.002,0.268,0.885,-9.857,-3.532,3.532,17.216,18.841
6266,16,1.373,17.319,106.269,-0.007,0.000,0.001,0.292,0.890,-9.848,-3.547,3.547,17.285,18.935
6267,16,1.332,17.188,106.441,-0.007,0.000,0.001,0.292,0.890,-9.848,-3.652,3.652,17.244,19.344
6268,16,1.346,17.134,106.505,0.010,0.000,-0.001,0.292,0.885,-9.843,-3.609,3.609,17.633,19.117
6269,16,1.333,17.079,106.622,0.010,0.000,-0.001,0.292,0.885,-9.843,-3.601,3.601,17.716,19.192
6270,16,1.356,17.023,106.747,0.011,0.000,-0.001,0.249,0.885,-9.862,-3.621,3.621,17.778,19.288
6271,16,1.338,16.896,106.919,0.011,0.000,-0.001,0.249,0.885,-9.862,-3.731,3.731,17.694,19.728
6272,16,1.334,16.860,106.978,-0.004,0.000,0.000,0.249,0.885,-9.862,-3.553,3.553,17.988,19.545
6273,16,1.328,16.789,107.094,-0.004,0.000,0.000,0.249,0.885,-9.862,-3.550,3.550,18.089,19.648
6274,16,1.337,16.733,107.175,-0.009,0.001,0.001,0.273,0.876,-9.853,-3.559,3.559,18.159,19.735
6275,16,1.300,16.611,107.380,-0.009,0.001,0.001,0.273,0.876,-9.853,-3.637,3.637,18.048,20.159
6276,16,1.311,16.560,107.438,-0.000,0.000,0.000,0.282,0.880,-9.848,-3.565,3.565,18.412,19.978
6277,16,1.291,16.505,107.549,-0.000,0.000,0.000,0.282,0.880,-9.848,-3.551,3.551,18.499,20.047
6278,16,1.305,16.450,107.631,0.005,0.000,-0.001,0.268,0.890,-9.848,-3.564,3.564,18.566,20.138
6279,16,1.285,16.333,107.833,0.005,0.000,-0.001,0.268,0.890,-9.848,-3.676,3.676,18.507,20.526
6280,16,1.283,16.298,107.890,0.001,0.000,0.000,0.254,0.885,-9.848,-3.556,3.556,18.787,20.351
6281,16,1.278,16.230,108.000,0.001,0.000,0.000,0.254,0.885,-9.848,-3.554,3.554,18.884,20.450
6282,16,1.288,16.177,108.079,-0.003,0.001,0.000,0.268,0.885,-9.843,-3.565,3.565,18.950,20.535
6283,16,1.258,16.061,108.280,-0.003,0.001,0.000,0.268,0.885,-9.843,-3.632,3.632,18.856,20.922
6284,16,1.255,16.027,108.334,0.001,0.000,0.000,0.282,0.876,-9.853,-3.542,3.542,19.176,20.737
6285,16,1.247,15.961,108.445,0.001,0.000,0.000,0.282,0.876,-9.853,-3.538,3.538,19.271,20.830
6286,16,1.262,15.908,108.522,0.000,0.000,0.000,0.254,0.880,-9.857,-3.552,3.552,19.334,20.919
6287,16,1.233,15.795,108.715,0.000,0.000,0.000,0.254,0.880,-9.857,-3.631,3.631,19.264,21.307
6288,16,1.229,15.760,108.769,-0.002,0.000,0.000,0.268,0.880,-9.848,-3.514,3.514,19.558,21.118
6289,16,1.221,15.695,108.877,-0.002,0.000,0.000,0.268,0.880,-9.848,-3.509,3.509,19.653,21.209
6290,16,1.234,15.644,108.956,0.003,0.000,0.000,0.273,0.890,-9.843,-3.521,3.521,19.714,21.293
6291,16,1.209,15.536,109.146,0.003,0.000,0.000,0.273,0.890,-9.843,-3.633,3.633,19.641,21.671
6292,16,1.205,15.501,109.197,0.004,0.000,0.000,0.263,0.890,-9.857,-3.533,3.533,19.929,21.487
6293,16,1.201,15.440,109.304,0.004,0.000,0.000,0.263,0.890,-9.857,-3.532,3.532,20.015,21.575
6294,16,1.213,15.390,109.378,-0.001,0.001,0.000,0.254,0.880,-9.843,-3.544,3.544,20.076,21.658
6295,16,1.185,15.284,109.562,-0.001,0.001,0.000,0.254,0.880,-9.843,-3.598,3.598,19.991,22.009
6296,16,1.178,15.253,109.613,-0.004,0.001,0.000,0.254,0.885,-9.853,-3.476,3.476,20.272,21.823
6297,16,1.171,15.189,109.714,-0.004,0.001,0.000,0.254,0.885,-9.853,-3.471,3.471,20.364,21.912
6298,16,1.177,15.141,109.785,-0.003,0.000,0.000,0.278,0.890,-9.848,-3.478,3.478,20.427,21.989
6299,16,1.147,15.035,109.964,-0.003,0.000,0.000,0.278,0.890,-9.848,-3.558,3.558,20.385,22.358
6300,16,1.143,15.006,110.013,0.005,0.000,-0.001,0.278,0.885,-9.862,-3.488,3.488,20.677,22.155
6301,16,1.138,14.945,110.112,0.005,0.000,-0.001,0.278,0.885,-9.862,-3.485,3.485,20.765,22.241
6302,16,1.151,14.897,110.181,0.004,0.000,0.000,0.254,0.880,-9.857,-3.498,3.498,20.821,22.321
6303,16,1.126,14.796,110.356,0.004,0.000,0.000,0.254,0.880,-9.857,-3.584,3.584,20.729,22.699
6304,16,1.122,14.766,110.405,-0.003,0.000,0.001,0.258,0.890,-9.862,-3.460,3.460,20.968,22.548
6305,16,1.110,14.707,110.498,-0.003,0.000,0.001,0.258,0.890,-9.862,-3.452,3.452,21.058,22.629
6306,16,1.118,14.660,110.564,-0.006,0.000,0.000,0.263,0.890,-9.853,-3.447,3.447,21.144,22.678
6307,16,1.083,14.557,110.735,-0.006,0.000,0.000,0.263,0.890,-9.853,-3.498,3.498,21.093,23.016
6308,16,1.079,14.529,110.782,-0.003,0.000,0.000,0.273,0.880,-9.853,-3.417,3.417,21.351,22.845
6309,16,1.068,14.474,110.875,-0.003,0.000,0.000,0.273,0.880,-9.853,-3.409,3.409,21.435,22.919
6310,16,1.076,14.427,110.939,0.001,0.001,0.000,0.278,0.885,-9.857,-3.417,3.417,21.494,22.993
6311,16,1.049,14.331,111.108,0.001,0.001,0.000,0.278,0.885,-9.857,-3.510,3.510,21.419,23.309
6312,16,1.047,14.304,111.153,0.007,0.001,0.000,0.273,0.880,-9.848,-3.449,3.449,21.669,23.140
6313,16,1.042,14.245,111.245,0.007,0.001,0.000,0.273,0.880,-9.848,-3.446,3.446,21.753,23.223
6314,16,1.052,14.201,111.308,0.010,0.000,0.000,0.258,0.885,-9.853,-3.456,3.456,21.807,23.296
6315,16,1.052,14.119,111.472,0.010,0.000,0.000,0.258,0.885,-9.853,-3.560,3.560,21.727,23.634
6316,16,1.032,14.081,111.514,0.006,0.000,0.000,0.268,0.880,-9.848,-3.437,3.437,22.002,23.474
6317,16,1.030,14.024,111.603,0.006,0.000,0.000,0.268,0.880,-9.848,-3.436,3.436,22.082,23.556
6318,16,1.033,13.984,111.646,0.001,0.000,0.000,0.239,0.885,-9.862,-3.440,3.440,22.135,23.617
6319,16,1.028,13.901,111.822,0.001,0.000,0.000,0.239,0.885,-9.862,-3.412,3.412,22.253,23.737
6320,16,1.000,13.861,111.863,-0.013,0.000,0.000,0.258,0.885,-9.872,-3.319,3.319,22.328,23.776
6321,16,0.986,13.810,111.949,-0.013,0.000,0.000,0.258,0.885,-9.872,-3.307,3.307,22.410,23.841
6322,16,0.985,13.767,111.993,-0.003,0.000,0.000,0.297,0.880,-9.862,-3.308,3.308,22.469,23.903
6323,16,0.978,13.687,112.164,-0.003,0.000,0.000,0.297,0.880,-9.862,-3.440,3.440,22.385,24.213
6324,16,0.957,13.649,112.204,0.012,0.001,0.000,0.278,0.880,-9.857,-3.409,3.409,22.638,24.042
6325,16,0.955,13.597,112.288,0.012,0.001,0.000,0.278,0.880,-9.857,-3.408,3.408,22.711,24.117
6326,16,0.962,13.556,112.329,0.002,0.000,0.000,0.234,0.885,-9.872,-3.415,3.415,22.763,24.182
6327,16,0.956,13.478,112.497,0.002,0.000,0.000,0.234,0.885,-9.872,-3.451,3.451,22.694,24.501
6328,16,0.930,13.441,112.534,-0.010,0.001,0.000,0.268,0.880,-9.853,-3.283,3.283,22.946,24.329
6329,16,0.918,13.391,112.617,-0.010,0.001,0.000,0.268,0.880,-9.853,-3.273,3.273,23.024,24.393
6330,16,0.917,13.354,112.657,-0.001,0.000,0.000,0.282,0.885,-9.862,-3.274,3.274,23.076,24.448
6331,16,0.906,13.277,112.823,-0.001,0.000,0.000,0.282,0.885,-9.862,-3.393,3.393,23.016,24.754
6332,16,0.888,13.241,112.863,0.010,0.000,0.000,0.278,0.885,-9.853,-3.346,3.346,23.270,24.608
6333,16,0.885,13.189,112.945,0.010,0.000,0.000,0.278,0.885,-9.853,-3.345,3.345,23.344,24.681
6334,16,0.893,13.153,112.985,0.007,0.000,0.000,0.244,0.880,-9.853,-3.352,3.352,23.388,24.740
6335,16,0.888,13.078,113.147,0.007,0.000,0.000,0.244,0.880,-9.853,-3.424,3.424,23.305,25.036
6336,16,0.865,13.042,113.184,-0.007,0.000,0.000,0.234,0.880,-9.867,-3.245,3.245,23.563,24.882
6337,16,0.855,12.995,113.266,-0.007,0.000,0.000,0.234,0.880,-9.867,-3.236,3.236,23.637,24.943
6338,16,0.854,12.958,113.306,-0.006,0.000,0.000,0.311,0.890,-9.853,-3.237,3.237,23.689,24.998
5247,16,-0.736,32.082,42.734,0.001,0.000,0.000,0.115,5.245,-8.384,-4.421,4.421,-3.041,-2.908
5248,16,-0.736,32.082,42.734,0.001,0.000,0.000,0.115,5.245,-8.384,-4.421,4.421,-3.041,-2.908
5249,16,-0.736,32.082,42.734,0.001,0.000,0.000,0.086,5.273,-8.374,-4.421,4.421,-3.041,-2.908
5250,16,-0.736,32.082,42.734,-0.001,0.000,0.000,0.086,5.273,-8.374,-4.410,4.410,-3.041,-2.908
5251,16,-0.736,32.082,42.734,0.001,0.000,0.000,0.096,5.268,-8.379,-4.421,4.421,-3.041,-2.908
5252,16,-0.736,32.082,42.734,0.001,0.000,0.000,0.096,5.268,-8.379,-4.421,4.421,-3.041,-2.908
5253,16,-0.736,32.082,42.734,0.001,0.000,0.000,0.144,5.235,-8.369,-4.421,4.421,-3.041,-2.908
5254,16,-0.734,32.085,42.734,0.000,0.001,0.000,0.144,5.235,-8.369,-4.415,4.415,-3.057,-2.923
5255,16,-0.734,32.085,42.734,-0.001,0.000,0.000,0.100,5.259,-8.374,-4.411,4.411,-3.046,-2.912
5256,16,-0.734,32.085,42.734,-0.001,0.000,0.000,0.100,5.259,-8.374,-4.411,4.411,-3.046,-2.912
5257,16,-0.734,32.085,42.734,-0.001,0.000,0.000,0.120,5.254,-8.379,-4.411,4.411,-3.046,-2.912
5258,16,-0.734,32.085,42.734,-0.000,0.001,0.000,0.120,5.254,-8.379,-4.416,4.416,-3.061,-2.927
5259,16,-0.738,32.087,42.733,-0.000,0.001,0.000,0.105,5.230,-8.403,-4.416,4.416,-3.061,-2.927
5260,16,-0.738,32.087,42.733,-0.000,0.001,0.000,0.105,5.230,-8.403,-4.414,4.414,-3.063,-2.929
5261,16,-0.738,32.087,42.733,-0.000,0.001,0.000,0.115,5.221,-8.384,-4.414,4.414,-3.063,-2.929
5262,16,-0.738,32.087,42.733,-0.000,0.000,0.000,0.115,5.221,-8.384,-4.414,4.414,-3.048,-2.913
5263,16,-0.738,32.087,42.733,-0.000,0.002,0.000,0.086,5.240,-8.393,-4.414,4.414,-3.078,-2.944
5264,16,-0.738,32.087,42.733,-0.000,0.002,0.000,0.086,5.240,-8.393,-4.414,4.414,-3.078,-2.944
5265,16,-0.738,32.087,42.733,-0.000,0.002,0.000,0.120,5.245,-8.364,-4.414,4.414,-3.078,-2.944
5266,16,-0.738,32.087,42.733,0.001,0.001,0.000,0.120,5.245,-8.364,-4.420,4.420,-3.063,-2.929
5267,16,-0.733,32.089,42.735,0.001,0.001,0.000,0.115,5.264,-8.374,-4.423,4.423,-3.068,-2.930
5268,16,-0.733,32.089,42.735,0.001,0.001,0.000,0.115,5.264,-8.374,-4.422,4.422,-3.065,-2.932
5269,16,-0.733,32.089,42.735,0.001,0.001,0.000,0.115,5.254,-8.388,-4.422,4.422,-3.065,-2.932
5270,16,-0.733,32.089,42.735,0.000,0.000,0.000,0.115,5.254,-8.388,-4.417,4.417,-3.050,-2.917
5271,16,-0.733,32.089,42.735,-0.001,0.000,0.000,0.091,5.225,-8.393,-4.411,4.411,-3.050,-2.917
5272,16,-0.737,32.090,42.733,-0.001,0.000,0.000,0.091,5.225,-8.393,-4.410,4.410,-3.052,-2.918
5273,16,-0.733,32.089,42.735,-0.001,0.000,0.000,0.120,5.211,-8.379,-4.411,4.411,-3.050,-2.917
5274,16,-0.733,32.089,42.735,0.002,0.000,0.000,0.120,5.211,-8.379,-4.427,4.427,-3.050,-2.917
5275,16,-0.734,32.085,42.734,0.000,0.000,0.000,0.124,5.240,-8.379,-4.416,4.416,-3.046,-2.912
5276,16,-0.734,32.085,42.734,0.000,0.000,0.000,0.124,5.240,-8.379,-4.416,4.416,-3.046,-2.912
5277,16,-0.734,32.085,42.734,0.000,0.000,0.000,0.091,5.254,-8.355,-4.416,4.416,-3.046,-2.912
5278,16,-0.734,32.085,42.734,0.000,0.001,0.000,0.091,5.254,-8.355,-4.416,4.416,-3.061,-2.927
5279,16,-0.734,32.085,42.734,0.000,0.000,0.000,0.129,5.235,-8.388,-4.416,4.416,-3.046,-2.912
5280,16,-0.734,32.085,42.734,0.000,0.000,0.000,0.129,5.235,-8.388,-4.416,4.416,-3.046,-2.912
5281,16,-0.734,32.085,42.734,0.000,0.000,0.000,0.105,5.245,-8.384,-4.416,4.416,-3.046,-2.912
5282,16,-0.732,32.081,42.735,0.002,-0.002,0.000,0.105,5.245,-8.384,-4.428,4.428,-3.013,-2.880
5283,16,-0.731,32.084,42.735,0.002,0.003,0.000,0.124,5.249,-8.369,-4.429,4.429,-3.090,-2.956
5284,16,-0.731,32.084,42.735,0.002,0.003,0.000,0.124,5.249,-8.369,-4.428,4.428,-3.089,-2.956
5285,16,-0.732,32.085,42.732,0.002,0.003,0.000,0.110,5.240,-8.384,-4.428,4.428,-3.090,-2.957
5286,16,-0.732,32.085,42.732,0.000,0.001,0.000,0.110,5.240,-8.384,-4.417,4.417,-3.060,-2.926
5287,16,-0.730,32.088,42.732,0.001,0.001,0.000,0.115,5.249,-8.388,-4.423,4.423,-3.064,-2.931
5288,16,-0.730,32.088,42.732,0.001,0.001,0.000,0.115,5.249,-8.388,-4.423,4.423,-3.064,-2.931
5289,16,-0.730,32.088,42.732,0.001,0.001,0.000,0.096,5.235,-8.379,-4.423,4.423,-3.064,-2.931
5290,16,-0.730,32.088,42.732,0.000,0.000,0.000,0.096,5.235,-8.379,-4.418,4.418,-3.049,-2.916
5291,16,-0.730,32.088,42.732,0.001,0.000,0.000,0.105,5.259,-8.384,-4.423,4.423,-3.049,-2.916
5292,16,-0.732,32.085,42.732,0.001,0.000,0.000,0.105,5.259,-8.384,-4.423,4.423,-3.044,-2.911
5293,16,-0.732,32.085,42.732,0.001,0.000,0.000,0.110,5.245,-8.379,-4.423,4.423,-3.044,-2.911
5294,16,-0.732,32.085,42.732,-0.001,0.000,0.000,0.110,5.245,-8.379,-4.412,4.412,-3.044,-2.911
5295,16,-0.732,32.085,42.732,-0.001,0.000,0.000,0.110,5.245,-8.379,-4.412,4.412,-3.044,-2.911
5296,16,-0.732,32.085,42.732,-0.000,0.002,0.000,0.105,5.230,-8.369,-4.417,4.417,-3.075,-2.942
5297,16,-0.730,32.088,42.732,-0.000,0.002,0.000,0.105,5.230,-8.384,-4.418,4.418,-3.079,-2.946
5298,16,-0.732,32.085,42.732,-0.000,-0.001,0.000,0.120,5.249,-8.384,-4.417,4.417,-3.029,-2.896
5299,16,-0.732,32.085,42.732,-0.000,-0.001,0.000,0.120,5.249,-8.384,-4.417,4.417,-3.029,-2.896
5300,16,-0.732,32.085,42.732,-0.000,-0.001,0.000,0.100,5.268,-8.384,-4.417,4.417,-3.029,-2.896
5301,16,-0.732,32.085,42.732,-0.000,-0.001,0.000,0.100,5.268,-8.388,-4.417,4.417,-3.029,-2.896
5302,16,-0.732,32.085,42.732,0.002,0.002,0.000,0.120,5.240,-8.388,-4.428,4.428,-3.075,-2.942
5303,16,-0.728,32.083,42.733,0.002,0.002,0.000,0.120,5.240,-8.388,-4.430,4.430,-3.073,-2.940
5304,16,-0.728,32.083,42.733,0.000,0.000,0.000,0.091,5.225,-8.379,-4.419,4.419,-3.042,-2.910
5305,16,-0.728,32.083,42.733,0.000,0.000,0.000,0.091,5.225,-8.369,-4.419,4.419,-3.042,-2.910
5306,16,-0.728,32.083,42.733,0.002,0.001,0.000,0.124,5.264,-8.369,-4.430,4.430,-3.057,-2.925
5307,16,-0.727,32.086,42.733,0.002,0.001,0.000,0.124,5.264,-8.369,-4.430,4.430,-3.062,-2.929
5308,16,-0.728,32.083,42.733,-0.001,0.000,0.000,0.096,5.264,-8.369,-4.414,4.414,-3.042,-2.910
5309,16,-0.728,32.083,42.733,-0.001,0.000,0.000,0.096,5.264,-8.355,-4.414,4.414,-3.042,-2.910
5310,16,-0.728,32.083,42.733,-0.000,-0.001,0.000,0.096,5.264,-8.355,-4.419,4.419,-3.027,-2.895
5311,16,-0.728,32.083,42.733,-0.000,-0.001,0.000,0.096,5.264,-8.355,-4.419,4.419,-3.027,-2.895
5312,16,-0.728,32.083,42.733,-0.000,-0.000,0.000,0.120,5.268,-8.369,-4.419,4.419,-3.042,-2.910
5313,16,-0.728,32.083,42.733,-0.000,-0.000,0.000,0.120,5.268,-8.369,-4.419,4.419,-3.042,-2.910
5314,16,-0.727,32.086,42.733,-0.000,0.002,0.000,0.115,5.249,-8.360,-4.419,4.419,-3.073,-2.940
5315,16,-0.730,32.088,42.732,-0.000,0.002,0.000,0.115,5.249,-8.360,-4.417,4.417,-3.076,-2.948
5316,16,-0.730,32.088,42.732,-0.000,0.000,0.000,0.124,5.235,-8.393,-4.418,4.418,-3.049,-2.916
5317,16,-0.730,32.088,42.732,-0.000,0.000,0.000,0.124,5.235,-8.393,-4.418,4.418,-3.049,-2.916
5318,16,-0.730,32.088,42.732,-0.000,-0.001,0.000,0.096,5.254,-8.398,-4.418,4.418,-3.034,-2.900
5319,16,-0.730,32.088,42.732,-0.000,-0.001,0.000,0.096,5.254,-8.398,-4.418,4.418,-3.034,-2.900
5320,16,-0.730,32.088,42.732,-0.001,0.001,0.000,0.120,5.254,-8.388,-4.413,4.413,-3.064,-2.931
5321,16,-0.730,32.088,42.732,-0.001,0.001,0.000,0.120,5.254,-8.388,-4.413,4.413,-3.064,-2.931
5322,16,-0.730,32.088,42.732,-0.000,0.002,0.000,0.081,5.211,-8.408,-4.418,4.418,-3.079,-2.946
5323,16,-0.730,32.088,42.732,-0.000,0.002,0.000,0.081,5.211,-8.408,-4.418,4.418,-3.079,-2.946
5324,16,-0.730,32.088,42.732,0.002,0.000,0.000,0.124,5.235,-8.384,-4.429,4.429,-3.049,-2.916
5325,16,-0.730,32.088,42.732,0.002,0.000,0.000,0.124,5.235,-8.384,-4.429,4.429,-3.049,-2.916
5326,16,-0.727,32.086,42.733,0.000,0.000,0.000,0.086,5.268,-8.379,-4.420,4.420,-3.047,-2.914
5327,16,-0.727,32.086,42.733,0.000,0.000,0.000,0.086,5.268,-8.379,-4.420,4.420,-3.047,-2.914
5328,16,-0.727,32.086,42.733,0.000,0.000,0.000,0.115,5.221,-8.379,-4.420,4.420,-3.047,-2.914
5329,16,-0.727,32.086,42.733,0.000,0.000,0.000,0.115,5.221,-8.379,-4.420,4.420,-3.047,-2.914
5330,16,-0.728,32.083,42.733,-0.002,-0.002,0.000,0.100,5.225,-8.388,-4.408,4.408,-3.012,-2.879
5331,16,-0.732,32.084,42.730,-0.002,-0.002,0.000,0.100,5.225,-8.388,-4.405,4.405,-3.009,-2.883
5332,16,-0.728,32.082,42.731,0.001,0.001,0.000,0.134,5.235,-8.379,-4.424,4.424,-3.056,-2.924
5333,16,-0.728,32.082,42.731,0.001,0.001,0.000,0.134,5.235,-8.379,-4.424,4.424,-3.056,-2.924
5334,16,-0.728,32.082,42.731,0.000,0.000,0.000,0.134,5.264,-8.384,-4.419,4.419,-3.041,-2.908
5335,16,-0.728,32.082,42.731,0.000,0.000,0.000,0.134,5.264,-8.384,-4.419,4.419,-3.041,-2.908
5336,16,-0.728,32.082,42.731,0.001,0.001,0.000,0.091,5.268,-8.374,-4.424,4.424,-3.056,-2.924
5337,16,-0.728,32.082,42.731,0.001,0.001,0.000,0.091,5.268,-8.374,-4.424,4.424,-3.056,-2.924
5338,16,-0.728,32.082,42.731,0.001,0.001,0.000,0.153,5.245,-8.379,-4.424,4.424,-3.056,-2.924
5339,16,-0.728,32.082,42.731,0.001,0.001,0.000,0.153,5.245,-8.379,-4.424,4.424,-3.056,-2.924
5340,16,-0.728,32.082,42.731,0.000,0.001,0.000,0.091,5.206,-8.408,-4.419,4.419,-3.056,-2.924
5341,16,-0.728,32.082,42.731,0.000,0.001,0.000,0.091,5.206,-8.408,-4.419,4.419,-3.056,-2.924
5342,16,-0.728,32.082,42.731,0.000,0.000,0.000,0.110,5.245,-8.403,-4.419,4.419,-3.041,-2.908
5343,16,-0.728,32.082,42.731,0.000,0.000,0.000,0.110,5.245,-8.403,-4.419,4.419,-3.041,-2.908
5344,16,-0.728,32.082,42.731,0.002,0.002,0.000,0.062,5.264,-8.379,-4.429,4.429,-3.071,-2.939
5345,16,-0.729,32.083,42.727,0.002,0.002,0.000,0.062,5.264,-8.379,-4.429,4.429,-3.072,-2.939
5346,16,-0.726,32.082,42.729,0.001,-0.001,0.000,0.115,5.216,-8.388,-4.424,4.424,-3.072,-2.939
5347,16,-0.726,32.082,42.729,0.001,-0.001,0.000,0.115,5.216,-8.388,-4.425,4.425,-3.024,-2.892
5348,16,-0.726,32.082,42.729,0.001,-0.001,0.000,0.124,5.254,-8.384,-4.425,4.425,-3.024,-2.892
5349,16,-0.726,32.082,42.729,0.001,-0.001,0.000,0.124,5.254,-8.384,-4.425,4.425,-3.024,-2.892
5350,16,-0.726,32.082,42.729,0.002,0.001,0.000,0.105,5.268,-8.374,-4.431,4.431,-3.024,-2.892
5351,16,-0.722,32.080,42.730,0.002,0.001,0.000,0.105,5.268,-8.374,-4.432,4.432,-3.052,-2.921
5352,16,-0.722,32.080,42.730,-0.001,-0.001,0.000,0.167,5.235,-8.384,-4.416,4.416,-3.022,-2.891
5353,16,-0.727,32.078,42.728,-0.001,-0.001,0.000,0.167,5.235,-8.384,-4.414,4.414,-3.020,-2.888
5354,16,-0.723,32.077,42.729,0.002,-0.000,0.000,0.086,5.245,-8.388,-4.431,4.431,-3.018,-2.886
5355,16,-0.723,32.077,42.729,0.002,-0.000,0.000,0.086,5.245,-8.388,-4.431,4.431,-3.033,-2.902
5356,16,-0.722,32.080,42.730,0.003,0.002,0.000,0.134,5.206,-8.388,-4.437,4.437,-3.068,-2.937
5357,16,-0.718,32.079,42.731,0.003,0.002,0.000,0.134,5.206,-8.388,-4.439,4.439,-3.066,-2.935
5358,16,-0.722,32.080,42.730,-0.002,0.000,0.000,0.057,5.268,-8.364,-4.411,4.411,-3.068,-2.937
5359,16,-0.723,32.077,42.729,-0.002,0.000,0.000,0.057,5.268,-8.364,-4.410,4.410,-3.032,-2.902
5360,16,-0.723,32.077,42.729,0.002,-0.001,0.000,0.096,5.264,-8.393,-4.431,4.431,-3.018,-2.886
5361,16,-0.720,32.075,42.729,0.002,-0.001,0.000,0.096,5.264,-8.393,-4.433,4.433,-3.014,-2.884
5362,16,-0.720,32.075,42.729,0.000,-0.000,0.000,0.115,5.235,-8.360,-4.422,4.422,-3.014,-2.884
5363,16,-0.720,32.075,42.729,0.000,-0.000,0.000,0.115,5.235,-8.360,-4.422,4.422,-3.029,-2.899
5364,16,-0.720,32.075,42.729,0.001,-0.000,0.000,0.086,5.259,-8.379,-4.428,4.428,-3.029,-2.899
5365,16,-0.720,32.075,42.729,0.001,-0.000,0.000,0.086,5.259,-8.379,-4.428,4.428,-3.029,-2.899
5366,16,-0.720,32.075,42.729,-0.002,-0.000,0.000,0.153,5.245,-8.379,-4.412,4.412,-3.029,-2.899
5367,16,-0.720,32.075,42.729,-0.002,-0.000,0.000,0.153,5.245,-8.379,-4.412,4.412,-3.029,-2.899
5368,16,-0.724,32.076,42.728,-0.002,-0.000,0.000,0.072,5.249,-8.379,-4.410,4.410,-3.031,-2.900
5369,16,-0.724,32.076,42.728,-0.002,-0.000,0.000,0.072,5.249,-8.379,-4.410,4.410,-3.031,-2.900
5370,16,-0.724,32.076,42.728,0.001,-0.000,0.000,0.139,5.221,-8.403,-4.426,4.426,-3.031,-2.900
5371,16,-0.724,32.076,42.728,0.001,-0.000,0.000,0.139,5.221,-8.403,-4.426,4.426,-3.031,-2.900
5372,16,-0.725,32.073,42.727,0.001,-0.000,0.000,0.100,5.201,-8.388,-4.425,4.425,-3.027,-2.896
5373,16,-0.722,32.072,42.728,0.001,-0.000,0.000,0.100,5.201,-8.388,-4.427,4.427,-3.025,-2.894
5374,16,-0.722,32.072,42.728,0.001,-0.000,0.000,0.124,5.292,-8.364,-4.427,4.427,-3.025,-2.894
5375,16,-0.722,32.072,42.728,0.001,-0.000,0.000,0.124,5.292,-8.364,-4.427,4.427,-3.025,-2.894
5376,16,-0.720,32.075,42.729,0.000,0.003,0.000,0.096,5.292,-8.369,-4.422,4.422,-3.075,-2.945
5377,16,-0.724,32.076,42.728,0.000,0.003,0.000,0.096,5.292,-8.369,-4.421,4.421,-3.077,-2.946
5378,16,-0.724,32.076,42.728,0.000,0.000,0.000,0.091,5.216,-8.403,-4.421,4.421,-3.077,-2.946
5379,16,-0.724,32.076,42.728,0.000,0.000,0.000,0.091,5.216,-8.403,-4.421,4.421,-3.031,-2.900
5380,16,-0.724,32.076,42.728,-0.001,-0.002,0.000,0.100,5.201,-8.369,-4.415,4.415,-3.001,-2.870
5381,16,-0.725,32.073,42.727,-0.001,-0.002,0.000,0.100,5.201,-8.369,-4.415,4.415,-2.997,-2.865
5382,16,-0.722,32.072,42.728,0.002,0.001,0.000,0.129,5.264,-8.379,-4.416,4.416,-2.995,-2.864
5383,16,-0.720,32.075,42.729,0.002,0.001,0.000,0.129,5.264,-8.379,-4.433,4.433,-3.045,-2.913
5384,16,-0.720,32.075,42.729,0.000,0.000,0.000,0.105,5.283,-8.360,-4.422,4.422,-3.029,-2.899
5385,16,-0.720,32.075,42.729,0.000,0.000,0.000,0.105,5.283,-8.360,-4.422,4.422,-3.029,-2.899
5386,16,-0.720,32.075,42.729,-0.002,0.002,0.000,0.091,5.235,-8.398,-4.422,4.422,-3.029,-2.899
5387,16,-0.724,32.076,42.728,-0.002,0.002,0.000,0.091,5.235,-8.398,-4.410,4.410,-3.062,-2.931
5388,16,-0.725,32.073,42.727,-0.000,-0.005,0.000,0.120,5.187,-8.412,-4.420,4.420,-2.951,-2.820
5389,16,-0.722,32.072,42.728,-0.000,-0.005,0.000,0.120,5.187,-8.412,-4.422,4.422,-2.949,-2.818
5390,16,-0.723,32.069,42.728,0.005,0.003,0.000,0.129,5.221,-8.412,-4.421,4.421,-2.944,-2.814
5391,16,-0.719,32.071,42.726,0.005,0.003,0.000,0.129,5.221,-8.412,-4.449,4.449,-3.069,-2.939
5392,16,-0.718,32.074,42.726,0.000,0.004,0.000,0.110,5.249,-8.403,-4.423,4.423,-3.089,-2.959
5393,16,-0.718,32.074,42.726,0.000,0.004,0.000,0.110,5.249,-8.403,-4.423,4.423,-3.089,-2.959
5394,16,-0.718,32.074,42.726,0.000,-0.001,0.000,0.096,5.235,-8.360,-4.423,4.423,-3.089,-2.959
5395,16,-0.719,32.071,42.726,0.000,-0.001,0.000,0.096,5.235,-8.360,-4.422,4.422,-3.007,-2.879
5396,16,-0.719,32.071,42.726,0.000,-0.000,0.000,0.129,5.249,-8.369,-4.423,4.423,-3.023,-2.893
5397,16,-0.719,32.071,42.726,0.000,-0.000,0.000,0.129,5.249,-8.369,-4.423,4.423,-3.023,-2.893
5398,16,-0.719,32.071,42.726,0.001,0.002,0.000,0.081,5.225,-8.398,-4.423,4.423,-3.023,-2.893
5399,16,-0.718,32.074,42.726,0.001,0.002,0.000,0.081,5.225,-8.398,-4.429,4.429,-3.058,-2.928
5400,16,-0.719,32.071,42.726,0.000,-0.003,0.000,0.115,5.264,-8.369,-4.423,4.423,-2.978,-2.848
5401,16,-0.719,32.071,42.726,0.000,-0.003,0.000,0.115,5.264,-8.369,-4.423,4.423,-2.978,-2.848
5402,16,-0.720,32.068,42.725,0.000,0.002,0.000,0.091,5.268,-8.384,-4.422,4.422,-2.973,-2.843
5403,16,-0.719,32.071,42.726,0.000,0.002,0.000,0.091,5.268,-8.384,-4.423,4.423,-3.054,-2.924
5404,16,-0.719,32.071,42.726,-0.001,0.000,0.000,0.115,5.216,-8.388,-4.417,4.417,-3.023,-2.893
5405,16,-0.719,32.071,42.726,-0.001,0.000,0.000,0.115,5.216,-8.388,-4.417,4.417,-3.023,-2.893
5406,16,-0.720,32.068,42.725,-0.000,-0.001,0.000,0.129,5.230,-8.384,-4.417,4.417,-3.019,-2.889
5407,16,-0.721,32.067,42.724,-0.000,-0.001,0.000,0.129,5.230,-8.384,-4.421,4.421,-2.999,-2.876
5408,16,-0.720,32.068,42.725,-0.000,0.003,0.000,0.110,5.278,-8.393,-4.422,4.422,-3.065,-2.935
5409,16,-0.719,32.071,42.726,-0.000,0.003,0.000,0.110,5.278,-8.393,-4.423,4.423,-3.069,-2.939
5410,16,-0.723,32.072,42.725,-0.000,0.003,0.000,0.120,5.230,-8.388,-4.421,4.421,-3.071,-2.940
5411,16,-0.723,32.072,42.725,-0.000,0.003,0.000,0.120,5.230,-8.388,-4.421,4.421,-3.071,-2.940
5412,16,-0.723,32.072,42.725,0.002,-0.001,0.000,0.120,5.235,-8.388,-4.432,4.432,-3.010,-2.880
5413,16,-0.719,32.071,42.726,0.002,-0.001,0.000,0.120,5.235,-8.388,-4.433,4.433,-3.008,-2.878
5414,16,-0.719,32.071,42.726,0.002,-0.001,0.000,0.124,5.264,-8.393,-4.433,4.433,-3.008,-2.878
5415,16,-0.719,32.071,42.726,0.000,-0.000,0.000,0.124,5.264,-8.393,-4.423,4.423,-3.023,-2.893
5416,16,-0.719,32.071,42.726,0.000,0.001,0.000,0.077,5.230,-8.384,-4.423,4.423,-3.039,-2.909
5417,16,-0.719,32.071,42.726,0.000,0.001,0.000,0.077,5.230,-8.384,-4.423,4.423,-3.039,-2.909
5418,16,-0.721,32.067,42.724,0.000,-0.003,0.000,0.129,5.249,-8.341,-4.423,4.423,-3.039,-2.909
5419,16,-0.721,32.067,42.724,0.000,-0.003,0.000,0.129,5.249,-8.341,-4.422,4.422,-2.972,-2.842
5420,16,-0.721,32.067,42.724,0.002,0.003,0.000,0.105,5.264,-8.369,-4.433,4.433,-3.063,-2.933
5421,16,-0.719,32.070,42.724,0.002,0.003,0.000,0.105,5.264,-8.369,-4.433,4.433,-3.068,-2.938
5422,16,-0.719,32.070,42.724,0.000,-0.001,0.000,0.091,5.235,-8.388,-4.433,4.433,-3.068,-2.938
5423,16,-0.719,32.070,42.724,0.000,-0.001,0.000,0.091,5.235,-8.388,-4.423,4.423,-3.007,-2.877
5424,16,-0.721,32.067,42.724,0.000,-0.001,0.000,0.096,5.249,-8.379,-4.422,4.422,-3.002,-2.872
5425,16,-0.721,32.067,42.724,0.000,-0.001,0.000,0.096,5.249,-8.379,-4.422,4.422,-3.002,-2.872
5426,16,-0.719,32.070,42.724,0.000,0.004,0.000,0.120,5.235,-8.369,-4.423,4.423,-3.007,-2.877
5427,16,-0.719,32.071,42.726,0.000,0.004,0.000,0.120,5.235,-8.369,-4.424,4.424,-3.087,-2.951
5428,16,-0.721,32.067,42.724,-0.002,-0.006,0.000,0.091,5.221,-8.393,-4.411,4.411,-2.926,-2.796
5429,16,-0.721,32.067,42.724,-0.002,-0.006,0.000,0.091,5.221,-8.393,-4.411,4.411,-2.926,-2.796
5430,16,-0.722,32.064,42.724,0.002,0.002,0.000,0.144,5.273,-8.374,-4.411,4.411,-2.922,-2.792
5431,16,-0.721,32.067,42.724,0.002,0.002,0.000,0.144,5.273,-8.374,-4.433,4.433,-3.049,-2.917
5432,16,-0.717,32.066,42.725,0.003,0.002,0.000,0.081,5.182,-8.388,-4.440,4.440,-3.046,-2.917
5433,16,-0.717,32.066,42.725,0.003,0.002,0.000,0.081,5.182,-8.388,-4.440,4.440,-3.046,-2.917
5434,16,-0.718,32.066,42.721,0.000,-0.004,0.000,0.139,5.235,-8.384,-4.439,4.439,-3.047,-2.917
5435,16,-0.719,32.063,42.725,0.000,-0.004,0.000,0.139,5.235,-8.384,-4.423,4.423,-2.949,-2.822
5436,16,-0.719,32.063,42.725,0.000,0.004,0.000,0.067,5.264,-8.374,-4.423,4.423,-3.072,-2.943
5437,16,-0.718,32.066,42.721,0.000,0.004,0.000,0.067,5.264,-8.374,-4.423,4.423,-3.077,-2.948
5438,16,-0.718,32.066,42.721,0.001,0.000,0.000,0.100,5.206,-8.388,-4.423,4.423,-3.077,-2.948
5439,16,-0.718,32.066,42.721,0.001,0.000,0.000,0.100,5.206,-8.388,-4.428,4.428,-3.016,-2.887
5440,16,-0.715,32.065,42.722,0.000,-0.002,0.000,0.124,5.264,-8.369,-4.425,4.425,-2.984,-2.855
5441,16,-0.716,32.062,42.722,0.000,-0.002,0.000,0.124,5.264,-8.369,-4.424,4.424,-2.979,-2.850
5442,16,-0.715,32.065,42.722,0.000,0.004,0.000,0.096,5.254,-8.364,-4.425,4.425,-2.984,-2.855
5443,16,-0.718,32.066,42.721,0.000,0.004,0.000,0.096,5.254,-8.364,-4.423,4.423,-3.077,-2.948
5444,16,-0.718,32.066,42.721,0.000,0.000,0.000,0.124,5.245,-8.384,-4.423,4.423,-3.016,-2.887
5445,16,-0.718,32.066,42.721,0.000,0.000,0.000,0.124,5.245,-8.384,-4.423,4.423,-3.016,-2.887
5446,16,-0.718,32.066,42.721,0.000,-0.002,0.000,0.120,5.268,-8.384,-4.423,4.423,-3.016,-2.887
5447,16,-0.718,32.066,42.721,0.000,-0.002,0.000,0.120,5.268,-8.384,-4.423,4.423,-2.986,-2.856
5448,16,-0.715,32.065,42.722,0.004,0.002,0.000,0.129,5.254,-8.355,-4.446,4.446,-3.044,-2.916
5449,16,-0.715,32.065,42.722,0.004,0.002,0.000,0.129,5.254,-8.355,-4.446,4.446,-3.044,-2.916
5450,16,-0.715,32.065,42.722,0.000,-0.001,0.000,0.091,5.230,-8.398,-4.446,4.446,-3.044,-2.916
5451,16,-0.715,32.065,42.722,0.000,-0.001,0.000,0.091,5.230,-8.398,-4.425,4.425,-2.999,-2.870
5452,16,-0.715,32.065,42.722,-0.001,-0.000,0.000,0.100,5.249,-8.393,-4.419,4.419,-3.014,-2.885
5453,16,-0.715,32.065,42.722,-0.001,-0.000,0.000,0.100,5.249,-8.393,-4.419,4.419,-3.014,-2.885
5454,16,-0.715,32.065,42.722,-0.001,0.001,0.000,0.110,5.235,-8.384,-4.419,4.419,-3.014,-2.885
5455,16,-0.718,32.066,42.721,-0.001,0.001,0.000,0.110,5.235,-8.384,-4.417,4.417,-3.029,-2.904
5456,16,-0.715,32.065,42.722,0.002,0.000,0.000,0.086,5.187,-8.427,-4.435,4.435,-3.014,-2.885
5457,16,-0.715,32.065,42.722,0.002,0.000,0.000,0.086,5.187,-8.427,-4.435,4.435,-3.014,-2.885
5458,16,-0.715,32.065,42.722,0.000,0.001,0.000,0.086,5.211,-8.398,-4.435,4.435,-3.014,-2.885
5459,16,-0.715,32.065,42.722,0.000,0.001,0.000,0.139,5.211,-8.398,-4.425,4.425,-3.029,-2.900
5460,16,-0.715,32.065,42.722,0.000,0.001,0.000,0.110,5.245,-8.408,-4.425,4.425,-3.029,-2.900
5461,16,-0.715,32.065,42.722,0.001,0.002,0.000,0.110,5.245,-8.408,-4.430,4.430,-3.044,-2.916
5462,16,-0.711,32.064,42.724,0.000,0.000,0.000,0.110,5.230,-8.374,-4.432,4.432,-3.042,-2.914
5463,16,-0.711,32.063,42.722,0.000,0.000,0.000,0.120,5.230,-8.374,-4.425,4.425,-3.008,-2.886
5464,16,-0.711,32.063,42.722,0.000,0.000,0.000,0.120,5.254,-8.360,-4.426,4.426,-3.011,-2.883
5465,16,-0.713,32.060,42.722,0.003,-0.001,0.000,0.120,5.254,-8.360,-4.441,4.441,-2.991,-2.863
5466,16,-0.709,32.058,42.723,0.001,0.005,0.000,0.120,5.240,-8.393,-4.443,4.443,-2.989,-2.862
5467,16,-0.712,32.063,42.718,0.001,0.005,0.000,0.086,5.240,-8.393,-4.431,4.431,-3.087,-2.959
5468,16,-0.711,32.066,42.719,0.001,0.005,0.000,0.086,5.221,-8.393,-4.432,4.432,-3.092,-2.964
5469,16,-0.712,32.063,42.718,0.000,0.000,0.000,0.086,5.221,-8.393,-4.426,4.426,-3.011,-2.883
5470,16,-0.712,32.063,42.718,0.000,-0.001,0.000,0.086,5.278,-8.360,-4.426,4.426,-3.011,-2.883
5471,16,-0.709,32.062,42.719,0.000,-0.001,0.000,0.105,5.278,-8.360,-4.428,4.428,-2.996,-2.864
5472,16,-0.709,32.062,42.719,0.000,-0.001,0.000,0.096,5.249,-8.379,-4.427,4.427,-2.994,-2.866
5473,16,-0.709,32.062,42.719,0.001,0.002,0.000,0.096,5.249,-8.379,-4.433,4.433,-3.040,-2.912
5474,16,-0.709,32.062,42.719,-0.001,0.000,0.000,0.096,5.192,-8.412,-4.433,4.433,-3.040,-2.912
5475,16,-0.709,32.062,42.719,-0.001,0.000,0.000,0.110,5.192,-8.412,-4.422,4.422,-3.009,-2.882
5476,16,-0.709,32.062,42.719,-0.001,0.000,0.000,0.110,5.259,-8.393,-4.422,4.422,-3.009,-2.882
5477,16,-0.709,32.062,42.719,-0.000,-0.001,0.000,0.110,5.259,-8.393,-4.427,4.427,-2.994,-2.866
5478,16,-0.709,32.062,42.719,0.003,0.001,0.000,0.110,5.240,-8.384,-4.427,4.427,-2.989,-2.862
5479,16,-0.709,32.062,42.719,0.003,0.001,0.000,0.134,5.240,-8.384,-4.443,4.443,-3.024,-2.897
5480,16,-0.705,32.061,42.721,0.003,0.001,0.000,0.129,5.225,-8.412,-4.445,4.445,-3.022,-2.895
5481,16,-0.705,32.061,42.721,0.004,0.000,0.000,0.129,5.225,-8.412,-4.450,4.450,-3.007,-2.880
5482,16,-0.701,32.059,42.722,0.000,0.000,0.000,0.129,5.211,-8.412,-4.452,4.452,-3.005,-2.879
5483,16,-0.701,32.059,42.722,0.000,0.000,0.000,0.086,5.211,-8.412,-4.431,4.431,-3.005,-2.879
5484,16,-0.701,32.059,42.722,0.000,0.000,0.000,0.105,5.201,-8.398,-4.431,4.431,-3.005,-2.879
5485,16,-0.701,32.059,42.722,0.001,0.001,0.000,0.105,5.201,-8.398,-4.436,4.436,-3.020,-2.894
5486,16,-0.703,32.056,42.721,0.000,0.000,0.000,0.105,5.201,-8.374,-4.435,4.435,-3.016,-2.890
5487,16,-0.703,32.055,42.720,0.000,0.000,0.000,0.067,5.259,-8.374,-4.430,4.430,-2.999,-2.873
5488,16,-0.703,32.055,42.720,0.000,0.000,0.000,0.096,5.278,-8.350,-4.430,4.430,-2.999,-2.873
5489,16,-0.703,32.055,42.720,0.001,-0.001,0.000,0.096,5.278,-8.350,-4.435,4.435,-2.984,-2.858
5490,16,-0.699,32.054,42.721,0.000,0.001,0.000,0.096,5.278,-8.388,-4.437,4.437,-2.982,-2.856
5491,16,-0.699,32.054,42.721,0.000,0.001,0.000,0.144,5.235,-8.388,-4.431,4.431,-3.012,-2.887
5492,16,-0.699,32.054,42.721,0.000,0.001,0.000,0.086,5.221,-8.393,-4.431,4.431,-3.012,-2.887
5493,16,-0.704,32.052,42.719,-0.002,-0.001,0.000,0.086,5.221,-8.393,-4.418,4.418,-2.980,-2.853
5494,16,-0.704,32.052,42.719,0.001,-0.000,0.000,0.086,5.221,-8.388,-4.418,4.418,-2.980,-2.853
5495,16,-0.704,32.052,42.719,0.001,-0.000,0.000,0.191,5.245,-8.388,-4.434,4.434,-2.995,-2.869
5496,16,-0.704,32.052,42.719,0.001,-0.000,0.000,0.077,5.254,-8.374,-4.434,4.434,-2.995,-2.869
5497,16,-0.704,32.052,42.719,0.002,0.003,0.000,0.077,5.254,-8.374,-4.440,4.440,-3.040,-2.914
5498,16,-0.700,32.055,42.717,0.000,-0.005,0.000,0.077,5.254,-8.412,-4.442,4.442,-3.043,-2.918
5499,16,-0.702,32.048,42.720,0.000,-0.005,0.000,0.144,5.211,-8.412,-4.430,4.430,-2.912,-2.787
5500,16,-0.702,32.048,42.720,0.000,-0.005,0.000,0.048,5.249,-8.379,-4.430,4.430,-2.912,-2.787
5501,16,-0.702,32.048,42.720,-0.001,0.001,0.000,0.048,5.249,-8.379,-4.425,4.425,-3.003,-2.878
