packet_timestamp,statemachine,angle_roll,angle_pitch,angle_yaw,gyro_x,gyro_y,gyro_z,acc_x,acc_y,acc_z,rudder1,rudder2,rudder3,rudder4
4369,16,-0.942,39.411,23.574,0.000,-0.000,0.000,0.105,6.273,-7.647,-2.218,2.218,-13.832,-13.052
4370,16,-0.942,39.411,23.574,0.000,-0.000,0.000,0.105,6.273,-7.647,-2.218,2.218,-13.832,-13.052
4371,16,-0.942,39.411,23.574,-0.001,-0.000,0.000,0.105,6.273,-7.618,-2.218,2.218,-13.832,-13.052
4372,16,-0.942,39.411,23.574,-0.001,-0.000,0.000,0.091,6.273,-7.618,-2.212,2.212,-13.832,-13.052
4373,16,-0.946,39.411,23.573,-0.001,-0.000,0.000,0.110,6.264,-7.632,-2.211,2.211,-13.835,-13.051
4374,16,-0.946,39.411,23.573,-0.002,-0.000,0.000,0.110,6.264,-7.632,-2.206,2.206,-13.835,-13.051
4375,16,-0.946,39.411,23.573,-0.001,-0.000,0.000,0.110,6.288,-7.637,-2.206,2.206,-13.835,-13.051
4376,16,-0.946,39.411,23.573,-0.001,-0.000,0.000,0.148,6.288,-7.637,-2.211,2.211,-13.835,-13.051
4377,16,-0.946,39.411,23.573,-0.001,-0.000,0.000,0.144,6.288,-7.637,-2.211,2.211,-13.835,-13.051
4378,16,-0.946,39.411,23.573,-0.001,-0.001,0.000,0.144,6.288,-7.637,-2.211,2.211,-13.820,-13.036
4379,16,-0.946,39.411,23.573,-0.000,-0.000,0.000,0.144,6.273,-7.637,-2.211,2.211,-13.820,-13.036
4380,16,-0.946,39.411,23.573,-0.000,-0.000,0.000,0.153,6.273,-7.637,-2.217,2.217,-13.835,-13.051
4381,16,-0.946,39.411,23.573,-0.000,-0.000,0.000,0.153,6.278,-7.642,-2.217,2.217,-13.835,-13.051
4382,16,-0.946,39.411,23.573,0.001,-0.001,0.000,0.153,6.278,-7.642,-2.222,2.222,-13.820,-13.036
4383,16,-0.946,39.411,23.573,0.000,-0.001,0.000,0.153,6.259,-7.642,-2.222,2.222,-13.820,-13.036
4384,16,-0.946,39.411,23.573,0.000,-0.001,0.000,0.148,6.259,-7.642,-2.217,2.217,-13.820,-13.036
4385,16,-0.947,39.407,23.572,0.000,-0.001,0.000,0.110,6.278,-7.647,-2.216,2.216,-13.814,-13.029
4386,16,-0.947,39.407,23.572,0.001,-0.000,0.000,0.110,6.278,-7.647,-2.221,2.221,-13.829,-13.045
4387,16,-0.947,39.407,23.572,0.001,-0.000,0.000,0.110,6.273,-7.637,-4.471,4.471,-13.829,-13.045
4388,16,-0.947,39.407,23.572,0.001,-0.000,0.000,0.105,6.273,-7.637,-4.471,4.471,-13.829,-13.045
4389,16,-0.947,39.407,23.572,0.001,-0.000,0.000,0.086,6.273,-7.628,-4.471,4.471,-13.829,-13.045
4390,16,-0.947,39.407,23.572,-0.001,-0.000,0.000,0.086,6.273,-7.628,-4.461,4.461,-13.829,-13.045
4391,16,-0.947,39.407,23.572,-0.000,-0.000,0.000,0.086,6.283,-7.628,-4.461,4.461,-13.829,-13.045
4392,16,-0.947,39.407,23.572,-0.000,-0.000,0.000,0.086,6.283,-7.628,-4.466,4.466,-13.829,-13.045
4393,16,-0.947,39.407,23.572,-0.000,-0.000,0.000,0.129,6.259,-7.642,-4.466,4.466,-13.829,-13.045
4394,16,-0.947,39.407,23.572,-0.003,-0.000,0.000,0.129,6.259,-7.642,-4.450,4.450,-13.829,-13.045
4395,16,-0.945,39.408,23.577,-0.001,-0.000,0.000,0.129,6.259,-7.642,-4.451,4.451,-13.830,-13.047
4396,16,-0.945,39.408,23.577,-0.001,-0.000,0.000,0.134,6.273,-7.642,-4.461,4.461,-13.830,-13.047
4397,16,-0.945,39.408,23.577,-0.001,-0.000,0.000,0.134,6.273,-7.632,-4.461,4.461,-13.830,-13.047
4398,16,-0.945,39.408,23.577,-0.000,-0.000,0.000,0.134,6.273,-7.632,-4.467,4.467,-13.830,-13.047
4399,16,-0.945,39.408,23.577,-0.002,-0.000,0.000,0.134,6.273,-7.623,-4.467,4.467,-13.830,-13.047
4400,16,-0.950,39.409,23.575,-0.002,-0.000,0.000,0.177,6.278,-7.623,-4.455,4.455,-13.833,-13.046
4401,16,-0.951,39.409,23.571,-0.002,-0.000,0.000,0.134,6.283,-7.642,-4.454,4.454,-13.833,-13.045
4402,16,-0.947,39.407,23.572,0.007,-0.000,0.005,0.134,6.283,-7.642,-4.570,4.570,-13.962,-12.911
4403,16,-0.949,39.407,23.567,0.019,-0.003,0.010,0.134,6.283,-7.637,-4.570,4.570,-13.963,-12.911
4404,16,-0.938,39.404,23.556,0.019,-0.003,0.010,0.182,6.273,-7.637,-4.680,4.680,-14.002,-12.773
4405,16,-0.934,39.404,23.557,0.019,-0.003,0.010,0.110,6.297,-7.623,-4.686,4.686,-14.013,-12.760
4406,16,-0.937,39.404,23.560,-0.011,0.001,-0.010,0.110,6.297,-7.623,-4.296,4.296,-13.596,-13.300
4407,16,-0.940,39.406,23.570,-0.014,-0.006,-0.016,0.110,6.297,-7.599,-4.295,4.295,-13.599,-13.301
4408,16,-0.941,39.403,23.581,-0.014,-0.006,-0.016,0.019,6.340,-7.599,-4.207,4.207,-13.353,-13.326
4409,16,-0.939,39.399,23.589,-0.014,-0.006,-0.016,0.134,6.326,-7.599,-4.199,4.199,-13.323,-13.345
4410,16,-0.938,39.404,23.590,0.002,0.005,0.001,0.134,6.326,-7.599,-4.493,4.493,-13.923,-13.093
4411,16,-0.936,39.407,23.584,0.013,-0.001,0.014,0.134,6.326,-7.685,-4.493,4.493,-13.928,-13.098
4412,16,-0.935,39.409,23.572,0.013,-0.001,0.014,0.067,6.254,-7.685,-4.707,4.707,-14.157,-12.690
4413,16,-0.934,39.408,23.565,0.013,-0.001,0.014,0.129,6.221,-7.709,-4.707,4.707,-14.157,-12.690
4414,16,-0.937,39.404,23.560,0.007,-0.007,0.012,0.129,6.221,-7.709,-4.653,4.653,-14.007,-12.645
4415,16,-0.937,39.400,23.552,-0.011,-0.001,-0.005,0.129,6.221,-7.608,-4.653,4.653,-14.000,-12.639
4416,16,-0.943,39.397,23.557,-0.011,-0.001,-0.005,0.144,6.269,-7.608,-4.351,4.351,-13.676,-13.139
4417,16,-0.941,39.398,23.562,-0.011,-0.001,-0.005,0.139,6.307,-7.608,-4.348,4.348,-13.665,-13.153
4418,16,-0.944,39.399,23.565,-0.007,-0.000,-0.009,0.139,6.307,-7.608,-4.323,4.323,-13.602,-13.247
4419,16,-0.941,39.398,23.573,0.002,-0.001,0.001,0.139,6.307,-7.666,-4.324,4.324,-13.600,-13.248
4420,16,-0.941,39.398,23.573,0.002,-0.001,0.001,0.177,6.278,-7.666,-4.492,4.492,-13.825,-12.993
4421,16,-0.942,39.398,23.569,0.002,-0.001,0.001,0.115,6.269,-7.642,-4.491,4.491,-13.826,-12.993
4422,16,-0.938,39.398,23.571,0.004,-0.001,0.002,0.115,6.269,-7.642,-4.517,4.517,-13.850,-12.967
4423,16,-0.940,39.398,23.566,0.000,-0.001,-0.002,0.115,6.269,-7.656,-4.516,4.516,-13.851,-12.967
4424,16,-0.939,39.395,23.570,0.000,-0.001,-0.002,0.077,6.240,-7.656,-4.442,4.442,-13.739,-13.069
4425,16,-0.935,39.394,23.572,0.000,-0.001,-0.002,0.124,6.264,-7.623,-4.443,4.443,-13.736,-13.069
4426,16,-0.933,39.394,23.576,-0.001,-0.001,-0.003,0.124,6.264,-7.623,-4.425,4.425,-13.709,-13.096
4427,16,-0.933,39.394,23.576,-0.000,-0.000,0.000,0.124,6.264,-7.637,-4.425,4.425,-13.709,-13.096
4428,16,-0.933,39.394,23.576,-0.000,-0.000,0.000,0.096,6.288,-7.637,-4.470,4.470,-13.804,-13.032
4429,16,-0.933,39.394,23.576,-0.000,-0.000,0.000,0.081,6.283,-7.632,-4.470,4.470,-13.804,-13.032
4430,16,-0.933,39.394,23.576,-0.001,-0.000,0.001,0.081,6.283,-7.632,-4.478,4.478,-13.830,-13.005
4431,16,-0.933,39.394,23.576,-0.001,-0.000,0.001,0.081,6.283,-7.632,-4.478,4.478,-13.830,-13.005
4432,16,-0.933,39.394,23.576,-0.001,-0.000,0.001,0.120,6.259,-7.637,-4.478,4.478,-13.830,-13.005
4433,16,-0.938,39.394,23.574,-0.001,-0.000,0.001,0.120,6.254,-7.642,-4.477,4.477,-13.833,-13.004
4434,16,-0.938,39.394,23.574,-0.002,-0.000,0.000,0.120,6.254,-7.642,-4.458,4.458,-13.806,-13.031
4435,16,-0.938,39.394,23.574,-0.000,-0.000,0.000,0.120,6.254,-7.647,-4.458,4.458,-13.806,-13.031
4436,16,-0.938,39.394,23.574,-0.000,-0.000,0.000,0.158,6.278,-7.647,-4.469,4.469,-13.806,-13.031
4437,16,-0.938,39.394,23.574,-0.000,-0.000,0.000,0.158,6.316,-7.628,-4.469,4.469,-13.806,-13.031
4438,16,-0.938,39.394,23.574,0.001,-0.001,0.000,0.158,6.316,-7.628,-4.474,4.474,-13.791,-13.016
4439,16,-0.934,39.390,23.576,0.000,-0.000,-0.001,0.158,6.316,-7.628,-4.475,4.475,-13.784,-13.012
4440,16,-0.933,39.390,23.580,0.000,-0.000,-0.001,0.134,6.283,-7.637,-4.457,4.457,-13.772,-13.054
4441,16,-0.932,39.393,23.580,0.000,-0.000,-0.001,0.124,6.254,-7.623,-4.457,4.457,-13.776,-13.059
4442,16,-0.933,39.390,23.580,0.000,-0.001,-0.002,0.124,6.254,-7.623,-4.443,4.443,-13.730,-13.065
4443,16,-0.933,39.390,23.580,0.000,-0.001,-0.002,0.124,6.254,-7.623,-4.443,4.443,-13.730,-13.065
4444,16,-0.931,39.390,23.584,0.000,0.001,-0.001,0.110,6.269,-7.647,-4.457,4.457,-13.786,-13.069
4445,16,-0.930,39.393,23.584,0.000,0.001,-0.001,0.110,6.269,-7.647,-4.458,4.458,-13.790,-13.074
4446,16,-0.930,39.393,23.584,0.000,0.001,-0.001,0.086,6.269,-7.647,-4.458,4.458,-13.790,-13.074
4447,16,-0.931,39.390,23.584,0.000,-0.001,-0.001,0.086,6.269,-7.647,-4.457,4.457,-13.756,-13.039
4448,16,-0.931,39.390,23.584,0.000,-0.000,0.000,0.096,6.269,-7.637,-4.471,4.471,-13.797,-13.028
4449,16,-0.931,39.390,23.584,0.000,-0.000,0.000,0.096,6.269,-7.637,-4.471,4.471,-13.797,-13.028
4450,16,-0.931,39.390,23.584,0.000,-0.000,0.000,0.115,6.259,-7.632,-4.471,4.471,-13.797,-13.028
4451,16,-0.931,39.390,23.584,-0.001,-0.000,0.000,0.115,6.259,-7.632,-4.465,4.465,-13.797,-13.028
4452,16,-0.931,39.390,23.584,-0.002,-0.000,0.001,0.115,6.288,-7.632,-4.473,4.473,-13.824,-13.001
4453,16,-0.931,39.390,23.584,-0.002,-0.000,0.001,0.115,6.288,-7.632,-4.473,4.473,-13.824,-13.001
4454,16,-0.931,39.390,23.584,-0.002,-0.000,0.000,0.144,6.288,-7.651,-4.460,4.460,-13.797,-13.028
4455,16,-0.935,39.391,23.583,-0.002,-0.000,0.000,0.144,6.288,-7.651,-4.459,4.459,-13.800,-13.027
4456,16,-0.934,39.390,23.587,-0.000,-0.000,0.000,0.144,6.273,-7.647,-4.470,4.470,-13.799,-13.027
4457,16,-0.934,39.390,23.587,-0.000,-0.000,0.000,0.144,6.273,-7.647,-4.470,4.470,-13.799,-13.027
4458,16,-0.934,39.390,23.587,-0.000,-0.000,-0.001,0.110,6.254,-7.618,-4.456,4.456,-13.773,-13.054
4459,16,-0.934,39.390,23.587,-0.000,-0.001,-0.001,0.110,6.254,-7.618,-4.456,4.456,-13.757,-13.038
4460,16,-0.930,39.390,23.588,0.002,-0.000,0.000,0.158,6.283,-7.647,-4.482,4.482,-13.797,-13.028
4461,16,-0.930,39.390,23.588,0.002,-0.000,0.000,0.158,6.283,-7.647,-4.482,4.482,-13.797,-13.028
4462,16,-0.930,39.390,23.588,0.002,-0.000,0.000,0.115,6.288,-7.647,-4.482,4.482,-13.797,-13.028
4463,16,-0.930,39.390,23.588,0.000,-0.001,0.000,0.115,6.288,-7.647,-4.471,4.471,-13.781,-13.013
4464,16,-0.930,39.390,23.588,0.000,-0.000,-0.001,0.091,6.273,-7.623,-4.458,4.458,-13.770,-13.054
4465,16,-0.930,39.390,23.588,0.000,-0.000,-0.001,0.091,6.273,-7.623,-4.458,4.458,-13.770,-13.054
4466,16,-0.930,39.390,23.588,0.000,-0.000,-0.001,0.110,6.254,-7.628,-4.458,4.458,-13.770,-13.054
4467,16,-0.930,39.390,23.588,0.000,-0.000,-0.001,0.110,6.254,-7.628,-4.458,4.458,-13.770,-13.054
4468,16,-0.930,39.390,23.588,0.000,-0.001,0.000,0.086,6.259,-7.632,-4.471,4.471,-13.781,-13.013
4469,16,-0.926,39.389,23.590,0.000,-0.001,0.000,0.086,6.259,-7.632,-4.472,4.472,-13.779,-13.013
4470,16,-0.924,39.389,23.594,0.000,-0.001,0.000,0.100,6.283,-7.647,-4.473,4.473,-13.778,-13.014
4471,16,-0.924,39.389,23.594,-0.001,-0.000,0.000,0.100,6.283,-7.647,-4.467,4.467,-13.793,-13.029
4472,16,-0.929,39.386,23.592,-0.002,-0.000,0.000,0.129,6.269,-7.651,-4.459,4.459,-13.787,-13.027
4473,16,-0.929,39.386,23.592,-0.002,-0.000,0.000,0.129,6.269,-7.651,-4.460,4.460,-13.791,-13.023
4474,16,-0.929,39.386,23.592,-0.002,-0.000,0.000,0.129,6.278,-7.623,-4.460,4.460,-13.791,-13.023
4475,16,-0.929,39.386,23.592,-0.003,-0.000,0.000,0.129,6.278,-7.623,-4.455,4.455,-13.791,-13.023
4476,16,-0.933,39.387,23.591,-0.001,-0.000,0.000,0.158,6.269,-7.618,-4.465,4.465,-13.794,-13.023
4477,16,-0.933,39.387,23.591,-0.001,-0.000,0.000,0.158,6.269,-7.618,-4.465,4.465,-13.794,-13.023
4478,16,-0.933,39.387,23.591,-0.001,-0.000,0.000,0.134,6.288,-7.637,-4.465,4.465,-13.794,-13.023
4479,16,-0.933,39.387,23.591,0.001,-0.000,0.000,0.134,6.288,-7.637,-4.475,4.475,-13.794,-13.023
4480,16,-0.933,39.387,23.591,0.000,-0.000,0.000,0.134,6.278,-7.637,-4.470,4.470,-13.794,-13.023
4481,16,-0.933,39.387,23.591,0.000,-0.000,0.000,0.134,6.278,-7.637,-4.470,4.470,-13.794,-13.023
4482,16,-0.933,39.387,23.591,0.000,-0.000,0.000,0.120,6.264,-7.637,-4.470,4.470,-13.794,-13.023
4483,16,-0.933,39.387,23.591,0.000,-0.000,0.000,0.120,6.264,-7.637,-4.470,4.470,-13.794,-13.023
4484,16,-0.933,39.387,23.591,0.000,-0.001,0.000,0.096,6.269,-7.628,-4.470,4.470,-13.778,-13.008
4485,16,-0.933,39.387,23.591,0.000,-0.001,0.000,0.096,6.269,-7.628,-4.470,4.470,-13.779,-13.007
4486,16,-0.933,39.387,23.591,0.000,-0.001,0.000,0.110,6.283,-7.637,-4.470,4.470,-13.779,-13.007
4487,16,-0.933,39.387,23.591,0.000,-0.000,0.000,0.110,6.283,-7.637,-4.470,4.470,-13.794,-13.023
4488,16,-0.933,39.387,23.591,0.000,-0.000,0.000,0.072,6.283,-7.642,-4.470,4.470,-13.794,-13.023
4489,16,-0.929,39.386,23.592,0.000,-0.000,0.000,0.072,6.283,-7.642,-4.471,4.471,-13.791,-13.023
4490,16,-0.929,39.386,23.592,0.000,-0.000,0.000,0.115,6.264,-7.632,-4.471,4.471,-13.791,-13.023
4491,16,-0.927,39.389,23.597,0.000,-0.000,0.000,0.115,6.264,-7.632,-4.472,4.472,-13.795,-13.028
4492,16,-0.927,39.389,23.597,-0.001,-0.000,0.000,0.148,6.264,-7.637,-4.467,4.467,-13.795,-13.028
4493,16,-0.927,39.389,23.597,-0.001,-0.000,0.000,0.148,6.264,-7.637,-4.467,4.467,-13.795,-13.028
4494,16,-0.927,39.389,23.597,-0.001,-0.000,0.000,0.110,6.278,-7.623,-4.467,4.467,-13.795,-13.028
4495,16,-0.931,39.390,23.595,-0.001,0.001,0.000,0.110,6.278,-7.623,-4.465,4.465,-13.813,-13.043
4496,16,-0.931,39.391,23.596,-0.000,0.000,0.000,0.148,6.297,-7.628,-4.471,4.471,-13.799,-13.029
4497,16,-0.931,39.391,23.596,-0.000,0.000,0.000,0.148,6.297,-7.628,-4.471,4.471,-13.799,-13.029
4498,16,-0.931,39.391,23.596,-0.000,0.000,0.000,0.129,6.283,-7.628,-4.471,4.471,-13.799,-13.029
4499,16,-0.931,39.391,23.596,-0.000,0.000,0.000,0.129,6.283,-7.628,-4.471,4.471,-13.799,-13.029
4500,16,-0.926,39.390,23.597,0.001,0.000,0.000,0.120,6.269,-7.628,-4.478,4.478,-13.800,-13.027
4501,16,-0.926,39.390,23.597,0.001,0.000,0.000,0.120,6.269,-7.628,-4.477,4.477,-13.796,-13.030
4502,16,-0.926,39.390,23.597,0.001,0.000,0.000,0.139,6.264,-7.656,-4.477,4.477,-13.796,-13.030
4503,16,-0.926,39.394,23.598,0.001,0.000,0.000,0.139,6.264,-7.656,-4.477,4.477,-13.796,-13.030
4504,16,-0.926,39.394,23.598,0.001,0.000,0.000,0.086,6.288,-7.651,-4.478,4.478,-13.801,-13.035
4505,16,-0.926,39.394,23.598,0.001,0.000,0.000,0.086,6.288,-7.651,-4.478,4.478,-13.801,-13.035
4506,16,-0.926,39.394,23.598,0.001,0.000,0.000,0.110,6.264,-7.637,-4.478,4.478,-13.801,-13.035
4507,16,-0.926,39.394,23.598,0.000,0.000,0.000,0.110,6.264,-7.637,-4.472,4.472,-13.801,-13.035
4508,16,-0.926,39.394,23.598,-0.001,0.001,0.000,0.105,6.269,-7.628,-4.467,4.467,-13.816,-13.050
4509,16,-0.926,39.394,23.598,-0.001,0.001,0.000,0.105,6.269,-7.628,-4.467,4.467,-13.816,-13.050
4510,16,-0.926,39.394,23.598,-0.001,0.001,0.000,0.100,6.278,-7.637,-4.467,4.467,-13.816,-13.050
4511,16,-0.926,39.394,23.598,-0.000,0.000,0.000,0.100,6.278,-7.637,-4.472,4.472,-13.801,-13.035
4512,16,-0.926,39.394,23.598,-0.000,0.001,0.000,0.134,6.288,-7.632,-4.472,4.472,-13.816,-13.050
4513,16,-0.926,39.394,23.598,-0.000,0.001,0.000,0.134,6.288,-7.632,-4.472,4.472,-13.816,-13.050
4514,16,-0.921,39.393,23.599,-0.000,0.001,0.000,0.120,6.278,-7.637,-4.474,4.474,-13.813,-13.051
4515,16,-0.921,39.393,23.599,-0.000,-0.002,0.000,0.120,6.278,-7.637,-4.474,4.474,-13.768,-13.005
4516,16,-0.921,39.393,23.599,-0.000,0.001,0.000,0.120,6.269,-7.623,-4.474,4.474,-13.813,-13.051
4517,16,-0.921,39.393,23.599,-0.000,0.001,0.000,0.120,6.269,-7.623,-4.474,4.474,-13.813,-13.051
4518,16,-0.921,39.393,23.599,-0.000,0.001,0.000,0.158,6.269,-7.628,-4.474,4.474,-13.813,-13.051
4519,16,-0.921,39.393,23.599,-0.001,-0.001,0.000,0.158,6.269,-7.628,-4.468,4.468,-13.783,-13.021
4520,16,-0.926,39.394,23.598,-0.000,0.001,0.000,0.100,6.283,-7.642,-4.472,4.472,-13.816,-13.050
4521,16,-0.926,39.394,23.598,-0.000,0.001,0.000,0.100,6.283,-7.642,-4.472,4.472,-13.816,-13.050
4522,16,-0.926,39.394,23.598,-0.000,0.001,0.000,0.120,6.264,-7.642,-4.472,4.472,-13.816,-13.050
4523,16,-0.921,39.393,23.599,-0.000,-0.001,0.000,0.120,6.264,-7.642,-4.474,4.474,-13.783,-13.021
4524,16,-0.921,39.393,23.599,0.002,-0.000,0.000,0.124,6.269,-7.661,-4.484,4.484,-13.798,-13.036
4525,16,-0.921,39.393,23.599,0.002,-0.000,0.000,0.124,6.269,-7.661,-4.484,4.484,-13.798,-13.036
4526,16,-0.921,39.393,23.599,0.002,-0.000,0.000,0.096,6.264,-7.651,-4.484,4.484,-13.798,-13.036
4527,16,-0.921,39.393,23.599,0.000,-0.000,0.000,0.096,6.264,-7.651,-4.474,4.474,-13.798,-13.036
4528,16,-0.921,39.393,23.599,0.000,-0.000,0.000,0.110,6.273,-7.623,-4.474,4.474,-13.798,-13.036
4529,16,-0.921,39.393,23.599,0.000,-0.000,0.000,0.110,6.273,-7.623,-4.474,4.474,-13.798,-13.036
4530,16,-0.917,39.392,23.601,0.000,-0.000,0.000,0.105,6.278,-7.647,-4.475,4.475,-13.795,-13.037
4531,16,-0.917,39.392,23.601,0.000,-0.000,0.000,0.105,6.278,-7.647,-4.475,4.475,-13.795,-13.037
4532,16,-0.917,39.392,23.601,0.000,-0.000,0.000,0.134,6.273,-7.642,-4.475,4.475,-13.795,-13.037
4533,16,-0.917,39.392,23.601,0.000,-0.000,0.000,0.134,6.273,-7.642,-4.475,4.475,-13.795,-13.037
4534,16,-0.917,39.392,23.601,0.000,-0.000,0.000,0.124,6.283,-7.628,-4.475,4.475,-13.795,-13.037
4535,16,-0.917,39.392,23.601,0.000,-0.000,0.000,0.124,6.283,-7.628,-4.475,4.475,-13.795,-13.037
4536,16,-0.917,39.392,23.601,0.000,-0.000,0.000,0.115,6.278,-7.647,-4.475,4.475,-13.795,-13.037
4537,16,-0.917,39.392,23.601,0.000,-0.000,0.000,0.115,6.278,-7.647,-4.475,4.475,-13.795,-13.037
4538,16,-0.917,39.392,23.601,0.000,-0.000,0.000,0.153,6.278,-7.637,-4.475,4.475,-13.795,-13.037
4539,16,-0.917,39.392,23.601,0.000,-0.000,0.000,0.153,6.278,-7.637,-4.475,4.475,-13.795,-13.037
4540,16,-0.917,39.392,23.601,0.000,-0.000,0.000,0.124,6.273,-7.637,-4.475,4.475,-13.795,-13.037
4541,16,-0.917,39.392,23.601,0.000,-0.000,0.000,0.124,6.273,-7.637,-4.475,4.475,-13.795,-13.037
4542,16,-0.917,39.392,23.601,0.000,-0.000,0.000,0.105,6.269,-7.656,-4.475,4.475,-13.795,-13.037
4543,16,-0.917,39.392,23.601,0.000,-0.000,0.000,0.105,6.269,-7.656,-4.475,4.475,-13.795,-13.037
4544,16,-0.917,39.392,23.601,0.000,-0.000,0.000,0.105,6.269,-7.632,-4.475,4.475,-13.795,-13.037
4545,16,-0.917,39.392,23.601,0.000,-0.000,0.000,0.105,6.269,-7.632,-4.475,4.475,-13.795,-13.037
4546,16,-0.917,39.392,23.601,0.000,-0.000,0.000,0.105,6.278,-7.632,-4.475,4.475,-13.795,-13.037
4547,16,-0.917,39.392,23.601,0.000,-0.000,0.000,0.105,6.278,-7.632,-4.475,4.475,-13.795,-13.037
4548,16,-0.917,39.392,23.601,0.000,-0.000,0.000,0.120,6.283,-7.623,-4.475,4.475,-13.795,-13.037
4549,16,-0.917,39.392,23.601,0.000,-0.000,0.000,0.120,6.283,-7.623,-4.475,4.475,-13.795,-13.037
4550,16,-0.917,39.392,23.601,0.000,-0.000,0.000,0.100,6.283,-7.632,-4.475,4.475,-13.795,-13.037
4551,16,-0.917,39.392,23.601,0.000,-0.000,0.000,0.100,6.283,-7.632,-4.475,4.475,-13.795,-13.037
4552,16,-0.916,39.396,23.601,0.000,-0.000,0.000,0.144,6.269,-7.647,-4.475,4.475,-13.800,-13.042
4553,16,-0.916,39.396,23.601,0.000,-0.000,0.000,0.144,6.269,-7.647,-4.475,4.475,-13.800,-13.042
4554,16,-0.916,39.396,23.601,0.000,-0.000,0.000,0.134,6.264,-7.642,-4.475,4.475,-13.800,-13.042
4555,16,-0.916,39.396,23.601,0.000,-0.000,0.000,0.134,6.264,-7.642,-4.475,4.475,-13.800,-13.042
4556,16,-0.916,39.396,23.601,0.000,-0.000,0.000,0.115,6.278,-7.642,-4.475,4.475,-13.800,-13.042
4557,16,-0.916,39.396,23.601,0.000,-0.000,0.000,0.115,6.278,-7.642,-4.475,4.475,-13.800,-13.042
4558,16,-0.916,39.396,23.601,0.000,-0.000,0.000,0.144,6.273,-7.623,-4.475,4.475,-13.800,-13.042
4559,16,-0.916,39.396,23.601,0.000,-0.000,0.000,0.144,6.273,-7.623,-4.475,4.475,-13.800,-13.042
4560,16,-0.916,39.396,23.601,0.000,-0.000,0.000,0.110,6.278,-7.637,-4.475,4.475,-13.800,-13.042
4561,16,-0.916,39.396,23.601,0.000,-0.000,0.000,0.110,6.278,-7.637,-4.475,4.475,-13.800,-13.042
4562,16,-0.916,39.396,23.601,0.000,-0.000,0.000,0.100,6.269,-7.651,-4.475,4.475,-13.800,-13.042
4563,16,-0.916,39.396,23.601,0.000,-0.000,0.000,0.100,6.269,-7.651,-4.475,4.475,-13.800,-13.042
4564,16,-0.916,39.396,23.601,0.000,-0.000,0.000,0.120,6.269,-7.628,-4.475,4.475,-13.800,-13.042
4565,16,-0.912,39.395,23.602,0.000,-0.000,0.000,0.120,6.269,-7.628,-4.476,4.476,-13.797,-13.042
4566,16,-0.912,39.395,23.602,0.000,-0.000,0.000,0.091,6.269,-7.623,-4.476,4.476,-13.797,-13.042
4567,16,-0.912,39.395,23.602,0.000,-0.000,0.000,0.091,6.269,-7.623,-4.476,4.476,-13.797,-13.042
4568,16,-0.912,39.395,23.602,0.000,-0.000,0.000,0.110,6.273,-7.647,-4.476,4.476,-13.797,-13.042
4569,16,-0.912,39.395,23.602,0.000,-0.000,0.000,0.110,6.273,-7.647,-4.476,4.476,-13.797,-13.042
4570,16,-0.912,39.395,23.602,0.000,-0.000,0.000,0.129,6.273,-7.637,-4.476,4.476,-13.797,-13.042
4571,16,-0.912,39.395,23.602,0.000,-0.000,0.000,0.129,6.273,-7.637,-4.476,4.476,-13.797,-13.042
4572,16,-0.912,39.395,23.602,0.000,-0.000,0.000,0.129,6.269,-7.637,-4.476,4.476,-13.797,-13.042
4573,16,-0.912,39.395,23.602,0.000,-0.000,0.000,0.129,6.269,-7.637,-4.476,4.476,-13.797,-13.042
4574,16,-0.912,39.395,23.602,0.000,-0.000,0.000,0.115,6.283,-7.632,-4.476,4.476,-13.797,-13.042
4575,16,-0.912,39.395,23.602,0.000,-0.000,0.000,0.115,6.283,-7.632,-4.476,4.476,-13.797,-13.042
4576,16,-0.912,39.395,23.602,0.000,-0.000,0.000,0.134,6.283,-7.632,-4.476,4.476,-13.797,-13.042
4577,16,-0.912,39.395,23.602,0.000,-0.000,0.000,0.134,6.283,-7.632,-4.476,4.476,-13.797,-13.042
4578,16,-0.912,39.395,23.602,0.000,-0.000,0.000,0.144,6.269,-7.637,-4.476,4.476,-13.797,-13.042
4579,16,-0.912,39.395,23.602,0.000,-0.000,0.000,0.144,6.269,-7.637,-4.476,4.476,-13.797,-13.042
4580,16,-0.912,39.395,23.602,0.000,-0.000,0.000,0.096,6.269,-7.647,-4.476,4.476,-13.797,-13.042
4581,16,-0.912,39.395,23.602,0.000,-0.000,0.000,0.096,6.269,-7.647,-4.476,4.476,-13.797,-13.042
4582,16,-0.912,39.395,23.602,0.000,-0.000,0.000,0.110,6.269,-7.637,-4.476,4.476,-13.797,-13.042
4583,16,-0.912,39.395,23.602,0.000,-0.000,0.000,0.110,6.269,-7.637,-4.476,4.476,-13.797,-13.042
4584,16,-0.911,39.395,23.607,0.000,-0.000,0.000,0.110,6.273,-7.661,-4.477,4.477,-13.796,-13.043
4585,16,-0.911,39.395,23.607,0.000,-0.000,0.000,0.110,6.273,-7.661,-4.477,4.477,-13.796,-13.043
4586,16,-0.911,39.395,23.607,0.000,-0.000,0.000,0.100,6.273,-7.628,-4.477,4.477,-13.796,-13.043
4587,16,-0.911,39.395,23.607,0.000,-0.000,0.000,0.100,6.273,-7.628,-4.477,4.477,-13.796,-13.043
4588,16,-0.911,39.395,23.607,0.000,-0.000,0.000,0.120,6.278,-7.637,-4.477,4.477,-13.796,-13.043
4589,16,-0.911,39.395,23.607,0.000,-0.000,0.000,0.120,6.278,-7.637,-4.477,4.477,-13.796,-13.043
4590,16,-0.907,39.394,23.608,0.000,-0.000,0.000,0.129,6.288,-7.637,-4.478,4.478,-13.793,-13.043
4591,16,-0.907,39.394,23.608,0.000,-0.000,0.000,0.129,6.288,-7.637,-4.478,4.478,-13.793,-13.043
4592,16,-0.907,39.394,23.608,0.000,-0.000,0.000,0.134,6.283,-7.647,-4.478,4.478,-13.793,-13.043
4593,16,-0.907,39.394,23.608,0.000,-0.000,0.000,0.134,6.283,-7.647,-4.478,4.478,-13.793,-13.043
4594,16,-0.907,39.394,23.608,0.000,-0.000,0.000,0.144,6.278,-7.642,-4.478,4.478,-13.793,-13.043
4595,16,-0.907,39.394,23.608,0.000,-0.000,0.000,0.144,6.278,-7.642,-4.478,4.478,-13.793,-13.043
4596,16,-0.907,39.394,23.608,0.000,-0.000,0.000,0.115,6.269,-7.637,-4.478,4.478,-13.793,-13.043
4597,16,-0.907,39.394,23.608,0.000,-0.000,0.000,0.115,6.269,-7.637,-4.478,4.478,-13.793,-13.043
4598,16,-0.907,39.394,23.608,0.000,-0.000,0.000,0.124,6.278,-7.628,-4.478,4.478,-13.793,-13.043
4599,16,-0.907,39.394,23.608,0.000,-0.000,0.000,0.124,6.278,-7.628,-4.478,4.478,-13.793,-13.043
4600,16,-0.911,39.395,23.607,0.000,-0.000,0.000,0.110,6.278,-7.632,-4.477,4.477,-13.796,-13.043
4601,16,-0.911,39.395,23.607,0.000,-0.000,0.000,0.110,6.278,-7.632,-4.477,4.477,-13.796,-13.043
4602,16,-0.911,39.395,23.607,0.000,-0.000,0.000,0.105,6.264,-7.656,-4.477,4.477,-13.796,-13.043
4603,16,-0.907,39.394,23.608,0.000,-0.000,0.000,0.105,6.264,-7.656,-4.477,4.477,-13.796,-13.043
4604,16,-0.907,39.394,23.608,0.000,-0.000,0.000,0.115,6.259,-7.623,-4.478,4.478,-13.793,-13.043
4605,16,-0.907,39.394,23.608,0.000,-0.000,0.000,0.115,6.259,-7.623,-4.478,4.478,-13.793,-13.043
4606,16,-0.907,39.394,23.608,0.000,-0.000,0.000,0.115,6.259,-7.637,-4.478,4.478,-13.793,-13.043
4607,16,-0.907,39.394,23.608,0.000,-0.000,0.000,0.110,6.264,-7.637,-4.478,4.478,-13.793,-13.043
4608,16,-0.907,39.394,23.608,0.000,-0.000,0.000,0.110,6.264,-7.637,-4.478,4.478,-13.793,-13.043
4609,16,-0.907,39.394,23.608,0.000,-0.000,0.000,0.124,6.283,-7.647,-4.478,4.478,-13.793,-13.043
4610,16,-0.907,39.394,23.608,0.000,-0.000,0.000,0.124,6.283,-7.632,-4.478,4.478,-13.793,-13.043
4611,16,-0.907,39.394,23.608,0.000,-0.000,0.000,0.134,6.278,-7.632,-4.478,4.478,-13.793,-13.043
4612,16,-0.907,39.394,23.608,0.000,-0.000,0.000,0.134,6.278,-7.632,-4.478,4.478,-13.793,-13.043
4613,16,-0.907,39.394,23.608,0.000,-0.000,0.000,0.139,6.273,-7.628,-4.478,4.478,-13.793,-13.043
4614,16,-0.907,39.394,23.608,0.000,-0.000,0.000,0.139,6.273,-7.632,-4.478,4.478,-13.793,-13.043
4615,16,-0.907,39.394,23.608,0.000,-0.000,0.000,0.129,6.278,-7.632,-4.478,4.478,-13.793,-13.043
4616,16,-0.907,39.394,23.608,0.000,-0.000,0.000,0.129,6.278,-7.632,-4.478,4.478,-13.793,-13.043
4617,16,-0.907,39.394,23.608,0.000,-0.000,0.000,0.134,6.278,-7.651,-4.478,4.478,-13.793,-13.043
4618,16,-0.907,39.394,23.608,0.000,-0.000,0.000,0.134,6.278,-7.651,-4.478,4.478,-13.793,-13.043
4619,16,-0.907,39.394,23.608,0.000,-0.000,0.000,0.134,6.259,-7.628,-4.478,4.478,-13.793,-13.043
4620,16,-0.911,39.395,23.607,0.000,-0.000,0.000,0.134,6.259,-7.628,-4.476,4.476,-13.793,-13.046
4621,16,-0.911,39.395,23.607,0.000,-0.000,0.000,0.115,6.264,-7.637,-4.477,4.477,-13.796,-13.043
4622,16,-0.911,39.395,23.607,0.000,-0.000,0.000,0.115,6.264,-7.637,-4.477,4.477,-13.796,-13.043
4623,16,-0.911,39.395,23.607,0.000,-0.000,0.000,0.115,6.273,-7.651,-4.477,4.477,-13.796,-13.043
4624,16,-0.911,39.395,23.607,0.000,-0.000,0.000,0.115,6.273,-7.651,-4.477,4.477,-13.796,-13.043
4625,16,-0.911,39.395,23.607,0.000,-0.000,0.000,0.100,6.278,-7.637,-4.477,4.477,-13.796,-13.043
4626,16,-0.911,39.395,23.607,0.000,-0.000,0.000,0.100,6.278,-7.637,-4.477,4.477,-13.796,-13.043
4627,16,-0.911,39.395,23.607,0.000,-0.000,0.000,0.100,6.259,-7.647,-4.477,4.477,-13.796,-13.043
4628,16,-0.907,39.394,23.608,0.000,-0.000,0.000,0.100,6.259,-7.647,-4.478,4.478,-13.793,-13.043
4629,16,-0.907,39.394,23.608,0.000,-0.000,0.000,0.110,6.264,-7.637,-4.478,4.478,-13.793,-13.043
4630,16,-0.907,39.394,23.608,0.000,-0.000,0.000,0.110,6.264,-7.637,-4.478,4.478,-13.793,-13.043
4631,16,-0.907,39.394,23.608,0.000,-0.000,0.000,0.134,6.269,-7.637,-4.478,4.478,-13.793,-13.043
4632,16,-0.907,39.394,23.608,0.000,-0.000,0.000,0.134,6.269,-7.637,-4.478,4.478,-13.793,-13.043
4633,16,-0.907,39.394,23.608,0.000,-0.000,0.000,0.096,6.297,-7.604,-4.478,4.478,-13.793,-13.043
4634,16,-0.907,39.394,23.608,0.000,-0.000,0.000,0.096,6.297,-7.604,-4.478,4.478,-13.793,-13.043
4635,16,-0.907,39.394,23.608,0.000,-0.000,0.000,0.153,6.292,-7.651,-4.478,4.478,-13.793,-13.043
4636,16,-0.907,39.394,23.608,0.000,-0.000,0.000,0.153,6.292,-7.651,-4.478,4.478,-13.793,-13.043
4637,16,-0.907,39.394,23.608,0.000,-0.000,0.000,0.153,6.269,-7.642,-4.478,4.478,-13.793,-13.043
4638,16,-0.907,39.394,23.608,0.000,-0.000,0.000,0.153,6.269,-7.642,-4.478,4.478,-13.793,-13.043
4639,16,-0.907,39.394,23.608,0.000,-0.000,0.000,0.096,6.269,-7.632,-4.478,4.478,-13.793,-13.043
4640,16,-0.907,39.394,23.608,0.000,-0.000,0.000,0.096,6.269,-7.632,-4.478,4.478,-13.793,-13.043
4641,16,-0.907,39.394,23.608,0.000,-0.000,0.000,0.129,6.283,-7.661,-4.478,4.478,-13.793,-13.043
4642,16,-0.907,39.394,23.608,0.000,-0.000,0.000,0.129,6.283,-7.661,-4.478,4.478,-13.793,-13.043
4643,16,-0.907,39.394,23.608,0.000,-0.000,0.000,0.091,6.264,-7.628,-4.478,4.478,-13.793,-13.043
4644,16,-0.907,39.394,23.608,0.000,-0.000,0.000,0.091,6.264,-7.628,-4.478,4.478,-13.793,-13.043
4645,16,-0.907,39.394,23.608,0.000,-0.000,0.000,0.120,6.249,-7.637,-4.478,4.478,-13.793,-13.043
4646,16,-0.907,39.394,23.608,0.000,-0.000,0.000,0.120,6.249,-7.637,-4.478,4.478,-13.793,-13.043
4647,16,-0.907,39.394,23.608,0.000,-0.000,0.000,0.105,6.283,-7.647,-4.478,4.478,-13.793,-13.043
4648,16,-0.907,39.394,23.608,0.000,-0.000,0.000,0.105,6.283,-7.647,-4.478,4.478,-13.793,-13.043
4649,16,-0.907,39.394,23.608,0.000,-0.000,0.000,0.110,6.288,-7.637,-4.478,4.478,-13.793,-13.043
4650,16,-0.907,39.394,23.608,0.000,-0.000,0.000,0.110,6.288,-7.637,-4.478,4.478,-13.793,-13.043
4651,16,-0.907,39.394,23.608,0.000,-0.000,0.000,0.139,6.283,-7.637,-4.478,4.478,-13.793,-13.043
4652,16,-0.907,39.394,23.608,0.000,-0.000,0.000,0.139,6.283,-7.637,-4.478,4.478,-13.793,-13.043
4653,16,-0.907,39.394,23.608,0.000,-0.000,0.000,0.124,6.278,-7.637,-4.478,4.478,-13.793,-13.043
4654,16,-0.907,39.394,23.608,0.000,-0.000,0.000,0.124,6.278,-7.637,-4.478,4.478,-13.793,-13.043
4655,16,-0.907,39.394,23.608,0.000,-0.000,0.000,0.139,6.259,-7.642,-4.478,4.478,-13.793,-13.043
4656,16,-0.907,39.394,23.608,0.000,-0.000,0.000,0.139,6.259,-7.642,-4.478,4.478,-13.793,-13.043
4657,16,-0.907,39.394,23.608,0.000,-0.000,0.000,0.124,6.292,-7.651,-4.478,4.478,-13.793,-13.043
4658,16,-0.907,39.394,23.608,0.000,-0.000,0.000,0.124,6.292,-7.651,-4.478,4.478,-13.793,-13.043
4659,16,-0.907,39.394,23.608,0.000,-0.000,0.000,0.105,6.292,-7.618,-4.478,4.478,-13.793,-13.043
4660,16,-0.907,39.394,23.608,0.000,-0.000,0.000,0.105,6.292,-7.618,-4.478,4.478,-13.793,-13.043
4661,16,-0.907,39.394,23.608,0.000,-0.000,0.000,0.120,6.264,-7.623,-4.478,4.478,-13.793,-13.043
4662,16,-0.907,39.394,23.608,0.000,-0.000,0.000,0.120,6.264,-7.623,-4.478,4.478,-13.793,-13.043
4663,16,-0.907,39.394,23.608,0.000,-0.000,0.000,0.100,6.273,-7.647,-4.478,4.478,-13.793,-13.043
4664,16,-0.907,39.394,23.608,0.000,-0.000,0.000,0.100,6.273,-7.647,-4.478,4.478,-13.793,-13.043
4665,16,-0.907,39.394,23.608,0.000,-0.000,0.000,0.105,6.259,-7.637,-4.478,4.478,-13.793,-13.043
4666,16,-0.907,39.394,23.608,0.000,-0.000,0.000,0.105,6.259,-7.637,-4.478,4.478,-13.793,-13.043
4667,16,-0.907,39.394,23.608,0.000,-0.000,0.000,0.134,6.278,-7.651,-4.478,4.478,-13.793,-13.043
4668,16,-0.907,39.394,23.608,0.000,-0.000,0.000,0.134,6.278,-7.651,-4.478,4.478,-13.793,-13.043
4669,16,-0.907,39.394,23.608,0.000,-0.000,0.000,0.120,6.269,-7.637,-4.478,4.478,-13.793,-13.043
4670,16,-0.907,39.394,23.608,0.000,-0.000,0.000,0.120,6.269,-7.637,-4.478,4.478,-13.793,-13.043
4671,16,-0.907,39.394,23.608,0.000,-0.000,0.000,0.124,6.273,-7.618,-4.478,4.478,-13.793,-13.043
4672,16,-0.907,39.394,23.608,0.000,-0.000,0.000,0.124,6.273,-7.618,-4.478,4.478,-13.793,-13.043
4673,16,-0.907,39.394,23.608,0.000,-0.000,0.000,0.139,6.292,-7.642,-4.478,4.478,-13.793,-13.043
4674,16,-0.907,39.394,23.608,0.000,-0.000,0.000,0.139,6.292,-7.642,-4.478,4.478,-13.793,-13.043
4675,16,-0.907,39.394,23.608,0.000,-0.000,0.000,0.115,6.273,-7.651,-4.478,4.478,-13.793,-13.043
4676,16,-0.907,39.394,23.608,0.000,-0.000,0.000,0.115,6.273,-7.651,-4.478,4.478,-13.793,-13.043
4677,16,-0.907,39.394,23.608,0.000,-0.000,0.000,0.144,6.259,-7.628,-4.478,4.478,-13.793,-13.043
4678,16,-0.907,39.394,23.608,0.000,-0.000,0.000,0.144,6.259,-7.628,-4.478,4.478,-13.793,-13.043
4679,16,-0.907,39.394,23.608,0.000,-0.000,0.000,0.105,6.278,-7.632,-4.478,4.478,-13.793,-13.043
4680,16,-0.907,39.394,23.608,0.000,-0.000,0.000,0.105,6.278,-7.632,-4.478,4.478,-13.793,-13.043
4681,16,-0.907,39.394,23.608,0.000,-0.000,0.000,0.110,6.273,-7.637,-4.478,4.478,-13.793,-13.043
4682,16,-0.907,39.394,23.608,0.000,-0.000,0.000,0.110,6.273,-7.637,-4.478,4.478,-13.793,-13.043
4683,16,-0.907,39.394,23.608,0.000,-0.000,0.000,0.120,6.269,-7.647,-4.478,4.478,-13.793,-13.043
4684,16,-0.907,39.394,23.608,0.000,-0.000,0.000,0.120,6.269,-7.647,-4.478,4.478,-13.793,-13.043
4685,16,-0.907,39.394,23.608,0.000,-0.000,0.000,0.105,6.264,-7.647,-4.478,4.478,-13.793,-13.043
4686,16,-0.907,39.394,23.608,0.000,-0.000,0.000,0.105,6.264,-7.647,-4.478,4.478,-13.793,-13.043
4687,16,-0.907,39.394,23.608,0.000,-0.000,0.000,0.120,6.259,-7.628,-4.478,4.478,-13.793,-13.043
4688,16,-0.907,39.394,23.608,0.000,-0.000,0.000,0.120,6.259,-7.628,-4.478,4.478,-13.793,-13.043
4689,16,-0.907,39.394,23.608,0.000,-0.000,0.000,0.129,6.278,-7.642,-4.478,4.478,-13.793,-13.043
4690,16,-0.907,39.394,23.608,0.000,-0.000,0.000,0.129,6.278,-7.642,-4.478,4.478,-13.793,-13.043
4691,16,-0.907,39.394,23.608,0.000,-0.000,0.000,0.120,6.283,-7.642,-4.478,4.478,-13.793,-13.043
4692,16,-0.907,39.394,23.608,0.000,-0.000,0.000,0.120,6.283,-7.642,-4.478,4.478,-13.793,-13.043
4693,16,-0.907,39.394,23.608,0.000,-0.000,0.000,0.124,6.278,-7.623,-4.478,4.478,-13.793,-13.043
4694,16,-0.907,39.394,23.608,0.000,-0.000,0.000,0.124,6.278,-7.623,-4.478,4.478,-13.793,-13.043
4695,16,-0.907,39.394,23.608,0.000,-0.000,0.000,0.129,6.264,-7.632,-4.478,4.478,-13.793,-13.043
4696,16,-0.907,39.394,23.608,0.000,-0.000,0.000,0.129,6.264,-7.632,-4.478,4.478,-13.793,-13.043
4697,16,-0.907,39.394,23.608,0.000,-0.000,0.000,0.129,6.278,-7.656,-4.478,4.478,-13.793,-13.043
4698,16,-0.907,39.394,23.608,0.000,-0.000,0.000,0.129,6.278,-7.656,-4.478,4.478,-13.793,-13.043
4699,16,-0.907,39.394,23.608,0.000,-0.000,0.000,0.115,6.278,-7.661,-4.478,4.478,-13.793,-13.043
4700,16,-0.907,39.394,23.608,0.000,-0.000,0.000,0.115,6.278,-7.661,-4.478,4.478,-13.793,-13.043
4701,16,-0.907,39.394,23.608,0.000,-0.000,0.000,0.110,6.264,-7.628,-4.478,4.478,-13.793,-13.043
4702,16,-0.907,39.394,23.608,0.000,-0.000,0.000,0.110,6.264,-7.628,-4.478,4.478,-13.793,-13.043
4703,16,-0.907,39.394,23.608,0.000,-0.000,0.000,0.115,6.254,-7.623,-4.478,4.478,-13.793,-13.043
4704,16,-0.907,39.394,23.608,0.000,-0.000,0.000,0.115,6.254,-7.623,-4.478,4.478,-13.793,-13.043
4705,16,-0.907,39.394,23.608,0.000,-0.000,0.000,0.110,6.288,-7.628,-4.478,4.478,-13.793,-13.043
4706,16,-0.907,39.394,23.608,0.000,-0.000,0.000,0.110,6.288,-7.628,-4.478,4.478,-13.793,-13.043
4707,16,-0.907,39.394,23.608,0.000,-0.000,0.000,0.105,6.288,-7.628,-4.478,4.478,-13.793,-13.043
4708,16,-0.902,39.393,23.610,0.000,-0.000,0.000,0.105,6.288,-7.628,-4.479,4.479,-13.791,-13.044
4709,16,-0.902,39.393,23.610,0.000,-0.000,0.000,0.124,6.273,-7.618,-4.479,4.479,-13.791,-13.044
4710,16,-0.902,39.393,23.610,0.000,-0.000,0.000,0.124,6.273,-7.618,-4.479,4.479,-13.791,-13.044
4711,16,-0.902,39.393,23.610,0.000,-0.000,0.000,0.144,6.264,-7.637,-4.479,4.479,-13.791,-13.044
4712,16,-0.902,39.393,23.610,0.000,-0.000,0.000,0.144,6.264,-7.637,-4.479,4.479,-13.791,-13.044
4713,16,-0.902,39.393,23.610,0.000,-0.000,0.000,0.110,6.278,-7.647,-4.479,4.479,-13.791,-13.044
4714,16,-0.902,39.393,23.610,0.000,-0.000,0.000,0.110,6.278,-7.647,-4.479,4.479,-13.791,-13.044
4715,16,-0.902,39.393,23.610,0.000,-0.000,0.000,0.129,6.292,-7.642,-4.479,4.479,-13.791,-13.044
4716,16,-0.902,39.393,23.610,0.000,-0.000,0.000,0.129,6.292,-7.642,-4.479,4.479,-13.791,-13.044
4717,16,-0.902,39.393,23.610,0.000,-0.000,0.000,0.134,6.269,-7.628,-4.479,4.479,-13.791,-13.044
4718,16,-0.902,39.393,23.610,0.000,-0.000,0.000,0.134,6.269,-7.628,-4.479,4.479,-13.791,-13.044
4719,16,-0.902,39.397,23.610,0.000,-0.000,0.000,0.105,6.259,-7.618,-4.480,4.480,-13.795,-13.049
4720,16,-0.906,39.397,23.608,0.000,-0.000,0.000,0.105,6.259,-7.618,-4.478,4.478,-13.798,-13.048
4721,16,-0.906,39.397,23.608,0.000,-0.000,0.000,0.120,6.269,-7.632,-4.478,4.478,-13.798,-13.048
4722,16,-0.906,39.397,23.608,0.000,-0.000,0.000,0.120,6.269,-7.632,-4.478,4.478,-13.798,-13.048
4723,16,-0.906,39.397,23.608,0.000,-0.000,0.000,0.100,6.288,-7.623,-4.478,4.478,-13.798,-13.048
4724,16,-0.902,39.397,23.610,0.000,-0.000,0.000,0.100,6.288,-7.623,-4.480,4.480,-13.795,-13.049
4725,16,-0.902,39.397,23.610,0.000,-0.000,0.000,0.100,6.225,-7.604,-4.480,4.480,-13.795,-13.049
4726,16,-0.902,39.397,23.610,0.000,-0.000,0.000,0.100,6.225,-7.604,-4.480,4.480,-13.795,-13.049
4727,16,-0.901,39.398,23.611,0.001,0.003,0.000,0.139,6.340,-7.714,-4.480,4.480,-13.797,-13.051
4728,16,-0.900,39.401,23.611,0.001,0.003,0.000,0.139,6.340,-7.714,-4.486,4.486,-13.847,-13.101
4729,16,-0.906,39.397,23.608,-0.004,-0.006,0.000,0.163,6.259,-7.690,-4.457,4.457,-13.706,-12.957
4730,16,-0.907,39.394,23.608,-0.004,-0.006,0.000,0.163,6.259,-7.690,-4.457,4.457,-13.702,-12.952
4731,16,-0.905,39.394,23.612,-0.003,-0.000,0.000,0.096,6.259,-7.541,-4.457,4.457,-13.701,-12.953
4732,16,-0.910,39.391,23.611,-0.003,-0.000,0.000,0.096,6.259,-7.541,-4.461,4.461,-13.791,-13.038
4733,16,-0.910,39.391,23.611,0.001,-0.002,0.000,0.081,6.307,-7.594,-4.482,4.482,-13.760,-13.008
4734,16,-0.910,39.391,23.611,0.001,-0.002,0.000,0.081,6.307,-7.594,-4.482,4.482,-13.760,-13.008
4735,16,-0.906,39.391,23.612,0.004,0.004,0.000,0.220,6.321,-7.632,-4.483,4.483,-13.758,-13.009
4736,16,-0.905,39.398,23.609,0.004,0.004,0.000,0.220,6.321,-7.632,-4.501,4.501,-13.863,-13.108
4737,16,-0.907,39.394,23.608,0.000,-0.005,0.000,0.163,6.254,-7.714,-4.478,4.478,-13.717,-12.967
4738,16,-0.907,39.394,23.608,0.000,-0.005,0.000,0.163,6.254,-7.714,-4.478,4.478,-13.717,-12.967
4739,16,-0.907,39.391,23.608,0.000,0.001,0.000,-0.010,6.206,-7.680,-4.478,4.478,-13.713,-12.963
4740,16,-0.907,39.394,23.608,0.000,0.001,0.000,-0.010,6.206,-7.680,-4.478,4.478,-13.809,-13.059
4741,16,-0.907,39.391,23.608,0.000,-0.002,0.000,0.211,6.216,-7.565,-4.478,4.478,-13.759,-13.008
4742,16,-0.907,39.391,23.608,0.000,-0.002,0.000,0.211,6.216,-7.565,-4.478,4.478,-13.759,-13.008
4743,16,-0.907,39.383,23.604,0.001,-0.012,0.005,0.100,6.752,-7.340,-4.544,4.544,-13.886,-12.868
4744,16,-0.908,39.380,23.603,0.001,-0.012,0.005,0.100,6.752,-7.340,-4.549,4.549,-13.738,-12.723
4745,16,-0.871,39.243,23.614,0.058,-0.259,-0.018,0.866,8.321,-6.493,-4.547,4.547,-9.406,-9.603
4746,16,-0.819,39.170,23.632,0.058,-0.259,-0.018,0.866,8.321,-6.493,-4.562,4.562,-9.278,-9.523
4747,16,-0.769,38.905,23.675,0.019,-0.331,-0.032,-1.125,0.833,-11.006,-4.385,4.385,-8.712,-9.658
4748,16,-0.774,38.717,23.682,0.019,-0.331,-0.032,-1.125,0.833,-11.006,-4.209,4.209,-7.232,-8.205
4749,16,-0.768,38.912,23.682,0.010,0.361,-0.004,0.345,9.264,-5.819,-4.507,4.507,-18.084,-17.695
4750,16,-0.782,39.016,23.676,0.010,0.361,-0.004,0.345,9.264,-5.819,-4.504,4.504,-18.242,-17.834
4751,16,-0.780,39.020,23.681,-0.063,-0.331,0.011,0.120,3.015,-9.661,-4.691,4.691,-18.620,-17.468
4752,16,-0.832,38.714,23.681,-0.063,-0.331,0.011,0.120,3.015,-9.661,-4.303,4.303,-8.288,-7.142
4753,16,-1.381,40.193,23.170,-0.393,2.458,0.639,1.086,53.780,8.116,-10.383,10.383,-66.265,-33.066
4754,16,-2.052,41.024,22.755,-0.393,2.458,0.639,1.086,53.780,8.116,-10.228,10.228,-67.825,-33.868
4755,16,-1.822,42.086,22.845,0.025,0.168,-0.212,1.139,152.173,-8.077,0.336,-0.336,-47.807,-56.401
4756,16,-1.724,42.397,22.937,0.025,0.168,-0.212,1.139,152.173,-8.077,-1.883,1.883,-15.954,-24.253
4757,16,-2.017,42.656,22.645,-0.164,0.043,0.364,4.302,150.259,-0.718,-8.016,8.016,-28.918,-8.438
4758,16,-2.293,42.808,22.448,-0.164,0.043,0.364,4.302,150.259,-0.718,-7.960,7.960,-29.302,-8.480
4759,16,-2.285,42.894,22.439,-0.116,-0.544,-0.206,-0.201,128.046,-3.565,-0.842,0.842,-15.181,-22.847
4760,16,-2.208,42.815,22.695,-0.116,-0.544,-0.206,-0.201,128.046,-3.565,-1.158,1.158,-6.814,-14.213
4761,16,-1.131,42.265,22.965,2.236,-1.316,0.005,-2.163,73.667,1.397,-15.725,15.725,0.528,2.024
4762,16,-0.013,41.901,23.325,2.236,-1.316,0.005,-2.163,73.667,1.397,-15.993,15.993,1.652,1.932
4763,16,0.564,41.234,23.532,2.363,-1.986,-0.415,0.325,0.904,-3.699,-10.884,10.884,13.413,-7.920
4764,16,2.459,39.787,24.386,2.363,-1.986,-0.415,0.325,0.904,-3.699,-12.274,12.274,25.305,3.465
4765,16,3.559,38.635,24.921,2.143,-2.302,-0.438,0.177,2.345,-1.402,-11.119,11.119,32.870,8.278
4766,16,4.723,37.943,25.388,2.143,-2.302,-0.438,0.177,2.345,-1.402,-11.555,11.555,34.169,8.986
4767,16,5.154,36.904,25.670,2.239,-2.537,-0.533,0.053,2.426,0.239,-11.810,11.810,35.567,10.559
4768,16,6.807,34.961,26.422,2.239,-2.537,-0.533,0.053,2.426,0.239,-11.967,11.967,44.002,14.423
4769,16,7.822,33.630,26.912,2.239,-2.537,-0.533,0.067,2.503,1.220,-12.588,12.588,45.664,16.559
4770,16,8.871,32.819,27.327,1.989,-2.645,-0.636,0.067,2.503,1.220,-10.642,10.642,50.794,16.820
4771,16,10.210,30.748,28.229,1.867,-2.542,-0.701,0.421,2.479,3.077,-11.033,11.033,52.084,19.017
4772,16,10.472,29.621,28.381,1.867,-2.542,-0.701,0.421,2.479,3.077,-10.648,10.648,54.194,19.491
4773,16,11.357,28.418,28.853,1.867,-2.542,-0.701,0.488,2.172,3.909,-11.396,11.396,55.271,21.782
4774,16,12.376,27.734,29.207,2.090,-2.172,-0.663,0.488,2.172,3.909,-13.718,13.718,49.542,18.842
4775,16,13.815,26.162,30.076,2.166,-1.811,-0.704,0.407,2.082,4.039,-14.190,14.190,50.299,20.721
4776,16,14.207,25.452,30.258,2.166,-1.811,-0.704,0.407,2.082,4.039,-15.300,15.300,46.976,17.361
4777,16,15.186,24.660,30.756,2.166,-1.811,-0.704,0.569,2.067,3.967,-16.030,16.030,47.329,19.135
4778,16,15.679,24.314,31.018,2.194,-1.459,-0.747,0.569,2.067,3.967,-15.815,15.815,43.484,13.853
4779,16,17.703,23.190,32.061,2.272,-1.127,-0.742,0.675,2.096,4.000,-16.182,16.182,43.655,15.493
4780,16,18.202,22.873,32.331,2.272,-1.127,-0.742,0.675,2.096,4.000,-17.126,17.126,38.741,12.799
4781,16,19.243,22.460,32.858,2.272,-1.127,-0.742,0.727,2.058,4.158,-17.452,17.452,38.584,13.949
4782,16,20.256,22.148,33.195,2.356,-0.836,-0.706,0.727,2.058,4.158,-18.620,18.620,33.288,11.643
4783,16,20.835,21.972,33.645,2.418,-0.567,-0.649,0.837,2.163,3.670,-18.793,18.793,33.137,12.182
4784,16,22.471,21.730,34.428,2.418,-0.567,-0.649,0.837,2.163,3.670,-20.532,20.532,26.471,11.236
4785,16,23.613,21.662,34.950,2.418,-0.567,-0.649,0.885,2.168,3.110,-20.431,20.431,26.823,11.185
4786,16,24.208,21.668,35.209,2.599,-0.274,-0.577,0.885,2.168,3.110,-22.325,22.325,20.603,8.918
4787,16,25.400,21.688,35.726,2.836,-0.001,-0.463,0.938,2.244,2.402,-22.511,22.511,20.100,9.160
4788,16,27.388,21.976,36.494,2.836,-0.001,-0.463,0.938,2.244,2.402,-25.361,25.361,12.880,8.608
4789,16,28.749,22.247,36.989,2.836,-0.001,-0.463,0.957,2.421,1.459,-25.320,25.320,11.937,7.501
4790,16,29.449,22.423,37.233,2.969,0.241,-0.314,0.957,2.421,1.459,-27.844,27.844,4.482,7.479
4791,16,30.854,22.771,37.723,3.018,0.425,-0.156,0.938,2.546,0.311,-27.818,27.818,3.972,6.868
4792,16,32.994,23.491,38.423,3.018,0.425,-0.156,0.938,2.546,0.311,-30.269,30.269,-4.457,7.263
4793,16,34.398,24.023,38.871,3.018,0.425,-0.156,0.914,2.555,-0.656,-29.627,29.627,-3.605,5.545
4794,16,35.088,24.320,39.094,2.941,0.576,0.015,0.914,2.555,-0.656,-31.233,31.233,-10.150,6.958
4795,16,36.475,24.898,39.538,2.716,0.757,0.183,0.828,2.536,-1.833,-30.940,30.940,-10.343,5.593
4796,16,38.369,25.945,40.201,2.716,0.757,0.183,0.828,2.536,-1.833,-31.717,31.717,-18.450,5.087
4797,16,39.528,26.692,40.661,2.716,0.757,0.183,0.699,2.622,-3.302,-30.756,30.756,-17.024,2.673
4798,16,40.055,27.088,40.902,2.312,0.958,0.325,0.699,2.622,-3.302,-30.213,30.213,-23.308,2.314
4799,16,41.124,27.860,41.390,1.781,1.177,0.414,0.608,2.689,-4.287,-29.630,29.630,-23.021,0.265
4800,16,42.330,29.146,42.216,1.781,1.177,0.414,0.608,2.689,-4.287,-27.543,27.543,-29.195,-3.646
4801,16,43.002,30.010,42.810,1.781,1.177,0.414,0.589,2.661,-4.431,-26.327,26.327,-27.169,-6.485
4802,16,43.265,30.456,43.128,1.185,1.366,0.469,0.589,2.661,-4.431,-23.641,23.641,-30.921,-9.047
4803,16,43.805,31.324,43.765,0.638,1.547,0.507,0.660,2.742,-5.417,-22.886,22.886,-30.301,-11.448
4804,16,44.230,32.696,44.825,0.638,1.547,0.507,0.660,2.742,-5.417,-19.956,19.956,-34.474,-16.410
4805,16,44.419,33.633,45.570,0.638,1.547,0.507,0.593,2.905,-6.924,-18.598,18.598,-32.118,-19.488
4806,16,44.461,34.116,45.961,0.147,1.775,0.569,0.593,2.905,-6.924,-16.489,16.489,-36.556,-22.540
4807,16,44.564,35.068,46.752,-0.214,2.022,0.634,0.488,3.359,-8.570,-15.644,15.644,-35.827,-25.190
4808,16,44.522,36.632,48.060,-0.214,2.022,0.634,0.488,3.359,-8.570,-13.892,13.892,-41.745,-30.894
4809,16,44.462,37.713,48.983,-0.214,2.022,0.634,0.301,3.728,-10.269,-12.329,12.329,-39.035,-34.437
4810,16,44.411,38.281,49.466,-0.529,2.282,0.707,0.301,3.728,-10.269,-11.175,11.175,-44.178,-37.888
4811,16,43.596,40.262,51.106,-1.059,2.637,0.771,0.014,4.192,-12.188,-10.196,10.196,-43.368,-40.997
4812,16,43.944,41.313,52.121,-1.059,2.637,0.771,0.014,4.192,-12.188,-6.716,6.716,-48.786,-49.743
4813,16,43.658,42.643,53.334,-1.059,2.637,0.771,-0.196,4.321,-12.408,-5.593,5.593,-47.955,-53.406
4814,16,43.498,43.346,53.988,-1.498,2.976,0.786,-0.196,4.321,-12.408,-2.996,2.996,-52.758,-59.820
4815,16,43.198,44.737,55.298,-1.781,3.352,0.766,-0.301,4.187,-13.030,-1.830,1.830,-51.924,-63.648
4816,16,42.813,47.039,57.611,-1.781,3.352,0.766,-0.301,4.187,-13.030,1.788,-1.788,-55.358,-75.889
4817,16,42.727,48.638,59.308,-1.781,3.352,0.766,-0.263,3.254,-13.958,3.194,-3.194,-54.212,-80.365
4818,16,42.757,49.470,60.226,-1.745,3.740,0.732,-0.263,3.254,-13.958,4.197,-4.197,-58.223,-89.112
4819,16,42.226,52.316,63.171,-1.662,3.858,0.708,-0.383,2.862,-12.135,5.738,-5.738,-56.776,-93.828
4820,16,43.412,53.630,65.176,-1.662,3.858,0.708,-0.383,2.862,-12.135,8.123,-8.123,-55.176,-103.431
4821,16,43.902,55.245,67.289,-1.662,3.858,0.708,-0.321,3.043,-11.834,9.836,-9.836,-53.131,-108.240
4822,16,44.191,56.024,68.368,-1.564,3.725,0.663,-0.321,3.043,-11.834,10.781,-10.781,-48.989,-109.835
4823,16,44.609,58.668,71.698,-1.224,3.643,0.647,-0.110,3.225,-11.231,12.287,-12.287,-47.145,-114.015
4824,16,46.336,59.785,74.077,-1.224,3.643,0.647,-0.110,3.225,-11.231,10.787,-10.787,-46.783,-114.452
4825,16,47.598,61.202,76.501,-1.224,3.643,0.647,-0.062,3.259,-11.374,10.787,-10.787,-46.783,-114.452
4826,16,48.337,61.885,77.741,-0.715,3.510,0.656,-0.062,3.259,-11.374,8.121,-8.121,-45.120,-112.310
4827,16,49.952,63.229,80.349,-0.019,3.377,0.693,-0.110,3.287,-10.958,8.121,-8.121,-45.120,-112.310
4828,16,53.126,65.116,84.379,-0.019,3.377,0.693,-0.110,3.287,-10.958,4.177,-4.177,-44.150,-109.476
4829,16,55.615,66.299,87.226,-0.019,3.377,0.693,-0.215,3.393,-10.834,4.177,-4.177,-43.481,-108.807
4830,16,56.993,66.868,88.677,0.673,3.220,0.770,-0.215,3.393,-10.834,-0.244,0.244,-42.511,-104.002
4831,16,59.945,67.958,91.775,1.191,3.046,0.833,-0.584,3.455,-11.169,-0.244,0.244,-40.890,-102.381
4832,16,64.938,69.441,96.508,1.191,3.046,0.833,-0.584,3.455,-11.169,-3.618,3.618,-40.381,-98.729
4833,16,67.378,70.220,98.813,1.191,3.046,0.833,-1.053,3.661,-11.130,-3.618,3.618,-34.880,-93.228
4834,16,70.277,70.721,101.460,1.369,2.788,0.871,-1.053,3.661,-11.130,-4.987,4.987,-29.780,-86.210
4835,16,74.072,71.473,104.960,1.324,2.500,0.842,-1.426,3.737,-10.264,-4.987,4.987,-26.570,-83.000
4836,16,79.496,72.375,109.941,1.324,2.500,0.842,-1.426,3.737,-10.264,-4.390,4.390,-20.893,-78.815
4837,16,82.226,72.852,112.445,1.324,2.500,0.842,-1.536,3.890,-9.857,-4.390,4.390,-14.296,-72.218
4838,16,84.951,73.056,114.956,1.288,2.269,0.757,-1.536,3.890,-9.857,-3.157,3.157,-6.270,-68.400
4839,16,88.649,73.411,118.360,1.163,2.003,0.648,-1.775,3.938,-9.747,-3.157,3.157,-2.676,-64.806
4840,16,93.498,73.738,122.847,1.163,2.003,0.648,-1.775,3.938,-9.747,-1.162,1.162,5.024,-62.592
4841,16,95.885,73.895,125.100,1.163,2.003,0.648,-2.115,4.144,-9.350,-1.162,1.162,11.022,-56.594
4842,16,97.852,73.884,126.963,0.913,1.762,0.491,-2.115,4.144,-9.350,2.047,-2.047,20.315,-55.131
4843,16,100.556,73.910,129.548,0.523,1.549,0.257,-2.149,4.125,-9.049,2.047,-2.047,22.979,-52.466
4844,16,103.501,73.739,132.624,0.523,1.549,0.257,-2.149,4.125,-9.049,6.926,-6.926,32.382,-54.782
4845,16,104.768,73.570,134.112,0.523,1.549,0.257,-2.110,4.216,-8.757,6.926,-6.926,35.910,-51.253
4846,16,105.559,73.410,135.042,0.069,1.321,-0.020,-2.110,4.216,-8.757,12.657,-12.657,46.811,-54.201
4847,16,106.614,73.144,136.413,-0.554,1.091,-0.322,-2.091,4.273,-8.355,12.657,-12.657,47.743,-53.269
4848,16,106.748,72.548,137.517,-0.554,1.091,-0.322,-2.091,4.273,-8.355,19.541,-19.541,57.850,-58.235
4849,16,106.544,72.092,138.065,-0.554,1.091,-0.322,-1.799,4.158,-7.695,19.541,-19.541,58.179,-57.906
4850,16,106.177,71.851,138.141,-0.993,0.903,-0.584,-1.799,4.158,-7.695,25.011,-25.011,66.993,-62.195
4851,16,105.578,71.352,138.415,-1.189,0.789,-0.718,-1.617,4.177,-7.575,25.011,-25.011,66.289,-62.899
4852,16,104.203,70.528,138.500,-1.189,0.789,-0.718,-1.617,4.177,-7.575,27.669,-27.669,69.779,-66.120
4853,16,103.285,69.931,138.548,-1.189,0.789,-0.718,-1.603,4.398,-7.608,27.669,-27.669,68.790,-67.110
4854,16,102.309,69.671,138.114,-1.331,0.478,-0.865,-1.603,4.398,-7.608,30.215,-30.215,75.966,-67.284
4855,16,100.921,69.088,137.751,-1.339,0.075,-0.996,-1.589,4.417,-7.015,30.215,-30.215,74.593,-68.657
4856,16,98.039,68.163,136.347,-1.339,0.075,-0.996,-1.589,4.417,-7.015,31.895,-31.895,80.917,-68.884
4857,16,96.482,67.470,135.676,-1.339,0.075,-0.996,-1.526,4.350,-6.556,31.895,-31.895,79.461,-70.340
4858,16,94.931,67.176,134.643,-1.276,-0.272,-1.113,-1.526,4.350,-6.556,33.046,-33.046,85.964,-69.696
4859,16,92.844,66.487,133.470,-0.984,-0.573,-1.250,-1.526,4.316,-6.130,33.046,-33.046,84.126,-71.534
4860,16,89.588,65.323,131.279,-0.984,-0.573,-1.250,-1.388,4.316,-6.130,33.291,-33.291,90.677,-71.801
4861,16,88.005,64.467,130.211,-0.984,-0.573,-1.250,-1.282,4.297,-5.929,33.291,-33.291,87.813,-74.664
4862,16,86.499,64.051,129.016,-0.611,-0.861,-1.358,-1.282,4.297,-5.929,32.785,-32.785,93.453,-74.458
4863,16,84.570,63.159,127.558,-0.164,-1.145,-1.449,-1.282,4.177,-5.972,32.785,-32.785,92.013,-75.898
4864,16,81.835,61.686,125.095,-0.164,-1.145,-1.449,-1.177,4.177,-5.972,31.680,-31.680,98.107,-74.331
4865,16,80.606,60.652,123.864,-0.164,-1.145,-1.449,-1.297,4.302,-5.790,31.680,-31.680,95.759,-76.679
4866,16,79.353,60.100,122.677,0.151,-1.384,-1.537,-1.297,4.302,-5.790,31.208,-31.208,100.602,-76.256
4867,16,77.209,57.976,120.012,0.467,-1.612,-1.648,-1.297,4.230,-5.235,31.208,-31.208,99.823,-77.035
4868,16,75.789,57.182,118.755,0.467,-1.612,-1.648,-1.182,4.230,-5.235,31.017,-31.017,105.026,-77.373
4869,16,75.007,55.951,117.557,0.467,-1.612,-1.648,-1.215,4.230,-4.857,31.017,-31.017,104.938,-77.461
4870,16,74.085,55.260,116.491,0.817,-1.790,-1.744,-1.215,4.230,-4.857,30.463,-30.463,109.563,-77.629
4871,16,72.921,52.675,114.054,1.123,-1.909,-1.876,-1.215,4.154,-4.819,30.463,-30.463,109.489,-77.703
4872,16,71.997,51.811,113.016,1.123,-1.909,-1.876,-1.364,4.154,-4.819,30.585,-30.585,115.980,-77.816
4873,16,71.764,50.402,112.006,1.123,-1.909,-1.876,-1.349,4.154,-4.776,29.905,-29.905,113.863,-77.215
4874,16,71.285,49.600,111.193,1.440,-1.914,-2.018,-1.349,4.154,-4.776,29.065,-29.065,115.553,-78.513
4875,16,70.965,48.105,110.073,1.745,-1.851,-2.150,-1.349,4.125,-4.819,27.237,-27.237,112.413,-74.340
4876,16,70.948,45.778,108.618,1.745,-1.851,-2.150,-1.402,4.125,-4.819,24.806,-24.806,111.488,-71.634
4877,16,71.278,44.257,107.889,1.745,-1.851,-2.150,-1.354,4.115,-4.618,22.810,-22.810,107.542,-67.597
4878,16,71.253,43.425,107.364,2.015,-1.744,-2.271,-1.354,4.115,-4.618,21.983,-21.983,107.420,-69.822
4879,16,72.207,40.367,105.932,2.254,-1.606,-2.384,-1.354,4.110,-4.369,20.142,-20.142,104.530,-65.349
4880,16,72.407,39.468,105.646,2.254,-1.606,-2.384,-1.373,4.110,-4.369,17.571,-17.571,101.060,-63.305
4881,16,73.165,37.912,105.152,2.254,-1.606,-2.384,-1.440,4.053,-4.201,15.752,-15.752,98.229,-58.859
4882,16,73.489,37.096,104.851,2.478,-1.431,-2.467,-1.440,4.053,-4.201,14.708,-14.708,96.259,-61.131
4883,16,74.282,35.529,104.362,2.666,-1.283,-2.518,-1.440,3.938,-4.130,12.854,-12.854,93.288,-56.685
4884,16,75.728,33.192,103.767,2.666,-1.283,-2.518,-1.493,3.938,-4.130,9.763,-9.763,87.889,-53.491
4885,16,76.772,31.663,103.421,2.666,-1.283,-2.518,-1.550,3.953,-3.962,7.921,-7.921,84.784,-49.226
4886,16,77.306,30.894,103.251,2.810,-1.120,-2.544,-1.550,3.953,-3.962,6.588,-6.588,81.491,-50.064
4887,16,78.393,29.387,102.916,2.810,-0.935,-2.544,-1.550,3.953,-3.857,4.747,-4.747,78.265,-45.924
4888,16,80.206,27.178,102.546,2.936,-0.935,-2.547,-1.589,3.953,-3.857,1.433,-1.433,70.771,-42.678
4889,16,81.404,25.719,102.320,2.936,-0.935,-2.547,-1.603,3.909,-3.651,-0.383,0.383,67.368,-38.819
4890,16,82.037,25.017,102.254,2.902,-0.723,-2.550,-1.603,3.909,-3.651,-1.050,1.050,62.737,-40.101
4891,16,84.162,22.385,101.691,2.754,-0.464,-2.546,-1.603,3.838,-3.393,-2.831,2.831,59.261,-36.451
4892,16,85.039,21.522,101.993,2.754,-0.464,-2.546,-1.522,3.838,-3.393,-4.753,4.753,50.210,-34.853
4893,16,86.162,20.144,101.980,2.754,-0.464,-2.546,-1.345,3.785,-3.292,-6.486,6.486,46.637,-31.491
4894,16,86.768,19.495,102.058,2.585,-0.132,-2.519,-1.345,3.785,-3.292,-6.796,6.796,39.491,-34.034
4895,16,87.896,18.168,102.137,2.346,0.223,-2.458,-1.345,3.598,-3.374,-8.466,8.466,35.926,-30.919
4896,16,89.453,16.249,102.524,2.346,0.223,-2.458,-1.158,3.598,-3.374,-10.454,10.454,23.383,-30.715
4897,16,90.332,14.976,102.834,2.346,0.223,-2.458,-1.258,3.522,-3.163,-12.039,12.039,20.575,-27.182
4898,16,90.764,14.375,103.077,1.870,0.591,-2.402,-1.258,3.522,-3.163,-11.100,11.100,12.255,-29.735
4899,16,91.548,13.142,103.499,1.385,0.954,-2.383,-1.258,3.307,-2.713,-12.635,12.635,8.838,-27.012
4900,16,92.359,11.304,104.422,1.385,0.954,-2.383,-1.244,3.307,-2.713,-12.714,12.714,-2.551,-28.390
4901,16,92.424,10.392,104.823,1.385,0.954,-2.383,-1.359,3.431,-3.292,-13.877,13.877,-4.202,-25.392
4902,16,92.696,9.474,105.521,0.552,1.301,-2.379,-1.359,3.431,-3.292,-10.275,10.275,-10.463,-29.400
4903,16,92.757,8.256,106.318,-0.502,1.482,-2.384,-1.359,3.618,-4.058,-10.275,10.275,-10.571,-29.508
4904,16,91.936,6.430,107.689,-0.502,1.482,-2.384,-1.546,3.618,-4.058,-4.941,4.941,-13.806,-33.009
4905,16,91.059,5.559,108.627,-0.502,1.482,-2.384,-1.416,3.699,-4.843,-4.941,4.941,-12.193,-31.396
4906,16,90.216,4.596,109.088,-2.015,1.473,-2.460,-1.416,3.699,-4.843,3.574,-3.574,-9.687,-32.671
4907,16,88.764,3.389,110.061,-3.105,1.441,-2.546,-1.416,3.689,-6.120,3.574,-3.574,-8.764,-31.748
4908,16,85.617,1.559,111.574,-3.105,1.441,-2.546,-1.077,3.689,-6.120,10.101,-10.101,-5.221,-32.520
4909,16,83.750,0.802,112.815,-3.105,1.441,-2.546,-0.952,3.799,-6.876,10.101,-10.101,-2.592,-29.891
4910,16,82.073,-0.245,113.188,-3.732,1.382,-2.616,-0.952,3.799,-6.876,14.112,-14.112,1.360,-29.455
4911,16,79.565,-1.409,114.327,-3.659,1.297,-2.643,-0.952,4.015,-7.273,14.112,-14.112,3.407,-27.408
4912,16,75.833,-3.106,116.083,-3.659,1.297,-2.643,-0.756,4.015,-7.273,14.082,-14.082,7.078,-25.069
4913,16,73.911,-3.674,117.314,-3.659,1.297,-2.643,-0.622,3.929,-7.915,14.082,-14.082,10.165,-21.981
4914,16,72.370,-4.735,117.950,-3.111,1.242,-2.688,-0.622,3.929,-7.915,11.899,-11.899,13.644,-20.739
4915,16,70.138,-5.778,119.253,-2.118,1.250,-2.698,-0.622,3.608,-7.814,11.899,-11.899,15.815,-18.568
4916,16,67.597,-7.275,121.305,-2.118,1.250,-2.698,-0.388,3.608,-7.814,7.068,-7.068,17.055,-17.861
4917,16,66.347,-7.755,122.370,-2.118,1.250,-2.698,-0.163,3.512,-6.833,7.068,-7.068,19.921,-14.994
4918,16,65.642,-8.685,123.426,-1.000,1.234,-2.671,-0.163,3.512,-6.833,1.134,-1.134,20.484,-13.047
4919,16,64.523,-9.586,124.868,0.242,1.242,-2.632,-0.163,3.503,-6.350,1.134,-1.134,21.870,-11.661
4920,16,63.866,-10.864,127.058,0.242,1.242,-2.632,0.010,3.503,-6.350,-5.556,5.556,20.296,-11.317
4921,16,63.489,-11.307,127.917,0.242,1.242,-2.632,0.158,3.618,-6.249,-5.556,5.556,22.542,-9.071
4922,16,63.839,-12.042,129.337,1.456,1.405,-2.562,0.158,3.618,-6.249,-12.507,12.507,18.509,-9.589
4923,16,64.017,-12.801,130.888,2.406,1.761,-2.476,0.158,3.579,-6.383,-12.507,12.507,18.717,-9.381
4924,16,65.002,-13.763,133.460,2.406,1.761,-2.476,0.163,3.579,-6.383,-18.336,18.336,9.011,-14.773
4925,16,65.276,-14.031,134.372,2.406,1.761,-2.476,0.182,3.464,-6.618,-18.336,18.336,10.879,-12.905
4926,16,66.426,-14.633,136.177,3.332,2.085,-2.360,0.182,3.464,-6.618,-24.416,24.416,2.519,-15.459
4927,16,67.511,-15.208,138.034,3.332,2.085,-2.360,0.182,3.464,-6.618,-24.416,24.416,1.708,-16.270
4928,16,69.472,-16.009,140.930,4.045,2.348,-2.222,0.057,3.493,-6.852,-29.697,29.697,-9.460,-20.568
4929,16,70.211,-16.150,141.951,4.045,2.348,-2.222,0.057,3.493,-6.852,-29.697,29.697,-7.799,-18.906
4930,16,71.641,-16.789,143.941,4.374,2.348,-2.094,-0.077,3.388,-6.690,-32.941,32.941,-12.224,-16.939
4931,16,73.159,-17.287,146.037,4.374,2.650,-2.094,-0.077,3.388,-6.690,-32.941,32.941,-17.947,-22.662
4932,16,75.474,-18.004,149.313,4.590,2.942,-1.944,-0.148,3.412,-6.876,-35.449,35.449,-30.791,-27.997
4933,16,76.344,-17.976,150.564,4.590,2.942,-1.944,-0.148,3.412,-6.876,-35.449,35.449,-28.999,-26.205
4934,16,77.806,-18.710,152.732,4.776,2.942,-1.776,-0.297,3.431,-7.149,-37.553,37.553,-34.591,-23.381
4935,16,79.370,-19.165,155.115,4.776,3.271,-1.776,-0.297,3.431,-7.149,-37.553,37.553,-40.878,-29.668
4936,16,81.804,-19.798,158.803,5.076,3.536,-1.549,-0.402,3.359,-7.833,-40.389,40.389,-55.934,-33.379
4937,16,82.827,-19.598,160.345,5.076,3.536,-1.549,-0.402,3.359,-7.833,-40.389,40.389,-53.992,-31.437
4938,16,84.263,-20.426,162.590,5.154,3.536,-1.332,-0.718,3.287,-8.140,-43.105,43.105,-60.906,-27.485
4939,16,85.881,-20.832,165.179,5.154,3.755,-1.332,-0.718,3.287,-8.140,-43.105,43.105,-65.794,-32.373
4940,16,88.194,-21.442,169.166,5.100,3.972,-1.146,-1.029,3.240,-8.709,-45.422,45.422,-79.409,-36.720
4941,16,89.257,-21.144,170.995,5.100,3.972,-1.146,-1.029,3.240,-8.709,-45.422,45.422,-77.266,-34.577
4942,16,90.312,-22.086,173.248,4.752,3.972,-1.016,-1.512,3.287,-8.618,-47.047,47.047,-81.693,-32.507
4943,16,91.544,-22.528,176.025,4.752,4.158,-1.016,-1.512,3.287,-8.618,-47.047,47.047,-85.740,-36.553
4944,16,92.961,-23.224,-179.712,4.140,4.337,-0.941,-1.900,3.225,-9.020,-46.190,46.190,-95.381,-42.413
4945,16,93.652,-22.922,-177.642,4.140,4.337,-0.941,-1.900,3.225,-9.020,-46.190,46.190,-92.598,-39.629
4946,16,93.890,-23.967,-175.376,3.328,4.337,-0.965,-2.115,3.259,-9.192,-41.825,41.825,-92.317,-40.573
4947,16,94.154,-24.487,-172.440,3.328,4.463,-0.965,-2.115,3.259,-9.192,-41.825,41.825,-94.464,-42.721
4948,16,93.990,-25.295,-167.978,2.468,4.552,-1.025,-2.216,3.240,-9.451,-36.781,36.781,-97.788,-49.027
4949,16,94.003,-25.040,-165.838,2.468,4.552,-1.025,-2.216,3.240,-9.451,-36.781,36.781,-94.092,-45.331
4950,16,93.272,-26.106,-163.486,1.592,4.552,-1.156,-2.182,3.244,-9.355,-30.760,30.760,-90.011,-47.802
4951,16,92.430,-26.642,-160.489,1.592,4.533,-1.156,-2.182,3.244,-9.355,-30.760,30.760,-88.757,-46.547
4952,16,90.619,-27.439,-156.040,0.658,4.423,-1.324,-2.043,3.249,-9.585,-23.990,23.990,-84.469,-50.676
4953,16,89.947,-27.237,-154.090,0.658,4.423,-1.324,-2.043,3.249,-9.585,-23.990,23.990,-80.019,-46.225
4954,16,88.258,-28.178,-151.625,-0.257,4.423,-1.519,-1.952,3.211,-9.719,-16.978,16.978,-73.094,-49.048
4955,16,86.333,-28.641,-148.720,-0.257,4.274,-1.519,-1.952,3.211,-9.719,-16.978,16.978,-68.605,-44.559
4956,16,82.987,-29.292,-144.385,-1.054,4.142,-1.760,-1.809,3.273,-9.738,-9.985,9.985,-60.111,-48.102
4957,16,81.726,-29.146,-142.726,-1.054,4.142,-1.760,-1.809,3.273,-9.738,-9.985,9.985,-55.034,-43.025
4958,16,79.305,-29.840,-140.068,-1.402,4.142,-1.998,-1.632,3.287,-9.944,-5.260,5.260,-46.016,-45.938
4959,16,75.431,-30.284,-135.785,-1.402,3.959,-1.998,-1.632,3.287,-9.944,-5.260,5.260,-40.175,-40.096
4960,16,72.867,-30.598,-133.021,-1.442,3.717,-2.224,-1.416,3.321,-10.336,-2.235,2.235,-26.245,-37.459
4961,16,71.571,-30.543,-131.563,-1.442,3.717,-2.224,-1.416,3.321,-10.336,-2.235,2.235,-24.664,-35.877
4962,16,69.069,-30.929,-128.894,-1.311,3.717,-2.400,-1.168,3.445,-10.690,-0.693,0.693,-17.103,-37.105
4963,16,66.620,-31.113,-126.205,-1.311,3.461,-2.400,-1.168,3.445,-10.690,-0.693,0.693,-10.871,-30.873
4964,16,63.197,-31.326,-122.267,-0.968,3.201,-2.518,-0.780,3.460,-11.011,-0.930,0.930,-4.202,-30.116
4965,16,62.172,-31.338,-120.899,-0.968,3.201,-2.518,-0.780,3.460,-11.011,-0.930,0.930,-4.202,-30.116
4966,16,60.059,-31.458,-118.454,-0.570,3.201,-2.578,-0.785,3.646,-11.097,-2.176,2.176,-2.710,-31.607
4967,16,58.173,-31.524,-116.007,-0.570,2.899,-2.578,-0.785,3.646,-11.097,-2.176,2.176,1.612,-27.285
4968,16,55.577,-31.631,-112.499,-0.331,2.558,-2.638,-0.598,3.737,-11.312,-2.624,2.624,7.973,-23.907
4969,16,54.782,-31.601,-111.336,-0.331,2.558,-2.638,-0.598,3.737,-11.312,-2.624,2.624,7.973,-23.907
4970,16,53.248,-31.730,-109.149,0.056,2.558,-2.664,-0.340,3.862,-10.862,-4.229,4.229,8.639,-24.573
4971,16,51.897,-31.810,-107.016,0.056,2.237,-2.664,-0.340,3.862,-10.862,-4.229,4.229,13.219,-19.992
4972,16,50.172,-31.952,-103.950,0.444,1.965,-2.674,-0.426,3.909,-10.929,-6.048,6.048,17.339,-16.351
4973,16,49.700,-31.920,-102.929,0.444,1.965,-2.674,-0.426,3.909,-10.929,-6.048,6.048,17.339,-16.351
4974,16,48.707,-32.127,-101.011,0.733,1.965,-2.703,-0.632,3.991,-11.829,-7.132,7.132,18.058,-17.070
4975,16,48.113,-32.414,-99.269,0.733,1.686,-2.703,-0.632,3.991,-11.829,-7.132,7.132,22.046,-13.083
4976,16,46.826,-32.605,-96.415,0.958,1.413,-2.756,-0.809,4.067,-12.183,-7.590,7.590,27.288,-10.504
4977,16,46.562,-32.649,-95.512,0.958,1.413,-2.756,-0.809,4.067,-12.183,-7.590,7.590,27.288,-10.504
4978,16,45.944,-33.020,-93.790,1.209,1.413,-2.845,-0.809,4.063,-11.704,-7.729,7.729,29.525,-12.741
4979,16,45.559,-33.427,-92.152,1.209,1.129,-2.845,-0.809,4.063,-11.704,-7.729,7.729,33.573,-8.693
4980,16,44.922,-34.045,-89.627,1.429,0.855,-2.972,-0.847,4.139,-10.925,-7.242,7.242,40.654,-7.951
4981,16,44.809,-34.231,-88.801,1.429,0.855,-2.972,-0.847,4.139,-10.925,-7.242,7.242,40.654,-7.951
4982,16,44.530,-34.843,-87.193,1.767,0.855,-3.113,-0.555,4.053,-10.508,-7.178,7.178,44.169,-11.466
4983,16,44.314,-35.427,-85.531,1.767,0.611,-3.113,-0.555,4.053,-10.508,-7.178,7.178,47.654,-7.981
4984,16,42.186,-30.222,-70.659,10.304,20.960,-9.046,48.153,6.460,-101.536,40.250,-40.250,64.286,-235.714
4985,16,44.742,-25.298,-63.879,10.304,20.960,-9.046,48.153,6.460,-101.536,40.250,-40.250,64.286,-235.714
4986,16,44.137,-22.810,-53.112,10.304,20.960,-5.218,-0.641,36.324,1.072,5.471,-5.471,-5.273,-166.156
4987,16,52.275,-18.653,-40.516,15.206,13.002,-5.218,-0.641,36.324,1.072,5.471,-5.471,-5.273,-166.156
4988,16,56.446,-14.377,-31.823,12.236,15.714,-2.168,0.775,-3.326,-1.349,-32.652,32.652,-81.519,-89.910
4989,16,61.515,-11.629,-27.343,12.236,15.714,-2.168,0.775,-3.326,-1.349,-32.652,32.652,-81.519,-89.910
4990,16,63.323,-8.801,-18.884,10.821,15.714,-0.604,0.598,-2.704,-0.158,-52.200,52.200,-120.614,-50.814
4991,16,70.546,-4.011,-6.167,10.821,15.428,-0.604,0.598,-2.704,-0.158,-52.200,52.200,-120.614,-50.814
4992,16,75.525,-0.994,1.951,10.152,14.872,0.869,-0.153,-0.134,0.493,-70.616,70.616,-157.446,-13.983
4993,16,79.540,0.182,6.020,10.152,14.872,0.869,-0.153,-0.134,0.493,-70.616,70.616,-157.446,-13.983
4994,16,83.694,2.679,14.299,10.152,14.872,2.602,-0.230,-0.775,0.431,-92.281,92.281,-200.775,29.347
4995,16,89.021,2.158,19.902,10.266,14.564,2.602,-0.230,-0.775,0.431,-92.281,92.281,-200.775,29.347
4996,16,99.263,7.273,34.802,10.849,13.778,4.076,0.053,-0.952,-1.392,-109.750,109.750,-235.714,64.286
4997,16,103.023,7.628,38.738,10.849,13.778,4.076,0.053,-0.952,-1.392,-109.750,109.750,-235.714,64.286
4998,16,109.711,8.613,46.888,10.849,13.778,5.421,0.005,-0.876,-1.373,-109.750,109.750,-235.714,64.286
4999,16,116.034,7.368,51.915,11.598,12.651,5.421,0.005,-0.876,-1.373,-109.750,109.750,-235.714,64.286
5000,16,128.513,8.785,66.055,12.239,11.201,6.786,-0.349,-0.986,-1.287,-109.750,109.750,-235.714,64.286
5001,16,132.227,8.584,69.987,12.239,11.201,6.786,-0.349,-0.986,-1.287,-109.750,109.750,-235.714,64.286
5002,16,140.170,7.694,76.819,12.239,11.201,8.033,-0.895,-1.225,-0.684,-109.750,109.750,-235.714,64.286
5003,16,147.393,6.179,81.501,12.701,9.313,8.033,-0.895,-1.225,-0.684,-109.750,109.750,-235.714,64.286
5004,16,159.952,4.818,93.331,13.081,7.292,9.070,-0.928,-1.144,0.048,-109.750,109.750,-235.714,64.286
5005,16,163.853,4.201,97.731,13.081,7.292,9.070,-0.928,-1.144,0.048,-109.750,109.750,-235.714,64.286
5006,16,172.023,2.270,102.518,13.081,7.292,9.921,-0.971,-0.981,0.469,-109.750,109.750,-235.714,64.286
5007,16,-179.964,0.334,107.369,13.335,5.208,9.921,-0.971,-0.981,0.469,-109.750,109.750,-235.714,64.286
5008,16,-168.141,-2.571,117.122,13.516,2.461,10.625,-0.431,-1.220,-0.115,-109.750,109.750,-213.725,86.275
5009,16,-164.132,-4.099,122.550,13.516,2.461,10.625,-0.431,-1.220,-0.115,-109.750,109.750,-213.725,86.275
5010,16,-156.615,-5.826,125.702,13.516,2.461,10.914,-1.378,-1.101,0.947,-109.750,109.750,-213.725,86.275
5011,16,-149.028,-8.041,131.292,13.466,-0.214,10.914,-1.378,-1.101,0.947,-109.750,109.750,-175.513,124.487
5012,16,-140.034,-12.776,139.870,13.202,-2.668,10.583,-1.354,-1.134,1.096,-109.750,109.750,-140.450,159.550
5013,16,-137.212,-15.845,146.062,13.202,-2.668,10.583,-1.354,-1.134,1.096,-109.750,109.750,-140.450,159.550
5014,16,-132.022,-17.469,148.534,13.202,-2.668,10.211,-0.900,-1.244,1.029,-109.750,109.750,-140.450,159.550
5015,16,-127.694,-20.404,154.822,12.565,-4.911,10.211,-0.900,-1.244,1.029,-109.750,109.750,-108.416,191.584
5016,16,-121.241,-24.336,164.604,11.764,-7.091,9.381,-0.928,-1.871,0.952,-109.750,109.750,-76.304,223.696
5017,16,-119.735,-27.733,171.944,11.764,-7.091,9.381,-0.928,-1.871,0.952,-109.750,109.750,-77.265,222.735
5018,16,-115.198,-28.245,175.325,11.764,-7.091,8.343,-0.876,-3.378,0.804,-109.750,109.750,-77.265,222.735
5019,16,-113.415,-30.665,-176.918,10.948,-8.826,8.343,-0.876,-3.378,0.804,-109.750,109.750,-64.286,235.714
5020,16,-110.115,-34.830,-164.869,10.152,-10.420,7.335,-0.986,-0.517,1.067,-101.443,101.443,-47.671,219.100
5021,16,-111.412,-37.851,-156.737,10.152,-10.420,7.335,-0.986,-0.517,1.067,-101.443,101.443,-47.671,219.100
5022,16,-109.484,-38.047,-151.499,10.152,-10.420,6.261,-0.359,0.148,1.096,-88.007,88.007,-20.800,192.228
5023,16,-111.068,-38.704,-142.200,9.968,-11.404,6.261,-0.359,0.148,1.096,-88.007,88.007,-20.800,192.228
5024,16,-111.704,-40.952,-127.187,9.539,-12.083,5.092,-0.479,0.799,1.488,-73.400,73.400,8.415,163.013
5025,16,-112.517,-41.087,-122.175,9.539,-12.083,5.092,-0.479,0.799,1.488,-73.400,73.400,8.415,163.013
5026,16,-114.261,-40.654,-112.211,9.539,-12.083,3.758,-0.852,0.933,1.378,-56.728,56.728,41.758,129.671
5027,16,-116.457,-38.235,-103.531,9.228,-12.564,3.758,-0.852,0.933,1.378,-56.728,56.728,41.758,129.671
5028,16,-117.307,-36.201,-88.708,9.153,-12.974,2.351,-0.809,1.306,0.943,-39.138,39.138,76.938,94.490
5029,16,-117.486,-34.886,-84.339,9.153,-12.974,2.351,-0.809,1.306,0.943,-39.138,39.138,76.938,94.490
5030,16,-117.284,-31.808,-76.019,9.153,-12.974,0.967,-0.651,1.426,0.445,-21.841,21.841,111.533,59.896
5031,16,-115.585,-26.653,-64.348,9.172,-13.209,0.967,-0.651,1.426,0.445,-21.841,21.841,111.533,59.896
5032,16,-113.269,-22.659,-57.208,9.458,-13.270,-0.478,-0.684,1.560,0.268,-3.771,3.771,147.672,23.757
5033,16,-111.835,-20.788,-53.689,9.458,-13.270,-0.478,-0.684,1.560,0.268,-3.771,3.771,147.672,23.757
5034,16,-108.454,-17.008,-46.826,9.458,-13.270,-1.889,2.728,5.359,1.306,13.859,-13.859,182.932,-11.504
5035,16,-102.842,-11.698,-36.249,9.949,-12.951,-1.889,2.728,5.359,1.306,13.859,-13.859,182.932,-11.504
5036,16,-107.226,-8.415,-32.509,-6.395,-7.422,-3.324,88.535,99.182,29.893,91.795,-91.795,218.805,-47.376
5037,16,-109.311,-6.685,-30.734,-6.395,-7.422,-3.324,88.535,99.182,29.893,91.795,-91.795,218.805,-47.376
5038,16,-110.738,-3.490,-29.239,-6.395,-7.422,-4.411,-5.029,5.996,0.091,100.250,-100.250,235.714,-64.286
5039,16,-109.034,0.741,-29.746,2.060,-0.777,-4.411,-5.029,5.996,0.091,67.449,-67.449,146.446,-153.554
5040,16,-107.120,3.664,-29.996,3.508,-0.787,-4.600,1.857,3.187,-0.952,60.210,-60.210,150.526,-149.474
5041,16,-106.169,5.122,-30.083,3.508,-0.787,-4.600,1.857,3.187,-0.952,60.210,-60.210,151.635,-148.365
5042,16,-104.225,8.028,-30.382,3.508,-0.787,-4.600,-0.148,0.445,0.627,60.210,-60.210,153.710,-146.290
5043,16,-101.274,12.377,-30.941,3.772,-0.141,-4.751,-0.148,0.445,0.627,58.889,-58.889,145.898,-154.102
5044,16,-99.490,15.247,-31.578,3.639,0.490,-4.824,0.785,-0.335,0.608,59.555,-59.555,139.562,-160.438
5045,16,-98.604,16.683,-31.867,3.639,0.490,-4.824,0.785,-0.335,0.608,59.555,-59.555,140.178,-159.822
5046,16,-97.042,19.461,-32.603,3.639,0.490,-4.824,1.369,0.632,0.234,57.926,-57.926,137.906,-155.578
5047,16,-95.043,23.499,-33.933,3.205,1.229,-4.590,1.369,0.632,0.234,54.696,-54.696,117.167,-154.726
5048,16,-94.080,25.832,-35.174,2.912,1.914,-4.010,1.479,1.421,-0.033,43.506,-43.506,82.865,-138.406
5049,16,-93.618,27.000,-35.792,2.912,1.914,-4.010,1.479,1.421,-0.033,42.051,-42.051,80.109,-135.343
5050,16,-92.903,29.004,-37.171,2.912,1.914,-4.010,2.316,5.201,-0.115,39.552,-39.552,75.310,-130.148
5051,16,-92.123,30.132,-38.014,2.527,2.447,-2.841,2.316,5.201,-0.115,25.465,-25.465,35.748,-105.646
5052,16,-91.912,32.548,-40.957,2.200,2.349,-1.679,1.407,13.059,0.703,9.553,-9.553,2.170,-69.039
5053,16,-91.784,33.073,-41.698,2.200,2.349,-1.679,1.407,13.059,0.703,8.898,-8.898,0.874,-67.713
5054,16,-91.582,34.208,-43.210,2.200,2.349,-1.679,0.220,22.122,2.216,7.479,-7.479,-1.934,-64.846
5055,16,-91.050,35.026,-44.120,2.162,2.374,-1.899,0.220,22.122,2.216,9.398,-9.398,1.131,-68.711
5056,16,-91.758,37.157,-47.331,1.604,2.637,-1.675,-0.254,8.604,1.450,6.675,-6.675,-15.660,-63.446
5057,16,-91.961,37.704,-48.232,1.604,2.637,-1.675,-0.254,8.604,1.450,6.036,-6.036,-14.674,-59.904
5058,16,-92.884,38.738,-50.167,1.604,2.637,-1.675,0.105,3.613,1.144,4.752,-4.752,-16.992,-57.086
5059,16,-93.433,39.345,-51.249,0.192,2.925,-1.530,0.105,3.613,1.144,9.253,-9.253,-26.070,-55.916
5060,16,-97.031,40.505,-55.789,-0.248,3.357,-0.658,-0.986,5.785,2.259,-1.105,1.105,-59.324,-38.941
5061,16,-98.018,40.660,-57.026,-0.248,3.357,-0.658,-0.986,5.785,2.259,-0.978,0.978,-55.778,-35.902
5062,16,-99.993,40.785,-59.655,-0.248,3.357,-0.658,-2.297,9.920,4.627,-1.061,1.061,-55.398,-35.190
5063,16,-100.835,40.542,-61.264,0.118,3.806,-0.255,-2.297,9.920,4.627,-7.607,7.607,-71.089,-32.028
5064,16,-104.720,40.173,-66.678,0.567,4.024,0.238,-3.943,11.977,6.020,-16.095,16.095,-89.250,-25.203
5065,16,-105.583,39.917,-68.086,0.567,4.024,0.238,-3.943,11.977,6.020,-15.002,15.002,-83.527,-23.853
5066,16,-107.209,39.266,-70.794,0.567,4.024,0.238,-2.034,4.957,4.216,-14.125,14.125,-81.661,-25.494
5067,16,-107.695,38.490,-72.367,0.648,3.903,0.590,-2.034,4.957,4.216,-17.982,17.982,-87.073,-17.097
5068,16,-110.538,36.929,-77.173,1.215,4.114,1.013,-0.010,3.541,3.929,-24.106,24.106,-96.864,-13.750
5069,16,-111.059,36.346,-78.410,1.215,4.114,1.013,-0.010,3.541,3.929,-23.397,23.397,-95.660,-15.380
5070,16,-111.943,35.025,-80.921,1.215,4.114,1.013,-1.096,3.268,3.685,-21.819,21.819,-93.076,-19.109
5071,16,-112.952,32.804,-84.699,1.754,4.511,1.343,-1.096,3.268,3.685,-27.118,27.118,-104.678,-20.297
5072,16,-113.369,31.101,-87.351,2.204,4.933,1.537,-1.254,3.091,3.862,-29.856,29.856,-116.051,-29.706
5073,16,-113.545,30.247,-88.655,2.204,4.933,1.537,-1.254,3.091,3.862,-27.768,27.768,-109.329,-31.339
5074,16,-113.647,28.399,-91.306,2.204,4.933,1.537,-0.144,2.522,2.756,-25.651,25.651,-106.155,-36.630
5075,16,-113.337,25.442,-95.318,2.965,5.348,1.877,-0.144,2.522,2.756,-31.770,31.770,-117.585,-38.799
5076,16,-113.584,22.881,-98.097,2.064,6.028,2.644,7.637,1.517,5.876,-32.460,32.460,-135.490,-35.938
5077,16,-113.650,21.585,-99.446,2.064,6.028,2.644,7.637,1.517,5.876,-30.976,30.976,-132.521,-38.908
5078,16,-116.020,18.541,-102.398,2.064,6.028,2.644,18.514,2.766,7.159,-27.717,27.717,-126.004,-45.424
5079,16,-118.359,16.338,-103.472,-5.824,7.693,3.375,18.514,2.766,7.159,-1.842,1.842,-139.899,-31.529
5080,16,-126.679,8.908,-109.102,-6.302,7.860,3.384,6.216,-1.761,3.685,4.431,-4.431,-127.352,-44.077
5081,16,-128.682,6.824,-110.199,-6.302,7.860,3.384,6.216,-1.761,3.685,6.045,-6.045,-124.125,-47.304
5082,16,-132.908,2.427,-112.167,-6.302,7.860,3.384,-1.656,-3.321,2.493,7.946,-7.946,-120.323,-51.106
5083,16,-139.504,-4.611,-114.463,-7.644,8.199,3.640,-1.656,-3.321,2.493,4.750,-4.750,-126.715,-44.714
5084,16,-141.485,-6.185,-113.998,-3.218,1.779,1.953,-13.331,-47.440,63.547,19.433,-19.433,-52.801,-55.170
5085,16,-142.488,-7.011,-113.735,-3.218,1.779,1.953,-13.331,-47.440,63.547,19.433,-19.433,-52.801,-55.170
5086,16,-143.138,-7.472,-113.289,-3.218,1.779,1.953,-3.235,-5.733,0.474,19.433,-19.433,-52.801,-55.170
5087,16,-142.733,-7.129,-113.132,1.479,-1.403,-0.887,-3.235,-5.733,0.474,31.449,-31.449,63.655,-80.713
5088,16,-142.632,-6.046,-112.994,-0.810,-0.246,-1.198,2.929,-0.019,-0.196,46.778,-46.778,54.904,-105.017
5089,16,-142.903,-5.886,-113.113,-0.810,-0.246,-1.198,2.929,-0.019,-0.196,46.778,-46.778,54.904,-105.017
5090,16,-143.621,-5.665,-113.240,-0.810,-0.246,-1.198,-1.388,-1.579,2.225,46.778,-46.778,54.904,-105.017
5091,16,-144.985,-5.479,-113.316,-1.376,-0.227,-0.642,-1.388,-1.579,2.225,42.661,-42.661,40.729,-91.389
5092,16,-145.256,-5.339,-113.605,-1.376,-0.227,-0.642,-1.388,-1.579,2.225,42.661,-42.661,40.729,-91.389
5093,16,-145.080,-5.255,-113.846,0.872,0.098,-1.154,-7.187,-2.340,15.365,37.809,-37.809,48.871,-108.814
5094,16,-144.749,-5.070,-114.355,0.872,0.098,-1.154,-3.756,-5.838,10.920,37.809,-37.809,48.871,-108.814
5095,16,-144.503,-4.836,-114.426,1.095,-0.820,-0.703,-3.756,-5.838,10.920,31.063,-31.063,50.723,-84.430
5096,16,-144.076,-4.130,-114.328,1.095,-0.820,-0.703,-3.756,-5.838,10.920,31.063,-31.063,50.723,-84.430
5097,16,-144.200,-4.114,-114.326,-0.005,-0.223,-0.182,4.091,-2.761,9.245,30.054,-30.054,29.163,-79.945
5098,16,-144.421,-4.087,-114.300,-0.005,-0.223,-0.182,0.297,-1.971,10.413,30.054,-30.054,29.163,-79.945
5099,16,-144.838,-4.420,-114.258,-0.115,0.141,0.091,0.297,-1.971,10.413,27.193,-27.193,17.156,-78.317
5100,16,-145.080,-4.633,-114.226,-0.115,0.141,0.091,0.297,-1.971,10.413,27.193,-27.193,17.156,-78.317
5101,16,-145.180,-4.741,-114.209,0.007,0.147,0.102,-0.115,-3.259,9.111,26.434,-26.434,16.772,-78.115
5102,16,-145.382,-4.959,-114.174,0.007,0.147,0.102,-0.364,-2.991,8.805,26.434,-26.434,16.772,-78.115
5103,16,-145.738,-5.155,-114.108,-0.058,0.025,0.029,-0.364,-2.991,8.805,27.678,-27.678,20.359,-78.202
5104,16,-145.949,-5.252,-114.059,-0.058,0.025,0.029,-0.364,-2.991,8.805,27.678,-27.678,20.359,-78.202
5105,16,-146.045,-5.278,-114.042,0.023,-0.080,-0.048,-0.077,-2.833,9.211,28.232,-28.232,23.768,-78.628
5106,16,-146.233,-5.328,-114.000,0.023,-0.080,-0.048,0.273,-2.622,9.776,28.232,-28.232,23.768,-78.628
5107,16,-146.527,-5.477,-113.945,0.000,0.001,-0.005,0.273,-2.622,9.776,27.817,-27.817,21.547,-78.720
5108,16,-146.724,-5.581,-113.903,0.000,0.001,-0.005,0.273,-2.622,9.776,27.817,-27.817,21.547,-78.720
5109,16,-146.822,-5.634,-113.889,-0.006,0.022,0.014,-0.062,-2.814,9.207,27.609,-27.609,20.763,-78.545
5110,16,-147.018,-5.742,-113.850,-0.006,0.022,0.014,-0.010,-2.771,9.302,27.609,-27.609,20.763,-78.545
5111,16,-147.304,-5.864,-113.795,-0.000,-0.016,-0.009,-0.010,-2.771,9.302,27.857,-27.857,21.870,-78.556
5112,16,-147.491,-5.948,-113.752,-0.000,-0.016,-0.009,-0.010,-2.771,9.302,27.857,-27.857,21.870,-78.556
5113,16,-147.586,-5.993,-113.741,-0.002,0.003,0.002,0.072,-2.699,9.393,27.734,-27.734,21.330,-78.564
5114,16,-147.776,-6.077,-113.705,-0.002,0.003,0.002,-0.033,-2.790,9.288,27.734,-27.734,21.330,-78.564
5115,16,-148.053,-6.204,-113.652,-0.000,0.001,0.001,-0.033,-2.790,9.288,27.737,-27.737,21.387,-78.560
5116,16,-148.235,-6.284,-113.614,-0.000,0.001,0.001,-0.033,-2.790,9.288,27.737,-27.737,21.387,-78.560
5117,16,-148.328,-6.321,-113.603,-0.001,-0.005,-0.002,0.019,-2.742,9.345,27.782,-27.782,21.558,-78.549
5118,16,-148.512,-6.394,-113.571,-0.001,-0.005,-0.002,0.019,-2.747,9.336,27.782,-27.782,21.558,-78.549
5119,16,-148.608,-6.440,-113.531,-0.000,0.002,0.000,0.019,-2.747,9.336,27.750,-27.750,21.398,-78.602
5120,16,-148.962,-6.586,-113.488,-0.000,0.002,0.000,0.019,-2.747,9.336,27.750,-27.750,21.398,-78.602
5121,16,-149.051,-6.621,-113.476,-0.000,-0.004,-0.002,0.000,-2.761,9.331,27.777,-27.777,21.543,-78.564
5122,16,-149.230,-6.693,-113.445,-0.000,-0.004,-0.002,0.000,-2.742,9.345,27.777,-27.777,21.543,-78.564
5123,16,-149.322,-6.734,-113.409,-0.001,-0.000,0.000,0.019,-2.742,9.345,27.755,-27.755,21.429,-78.571
5124,16,-149.669,-6.871,-113.367,-0.001,-0.000,0.000,0.019,-2.742,9.345,27.755,-27.755,21.429,-78.571
5125,16,-149.757,-6.906,-113.358,-0.000,-0.000,0.000,0.000,-2.761,9.307,27.750,-27.750,21.429,-78.571
5126,16,-149.930,-6.976,-113.327,-0.000,-0.000,0.000,0.000,-2.747,9.341,27.750,-27.750,21.429,-78.571
5127,16,-150.021,-7.013,-113.292,-0.000,-0.003,-0.002,0.014,-2.747,9.341,30.027,-30.027,21.527,-78.579
5128,16,-150.364,-7.146,-113.240,-0.000,-0.003,-0.002,0.014,-2.747,9.341,30.027,-30.027,21.527,-78.579
5129,16,-150.451,-7.183,-113.211,-0.019,-0.002,0.000,0.057,-2.795,9.274,30.096,-30.096,21.459,-78.541
5130,16,-150.625,-7.264,-113.125,-0.019,-0.002,0.000,0.057,-2.929,9.446,30.096,-30.096,21.459,-78.541
5131,16,-150.751,-7.315,-113.018,-0.110,-0.010,0.000,-0.263,-2.929,9.446,30.549,-30.549,21.566,-78.434
5132,16,-151.134,-7.458,-112.822,-0.110,-0.010,0.000,-0.263,-2.929,9.446,30.549,-30.549,21.566,-78.434
5133,16,-151.190,-7.500,-112.734,0.049,-0.036,-0.028,0.024,-2.598,9.231,30.101,-30.101,22.638,-78.746
5134,16,-151.311,-7.568,-112.577,0.049,-0.036,-0.028,0.024,-2.613,9.475,30.101,-30.101,22.638,-78.746
5135,16,-151.404,-7.627,-112.428,-0.002,-0.013,-0.009,0.081,-2.613,9.475,30.117,-30.117,21.824,-78.602
5136,16,-151.686,-7.787,-112.165,-0.002,-0.013,-0.009,0.081,-2.613,9.475,30.117,-30.117,21.824,-78.602
5137,16,-151.751,-7.846,-112.050,0.002,0.005,0.002,-0.033,-2.766,9.264,29.963,-29.963,21.299,-78.594
5138,16,-151.892,-7.948,-111.860,0.002,0.005,0.002,-0.033,-2.761,9.336,29.963,-29.963,21.299,-78.594
5139,16,-152.103,-8.087,-111.571,0.001,-0.006,-0.005,-0.038,-2.761,9.336,30.061,-30.061,21.653,-78.613
5140,16,-152.252,-8.171,-111.400,0.001,-0.006,-0.005,-0.038,-2.761,9.336,30.061,-30.061,21.653,-78.613
5141,16,-152.312,-8.231,-111.275,0.000,-0.000,0.000,0.005,-2.723,9.345,30.000,-30.000,21.429,-78.571
5142,16,-152.451,-8.327,-111.077,0.000,-0.000,0.000,0.005,-2.732,9.341,30.000,-30.000,21.429,-78.571
5143,16,-152.539,-8.387,-110.900,0.000,-0.002,-0.001,0.000,-2.732,9.341,30.013,-30.013,21.486,-78.568
5144,16,-152.805,-8.550,-110.602,0.000,-0.002,-0.001,0.000,-2.732,9.341,30.013,-30.013,21.486,-78.568
5145,16,-152.866,-8.610,-110.474,-0.001,-0.000,0.000,-0.010,-2.742,9.326,30.005,-30.005,21.429,-78.571
5146,16,-153.004,-8.701,-110.274,-0.001,-0.000,0.000,-0.010,-2.737,9.341,29.987,-29.987,21.393,-78.535
5147,16,-153.071,-8.748,-110.173,-0.000,-0.002,-0.001,0.000,-2.737,9.341,29.981,-29.981,21.421,-78.503
5148,16,-153.349,-8.918,-109.799,-0.000,-0.002,-0.001,0.000,-2.737,9.341,29.900,-29.900,21.259,-78.341
5149,16,-153.409,-8.973,-109.675,-0.000,-0.000,0.000,0.000,-2.732,9.326,29.883,-29.883,21.195,-78.338
5150,16,-153.544,-9.064,-109.475,-0.000,-0.000,0.000,0.000,-2.742,9.341,29.850,-29.850,21.128,-78.270
5151,16,-153.746,-9.192,-109.179,-0.000,-0.001,-0.001,-0.005,-2.742,9.341,29.841,-29.841,21.125,-78.237
5152,16,-153.860,-9.229,-109.003,-0.000,-0.001,-0.001,-0.005,-2.742,9.341,29.743,-29.743,20.929,-78.042
5153,16,-153.948,-9.323,-108.883,-0.003,-0.001,-0.001,0.010,-2.732,9.336,29.764,-29.764,20.939,-78.051
5154,16,-154.082,-9.409,-108.685,-0.003,-0.001,-0.001,0.010,-2.751,9.321,29.724,-29.724,20.860,-77.973
5155,16,-154.148,-9.451,-108.587,0.001,-0.001,-0.001,0.000,-2.751,9.321,29.682,-29.682,20.818,-77.931
5156,16,-154.388,-9.567,-108.217,0.001,-0.001,-0.001,0.000,-2.751,9.321,29.772,-29.772,20.999,-78.111
5157,16,-154.477,-9.660,-108.099,-0.002,-0.001,0.000,0.005,-2.728,9.336,29.582,-29.582,20.586,-77.699
5158,16,-154.609,-9.740,-107.907,-0.002,-0.001,0.000,0.005,-2.737,9.331,29.536,-29.536,20.495,-77.608
5159,16,-154.675,-9.780,-107.809,-0.001,-0.000,0.000,0.000,-2.737,9.331,29.509,-29.509,20.435,-77.578
5160,16,-154.916,-9.893,-107.444,-0.001,-0.000,0.000,0.000,-2.737,9.331,29.397,-29.397,20.212,-77.355
5161,16,-155.002,-9.982,-107.327,-0.002,-0.002,-0.001,0.010,-2.732,9.321,29.415,-29.415,20.268,-77.350
5162,16,-155.132,-10.057,-107.136,-0.002,-0.002,-0.001,0.010,-2.732,9.307,29.365,-29.365,20.167,-77.249
5163,16,-155.195,-10.099,-107.041,-0.000,-0.001,0.000,0.010,-2.732,9.307,29.320,-29.320,20.084,-77.196
5164,16,-155.430,-10.202,-106.685,-0.000,-0.001,0.000,0.010,-2.732,9.307,29.392,-29.392,20.229,-77.341
5165,16,-155.516,-10.286,-106.566,-0.000,-0.000,-0.001,0.005,-2.737,9.331,29.209,-29.209,19.846,-76.989
5166,16,-155.642,-10.363,-106.379,-0.000,-0.000,-0.001,0.005,-2.737,9.326,29.162,-29.162,19.752,-76.895
5167,16,-155.706,-10.398,-106.285,-0.000,-0.001,0.000,0.000,-2.737,9.326,29.120,-29.120,19.684,-76.797
5168,16,-155.938,-10.501,-105.932,-0.000,-0.001,0.000,0.000,-2.737,9.326,29.189,-29.189,19.822,-76.934
5169,16,-156.020,-10.582,-105.817,-0.000,-0.000,0.000,0.000,-2.732,9.341,28.993,-28.993,19.414,-76.557
5170,16,-156.146,-10.657,-105.632,-0.000,-0.000,0.000,0.000,-2.732,9.345,28.941,-28.941,19.311,-76.454
5171,16,-156.208,-10.693,-105.541,-0.000,-0.001,0.000,0.000,-2.732,9.345,28.915,-28.915,19.274,-76.386
5172,16,-156.437,-10.788,-105.192,-0.000,-0.001,0.000,0.000,-2.732,9.345,28.974,-28.974,19.393,-76.505
5173,16,-156.519,-10.866,-105.076,-0.000,-0.001,0.000,0.000,-2.737,9.331,28.776,-28.776,18.996,-76.109
5174,16,-156.642,-10.936,-104.895,-0.000,-0.001,0.000,0.000,-2.732,9.345,28.721,-28.721,18.885,-75.997
5175,16,-156.705,-10.971,-104.804,-0.000,-0.000,0.000,0.000,-2.732,9.345,28.692,-28.692,18.813,-75.956
5176,16,-156.929,-11.060,-104.470,-0.000,-0.000,0.000,0.000,-2.732,9.345,28.743,-28.743,18.915,-76.058
5177,16,-157.011,-11.137,-104.353,-0.000,-0.001,0.000,0.000,-2.737,9.336,28.546,-28.546,18.536,-75.648
5178,16,-157.133,-11.202,-104.174,-0.000,-0.001,0.000,0.000,-2.732,9.331,28.486,-28.486,18.417,-75.529
5179,16,-157.190,-11.236,-104.085,-0.000,-0.000,0.000,0.000,-2.732,9.331,28.460,-28.460,18.349,-75.492
5180,16,-157.412,-11.324,-103.753,-0.000,-0.000,0.000,0.000,-2.732,9.331,28.507,-28.507,18.443,-75.586
5181,16,-157.492,-11.396,-103.641,-0.000,-0.000,0.000,-0.005,-2.737,9.326,28.309,-28.309,18.046,-75.189
5182,16,-157.615,-11.459,-103.466,-0.000,-0.000,0.000,-0.005,-2.737,9.341,28.244,-28.244,17.917,-75.060
5183,16,-157.672,-11.491,-103.376,-0.000,-0.000,0.000,0.000,-2.737,9.341,28.216,-28.216,17.861,-75.004
5184,16,-157.891,-11.573,-103.052,-0.000,-0.000,0.000,0.000,-2.737,9.341,28.256,-28.256,17.940,-75.083
5185,16,-157.970,-11.647,-102.937,-0.000,-0.000,0.000,0.000,-2.737,9.321,28.059,-28.059,17.547,-74.690
5186,16,-158.088,-11.707,-102.764,-0.000,-0.000,0.000,0.000,-2.737,9.341,27.995,-27.995,17.419,-74.562
5187,16,-158.146,-11.734,-102.676,-0.000,-0.000,0.000,-0.005,-2.737,9.341,27.961,-27.961,17.351,-74.494
5188,16,-158.357,-11.814,-102.355,-0.000,-0.000,0.000,-0.005,-2.737,9.341,28.005,-28.005,17.438,-74.581
5189,16,-158.439,-11.885,-102.241,-0.000,-0.000,0.000,0.000,-2.737,9.336,27.800,-27.800,17.028,-74.171
5190,16,-158.552,-11.943,-102.071,-0.000,-0.000,0.000,0.000,-2.737,9.341,27.737,-27.737,16.902,-74.045
5191,16,-158.610,-11.974,-101.983,-0.000,-0.000,0.000,0.000,-2.732,9.341,27.705,-27.705,16.839,-73.981
5192,16,-158.818,-12.045,-101.669,-0.000,-0.000,0.000,0.000,-2.732,9.341,27.737,-27.737,16.903,-74.046
5193,16,-158.898,-12.112,-101.556,-0.000,-0.000,0.000,0.000,-2.737,9.360,27.534,-27.534,16.497,-73.640
5194,16,-159.011,-12.169,-101.386,-0.000,-0.000,0.000,0.000,-2.737,9.350,27.468,-27.468,16.364,-73.507
5195,16,-159.067,-12.195,-101.302,-0.000,-0.000,0.000,-0.005,-2.737,9.350,27.434,-27.434,16.297,-73.439
5196,16,-159.271,-12.266,-100.991,-0.000,-0.000,0.000,-0.005,-2.737,9.350,27.290,-27.290,16.008,-73.151
5197,16,-159.349,-12.333,-100.883,-0.000,-0.000,0.000,-0.005,-2.742,9.336,27.264,-27.264,15.957,-73.100
5198,16,-159.463,-12.383,-100.716,-0.000,-0.000,0.000,-0.005,-2.742,9.345,27.190,-27.190,15.808,-72.951
5199,16,-159.516,-12.411,-100.634,-0.000,-0.000,0.000,0.000,-2.732,9.345,27.160,-27.160,15.748,-72.891
5200,16,-159.717,-12.476,-100.330,-0.000,-0.000,0.000,0.000,-2.732,9.345,27.183,-27.183,15.794,-72.937
5201,16,-159.795,-12.540,-100.218,-0.000,-0.000,0.000,0.000,-2.737,9.326,26.981,-26.981,15.391,-72.534
5202,16,-159.905,-12.591,-100.054,-0.000,-0.000,0.000,0.000,-2.737,9.331,26.909,-26.909,15.247,-72.390
5203,16,-159.962,-12.616,-99.971,-0.000,-0.000,0.000,0.000,-2.737,9.331,26.872,-26.872,15.173,-72.316
5204,16,-160.158,-12.677,-99.671,-0.000,-0.000,0.000,0.000,-2.737,9.331,26.896,-26.896,15.221,-72.364
5205,16,-160.233,-12.742,-99.565,-0.000,-0.000,0.000,0.000,-2.732,9.326,26.695,-26.695,14.818,-71.961
5206,16,-160.341,-12.788,-99.403,-0.000,-0.000,0.000,0.000,-2.732,9.326,26.620,-26.620,14.669,-71.812
5207,16,-160.393,-12.812,-99.322,-0.000,-0.000,0.000,0.000,-2.732,9.326,26.587,-26.587,14.602,-71.745
5208,16,-160.589,-12.870,-99.028,-0.000,-0.000,0.000,0.000,-2.732,9.326,26.604,-26.604,14.637,-71.780
5209,16,-160.661,-12.932,-98.921,-0.000,-0.001,0.000,0.000,-2.737,9.326,26.403,-26.403,14.250,-71.362
5210,16,-160.766,-12.976,-98.761,-0.000,-0.001,0.000,0.000,-2.737,9.336,26.329,-26.329,14.102,-71.215
5211,16,-160.822,-13.000,-98.682,-0.000,-0.000,0.000,-0.005,-2.737,9.336,26.290,-26.290,14.008,-71.151
5212,16,-161.011,-13.052,-98.393,-0.000,-0.000,0.000,-0.005,-2.737,9.336,26.302,-26.302,14.033,-71.176
5213,16,-161.084,-13.113,-98.287,-0.000,-0.000,0.000,0.000,-2.732,9.341,26.104,-26.104,13.636,-70.779
5214,16,-161.188,-13.156,-98.128,-0.000,-0.000,0.000,0.000,-2.732,9.336,26.028,-26.028,13.485,-70.628
5215,16,-161.239,-13.179,-98.049,-0.000,-0.000,0.000,0.000,-2.732,9.336,25.992,-25.992,13.413,-70.556
5216,16,-161.425,-13.231,-97.763,-0.000,-0.000,0.000,0.000,-2.732,9.336,26.005,-26.005,13.439,-70.582
5217,16,-161.496,-13.288,-97.659,-0.000,-0.000,0.000,0.000,-2.732,9.331,25.805,-25.805,13.038,-70.181
5218,16,-161.601,-13.330,-97.501,-0.000,-0.000,0.000,0.000,-2.732,9.321,25.726,-25.726,12.880,-70.023
5219,16,-161.652,-13.352,-97.425,-0.000,-0.001,0.000,0.000,-2.732,9.321,25.689,-25.689,12.821,-69.934
5220,16,-161.836,-13.399,-97.141,-0.000,-0.001,0.000,0.000,-2.732,9.321,25.697,-25.697,12.838,-69.950
5221,16,-161.905,-13.452,-97.039,-0.000,-0.000,0.000,0.000,-2.737,9.336,25.495,-25.495,12.420,-69.562
5222,16,-162.005,-13.493,-96.884,-0.000,-0.000,0.000,0.000,-2.737,9.317,25.419,-25.419,12.267,-69.410
5223,16,-162.056,-13.514,-96.808,-0.001,-0.000,0.000,0.000,-2.747,9.317,25.386,-25.386,12.190,-69.333
5224,16,-162.217,-13.576,-96.539,-0.001,-0.000,0.000,0.000,-2.747,9.317,25.260,-25.260,11.938,-69.080
5225,16,-162.303,-13.610,-96.434,0.001,-0.001,0.000,0.000,-2.732,9.331,25.182,-25.182,11.819,-68.931
5226,16,-162.404,-13.641,-96.314,0.001,-0.001,0.000,0.000,-2.732,9.341,25.097,-25.097,11.648,-68.761
5227,16,-162.550,-13.704,-96.064,-0.001,-0.001,0.000,0.000,-2.742,9.341,25.075,-25.075,11.583,-68.695
5228,16,-162.611,-13.726,-95.953,-0.001,-0.001,0.000,0.000,-2.742,9.341,24.946,-24.946,11.325,-68.437
5229,16,-162.695,-13.761,-95.848,-0.000,-0.000,0.000,0.000,-2.737,9.336,24.876,-24.876,11.180,-68.323
5230,16,-162.794,-13.798,-95.705,-0.000,-0.000,0.000,0.000,-2.737,9.331,24.795,-24.795,11.018,-68.161
5231,16,-162.937,-13.851,-95.491,-0.000,-0.000,0.000,0.000,-2.728,9.331,24.755,-24.755,10.938,-68.081
5232,16,-162.995,-13.869,-95.382,-0.000,-0.000,0.000,0.000,-2.728,9.331,24.628,-24.628,10.685,-67.828
5233,16,-163.081,-13.905,-95.279,-0.000,-0.000,0.000,0.000,-2.732,9.336,24.560,-24.560,10.548,-67.691
5234,16,-163.178,-13.938,-95.138,-0.000,-0.000,0.000,0.000,-2.732,9.341,24.478,-24.478,10.385,-67.528
5235,16,-163.224,-13.957,-95.067,-0.000,-0.000,0.000,0.000,-2.732,9.341,24.441,-24.441,10.311,-67.454
5236,16,-163.373,-14.006,-94.823,-0.000,-0.000,0.000,0.000,-2.732,9.341,24.313,-24.313,10.054,-67.197
5237,16,-163.460,-14.037,-94.719,-0.000,-0.000,0.000,0.000,-2.732,9.331,24.239,-24.239,9.906,-67.049
5238,16,-163.554,-14.071,-94.584,-0.000,-0.000,0.000,0.000,-2.732,9.331,24.159,-24.159,9.747,-66.890
5239,16,-163.599,-14.089,-94.515,-0.000,-0.000,0.000,-0.005,-2.742,9.326,24.122,-24.122,9.672,-66.815
5240,16,-163.748,-14.137,-94.273,-0.000,-0.000,0.000,-0.005,-2.742,9.326,23.991,-23.991,9.410,-66.553
5241,16,-163.830,-14.166,-94.174,-0.000,-0.000,0.000,0.000,-2.747,9.326,23.920,-23.920,9.269,-66.412
5242,16,-163.920,-14.192,-94.065,-0.000,-0.000,0.000,0.000,-2.747,9.326,23.839,-23.839,9.106,-66.248
5243,16,-163.968,-14.214,-93.970,-0.002,-0.000,0.000,0.000,-2.742,9.307,23.811,-23.811,9.030,-66.173
5244,16,-164.113,-14.263,-93.733,-0.002,-0.000,0.000,0.000,-2.742,9.307,23.683,-23.683,8.773,-65.916
5245,16,-164.196,-14.291,-93.634,0.001,-0.001,0.000,0.000,-2.728,9.336,23.594,-23.594,8.643,-65.755
5246,16,-164.283,-14.313,-93.530,0.001,-0.001,0.000,0.000,-2.728,9.336,23.512,-23.512,8.479,-65.591
5247,16,-164.418,-14.366,-93.309,0.000,-0.000,0.000,-0.005,-2.737,9.350,23.479,-23.479,8.387,-65.530
5248,16,-164.470,-14.380,-93.208,0.000,-0.000,0.000,-0.005,-2.737,9.350,23.353,-23.353,8.134,-65.277
5249,16,-164.552,-14.408,-93.111,0.000,-0.000,0.000,0.000,-2.728,9.341,23.279,-23.279,7.986,-65.129
5250,16,-164.638,-14.429,-93.012,0.000,-0.000,0.000,0.000,-2.728,9.341,23.197,-23.197,7.822,-64.965
5251,16,-164.681,-14.450,-92.922,0.000,-0.000,0.000,0.000,-2.737,9.345,23.162,-23.162,7.753,-64.896
5252,16,-164.820,-14.489,-92.697,0.000,-0.000,0.000,0.000,-2.737,9.345,23.031,-23.031,7.490,-64.633
5253,16,-164.898,-14.515,-92.606,0.000,-0.000,0.000,-0.005,-2.732,9.336,22.960,-22.960,7.348,-64.491
5254,16,-164.984,-14.535,-92.506,0.000,-0.000,0.000,-0.005,-2.732,9.336,22.876,-22.876,7.181,-64.324
5255,16,-165.112,-14.582,-92.292,0.000,-0.000,0.000,0.000,-2.728,9.341,22.841,-22.841,7.111,-64.254
5256,16,-165.163,-14.595,-92.197,0.000,-0.000,0.000,0.000,-2.728,9.341,22.712,-22.712,6.853,-63.996
5257,16,-165.241,-14.621,-92.105,0.000,-0.000,0.000,0.000,-2.728,9.336,22.640,-22.640,6.708,-63.851
5258,16,-165.324,-14.638,-92.008,0.000,-0.000,0.000,0.000,-2.728,9.336,22.556,-22.556,6.541,-63.684
5259,16,-165.450,-14.685,-91.797,0.000,-0.000,0.000,0.000,-2.728,9.345,22.525,-22.525,6.478,-63.621
5260,16,-165.498,-14.696,-91.704,0.000,-0.000,0.000,0.000,-2.728,9.345,22.395,-22.395,6.218,-63.361
5261,16,-165.576,-14.720,-91.614,0.000,-0.000,0.000,0.000,-2.732,9.326,22.321,-22.321,6.071,-63.214
5262,16,-165.656,-14.738,-91.520,0.000,-0.000,0.000,0.000,-2.732,9.326,22.241,-22.241,5.910,-63.053
5263,16,-165.782,-14.779,-91.316,-0.001,-0.000,0.000,0.000,-2.737,9.350,22.204,-22.204,5.836,-62.979
5264,16,-165.831,-14.792,-91.225,-0.001,-0.000,0.000,0.000,-2.737,9.350,22.078,-22.078,5.574,-62.717
5265,16,-165.904,-14.815,-91.138,-0.001,-0.000,0.000,0.005,-2.732,9.312,22.009,-22.009,5.435,-62.578
5266,16,-165.987,-14.830,-91.047,-0.002,-0.000,0.000,0.005,-2.732,9.312,21.929,-21.929,5.264,-62.407
5267,16,-166.110,-14.872,-90.847,-0.000,-0.001,0.000,0.010,-2.728,9.341,21.891,-21.891,5.189,-62.331
5268,16,-166.156,-14.881,-90.762,-0.000,-0.001,0.000,0.010,-2.728,9.341,21.753,-21.753,4.950,-62.062
5269,16,-166.229,-14.904,-90.677,-0.000,-0.001,0.000,0.000,-2.742,9.331,21.683,-21.683,4.810,-61.922
5270,16,-166.306,-14.918,-90.588,-0.000,-0.000,0.000,0.000,-2.742,9.331,21.603,-21.603,4.634,-61.777
5271,16,-166.426,-14.955,-90.396,-0.000,-0.000,0.000,0.000,-2.732,9.331,21.563,-21.563,4.555,-61.698
5272,16,-166.470,-14.966,-90.314,-0.000,-0.000,0.000,0.000,-2.732,9.331,21.441,-21.441,4.311,-61.454
5273,16,-166.542,-14.989,-90.229,-0.000,-0.000,0.000,0.000,-2.737,9.321,21.370,-21.370,4.169,-61.312
5274,16,-166.620,-15.002,-90.143,-0.000,-0.000,0.000,0.000,-2.737,9.321,21.288,-21.288,4.005,-61.148
5275,16,-166.739,-15.038,-89.953,-0.000,-0.000,0.000,0.000,-2.728,9.345,21.251,-21.251,3.930,-61.073
5276,16,-166.783,-15.049,-89.871,-0.000,-0.000,0.000,0.000,-2.728,9.345,21.125,-21.125,3.679,-60.821
5277,16,-166.853,-15.068,-89.790,-0.000,-0.000,0.000,-0.005,-2.737,9.321,21.054,-21.054,3.537,-60.680
5278,16,-166.927,-15.083,-89.705,-0.000,-0.000,0.000,-0.005,-2.737,9.321,20.977,-20.977,3.382,-60.525
5279,16,-167.039,-15.116,-89.515,-0.000,-0.000,0.000,0.000,-2.737,9.331,20.937,-20.937,3.303,-60.446
5280,16,-167.086,-15.123,-89.435,-0.000,-0.000,0.000,0.000,-2.737,9.331,20.814,-20.814,3.056,-60.199
5281,16,-167.153,-15.145,-89.353,-0.000,-0.000,0.000,0.000,-2.732,9.336,20.746,-20.746,2.921,-60.064
5282,16,-167.212,-15.140,-89.269,-0.000,-0.001,0.000,0.000,-2.732,9.336,20.675,-20.675,2.793,-59.906
5283,16,-167.339,-15.191,-89.087,-0.000,-0.001,0.000,-0.005,-2.737,9.345,20.629,-20.629,2.703,-59.815
5284,16,-167.376,-15.196,-89.033,-0.000,-0.001,0.000,-0.005,-2.737,9.345,20.513,-20.513,2.470,-59.582
5285,16,-167.451,-15.216,-88.925,-0.000,-0.001,0.000,0.000,-2.732,9.350,20.436,-20.436,2.316,-59.428
5286,16,-167.521,-15.228,-88.847,0.001,-0.000,0.000,0.000,-2.732,9.350,20.354,-20.354,2.148,-59.291
5287,16,-167.630,-15.260,-88.669,0.000,-0.000,0.000,-0.014,-2.742,9.341,20.320,-20.320,2.078,-59.221
5288,16,-167.664,-15.267,-88.621,0.000,-0.000,0.000,-0.014,-2.742,9.341,20.211,-20.211,1.851,-58.994
5289,16,-167.738,-15.286,-88.520,0.000,-0.000,0.000,0.000,-2.732,9.331,20.135,-20.135,1.698,-58.841
5290,16,-167.810,-15.295,-88.441,0.000,-0.000,0.000,0.000,-2.732,9.331,20.053,-20.053,1.535,-58.678
5291,16,-167.917,-15.324,-88.267,0.000,-0.001,0.000,-0.005,-2.728,9.336,20.018,-20.018,1.464,-58.607
5292,16,-167.951,-15.331,-88.218,0.000,-0.001,0.000,-0.005,-2.728,9.336,19.905,-19.905,1.254,-58.367
5293,16,-168.022,-15.347,-88.117,0.000,-0.001,0.000,0.000,-2.737,9.345,19.829,-19.829,1.102,-58.214
5294,16,-168.074,-15.345,-88.045,0.000,-0.000,0.000,0.000,-2.737,9.345,19.766,-19.766,0.962,-58.104
5295,16,-168.195,-15.387,-87.872,0.000,-0.001,0.000,0.000,-2.728,9.331,19.720,-19.720,0.869,-58.012
5296,16,-168.229,-15.394,-87.823,0.000,-0.001,0.000,0.000,-2.728,9.331,19.606,-19.606,0.657,-57.769
5297,16,-168.300,-15.409,-87.727,0.000,-0.001,0.000,0.000,-2.728,9.345,19.530,-19.530,0.504,-57.616
5298,16,-168.353,-15.403,-87.650,0.000,-0.000,0.000,0.000,-2.728,9.345,19.464,-19.464,0.357,-57.500
5299,16,-168.468,-15.444,-87.482,0.000,-0.000,0.000,0.000,-2.737,9.326,19.421,-19.421,0.271,-57.414
5300,16,-168.505,-15.452,-87.436,0.000,-0.000,0.000,0.000,-2.737,9.326,19.306,-19.306,0.041,-57.184
5301,16,-168.571,-15.468,-87.338,0.000,-0.000,0.000,-0.005,-2.728,9.336,19.235,-19.235,-0.101,-57.042
5302,16,-168.623,-15.460,-87.266,-0.002,-0.000,0.000,-0.005,-2.728,9.336,19.180,-19.180,-0.233,-56.910
5303,16,-168.738,-15.500,-87.103,-0.000,-0.001,0.000,0.000,-2.732,9.336,19.133,-19.133,-0.327,-56.816
5304,16,-168.772,-15.507,-87.056,-0.000,-0.001,0.000,0.000,-2.732,9.336,19.013,-19.013,-0.530,-56.582
5305,16,-168.837,-15.521,-86.966,-0.000,-0.001,0.000,0.000,-2.728,9.331,18.941,-18.941,-0.673,-56.439
5306,16,-168.886,-15.516,-86.897,-0.000,-0.000,0.000,0.000,-2.728,9.331,18.880,-18.880,-0.811,-56.332
5307,16,-169.001,-15.555,-86.739,-0.000,-0.000,0.000,0.000,-2.728,9.331,18.831,-18.831,-0.909,-56.234
5308,16,-169.034,-15.560,-86.695,-0.000,-0.000,0.000,0.000,-2.728,9.331,18.722,-18.722,-1.127,-56.016
5309,16,-169.097,-15.571,-86.605,-0.000,-0.000,0.000,-0.005,-2.732,9.326,18.652,-18.652,-1.268,-55.875
5311,16,-169.257,-15.601,-86.388,-0.000,-0.000,0.000,0.000,-2.732,9.350,18.542,-18.542,-1.472,-55.640
5312,16,-169.288,-15.609,-86.344,-0.000,-0.000,0.000,0.000,-2.732,9.350,18.438,-18.438,-1.695,-55.448
5313,16,-169.350,-15.619,-86.259,-0.000,-0.000,0.000,0.000,-2.728,9.345,18.368,-18.368,-1.836,-55.307
5314,16,-169.398,-15.613,-86.195,-0.000,-0.000,0.000,0.000,-2.728,9.345,18.308,-18.308,-1.956,-55.187
5315,16,-169.507,-15.650,-86.045,-0.000,-0.001,0.000,0.000,-2.732,9.350,18.262,-18.262,-2.048,-55.095
5316,16,-169.538,-15.653,-86.001,-0.000,-0.001,0.000,0.000,-2.732,9.350,18.155,-18.155,-2.247,-54.865
5317,16,-169.600,-15.663,-85.918,-0.000,-0.001,0.000,0.000,-2.732,9.326,18.084,-18.084,-2.388,-54.725
5318,16,-169.647,-15.657,-85.854,-0.000,-0.001,0.000,0.000,-2.732,9.326,18.024,-18.024,-2.508,-54.604
5319,16,-169.753,-15.687,-85.727,-0.000,-0.001,0.000,0.000,-2.732,9.341,17.979,-17.979,-2.598,-54.515
5320,16,-169.783,-15.696,-85.666,-0.000,-0.001,0.000,0.000,-2.732,9.341,17.876,-17.876,-2.804,-54.308
5321,16,-169.844,-15.706,-85.583,-0.000,-0.001,0.000,-0.005,-2.728,9.336,17.805,-17.805,-2.946,-54.167
5322,16,-169.887,-15.700,-85.520,-0.000,-0.000,0.000,-0.005,-2.728,9.336,17.751,-17.751,-3.070,-54.073
5323,16,-169.993,-15.732,-85.374,-0.000,-0.000,0.000,-0.005,-2.728,9.336,17.706,-17.706,-3.160,-53.983
5324,16,-170.021,-15.737,-85.336,-0.000,-0.000,0.000,-0.005,-2.728,9.336,17.602,-17.602,-3.367,-53.776
5325,16,-170.080,-15.749,-85.254,-0.000,-0.000,0.000,-0.005,-2.737,9.326,17.535,-17.535,-3.502,-53.641
5326,16,-170.112,-15.752,-85.198,-0.001,-0.000,0.000,-0.005,-2.737,9.326,17.503,-17.503,-3.577,-53.566
5327,16,-170.225,-15.768,-85.073,-0.000,-0.001,0.000,0.000,-2.723,9.331,17.436,-17.436,-3.710,-53.433
5328,16,-170.254,-15.777,-85.014,-0.000,-0.001,0.000,0.000,-2.723,9.331,17.334,-17.334,-3.889,-53.224
5329,16,-170.315,-15.785,-84.936,-0.000,-0.001,0.000,0.000,-2.728,9.336,17.262,-17.262,-4.031,-53.081
5330,16,-170.357,-15.779,-84.878,-0.000,-0.000,0.000,0.000,-2.728,9.336,17.208,-17.208,-4.155,-52.988
5331,16,-170.456,-15.806,-84.764,-0.000,-0.000,0.000,-0.005,-2.728,9.345,17.165,-17.165,-4.242,-52.901
5332,16,-170.485,-15.814,-84.707,-0.000,-0.000,0.000,-0.005,-2.728,9.345,17.065,-17.065,-4.441,-52.702
5333,16,-170.541,-15.822,-84.633,-0.000,-0.000,0.000,0.000,-2.732,9.336,17.000,-17.000,-4.572,-52.571
5334,16,-170.572,-15.825,-84.579,-0.000,-0.001,0.000,0.000,-2.732,9.336,16.963,-16.963,-4.631,-52.481
5335,16,-170.678,-15.839,-84.466,-0.000,-0.000,0.000,0.000,-2.728,9.331,16.902,-16.902,-4.752,-52.360
5336,16,-170.707,-15.847,-84.409,-0.000,-0.000,0.000,0.000,-2.728,9.331,16.804,-16.804,-4.963,-52.180
5337,16,-170.762,-15.855,-84.337,-0.000,-0.000,0.000,0.000,-2.732,9.331,16.739,-16.739,-5.093,-52.049
5338,16,-170.793,-15.858,-84.286,-0.000,-0.000,0.000,0.000,-2.732,9.331,16.702,-16.702,-5.167,-51.976
5339,16,-170.899,-15.871,-84.177,-0.000,-0.000,0.000,0.000,-2.732,9.341,16.641,-16.641,-5.289,-51.854
5340,16,-170.925,-15.881,-84.123,-0.000,-0.000,0.000,0.000,-2.732,9.341,16.548,-16.548,-5.476,-51.667
5341,16,-170.978,-15.887,-84.051,-0.000,-0.000,0.000,0.005,-2.723,9.331,16.485,-16.485,-5.601,-51.542
5342,16,-171.009,-15.890,-84.001,-0.000,-0.001,0.000,0.005,-2.723,9.331,16.447,-16.447,-5.661,-51.451
5343,16,-171.110,-15.903,-83.890,-0.000,-0.000,0.000,0.000,-2.728,9.331,16.389,-16.389,-5.778,-51.335
5344,16,-171.138,-15.910,-83.838,-0.000,-0.000,0.000,0.000,-2.728,9.331,16.295,-16.295,-5.982,-51.161
5345,16,-171.191,-15.915,-83.766,-0.000,-0.000,0.000,-0.005,-2.732,9.341,16.231,-16.231,-6.109,-51.034
5346,16,-171.220,-15.920,-83.716,-0.000,-0.000,0.000,-0.005,-2.732,9.341,16.197,-16.197,-6.177,-50.966
5347,16,-171.320,-15.933,-83.608,-0.000,-0.001,0.000,-0.014,-2.723,9.331,16.139,-16.139,-6.294,-50.849
5348,16,-171.346,-15.938,-83.556,-0.000,-0.001,0.000,-0.014,-2.723,9.331,16.047,-16.047,-6.463,-50.650
5349,16,-171.396,-15.945,-83.484,-0.000,-0.001,0.000,-0.005,-2.732,9.336,15.987,-15.987,-6.583,-50.530
4258,16,-0.937,39.424,23.569,-0.000,0.000,0.000,0.134,6.278,-7.637,-2.219,2.219,-13.849,-13.071
4259,16,-0.937,39.424,23.569,-0.000,0.000,0.000,0.129,6.283,-7.628,-2.219,2.219,-13.849,-13.071
4260,16,-0.937,39.424,23.569,-0.000,0.000,0.000,0.129,6.283,-7.628,-2.219,2.219,-13.849,-13.071
4261,16,-0.937,39.424,23.569,-0.000,0.000,0.000,0.129,6.278,-7.628,-2.219,2.219,-13.849,-13.071
4262,16,-0.937,39.424,23.569,-0.000,0.000,0.000,0.129,6.278,-7.628,-2.219,2.219,-13.849,-13.071
4263,16,-0.937,39.424,23.569,-0.000,0.000,0.000,0.100,6.283,-7.623,-2.219,2.219,-13.849,-13.071
4264,16,-0.937,39.424,23.569,-0.000,0.000,0.000,0.100,6.283,-7.623,-2.219,2.219,-13.849,-13.071
4265,16,-0.937,39.424,23.569,-0.000,0.000,0.000,0.100,6.283,-7.632,-2.219,2.219,-13.849,-13.071
4266,16,-0.937,39.424,23.569,-0.000,0.000,0.000,0.100,6.283,-7.632,-2.219,2.219,-13.849,-13.071
4267,16,-0.937,39.424,23.569,-0.000,0.000,0.000,0.139,6.273,-7.637,-2.219,2.219,-13.849,-13.071
4268,16,-0.937,39.424,23.569,-0.000,0.000,0.000,0.139,6.273,-7.637,-2.219,2.219,-13.849,-13.071
4269,16,-0.937,39.424,23.569,-0.000,0.000,0.000,0.105,6.259,-7.632,-2.219,2.219,-13.849,-13.071
4270,16,-0.937,39.424,23.569,-0.000,0.000,0.000,0.105,6.259,-7.632,-2.219,2.219,-13.849,-13.071
4271,16,-0.937,39.424,23.569,-0.000,0.000,0.000,0.124,6.254,-7.647,-2.219,2.219,-13.849,-13.071
4272,16,-0.937,39.424,23.569,-0.000,0.000,0.000,0.124,6.254,-7.647,-2.219,2.219,-13.849,-13.071
4273,16,-0.937,39.424,23.569,-0.000,0.000,0.000,0.139,6.269,-7.661,-2.219,2.219,-13.849,-13.071
4274,16,-0.937,39.424,23.569,-0.000,0.000,0.000,0.139,6.269,-7.661,-2.219,2.219,-13.849,-13.071
4275,16,-0.937,39.424,23.569,-0.000,0.000,0.000,0.115,6.292,-7.604,-2.219,2.219,-13.849,-13.071
4276,16,-0.937,39.424,23.569,-0.000,0.000,0.000,0.115,6.292,-7.604,-2.219,2.219,-13.849,-13.071
4277,16,-0.937,39.424,23.569,-0.000,0.000,0.000,0.110,6.297,-7.613,-2.219,2.219,-13.849,-13.071
4278,16,-0.933,39.423,23.570,-0.000,0.000,0.000,0.110,6.297,-7.613,-2.221,2.221,-13.847,-13.072
4279,16,-0.933,39.423,23.570,-0.000,0.000,0.000,0.120,6.273,-7.661,-2.221,2.221,-13.847,-13.072
4280,16,-0.933,39.423,23.570,-0.000,0.000,0.000,0.120,6.273,-7.661,-2.221,2.221,-13.847,-13.072
4281,16,-0.933,39.423,23.570,-0.000,0.000,0.000,0.172,6.254,-7.642,-2.221,2.221,-13.847,-13.072
4282,16,-0.933,39.423,23.570,-0.000,0.000,0.000,0.172,6.254,-7.642,-2.221,2.221,-13.847,-13.072
4283,16,-0.933,39.423,23.570,-0.000,0.000,0.000,0.110,6.269,-7.599,-2.221,2.221,-13.847,-13.072
4284,16,-0.933,39.423,23.570,-0.000,0.000,0.000,0.110,6.269,-7.599,-2.221,2.221,-13.847,-13.072
4285,16,-0.937,39.424,23.569,-0.000,0.000,0.000,0.105,6.278,-7.656,-2.219,2.219,-13.849,-13.071
4286,16,-0.937,39.424,23.569,-0.000,0.000,0.000,0.105,6.278,-7.656,-2.219,2.219,-13.849,-13.071
4287,16,-0.933,39.423,23.570,-0.000,0.000,0.000,0.134,6.273,-7.642,-2.219,2.219,-13.849,-13.071
4288,16,-0.933,39.423,23.570,-0.000,0.000,0.000,0.134,6.273,-7.642,-2.221,2.221,-13.847,-13.072
4289,16,-0.933,39.423,23.570,-0.000,0.000,0.000,0.096,6.273,-7.604,-2.221,2.221,-13.847,-13.072
4290,16,-0.934,39.420,23.570,-0.000,0.000,0.000,0.096,6.273,-7.604,-2.220,2.220,-13.842,-13.067
4291,16,-0.934,39.420,23.570,-0.000,0.000,0.000,0.124,6.278,-7.628,-2.220,2.220,-13.842,-13.067
4292,16,-0.933,39.423,23.570,-0.000,0.000,0.000,0.124,6.278,-7.628,-2.221,2.221,-13.847,-13.072
4293,16,-0.933,39.423,23.570,-0.000,0.000,0.000,0.120,6.283,-7.637,-2.221,2.221,-13.847,-13.072
4294,16,-0.933,39.423,23.570,-0.000,0.000,0.000,0.120,6.283,-7.637,-2.221,2.221,-13.847,-13.072
4295,16,-0.933,39.423,23.570,-0.000,0.000,0.000,0.124,6.292,-7.623,-2.221,2.221,-13.847,-13.072
4296,16,-0.933,39.423,23.570,-0.000,0.000,0.000,0.124,6.292,-7.623,-2.221,2.221,-13.847,-13.072
4297,16,-0.933,39.423,23.570,-0.000,0.000,0.000,0.144,6.302,-7.628,-2.221,2.221,-13.847,-13.072
4298,16,-0.933,39.423,23.570,-0.000,0.000,0.000,0.144,6.302,-7.628,-2.221,2.221,-13.847,-13.072
4299,16,-0.933,39.423,23.570,-0.000,0.000,0.000,0.148,6.269,-7.656,-2.221,2.221,-13.847,-13.072
4300,16,-0.933,39.423,23.570,-0.000,0.000,0.000,0.148,6.269,-7.656,-2.221,2.221,-13.847,-13.072
4301,16,-0.933,39.423,23.570,-0.000,0.000,0.000,0.153,6.269,-7.637,-2.221,2.221,-13.847,-13.072
4302,16,-0.933,39.423,23.570,-0.000,0.000,0.000,0.153,6.269,-7.637,-2.221,2.221,-13.847,-13.072
4303,16,-0.937,39.424,23.569,-0.000,0.000,0.000,0.167,6.269,-7.661,-2.221,2.221,-13.847,-13.072
4304,16,-0.937,39.424,23.569,-0.000,0.000,0.000,0.167,6.269,-7.661,-2.219,2.219,-13.849,-13.071
4305,16,-0.937,39.424,23.569,-0.000,0.000,0.000,0.115,6.269,-7.642,-2.219,2.219,-13.849,-13.071
4306,16,-0.937,39.424,23.569,-0.000,0.000,0.000,0.115,6.269,-7.642,-2.219,2.219,-13.849,-13.071
4307,16,-0.937,39.424,23.569,-0.000,0.000,0.000,0.120,6.283,-7.599,-2.219,2.219,-13.849,-13.071
4308,16,-0.937,39.424,23.569,-0.000,0.000,0.000,0.120,6.283,-7.599,-2.219,2.219,-13.849,-13.071
4309,16,-0.937,39.424,23.569,-0.000,0.000,0.000,0.057,6.288,-7.613,-2.219,2.219,-13.849,-13.071
4310,16,-0.937,39.424,23.569,-0.000,0.000,0.000,0.057,6.288,-7.613,-2.219,2.219,-13.849,-13.071
4311,16,-0.937,39.424,23.569,-0.000,0.000,0.000,0.053,6.273,-7.608,-2.219,2.219,-13.849,-13.071
4312,16,-0.937,39.424,23.569,-0.000,0.000,0.000,0.053,6.273,-7.608,-2.219,2.219,-13.849,-13.071
4313,16,-0.937,39.424,23.569,-0.000,0.000,0.000,0.129,6.240,-7.651,-2.219,2.219,-13.849,-13.071
4314,16,-0.937,39.425,23.569,-0.003,0.000,0.000,0.129,6.240,-7.651,-2.204,2.204,-13.851,-13.073
4315,16,-0.940,39.425,23.572,-0.002,0.000,0.000,0.158,6.264,-7.656,-2.203,2.203,-13.853,-13.073
4316,16,-0.940,39.425,23.572,-0.002,0.000,0.000,0.158,6.264,-7.656,-2.208,2.208,-13.853,-13.073
4317,16,-0.940,39.425,23.572,-0.002,0.000,0.000,0.110,6.283,-7.647,-2.208,2.208,-13.853,-13.073
4318,16,-0.940,39.425,23.572,-0.002,0.002,0.000,0.110,6.283,-7.647,-2.208,2.208,-13.883,-13.103
4319,16,-0.944,39.426,23.571,-0.003,0.000,0.000,0.177,6.283,-7.632,-2.207,2.207,-13.886,-13.102
4320,16,-0.944,39.426,23.571,-0.003,0.000,0.000,0.177,6.283,-7.632,-2.201,2.201,-13.855,-13.072
4321,16,-0.947,39.426,23.573,-0.003,0.000,0.000,0.182,6.302,-7.618,-2.201,2.201,-13.857,-13.071
4322,16,-0.947,39.426,23.573,-0.001,0.000,0.000,0.182,6.302,-7.618,-2.211,2.211,-13.857,-13.071
4323,16,-0.948,39.426,23.569,0.002,0.000,0.000,0.163,6.292,-7.632,-2.211,2.211,-13.857,-13.071
4324,16,-0.948,39.426,23.569,0.002,0.000,0.000,0.163,6.292,-7.632,-2.227,2.227,-13.858,-13.071
4325,16,-0.944,39.426,23.571,0.002,0.000,0.000,0.139,6.288,-7.623,-2.228,2.228,-13.855,-13.072
4326,16,-0.944,39.426,23.571,0.005,-0.002,0.000,0.139,6.288,-7.623,-2.244,2.244,-13.825,-13.041
4327,16,-0.941,39.422,23.572,0.002,-0.003,0.000,0.043,6.273,-7.628,-2.245,2.245,-13.818,-13.037
4328,16,-0.942,39.421,23.567,0.002,-0.003,0.000,0.043,6.273,-7.628,-2.228,2.228,-13.802,-13.020
4329,16,-0.938,39.420,23.568,0.002,-0.003,0.000,0.067,6.249,-7.647,-2.230,2.230,-13.799,-13.021
4330,16,-0.938,39.420,23.568,0.000,-0.001,0.000,0.067,6.249,-7.647,-2.219,2.219,-13.830,-13.051
4331,16,-0.938,39.417,23.572,-0.002,-0.000,0.000,0.124,6.240,-7.680,-2.219,2.219,-13.824,-13.047
4332,16,-0.942,39.418,23.571,-0.002,-0.000,0.000,0.124,6.240,-7.680,-2.207,2.207,-13.842,-13.061
4333,16,-0.942,39.418,23.571,-0.002,-0.000,0.000,0.124,6.245,-7.666,-2.207,2.207,-13.842,-13.061
4334,16,-0.942,39.418,23.571,-0.002,-0.000,0.000,0.124,6.245,-7.666,-2.207,2.207,-13.842,-13.061
4335,16,-0.942,39.418,23.571,-0.001,0.001,0.000,0.134,6.297,-7.599,-2.207,2.207,-13.842,-13.061
4336,16,-0.942,39.418,23.571,-0.001,0.001,0.000,0.134,6.297,-7.599,-2.213,2.213,-13.857,-13.077
4337,16,-0.942,39.418,23.571,-0.001,0.001,0.000,0.124,6.297,-7.618,-2.213,2.213,-13.857,-13.077
4338,16,-0.946,39.418,23.569,-0.001,0.002,0.000,0.124,6.297,-7.618,-2.211,2.211,-13.875,-13.091
4339,16,-0.946,39.418,23.569,-0.001,0.000,0.000,0.163,6.288,-7.651,-2.211,2.211,-13.875,-13.091
4340,16,-0.946,39.418,23.569,-0.001,0.000,0.000,0.163,6.288,-7.651,-2.211,2.211,-13.845,-13.060
4341,16,-0.946,39.418,23.569,-0.001,0.000,0.000,0.182,6.273,-7.604,-2.211,2.211,-13.845,-13.060
4342,16,-0.946,39.418,23.569,0.001,-0.001,0.000,0.182,6.273,-7.604,-2.222,2.222,-13.830,-13.045
4343,16,-0.946,39.418,23.569,0.001,-0.000,0.000,0.100,6.283,-7.613,-2.222,2.222,-13.830,-13.045
4344,16,-0.946,39.418,23.569,0.001,-0.000,0.000,0.100,6.283,-7.613,-2.222,2.222,-13.845,-13.060
4345,16,-0.942,39.418,23.571,0.001,-0.000,0.000,0.134,6.288,-7.647,-2.223,2.223,-13.842,-13.061
4346,16,-0.942,39.418,23.571,0.002,-0.002,0.000,0.134,6.288,-7.647,-2.229,2.229,-13.812,-13.031
4347,16,-0.942,39.418,23.571,0.001,-0.003,0.000,0.105,6.273,-7.628,-2.229,2.229,-13.812,-13.031
4348,16,-0.943,39.414,23.570,0.001,-0.003,0.000,0.105,6.273,-7.628,-2.223,2.223,-13.792,-13.011
4349,16,-0.943,39.414,23.570,0.001,-0.003,0.000,0.067,6.245,-7.642,-2.223,2.223,-13.792,-13.011
4350,16,-0.943,39.414,23.570,0.000,-0.000,0.000,0.067,6.245,-7.642,-2.218,2.218,-13.838,-13.056
4351,16,-0.938,39.414,23.572,-0.001,-0.000,0.000,0.096,6.240,-7.651,-2.219,2.219,-13.835,-13.057
4352,16,-0.943,39.414,23.570,-0.001,-0.000,0.000,0.096,6.240,-7.651,-2.212,2.212,-13.838,-13.056
4353,16,-0.943,39.414,23.570,-0.001,-0.000,0.000,0.139,6.264,-7.661,-2.212,2.212,-13.838,-13.056
4354,16,-0.943,39.414,23.570,-0.003,0.002,0.000,0.139,6.264,-7.661,-2.202,2.202,-13.868,-13.087
4355,16,-0.945,39.415,23.573,-0.002,0.002,0.000,0.110,6.297,-7.613,-2.202,2.202,-13.867,-13.087
4356,16,-0.944,39.418,23.573,-0.002,0.002,0.000,0.110,6.297,-7.613,-2.207,2.207,-13.875,-13.091
4357,16,-0.944,39.418,23.573,-0.002,0.002,0.000,0.134,6.307,-7.613,-2.207,2.207,-13.874,-13.091
4358,16,-0.944,39.418,23.573,-0.002,0.000,0.000,0.134,6.307,-7.613,-2.207,2.207,-13.844,-13.061
4359,16,-0.944,39.418,23.573,-0.000,-0.001,0.000,0.187,6.292,-7.642,-2.207,2.207,-13.844,-13.061
4360,16,-0.945,39.415,23.573,-0.000,-0.001,0.000,0.187,6.292,-7.642,-2.217,2.217,-13.824,-13.041
4361,16,-0.945,39.415,23.573,-0.000,-0.001,0.000,0.144,6.288,-7.628,-2.217,2.217,-13.824,-13.041
4362,16,-0.945,39.415,23.573,-0.000,-0.002,0.000,0.144,6.288,-7.628,-2.217,2.217,-13.809,-13.026
4363,16,-0.945,39.415,23.573,0.002,-0.000,0.000,0.144,6.264,-7.656,-2.217,2.217,-13.809,-13.026
4364,16,-0.945,39.415,23.573,0.002,-0.000,0.000,0.158,6.264,-7.656,-2.227,2.227,-13.840,-13.056
4365,16,-0.945,39.415,23.573,0.002,-0.000,0.000,0.120,6.269,-7.632,-2.227,2.227,-13.840,-13.056
4366,16,-0.945,39.415,23.573,0.002,-0.002,0.000,0.120,6.269,-7.632,-2.227,2.227,-13.809,-13.026
4367,16,-0.942,39.411,23.574,0.000,-0.000,0.000,0.120,6.273,-7.623,-2.228,2.228,-13.802,-13.022
4368,16,-0.943,39.411,23.570,0.000,-0.000,0.000,0.062,6.273,-7.623,-2.217,2.217,-13.833,-13.052
4369,16,-0.942,39.411,23.574,0.000,-0.000,0.000,0.105,6.273,-7.647,-2.218,2.218,-13.832,-13.052
4370,16,-0.942,39.411,23.574,0.000,-0.000,0.000,0.105,6.273,-7.647,-2.218,2.218,-13.832,-13.052
4371,16,-0.942,39.411,23.574,-0.001,-0.000,0.000,0.105,6.273,-7.618,-2.218,2.218,-13.832,-13.052
4372,16,-0.942,39.411,23.574,-0.001,-0.000,0.000,0.091,6.273,-7.618,-2.212,2.212,-13.832,-13.052
4373,16,-0.946,39.411,23.573,-0.001,-0.000,0.000,0.110,6.264,-7.632,-2.211,2.211,-13.835,-13.051
4374,16,-0.946,39.411,23.573,-0.002,-0.000,0.000,0.110,6.264,-7.632,-2.206,2.206,-13.835,-13.051
4375,16,-0.946,39.411,23.573,-0.001,-0.000,0.000,0.110,6.288,-7.637,-2.206,2.206,-13.835,-13.051
4376,16,-0.946,39.411,23.573,-0.001,-0.000,0.000,0.148,6.288,-7.637,-2.211,2.211,-13.835,-13.051
4377,16,-0.946,39.411,23.573,-0.001,-0.000,0.000,0.144,6.288,-7.637,-2.211,2.211,-13.835,-13.051
4378,16,-0.946,39.411,23.573,-0.001,-0.001,0.000,0.144,6.288,-7.637,-2.211,2.211,-13.820,-13.036
4379,16,-0.946,39.411,23.573,-0.000,-0.000,0.000,0.144,6.273,-7.637,-2.211,2.211,-13.820,-13.036
4380,16,-0.946,39.411,23.573,-0.000,-0.000,0.000,0.153,6.273,-7.637,-2.217,2.217,-13.835,-13.051
4381,16,-0.946,39.411,23.573,-0.000,-0.000,0.000,0.153,6.278,-7.642,-2.217,2.217,-13.835,-13.051
4382,16,-0.946,39.411,23.573,0.001,-0.001,0.000,0.153,6.278,-7.642,-2.222,2.222,-13.820,-13.036
4383,16,-0.946,39.411,23.573,0.000,-0.001,0.000,0.153,6.259,-7.642,-2.222,2.222,-13.820,-13.036
4384,16,-0.946,39.411,23.573,0.000,-0.001,0.000,0.148,6.259,-7.642,-2.217,2.217,-13.820,-13.036
4385,16,-0.947,39.407,23.572,0.000,-0.001,0.000,0.110,6.278,-7.647,-2.216,2.216,-13.814,-13.029
4386,16,-0.947,39.407,23.572,0.001,-0.000,0.000,0.110,6.278,-7.647,-2.221,2.221,-13.829,-13.045
4387,16,-0.947,39.407,23.572,0.001,-0.000,0.000,0.110,6.273,-7.637,-4.471,4.471,-13.829,-13.045
4388,16,-0.947,39.407,23.572,0.001,-0.000,0.000,0.105,6.273,-7.637,-4.471,4.471,-13.829,-13.045
4389,16,-0.947,39.407,23.572,0.001,-0.000,0.000,0.086,6.273,-7.628,-4.471,4.471,-13.829,-13.045
4390,16,-0.947,39.407,23.572,-0.001,-0.000,0.000,0.086,6.273,-7.628,-4.461,4.461,-13.829,-13.045
4391,16,-0.947,39.407,23.572,-0.000,-0.000,0.000,0.086,6.283,-7.628,-4.461,4.461,-13.829,-13.045
4392,16,-0.947,39.407,23.572,-0.000,-0.000,0.000,0.086,6.283,-7.628,-4.466,4.466,-13.829,-13.045
4393,16,-0.947,39.407,23.572,-0.000,-0.000,0.000,0.129,6.259,-7.642,-4.466,4.466,-13.829,-13.045
4394,16,-0.947,39.407,23.572,-0.003,-0.000,0.000,0.129,6.259,-7.642,-4.450,4.450,-13.829,-13.045
4395,16,-0.945,39.408,23.577,-0.001,-0.000,0.000,0.129,6.259,-7.642,-4.451,4.451,-13.830,-13.047
4396,16,-0.945,39.408,23.577,-0.001,-0.000,0.000,0.134,6.273,-7.642,-4.461,4.461,-13.830,-13.047
4397,16,-0.945,39.408,23.577,-0.001,-0.000,0.000,0.134,6.273,-7.632,-4.461,4.461,-13.830,-13.047
4398,16,-0.945,39.408,23.577,-0.000,-0.000,0.000,0.134,6.273,-7.632,-4.467,4.467,-13.830,-13.047
4399,16,-0.945,39.408,23.577,-0.002,-0.000,0.000,0.134,6.273,-7.623,-4.467,4.467,-13.830,-13.047
4400,16,-0.950,39.409,23.575,-0.002,-0.000,0.000,0.177,6.278,-7.623,-4.455,4.455,-13.833,-13.046
4401,16,-0.951,39.409,23.571,-0.002,-0.000,0.000,0.134,6.283,-7.642,-4.454,4.454,-13.833,-13.045
4402,16,-0.947,39.407,23.572,0.007,-0.000,0.005,0.134,6.283,-7.642,-4.570,4.570,-13.962,-12.911
4403,16,-0.949,39.407,23.567,0.019,-0.003,0.010,0.134,6.283,-7.637,-4.570,4.570,-13.963,-12.911
4404,16,-0.938,39.404,23.556,0.019,-0.003,0.010,0.182,6.273,-7.637,-4.680,4.680,-14.002,-12.773
4405,16,-0.934,39.404,23.557,0.019,-0.003,0.010,0.110,6.297,-7.623,-4.686,4.686,-14.013,-12.760
4406,16,-0.937,39.404,23.560,-0.011,0.001,-0.010,0.110,6.297,-7.623,-4.296,4.296,-13.596,-13.300
4407,16,-0.940,39.406,23.570,-0.014,-0.006,-0.016,0.110,6.297,-7.599,-4.295,4.295,-13.599,-13.301
4408,16,-0.941,39.403,23.581,-0.014,-0.006,-0.016,0.019,6.340,-7.599,-4.207,4.207,-13.353,-13.326
4409,16,-0.939,39.399,23.589,-0.014,-0.006,-0.016,0.134,6.326,-7.599,-4.199,4.199,-13.323,-13.345
4410,16,-0.938,39.404,23.590,0.002,0.005,0.001,0.134,6.326,-7.599,-4.493,4.493,-13.923,-13.093
4411,16,-0.936,39.407,23.584,0.013,-0.001,0.014,0.134,6.326,-7.685,-4.493,4.493,-13.928,-13.098
4412,16,-0.935,39.409,23.572,0.013,-0.001,0.014,0.067,6.254,-7.685,-4.707,4.707,-14.157,-12.690
4413,16,-0.934,39.408,23.565,0.013,-0.001,0.014,0.129,6.221,-7.709,-4.707,4.707,-14.157,-12.690
4414,16,-0.937,39.404,23.560,0.007,-0.007,0.012,0.129,6.221,-7.709,-4.653,4.653,-14.007,-12.645
4415,16,-0.937,39.400,23.552,-0.011,-0.001,-0.005,0.129,6.221,-7.608,-4.653,4.653,-14.000,-12.639
4416,16,-0.943,39.397,23.557,-0.011,-0.001,-0.005,0.144,6.269,-7.608,-4.351,4.351,-13.676,-13.139
4417,16,-0.941,39.398,23.562,-0.011,-0.001,-0.005,0.139,6.307,-7.608,-4.348,4.348,-13.665,-13.153
4418,16,-0.944,39.399,23.565,-0.007,-0.000,-0.009,0.139,6.307,-7.608,-4.323,4.323,-13.602,-13.247
4419,16,-0.941,39.398,23.573,0.002,-0.001,0.001,0.139,6.307,-7.666,-4.324,4.324,-13.600,-13.248
4420,16,-0.941,39.398,23.573,0.002,-0.001,0.001,0.177,6.278,-7.666,-4.492,4.492,-13.825,-12.993
4421,16,-0.942,39.398,23.569,0.002,-0.001,0.001,0.115,6.269,-7.642,-4.491,4.491,-13.826,-12.993
4422,16,-0.938,39.398,23.571,0.004,-0.001,0.002,0.115,6.269,-7.642,-4.517,4.517,-13.850,-12.967
4423,16,-0.940,39.398,23.566,0.000,-0.001,-0.002,0.115,6.269,-7.656,-4.516,4.516,-13.851,-12.967
4424,16,-0.939,39.395,23.570,0.000,-0.001,-0.002,0.077,6.240,-7.656,-4.442,4.442,-13.739,-13.069
4425,16,-0.935,39.394,23.572,0.000,-0.001,-0.002,0.124,6.264,-7.623,-4.443,4.443,-13.736,-13.069
4426,16,-0.933,39.394,23.576,-0.001,-0.001,-0.003,0.124,6.264,-7.623,-4.425,4.425,-13.709,-13.096
4427,16,-0.933,39.394,23.576,-0.000,-0.000,0.000,0.124,6.264,-7.637,-4.425,4.425,-13.709,-13.096
4428,16,-0.933,39.394,23.576,-0.000,-0.000,0.000,0.096,6.288,-7.637,-4.470,4.470,-13.804,-13.032
4429,16,-0.933,39.394,23.576,-0.000,-0.000,0.000,0.081,6.283,-7.632,-4.470,4.470,-13.804,-13.032
4430,16,-0.933,39.394,23.576,-0.001,-0.000,0.001,0.081,6.283,-7.632,-4.478,4.478,-13.830,-13.005
4431,16,-0.933,39.394,23.576,-0.001,-0.000,0.001,0.081,6.283,-7.632,-4.478,4.478,-13.830,-13.005
4432,16,-0.933,39.394,23.576,-0.001,-0.000,0.001,0.120,6.259,-7.637,-4.478,4.478,-13.830,-13.005
4433,16,-0.938,39.394,23.574,-0.001,-0.000,0.001,0.120,6.254,-7.642,-4.477,4.477,-13.833,-13.004
4434,16,-0.938,39.394,23.574,-0.002,-0.000,0.000,0.120,6.254,-7.642,-4.458,4.458,-13.806,-13.031
4435,16,-0.938,39.394,23.574,-0.000,-0.000,0.000,0.120,6.254,-7.647,-4.458,4.458,-13.806,-13.031
4436,16,-0.938,39.394,23.574,-0.000,-0.000,0.000,0.158,6.278,-7.647,-4.469,4.469,-13.806,-13.031
4437,16,-0.938,39.394,23.574,-0.000,-0.000,0.000,0.158,6.316,-7.628,-4.469,4.469,-13.806,-13.031
4438,16,-0.938,39.394,23.574,0.001,-0.001,0.000,0.158,6.316,-7.628,-4.474,4.474,-13.791,-13.016
4439,16,-0.934,39.390,23.576,0.000,-0.000,-0.001,0.158,6.316,-7.628,-4.475,4.475,-13.784,-13.012
4440,16,-0.933,39.390,23.580,0.000,-0.000,-0.001,0.134,6.283,-7.637,-4.457,4.457,-13.772,-13.054
4441,16,-0.932,39.393,23.580,0.000,-0.000,-0.001,0.124,6.254,-7.623,-4.457,4.457,-13.776,-13.059
4442,16,-0.933,39.390,23.580,0.000,-0.001,-0.002,0.124,6.254,-7.623,-4.443,4.443,-13.730,-13.065
4443,16,-0.933,39.390,23.580,0.000,-0.001,-0.002,0.124,6.254,-7.623,-4.443,4.443,-13.730,-13.065
4444,16,-0.931,39.390,23.584,0.000,0.001,-0.001,0.110,6.269,-7.647,-4.457,4.457,-13.786,-13.069
4445,16,-0.930,39.393,23.584,0.000,0.001,-0.001,0.110,6.269,-7.647,-4.458,4.458,-13.790,-13.074
4446,16,-0.930,39.393,23.584,0.000,0.001,-0.001,0.086,6.269,-7.647,-4.458,4.458,-13.790,-13.074
4447,16,-0.931,39.390,23.584,0.000,-0.001,-0.001,0.086,6.269,-7.647,-4.457,4.457,-13.756,-13.039
4448,16,-0.931,39.390,23.584,0.000,-0.000,0.000,0.096,6.269,-7.637,-4.471,4.471,-13.797,-13.028
4449,16,-0.931,39.390,23.584,0.000,-0.000,0.000,0.096,6.269,-7.637,-4.471,4.471,-13.797,-13.028
4450,16,-0.931,39.390,23.584,0.000,-0.000,0.000,0.115,6.259,-7.632,-4.471,4.471,-13.797,-13.028
4451,16,-0.931,39.390,23.584,-0.001,-0.000,0.000,0.115,6.259,-7.632,-4.465,4.465,-13.797,-13.028
4452,16,-0.931,39.390,23.584,-0.002,-0.000,0.001,0.115,6.288,-7.632,-4.473,4.473,-13.824,-13.001
4453,16,-0.931,39.390,23.584,-0.002,-0.000,0.001,0.115,6.288,-7.632,-4.473,4.473,-13.824,-13.001
4454,16,-0.931,39.390,23.584,-0.002,-0.000,0.000,0.144,6.288,-7.651,-4.460,4.460,-13.797,-13.028
4455,16,-0.935,39.391,23.583,-0.002,-0.000,0.000,0.144,6.288,-7.651,-4.459,4.459,-13.800,-13.027
4456,16,-0.934,39.390,23.587,-0.000,-0.000,0.000,0.144,6.273,-7.647,-4.470,4.470,-13.799,-13.027
4457,16,-0.934,39.390,23.587,-0.000,-0.000,0.000,0.144,6.273,-7.647,-4.470,4.470,-13.799,-13.027
4458,16,-0.934,39.390,23.587,-0.000,-0.000,-0.001,0.110,6.254,-7.618,-4.456,4.456,-13.773,-13.054
4459,16,-0.934,39.390,23.587,-0.000,-0.001,-0.001,0.110,6.254,-7.618,-4.456,4.456,-13.757,-13.038
4460,16,-0.930,39.390,23.588,0.002,-0.000,0.000,0.158,6.283,-7.647,-4.482,4.482,-13.797,-13.028
4461,16,-0.930,39.390,23.588,0.002,-0.000,0.000,0.158,6.283,-7.647,-4.482,4.482,-13.797,-13.028
4462,16,-0.930,39.390,23.588,0.002,-0.000,0.000,0.115,6.288,-7.647,-4.482,4.482,-13.797,-13.028
4463,16,-0.930,39.390,23.588,0.000,-0.001,0.000,0.115,6.288,-7.647,-4.471,4.471,-13.781,-13.013
4464,16,-0.930,39.390,23.588,0.000,-0.000,-0.001,0.091,6.273,-7.623,-4.458,4.458,-13.770,-13.054
4465,16,-0.930,39.390,23.588,0.000,-0.000,-0.001,0.091,6.273,-7.623,-4.458,4.458,-13.770,-13.054
4466,16,-0.930,39.390,23.588,0.000,-0.000,-0.001,0.110,6.254,-7.628,-4.458,4.458,-13.770,-13.054
4467,16,-0.930,39.390,23.588,0.000,-0.000,-0.001,0.110,6.254,-7.628,-4.458,4.458,-13.770,-13.054
4468,16,-0.930,39.390,23.588,0.000,-0.001,0.000,0.086,6.259,-7.632,-4.471,4.471,-13.781,-13.013
4469,16,-0.926,39.389,23.590,0.000,-0.001,0.000,0.086,6.259,-7.632,-4.472,4.472,-13.779,-13.013
4470,16,-0.924,39.389,23.594,0.000,-0.001,0.000,0.100,6.283,-7.647,-4.473,4.473,-13.778,-13.014
4471,16,-0.924,39.389,23.594,-0.001,-0.000,0.000,0.100,6.283,-7.647,-4.467,4.467,-13.793,-13.029
4472,16,-0.929,39.386,23.592,-0.002,-0.000,0.000,0.129,6.269,-7.651,-4.459,4.459,-13.787,-13.027
4473,16,-0.929,39.386,23.592,-0.002,-0.000,0.000,0.129,6.269,-7.651,-4.460,4.460,-13.791,-13.023
4474,16,-0.929,39.386,23.592,-0.002,-0.000,0.000,0.129,6.278,-7.623,-4.460,4.460,-13.791,-13.023
4475,16,-0.929,39.386,23.592,-0.003,-0.000,0.000,0.129,6.278,-7.623,-4.455,4.455,-13.791,-13.023
4476,16,-0.933,39.387,23.591,-0.001,-0.000,0.000,0.158,6.269,-7.618,-4.465,4.465,-13.794,-13.023
4477,16,-0.933,39.387,23.591,-0.001,-0.000,0.000,0.158,6.269,-7.618,-4.465,4.465,-13.794,-13.023
4478,16,-0.933,39.387,23.591,-0.001,-0.000,0.000,0.134,6.288,-7.637,-4.465,4.465,-13.794,-13.023
4479,16,-0.933,39.387,23.591,0.001,-0.000,0.000,0.134,6.288,-7.637,-4.475,4.475,-13.794,-13.023
4480,16,-0.933,39.387,23.591,0.000,-0.000,0.000,0.134,6.278,-7.637,-4.470,4.470,-13.794,-13.023
4481,16,-0.933,39.387,23.591,0.000,-0.000,0.000,0.134,6.278,-7.637,-4.470,4.470,-13.794,-13.023
4482,16,-0.933,39.387,23.591,0.000,-0.000,0.000,0.120,6.264,-7.637,-4.470,4.470,-13.794,-13.023
4483,16,-0.933,39.387,23.591,0.000,-0.000,0.000,0.120,6.264,-7.637,-4.470,4.470,-13.794,-13.023
4484,16,-0.933,39.387,23.591,0.000,-0.001,0.000,0.096,6.269,-7.628,-4.470,4.470,-13.778,-13.008
4485,16,-0.933,39.387,23.591,0.000,-0.001,0.000,0.096,6.269,-7.628,-4.470,4.470,-13.779,-13.007
4486,16,-0.933,39.387,23.591,0.000,-0.001,0.000,0.110,6.283,-7.637,-4.470,4.470,-13.779,-13.007
4487,16,-0.933,39.387,23.591,0.000,-0.000,0.000,0.110,6.283,-7.637,-4.470,4.470,-13.794,-13.023
4488,16,-0.933,39.387,23.591,0.000,-0.000,0.000,0.072,6.283,-7.642,-4.470,4.470,-13.794,-13.023
4489,16,-0.929,39.386,23.592,0.000,-0.000,0.000,0.072,6.283,-7.642,-4.471,4.471,-13.791,-13.023
4490,16,-0.929,39.386,23.592,0.000,-0.000,0.000,0.115,6.264,-7.632,-4.471,4.471,-13.791,-13.023
4491,16,-0.927,39.389,23.597,0.000,-0.000,0.000,0.115,6.264,-7.632,-4.472,4.472,-13.795,-13.028
4492,16,-0.927,39.389,23.597,-0.001,-0.000,0.000,0.148,6.264,-7.637,-4.467,4.467,-13.795,-13.028
4493,16,-0.927,39.389,23.597,-0.001,-0.000,0.000,0.148,6.264,-7.637,-4.467,4.467,-13.795,-13.028
4494,16,-0.927,39.389,23.597,-0.001,-0.000,0.000,0.110,6.278,-7.623,-4.467,4.467,-13.795,-13.028
4495,16,-0.931,39.390,23.595,-0.001,0.001,0.000,0.110,6.278,-7.623,-4.465,4.465,-13.813,-13.043
4496,16,-0.931,39.391,23.596,-0.000,0.000,0.000,0.148,6.297,-7.628,-4.471,4.471,-13.799,-13.029
4497,16,-0.931,39.391,23.596,-0.000,0.000,0.000,0.148,6.297,-7.628,-4.471,4.471,-13.799,-13.029
4498,16,-0.931,39.391,23.596,-0.000,0.000,0.000,0.129,6.283,-7.628,-4.471,4.471,-13.799,-13.029
4499,16,-0.931,39.391,23.596,-0.000,0.000,0.000,0.129,6.283,-7.628,-4.471,4.471,-13.799,-13.029
4500,16,-0.926,39.390,23.597,0.001,0.000,0.000,0.120,6.269,-7.628,-4.478,4.478,-13.800,-13.027
4501,16,-0.926,39.390,23.597,0.001,0.000,0.000,0.120,6.269,-7.628,-4.477,4.477,-13.796,-13.030
4502,16,-0.926,39.390,23.597,0.001,0.000,0.000,0.139,6.264,-7.656,-4.477,4.477,-13.796,-13.030
4503,16,-0.926,39.394,23.598,0.001,0.000,0.000,0.139,6.264,-7.656,-4.477,4.477,-13.796,-13.030
4504,16,-0.926,39.394,23.598,0.001,0.000,0.000,0.086,6.288,-7.651,-4.478,4.478,-13.801,-13.035
4505,16,-0.926,39.394,23.598,0.001,0.000,0.000,0.086,6.288,-7.651,-4.478,4.478,-13.801,-13.035
4506,16,-0.926,39.394,23.598,0.001,0.000,0.000,0.110,6.264,-7.637,-4.478,4.478,-13.801,-13.035
4507,16,-0.926,39.394,23.598,0.000,0.000,0.000,0.110,6.264,-7.637,-4.472,4.472,-13.801,-13.035
4508,16,-0.926,39.394,23.598,-0.001,0.001,0.000,0.105,6.269,-7.628,-4.467,4.467,-13.816,-13.050
4509,16,-0.926,39.394,23.598,-0.001,0.001,0.000,0.105,6.269,-7.628,-4.467,4.467,-13.816,-13.050
4510,16,-0.926,39.394,23.598,-0.001,0.001,0.000,0.100,6.278,-7.637,-4.467,4.467,-13.816,-13.050
4511,16,-0.926,39.394,23.598,-0.000,0.000,0.000,0.100,6.278,-7.637,-4.472,4.472,-13.801,-13.035
4512,16,-0.926,39.394,23.598,-0.000,0.001,0.000,0.134,6.288,-7.632,-4.472,4.472,-13.816,-13.050
4513,16,-0.926,39.394,23.598,-0.000,0.001,0.000,0.134,6.288,-7.632,-4.472,4.472,-13.816,-13.050
4514,16,-0.921,39.393,23.599,-0.000,0.001,0.000,0.120,6.278,-7.637,-4.474,4.474,-13.813,-13.051
4515,16,-0.921,39.393,23.599,-0.000,-0.002,0.000,0.120,6.278,-7.637,-4.474,4.474,-13.768,-13.005
4516,16,-0.921,39.393,23.599,-0.000,0.001,0.000,0.120,6.269,-7.623,-4.474,4.474,-13.813,-13.051
4517,16,-0.921,39.393,23.599,-0.000,0.001,0.000,0.120,6.269,-7.623,-4.474,4.474,-13.813,-13.051
4518,16,-0.921,39.393,23.599,-0.000,0.001,0.000,0.158,6.269,-7.628,-4.474,4.474,-13.813,-13.051
4519,16,-0.921,39.393,23.599,-0.001,-0.001,0.000,0.158,6.269,-7.628,-4.468,4.468,-13.783,-13.021
4520,16,-0.926,39.394,23.598,-0.000,0.001,0.000,0.100,6.283,-7.642,-4.472,4.472,-13.816,-13.050
4521,16,-0.926,39.394,23.598,-0.000,0.001,0.000,0.100,6.283,-7.642,-4.472,4.472,-13.816,-13.050
4522,16,-0.926,39.394,23.598,-0.000,0.001,0.000,0.120,6.264,-7.642,-4.472,4.472,-13.816,-13.050
4523,16,-0.921,39.393,23.599,-0.000,-0.001,0.000,0.120,6.264,-7.642,-4.474,4.474,-13.783,-13.021
4524,16,-0.921,39.393,23.599,0.002,-0.000,0.000,0.124,6.269,-7.661,-4.484,4.484,-13.798,-13.036
4525,16,-0.921,39.393,23.599,0.002,-0.000,0.000,0.124,6.269,-7.661,-4.484,4.484,-13.798,-13.036
4526,16,-0.921,39.393,23.599,0.002,-0.000,0.000,0.096,6.264,-7.651,-4.484,4.484,-13.798,-13.036
4527,16,-0.921,39.393,23.599,0.000,-0.000,0.000,0.096,6.264,-7.651,-4.474,4.474,-13.798,-13.036
4528,16,-0.921,39.393,23.599,0.000,-0.000,0.000,0.110,6.273,-7.623,-4.474,4.474,-13.798,-13.036
4529,16,-0.921,39.393,23.599,0.000,-0.000,0.000,0.110,6.273,-7.623,-4.474,4.474,-13.798,-13.036
4530,16,-0.917,39.392,23.601,0.000,-0.000,0.000,0.105,6.278,-7.647,-4.475,4.475,-13.795,-13.037
4531,16,-0.917,39.392,23.601,0.000,-0.000,0.000,0.105,6.278,-7.647,-4.475,4.475,-13.795,-13.037
4532,16,-0.917,39.392,23.601,0.000,-0.000,0.000,0.134,6.273,-7.642,-4.475,4.475,-13.795,-13.037
4533,16,-0.917,39.392,23.601,0.000,-0.000,0.000,0.134,6.273,-7.642,-4.475,4.475,-13.795,-13.037
4534,16,-0.917,39.392,23.601,0.000,-0.000,0.000,0.124,6.283,-7.628,-4.475,4.475,-13.795,-13.037
4535,16,-0.917,39.392,23.601,0.000,-0.000,0.000,0.124,6.283,-7.628,-4.475,4.475,-13.795,-13.037
4536,16,-0.917,39.392,23.601,0.000,-0.000,0.000,0.115,6.278,-7.647,-4.475,4.475,-13.795,-13.037
4537,16,-0.917,39.392,23.601,0.000,-0.000,0.000,0.115,6.278,-7.647,-4.475,4.475,-13.795,-13.037
4538,16,-0.917,39.392,23.601,0.000,-0.000,0.000,0.153,6.278,-7.637,-4.475,4.475,-13.795,-13.037
4539,16,-0.917,39.392,23.601,0.000,-0.000,0.000,0.153,6.278,-7.637,-4.475,4.475,-13.795,-13.037
4540,16,-0.917,39.392,23.601,0.000,-0.000,0.000,0.124,6.273,-7.637,-4.475,4.475,-13.795,-13.037
4541,16,-0.917,39.392,23.601,0.000,-0.000,0.000,0.124,6.273,-7.637,-4.475,4.475,-13.795,-13.037
4542,16,-0.917,39.392,23.601,0.000,-0.000,0.000,0.105,6.269,-7.656,-4.475,4.475,-13.795,-13.037
4543,16,-0.917,39.392,23.601,0.000,-0.000,0.000,0.105,6.269,-7.656,-4.475,4.475,-13.795,-13.037
4544,16,-0.917,39.392,23.601,0.000,-0.000,0.000,0.105,6.269,-7.632,-4.475,4.475,-13.795,-13.037
4545,16,-0.917,39.392,23.601,0.000,-0.000,0.000,0.105,6.269,-7.632,-4.475,4.475,-13.795,-13.037
4546,16,-0.917,39.392,23.601,0.000,-0.000,0.000,0.105,6.278,-7.632,-4.475,4.475,-13.795,-13.037
4547,16,-0.917,39.392,23.601,0.000,-0.000,0.000,0.105,6.278,-7.632,-4.475,4.475,-13.795,-13.037
4548,16,-0.917,39.392,23.601,0.000,-0.000,0.000,0.120,6.283,-7.623,-4.475,4.475,-13.795,-13.037
4549,16,-0.917,39.392,23.601,0.000,-0.000,0.000,0.120,6.283,-7.623,-4.475,4.475,-13.795,-13.037
4550,16,-0.917,39.392,23.601,0.000,-0.000,0.000,0.100,6.283,-7.632,-4.475,4.475,-13.795,-13.037
4551,16,-0.917,39.392,23.601,0.000,-0.000,0.000,0.100,6.283,-7.632,-4.475,4.475,-13.795,-13.037
4552,16,-0.916,39.396,23.601,0.000,-0.000,0.000,0.144,6.269,-7.647,-4.475,4.475,-13.800,-13.042
4553,16,-0.916,39.396,23.601,0.000,-0.000,0.000,0.144,6.269,-7.647,-4.475,4.475,-13.800,-13.042
4554,16,-0.916,39.396,23.601,0.000,-0.000,0.000,0.134,6.264,-7.642,-4.475,4.475,-13.800,-13.042
4555,16,-0.916,39.396,23.601,0.000,-0.000,0.000,0.134,6.264,-7.642,-4.475,4.475,-13.800,-13.042
4556,16,-0.916,39.396,23.601,0.000,-0.000,0.000,0.115,6.278,-7.642,-4.475,4.475,-13.800,-13.042
4557,16,-0.916,39.396,23.601,0.000,-0.000,0.000,0.115,6.278,-7.642,-4.475,4.475,-13.800,-13.042
4558,16,-0.916,39.396,23.601,0.000,-0.000,0.000,0.144,6.273,-7.623,-4.475,4.475,-13.800,-13.042
4559,16,-0.916,39.396,23.601,0.000,-0.000,0.000,0.144,6.273,-7.623,-4.475,4.475,-13.800,-13.042
4560,16,-0.916,39.396,23.601,0.000,-0.000,0.000,0.110,6.278,-7.637,-4.475,4.475,-13.800,-13.042
4561,16,-0.916,39.396,23.601,0.000,-0.000,0.000,0.110,6.278,-7.637,-4.475,4.475,-13.800,-13.042
4562,16,-0.916,39.396,23.601,0.000,-0.000,0.000,0.100,6.269,-7.651,-4.475,4.475,-13.800,-13.042
4563,16,-0.916,39.396,23.601,0.000,-0.000,0.000,0.100,6.269,-7.651,-4.475,4.475,-13.800,-13.042
4564,16,-0.916,39.396,23.601,0.000,-0.000,0.000,0.120,6.269,-7.628,-4.475,4.475,-13.800,-13.042
4565,16,-0.912,39.395,23.602,0.000,-0.000,0.000,0.120,6.269,-7.628,-4.476,4.476,-13.797,-13.042
4566,16,-0.912,39.395,23.602,0.000,-0.000,0.000,0.091,6.269,-7.623,-4.476,4.476,-13.797,-13.042
4567,16,-0.912,39.395,23.602,0.000,-0.000,0.000,0.091,6.269,-7.623,-4.476,4.476,-13.797,-13.042
4568,16,-0.912,39.395,23.602,0.000,-0.000,0.000,0.110,6.273,-7.647,-4.476,4.476,-13.797,-13.042
4569,16,-0.912,39.395,23.602,0.000,-0.000,0.000,0.110,6.273,-7.647,-4.476,4.476,-13.797,-13.042
4570,16,-0.912,39.395,23.602,0.000,-0.000,0.000,0.129,6.273,-7.637,-4.476,4.476,-13.797,-13.042
4571,16,-0.912,39.395,23.602,0.000,-0.000,0.000,0.129,6.273,-7.637,-4.476,4.476,-13.797,-13.042
4572,16,-0.912,39.395,23.602,0.000,-0.000,0.000,0.129,6.269,-7.637,-4.476,4.476,-13.797,-13.042
4573,16,-0.912,39.395,23.602,0.000,-0.000,0.000,0.129,6.269,-7.637,-4.476,4.476,-13.797,-13.042
4574,16,-0.912,39.395,23.602,0.000,-0.000,0.000,0.115,6.283,-7.632,-4.476,4.476,-13.797,-13.042
4575,16,-0.912,39.395,23.602,0.000,-0.000,0.000,0.115,6.283,-7.632,-4.476,4.476,-13.797,-13.042
4576,16,-0.912,39.395,23.602,0.000,-0.000,0.000,0.134,6.283,-7.632,-4.476,4.476,-13.797,-13.042
4577,16,-0.912,39.395,23.602,0.000,-0.000,0.000,0.134,6.283,-7.632,-4.476,4.476,-13.797,-13.042
4578,16,-0.912,39.395,23.602,0.000,-0.000,0.000,0.144,6.269,-7.637,-4.476,4.476,-13.797,-13.042
4579,16,-0.912,39.395,23.602,0.000,-0.000,0.000,0.144,6.269,-7.637,-4.476,4.476,-13.797,-13.042
4580,16,-0.912,39.395,23.602,0.000,-0.000,0.000,0.096,6.269,-7.647,-4.476,4.476,-13.797,-13.042
4581,16,-0.912,39.395,23.602,0.000,-0.000,0.000,0.096,6.269,-7.647,-4.476,4.476,-13.797,-13.042
4582,16,-0.912,39.395,23.602,0.000,-0.000,0.000,0.110,6.269,-7.637,-4.476,4.476,-13.797,-13.042
4583,16,-0.912,39.395,23.602,0.000,-0.000,0.000,0.110,6.269,-7.637,-4.476,4.476,-13.797,-13.042
4584,16,-0.911,39.395,23.607,0.000,-0.000,0.000,0.110,6.273,-7.661,-4.477,4.477,-13.796,-13.043
4585,16,-0.911,39.395,23.607,0.000,-0.000,0.000,0.110,6.273,-7.661,-4.477,4.477,-13.796,-13.043
4586,16,-0.911,39.395,23.607,0.000,-0.000,0.000,0.100,6.273,-7.628,-4.477,4.477,-13.796,-13.043
4587,16,-0.911,39.395,23.607,0.000,-0.000,0.000,0.100,6.273,-7.628,-4.477,4.477,-13.796,-13.043
4588,16,-0.911,39.395,23.607,0.000,-0.000,0.000,0.120,6.278,-7.637,-4.477,4.477,-13.796,-13.043
4589,16,-0.911,39.395,23.607,0.000,-0.000,0.000,0.120,6.278,-7.637,-4.477,4.477,-13.796,-13.043
4590,16,-0.907,39.394,23.608,0.000,-0.000,0.000,0.129,6.288,-7.637,-4.478,4.478,-13.793,-13.043
4591,16,-0.907,39.394,23.608,0.000,-0.000,0.000,0.129,6.288,-7.637,-4.478,4.478,-13.793,-13.043
4592,16,-0.907,39.394,23.608,0.000,-0.000,0.000,0.134,6.283,-7.647,-4.478,4.478,-13.793,-13.043
4593,16,-0.907,39.394,23.608,0.000,-0.000,0.000,0.134,6.283,-7.647,-4.478,4.478,-13.793,-13.043
4594,16,-0.907,39.394,23.608,0.000,-0.000,0.000,0.144,6.278,-7.642,-4.478,4.478,-13.793,-13.043
4595,16,-0.907,39.394,23.608,0.000,-0.000,0.000,0.144,6.278,-7.642,-4.478,4.478,-13.793,-13.043
4596,16,-0.907,39.394,23.608,0.000,-0.000,0.000,0.115,6.269,-7.637,-4.478,4.478,-13.793,-13.043
4597,16,-0.907,39.394,23.608,0.000,-0.000,0.000,0.115,6.269,-7.637,-4.478,4.478,-13.793,-13.043
4598,16,-0.907,39.394,23.608,0.000,-0.000,0.000,0.124,6.278,-7.628,-4.478,4.478,-13.793,-13.043
4599,16,-0.907,39.394,23.608,0.000,-0.000,0.000,0.124,6.278,-7.628,-4.478,4.478,-13.793,-13.043
4600,16,-0.911,39.395,23.607,0.000,-0.000,0.000,0.110,6.278,-7.632,-4.477,4.477,-13.796,-13.043
4601,16,-0.911,39.395,23.607,0.000,-0.000,0.000,0.110,6.278,-7.632,-4.477,4.477,-13.796,-13.043
4602,16,-0.911,39.395,23.607,0.000,-0.000,0.000,0.105,6.264,-7.656,-4.477,4.477,-13.796,-13.043
4603,16,-0.907,39.394,23.608,0.000,-0.000,0.000,0.105,6.264,-7.656,-4.477,4.477,-13.796,-13.043
4604,16,-0.907,39.394,23.608,0.000,-0.000,0.000,0.115,6.259,-7.623,-4.478,4.478,-13.793,-13.043
4605,16,-0.907,39.394,23.608,0.000,-0.000,0.000,0.115,6.259,-7.623,-4.478,4.478,-13.793,-13.043
4606,16,-0.907,39.394,23.608,0.000,-0.000,0.000,0.115,6.259,-7.637,-4.478,4.478,-13.793,-13.043
4607,16,-0.907,39.394,23.608,0.000,-0.000,0.000,0.110,6.264,-7.637,-4.478,4.478,-13.793,-13.043
4608,16,-0.907,39.394,23.608,0.000,-0.000,0.000,0.110,6.264,-7.637,-4.478,4.478,-13.793,-13.043
4609,16,-0.907,39.394,23.608,0.000,-0.000,0.000,0.124,6.283,-7.647,-4.478,4.478,-13.793,-13.043
4610,16,-0.907,39.394,23.608,0.000,-0.000,0.000,0.124,6.283,-7.632,-4.478,4.478,-13.793,-13.043
4611,16,-0.907,39.394,23.608,0.000,-0.000,0.000,0.134,6.278,-7.632,-4.478,4.478,-13.793,-13.043
4612,16,-0.907,39.394,23.608,0.000,-0.000,0.000,0.134,6.278,-7.632,-4.478,4.478,-13.793,-13.043
4613,16,-0.907,39.394,23.608,0.000,-0.000,0.000,0.139,6.273,-7.628,-4.478,4.478,-13.793,-13.043
4614,16,-0.907,39.394,23.608,0.000,-0.000,0.000,0.139,6.273,-7.632,-4.478,4.478,-13.793,-13.043
4615,16,-0.907,39.394,23.608,0.000,-0.000,0.000,0.129,6.278,-7.632,-4.478,4.478,-13.793,-13.043
4616,16,-0.907,39.394,23.608,0.000,-0.000,0.000,0.129,6.278,-7.632,-4.478,4.478,-13.793,-13.043
4617,16,-0.907,39.394,23.608,0.000,-0.000,0.000,0.134,6.278,-7.651,-4.478,4.478,-13.793,-13.043
4618,16,-0.907,39.394,23.608,0.000,-0.000,0.000,0.134,6.278,-7.651,-4.478,4.478,-13.793,-13.043
4619,16,-0.907,39.394,23.608,0.000,-0.000,0.000,0.134,6.259,-7.628,-4.478,4.478,-13.793,-13.043
4620,16,-0.911,39.395,23.607,0.000,-0.000,0.000,0.134,6.259,-7.628,-4.476,4.476,-13.793,-13.046
4621,16,-0.911,39.395,23.607,0.000,-0.000,0.000,0.115,6.264,-7.637,-4.477,4.477,-13.796,-13.043
4622,16,-0.911,39.395,23.607,0.000,-0.000,0.000,0.115,6.264,-7.637,-4.477,4.477,-13.796,-13.043
4623,16,-0.911,39.395,23.607,0.000,-0.000,0.000,0.115,6.273,-7.651,-4.477,4.477,-13.796,-13.043
4624,16,-0.911,39.395,23.607,0.000,-0.000,0.000,0.115,6.273,-7.651,-4.477,4.477,-13.796,-13.043
4625,16,-0.911,39.395,23.607,0.000,-0.000,0.000,0.100,6.278,-7.637,-4.477,4.477,-13.796,-13.043
4626,16,-0.911,39.395,23.607,0.000,-0.000,0.000,0.100,6.278,-7.637,-4.477,4.477,-13.796,-13.043
4627,16,-0.911,39.395,23.607,0.000,-0.000,0.000,0.100,6.259,-7.647,-4.477,4.477,-13.796,-13.043
4628,16,-0.907,39.394,23.608,0.000,-0.000,0.000,0.100,6.259,-7.647,-4.478,4.478,-13.793,-13.043
4629,16,-0.907,39.394,23.608,0.000,-0.000,0.000,0.110,6.264,-7.637,-4.478,4.478,-13.793,-13.043
4630,16,-0.907,39.394,23.608,0.000,-0.000,0.000,0.110,6.264,-7.637,-4.478,4.478,-13.793,-13.043
4631,16,-0.907,39.394,23.608,0.000,-0.000,0.000,0.134,6.269,-7.637,-4.478,4.478,-13.793,-13.043
4632,16,-0.907,39.394,23.608,0.000,-0.000,0.000,0.134,6.269,-7.637,-4.478,4.478,-13.793,-13.043
4633,16,-0.907,39.394,23.608,0.000,-0.000,0.000,0.096,6.297,-7.604,-4.478,4.478,-13.793,-13.043
4634,16,-0.907,39.394,23.608,0.000,-0.000,0.000,0.096,6.297,-7.604,-4.478,4.478,-13.793,-13.043
4635,16,-0.907,39.394,23.608,0.000,-0.000,0.000,0.153,6.292,-7.651,-4.478,4.478,-13.793,-13.043
4636,16,-0.907,39.394,23.608,0.000,-0.000,0.000,0.153,6.292,-7.651,-4.478,4.478,-13.793,-13.043
4637,16,-0.907,39.394,23.608,0.000,-0.000,0.000,0.153,6.269,-7.642,-4.478,4.478,-13.793,-13.043
4638,16,-0.907,39.394,23.608,0.000,-0.000,0.000,0.153,6.269,-7.642,-4.478,4.478,-13.793,-13.043
4639,16,-0.907,39.394,23.608,0.000,-0.000,0.000,0.096,6.269,-7.632,-4.478,4.478,-13.793,-13.043
4640,16,-0.907,39.394,23.608,0.000,-0.000,0.000,0.096,6.269,-7.632,-4.478,4.478,-13.793,-13.043
4641,16,-0.907,39.394,23.608,0.000,-0.000,0.000,0.129,6.283,-7.661,-4.478,4.478,-13.793,-13.043
4642,16,-0.907,39.394,23.608,0.000,-0.000,0.000,0.129,6.283,-7.661,-4.478,4.478,-13.793,-13.043
4643,16,-0.907,39.394,23.608,0.000,-0.000,0.000,0.091,6.264,-7.628,-4.478,4.478,-13.793,-13.043
4644,16,-0.907,39.394,23.608,0.000,-0.000,0.000,0.091,6.264,-7.628,-4.478,4.478,-13.793,-13.043
4645,16,-0.907,39.394,23.608,0.000,-0.000,0.000,0.120,6.249,-7.637,-4.478,4.478,-13.793,-13.043
4646,16,-0.907,39.394,23.608,0.000,-0.000,0.000,0.120,6.249,-7.637,-4.478,4.478,-13.793,-13.043
4647,16,-0.907,39.394,23.608,0.000,-0.000,0.000,0.105,6.283,-7.647,-4.478,4.478,-13.793,-13.043
4648,16,-0.907,39.394,23.608,0.000,-0.000,0.000,0.105,6.283,-7.647,-4.478,4.478,-13.793,-13.043
4649,16,-0.907,39.394,23.608,0.000,-0.000,0.000,0.110,6.288,-7.637,-4.478,4.478,-13.793,-13.043
4650,16,-0.907,39.394,23.608,0.000,-0.000,0.000,0.110,6.288,-7.637,-4.478,4.478,-13.793,-13.043
4651,16,-0.907,39.394,23.608,0.000,-0.000,0.000,0.139,6.283,-7.637,-4.478,4.478,-13.793,-13.043
4652,16,-0.907,39.394,23.608,0.000,-0.000,0.000,0.139,6.283,-7.637,-4.478,4.478,-13.793,-13.043
4653,16,-0.907,39.394,23.608,0.000,-0.000,0.000,0.124,6.278,-7.637,-4.478,4.478,-13.793,-13.043
4654,16,-0.907,39.394,23.608,0.000,-0.000,0.000,0.124,6.278,-7.637,-4.478,4.478,-13.793,-13.043
4655,16,-0.907,39.394,23.608,0.000,-0.000,0.000,0.139,6.259,-7.642,-4.478,4.478,-13.793,-13.043
4656,16,-0.907,39.394,23.608,0.000,-0.000,0.000,0.139,6.259,-7.642,-4.478,4.478,-13.793,-13.043
4657,16,-0.907,39.394,23.608,0.000,-0.000,0.000,0.124,6.292,-7.651,-4.478,4.478,-13.793,-13.043
4658,16,-0.907,39.394,23.608,0.000,-0.000,0.000,0.124,6.292,-7.651,-4.478,4.478,-13.793,-13.043
4659,16,-0.907,39.394,23.608,0.000,-0.000,0.000,0.105,6.292,-7.618,-4.478,4.478,-13.793,-13.043
4660,16,-0.907,39.394,23.608,0.000,-0.000,0.000,0.105,6.292,-7.618,-4.478,4.478,-13.793,-13.043
4661,16,-0.907,39.394,23.608,0.000,-0.000,0.000,0.120,6.264,-7.623,-4.478,4.478,-13.793,-13.043
4662,16,-0.907,39.394,23.608,0.000,-0.000,0.000,0.120,6.264,-7.623,-4.478,4.478,-13.793,-13.043
4663,16,-0.907,39.394,23.608,0.000,-0.000,0.000,0.100,6.273,-7.647,-4.478,4.478,-13.793,-13.043
4664,16,-0.907,39.394,23.608,0.000,-0.000,0.000,0.100,6.273,-7.647,-4.478,4.478,-13.793,-13.043
4665,16,-0.907,39.394,23.608,0.000,-0.000,0.000,0.105,6.259,-7.637,-4.478,4.478,-13.793,-13.043
4666,16,-0.907,39.394,23.608,0.000,-0.000,0.000,0.105,6.259,-7.637,-4.478,4.478,-13.793,-13.043
4667,16,-0.907,39.394,23.608,0.000,-0.000,0.000,0.134,6.278,-7.651,-4.478,4.478,-13.793,-13.043
4668,16,-0.907,39.394,23.608,0.000,-0.000,0.000,0.134,6.278,-7.651,-4.478,4.478,-13.793,-13.043
4669,16,-0.907,39.394,23.608,0.000,-0.000,0.000,0.120,6.269,-7.637,-4.478,4.478,-13.793,-13.043
4670,16,-0.907,39.394,23.608,0.000,-0.000,0.000,0.120,6.269,-7.637,-4.478,4.478,-13.793,-13.043
4671,16,-0.907,39.394,23.608,0.000,-0.000,0.000,0.124,6.273,-7.618,-4.478,4.478,-13.793,-13.043
4672,16,-0.907,39.394,23.608,0.000,-0.000,0.000,0.124,6.273,-7.618,-4.478,4.478,-13.793,-13.043
4673,16,-0.907,39.394,23.608,0.000,-0.000,0.000,0.139,6.292,-7.642,-4.478,4.478,-13.793,-13.043
4674,16,-0.907,39.394,23.608,0.000,-0.000,0.000,0.139,6.292,-7.642,-4.478,4.478,-13.793,-13.043
4675,16,-0.907,39.394,23.608,0.000,-0.000,0.000,0.115,6.273,-7.651,-4.478,4.478,-13.793,-13.043
4676,16,-0.907,39.394,23.608,0.000,-0.000,0.000,0.115,6.273,-7.651,-4.478,4.478,-13.793,-13.043
4677,16,-0.907,39.394,23.608,0.000,-0.000,0.000,0.144,6.259,-7.628,-4.478,4.478,-13.793,-13.043
4678,16,-0.907,39.394,23.608,0.000,-0.000,0.000,0.144,6.259,-7.628,-4.478,4.478,-13.793,-13.043
4679,16,-0.907,39.394,23.608,0.000,-0.000,0.000,0.105,6.278,-7.632,-4.478,4.478,-13.793,-13.043
4680,16,-0.907,39.394,23.608,0.000,-0.000,0.000,0.105,6.278,-7.632,-4.478,4.478,-13.793,-13.043
4681,16,-0.907,39.394,23.608,0.000,-0.000,0.000,0.110,6.273,-7.637,-4.478,4.478,-13.793,-13.043
4682,16,-0.907,39.394,23.608,0.000,-0.000,0.000,0.110,6.273,-7.637,-4.478,4.478,-13.793,-13.043
4683,16,-0.907,39.394,23.608,0.000,-0.000,0.000,0.120,6.269,-7.647,-4.478,4.478,-13.793,-13.043
4684,16,-0.907,39.394,23.608,0.000,-0.000,0.000,0.120,6.269,-7.647,-4.478,4.478,-13.793,-13.043
4685,16,-0.907,39.394,23.608,0.000,-0.000,0.000,0.105,6.264,-7.647,-4.478,4.478,-13.793,-13.043
4686,16,-0.907,39.394,23.608,0.000,-0.000,0.000,0.105,6.264,-7.647,-4.478,4.478,-13.793,-13.043
4687,16,-0.907,39.394,23.608,0.000,-0.000,0.000,0.120,6.259,-7.628,-4.478,4.478,-13.793,-13.043
4688,16,-0.907,39.394,23.608,0.000,-0.000,0.000,0.120,6.259,-7.628,-4.478,4.478,-13.793,-13.043
4689,16,-0.907,39.394,23.608,0.000,-0.000,0.000,0.129,6.278,-7.642,-4.478,4.478,-13.793,-13.043
4690,16,-0.907,39.394,23.608,0.000,-0.000,0.000,0.129,6.278,-7.642,-4.478,4.478,-13.793,-13.043
4691,16,-0.907,39.394,23.608,0.000,-0.000,0.000,0.120,6.283,-7.642,-4.478,4.478,-13.793,-13.043
4692,16,-0.907,39.394,23.608,0.000,-0.000,0.000,0.120,6.283,-7.642,-4.478,4.478,-13.793,-13.043
4693,16,-0.907,39.394,23.608,0.000,-0.000,0.000,0.124,6.278,-7.623,-4.478,4.478,-13.793,-13.043
4694,16,-0.907,39.394,23.608,0.000,-0.000,0.000,0.124,6.278,-7.623,-4.478,4.478,-13.793,-13.043
4695,16,-0.907,39.394,23.608,0.000,-0.000,0.000,0.129,6.264,-7.632,-4.478,4.478,-13.793,-13.043
4696,16,-0.907,39.394,23.608,0.000,-0.000,0.000,0.129,6.264,-7.632,-4.478,4.478,-13.793,-13.043
4697,16,-0.907,39.394,23.608,0.000,-0.000,0.000,0.129,6.278,-7.656,-4.478,4.478,-13.793,-13.043
4698,16,-0.907,39.394,23.608,0.000,-0.000,0.000,0.129,6.278,-7.656,-4.478,4.478,-13.793,-13.043
4699,16,-0.907,39.394,23.608,0.000,-0.000,0.000,0.115,6.278,-7.661,-4.478,4.478,-13.793,-13.043
4700,16,-0.907,39.394,23.608,0.000,-0.000,0.000,0.115,6.278,-7.661,-4.478,4.478,-13.793,-13.043
4701,16,-0.907,39.394,23.608,0.000,-0.000,0.000,0.110,6.264,-7.628,-4.478,4.478,-13.793,-13.043
4702,16,-0.907,39.394,23.608,0.000,-0.000,0.000,0.110,6.264,-7.628,-4.478,4.478,-13.793,-13.043
4703,16,-0.907,39.394,23.608,0.000,-0.000,0.000,0.115,6.254,-7.623,-4.478,4.478,-13.793,-13.043
4704,16,-0.907,39.394,23.608,0.000,-0.000,0.000,0.115,6.254,-7.623,-4.478,4.478,-13.793,-13.043
4705,16,-0.907,39.394,23.608,0.000,-0.000,0.000,0.110,6.288,-7.628,-4.478,4.478,-13.793,-13.043
4706,16,-0.907,39.394,23.608,0.000,-0.000,0.000,0.110,6.288,-7.628,-4.478,4.478,-13.793,-13.043
4707,16,-0.907,39.394,23.608,0.000,-0.000,0.000,0.105,6.288,-7.628,-4.478,4.478,-13.793,-13.043
4708,16,-0.902,39.393,23.610,0.000,-0.000,0.000,0.105,6.288,-7.628,-4.479,4.479,-13.791,-13.044
4709,16,-0.902,39.393,23.610,0.000,-0.000,0.000,0.124,6.273,-7.618,-4.479,4.479,-13.791,-13.044
4710,16,-0.902,39.393,23.610,0.000,-0.000,0.000,0.124,6.273,-7.618,-4.479,4.479,-13.791,-13.044
4711,16,-0.902,39.393,23.610,0.000,-0.000,0.000,0.144,6.264,-7.637,-4.479,4.479,-13.791,-13.044
4712,16,-0.902,39.393,23.610,0.000,-0.000,0.000,0.144,6.264,-7.637,-4.479,4.479,-13.791,-13.044
4713,16,-0.902,39.393,23.610,0.000,-0.000,0.000,0.110,6.278,-7.647,-4.479,4.479,-13.791,-13.044
4714,16,-0.902,39.393,23.610,0.000,-0.000,0.000,0.110,6.278,-7.647,-4.479,4.479,-13.791,-13.044
4715,16,-0.902,39.393,23.610,0.000,-0.000,0.000,0.129,6.292,-7.642,-4.479,4.479,-13.791,-13.044
4716,16,-0.902,39.393,23.610,0.000,-0.000,0.000,0.129,6.292,-7.642,-4.479,4.479,-13.791,-13.044
4717,16,-0.902,39.393,23.610,0.000,-0.000,0.000,0.134,6.269,-7.628,-4.479,4.479,-13.791,-13.044
4718,16,-0.902,39.393,23.610,0.000,-0.000,0.000,0.134,6.269,-7.628,-4.479,4.479,-13.791,-13.044
4719,16,-0.902,39.397,23.610,0.000,-0.000,0.000,0.105,6.259,-7.618,-4.480,4.480,-13.795,-13.049
4720,16,-0.906,39.397,23.608,0.000,-0.000,0.000,0.105,6.259,-7.618,-4.478,4.478,-13.798,-13.048
4721,16,-0.906,39.397,23.608,0.000,-0.000,0.000,0.120,6.269,-7.632,-4.478,4.478,-13.798,-13.048
4722,16,-0.906,39.397,23.608,0.000,-0.000,0.000,0.120,6.269,-7.632,-4.478,4.478,-13.798,-13.048
4723,16,-0.906,39.397,23.608,0.000,-0.000,0.000,0.100,6.288,-7.623,-4.478,4.478,-13.798,-13.048
4724,16,-0.902,39.397,23.610,0.000,-0.000,0.000,0.100,6.288,-7.623,-4.480,4.480,-13.795,-13.049
4725,16,-0.902,39.397,23.610,0.000,-0.000,0.000,0.100,6.225,-7.604,-4.480,4.480,-13.795,-13.049
4726,16,-0.902,39.397,23.610,0.000,-0.000,0.000,0.100,6.225,-7.604,-4.480,4.480,-13.795,-13.049
4727,16,-0.901,39.398,23.611,0.001,0.003,0.000,0.139,6.340,-7.714,-4.480,4.480,-13.797,-13.051
4728,16,-0.900,39.401,23.611,0.001,0.003,0.000,0.139,6.340,-7.714,-4.486,4.486,-13.847,-13.101
4729,16,-0.906,39.397,23.608,-0.004,-0.006,0.000,0.163,6.259,-7.690,-4.457,4.457,-13.706,-12.957
4730,16,-0.907,39.394,23.608,-0.004,-0.006,0.000,0.163,6.259,-7.690,-4.457,4.457,-13.702,-12.952
4731,16,-0.905,39.394,23.612,-0.003,-0.000,0.000,0.096,6.259,-7.541,-4.457,4.457,-13.701,-12.953
4732,16,-0.910,39.391,23.611,-0.003,-0.000,0.000,0.096,6.259,-7.541,-4.461,4.461,-13.791,-13.038
4733,16,-0.910,39.391,23.611,0.001,-0.002,0.000,0.081,6.307,-7.594,-4.482,4.482,-13.760,-13.008
4734,16,-0.910,39.391,23.611,0.001,-0.002,0.000,0.081,6.307,-7.594,-4.482,4.482,-13.760,-13.008
4735,16,-0.906,39.391,23.612,0.004,0.004,0.000,0.220,6.321,-7.632,-4.483,4.483,-13.758,-13.009
4736,16,-0.905,39.398,23.609,0.004,0.004,0.000,0.220,6.321,-7.632,-4.501,4.501,-13.863,-13.108
4737,16,-0.907,39.394,23.608,0.000,-0.005,0.000,0.163,6.254,-7.714,-4.478,4.478,-13.717,-12.967
4738,16,-0.907,39.394,23.608,0.000,-0.005,0.000,0.163,6.254,-7.714,-4.478,4.478,-13.717,-12.967
4739,16,-0.907,39.391,23.608,0.000,0.001,0.000,-0.010,6.206,-7.680,-4.478,4.478,-13.713,-12.963
4740,16,-0.907,39.394,23.608,0.000,0.001,0.000,-0.010,6.206,-7.680,-4.478,4.478,-13.809,-13.059
4741,16,-0.907,39.391,23.608,0.000,-0.002,0.000,0.211,6.216,-7.565,-4.478,4.478,-13.759,-13.008
4742,16,-0.907,39.391,23.608,0.000,-0.002,0.000,0.211,6.216,-7.565,-4.478,4.478,-13.759,-13.008
4743,16,-0.907,39.383,23.604,0.001,-0.012,0.005,0.100,6.752,-7.340,-4.544,4.544,-13.886,-12.868
4744,16,-0.908,39.380,23.603,0.001,-0.012,0.005,0.100,6.752,-7.340,-4.549,4.549,-13.738,-12.723
4745,16,-0.871,39.243,23.614,0.058,-0.259,-0.018,0.866,8.321,-6.493,-4.547,4.547,-9.406,-9.603
4746,16,-0.819,39.170,23.632,0.058,-0.259,-0.018,0.866,8.321,-6.493,-4.562,4.562,-9.278,-9.523
4747,16,-0.769,38.905,23.675,0.019,-0.331,-0.032,-1.125,0.833,-11.006,-4.385,4.385,-8.712,-9.658
4748,16,-0.774,38.717,23.682,0.019,-0.331,-0.032,-1.125,0.833,-11.006,-4.209,4.209,-7.232,-8.205
4749,16,-0.768,38.912,23.682,0.010,0.361,-0.004,0.345,9.264,-5.819,-4.507,4.507,-18.084,-17.695
4750,16,-0.782,39.016,23.676,0.010,0.361,-0.004,0.345,9.264,-5.819,-4.504,4.504,-18.242,-17.834
4751,16,-0.780,39.020,23.681,-0.063,-0.331,0.011,0.120,3.015,-9.661,-4.691,4.691,-18.620,-17.468
4752,16,-0.832,38.714,23.681,-0.063,-0.331,0.011,0.120,3.015,-9.661,-4.303,4.303,-8.288,-7.142
4753,16,-1.381,40.193,23.170,-0.393,2.458,0.639,1.086,53.780,8.116,-10.383,10.383,-66.265,-33.066
4754,16,-2.052,41.024,22.755,-0.393,2.458,0.639,1.086,53.780,8.116,-10.228,10.228,-67.825,-33.868
4755,16,-1.822,42.086,22.845,0.025,0.168,-0.212,1.139,152.173,-8.077,0.336,-0.336,-47.807,-56.401
4756,16,-1.724,42.397,22.937,0.025,0.168,-0.212,1.139,152.173,-8.077,-1.883,1.883,-15.954,-24.253
4757,16,-2.017,42.656,22.645,-0.164,0.043,0.364,4.302,150.259,-0.718,-8.016,8.016,-28.918,-8.438
4758,16,-2.293,42.808,22.448,-0.164,0.043,0.364,4.302,150.259,-0.718,-7.960,7.960,-29.302,-8.480
4759,16,-2.285,42.894,22.439,-0.116,-0.544,-0.206,-0.201,128.046,-3.565,-0.842,0.842,-15.181,-22.847
4760,16,-2.208,42.815,22.695,-0.116,-0.544,-0.206,-0.201,128.046,-3.565,-1.158,1.158,-6.814,-14.213
4761,16,-1.131,42.265,22.965,2.236,-1.316,0.005,-2.163,73.667,1.397,-15.725,15.725,0.528,2.024
4762,16,-0.013,41.901,23.325,2.236,-1.316,0.005,-2.163,73.667,1.397,-15.993,15.993,1.652,1.932
4763,16,0.564,41.234,23.532,2.363,-1.986,-0.415,0.325,0.904,-3.699,-10.884,10.884,13.413,-7.920
4764,16,2.459,39.787,24.386,2.363,-1.986,-0.415,0.325,0.904,-3.699,-12.274,12.274,25.305,3.465
4765,16,3.559,38.635,24.921,2.143,-2.302,-0.438,0.177,2.345,-1.402,-11.119,11.119,32.870,8.278
4766,16,4.723,37.943,25.388,2.143,-2.302,-0.438,0.177,2.345,-1.402,-11.555,11.555,34.169,8.986
4767,16,5.154,36.904,25.670,2.239,-2.537,-0.533,0.053,2.426,0.239,-11.810,11.810,35.567,10.559
4768,16,6.807,34.961,26.422,2.239,-2.537,-0.533,0.053,2.426,0.239,-11.967,11.967,44.002,14.423
4769,16,7.822,33.630,26.912,2.239,-2.537,-0.533,0.067,2.503,1.220,-12.588,12.588,45.664,16.559
4770,16,8.871,32.819,27.327,1.989,-2.645,-0.636,0.067,2.503,1.220,-10.642,10.642,50.794,16.820
4771,16,10.210,30.748,28.229,1.867,-2.542,-0.701,0.421,2.479,3.077,-11.033,11.033,52.084,19.017
4772,16,10.472,29.621,28.381,1.867,-2.542,-0.701,0.421,2.479,3.077,-10.648,10.648,54.194,19.491
4773,16,11.357,28.418,28.853,1.867,-2.542,-0.701,0.488,2.172,3.909,-11.396,11.396,55.271,21.782
4774,16,12.376,27.734,29.207,2.090,-2.172,-0.663,0.488,2.172,3.909,-13.718,13.718,49.542,18.842
4775,16,13.815,26.162,30.076,2.166,-1.811,-0.704,0.407,2.082,4.039,-14.190,14.190,50.299,20.721
4776,16,14.207,25.452,30.258,2.166,-1.811,-0.704,0.407,2.082,4.039,-15.300,15.300,46.976,17.361
4777,16,15.186,24.660,30.756,2.166,-1.811,-0.704,0.569,2.067,3.967,-16.030,16.030,47.329,19.135
4778,16,15.679,24.314,31.018,2.194,-1.459,-0.747,0.569,2.067,3.967,-15.815,15.815,43.484,13.853
4779,16,17.703,23.190,32.061,2.272,-1.127,-0.742,0.675,2.096,4.000,-16.182,16.182,43.655,15.493
4780,16,18.202,22.873,32.331,2.272,-1.127,-0.742,0.675,2.096,4.000,-17.126,17.126,38.741,12.799
4781,16,19.243,22.460,32.858,2.272,-1.127,-0.742,0.727,2.058,4.158,-17.452,17.452,38.584,13.949
4782,16,20.256,22.148,33.195,2.356,-0.836,-0.706,0.727,2.058,4.158,-18.620,18.620,33.288,11.643
4783,16,20.835,21.972,33.645,2.418,-0.567,-0.649,0.837,2.163,3.670,-18.793,18.793,33.137,12.182
4784,16,22.471,21.730,34.428,2.418,-0.567,-0.649,0.837,2.163,3.670,-20.532,20.532,26.471,11.236
4785,16,23.613,21.662,34.950,2.418,-0.567,-0.649,0.885,2.168,3.110,-20.431,20.431,26.823,11.185
4786,16,24.208,21.668,35.209,2.599,-0.274,-0.577,0.885,2.168,3.110,-22.325,22.325,20.603,8.918
4787,16,25.400,21.688,35.726,2.836,-0.001,-0.463,0.938,2.244,2.402,-22.511,22.511,20.100,9.160
4788,16,27.388,21.976,36.494,2.836,-0.001,-0.463,0.938,2.244,2.402,-25.361,25.361,12.880,8.608
4789,16,28.749,22.247,36.989,2.836,-0.001,-0.463,0.957,2.421,1.459,-25.320,25.320,11.937,7.501
4790,16,29.449,22.423,37.233,2.969,0.241,-0.314,0.957,2.421,1.459,-27.844,27.844,4.482,7.479
4791,16,30.854,22.771,37.723,3.018,0.425,-0.156,0.938,2.546,0.311,-27.818,27.818,3.972,6.868
4792,16,32.994,23.491,38.423,3.018,0.425,-0.156,0.938,2.546,0.311,-30.269,30.269,-4.457,7.263
4793,16,34.398,24.023,38.871,3.018,0.425,-0.156,0.914,2.555,-0.656,-29.627,29.627,-3.605,5.545
4794,16,35.088,24.320,39.094,2.941,0.576,0.015,0.914,2.555,-0.656,-31.233,31.233,-10.150,6.958
4795,16,36.475,24.898,39.538,2.716,0.757,0.183,0.828,2.536,-1.833,-30.940,30.940,-10.343,5.593
4796,16,38.369,25.945,40.201,2.716,0.757,0.183,0.828,2.536,-1.833,-31.717,31.717,-18.450,5.087
4797,16,39.528,26.692,40.661,2.716,0.757,0.183,0.699,2.622,-3.302,-30.756,30.756,-17.024,2.673
4798,16,40.055,27.088,40.902,2.312,0.958,0.325,0.699,2.622,-3.302,-30.213,30.213,-23.308,2.314
4799,16,41.124,27.860,41.390,1.781,1.177,0.414,0.608,2.689,-4.287,-29.630,29.630,-23.021,0.265
4800,16,42.330,29.146,42.216,1.781,1.177,0.414,0.608,2.689,-4.287,-27.543,27.543,-29.195,-3.646
4801,16,43.002,30.010,42.810,1.781,1.177,0.414,0.589,2.661,-4.431,-26.327,26.327,-27.169,-6.485
4802,16,43.265,30.456,43.128,1.185,1.366,0.469,0.589,2.661,-4.431,-23.641,23.641,-30.921,-9.047
4803,16,43.805,31.324,43.765,0.638,1.547,0.507,0.660,2.742,-5.417,-22.886,22.886,-30.301,-11.448
4804,16,44.230,32.696,44.825,0.638,1.547,0.507,0.660,2.742,-5.417,-19.956,19.956,-34.474,-16.410
4805,16,44.419,33.633,45.570,0.638,1.547,0.507,0.593,2.905,-6.924,-18.598,18.598,-32.118,-19.488
4806,16,44.461,34.116,45.961,0.147,1.775,0.569,0.593,2.905,-6.924,-16.489,16.489,-36.556,-22.540
4807,16,44.564,35.068,46.752,-0.214,2.022,0.634,0.488,3.359,-8.570,-15.644,15.644,-35.827,-25.190
4808,16,44.522,36.632,48.060,-0.214,2.022,0.634,0.488,3.359,-8.570,-13.892,13.892,-41.745,-30.894
4809,16,44.462,37.713,48.983,-0.214,2.022,0.634,0.301,3.728,-10.269,-12.329,12.329,-39.035,-34.437
4810,16,44.411,38.281,49.466,-0.529,2.282,0.707,0.301,3.728,-10.269,-11.175,11.175,-44.178,-37.888
4811,16,43.596,40.262,51.106,-1.059,2.637,0.771,0.014,4.192,-12.188,-10.196,10.196,-43.368,-40.997
4812,16,43.944,41.313,52.121,-1.059,2.637,0.771,0.014,4.192,-12.188,-6.716,6.716,-48.786,-49.743
4813,16,43.658,42.643,53.334,-1.059,2.637,0.771,-0.196,4.321,-12.408,-5.593,5.593,-47.955,-53.406
4814,16,43.498,43.346,53.988,-1.498,2.976,0.786,-0.196,4.321,-12.408,-2.996,2.996,-52.758,-59.820
4815,16,43.198,44.737,55.298,-1.781,3.352,0.766,-0.301,4.187,-13.030,-1.830,1.830,-51.924,-63.648
4816,16,42.813,47.039,57.611,-1.781,3.352,0.766,-0.301,4.187,-13.030,1.788,-1.788,-55.358,-75.889
4817,16,42.727,48.638,59.308,-1.781,3.352,0.766,-0.263,3.254,-13.958,3.194,-3.194,-54.212,-80.365
4818,16,42.757,49.470,60.226,-1.745,3.740,0.732,-0.263,3.254,-13.958,4.197,-4.197,-58.223,-89.112
4819,16,42.226,52.316,63.171,-1.662,3.858,0.708,-0.383,2.862,-12.135,5.738,-5.738,-56.776,-93.828
4820,16,43.412,53.630,65.176,-1.662,3.858,0.708,-0.383,2.862,-12.135,8.123,-8.123,-55.176,-103.431
4821,16,43.902,55.245,67.289,-1.662,3.858,0.708,-0.321,3.043,-11.834,9.836,-9.836,-53.131,-108.240
4822,16,44.191,56.024,68.368,-1.564,3.725,0.663,-0.321,3.043,-11.834,10.781,-10.781,-48.989,-109.835
4823,16,44.609,58.668,71.698,-1.224,3.643,0.647,-0.110,3.225,-11.231,12.287,-12.287,-47.145,-114.015
4824,16,46.336,59.785,74.077,-1.224,3.643,0.647,-0.110,3.225,-11.231,10.787,-10.787,-46.783,-114.452
4825,16,47.598,61.202,76.501,-1.224,3.643,0.647,-0.062,3.259,-11.374,10.787,-10.787,-46.783,-114.452
4826,16,48.337,61.885,77.741,-0.715,3.510,0.656,-0.062,3.259,-11.374,8.121,-8.121,-45.120,-112.310
4827,16,49.952,63.229,80.349,-0.019,3.377,0.693,-0.110,3.287,-10.958,8.121,-8.121,-45.120,-112.310
4828,16,53.126,65.116,84.379,-0.019,3.377,0.693,-0.110,3.287,-10.958,4.177,-4.177,-44.150,-109.476
4829,16,55.615,66.299,87.226,-0.019,3.377,0.693,-0.215,3.393,-10.834,4.177,-4.177,-43.481,-108.807
4830,16,56.993,66.868,88.677,0.673,3.220,0.770,-0.215,3.393,-10.834,-0.244,0.244,-42.511,-104.002
4831,16,59.945,67.958,91.775,1.191,3.046,0.833,-0.584,3.455,-11.169,-0.244,0.244,-40.890,-102.381
4832,16,64.938,69.441,96.508,1.191,3.046,0.833,-0.584,3.455,-11.169,-3.618,3.618,-40.381,-98.729
4833,16,67.378,70.220,98.813,1.191,3.046,0.833,-1.053,3.661,-11.130,-3.618,3.618,-34.880,-93.228
4834,16,70.277,70.721,101.460,1.369,2.788,0.871,-1.053,3.661,-11.130,-4.987,4.987,-29.780,-86.210
4835,16,74.072,71.473,104.960,1.324,2.500,0.842,-1.426,3.737,-10.264,-4.987,4.987,-26.570,-83.000
4836,16,79.496,72.375,109.941,1.324,2.500,0.842,-1.426,3.737,-10.264,-4.390,4.390,-20.893,-78.815
4837,16,82.226,72.852,112.445,1.324,2.500,0.842,-1.536,3.890,-9.857,-4.390,4.390,-14.296,-72.218
4838,16,84.951,73.056,114.956,1.288,2.269,0.757,-1.536,3.890,-9.857,-3.157,3.157,-6.270,-68.400
4839,16,88.649,73.411,118.360,1.163,2.003,0.648,-1.775,3.938,-9.747,-3.157,3.157,-2.676,-64.806
4840,16,93.498,73.738,122.847,1.163,2.003,0.648,-1.775,3.938,-9.747,-1.162,1.162,5.024,-62.592
4841,16,95.885,73.895,125.100,1.163,2.003,0.648,-2.115,4.144,-9.350,-1.162,1.162,11.022,-56.594
4842,16,97.852,73.884,126.963,0.913,1.762,0.491,-2.115,4.144,-9.350,2.047,-2.047,20.315,-55.131
4843,16,100.556,73.910,129.548,0.523,1.549,0.257,-2.149,4.125,-9.049,2.047,-2.047,22.979,-52.466
4844,16,103.501,73.739,132.624,0.523,1.549,0.257,-2.149,4.125,-9.049,6.926,-6.926,32.382,-54.782
4845,16,104.768,73.570,134.112,0.523,1.549,0.257,-2.110,4.216,-8.757,6.926,-6.926,35.910,-51.253
4846,16,105.559,73.410,135.042,0.069,1.321,-0.020,-2.110,4.216,-8.757,12.657,-12.657,46.811,-54.201
4847,16,106.614,73.144,136.413,-0.554,1.091,-0.322,-2.091,4.273,-8.355,12.657,-12.657,47.743,-53.269
4848,16,106.748,72.548,137.517,-0.554,1.091,-0.322,-2.091,4.273,-8.355,19.541,-19.541,57.850,-58.235
4849,16,106.544,72.092,138.065,-0.554,1.091,-0.322,-1.799,4.158,-7.695,19.541,-19.541,58.179,-57.906
4850,16,106.177,71.851,138.141,-0.993,0.903,-0.584,-1.799,4.158,-7.695,25.011,-25.011,66.993,-62.195
4851,16,105.578,71.352,138.415,-1.189,0.789,-0.718,-1.617,4.177,-7.575,25.011,-25.011,66.289,-62.899
4852,16,104.203,70.528,138.500,-1.189,0.789,-0.718,-1.617,4.177,-7.575,27.669,-27.669,69.779,-66.120
4853,16,103.285,69.931,138.548,-1.189,0.789,-0.718,-1.603,4.398,-7.608,27.669,-27.669,68.790,-67.110
4854,16,102.309,69.671,138.114,-1.331,0.478,-0.865,-1.603,4.398,-7.608,30.215,-30.215,75.966,-67.284
4855,16,100.921,69.088,137.751,-1.339,0.075,-0.996,-1.589,4.417,-7.015,30.215,-30.215,74.593,-68.657
4856,16,98.039,68.163,136.347,-1.339,0.075,-0.996,-1.589,4.417,-7.015,31.895,-31.895,80.917,-68.884
4857,16,96.482,67.470,135.676,-1.339,0.075,-0.996,-1.526,4.350,-6.556,31.895,-31.895,79.461,-70.340
4858,16,94.931,67.176,134.643,-1.276,-0.272,-1.113,-1.526,4.350,-6.556,33.046,-33.046,85.964,-69.696
4859,16,92.844,66.487,133.470,-0.984,-0.573,-1.250,-1.526,4.316,-6.130,33.046,-33.046,84.126,-71.534
4860,16,89.588,65.323,131.279,-0.984,-0.573,-1.250,-1.388,4.316,-6.130,33.291,-33.291,90.677,-71.801
4861,16,88.005,64.467,130.211,-0.984,-0.573,-1.250,-1.282,4.297,-5.929,33.291,-33.291,87.813,-74.664
4862,16,86.499,64.051,129.016,-0.611,-0.861,-1.358,-1.282,4.297,-5.929,32.785,-32.785,93.453,-74.458
4863,16,84.570,63.159,127.558,-0.164,-1.145,-1.449,-1.282,4.177,-5.972,32.785,-32.785,92.013,-75.898
4864,16,81.835,61.686,125.095,-0.164,-1.145,-1.449,-1.177,4.177,-5.972,31.680,-31.680,98.107,-74.331
4865,16,80.606,60.652,123.864,-0.164,-1.145,-1.449,-1.297,4.302,-5.790,31.680,-31.680,95.759,-76.679
4866,16,79.353,60.100,122.677,0.151,-1.384,-1.537,-1.297,4.302,-5.790,31.208,-31.208,100.602,-76.256
4867,16,77.209,57.976,120.012,0.467,-1.612,-1.648,-1.297,4.230,-5.235,31.208,-31.208,99.823,-77.035
4868,16,75.789,57.182,118.755,0.467,-1.612,-1.648,-1.182,4.230,-5.235,31.017,-31.017,105.026,-77.373
4869,16,75.007,55.951,117.557,0.467,-1.612,-1.648,-1.215,4.230,-4.857,31.017,-31.017,104.938,-77.461
4870,16,74.085,55.260,116.491,0.817,-1.790,-1.744,-1.215,4.230,-4.857,30.463,-30.463,109.563,-77.629
4871,16,72.921,52.675,114.054,1.123,-1.909,-1.876,-1.215,4.154,-4.819,30.463,-30.463,109.489,-77.703
4872,16,71.997,51.811,113.016,1.123,-1.909,-1.876,-1.364,4.154,-4.819,30.585,-30.585,115.980,-77.816
4873,16,71.764,50.402,112.006,1.123,-1.909,-1.876,-1.349,4.154,-4.776,29.905,-29.905,113.863,-77.215
4874,16,71.285,49.600,111.193,1.440,-1.914,-2.018,-1.349,4.154,-4.776,29.065,-29.065,115.553,-78.513
4875,16,70.965,48.105,110.073,1.745,-1.851,-2.150,-1.349,4.125,-4.819,27.237,-27.237,112.413,-74.340
4876,16,70.948,45.778,108.618,1.745,-1.851,-2.150,-1.402,4.125,-4.819,24.806,-24.806,111.488,-71.634
4877,16,71.278,44.257,107.889,1.745,-1.851,-2.150,-1.354,4.115,-4.618,22.810,-22.810,107.542,-67.597
4878,16,71.253,43.425,107.364,2.015,-1.744,-2.271,-1.354,4.115,-4.618,21.983,-21.983,107.420,-69.822
4879,16,72.207,40.367,105.932,2.254,-1.606,-2.384,-1.354,4.110,-4.369,20.142,-20.142,104.530,-65.349
4880,16,72.407,39.468,105.646,2.254,-1.606,-2.384,-1.373,4.110,-4.369,17.571,-17.571,101.060,-63.305
4881,16,73.165,37.912,105.152,2.254,-1.606,-2.384,-1.440,4.053,-4.201,15.752,-15.752,98.229,-58.859
4882,16,73.489,37.096,104.851,2.478,-1.431,-2.467,-1.440,4.053,-4.201,14.708,-14.708,96.259,-61.131
4883,16,74.282,35.529,104.362,2.666,-1.283,-2.518,-1.440,3.938,-4.130,12.854,-12.854,93.288,-56.685
4884,16,75.728,33.192,103.767,2.666,-1.283,-2.518,-1.493,3.938,-4.130,9.763,-9.763,87.889,-53.491
4885,16,76.772,31.663,103.421,2.666,-1.283,-2.518,-1.550,3.953,-3.962,7.921,-7.921,84.784,-49.226
4886,16,77.306,30.894,103.251,2.810,-1.120,-2.544,-1.550,3.953,-3.962,6.588,-6.588,81.491,-50.064
4887,16,78.393,29.387,102.916,2.810,-0.935,-2.544,-1.550,3.953,-3.857,4.747,-4.747,78.265,-45.924
4888,16,80.206,27.178,102.546,2.936,-0.935,-2.547,-1.589,3.953,-3.857,1.433,-1.433,70.771,-42.678
4889,16,81.404,25.719,102.320,2.936,-0.935,-2.547,-1.603,3.909,-3.651,-0.383,0.383,67.368,-38.819
4890,16,82.037,25.017,102.254,2.902,-0.723,-2.550,-1.603,3.909,-3.651,-1.050,1.050,62.737,-40.101
4891,16,84.162,22.385,101.691,2.754,-0.464,-2.546,-1.603,3.838,-3.393,-2.831,2.831,59.261,-36.451
4892,16,85.039,21.522,101.993,2.754,-0.464,-2.546,-1.522,3.838,-3.393,-4.753,4.753,50.210,-34.853
4893,16,86.162,20.144,101.980,2.754,-0.464,-2.546,-1.345,3.785,-3.292,-6.486,6.486,46.637,-31.491
4894,16,86.768,19.495,102.058,2.585,-0.132,-2.519,-1.345,3.785,-3.292,-6.796,6.796,39.491,-34.034
4895,16,87.896,18.168,102.137,2.346,0.223,-2.458,-1.345,3.598,-3.374,-8.466,8.466,35.926,-30.919
4896,16,89.453,16.249,102.524,2.346,0.223,-2.458,-1.158,3.598,-3.374,-10.454,10.454,23.383,-30.715
4897,16,90.332,14.976,102.834,2.346,0.223,-2.458,-1.258,3.522,-3.163,-12.039,12.039,20.575,-27.182
4898,16,90.764,14.375,103.077,1.870,0.591,-2.402,-1.258,3.522,-3.163,-11.100,11.100,12.255,-29.735
4899,16,91.548,13.142,103.499,1.385,0.954,-2.383,-1.258,3.307,-2.713,-12.635,12.635,8.838,-27.012
4900,16,92.359,11.304,104.422,1.385,0.954,-2.383,-1.244,3.307,-2.713,-12.714,12.714,-2.551,-28.390
4901,16,92.424,10.392,104.823,1.385,0.954,-2.383,-1.359,3.431,-3.292,-13.877,13.877,-4.202,-25.392
4902,16,92.696,9.474,105.521,0.552,1.301,-2.379,-1.359,3.431,-3.292,-10.275,10.275,-10.463,-29.400
4903,16,92.757,8.256,106.318,-0.502,1.482,-2.384,-1.359,3.618,-4.058,-10.275,10.275,-10.571,-29.508
4904,16,91.936,6.430,107.689,-0.502,1.482,-2.384,-1.546,3.618,-4.058,-4.941,4.941,-13.806,-33.009
4905,16,91.059,5.559,108.627,-0.502,1.482,-2.384,-1.416,3.699,-4.843,-4.941,4.941,-12.193,-31.396
4906,16,90.216,4.596,109.088,-2.015,1.473,-2.460,-1.416,3.699,-4.843,3.574,-3.574,-9.687,-32.671
4907,16,88.764,3.389,110.061,-3.105,1.441,-2.546,-1.416,3.689,-6.120,3.574,-3.574,-8.764,-31.748
4908,16,85.617,1.559,111.574,-3.105,1.441,-2.546,-1.077,3.689,-6.120,10.101,-10.101,-5.221,-32.520
4909,16,83.750,0.802,112.815,-3.105,1.441,-2.546,-0.952,3.799,-6.876,10.101,-10.101,-2.592,-29.891
4910,16,82.073,-0.245,113.188,-3.732,1.382,-2.616,-0.952,3.799,-6.876,14.112,-14.112,1.360,-29.455
4911,16,79.565,-1.409,114.327,-3.659,1.297,-2.643,-0.952,4.015,-7.273,14.112,-14.112,3.407,-27.408
4912,16,75.833,-3.106,116.083,-3.659,1.297,-2.643,-0.756,4.015,-7.273,14.082,-14.082,7.078,-25.069
4913,16,73.911,-3.674,117.314,-3.659,1.297,-2.643,-0.622,3.929,-7.915,14.082,-14.082,10.165,-21.981
4914,16,72.370,-4.735,117.950,-3.111,1.242,-2.688,-0.622,3.929,-7.915,11.899,-11.899,13.644,-20.739
4915,16,70.138,-5.778,119.253,-2.118,1.250,-2.698,-0.622,3.608,-7.814,11.899,-11.899,15.815,-18.568
4916,16,67.597,-7.275,121.305,-2.118,1.250,-2.698,-0.388,3.608,-7.814,7.068,-7.068,17.055,-17.861
4917,16,66.347,-7.755,122.370,-2.118,1.250,-2.698,-0.163,3.512,-6.833,7.068,-7.068,19.921,-14.994
4918,16,65.642,-8.685,123.426,-1.000,1.234,-2.671,-0.163,3.512,-6.833,1.134,-1.134,20.484,-13.047
4919,16,64.523,-9.586,124.868,0.242,1.242,-2.632,-0.163,3.503,-6.350,1.134,-1.134,21.870,-11.661
4920,16,63.866,-10.864,127.058,0.242,1.242,-2.632,0.010,3.503,-6.350,-5.556,5.556,20.296,-11.317
4921,16,63.489,-11.307,127.917,0.242,1.242,-2.632,0.158,3.618,-6.249,-5.556,5.556,22.542,-9.071
4922,16,63.839,-12.042,129.337,1.456,1.405,-2.562,0.158,3.618,-6.249,-12.507,12.507,18.509,-9.589
4923,16,64.017,-12.801,130.888,2.406,1.761,-2.476,0.158,3.579,-6.383,-12.507,12.507,18.717,-9.381
4924,16,65.002,-13.763,133.460,2.406,1.761,-2.476,0.163,3.579,-6.383,-18.336,18.336,9.011,-14.773
4925,16,65.276,-14.031,134.372,2.406,1.761,-2.476,0.182,3.464,-6.618,-18.336,18.336,10.879,-12.905
4926,16,66.426,-14.633,136.177,3.332,2.085,-2.360,0.182,3.464,-6.618,-24.416,24.416,2.519,-15.459
4927,16,67.511,-15.208,138.034,3.332,2.085,-2.360,0.182,3.464,-6.618,-24.416,24.416,1.708,-16.270
4928,16,69.472,-16.009,140.930,4.045,2.348,-2.222,0.057,3.493,-6.852,-29.697,29.697,-9.460,-20.568
4929,16,70.211,-16.150,141.951,4.045,2.348,-2.222,0.057,3.493,-6.852,-29.697,29.697,-7.799,-18.906
4930,16,71.641,-16.789,143.941,4.374,2.348,-2.094,-0.077,3.388,-6.690,-32.941,32.941,-12.224,-16.939
4931,16,73.159,-17.287,146.037,4.374,2.650,-2.094,-0.077,3.388,-6.690,-32.941,32.941,-17.947,-22.662
4932,16,75.474,-18.004,149.313,4.590,2.942,-1.944,-0.148,3.412,-6.876,-35.449,35.449,-30.791,-27.997
4933,16,76.344,-17.976,150.564,4.590,2.942,-1.944,-0.148,3.412,-6.876,-35.449,35.449,-28.999,-26.205
4934,16,77.806,-18.710,152.732,4.776,2.942,-1.776,-0.297,3.431,-7.149,-37.553,37.553,-34.591,-23.381
4935,16,79.370,-19.165,155.115,4.776,3.271,-1.776,-0.297,3.431,-7.149,-37.553,37.553,-40.878,-29.668
4936,16,81.804,-19.798,158.803,5.076,3.536,-1.549,-0.402,3.359,-7.833,-40.389,40.389,-55.934,-33.379
4937,16,82.827,-19.598,160.345,5.076,3.536,-1.549,-0.402,3.359,-7.833,-40.389,40.389,-53.992,-31.437
4938,16,84.263,-20.426,162.590,5.154,3.536,-1.332,-0.718,3.287,-8.140,-43.105,43.105,-60.906,-27.485
4939,16,85.881,-20.832,165.179,5.154,3.755,-1.332,-0.718,3.287,-8.140,-43.105,43.105,-65.794,-32.373
4940,16,88.194,-21.442,169.166,5.100,3.972,-1.146,-1.029,3.240,-8.709,-45.422,45.422,-79.409,-36.720
4941,16,89.257,-21.144,170.995,5.100,3.972,-1.146,-1.029,3.240,-8.709,-45.422,45.422,-77.266,-34.577
4942,16,90.312,-22.086,173.248,4.752,3.972,-1.016,-1.512,3.287,-8.618,-47.047,47.047,-81.693,-32.507
4943,16,91.544,-22.528,176.025,4.752,4.158,-1.016,-1.512,3.287,-8.618,-47.047,47.047,-85.740,-36.553
4944,16,92.961,-23.224,-179.712,4.140,4.337,-0.941,-1.900,3.225,-9.020,-46.190,46.190,-95.381,-42.413
4945,16,93.652,-22.922,-177.642,4.140,4.337,-0.941,-1.900,3.225,-9.020,-46.190,46.190,-92.598,-39.629
4946,16,93.890,-23.967,-175.376,3.328,4.337,-0.965,-2.115,3.259,-9.192,-41.825,41.825,-92.317,-40.573
4947,16,94.154,-24.487,-172.440,3.328,4.463,-0.965,-2.115,3.259,-9.192,-41.825,41.825,-94.464,-42.721
4948,16,93.990,-25.295,-167.978,2.468,4.552,-1.025,-2.216,3.240,-9.451,-36.781,36.781,-97.788,-49.027
4949,16,94.003,-25.040,-165.838,2.468,4.552,-1.025,-2.216,3.240,-9.451,-36.781,36.781,-94.092,-45.331
4950,16,93.272,-26.106,-163.486,1.592,4.552,-1.156,-2.182,3.244,-9.355,-30.760,30.760,-90.011,-47.802
4951,16,92.430,-26.642,-160.489,1.592,4.533,-1.156,-2.182,3.244,-9.355,-30.760,30.760,-88.757,-46.547
4952,16,90.619,-27.439,-156.040,0.658,4.423,-1.324,-2.043,3.249,-9.585,-23.990,23.990,-84.469,-50.676
4953,16,89.947,-27.237,-154.090,0.658,4.423,-1.324,-2.043,3.249,-9.585,-23.990,23.990,-80.019,-46.225
4954,16,88.258,-28.178,-151.625,-0.257,4.423,-1.519,-1.952,3.211,-9.719,-16.978,16.978,-73.094,-49.048
4955,16,86.333,-28.641,-148.720,-0.257,4.274,-1.519,-1.952,3.211,-9.719,-16.978,16.978,-68.605,-44.559
4956,16,82.987,-29.292,-144.385,-1.054,4.142,-1.760,-1.809,3.273,-9.738,-9.985,9.985,-60.111,-48.102
4957,16,81.726,-29.146,-142.726,-1.054,4.142,-1.760,-1.809,3.273,-9.738,-9.985,9.985,-55.034,-43.025
4958,16,79.305,-29.840,-140.068,-1.402,4.142,-1.998,-1.632,3.287,-9.944,-5.260,5.260,-46.016,-45.938
4959,16,75.431,-30.284,-135.785,-1.402,3.959,-1.998,-1.632,3.287,-9.944,-5.260,5.260,-40.175,-40.096
4960,16,72.867,-30.598,-133.021,-1.442,3.717,-2.224,-1.416,3.321,-10.336,-2.235,2.235,-26.245,-37.459
4961,16,71.571,-30.543,-131.563,-1.442,3.717,-2.224,-1.416,3.321,-10.336,-2.235,2.235,-24.664,-35.877
4962,16,69.069,-30.929,-128.894,-1.311,3.717,-2.400,-1.168,3.445,-10.690,-0.693,0.693,-17.103,-37.105
4963,16,66.620,-31.113,-126.205,-1.311,3.461,-2.400,-1.168,3.445,-10.690,-0.693,0.693,-10.871,-30.873
4964,16,63.197,-31.326,-122.267,-0.968,3.201,-2.518,-0.780,3.460,-11.011,-0.930,0.930,-4.202,-30.116
4965,16,62.172,-31.338,-120.899,-0.968,3.201,-2.518,-0.780,3.460,-11.011,-0.930,0.930,-4.202,-30.116
4966,16,60.059,-31.458,-118.454,-0.570,3.201,-2.578,-0.785,3.646,-11.097,-2.176,2.176,-2.710,-31.607
4967,16,58.173,-31.524,-116.007,-0.570,2.899,-2.578,-0.785,3.646,-11.097,-2.176,2.176,1.612,-27.285
4968,16,55.577,-31.631,-112.499,-0.331,2.558,-2.638,-0.598,3.737,-11.312,-2.624,2.624,7.973,-23.907
4969,16,54.782,-31.601,-111.336,-0.331,2.558,-2.638,-0.598,3.737,-11.312,-2.624,2.624,7.973,-23.907
4970,16,53.248,-31.730,-109.149,0.056,2.558,-2.664,-0.340,3.862,-10.862,-4.229,4.229,8.639,-24.573
4971,16,51.897,-31.810,-107.016,0.056,2.237,-2.664,-0.340,3.862,-10.862,-4.229,4.229,13.219,-19.992
4972,16,50.172,-31.952,-103.950,0.444,1.965,-2.674,-0.426,3.909,-10.929,-6.048,6.048,17.339,-16.351
4973,16,49.700,-31.920,-102.929,0.444,1.965,-2.674,-0.426,3.909,-10.929,-6.048,6.048,17.339,-16.351
4974,16,48.707,-32.127,-101.011,0.733,1.965,-2.703,-0.632,3.991,-11.829,-7.132,7.132,18.058,-17.070
4975,16,48.113,-32.414,-99.269,0.733,1.686,-2.703,-0.632,3.991,-11.829,-7.132,7.132,22.046,-13.083
4976,16,46.826,-32.605,-96.415,0.958,1.413,-2.756,-0.809,4.067,-12.183,-7.590,7.590,27.288,-10.504
4977,16,46.562,-32.649,-95.512,0.958,1.413,-2.756,-0.809,4.067,-12.183,-7.590,7.590,27.288,-10.504
4978,16,45.944,-33.020,-93.790,1.209,1.413,-2.845,-0.809,4.063,-11.704,-7.729,7.729,29.525,-12.741
4979,16,45.559,-33.427,-92.152,1.209,1.129,-2.845,-0.809,4.063,-11.704,-7.729,7.729,33.573,-8.693
4980,16,44.922,-34.045,-89.627,1.429,0.855,-2.972,-0.847,4.139,-10.925,-7.242,7.242,40.654,-7.951
4981,16,44.809,-34.231,-88.801,1.429,0.855,-2.972,-0.847,4.139,-10.925,-7.242,7.242,40.654,-7.951
4982,16,44.530,-34.843,-87.193,1.767,0.855,-3.113,-0.555,4.053,-10.508,-7.178,7.178,44.169,-11.466
4983,16,44.314,-35.427,-85.531,1.767,0.611,-3.113,-0.555,4.053,-10.508,-7.178,7.178,47.654,-7.981
4984,16,42.186,-30.222,-70.659,10.304,20.960,-9.046,48.153,6.460,-101.536,40.250,-40.250,64.286,-235.714
4985,16,44.742,-25.298,-63.879,10.304,20.960,-9.046,48.153,6.460,-101.536,40.250,-40.250,64.286,-235.714
4986,16,44.137,-22.810,-53.112,10.304,20.960,-5.218,-0.641,36.324,1.072,5.471,-5.471,-5.273,-166.156
4987,16,52.275,-18.653,-40.516,15.206,13.002,-5.218,-0.641,36.324,1.072,5.471,-5.471,-5.273,-166.156
4988,16,56.446,-14.377,-31.823,12.236,15.714,-2.168,0.775,-3.326,-1.349,-32.652,32.652,-81.519,-89.910
4989,16,61.515,-11.629,-27.343,12.236,15.714,-2.168,0.775,-3.326,-1.349,-32.652,32.652,-81.519,-89.910
4990,16,63.323,-8.801,-18.884,10.821,15.714,-0.604,0.598,-2.704,-0.158,-52.200,52.200,-120.614,-50.814
4991,16,70.546,-4.011,-6.167,10.821,15.428,-0.604,0.598,-2.704,-0.158,-52.200,52.200,-120.614,-50.814
4992,16,75.525,-0.994,1.951,10.152,14.872,0.869,-0.153,-0.134,0.493,-70.616,70.616,-157.446,-13.983
4993,16,79.540,0.182,6.020,10.152,14.872,0.869,-0.153,-0.134,0.493,-70.616,70.616,-157.446,-13.983
4994,16,83.694,2.679,14.299,10.152,14.872,2.602,-0.230,-0.775,0.431,-92.281,92.281,-200.775,29.347
4995,16,89.021,2.158,19.902,10.266,14.564,2.602,-0.230,-0.775,0.431,-92.281,92.281,-200.775,29.347
4996,16,99.263,7.273,34.802,10.849,13.778,4.076,0.053,-0.952,-1.392,-109.750,109.750,-235.714,64.286
4997,16,103.023,7.628,38.738,10.849,13.778,4.076,0.053,-0.952,-1.392,-109.750,109.750,-235.714,64.286
4998,16,109.711,8.613,46.888,10.849,13.778,5.421,0.005,-0.876,-1.373,-109.750,109.750,-235.714,64.286
4999,16,116.034,7.368,51.915,11.598,12.651,5.421,0.005,-0.876,-1.373,-109.750,109.750,-235.714,64.286
5000,16,128.513,8.785,66.055,12.239,11.201,6.786,-0.349,-0.986,-1.287,-109.750,109.750,-235.714,64.286
5001,16,132.227,8.584,69.987,12.239,11.201,6.786,-0.349,-0.986,-1.287,-109.750,109.750,-235.714,64.286
5002,16,140.170,7.694,76.819,12.239,11.201,8.033,-0.895,-1.225,-0.684,-109.750,109.750,-235.714,64.286
5003,16,147.393,6.179,81.501,12.701,9.313,8.033,-0.895,-1.225,-0.684,-109.750,109.750,-235.714,64.286
5004,16,159.952,4.818,93.331,13.081,7.292,9.070,-0.928,-1.144,0.048,-109.750,109.750,-235.714,64.286
5005,16,163.853,4.201,97.731,13.081,7.292,9.070,-0.928,-1.144,0.048,-109.750,109.750,-235.714,64.286
5006,16,172.023,2.270,102.518,13.081,7.292,9.921,-0.971,-0.981,0.469,-109.750,109.750,-235.714,64.286
5007,16,-179.964,0.334,107.369,13.335,5.208,9.921,-0.971,-0.981,0.469,-109.750,109.750,-235.714,64.286
5008,16,-168.141,-2.571,117.122,13.516,2.461,10.625,-0.431,-1.220,-0.115,-109.750,109.750,-213.725,86.275
5009,16,-164.132,-4.099,122.550,13.516,2.461,10.625,-0.431,-1.220,-0.115,-109.750,109.750,-213.725,86.275
5010,16,-156.615,-5.826,125.702,13.516,2.461,10.914,-1.378,-1.101,0.947,-109.750,109.750,-213.725,86.275
5011,16,-149.028,-8.041,131.292,13.466,-0.214,10.914,-1.378,-1.101,0.947,-109.750,109.750,-175.513,124.487
5012,16,-140.034,-12.776,139.870,13.202,-2.668,10.583,-1.354,-1.134,1.096,-109.750,109.750,-140.450,159.550
5013,16,-137.212,-15.845,146.062,13.202,-2.668,10.583,-1.354,-1.134,1.096,-109.750,109.750,-140.450,159.550
5014,16,-132.022,-17.469,148.534,13.202,-2.668,10.211,-0.900,-1.244,1.029,-109.750,109.750,-140.450,159.550
5015,16,-127.694,-20.404,154.822,12.565,-4.911,10.211,-0.900,-1.244,1.029,-109.750,109.750,-108.416,191.584
5016,16,-121.241,-24.336,164.604,11.764,-7.091,9.381,-0.928,-1.871,0.952,-109.750,109.750,-76.304,223.696
5017,16,-119.735,-27.733,171.944,11.764,-7.091,9.381,-0.928,-1.871,0.952,-109.750,109.750,-77.265,222.735
5018,16,-115.198,-28.245,175.325,11.764,-7.091,8.343,-0.876,-3.378,0.804,-109.750,109.750,-77.265,222.735
5019,16,-113.415,-30.665,-176.918,10.948,-8.826,8.343,-0.876,-3.378,0.804,-109.750,109.750,-64.286,235.714
5020,16,-110.115,-34.830,-164.869,10.152,-10.420,7.335,-0.986,-0.517,1.067,-101.443,101.443,-47.671,219.100
5021,16,-111.412,-37.851,-156.737,10.152,-10.420,7.335,-0.986,-0.517,1.067,-101.443,101.443,-47.671,219.100
5022,16,-109.484,-38.047,-151.499,10.152,-10.420,6.261,-0.359,0.148,1.096,-88.007,88.007,-20.800,192.228
5023,16,-111.068,-38.704,-142.200,9.968,-11.404,6.261,-0.359,0.148,1.096,-88.007,88.007,-20.800,192.228
5024,16,-111.704,-40.952,-127.187,9.539,-12.083,5.092,-0.479,0.799,1.488,-73.400,73.400,8.415,163.013
5025,16,-112.517,-41.087,-122.175,9.539,-12.083,5.092,-0.479,0.799,1.488,-73.400,73.400,8.415,163.013
5026,16,-114.261,-40.654,-112.211,9.539,-12.083,3.758,-0.852,0.933,1.378,-56.728,56.728,41.758,129.671
5027,16,-116.457,-38.235,-103.531,9.228,-12.564,3.758,-0.852,0.933,1.378,-56.728,56.728,41.758,129.671
5028,16,-117.307,-36.201,-88.708,9.153,-12.974,2.351,-0.809,1.306,0.943,-39.138,39.138,76.938,94.490
5029,16,-117.486,-34.886,-84.339,9.153,-12.974,2.351,-0.809,1.306,0.943,-39.138,39.138,76.938,94.490
5030,16,-117.284,-31.808,-76.019,9.153,-12.974,0.967,-0.651,1.426,0.445,-21.841,21.841,111.533,59.896
5031,16,-115.585,-26.653,-64.348,9.172,-13.209,0.967,-0.651,1.426,0.445,-21.841,21.841,111.533,59.896
5032,16,-113.269,-22.659,-57.208,9.458,-13.270,-0.478,-0.684,1.560,0.268,-3.771,3.771,147.672,23.757
5033,16,-111.835,-20.788,-53.689,9.458,-13.270,-0.478,-0.684,1.560,0.268,-3.771,3.771,147.672,23.757
5034,16,-108.454,-17.008,-46.826,9.458,-13.270,-1.889,2.728,5.359,1.306,13.859,-13.859,182.932,-11.504
5035,16,-102.842,-11.698,-36.249,9.949,-12.951,-1.889,2.728,5.359,1.306,13.859,-13.859,182.932,-11.504
5036,16,-107.226,-8.415,-32.509,-6.395,-7.422,-3.324,88.535,99.182,29.893,91.795,-91.795,218.805,-47.376
5037,16,-109.311,-6.685,-30.734,-6.395,-7.422,-3.324,88.535,99.182,29.893,91.795,-91.795,218.805,-47.376
5038,16,-110.738,-3.490,-29.239,-6.395,-7.422,-4.411,-5.029,5.996,0.091,100.250,-100.250,235.714,-64.286
5039,16,-109.034,0.741,-29.746,2.060,-0.777,-4.411,-5.029,5.996,0.091,67.449,-67.449,146.446,-153.554
5040,16,-107.120,3.664,-29.996,3.508,-0.787,-4.600,1.857,3.187,-0.952,60.210,-60.210,150.526,-149.474
5041,16,-106.169,5.122,-30.083,3.508,-0.787,-4.600,1.857,3.187,-0.952,60.210,-60.210,151.635,-148.365
5042,16,-104.225,8.028,-30.382,3.508,-0.787,-4.600,-0.148,0.445,0.627,60.210,-60.210,153.710,-146.290
5043,16,-101.274,12.377,-30.941,3.772,-0.141,-4.751,-0.148,0.445,0.627,58.889,-58.889,145.898,-154.102
5044,16,-99.490,15.247,-31.578,3.639,0.490,-4.824,0.785,-0.335,0.608,59.555,-59.555,139.562,-160.438
5045,16,-98.604,16.683,-31.867,3.639,0.490,-4.824,0.785,-0.335,0.608,59.555,-59.555,140.178,-159.822
5046,16,-97.042,19.461,-32.603,3.639,0.490,-4.824,1.369,0.632,0.234,57.926,-57.926,137.906,-155.578
5047,16,-95.043,23.499,-33.933,3.205,1.229,-4.590,1.369,0.632,0.234,54.696,-54.696,117.167,-154.726
5048,16,-94.080,25.832,-35.174,2.912,1.914,-4.010,1.479,1.421,-0.033,43.506,-43.506,82.865,-138.406
5049,16,-93.618,27.000,-35.792,2.912,1.914,-4.010,1.479,1.421,-0.033,42.051,-42.051,80.109,-135.343
5050,16,-92.903,29.004,-37.171,2.912,1.914,-4.010,2.316,5.201,-0.115,39.552,-39.552,75.310,-130.148
5051,16,-92.123,30.132,-38.014,2.527,2.447,-2.841,2.316,5.201,-0.115,25.465,-25.465,35.748,-105.646
5052,16,-91.912,32.548,-40.957,2.200,2.349,-1.679,1.407,13.059,0.703,9.553,-9.553,2.170,-69.039
5053,16,-91.784,33.073,-41.698,2.200,2.349,-1.679,1.407,13.059,0.703,8.898,-8.898,0.874,-67.713
5054,16,-91.582,34.208,-43.210,2.200,2.349,-1.679,0.220,22.122,2.216,7.479,-7.479,-1.934,-64.846
5055,16,-91.050,35.026,-44.120,2.162,2.374,-1.899,0.220,22.122,2.216,9.398,-9.398,1.131,-68.711
5056,16,-91.758,37.157,-47.331,1.604,2.637,-1.675,-0.254,8.604,1.450,6.675,-6.675,-15.660,-63.446
5057,16,-91.961,37.704,-48.232,1.604,2.637,-1.675,-0.254,8.604,1.450,6.036,-6.036,-14.674,-59.904
5058,16,-92.884,38.738,-50.167,1.604,2.637,-1.675,0.105,3.613,1.144,4.752,-4.752,-16.992,-57.086
5059,16,-93.433,39.345,-51.249,0.192,2.925,-1.530,0.105,3.613,1.144,9.253,-9.253,-26.070,-55.916
5060,16,-97.031,40.505,-55.789,-0.248,3.357,-0.658,-0.986,5.785,2.259,-1.105,1.105,-59.324,-38.941
5061,16,-98.018,40.660,-57.026,-0.248,3.357,-0.658,-0.986,5.785,2.259,-0.978,0.978,-55.778,-35.902
5062,16,-99.993,40.785,-59.655,-0.248,3.357,-0.658,-2.297,9.920,4.627,-1.061,1.061,-55.398,-35.190
5063,16,-100.835,40.542,-61.264,0.118,3.806,-0.255,-2.297,9.920,4.627,-7.607,7.607,-71.089,-32.028
5064,16,-104.720,40.173,-66.678,0.567,4.024,0.238,-3.943,11.977,6.020,-16.095,16.095,-89.250,-25.203
5065,16,-105.583,39.917,-68.086,0.567,4.024,0.238,-3.943,11.977,6.020,-15.002,15.002,-83.527,-23.853
5066,16,-107.209,39.266,-70.794,0.567,4.024,0.238,-2.034,4.957,4.216,-14.125,14.125,-81.661,-25.494
5067,16,-107.695,38.490,-72.367,0.648,3.903,0.590,-2.034,4.957,4.216,-17.982,17.982,-87.073,-17.097
5068,16,-110.538,36.929,-77.173,1.215,4.114,1.013,-0.010,3.541,3.929,-24.106,24.106,-96.864,-13.750
5069,16,-111.059,36.346,-78.410,1.215,4.114,1.013,-0.010,3.541,3.929,-23.397,23.397,-95.660,-15.380
5070,16,-111.943,35.025,-80.921,1.215,4.114,1.013,-1.096,3.268,3.685,-21.819,21.819,-93.076,-19.109
5071,16,-112.952,32.804,-84.699,1.754,4.511,1.343,-1.096,3.268,3.685,-27.118,27.118,-104.678,-20.297
5072,16,-113.369,31.101,-87.351,2.204,4.933,1.537,-1.254,3.091,3.862,-29.856,29.856,-116.051,-29.706
5073,16,-113.545,30.247,-88.655,2.204,4.933,1.537,-1.254,3.091,3.862,-27.768,27.768,-109.329,-31.339
5074,16,-113.647,28.399,-91.306,2.204,4.933,1.537,-0.144,2.522,2.756,-25.651,25.651,-106.155,-36.630
5075,16,-113.337,25.442,-95.318,2.965,5.348,1.877,-0.144,2.522,2.756,-31.770,31.770,-117.585,-38.799
5076,16,-113.584,22.881,-98.097,2.064,6.028,2.644,7.637,1.517,5.876,-32.460,32.460,-135.490,-35.938
5077,16,-113.650,21.585,-99.446,2.064,6.028,2.644,7.637,1.517,5.876,-30.976,30.976,-132.521,-38.908
5078,16,-116.020,18.541,-102.398,2.064,6.028,2.644,18.514,2.766,7.159,-27.717,27.717,-126.004,-45.424
5079,16,-118.359,16.338,-103.472,-5.824,7.693,3.375,18.514,2.766,7.159,-1.842,1.842,-139.899,-31.529
5080,16,-126.679,8.908,-109.102,-6.302,7.860,3.384,6.216,-1.761,3.685,4.431,-4.431,-127.352,-44.077
5081,16,-128.682,6.824,-110.199,-6.302,7.860,3.384,6.216,-1.761,3.685,6.045,-6.045,-124.125,-47.304
5082,16,-132.908,2.427,-112.167,-6.302,7.860,3.384,-1.656,-3.321,2.493,7.946,-7.946,-120.323,-51.106
5083,16,-139.504,-4.611,-114.463,-7.644,8.199,3.640,-1.656,-3.321,2.493,4.750,-4.750,-126.715,-44.714
5084,16,-141.485,-6.185,-113.998,-3.218,1.779,1.953,-13.331,-47.440,63.547,19.433,-19.433,-52.801,-55.170
5085,16,-142.488,-7.011,-113.735,-3.218,1.779,1.953,-13.331,-47.440,63.547,19.433,-19.433,-52.801,-55.170
5086,16,-143.138,-7.472,-113.289,-3.218,1.779,1.953,-3.235,-5.733,0.474,19.433,-19.433,-52.801,-55.170
5087,16,-142.733,-7.129,-113.132,1.479,-1.403,-0.887,-3.235,-5.733,0.474,31.449,-31.449,63.655,-80.713
5088,16,-142.632,-6.046,-112.994,-0.810,-0.246,-1.198,2.929,-0.019,-0.196,46.778,-46.778,54.904,-105.017
5089,16,-142.903,-5.886,-113.113,-0.810,-0.246,-1.198,2.929,-0.019,-0.196,46.778,-46.778,54.904,-105.017
5090,16,-143.621,-5.665,-113.240,-0.810,-0.246,-1.198,-1.388,-1.579,2.225,46.778,-46.778,54.904,-105.017
5091,16,-144.985,-5.479,-113.316,-1.376,-0.227,-0.642,-1.388,-1.579,2.225,42.661,-42.661,40.729,-91.389
5092,16,-145.256,-5.339,-113.605,-1.376,-0.227,-0.642,-1.388,-1.579,2.225,42.661,-42.661,40.729,-91.389
5093,16,-145.080,-5.255,-113.846,0.872,0.098,-1.154,-7.187,-2.340,15.365,37.809,-37.809,48.871,-108.814
5094,16,-144.749,-5.070,-114.355,0.872,0.098,-1.154,-3.756,-5.838,10.920,37.809,-37.809,48.871,-108.814
5095,16,-144.503,-4.836,-114.426,1.095,-0.820,-0.703,-3.756,-5.838,10.920,31.063,-31.063,50.723,-84.430
5096,16,-144.076,-4.130,-114.328,1.095,-0.820,-0.703,-3.756,-5.838,10.920,31.063,-31.063,50.723,-84.430
5097,16,-144.200,-4.114,-114.326,-0.005,-0.223,-0.182,4.091,-2.761,9.245,30.054,-30.054,29.163,-79.945
5098,16,-144.421,-4.087,-114.300,-0.005,-0.223,-0.182,0.297,-1.971,10.413,30.054,-30.054,29.163,-79.945
5099,16,-144.838,-4.420,-114.258,-0.115,0.141,0.091,0.297,-1.971,10.413,27.193,-27.193,17.156,-78.317
5100,16,-145.080,-4.633,-114.226,-0.115,0.141,0.091,0.297,-1.971,10.413,27.193,-27.193,17.156,-78.317
5101,16,-145.180,-4.741,-114.209,0.007,0.147,0.102,-0.115,-3.259,9.111,26.434,-26.434,16.772,-78.115
5102,16,-145.382,-4.959,-114.174,0.007,0.147,0.102,-0.364,-2.991,8.805,26.434,-26.434,16.772,-78.115
5103,16,-145.738,-5.155,-114.108,-0.058,0.025,0.029,-0.364,-2.991,8.805,27.678,-27.678,20.359,-78.202
5104,16,-145.949,-5.252,-114.059,-0.058,0.025,0.029,-0.364,-2.991,8.805,27.678,-27.678,20.359,-78.202
5105,16,-146.045,-5.278,-114.042,0.023,-0.080,-0.048,-0.077,-2.833,9.211,28.232,-28.232,23.768,-78.628
5106,16,-146.233,-5.328,-114.000,0.023,-0.080,-0.048,0.273,-2.622,9.776,28.232,-28.232,23.768,-78.628
5107,16,-146.527,-5.477,-113.945,0.000,0.001,-0.005,0.273,-2.622,9.776,27.817,-27.817,21.547,-78.720
5108,16,-146.724,-5.581,-113.903,0.000,0.001,-0.005,0.273,-2.622,9.776,27.817,-27.817,21.547,-78.720
5109,16,-146.822,-5.634,-113.889,-0.006,0.022,0.014,-0.062,-2.814,9.207,27.609,-27.609,20.763,-78.545
5110,16,-147.018,-5.742,-113.850,-0.006,0.022,0.014,-0.010,-2.771,9.302,27.609,-27.609,20.763,-78.545
5111,16,-147.304,-5.864,-113.795,-0.000,-0.016,-0.009,-0.010,-2.771,9.302,27.857,-27.857,21.870,-78.556
5112,16,-147.491,-5.948,-113.752,-0.000,-0.016,-0.009,-0.010,-2.771,9.302,27.857,-27.857,21.870,-78.556
5113,16,-147.586,-5.993,-113.741,-0.002,0.003,0.002,0.072,-2.699,9.393,27.734,-27.734,21.330,-78.564
5114,16,-147.776,-6.077,-113.705,-0.002,0.003,0.002,-0.033,-2.790,9.288,27.734,-27.734,21.330,-78.564
5115,16,-148.053,-6.204,-113.652,-0.000,0.001,0.001,-0.033,-2.790,9.288,27.737,-27.737,21.387,-78.560
5116,16,-148.235,-6.284,-113.614,-0.000,0.001,0.001,-0.033,-2.790,9.288,27.737,-27.737,21.387,-78.560
5117,16,-148.328,-6.321,-113.603,-0.001,-0.005,-0.002,0.019,-2.742,9.345,27.782,-27.782,21.558,-78.549
5118,16,-148.512,-6.394,-113.571,-0.001,-0.005,-0.002,0.019,-2.747,9.336,27.782,-27.782,21.558,-78.549
5119,16,-148.608,-6.440,-113.531,-0.000,0.002,0.000,0.019,-2.747,9.336,27.750,-27.750,21.398,-78.602
5120,16,-148.962,-6.586,-113.488,-0.000,0.002,0.000,0.019,-2.747,9.336,27.750,-27.750,21.398,-78.602
5121,16,-149.051,-6.621,-113.476,-0.000,-0.004,-0.002,0.000,-2.761,9.331,27.777,-27.777,21.543,-78.564
5122,16,-149.230,-6.693,-113.445,-0.000,-0.004,-0.002,0.000,-2.742,9.345,27.777,-27.777,21.543,-78.564
5123,16,-149.322,-6.734,-113.409,-0.001,-0.000,0.000,0.019,-2.742,9.345,27.755,-27.755,21.429,-78.571
5124,16,-149.669,-6.871,-113.367,-0.001,-0.000,0.000,0.019,-2.742,9.345,27.755,-27.755,21.429,-78.571
5125,16,-149.757,-6.906,-113.358,-0.000,-0.000,0.000,0.000,-2.761,9.307,27.750,-27.750,21.429,-78.571
5126,16,-149.930,-6.976,-113.327,-0.000,-0.000,0.000,0.000,-2.747,9.341,27.750,-27.750,21.429,-78.571
5127,16,-150.021,-7.013,-113.292,-0.000,-0.003,-0.002,0.014,-2.747,9.341,30.027,-30.027,21.527,-78.579
5128,16,-150.364,-7.146,-113.240,-0.000,-0.003,-0.002,0.014,-2.747,9.341,30.027,-30.027,21.527,-78.579
5129,16,-150.451,-7.183,-113.211,-0.019,-0.002,0.000,0.057,-2.795,9.274,30.096,-30.096,21.459,-78.541
5130,16,-150.625,-7.264,-113.125,-0.019,-0.002,0.000,0.057,-2.929,9.446,30.096,-30.096,21.459,-78.541
5131,16,-150.751,-7.315,-113.018,-0.110,-0.010,0.000,-0.263,-2.929,9.446,30.549,-30.549,21.566,-78.434
5132,16,-151.134,-7.458,-112.822,-0.110,-0.010,0.000,-0.263,-2.929,9.446,30.549,-30.549,21.566,-78.434
5133,16,-151.190,-7.500,-112.734,0.049,-0.036,-0.028,0.024,-2.598,9.231,30.101,-30.101,22.638,-78.746
5134,16,-151.311,-7.568,-112.577,0.049,-0.036,-0.028,0.024,-2.613,9.475,30.101,-30.101,22.638,-78.746
5135,16,-151.404,-7.627,-112.428,-0.002,-0.013,-0.009,0.081,-2.613,9.475,30.117,-30.117,21.824,-78.602
5136,16,-151.686,-7.787,-112.165,-0.002,-0.013,-0.009,0.081,-2.613,9.475,30.117,-30.117,21.824,-78.602
5137,16,-151.751,-7.846,-112.050,0.002,0.005,0.002,-0.033,-2.766,9.264,29.963,-29.963,21.299,-78.594
5138,16,-151.892,-7.948,-111.860,0.002,0.005,0.002,-0.033,-2.761,9.336,29.963,-29.963,21.299,-78.594
5139,16,-152.103,-8.087,-111.571,0.001,-0.006,-0.005,-0.038,-2.761,9.336,30.061,-30.061,21.653,-78.613
5140,16,-152.252,-8.171,-111.400,0.001,-0.006,-0.005,-0.038,-2.761,9.336,30.061,-30.061,21.653,-78.613
5141,16,-152.312,-8.231,-111.275,0.000,-0.000,0.000,0.005,-2.723,9.345,30.000,-30.000,21.429,-78.571
5142,16,-152.451,-8.327,-111.077,0.000,-0.000,0.000,0.005,-2.732,9.341,30.000,-30.000,21.429,-78.571
5143,16,-152.539,-8.387,-110.900,0.000,-0.002,-0.001,0.000,-2.732,9.341,30.013,-30.013,21.486,-78.568
5144,16,-152.805,-8.550,-110.602,0.000,-0.002,-0.001,0.000,-2.732,9.341,30.013,-30.013,21.486,-78.568
5145,16,-152.866,-8.610,-110.474,-0.001,-0.000,0.000,-0.010,-2.742,9.326,30.005,-30.005,21.429,-78.571
5146,16,-153.004,-8.701,-110.274,-0.001,-0.000,0.000,-0.010,-2.737,9.341,29.987,-29.987,21.393,-78.535
5147,16,-153.071,-8.748,-110.173,-0.000,-0.002,-0.001,0.000,-2.737,9.341,29.981,-29.981,21.421,-78.503
5148,16,-153.349,-8.918,-109.799,-0.000,-0.002,-0.001,0.000,-2.737,9.341,29.900,-29.900,21.259,-78.341
5149,16,-153.409,-8.973,-109.675,-0.000,-0.000,0.000,0.000,-2.732,9.326,29.883,-29.883,21.195,-78.338
5150,16,-153.544,-9.064,-109.475,-0.000,-0.000,0.000,0.000,-2.742,9.341,29.850,-29.850,21.128,-78.270
5151,16,-153.746,-9.192,-109.179,-0.000,-0.001,-0.001,-0.005,-2.742,9.341,29.841,-29.841,21.125,-78.237
5152,16,-153.860,-9.229,-109.003,-0.000,-0.001,-0.001,-0.005,-2.742,9.341,29.743,-29.743,20.929,-78.042
5153,16,-153.948,-9.323,-108.883,-0.003,-0.001,-0.001,0.010,-2.732,9.336,29.764,-29.764,20.939,-78.051
5154,16,-154.082,-9.409,-108.685,-0.003,-0.001,-0.001,0.010,-2.751,9.321,29.724,-29.724,20.860,-77.973
5155,16,-154.148,-9.451,-108.587,0.001,-0.001,-0.001,0.000,-2.751,9.321,29.682,-29.682,20.818,-77.931
5156,16,-154.388,-9.567,-108.217,0.001,-0.001,-0.001,0.000,-2.751,9.321,29.772,-29.772,20.999,-78.111
5157,16,-154.477,-9.660,-108.099,-0.002,-0.001,0.000,0.005,-2.728,9.336,29.582,-29.582,20.586,-77.699
5158,16,-154.609,-9.740,-107.907,-0.002,-0.001,0.000,0.005,-2.737,9.331,29.536,-29.536,20.495,-77.608
5159,16,-154.675,-9.780,-107.809,-0.001,-0.000,0.000,0.000,-2.737,9.331,29.509,-29.509,20.435,-77.578
5160,16,-154.916,-9.893,-107.444,-0.001,-0.000,0.000,0.000,-2.737,9.331,29.397,-29.397,20.212,-77.355
5161,16,-155.002,-9.982,-107.327,-0.002,-0.002,-0.001,0.010,-2.732,9.321,29.415,-29.415,20.268,-77.350
5162,16,-155.132,-10.057,-107.136,-0.002,-0.002,-0.001,0.010,-2.732,9.307,29.365,-29.365,20.167,-77.249
5163,16,-155.195,-10.099,-107.041,-0.000,-0.001,0.000,0.010,-2.732,9.307,29.320,-29.320,20.084,-77.196
5164,16,-155.430,-10.202,-106.685,-0.000,-0.001,0.000,0.010,-2.732,9.307,29.392,-29.392,20.229,-77.341
5165,16,-155.516,-10.286,-106.566,-0.000,-0.000,-0.001,0.005,-2.737,9.331,29.209,-29.209,19.846,-76.989
5166,16,-155.642,-10.363,-106.379,-0.000,-0.000,-0.001,0.005,-2.737,9.326,29.162,-29.162,19.752,-76.895
5167,16,-155.706,-10.398,-106.285,-0.000,-0.001,0.000,0.000,-2.737,9.326,29.120,-29.120,19.684,-76.797
5168,16,-155.938,-10.501,-105.932,-0.000,-0.001,0.000,0.000,-2.737,9.326,29.189,-29.189,19.822,-76.934
5169,16,-156.020,-10.582,-105.817,-0.000,-0.000,0.000,0.000,-2.732,9.341,28.993,-28.993,19.414,-76.557
5170,16,-156.146,-10.657,-105.632,-0.000,-0.000,0.000,0.000,-2.732,9.345,28.941,-28.941,19.311,-76.454
5171,16,-156.208,-10.693,-105.541,-0.000,-0.001,0.000,0.000,-2.732,9.345,28.915,-28.915,19.274,-76.386
5172,16,-156.437,-10.788,-105.192,-0.000,-0.001,0.000,0.000,-2.732,9.345,28.974,-28.974,19.393,-76.505
5173,16,-156.519,-10.866,-105.076,-0.000,-0.001,0.000,0.000,-2.737,9.331,28.776,-28.776,18.996,-76.109
5174,16,-156.642,-10.936,-104.895,-0.000,-0.001,0.000,0.000,-2.732,9.345,28.721,-28.721,18.885,-75.997
5175,16,-156.705,-10.971,-104.804,-0.000,-0.000,0.000,0.000,-2.732,9.345,28.692,-28.692,18.813,-75.956
5176,16,-156.929,-11.060,-104.470,-0.000,-0.000,0.000,0.000,-2.732,9.345,28.743,-28.743,18.915,-76.058
5177,16,-157.011,-11.137,-104.353,-0.000,-0.001,0.000,0.000,-2.737,9.336,28.546,-28.546,18.536,-75.648
5178,16,-157.133,-11.202,-104.174,-0.000,-0.001,0.000,0.000,-2.732,9.331,28.486,-28.486,18.417,-75.529
5179,16,-157.190,-11.236,-104.085,-0.000,-0.000,0.000,0.000,-2.732,9.331,28.460,-28.460,18.349,-75.492
5180,16,-157.412,-11.324,-103.753,-0.000,-0.000,0.000,0.000,-2.732,9.331,28.507,-28.507,18.443,-75.586
5181,16,-157.492,-11.396,-103.641,-0.000,-0.000,0.000,-0.005,-2.737,9.326,28.309,-28.309,18.046,-75.189
5182,16,-157.615,-11.459,-103.466,-0.000,-0.000,0.000,-0.005,-2.737,9.341,28.244,-28.244,17.917,-75.060
5183,16,-157.672,-11.491,-103.376,-0.000,-0.000,0.000,0.000,-2.737,9.341,28.216,-28.216,17.861,-75.004
5184,16,-157.891,-11.573,-103.052,-0.000,-0.000,0.000,0.000,-2.737,9.341,28.256,-28.256,17.940,-75.083
5185,16,-157.970,-11.647,-102.937,-0.000,-0.000,0.000,0.000,-2.737,9.321,28.059,-28.059,17.547,-74.690
5186,16,-158.088,-11.707,-102.764,-0.000,-0.000,0.000,0.000,-2.737,9.341,27.995,-27.995,17.419,-74.562
5187,16,-158.146,-11.734,-102.676,-0.000,-0.000,0.000,-0.005,-2.737,9.341,27.961,-27.961,17.351,-74.494
5188,16,-158.357,-11.814,-102.355,-0.000,-0.000,0.000,-0.005,-2.737,9.341,28.005,-28.005,17.438,-74.581
5189,16,-158.439,-11.885,-102.241,-0.000,-0.000,0.000,0.000,-2.737,9.336,27.800,-27.800,17.028,-74.171
5190,16,-158.552,-11.943,-102.071,-0.000,-0.000,0.000,0.000,-2.737,9.341,27.737,-27.737,16.902,-74.045
5191,16,-158.610,-11.974,-101.983,-0.000,-0.000,0.000,0.000,-2.732,9.341,27.705,-27.705,16.839,-73.981
5192,16,-158.818,-12.045,-101.669,-0.000,-0.000,0.000,0.000,-2.732,9.341,27.737,-27.737,16.903,-74.046
5193,16,-158.898,-12.112,-101.556,-0.000,-0.000,0.000,0.000,-2.737,9.360,27.534,-27.534,16.497,-73.640
5194,16,-159.011,-12.169,-101.386,-0.000,-0.000,0.000,0.000,-2.737,9.350,27.468,-27.468,16.364,-73.507
5195,16,-159.067,-12.195,-101.302,-0.000,-0.000,0.000,-0.005,-2.737,9.350,27.434,-27.434,16.297,-73.439
5196,16,-159.271,-12.266,-100.991,-0.000,-0.000,0.000,-0.005,-2.737,9.350,27.290,-27.290,16.008,-73.151
5197,16,-159.349,-12.333,-100.883,-0.000,-0.000,0.000,-0.005,-2.742,9.336,27.264,-27.264,15.957,-73.100
5198,16,-159.463,-12.383,-100.716,-0.000,-0.000,0.000,-0.005,-2.742,9.345,27.190,-27.190,15.808,-72.951
5199,16,-159.516,-12.411,-100.634,-0.000,-0.000,0.000,0.000,-2.732,9.345,27.160,-27.160,15.748,-72.891
5200,16,-159.717,-12.476,-100.330,-0.000,-0.000,0.000,0.000,-2.732,9.345,27.183,-27.183,15.794,-72.937
5201,16,-159.795,-12.540,-100.218,-0.000,-0.000,0.000,0.000,-2.737,9.326,26.981,-26.981,15.391,-72.534
5202,16,-159.905,-12.591,-100.054,-0.000,-0.000,0.000,0.000,-2.737,9.331,26.909,-26.909,15.247,-72.390
5203,16,-159.962,-12.616,-99.971,-0.000,-0.000,0.000,0.000,-2.737,9.331,26.872,-26.872,15.173,-72.316
5204,16,-160.158,-12.677,-99.671,-0.000,-0.000,0.000,0.000,-2.737,9.331,26.896,-26.896,15.221,-72.364
5205,16,-160.233,-12.742,-99.565,-0.000,-0.000,0.000,0.000,-2.732,9.326,26.695,-26.695,14.818,-71.961
5206,16,-160.341,-12.788,-99.403,-0.000,-0.000,0.000,0.000,-2.732,9.326,26.620,-26.620,14.669,-71.812
5207,16,-160.393,-12.812,-99.322,-0.000,-0.000,0.000,0.000,-2.732,9.326,26.587,-26.587,14.602,-71.745
5208,16,-160.589,-12.870,-99.028,-0.000,-0.000,0.000,0.000,-2.732,9.326,26.604,-26.604,14.637,-71.780
5209,16,-160.661,-12.932,-98.921,-0.000,-0.001,0.000,0.000,-2.737,9.326,26.403,-26.403,14.250,-71.362
5210,16,-160.766,-12.976,-98.761,-0.000,-0.001,0.000,0.000,-2.737,9.336,26.329,-26.329,14.102,-71.215
5211,16,-160.822,-13.000,-98.682,-0.000,-0.000,0.000,-0.005,-2.737,9.336,26.290,-26.290,14.008,-71.151
5212,16,-161.011,-13.052,-98.393,-0.000,-0.000,0.000,-0.005,-2.737,9.336,26.302,-26.302,14.033,-71.176
5213,16,-161.084,-13.113,-98.287,-0.000,-0.000,0.000,0.000,-2.732,9.341,26.104,-26.104,13.636,-70.779
5214,16,-161.188,-13.156,-98.128,-0.000,-0.000,0.000,0.000,-2.732,9.336,26.028,-26.028,13.485,-70.628
5215,16,-161.239,-13.179,-98.049,-0.000,-0.000,0.000,0.000,-2.732,9.336,25.992,-25.992,13.413,-70.556
5216,16,-161.425,-13.231,-97.763,-0.000,-0.000,0.000,0.000,-2.732,9.336,26.005,-26.005,13.439,-70.582
5217,16,-161.496,-13.288,-97.659,-0.000,-0.000,0.000,0.000,-2.732,9.331,25.805,-25.805,13.038,-70.181
5218,16,-161.601,-13.330,-97.501,-0.000,-0.000,0.000,0.000,-2.732,9.321,25.726,-25.726,12.880,-70.023
5219,16,-161.652,-13.352,-97.425,-0.000,-0.001,0.000,0.000,-2.732,9.321,25.689,-25.689,12.821,-69.934
5220,16,-161.836,-13.399,-97.141,-0.000,-0.001,0.000,0.000,-2.732,9.321,25.697,-25.697,12.838,-69.950
5221,16,-161.905,-13.452,-97.039,-0.000,-0.000,0.000,0.000,-2.737,9.336,25.495,-25.495,12.420,-69.562
5222,16,-162.005,-13.493,-96.884,-0.000,-0.000,0.000,0.000,-2.737,9.317,25.419,-25.419,12.267,-69.410
5223,16,-162.056,-13.514,-96.808,-0.001,-0.000,0.000,0.000,-2.747,9.317,25.386,-25.386,12.190,-69.333
5224,16,-162.217,-13.576,-96.539,-0.001,-0.000,0.000,0.000,-2.747,9.317,25.260,-25.260,11.938,-69.080
5225,16,-162.303,-13.610,-96.434,0.001,-0.001,0.000,0.000,-2.732,9.331,25.182,-25.182,11.819,-68.931
5226,16,-162.404,-13.641,-96.314,0.001,-0.001,0.000,0.000,-2.732,9.341,25.097,-25.097,11.648,-68.761
5227,16,-162.550,-13.704,-96.064,-0.001,-0.001,0.000,0.000,-2.742,9.341,25.075,-25.075,11.583,-68.695
5228,16,-162.611,-13.726,-95.953,-0.001,-0.001,0.000,0.000,-2.742,9.341,24.946,-24.946,11.325,-68.437
5229,16,-162.695,-13.761,-95.848,-0.000,-0.000,0.000,0.000,-2.737,9.336,24.876,-24.876,11.180,-68.323
5230,16,-162.794,-13.798,-95.705,-0.000,-0.000,0.000,0.000,-2.737,9.331,24.795,-24.795,11.018,-68.161
5231,16,-162.937,-13.851,-95.491,-0.000,-0.000,0.000,0.000,-2.728,9.331,24.755,-24.755,10.938,-68.081
5232,16,-162.995,-13.869,-95.382,-0.000,-0.000,0.000,0.000,-2.728,9.331,24.628,-24.628,10.685,-67.828
5233,16,-163.081,-13.905,-95.279,-0.000,-0.000,0.000,0.000,-2.732,9.336,24.560,-24.560,10.548,-67.691
5234,16,-163.178,-13.938,-95.138,-0.000,-0.000,0.000,0.000,-2.732,9.341,24.478,-24.478,10.385,-67.528
5235,16,-163.224,-13.957,-95.067,-0.000,-0.000,0.000,0.000,-2.732,9.341,24.441,-24.441,10.311,-67.454
5236,16,-163.373,-14.006,-94.823,-0.000,-0.000,0.000,0.000,-2.732,9.341,24.313,-24.313,10.054,-67.197
5237,16,-163.460,-14.037,-94.719,-0.000,-0.000,0.000,0.000,-2.732,9.331,24.239,-24.239,9.906,-67.049
5238,16,-163.554,-14.071,-94.584,-0.000,-0.000,0.000,0.000,-2.732,9.331,24.159,-24.159,9.747,-66.890
5239,16,-163.599,-14.089,-94.515,-0.000,-0.000,0.000,-0.005,-2.742,9.326,24.122,-24.122,9.672,-66.815
5240,16,-163.748,-14.137,-94.273,-0.000,-0.000,0.000,-0.005,-2.742,9.326,23.991,-23.991,9.410,-66.553
5241,16,-163.830,-14.166,-94.174,-0.000,-0.000,0.000,0.000,-2.747,9.326,23.920,-23.920,9.269,-66.412
5242,16,-163.920,-14.192,-94.065,-0.000,-0.000,0.000,0.000,-2.747,9.326,23.839,-23.839,9.106,-66.248
5243,16,-163.968,-14.214,-93.970,-0.002,-0.000,0.000,0.000,-2.742,9.307,23.811,-23.811,9.030,-66.173
5244,16,-164.113,-14.263,-93.733,-0.002,-0.000,0.000,0.000,-2.742,9.307,23.683,-23.683,8.773,-65.916
5245,16,-164.196,-14.291,-93.634,0.001,-0.001,0.000,0.000,-2.728,9.336,23.594,-23.594,8.643,-65.755
5246,16,-164.283,-14.313,-93.530,0.001,-0.001,0.000,0.000,-2.728,9.336,23.512,-23.512,8.479,-65.591
5247,16,-164.418,-14.366,-93.309,0.000,-0.000,0.000,-0.005,-2.737,9.350,23.479,-23.479,8.387,-65.530
5248,16,-164.470,-14.380,-93.208,0.000,-0.000,0.000,-0.005,-2.737,9.350,23.353,-23.353,8.134,-65.277
5249,16,-164.552,-14.408,-93.111,0.000,-0.000,0.000,0.000,-2.728,9.341,23.279,-23.279,7.986,-65.129
5250,16,-164.638,-14.429,-93.012,0.000,-0.000,0.000,0.000,-2.728,9.341,23.197,-23.197,7.822,-64.965
5251,16,-164.681,-14.450,-92.922,0.000,-0.000,0.000,0.000,-2.737,9.345,23.162,-23.162,7.753,-64.896
5252,16,-164.820,-14.489,-92.697,0.000,-0.000,0.000,0.000,-2.737,9.345,23.031,-23.031,7.490,-64.633
5253,16,-164.898,-14.515,-92.606,0.000,-0.000,0.000,-0.005,-2.732,9.336,22.960,-22.960,7.348,-64.491
5254,16,-164.984,-14.535,-92.506,0.000,-0.000,0.000,-0.005,-2.732,9.336,22.876,-22.876,7.181,-64.324
5255,16,-165.112,-14.582,-92.292,0.000,-0.000,0.000,0.000,-2.728,9.341,22.841,-22.841,7.111,-64.254
5256,16,-165.163,-14.595,-92.197,0.000,-0.000,0.000,0.000,-2.728,9.341,22.712,-22.712,6.853,-63.996
5257,16,-165.241,-14.621,-92.105,0.000,-0.000,0.000,0.000,-2.728,9.336,22.640,-22.640,6.708,-63.851
5258,16,-165.324,-14.638,-92.008,0.000,-0.000,0.000,0.000,-2.728,9.336,22.556,-22.556,6.541,-63.684
5259,16,-165.450,-14.685,-91.797,0.000,-0.000,0.000,0.000,-2.728,9.345,22.525,-22.525,6.478,-63.621
5260,16,-165.498,-14.696,-91.704,0.000,-0.000,0.000,0.000,-2.728,9.345,22.395,-22.395,6.218,-63.361
5261,16,-165.576,-14.720,-91.614,0.000,-0.000,0.000,0.000,-2.732,9.326,22.321,-22.321,6.071,-63.214
5262,16,-165.656,-14.738,-91.520,0.000,-0.000,0.000,0.000,-2.732,9.326,22.241,-22.241,5.910,-63.053
5263,16,-165.782,-14.779,-91.316,-0.001,-0.000,0.000,0.000,-2.737,9.350,22.204,-22.204,5.836,-62.979
5264,16,-165.831,-14.792,-91.225,-0.001,-0.000,0.000,0.000,-2.737,9.350,22.078,-22.078,5.574,-62.717
5265,16,-165.904,-14.815,-91.138,-0.001,-0.000,0.000,0.005,-2.732,9.312,22.009,-22.009,5.435,-62.578
5266,16,-165.987,-14.830,-91.047,-0.002,-0.000,0.000,0.005,-2.732,9.312,21.929,-21.929,5.264,-62.407
5267,16,-166.110,-14.872,-90.847,-0.000,-0.001,0.000,0.010,-2.728,9.341,21.891,-21.891,5.189,-62.331
5268,16,-166.156,-14.881,-90.762,-0.000,-0.001,0.000,0.010,-2.728,9.341,21.753,-21.753,4.950,-62.062
5269,16,-166.229,-14.904,-90.677,-0.000,-0.001,0.000,0.000,-2.742,9.331,21.683,-21.683,4.810,-61.922
5270,16,-166.306,-14.918,-90.588,-0.000,-0.000,0.000,0.000,-2.742,9.331,21.603,-21.603,4.634,-61.777
5271,16,-166.426,-14.955,-90.396,-0.000,-0.000,0.000,0.000,-2.732,9.331,21.563,-21.563,4.555,-61.698
5272,16,-166.470,-14.966,-90.314,-0.000,-0.000,0.000,0.000,-2.732,9.331,21.441,-21.441,4.311,-61.454
5273,16,-166.542,-14.989,-90.229,-0.000,-0.000,0.000,0.000,-2.737,9.321,21.370,-21.370,4.169,-61.312
5274,16,-166.620,-15.002,-90.143,-0.000,-0.000,0.000,0.000,-2.737,9.321,21.288,-21.288,4.005,-61.148
5275,16,-166.739,-15.038,-89.953,-0.000,-0.000,0.000,0.000,-2.728,9.345,21.251,-21.251,3.930,-61.073
5276,16,-166.783,-15.049,-89.871,-0.000,-0.000,0.000,0.000,-2.728,9.345,21.125,-21.125,3.679,-60.821
5277,16,-166.853,-15.068,-89.790,-0.000,-0.000,0.000,-0.005,-2.737,9.321,21.054,-21.054,3.537,-60.680
5278,16,-166.927,-15.083,-89.705,-0.000,-0.000,0.000,-0.005,-2.737,9.321,20.977,-20.977,3.382,-60.525
5279,16,-167.039,-15.116,-89.515,-0.000,-0.000,0.000,0.000,-2.737,9.331,20.937,-20.937,3.303,-60.446
5280,16,-167.086,-15.123,-89.435,-0.000,-0.000,0.000,0.000,-2.737,9.331,20.814,-20.814,3.056,-60.199
5281,16,-167.153,-15.145,-89.353,-0.000,-0.000,0.000,0.000,-2.732,9.336,20.746,-20.746,2.921,-60.064
5282,16,-167.212,-15.140,-89.269,-0.000,-0.001,0.000,0.000,-2.732,9.336,20.675,-20.675,2.793,-59.906
5283,16,-167.339,-15.191,-89.087,-0.000,-0.001,0.000,-0.005,-2.737,9.345,20.629,-20.629,2.703,-59.815
5284,16,-167.376,-15.196,-89.033,-0.000,-0.001,0.000,-0.005,-2.737,9.345,20.513,-20.513,2.470,-59.582
5285,16,-167.451,-15.216,-88.925,-0.000,-0.001,0.000,0.000,-2.732,9.350,20.436,-20.436,2.316,-59.428
5286,16,-167.521,-15.228,-88.847,0.001,-0.000,0.000,0.000,-2.732,9.350,20.354,-20.354,2.148,-59.291
5287,16,-167.630,-15.260,-88.669,0.000,-0.000,0.000,-0.014,-2.742,9.341,20.320,-20.320,2.078,-59.221
5288,16,-167.664,-15.267,-88.621,0.000,-0.000,0.000,-0.014,-2.742,9.341,20.211,-20.211,1.851,-58.994
5289,16,-167.738,-15.286,-88.520,0.000,-0.000,0.000,0.000,-2.732,9.331,20.135,-20.135,1.698,-58.841
5290,16,-167.810,-15.295,-88.441,0.000,-0.000,0.000,0.000,-2.732,9.331,20.053,-20.053,1.535,-58.678
5291,16,-167.917,-15.324,-88.267,0.000,-0.001,0.000,-0.005,-2.728,9.336,20.018,-20.018,1.464,-58.607
5292,16,-167.951,-15.331,-88.218,0.000,-0.001,0.000,-0.005,-2.728,9.336,19.905,-19.905,1.254,-58.367
5293,16,-168.022,-15.347,-88.117,0.000,-0.001,0.000,0.000,-2.737,9.345,19.829,-19.829,1.102,-58.214
5294,16,-168.074,-15.345,-88.045,0.000,-0.000,0.000,0.000,-2.737,9.345,19.766,-19.766,0.962,-58.104
5295,16,-168.195,-15.387,-87.872,0.000,-0.001,0.000,0.000,-2.728,9.331,19.720,-19.720,0.869,-58.012
5296,16,-168.229,-15.394,-87.823,0.000,-0.001,0.000,0.000,-2.728,9.331,19.606,-19.606,0.657,-57.769
5297,16,-168.300,-15.409,-87.727,0.000,-0.001,0.000,0.000,-2.728,9.345,19.530,-19.530,0.504,-57.616
5298,16,-168.353,-15.403,-87.650,0.000,-0.000,0.000,0.000,-2.728,9.345,19.464,-19.464,0.357,-57.500
5299,16,-168.468,-15.444,-87.482,0.000,-0.000,0.000,0.000,-2.737,9.326,19.421,-19.421,0.271,-57.414
5300,16,-168.505,-15.452,-87.436,0.000,-0.000,0.000,0.000,-2.737,9.326,19.306,-19.306,0.041,-57.184
5301,16,-168.571,-15.468,-87.338,0.000,-0.000,0.000,-0.005,-2.728,9.336,19.235,-19.235,-0.101,-57.042
5302,16,-168.623,-15.460,-87.266,-0.002,-0.000,0.000,-0.005,-2.728,9.336,19.180,-19.180,-0.233,-56.910
5303,16,-168.738,-15.500,-87.103,-0.000,-0.001,0.000,0.000,-2.732,9.336,19.133,-19.133,-0.327,-56.816
5304,16,-168.772,-15.507,-87.056,-0.000,-0.001,0.000,0.000,-2.732,9.336,19.013,-19.013,-0.530,-56.582
5305,16,-168.837,-15.521,-86.966,-0.000,-0.001,0.000,0.000,-2.728,9.331,18.941,-18.941,-0.673,-56.439
5306,16,-168.886,-15.516,-86.897,-0.000,-0.000,0.000,0.000,-2.728,9.331,18.880,-18.880,-0.811,-56.332
5307,16,-169.001,-15.555,-86.739,-0.000,-0.000,0.000,0.000,-2.728,9.331,18.831,-18.831,-0.909,-56.234
5308,16,-169.034,-15.560,-86.695,-0.000,-0.000,0.000,0.000,-2.728,9.331,18.722,-18.722,-1.127,-56.016
5309,16,-169.097,-15.571,-86.605,-0.000,-0.000,0.000,-0.005,-2.732,9.326,18.652,-18.652,-1.268,-55.875
5311,16,-169.257,-15.601,-86.388,-0.000,-0.000,0.000,0.000,-2.732,9.350,18.542,-18.542,-1.472,-55.640
5312,16,-169.288,-15.609,-86.344,-0.000,-0.000,0.000,0.000,-2.732,9.350,18.438,-18.438,-1.695,-55.448
5313,16,-169.350,-15.619,-86.259,-0.000,-0.000,0.000,0.000,-2.728,9.345,18.368,-18.368,-1.836,-55.307
5314,16,-169.398,-15.613,-86.195,-0.000,-0.000,0.000,0.000,-2.728,9.345,18.308,-18.308,-1.956,-55.187
5315,16,-169.507,-15.650,-86.045,-0.000,-0.001,0.000,0.000,-2.732,9.350,18.262,-18.262,-2.048,-55.095
5316,16,-169.538,-15.653,-86.001,-0.000,-0.001,0.000,0.000,-2.732,9.350,18.155,-18.155,-2.247,-54.865
5317,16,-169.600,-15.663,-85.918,-0.000,-0.001,0.000,0.000,-2.732,9.326,18.084,-18.084,-2.388,-54.725
5318,16,-169.647,-15.657,-85.854,-0.000,-0.001,0.000,0.000,-2.732,9.326,18.024,-18.024,-2.508,-54.604
5319,16,-169.753,-15.687,-85.727,-0.000,-0.001,0.000,0.000,-2.732,9.341,17.979,-17.979,-2.598,-54.515
5320,16,-169.783,-15.696,-85.666,-0.000,-0.001,0.000,0.000,-2.732,9.341,17.876,-17.876,-2.804,-54.308
5321,16,-169.844,-15.706,-85.583,-0.000,-0.001,0.000,-0.005,-2.728,9.336,17.805,-17.805,-2.946,-54.167
5322,16,-169.887,-15.700,-85.520,-0.000,-0.000,0.000,-0.005,-2.728,9.336,17.751,-17.751,-3.070,-54.073
5323,16,-169.993,-15.732,-85.374,-0.000,-0.000,0.000,-0.005,-2.728,9.336,17.706,-17.706,-3.160,-53.983
5324,16,-170.021,-15.737,-85.336,-0.000,-0.000,0.000,-0.005,-2.728,9.336,17.602,-17.602,-3.367,-53.776
5325,16,-170.080,-15.749,-85.254,-0.000,-0.000,0.000,-0.005,-2.737,9.326,17.535,-17.535,-3.502,-53.641
5326,16,-170.112,-15.752,-85.198,-0.001,-0.000,0.000,-0.005,-2.737,9.326,17.503,-17.503,-3.577,-53.566
5327,16,-170.225,-15.768,-85.073,-0.000,-0.001,0.000,0.000,-2.723,9.331,17.436,-17.436,-3.710,-53.433
5328,16,-170.254,-15.777,-85.014,-0.000,-0.001,0.000,0.000,-2.723,9.331,17.334,-17.334,-3.889,-53.224
5329,16,-170.315,-15.785,-84.936,-0.000,-0.001,0.000,0.000,-2.728,9.336,17.262,-17.262,-4.031,-53.081
5330,16,-170.357,-15.779,-84.878,-0.000,-0.000,0.000,0.000,-2.728,9.336,17.208,-17.208,-4.155,-52.988
5331,16,-170.456,-15.806,-84.764,-0.000,-0.000,0.000,-0.005,-2.728,9.345,17.165,-17.165,-4.242,-52.901
5332,16,-170.485,-15.814,-84.707,-0.000,-0.000,0.000,-0.005,-2.728,9.345,17.065,-17.065,-4.441,-52.702
5333,16,-170.541,-15.822,-84.633,-0.000,-0.000,0.000,0.000,-2.732,9.336,17.000,-17.000,-4.572,-52.571
5334,16,-170.572,-15.825,-84.579,-0.000,-0.001,0.000,0.000,-2.732,9.336,16.963,-16.963,-4.631,-52.481
5335,16,-170.678,-15.839,-84.466,-0.000,-0.000,0.000,0.000,-2.728,9.331,16.902,-16.902,-4.752,-52.360
5336,16,-170.707,-15.847,-84.409,-0.000,-0.000,0.000,0.000,-2.728,9.331,16.804,-16.804,-4.963,-52.180
5337,16,-170.762,-15.855,-84.337,-0.000,-0.000,0.000,0.000,-2.732,9.331,16.739,-16.739,-5.093,-52.049
5338,16,-170.793,-15.858,-84.286,-0.000,-0.000,0.000,0.000,-2.732,9.331,16.702,-16.702,-5.167,-51.976
5339,16,-170.899,-15.871,-84.177,-0.000,-0.000,0.000,0.000,-2.732,9.341,16.641,-16.641,-5.289,-51.854
5340,16,-170.925,-15.881,-84.123,-0.000,-0.000,0.000,0.000,-2.732,9.341,16.548,-16.548,-5.476,-51.667
5341,16,-170.978,-15.887,-84.051,-0.000,-0.000,0.000,0.005,-2.723,9.331,16.485,-16.485,-5.601,-51.542
5342,16,-171.009,-15.890,-84.001,-0.000,-0.001,0.000,0.005,-2.723,9.331,16.447,-16.447,-5.661,-51.451
5343,16,-171.110,-15.903,-83.890,-0.000,-0.000,0.000,0.000,-2.728,9.331,16.389,-16.389,-5.778,-51.335
5344,16,-171.138,-15.910,-83.838,-0.000,-0.000,0.000,0.000,-2.728,9.331,16.295,-16.295,-5.982,-51.161
5345,16,-171.191,-15.915,-83.766,-0.000,-0.000,0.000,-0.005,-2.732,9.341,16.231,-16.231,-6.109,-51.034
5346,16,-171.220,-15.920,-83.716,-0.000,-0.000,0.000,-0.005,-2.732,9.341,16.197,-16.197,-6.177,-50.966
5347,16,-171.320,-15.933,-83.608,-0.000,-0.001,0.000,-0.014,-2.723,9.331,16.139,-16.139,-6.294,-50.849
5348,16,-171.346,-15.938,-83.556,-0.000,-0.001,0.000,-0.014,-2.723,9.331,16.047,-16.047,-6.463,-50.650
5349,16,-171.396,-15.945,-83.484,-0.000,-0.001,0.000,-0.005,-2.732,9.336,15.987,-15.987,-6.583,-50.530
4258,16,-0.937,39.424,23.569,-0.000,0.000,0.000,0.134,6.278,-7.637,-2.219,2.219,-13.849,-13.071
4259,16,-0.937,39.424,23.569,-0.000,0.000,0.000,0.129,6.283,-7.628,-2.219,2.219,-13.849,-13.071
4260,16,-0.937,39.424,23.569,-0.000,0.000,0.000,0.129,6.283,-7.628,-2.219,2.219,-13.849,-13.071
4261,16,-0.937,39.424,23.569,-0.000,0.000,0.000,0.129,6.278,-7.628,-2.219,2.219,-13.849,-13.071
4262,16,-0.937,39.424,23.569,-0.000,0.000,0.000,0.129,6.278,-7.628,-2.219,2.219,-13.849,-13.071
4263,16,-0.937,39.424,23.569,-0.000,0.000,0.000,0.100,6.283,-7.623,-2.219,2.219,-13.849,-13.071
4264,16,-0.937,39.424,23.569,-0.000,0.000,0.000,0.100,6.283,-7.623,-2.219,2.219,-13.849,-13.071
4265,16,-0.937,39.424,23.569,-0.000,0.000,0.000,0.100,6.283,-7.632,-2.219,2.219,-13.849,-13.071
4266,16,-0.937,39.424,23.569,-0.000,0.000,0.000,0.100,6.283,-7.632,-2.219,2.219,-13.849,-13.071
4267,16,-0.937,39.424,23.569,-0.000,0.000,0.000,0.139,6.273,-7.637,-2.219,2.219,-13.849,-13.071
4268,16,-0.937,39.424,23.569,-0.000,0.000,0.000,0.139,6.273,-7.637,-2.219,2.219,-13.849,-13.071
4269,16,-0.937,39.424,23.569,-0.000,0.000,0.000,0.105,6.259,-7.632,-2.219,2.219,-13.849,-13.071
4270,16,-0.937,39.424,23.569,-0.000,0.000,0.000,0.105,6.259,-7.632,-2.219,2.219,-13.849,-13.071
4271,16,-0.937,39.424,23.569,-0.000,0.000,0.000,0.124,6.254,-7.647,-2.219,2.219,-13.849,-13.071
4272,16,-0.937,39.424,23.569,-0.000,0.000,0.000,0.124,6.254,-7.647,-2.219,2.219,-13.849,-13.071
4273,16,-0.937,39.424,23.569,-0.000,0.000,0.000,0.139,6.269,-7.661,-2.219,2.219,-13.849,-13.071
4274,16,-0.937,39.424,23.569,-0.000,0.000,0.000,0.139,6.269,-7.661,-2.219,2.219,-13.849,-13.071
4275,16,-0.937,39.424,23.569,-0.000,0.000,0.000,0.115,6.292,-7.604,-2.219,2.219,-13.849,-13.071
4276,16,-0.937,39.424,23.569,-0.000,0.000,0.000,0.115,6.292,-7.604,-2.219,2.219,-13.849,-13.071
4277,16,-0.937,39.424,23.569,-0.000,0.000,0.000,0.110,6.297,-7.613,-2.219,2.219,-13.849,-13.071
4278,16,-0.933,39.423,23.570,-0.000,0.000,0.000,0.110,6.297,-7.613,-2.221,2.221,-13.847,-13.072
4279,16,-0.933,39.423,23.570,-0.000,0.000,0.000,0.120,6.273,-7.661,-2.221,2.221,-13.847,-13.072
4280,16,-0.933,39.423,23.570,-0.000,0.000,0.000,0.120,6.273,-7.661,-2.221,2.221,-13.847,-13.072
4281,16,-0.933,39.423,23.570,-0.000,0.000,0.000,0.172,6.254,-7.642,-2.221,2.221,-13.847,-13.072
4282,16,-0.933,39.423,23.570,-0.000,0.000,0.000,0.172,6.254,-7.642,-2.221,2.221,-13.847,-13.072
4283,16,-0.933,39.423,23.570,-0.000,0.000,0.000,0.110,6.269,-7.599,-2.221,2.221,-13.847,-13.072
4284,16,-0.933,39.423,23.570,-0.000,0.000,0.000,0.110,6.269,-7.599,-2.221,2.221,-13.847,-13.072
4285,16,-0.937,39.424,23.569,-0.000,0.000,0.000,0.105,6.278,-7.656,-2.219,2.219,-13.849,-13.071
4286,16,-0.937,39.424,23.569,-0.000,0.000,0.000,0.105,6.278,-7.656,-2.219,2.219,-13.849,-13.071
4287,16,-0.933,39.423,23.570,-0.000,0.000,0.000,0.134,6.273,-7.642,-2.219,2.219,-13.849,-13.071
4288,16,-0.933,39.423,23.570,-0.000,0.000,0.000,0.134,6.273,-7.642,-2.221,2.221,-13.847,-13.072
4289,16,-0.933,39.423,23.570,-0.000,0.000,0.000,0.096,6.273,-7.604,-2.221,2.221,-13.847,-13.072
4290,16,-0.934,39.420,23.570,-0.000,0.000,0.000,0.096,6.273,-7.604,-2.220,2.220,-13.842,-13.067
4291,16,-0.934,39.420,23.570,-0.000,0.000,0.000,0.124,6.278,-7.628,-2.220,2.220,-13.842,-13.067
4292,16,-0.933,39.423,23.570,-0.000,0.000,0.000,0.124,6.278,-7.628,-2.221,2.221,-13.847,-13.072
4293,16,-0.933,39.423,23.570,-0.000,0.000,0.000,0.120,6.283,-7.637,-2.221,2.221,-13.847,-13.072
4294,16,-0.933,39.423,23.570,-0.000,0.000,0.000,0.120,6.283,-7.637,-2.221,2.221,-13.847,-13.072
4295,16,-0.933,39.423,23.570,-0.000,0.000,0.000,0.124,6.292,-7.623,-2.221,2.221,-13.847,-13.072
4296,16,-0.933,39.423,23.570,-0.000,0.000,0.000,0.124,6.292,-7.623,-2.221,2.221,-13.847,-13.072
4297,16,-0.933,39.423,23.570,-0.000,0.000,0.000,0.144,6.302,-7.628,-2.221,2.221,-13.847,-13.072
4298,16,-0.933,39.423,23.570,-0.000,0.000,0.000,0.144,6.302,-7.628,-2.221,2.221,-13.847,-13.072
4299,16,-0.933,39.423,23.570,-0.000,0.000,0.000,0.148,6.269,-7.656,-2.221,2.221,-13.847,-13.072
4300,16,-0.933,39.423,23.570,-0.000,0.000,0.000,0.148,6.269,-7.656,-2.221,2.221,-13.847,-13.072
4301,16,-0.933,39.423,23.570,-0.000,0.000,0.000,0.153,6.269,-7.637,-2.221,2.221,-13.847,-13.072
4302,16,-0.933,39.423,23.570,-0.000,0.000,0.000,0.153,6.269,-7.637,-2.221,2.221,-13.847,-13.072
4303,16,-0.937,39.424,23.569,-0.000,0.000,0.000,0.167,6.269,-7.661,-2.221,2.221,-13.847,-13.072
4304,16,-0.937,39.424,23.569,-0.000,0.000,0.000,0.167,6.269,-7.661,-2.219,2.219,-13.849,-13.071
4305,16,-0.937,39.424,23.569,-0.000,0.000,0.000,0.115,6.269,-7.642,-2.219,2.219,-13.849,-13.071
4306,16,-0.937,39.424,23.569,-0.000,0.000,0.000,0.115,6.269,-7.642,-2.219,2.219,-13.849,-13.071
4307,16,-0.937,39.424,23.569,-0.000,0.000,0.000,0.120,6.283,-7.599,-2.219,2.219,-13.849,-13.071
4308,16,-0.937,39.424,23.569,-0.000,0.000,0.000,0.120,6.283,-7.599,-2.219,2.219,-13.849,-13.071
4309,16,-0.937,39.424,23.569,-0.000,0.000,0.000,0.057,6.288,-7.613,-2.219,2.219,-13.849,-13.071
4310,16,-0.937,39.424,23.569,-0.000,0.000,0.000,0.057,6.288,-7.613,-2.219,2.219,-13.849,-13.071
4311,16,-0.937,39.424,23.569,-0.000,0.000,0.000,0.053,6.273,-7.608,-2.219,2.219,-13.849,-13.071
4312,16,-0.937,39.424,23.569,-0.000,0.000,0.000,0.053,6.273,-7.608,-2.219,2.219,-13.849,-13.071
4313,16,-0.937,39.424,23.569,-0.000,0.000,0.000,0.129,6.240,-7.651,-2.219,2.219,-13.849,-13.071
4314,16,-0.937,39.425,23.569,-0.003,0.000,0.000,0.129,6.240,-7.651,-2.204,2.204,-13.851,-13.073
4315,16,-0.940,39.425,23.572,-0.002,0.000,0.000,0.158,6.264,-7.656,-2.203,2.203,-13.853,-13.073
4316,16,-0.940,39.425,23.572,-0.002,0.000,0.000,0.158,6.264,-7.656,-2.208,2.208,-13.853,-13.073
4317,16,-0.940,39.425,23.572,-0.002,0.000,0.000,0.110,6.283,-7.647,-2.208,2.208,-13.853,-13.073
4318,16,-0.940,39.425,23.572,-0.002,0.002,0.000,0.110,6.283,-7.647,-2.208,2.208,-13.883,-13.103
4319,16,-0.944,39.426,23.571,-0.003,0.000,0.000,0.177,6.283,-7.632,-2.207,2.207,-13.886,-13.102
4320,16,-0.944,39.426,23.571,-0.003,0.000,0.000,0.177,6.283,-7.632,-2.201,2.201,-13.855,-13.072
4321,16,-0.947,39.426,23.573,-0.003,0.000,0.000,0.182,6.302,-7.618,-2.201,2.201,-13.857,-13.071
4322,16,-0.947,39.426,23.573,-0.001,0.000,0.000,0.182,6.302,-7.618,-2.211,2.211,-13.857,-13.071
4323,16,-0.948,39.426,23.569,0.002,0.000,0.000,0.163,6.292,-7.632,-2.211,2.211,-13.857,-13.071
4324,16,-0.948,39.426,23.569,0.002,0.000,0.000,0.163,6.292,-7.632,-2.227,2.227,-13.858,-13.071
4325,16,-0.944,39.426,23.571,0.002,0.000,0.000,0.139,6.288,-7.623,-2.228,2.228,-13.855,-13.072
4326,16,-0.944,39.426,23.571,0.005,-0.002,0.000,0.139,6.288,-7.623,-2.244,2.244,-13.825,-13.041
4327,16,-0.941,39.422,23.572,0.002,-0.003,0.000,0.043,6.273,-7.628,-2.245,2.245,-13.818,-13.037
4328,16,-0.942,39.421,23.567,0.002,-0.003,0.000,0.043,6.273,-7.628,-2.228,2.228,-13.802,-13.020
4329,16,-0.938,39.420,23.568,0.002,-0.003,0.000,0.067,6.249,-7.647,-2.230,2.230,-13.799,-13.021
4330,16,-0.938,39.420,23.568,0.000,-0.001,0.000,0.067,6.249,-7.647,-2.219,2.219,-13.830,-13.051
4331,16,-0.938,39.417,23.572,-0.002,-0.000,0.000,0.124,6.240,-7.680,-2.219,2.219,-13.824,-13.047
4332,16,-0.942,39.418,23.571,-0.002,-0.000,0.000,0.124,6.240,-7.680,-2.207,2.207,-13.842,-13.061
4333,16,-0.942,39.418,23.571,-0.002,-0.000,0.000,0.124,6.245,-7.666,-2.207,2.207,-13.842,-13.061
4334,16,-0.942,39.418,23.571,-0.002,-0.000,0.000,0.124,6.245,-7.666,-2.207,2.207,-13.842,-13.061
4335,16,-0.942,39.418,23.571,-0.001,0.001,0.000,0.134,6.297,-7.599,-2.207,2.207,-13.842,-13.061
4336,16,-0.942,39.418,23.571,-0.001,0.001,0.000,0.134,6.297,-7.599,-2.213,2.213,-13.857,-13.077
4337,16,-0.942,39.418,23.571,-0.001,0.001,0.000,0.124,6.297,-7.618,-2.213,2.213,-13.857,-13.077
4338,16,-0.946,39.418,23.569,-0.001,0.002,0.000,0.124,6.297,-7.618,-2.211,2.211,-13.875,-13.091
4339,16,-0.946,39.418,23.569,-0.001,0.000,0.000,0.163,6.288,-7.651,-2.211,2.211,-13.875,-13.091
4340,16,-0.946,39.418,23.569,-0.001,0.000,0.000,0.163,6.288,-7.651,-2.211,2.211,-13.845,-13.060
4341,16,-0.946,39.418,23.569,-0.001,0.000,0.000,0.182,6.273,-7.604,-2.211,2.211,-13.845,-13.060
4342,16,-0.946,39.418,23.569,0.001,-0.001,0.000,0.182,6.273,-7.604,-2.222,2.222,-13.830,-13.045
4343,16,-0.946,39.418,23.569,0.001,-0.000,0.000,0.100,6.283,-7.613,-2.222,2.222,-13.830,-13.045
4344,16,-0.946,39.418,23.569,0.001,-0.000,0.000,0.100,6.283,-7.613,-2.222,2.222,-13.845,-13.060
4345,16,-0.942,39.418,23.571,0.001,-0.000,0.000,0.134,6.288,-7.647,-2.223,2.223,-13.842,-13.061
4346,16,-0.942,39.418,23.571,0.002,-0.002,0.000,0.134,6.288,-7.647,-2.229,2.229,-13.812,-13.031
4347,16,-0.942,39.418,23.571,0.001,-0.003,0.000,0.105,6.273,-7.628,-2.229,2.229,-13.812,-13.031
4348,16,-0.943,39.414,23.570,0.001,-0.003,0.000,0.105,6.273,-7.628,-2.223,2.223,-13.792,-13.011
4349,16,-0.943,39.414,23.570,0.001,-0.003,0.000,0.067,6.245,-7.642,-2.223,2.223,-13.792,-13.011
4350,16,-0.943,39.414,23.570,0.000,-0.000,0.000,0.067,6.245,-7.642,-2.218,2.218,-13.838,-13.056
4351,16,-0.938,39.414,23.572,-0.001,-0.000,0.000,0.096,6.240,-7.651,-2.219,2.219,-13.835,-13.057
4352,16,-0.943,39.414,23.570,-0.001,-0.000,0.000,0.096,6.240,-7.651,-2.212,2.212,-13.838,-13.056
4353,16,-0.943,39.414,23.570,-0.001,-0.000,0.000,0.139,6.264,-7.661,-2.212,2.212,-13.838,-13.056
4354,16,-0.943,39.414,23.570,-0.003,0.002,0.000,0.139,6.264,-7.661,-2.202,2.202,-13.868,-13.087
4355,16,-0.945,39.415,23.573,-0.002,0.002,0.000,0.110,6.297,-7.613,-2.202,2.202,-13.867,-13.087
4356,16,-0.944,39.418,23.573,-0.002,0.002,0.000,0.110,6.297,-7.613,-2.207,2.207,-13.875,-13.091
4357,16,-0.944,39.418,23.573,-0.002,0.002,0.000,0.134,6.307,-7.613,-2.207,2.207,-13.874,-13.091
4358,16,-0.944,39.418,23.573,-0.002,0.000,0.000,0.134,6.307,-7.613,-2.207,2.207,-13.844,-13.061
4359,16,-0.944,39.418,23.573,-0.000,-0.001,0.000,0.187,6.292,-7.642,-2.207,2.207,-13.844,-13.061
4360,16,-0.945,39.415,23.573,-0.000,-0.001,0.000,0.187,6.292,-7.642,-2.217,2.217,-13.824,-13.041
4361,16,-0.945,39.415,23.573,-0.000,-0.001,0.000,0.144,6.288,-7.628,-2.217,2.217,-13.824,-13.041
4362,16,-0.945,39.415,23.573,-0.000,-0.002,0.000,0.144,6.288,-7.628,-2.217,2.217,-13.809,-13.026
4363,16,-0.945,39.415,23.573,0.002,-0.000,0.000,0.144,6.264,-7.656,-2.217,2.217,-13.809,-13.026
4364,16,-0.945,39.415,23.573,0.002,-0.000,0.000,0.158,6.264,-7.656,-2.227,2.227,-13.840,-13.056
4365,16,-0.945,39.415,23.573,0.002,-0.000,0.000,0.120,6.269,-7.632,-2.227,2.227,-13.840,-13.056
4366,16,-0.945,39.415,23.573,0.002,-0.002,0.000,0.120,6.269,-7.632,-2.227,2.227,-13.809,-13.026
4367,16,-0.942,39.411,23.574,0.000,-0.000,0.000,0.120,6.273,-7.623,-2.228,2.228,-13.802,-13.022
4368,16,-0.943,39.411,23.570,0.000,-0.000,0.000,0.062,6.273,-7.623,-2.217,2.217,-13.833,-13.052
4369,16,-0.942,39.411,23.574,0.000,-0.000,0.000,0.105,6.273,-7.647,-2.218,2.218,-13.832,-13.052
4370,16,-0.942,39.411,23.574,0.000,-0.000,0.000,0.105,6.273,-7.647,-2.218,2.218,-13.832,-13.052
4371,16,-0.942,39.411,23.574,-0.001,-0.000,0.000,0.105,6.273,-7.618,-2.218,2.218,-13.832,-13.052
4372,16,-0.942,39.411,23.574,-0.001,-0.000,0.000,0.091,6.273,-7.618,-2.212,2.212,-13.832,-13.052
4373,16,-0.946,39.411,23.573,-0.001,-0.000,0.000,0.110,6.264,-7.632,-2.211,2.211,-13.835,-13.051
4374,16,-0.946,39.411,23.573,-0.002,-0.000,0.000,0.110,6.264,-7.632,-2.206,2.206,-13.835,-13.051
4375,16,-0.946,39.411,23.573,-0.001,-0.000,0.000,0.110,6.288,-7.637,-2.206,2.206,-13.835,-13.051
4376,16,-0.946,39.411,23.573,-0.001,-0.000,0.000,0.148,6.288,-7.637,-2.211,2.211,-13.835,-13.051
4377,16,-0.946,39.411,23.573,-0.001,-0.000,0.000,0.144,6.288,-7.637,-2.211,2.211,-13.835,-13.051
4378,16,-0.946,39.411,23.573,-0.001,-0.001,0.000,0.144,6.288,-7.637,-2.211,2.211,-13.820,-13.036
4379,16,-0.946,39.411,23.573,-0.000,-0.000,0.000,0.144,6.273,-7.637,-2.211,2.211,-13.820,-13.036
4380,16,-0.946,39.411,23.573,-0.000,-0.000,0.000,0.153,6.273,-7.637,-2.217,2.217,-13.835,-13.051
4381,16,-0.946,39.411,23.573,-0.000,-0.000,0.000,0.153,6.278,-7.642,-2.217,2.217,-13.835,-13.051
4382,16,-0.946,39.411,23.573,0.001,-0.001,0.000,0.153,6.278,-7.642,-2.222,2.222,-13.820,-13.036
4383,16,-0.946,39.411,23.573,0.000,-0.001,0.000,0.153,6.259,-7.642,-2.222,2.222,-13.820,-13.036
4384,16,-0.946,39.411,23.573,0.000,-0.001,0.000,0.148,6.259,-7.642,-2.217,2.217,-13.820,-13.036
4385,16,-0.947,39.407,23.572,0.000,-0.001,0.000,0.110,6.278,-7.647,-2.216,2.216,-13.814,-13.029
4386,16,-0.947,39.407,23.572,0.001,-0.000,0.000,0.110,6.278,-7.647,-2.221,2.221,-13.829,-13.045
4387,16,-0.947,39.407,23.572,0.001,-0.000,0.000,0.110,6.273,-7.637,-4.471,4.471,-13.829,-13.045
4388,16,-0.947,39.407,23.572,0.001,-0.000,0.000,0.105,6.273,-7.637,-4.471,4.471,-13.829,-13.045
4389,16,-0.947,39.407,23.572,0.001,-0.000,0.000,0.086,6.273,-7.628,-4.471,4.471,-13.829,-13.045
4390,16,-0.947,39.407,23.572,-0.001,-0.000,0.000,0.086,6.273,-7.628,-4.461,4.461,-13.829,-13.045
4391,16,-0.947,39.407,23.572,-0.000,-0.000,0.000,0.086,6.283,-7.628,-4.461,4.461,-13.829,-13.045
4392,16,-0.947,39.407,23.572,-0.000,-0.000,0.000,0.086,6.283,-7.628,-4.466,4.466,-13.829,-13.045
4393,16,-0.947,39.407,23.572,-0.000,-0.000,0.000,0.129,6.259,-7.642,-4.466,4.466,-13.829,-13.045
4394,16,-0.947,39.407,23.572,-0.003,-0.000,0.000,0.129,6.259,-7.642,-4.450,4.450,-13.829,-13.045
4395,16,-0.945,39.408,23.577,-0.001,-0.000,0.000,0.129,6.259,-7.642,-4.451,4.451,-13.830,-13.047
4396,16,-0.945,39.408,23.577,-0.001,-0.000,0.000,0.134,6.273,-7.642,-4.461,4.461,-13.830,-13.047
4397,16,-0.945,39.408,23.577,-0.001,-0.000,0.000,0.134,6.273,-7.632,-4.461,4.461,-13.830,-13.047
4398,16,-0.945,39.408,23.577,-0.000,-0.000,0.000,0.134,6.273,-7.632,-4.467,4.467,-13.830,-13.047
4399,16,-0.945,39.408,23.577,-0.002,-0.000,0.000,0.134,6.273,-7.623,-4.467,4.467,-13.830,-13.047
4400,16,-0.950,39.409,23.575,-0.002,-0.000,0.000,0.177,6.278,-7.623,-4.455,4.455,-13.833,-13.046
4401,16,-0.951,39.409,23.571,-0.002,-0.000,0.000,0.134,6.283,-7.642,-4.454,4.454,-13.833,-13.045
4402,16,-0.947,39.407,23.572,0.007,-0.000,0.005,0.134,6.283,-7.642,-4.570,4.570,-13.962,-12.911
4403,16,-0.949,39.407,23.567,0.019,-0.003,0.010,0.134,6.283,-7.637,-4.570,4.570,-13.963,-12.911
4404,16,-0.938,39.404,23.556,0.019,-0.003,0.010,0.182,6.273,-7.637,-4.680,4.680,-14.002,-12.773
4405,16,-0.934,39.404,23.557,0.019,-0.003,0.010,0.110,6.297,-7.623,-4.686,4.686,-14.013,-12.760
4406,16,-0.937,39.404,23.560,-0.011,0.001,-0.010,0.110,6.297,-7.623,-4.296,4.296,-13.596,-13.300
4407,16,-0.940,39.406,23.570,-0.014,-0.006,-0.016,0.110,6.297,-7.599,-4.295,4.295,-13.599,-13.301
4408,16,-0.941,39.403,23.581,-0.014,-0.006,-0.016,0.019,6.340,-7.599,-4.207,4.207,-13.353,-13.326
4409,16,-0.939,39.399,23.589,-0.014,-0.006,-0.016,0.134,6.326,-7.599,-4.199,4.199,-13.323,-13.345
4410,16,-0.938,39.404,23.590,0.002,0.005,0.001,0.134,6.326,-7.599,-4.493,4.493,-13.923,-13.093
4411,16,-0.936,39.407,23.584,0.013,-0.001,0.014,0.134,6.326,-7.685,-4.493,4.493,-13.928,-13.098
4412,16,-0.935,39.409,23.572,0.013,-0.001,0.014,0.067,6.254,-7.685,-4.707,4.707,-14.157,-12.690
4413,16,-0.934,39.408,23.565,0.013,-0.001,0.014,0.129,6.221,-7.709,-4.707,4.707,-14.157,-12.690
4414,16,-0.937,39.404,23.560,0.007,-0.007,0.012,0.129,6.221,-7.709,-4.653,4.653,-14.007,-12.645
4415,16,-0.937,39.400,23.552,-0.011,-0.001,-0.005,0.129,6.221,-7.608,-4.653,4.653,-14.000,-12.639
4416,16,-0.943,39.397,23.557,-0.011,-0.001,-0.005,0.144,6.269,-7.608,-4.351,4.351,-13.676,-13.139
4417,16,-0.941,39.398,23.562,-0.011,-0.001,-0.005,0.139,6.307,-7.608,-4.348,4.348,-13.665,-13.153
4418,16,-0.944,39.399,23.565,-0.007,-0.000,-0.009,0.139,6.307,-7.608,-4.323,4.323,-13.602,-13.247
4419,16,-0.941,39.398,23.573,0.002,-0.001,0.001,0.139,6.307,-7.666,-4.324,4.324,-13.600,-13.248
4420,16,-0.941,39.398,23.573,0.002,-0.001,0.001,0.177,6.278,-7.666,-4.492,4.492,-13.825,-12.993
4421,16,-0.942,39.398,23.569,0.002,-0.001,0.001,0.115,6.269,-7.642,-4.491,4.491,-13.826,-12.993
4422,16,-0.938,39.398,23.571,0.004,-0.001,0.002,0.115,6.269,-7.642,-4.517,4.517,-13.850,-12.967
4423,16,-0.940,39.398,23.566,0.000,-0.001,-0.002,0.115,6.269,-7.656,-4.516,4.516,-13.851,-12.967
4424,16,-0.939,39.395,23.570,0.000,-0.001,-0.002,0.077,6.240,-7.656,-4.442,4.442,-13.739,-13.069
4425,16,-0.935,39.394,23.572,0.000,-0.001,-0.002,0.124,6.264,-7.623,-4.443,4.443,-13.736,-13.069
4426,16,-0.933,39.394,23.576,-0.001,-0.001,-0.003,0.124,6.264,-7.623,-4.425,4.425,-13.709,-13.096
4427,16,-0.933,39.394,23.576,-0.000,-0.000,0.000,0.124,6.264,-7.637,-4.425,4.425,-13.709,-13.096
4428,16,-0.933,39.394,23.576,-0.000,-0.000,0.000,0.096,6.288,-7.637,-4.470,4.470,-13.804,-13.032
4429,16,-0.933,39.394,23.576,-0.000,-0.000,0.000,0.081,6.283,-7.632,-4.470,4.470,-13.804,-13.032
4430,16,-0.933,39.394,23.576,-0.001,-0.000,0.001,0.081,6.283,-7.632,-4.478,4.478,-13.830,-13.005
4431,16,-0.933,39.394,23.576,-0.001,-0.000,0.001,0.081,6.283,-7.632,-4.478,4.478,-13.830,-13.005
4432,16,-0.933,39.394,23.576,-0.001,-0.000,0.001,0.120,6.259,-7.637,-4.478,4.478,-13.830,-13.005
4433,16,-0.938,39.394,23.574,-0.001,-0.000,0.001,0.120,6.254,-7.642,-4.477,4.477,-13.833,-13.004
4434,16,-0.938,39.394,23.574,-0.002,-0.000,0.000,0.120,6.254,-7.642,-4.458,4.458,-13.806,-13.031
4435,16,-0.938,39.394,23.574,-0.000,-0.000,0.000,0.120,6.254,-7.647,-4.458,4.458,-13.806,-13.031
4436,16,-0.938,39.394,23.574,-0.000,-0.000,0.000,0.158,6.278,-7.647,-4.469,4.469,-13.806,-13.031
4437,16,-0.938,39.394,23.574,-0.000,-0.000,0.000,0.158,6.316,-7.628,-4.469,4.469,-13.806,-13.031
4438,16,-0.938,39.394,23.574,0.001,-0.001,0.000,0.158,6.316,-7.628,-4.474,4.474,-13.791,-13.016
4439,16,-0.934,39.390,23.576,0.000,-0.000,-0.001,0.158,6.316,-7.628,-4.475,4.475,-13.784,-13.012
4440,16,-0.933,39.390,23.580,0.000,-0.000,-0.001,0.134,6.283,-7.637,-4.457,4.457,-13.772,-13.054
4441,16,-0.932,39.393,23.580,0.000,-0.000,-0.001,0.124,6.254,-7.623,-4.457,4.457,-13.776,-13.059
4442,16,-0.933,39.390,23.580,0.000,-0.001,-0.002,0.124,6.254,-7.623,-4.443,4.443,-13.730,-13.065
4443,16,-0.933,39.390,23.580,0.000,-0.001,-0.002,0.124,6.254,-7.623,-4.443,4.443,-13.730,-13.065
4444,16,-0.931,39.390,23.584,0.000,0.001,-0.001,0.110,6.269,-7.647,-4.457,4.457,-13.786,-13.069
4445,16,-0.930,39.393,23.584,0.000,0.001,-0.001,0.110,6.269,-7.647,-4.458,4.458,-13.790,-13.074
4446,16,-0.930,39.393,23.584,0.000,0.001,-0.001,0.086,6.269,-7.647,-4.458,4.458,-13.790,-13.074
4447,16,-0.931,39.390,23.584,0.000,-0.001,-0.001,0.086,6.269,-7.647,-4.457,4.457,-13.756,-13.039
4448,16,-0.931,39.390,23.584,0.000,-0.000,0.000,0.096,6.269,-7.637,-4.471,4.471,-13.797,-13.028
4449,16,-0.931,39.390,23.584,0.000,-0.000,0.000,0.096,6.269,-7.637,-4.471,4.471,-13.797,-13.028
4450,16,-0.931,39.390,23.584,0.000,-0.000,0.000,0.115,6.259,-7.632,-4.471,4.471,-13.797,-13.028
4451,16,-0.931,39.390,23.584,-0.001,-0.000,0.000,0.115,6.259,-7.632,-4.465,4.465,-13.797,-13.028
4452,16,-0.931,39.390,23.584,-0.002,-0.000,0.001,0.115,6.288,-7.632,-4.473,4.473,-13.824,-13.001
4453,16,-0.931,39.390,23.584,-0.002,-0.000,0.001,0.115,6.288,-7.632,-4.473,4.473,-13.824,-13.001
4454,16,-0.931,39.390,23.584,-0.002,-0.000,0.000,0.144,6.288,-7.651,-4.460,4.460,-13.797,-13.028
4455,16,-0.935,39.391,23.583,-0.002,-0.000,0.000,0.144,6.288,-7.651,-4.459,4.459,-13.800,-13.027
4456,16,-0.934,39.390,23.587,-0.000,-0.000,0.000,0.144,6.273,-7.647,-4.470,4.470,-13.799,-13.027
4457,16,-0.934,39.390,23.587,-0.000,-0.000,0.000,0.144,6.273,-7.647,-4.470,4.470,-13.799,-13.027
4458,16,-0.934,39.390,23.587,-0.000,-0.000,-0.001,0.110,6.254,-7.618,-4.456,4.456,-13.773,-13.054
4459,16,-0.934,39.390,23.587,-0.000,-0.001,-0.001,0.110,6.254,-7.618,-4.456,4.456,-13.757,-13.038
4460,16,-0.930,39.390,23.588,0.002,-0.000,0.000,0.158,6.283,-7.647,-4.482,4.482,-13.797,-13.028
4461,16,-0.930,39.390,23.588,0.002,-0.000,0.000,0.158,6.283,-7.647,-4.482,4.482,-13.797,-13.028
4462,16,-0.930,39.390,23.588,0.002,-0.000,0.000,0.115,6.288,-7.647,-4.482,4.482,-13.797,-13.028
4463,16,-0.930,39.390,23.588,0.000,-0.001,0.000,0.115,6.288,-7.647,-4.471,4.471,-13.781,-13.013
4464,16,-0.930,39.390,23.588,0.000,-0.000,-0.001,0.091,6.273,-7.623,-4.458,4.458,-13.770,-13.054
4465,16,-0.930,39.390,23.588,0.000,-0.000,-0.001,0.091,6.273,-7.623,-4.458,4.458,-13.770,-13.054
4466,16,-0.930,39.390,23.588,0.000,-0.000,-0.001,0.110,6.254,-7.628,-4.458,4.458,-13.770,-13.054
4467,16,-0.930,39.390,23.588,0.000,-0.000,-0.001,0.110,6.254,-7.628,-4.458,4.458,-13.770,-13.054
4468,16,-0.930,39.390,23.588,0.000,-0.001,0.000,0.086,6.259,-7.632,-4.471,4.471,-13.781,-13.013
4469,16,-0.926,39.389,23.590,0.000,-0.001,0.000,0.086,6.259,-7.632,-4.472,4.472,-13.779,-13.013
4470,16,-0.924,39.389,23.594,0.000,-0.001,0.000,0.100,6.283,-7.647,-4.473,4.473,-13.778,-13.014
4471,16,-0.924,39.389,23.594,-0.001,-0.000,0.000,0.100,6.283,-7.647,-4.467,4.467,-13.793,-13.029
4472,16,-0.929,39.386,23.592,-0.002,-0.000,0.000,0.129,6.269,-7.651,-4.459,4.459,-13.787,-13.027
4473,16,-0.929,39.386,23.592,-0.002,-0.000,0.000,0.129,6.269,-7.651,-4.460,4.460,-13.791,-13.023
4474,16,-0.929,39.386,23.592,-0.002,-0.000,0.000,0.129,6.278,-7.623,-4.460,4.460,-13.791,-13.023
4475,16,-0.929,39.386,23.592,-0.003,-0.000,0.000,0.129,6.278,-7.623,-4.455,4.455,-13.791,-13.023
4476,16,-0.933,39.387,23.591,-0.001,-0.000,0.000,0.158,6.269,-7.618,-4.465,4.465,-13.794,-13.023
4477,16,-0.933,39.387,23.591,-0.001,-0.000,0.000,0.158,6.269,-7.618,-4.465,4.465,-13.794,-13.023
4478,16,-0.933,39.387,23.591,-0.001,-0.000,0.000,0.134,6.288,-7.637,-4.465,4.465,-13.794,-13.023
4479,16,-0.933,39.387,23.591,0.001,-0.000,0.000,0.134,6.288,-7.637,-4.475,4.475,-13.794,-13.023
4480,16,-0.933,39.387,23.591,0.000,-0.000,0.000,0.134,6.278,-7.637,-4.470,4.470,-13.794,-13.023
4481,16,-0.933,39.387,23.591,0.000,-0.000,0.000,0.134,6.278,-7.637,-4.470,4.470,-13.794,-13.023
4482,16,-0.933,39.387,23.591,0.000,-0.000,0.000,0.120,6.264,-7.637,-4.470,4.470,-13.794,-13.023
4483,16,-0.933,39.387,23.591,0.000,-0.000,0.000,0.120,6.264,-7.637,-4.470,4.470,-13.794,-13.023
4484,16,-0.933,39.387,23.591,0.000,-0.001,0.000,0.096,6.269,-7.628,-4.470,4.470,-13.778,-13.008
4485,16,-0.933,39.387,23.591,0.000,-0.001,0.000,0.096,6.269,-7.628,-4.470,4.470,-13.779,-13.007
4486,16,-0.933,39.387,23.591,0.000,-0.001,0.000,0.110,6.283,-7.637,-4.470,4.470,-13.779,-13.007
4487,16,-0.933,39.387,23.591,0.000,-0.000,0.000,0.110,6.283,-7.637,-4.470,4.470,-13.794,-13.023
4488,16,-0.933,39.387,23.591,0.000,-0.000,0.000,0.072,6.283,-7.642,-4.470,4.470,-13.794,-13.023
4489,16,-0.929,39.386,23.592,0.000,-0.000,0.000,0.072,6.283,-7.642,-4.471,4.471,-13.791,-13.023
4490,16,-0.929,39.386,23.592,0.000,-0.000,0.000,0.115,6.264,-7.632,-4.471,4.471,-13.791,-13.023
4491,16,-0.927,39.389,23.597,0.000,-0.000,0.000,0.115,6.264,-7.632,-4.472,4.472,-13.795,-13.028
4492,16,-0.927,39.389,23.597,-0.001,-0.000,0.000,0.148,6.264,-7.637,-4.467,4.467,-13.795,-13.028
4493,16,-0.927,39.389,23.597,-0.001,-0.000,0.000,0.148,6.264,-7.637,-4.467,4.467,-13.795,-13.028
4494,16,-0.927,39.389,23.597,-0.001,-0.000,0.000,0.110,6.278,-7.623,-4.467,4.467,-13.795,-13.028
4495,16,-0.931,39.390,23.595,-0.001,0.001,0.000,0.110,6.278,-7.623,-4.465,4.465,-13.813,-13.043
4496,16,-0.931,39.391,23.596,-0.000,0.000,0.000,0.148,6.297,-7.628,-4.471,4.471,-13.799,-13.029
4497,16,-0.931,39.391,23.596,-0.000,0.000,0.000,0.148,6.297,-7.628,-4.471,4.471,-13.799,-13.029
4498,16,-0.931,39.391,23.596,-0.000,0.000,0.000,0.129,6.283,-7.628,-4.471,4.471,-13.799,-13.029
4499,16,-0.931,39.391,23.596,-0.000,0.000,0.000,0.129,6.283,-7.628,-4.471,4.471,-13.799,-13.029
4500,16,-0.926,39.390,23.597,0.001,0.000,0.000,0.120,6.269,-7.628,-4.478,4.478,-13.800,-13.027
4501,16,-0.926,39.390,23.597,0.001,0.000,0.000,0.120,6.269,-7.628,-4.477,4.477,-13.796,-13.030
4502,16,-0.926,39.390,23.597,0.001,0.000,0.000,0.139,6.264,-7.656,-4.477,4.477,-13.796,-13.030
4503,16,-0.926,39.394,23.598,0.001,0.000,0.000,0.139,6.264,-7.656,-4.477,4.477,-13.796,-13.030
4504,16,-0.926,39.394,23.598,0.001,0.000,0.000,0.086,6.288,-7.651,-4.478,4.478,-13.801,-13.035
4505,16,-0.926,39.394,23.598,0.001,0.000,0.000,0.086,6.288,-7.651,-4.478,4.478,-13.801,-13.035
4506,16,-0.926,39.394,23.598,0.001,0.000,0.000,0.110,6.264,-7.637,-4.478,4.478,-13.801,-13.035
4507,16,-0.926,39.394,23.598,0.000,0.000,0.000,0.110,6.264,-7.637,-4.472,4.472,-13.801,-13.035
4508,16,-0.926,39.394,23.598,-0.001,0.001,0.000,0.105,6.269,-7.628,-4.467,4.467,-13.816,-13.050
4509,16,-0.926,39.394,23.598,-0.001,0.001,0.000,0.105,6.269,-7.628,-4.467,4.467,-13.816,-13.050
4510,16,-0.926,39.394,23.598,-0.001,0.001,0.000,0.100,6.278,-7.637,-4.467,4.467,-13.816,-13.050
4511,16,-0.926,39.394,23.598,-0.000,0.000,0.000,0.100,6.278,-7.637,-4.472,4.472,-13.801,-13.035
4512,16,-0.926,39.394,23.598,-0.000,0.001,0.000,0.134,6.288,-7.632,-4.472,4.472,-13.816,-13.050
4513,16,-0.926,39.394,23.598,-0.000,0.001,0.000,0.134,6.288,-7.632,-4.472,4.472,-13.816,-13.050
4514,16,-0.921,39.393,23.599,-0.000,0.001,0.000,0.120,6.278,-7.637,-4.474,4.474,-13.813,-13.051
4515,16,-0.921,39.393,23.599,-0.000,-0.002,0.000,0.120,6.278,-7.637,-4.474,4.474,-13.768,-13.005
4516,16,-0.921,39.393,23.599,-0.000,0.001,0.000,0.120,6.269,-7.623,-4.474,4.474,-13.813,-13.051
4517,16,-0.921,39.393,23.599,-0.000,0.001,0.000,0.120,6.269,-7.623,-4.474,4.474,-13.813,-13.051
4518,16,-0.921,39.393,23.599,-0.000,0.001,0.000,0.158,6.269,-7.628,-4.474,4.474,-13.813,-13.051
4519,16,-0.921,39.393,23.599,-0.001,-0.001,0.000,0.158,6.269,-7.628,-4.468,4.468,-13.783,-13.021
4520,16,-0.926,39.394,23.598,-0.000,0.001,0.000,0.100,6.283,-7.642,-4.472,4.472,-13.816,-13.050
4521,16,-0.926,39.394,23.598,-0.000,0.001,0.000,0.100,6.283,-7.642,-4.472,4.472,-13.816,-13.050
4522,16,-0.926,39.394,23.598,-0.000,0.001,0.000,0.120,6.264,-7.642,-4.472,4.472,-13.816,-13.050
4523,16,-0.921,39.393,23.599,-0.000,-0.001,0.000,0.120,6.264,-7.642,-4.474,4.474,-13.783,-13.021
4524,16,-0.921,39.393,23.599,0.002,-0.000,0.000,0.124,6.269,-7.661,-4.484,4.484,-13.798,-13.036
4525,16,-0.921,39.393,23.599,0.002,-0.000,0.000,0.124,6.269,-7.661,-4.484,4.484,-13.798,-13.036
4526,16,-0.921,39.393,23.599,0.002,-0.000,0.000,0.096,6.264,-7.651,-4.484,4.484,-13.798,-13.036
4527,16,-0.921,39.393,23.599,0.000,-0.000,0.000,0.096,6.264,-7.651,-4.474,4.474,-13.798,-13.036
4528,16,-0.921,39.393,23.599,0.000,-0.000,0.000,0.110,6.273,-7.623,-4.474,4.474,-13.798,-13.036
4529,16,-0.921,39.393,23.599,0.000,-0.000,0.000,0.110,6.273,-7.623,-4.474,4.474,-13.798,-13.036
4530,16,-0.917,39.392,23.601,0.000,-0.000,0.000,0.105,6.278,-7.647,-4.475,4.475,-13.795,-13.037
4531,16,-0.917,39.392,23.601,0.000,-0.000,0.000,0.105,6.278,-7.647,-4.475,4.475,-13.795,-13.037
4532,16,-0.917,39.392,23.601,0.000,-0.000,0.000,0.134,6.273,-7.642,-4.475,4.475,-13.795,-13.037
4533,16,-0.917,39.392,23.601,0.000,-0.000,0.000,0.134,6.273,-7.642,-4.475,4.475,-13.795,-13.037
4534,16,-0.917,39.392,23.601,0.000,-0.000,0.000,0.124,6.283,-7.628,-4.475,4.475,-13.795,-13.037
4535,16,-0.917,39.392,23.601,0.000,-0.000,0.000,0.124,6.283,-7.628,-4.475,4.475,-13.795,-13.037
4536,16,-0.917,39.392,23.601,0.000,-0.000,0.000,0.115,6.278,-7.647,-4.475,4.475,-13.795,-13.037
4537,16,-0.917,39.392,23.601,0.000,-0.000,0.000,0.115,6.278,-7.647,-4.475,4.475,-13.795,-13.037
4538,16,-0.917,39.392,23.601,0.000,-0.000,0.000,0.153,6.278,-7.637,-4.475,4.475,-13.795,-13.037
4539,16,-0.917,39.392,23.601,0.000,-0.000,0.000,0.153,6.278,-7.637,-4.475,4.475,-13.795,-13.037
4540,16,-0.917,39.392,23.601,0.000,-0.000,0.000,0.124,6.273,-7.637,-4.475,4.475,-13.795,-13.037
4541,16,-0.917,39.392,23.601,0.000,-0.000,0.000,0.124,6.273,-7.637,-4.475,4.475,-13.795,-13.037
4542,16,-0.917,39.392,23.601,0.000,-0.000,0.000,0.105,6.269,-7.656,-4.475,4.475,-13.795,-13.037
4543,16,-0.917,39.392,23.601,0.000,-0.000,0.000,0.105,6.269,-7.656,-4.475,4.475,-13.795,-13.037
4544,16,-0.917,39.392,23.601,0.000,-0.000,0.000,0.105,6.269,-7.632,-4.475,4.475,-13.795,-13.037
4545,16,-0.917,39.392,23.601,0.000,-0.000,0.000,0.105,6.269,-7.632,-4.475,4.475,-13.795,-13.037
4546,16,-0.917,39.392,23.601,0.000,-0.000,0.000,0.105,6.278,-7.632,-4.475,4.475,-13.795,-13.037
4547,16,-0.917,39.392,23.601,0.000,-0.000,0.000,0.105,6.278,-7.632,-4.475,4.475,-13.795,-13.037
4548,16,-0.917,39.392,23.601,0.000,-0.000,0.000,0.120,6.283,-7.623,-4.475,4.475,-13.795,-13.037
4549,16,-0.917,39.392,23.601,0.000,-0.000,0.000,0.120,6.283,-7.623,-4.475,4.475,-13.795,-13.037
4550,16,-0.917,39.392,23.601,0.000,-0.000,0.000,0.100,6.283,-7.632,-4.475,4.475,-13.795,-13.037
4551,16,-0.917,39.392,23.601,0.000,-0.000,0.000,0.100,6.283,-7.632,-4.475,4.475,-13.795,-13.037
4552,16,-0.916,39.396,23.601,0.000,-0.000,0.000,0.144,6.269,-7.647,-4.475,4.475,-13.800,-13.042
4553,16,-0.916,39.396,23.601,0.000,-0.000,0.000,0.144,6.269,-7.647,-4.475,4.475,-13.800,-13.042
4554,16,-0.916,39.396,23.601,0.000,-0.000,0.000,0.134,6.264,-7.642,-4.475,4.475,-13.800,-13.042
4555,16,-0.916,39.396,23.601,0.000,-0.000,0.000,0.134,6.264,-7.642,-4.475,4.475,-13.800,-13.042
4556,16,-0.916,39.396,23.601,0.000,-0.000,0.000,0.115,6.278,-7.642,-4.475,4.475,-13.800,-13.042
4557,16,-0.916,39.396,23.601,0.000,-0.000,0.000,0.115,6.278,-7.642,-4.475,4.475,-13.800,-13.042
4558,16,-0.916,39.396,23.601,0.000,-0.000,0.000,0.144,6.273,-7.623,-4.475,4.475,-13.800,-13.042
4559,16,-0.916,39.396,23.601,0.000,-0.000,0.000,0.144,6.273,-7.623,-4.475,4.475,-13.800,-13.042
4560,16,-0.916,39.396,23.601,0.000,-0.000,0.000,0.110,6.278,-7.637,-4.475,4.475,-13.800,-13.042
4561,16,-0.916,39.396,23.601,0.000,-0.000,0.000,0.110,6.278,-7.637,-4.475,4.475,-13.800,-13.042
4562,16,-0.916,39.396,23.601,0.000,-0.000,0.000,0.100,6.269,-7.651,-4.475,4.475,-13.800,-13.042
4563,16,-0.916,39.396,23.601,0.000,-0.000,0.000,0.100,6.269,-7.651,-4.475,4.475,-13.800,-13.042
4564,16,-0.916,39.396,23.601,0.000,-0.000,0.000,0.120,6.269,-7.628,-4.475,4.475,-13.800,-13.042
4565,16,-0.912,39.395,23.602,0.000,-0.000,0.000,0.120,6.269,-7.628,-4.476,4.476,-13.797,-13.042
4566,16,-0.912,39.395,23.602,0.000,-0.000,0.000,0.091,6.269,-7.623,-4.476,4.476,-13.797,-13.042
4567,16,-0.912,39.395,23.602,0.000,-0.000,0.000,0.091,6.269,-7.623,-4.476,4.476,-13.797,-13.042
4568,16,-0.912,39.395,23.602,0.000,-0.000,0.000,0.110,6.273,-7.647,-4.476,4.476,-13.797,-13.042
4569,16,-0.912,39.395,23.602,0.000,-0.000,0.000,0.110,6.273,-7.647,-4.476,4.476,-13.797,-13.042
4570,16,-0.912,39.395,23.602,0.000,-0.000,0.000,0.129,6.273,-7.637,-4.476,4.476,-13.797,-13.042
4571,16,-0.912,39.395,23.602,0.000,-0.000,0.000,0.129,6.273,-7.637,-4.476,4.476,-13.797,-13.042
4572,16,-0.912,39.395,23.602,0.000,-0.000,0.000,0.129,6.269,-7.637,-4.476,4.476,-13.797,-13.042
4573,16,-0.912,39.395,23.602,0.000,-0.000,0.000,0.129,6.269,-7.637,-4.476,4.476,-13.797,-13.042
4574,16,-0.912,39.395,23.602,0.000,-0.000,0.000,0.115,6.283,-7.632,-4.476,4.476,-13.797,-13.042
4575,16,-0.912,39.395,23.602,0.000,-0.000,0.000,0.115,6.283,-7.632,-4.476,4.476,-13.797,-13.042
4576,16,-0.912,39.395,23.602,0.000,-0.000,0.000,0.134,6.283,-7.632,-4.476,4.476,-13.797,-13.042
4577,16,-0.912,39.395,23.602,0.000,-0.000,0.000,0.134,6.283,-7.632,-4.476,4.476,-13.797,-13.042
4578,16,-0.912,39.395,23.602,0.000,-0.000,0.000,0.144,6.269,-7.637,-4.476,4.476,-13.797,-13.042
4579,16,-0.912,39.395,23.602,0.000,-0.000,0.000,0.144,6.269,-7.637,-4.476,4.476,-13.797,-13.042
4580,16,-0.912,39.395,23.602,0.000,-0.000,0.000,0.096,6.269,-7.647,-4.476,4.476,-13.797,-13.042
4581,16,-0.912,39.395,23.602,0.000,-0.000,0.000,0.096,6.269,-7.647,-4.476,4.476,-13.797,-13.042
4582,16,-0.912,39.395,23.602,0.000,-0.000,0.000,0.110,6.269,-7.637,-4.476,4.476,-13.797,-13.042
4583,16,-0.912,39.395,23.602,0.000,-0.000,0.000,0.110,6.269,-7.637,-4.476,4.476,-13.797,-13.042
4584,16,-0.911,39.395,23.607,0.000,-0.000,0.000,0.110,6.273,-7.661,-4.477,4.477,-13.796,-13.043
4585,16,-0.911,39.395,23.607,0.000,-0.000,0.000,0.110,6.273,-7.661,-4.477,4.477,-13.796,-13.043
4586,16,-0.911,39.395,23.607,0.000,-0.000,0.000,0.100,6.273,-7.628,-4.477,4.477,-13.796,-13.043
4587,16,-0.911,39.395,23.607,0.000,-0.000,0.000,0.100,6.273,-7.628,-4.477,4.477,-13.796,-13.043
4588,16,-0.911,39.395,23.607,0.000,-0.000,0.000,0.120,6.278,-7.637,-4.477,4.477,-13.796,-13.043
4589,16,-0.911,39.395,23.607,0.000,-0.000,0.000,0.120,6.278,-7.637,-4.477,4.477,-13.796,-13.043
4590,16,-0.907,39.394,23.608,0.000,-0.000,0.000,0.129,6.288,-7.637,-4.478,4.478,-13.793,-13.043
4591,16,-0.907,39.394,23.608,0.000,-0.000,0.000,0.129,6.288,-7.637,-4.478,4.478,-13.793,-13.043
4592,16,-0.907,39.394,23.608,0.000,-0.000,0.000,0.134,6.283,-7.647,-4.478,4.478,-13.793,-13.043
4593,16,-0.907,39.394,23.608,0.000,-0.000,0.000,0.134,6.283,-7.647,-4.478,4.478,-13.793,-13.043
4594,16,-0.907,39.394,23.608,0.000,-0.000,0.000,0.144,6.278,-7.642,-4.478,4.478,-13.793,-13.043
4595,16,-0.907,39.394,23.608,0.000,-0.000,0.000,0.144,6.278,-7.642,-4.478,4.478,-13.793,-13.043
4596,16,-0.907,39.394,23.608,0.000,-0.000,0.000,0.115,6.269,-7.637,-4.478,4.478,-13.793,-13.043
4597,16,-0.907,39.394,23.608,0.000,-0.000,0.000,0.115,6.269,-7.637,-4.478,4.478,-13.793,-13.043
4598,16,-0.907,39.394,23.608,0.000,-0.000,0.000,0.124,6.278,-7.628,-4.478,4.478,-13.793,-13.043
4599,16,-0.907,39.394,23.608,0.000,-0.000,0.000,0.124,6.278,-7.628,-4.478,4.478,-13.793,-13.043
4600,16,-0.911,39.395,23.607,0.000,-0.000,0.000,0.110,6.278,-7.632,-4.477,4.477,-13.796,-13.043
4601,16,-0.911,39.395,23.607,0.000,-0.000,0.000,0.110,6.278,-7.632,-4.477,4.477,-13.796,-13.043
4602,16,-0.911,39.395,23.607,0.000,-0.000,0.000,0.105,6.264,-7.656,-4.477,4.477,-13.796,-13.043
4603,16,-0.907,39.394,23.608,0.000,-0.000,0.000,0.105,6.264,-7.656,-4.477,4.477,-13.796,-13.043
4604,16,-0.907,39.394,23.608,0.000,-0.000,0.000,0.115,6.259,-7.623,-4.478,4.478,-13.793,-13.043
4605,16,-0.907,39.394,23.608,0.000,-0.000,0.000,0.115,6.259,-7.623,-4.478,4.478,-13.793,-13.043
4606,16,-0.907,39.394,23.608,0.000,-0.000,0.000,0.115,6.259,-7.637,-4.478,4.478,-13.793,-13.043
4607,16,-0.907,39.394,23.608,0.000,-0.000,0.000,0.110,6.264,-7.637,-4.478,4.478,-13.793,-13.043
4608,16,-0.907,39.394,23.608,0.000,-0.000,0.000,0.110,6.264,-7.637,-4.478,4.478,-13.793,-13.043
4609,16,-0.907,39.394,23.608,0.000,-0.000,0.000,0.124,6.283,-7.647,-4.478,4.478,-13.793,-13.043
4610,16,-0.907,39.394,23.608,0.000,-0.000,0.000,0.124,6.283,-7.632,-4.478,4.478,-13.793,-13.043
4611,16,-0.907,39.394,23.608,0.000,-0.000,0.000,0.134,6.278,-7.632,-4.478,4.478,-13.793,-13.043
4612,16,-0.907,39.394,23.608,0.000,-0.000,0.000,0.134,6.278,-7.632,-4.478,4.478,-13.793,-13.043
4613,16,-0.907,39.394,23.608,0.000,-0.000,0.000,0.139,6.273,-7.628,-4.478,4.478,-13.793,-13.043
4614,16,-0.907,39.394,23.608,0.000,-0.000,0.000,0.139,6.273,-7.632,-4.478,4.478,-13.793,-13.043
4615,16,-0.907,39.394,23.608,0.000,-0.000,0.000,0.129,6.278,-7.632,-4.478,4.478,-13.793,-13.043
4616,16,-0.907,39.394,23.608,0.000,-0.000,0.000,0.129,6.278,-7.632,-4.478,4.478,-13.793,-13.043
4617,16,-0.907,39.394,23.608,0.000,-0.000,0.000,0.134,6.278,-7.651,-4.478,4.478,-13.793,-13.043
4618,16,-0.907,39.394,23.608,0.000,-0.000,0.000,0.134,6.278,-7.651,-4.478,4.478,-13.793,-13.043
4619,16,-0.907,39.394,23.608,0.000,-0.000,0.000,0.134,6.259,-7.628,-4.478,4.478,-13.793,-13.043
4620,16,-0.911,39.395,23.607,0.000,-0.000,0.000,0.134,6.259,-7.628,-4.476,4.476,-13.793,-13.046
4621,16,-0.911,39.395,23.607,0.000,-0.000,0.000,0.115,6.264,-7.637,-4.477,4.477,-13.796,-13.043
4622,16,-0.911,39.395,23.607,0.000,-0.000,0.000,0.115,6.264,-7.637,-4.477,4.477,-13.796,-13.043
4623,16,-0.911,39.395,23.607,0.000,-0.000,0.000,0.115,6.273,-7.651,-4.477,4.477,-13.796,-13.043
4624,16,-0.911,39.395,23.607,0.000,-0.000,0.000,0.115,6.273,-7.651,-4.477,4.477,-13.796,-13.043
4625,16,-0.911,39.395,23.607,0.000,-0.000,0.000,0.100,6.278,-7.637,-4.477,4.477,-13.796,-13.043
4626,16,-0.911,39.395,23.607,0.000,-0.000,0.000,0.100,6.278,-7.637,-4.477,4.477,-13.796,-13.043
4627,16,-0.911,39.395,23.607,0.000,-0.000,0.000,0.100,6.259,-7.647,-4.477,4.477,-13.796,-13.043
4628,16,-0.907,39.394,23.608,0.000,-0.000,0.000,0.100,6.259,-7.647,-4.478,4.478,-13.793,-13.043
4629,16,-0.907,39.394,23.608,0.000,-0.000,0.000,0.110,6.264,-7.637,-4.478,4.478,-13.793,-13.043
4630,16,-0.907,39.394,23.608,0.000,-0.000,0.000,0.110,6.264,-7.637,-4.478,4.478,-13.793,-13.043
4631,16,-0.907,39.394,23.608,0.000,-0.000,0.000,0.134,6.269,-7.637,-4.478,4.478,-13.793,-13.043
4632,16,-0.907,39.394,23.608,0.000,-0.000,0.000,0.134,6.269,-7.637,-4.478,4.478,-13.793,-13.043
4633,16,-0.907,39.394,23.608,0.000,-0.000,0.000,0.096,6.297,-7.604,-4.478,4.478,-13.793,-13.043
4634,16,-0.907,39.394,23.608,0.000,-0.000,0.000,0.096,6.297,-7.604,-4.478,4.478,-13.793,-13.043
4635,16,-0.907,39.394,23.608,0.000,-0.000,0.000,0.153,6.292,-7.651,-4.478,4.478,-13.793,-13.043
4636,16,-0.907,39.394,23.608,0.000,-0.000,0.000,0.153,6.292,-7.651,-4.478,4.478,-13.793,-13.043
4637,16,-0.907,39.394,23.608,0.000,-0.000,0.000,0.153,6.269,-7.642,-4.478,4.478,-13.793,-13.043
4638,16,-0.907,39.394,23.608,0.000,-0.000,0.000,0.153,6.269,-7.642,-4.478,4.478,-13.793,-13.043
4639,16,-0.907,39.394,23.608,0.000,-0.000,0.000,0.096,6.269,-7.632,-4.478,4.478,-13.793,-13.043
4640,16,-0.907,39.394,23.608,0.000,-0.000,0.000,0.096,6.269,-7.632,-4.478,4.478,-13.793,-13.043
4641,16,-0.907,39.394,23.608,0.000,-0.000,0.000,0.129,6.283,-7.661,-4.478,4.478,-13.793,-13.043
4642,16,-0.907,39.394,23.608,0.000,-0.000,0.000,0.129,6.283,-7.661,-4.478,4.478,-13.793,-13.043
4643,16,-0.907,39.394,23.608,0.000,-0.000,0.000,0.091,6.264,-7.628,-4.478,4.478,-13.793,-13.043
4644,16,-0.907,39.394,23.608,0.000,-0.000,0.000,0.091,6.264,-7.628,-4.478,4.478,-13.793,-13.043
4645,16,-0.907,39.394,23.608,0.000,-0.000,0.000,0.120,6.249,-7.637,-4.478,4.478,-13.793,-13.043
4646,16,-0.907,39.394,23.608,0.000,-0.000,0.000,0.120,6.249,-7.637,-4.478,4.478,-13.793,-13.043
4647,16,-0.907,39.394,23.608,0.000,-0.000,0.000,0.105,6.283,-7.647,-4.478,4.478,-13.793,-13.043
4648,16,-0.907,39.394,23.608,0.000,-0.000,0.000,0.105,6.283,-7.647,-4.478,4.478,-13.793,-13.043
4649,16,-0.907,39.394,23.608,0.000,-0.000,0.000,0.110,6.288,-7.637,-4.478,4.478,-13.793,-13.043
4650,16,-0.907,39.394,23.608,0.000,-0.000,0.000,0.110,6.288,-7.637,-4.478,4.478,-13.793,-13.043
4651,16,-0.907,39.394,23.608,0.000,-0.000,0.000,0.139,6.283,-7.637,-4.478,4.478,-13.793,-13.043
4652,16,-0.907,39.394,23.608,0.000,-0.000,0.000,0.139,6.283,-7.637,-4.478,4.478,-13.793,-13.043
4653,16,-0.907,39.394,23.608,0.000,-0.000,0.000,0.124,6.278,-7.637,-4.478,4.478,-13.793,-13.043
4654,16,-0.907,39.394,23.608,0.000,-0.000,0.000,0.124,6.278,-7.637,-4.478,4.478,-13.793,-13.043
4655,16,-0.907,39.394,23.608,0.000,-0.000,0.000,0.139,6.259,-7.642,-4.478,4.478,-13.793,-13.043
4656,16,-0.907,39.394,23.608,0.000,-0.000,0.000,0.139,6.259,-7.642,-4.478,4.478,-13.793,-13.043
4657,16,-0.907,39.394,23.608,0.000,-0.000,0.000,0.124,6.292,-7.651,-4.478,4.478,-13.793,-13.043
4658,16,-0.907,39.394,23.608,0.000,-0.000,0.000,0.124,6.292,-7.651,-4.478,4.478,-13.793,-13.043
4659,16,-0.907,39.394,23.608,0.000,-0.000,0.000,0.105,6.292,-7.618,-4.478,4.478,-13.793,-13.043
4660,16,-0.907,39.394,23.608,0.000,-0.000,0.000,0.105,6.292,-7.618,-4.478,4.478,-13.793,-13.043
4661,16,-0.907,39.394,23.608,0.000,-0.000,0.000,0.120,6.264,-7.623,-4.478,4.478,-13.793,-13.043
4662,16,-0.907,39.394,23.608,0.000,-0.000,0.000,0.120,6.264,-7.623,-4.478,4.478,-13.793,-13.043
4663,16,-0.907,39.394,23.608,0.000,-0.000,0.000,0.100,6.273,-7.647,-4.478,4.478,-13.793,-13.043
4664,16,-0.907,39.394,23.608,0.000,-0.000,0.000,0.100,6.273,-7.647,-4.478,4.478,-13.793,-13.043
4665,16,-0.907,39.394,23.608,0.000,-0.000,0.000,0.105,6.259,-7.637,-4.478,4.478,-13.793,-13.043
4666,16,-0.907,39.394,23.608,0.000,-0.000,0.000,0.105,6.259,-7.637,-4.478,4.478,-13.793,-13.043
4667,16,-0.907,39.394,23.608,0.000,-0.000,0.000,0.134,6.278,-7.651,-4.478,4.478,-13.793,-13.043
4668,16,-0.907,39.394,23.608,0.000,-0.000,0.000,0.134,6.278,-7.651,-4.478,4.478,-13.793,-13.043
4669,16,-0.907,39.394,23.608,0.000,-0.000,0.000,0.120,6.269,-7.637,-4.478,4.478,-13.793,-13.043
4670,16,-0.907,39.394,23.608,0.000,-0.000,0.000,0.120,6.269,-7.637,-4.478,4.478,-13.793,-13.043
4671,16,-0.907,39.394,23.608,0.000,-0.000,0.000,0.124,6.273,-7.618,-4.478,4.478,-13.793,-13.043
4672,16,-0.907,39.394,23.608,0.000,-0.000,0.000,0.124,6.273,-7.618,-4.478,4.478,-13.793,-13.043
4673,16,-0.907,39.394,23.608,0.000,-0.000,0.000,0.139,6.292,-7.642,-4.478,4.478,-13.793,-13.043
4674,16,-0.907,39.394,23.608,0.000,-0.000,0.000,0.139,6.292,-7.642,-4.478,4.478,-13.793,-13.043
4675,16,-0.907,39.394,23.608,0.000,-0.000,0.000,0.115,6.273,-7.651,-4.478,4.478,-13.793,-13.043
4676,16,-0.907,39.394,23.608,0.000,-0.000,0.000,0.115,6.273,-7.651,-4.478,4.478,-13.793,-13.043
4677,16,-0.907,39.394,23.608,0.000,-0.000,0.000,0.144,6.259,-7.628,-4.478,4.478,-13.793,-13.043
4678,16,-0.907,39.394,23.608,0.000,-0.000,0.000,0.144,6.259,-7.628,-4.478,4.478,-13.793,-13.043
4679,16,-0.907,39.394,23.608,0.000,-0.000,0.000,0.105,6.278,-7.632,-4.478,4.478,-13.793,-13.043
4680,16,-0.907,39.394,23.608,0.000,-0.000,0.000,0.105,6.278,-7.632,-4.478,4.478,-13.793,-13.043
4681,16,-0.907,39.394,23.608,0.000,-0.000,0.000,0.110,6.273,-7.637,-4.478,4.478,-13.793,-13.043
4682,16,-0.907,39.394,23.608,0.000,-0.000,0.000,0.110,6.273,-7.637,-4.478,4.478,-13.793,-13.043
4683,16,-0.907,39.394,23.608,0.000,-0.000,0.000,0.120,6.269,-7.647,-4.478,4.478,-13.793,-13.043
4684,16,-0.907,39.394,23.608,0.000,-0.000,0.000,0.120,6.269,-7.647,-4.478,4.478,-13.793,-13.043
4685,16,-0.907,39.394,23.608,0.000,-0.000,0.000,0.105,6.264,-7.647,-4.478,4.478,-13.793,-13.043
4686,16,-0.907,39.394,23.608,0.000,-0.000,0.000,0.105,6.264,-7.647,-4.478,4.478,-13.793,-13.043
4687,16,-0.907,39.394,23.608,0.000,-0.000,0.000,0.120,6.259,-7.628,-4.478,4.478,-13.793,-13.043
4688,16,-0.907,39.394,23.608,0.000,-0.000,0.000,0.120,6.259,-7.628,-4.478,4.478,-13.793,-13.043
4689,16,-0.907,39.394,23.608,0.000,-0.000,0.000,0.129,6.278,-7.642,-4.478,4.478,-13.793,-13.043
4690,16,-0.907,39.394,23.608,0.000,-0.000,0.000,0.129,6.278,-7.642,-4.478,4.478,-13.793,-13.043
4691,16,-0.907,39.394,23.608,0.000,-0.000,0.000,0.120,6.283,-7.642,-4.478,4.478,-13.793,-13.043
4692,16,-0.907,39.394,23.608,0.000,-0.000,0.000,0.120,6.283,-7.642,-4.478,4.478,-13.793,-13.043
4693,16,-0.907,39.394,23.608,0.000,-0.000,0.000,0.124,6.278,-7.623,-4.478,4.478,-13.793,-13.043
4694,16,-0.907,39.394,23.608,0.000,-0.000,0.000,0.124,6.278,-7.623,-4.478,4.478,-13.793,-13.043
4695,16,-0.907,39.394,23.608,0.000,-0.000,0.000,0.129,6.264,-7.632,-4.478,4.478,-13.793,-13.043
4696,16,-0.907,39.394,23.608,0.000,-0.000,0.000,0.129,6.264,-7.632,-4.478,4.478,-13.793,-13.043
4697,16,-0.907,39.394,23.608,0.000,-0.000,0.000,0.129,6.278,-7.656,-4.478,4.478,-13.793,-13.043
4698,16,-0.907,39.394,23.608,0.000,-0.000,0.000,0.129,6.278,-7.656,-4.478,4.478,-13.793,-13.043
4699,16,-0.907,39.394,23.608,0.000,-0.000,0.000,0.115,6.278,-7.661,-4.478,4.478,-13.793,-13.043
4700,16,-0.907,39.394,23.608,0.000,-0.000,0.000,0.115,6.278,-7.661,-4.478,4.478,-13.793,-13.043
4701,16,-0.907,39.394,23.608,0.000,-0.000,0.000,0.110,6.264,-7.628,-4.478,4.478,-13.793,-13.043
4702,16,-0.907,39.394,23.608,0.000,-0.000,0.000,0.110,6.264,-7.628,-4.478,4.478,-13.793,-13.043
4703,16,-0.907,39.394,23.608,0.000,-0.000,0.000,0.115,6.254,-7.623,-4.478,4.478,-13.793,-13.043
4704,16,-0.907,39.394,23.608,0.000,-0.000,0.000,0.115,6.254,-7.623,-4.478,4.478,-13.793,-13.043
4705,16,-0.907,39.394,23.608,0.000,-0.000,0.000,0.110,6.288,-7.628,-4.478,4.478,-13.793,-13.043
4706,16,-0.907,39.394,23.608,0.000,-0.000,0.000,0.110,6.288,-7.628,-4.478,4.478,-13.793,-13.043
4707,16,-0.907,39.394,23.608,0.000,-0.000,0.000,0.105,6.288,-7.628,-4.478,4.478,-13.793,-13.043
4708,16,-0.902,39.393,23.610,0.000,-0.000,0.000,0.105,6.288,-7.628,-4.479,4.479,-13.791,-13.044
4709,16,-0.902,39.393,23.610,0.000,-0.000,0.000,0.124,6.273,-7.618,-4.479,4.479,-13.791,-13.044
4710,16,-0.902,39.393,23.610,0.000,-0.000,0.000,0.124,6.273,-7.618,-4.479,4.479,-13.791,-13.044
4711,16,-0.902,39.393,23.610,0.000,-0.000,0.000,0.144,6.264,-7.637,-4.479,4.479,-13.791,-13.044
4712,16,-0.902,39.393,23.610,0.000,-0.000,0.000,0.144,6.264,-7.637,-4.479,4.479,-13.791,-13.044
4713,16,-0.902,39.393,23.610,0.000,-0.000,0.000,0.110,6.278,-7.647,-4.479,4.479,-13.791,-13.044
4714,16,-0.902,39.393,23.610,0.000,-0.000,0.000,0.110,6.278,-7.647,-4.479,4.479,-13.791,-13.044
4715,16,-0.902,39.393,23.610,0.000,-0.000,0.000,0.129,6.292,-7.642,-4.479,4.479,-13.791,-13.044
4716,16,-0.902,39.393,23.610,0.000,-0.000,0.000,0.129,6.292,-7.642,-4.479,4.479,-13.791,-13.044
4717,16,-0.902,39.393,23.610,0.000,-0.000,0.000,0.134,6.269,-7.628,-4.479,4.479,-13.791,-13.044
4718,16,-0.902,39.393,23.610,0.000,-0.000,0.000,0.134,6.269,-7.628,-4.479,4.479,-13.791,-13.044
4719,16,-0.902,39.397,23.610,0.000,-0.000,0.000,0.105,6.259,-7.618,-4.480,4.480,-13.795,-13.049
4720,16,-0.906,39.397,23.608,0.000,-0.000,0.000,0.105,6.259,-7.618,-4.478,4.478,-13.798,-13.048
4721,16,-0.906,39.397,23.608,0.000,-0.000,0.000,0.120,6.269,-7.632,-4.478,4.478,-13.798,-13.048
4722,16,-0.906,39.397,23.608,0.000,-0.000,0.000,0.120,6.269,-7.632,-4.478,4.478,-13.798,-13.048
4723,16,-0.906,39.397,23.608,0.000,-0.000,0.000,0.100,6.288,-7.623,-4.478,4.478,-13.798,-13.048
4724,16,-0.902,39.397,23.610,0.000,-0.000,0.000,0.100,6.288,-7.623,-4.480,4.480,-13.795,-13.049
4725,16,-0.902,39.397,23.610,0.000,-0.000,0.000,0.100,6.225,-7.604,-4.480,4.480,-13.795,-13.049
4726,16,-0.902,39.397,23.610,0.000,-0.000,0.000,0.100,6.225,-7.604,-4.480,4.480,-13.795,-13.049
4727,16,-0.901,39.398,23.611,0.001,0.003,0.000,0.139,6.340,-7.714,-4.480,4.480,-13.797,-13.051
4728,16,-0.900,39.401,23.611,0.001,0.003,0.000,0.139,6.340,-7.714,-4.486,4.486,-13.847,-13.101
4729,16,-0.906,39.397,23.608,-0.004,-0.006,0.000,0.163,6.259,-7.690,-4.457,4.457,-13.706,-12.957
4730,16,-0.907,39.394,23.608,-0.004,-0.006,0.000,0.163,6.259,-7.690,-4.457,4.457,-13.702,-12.952
4731,16,-0.905,39.394,23.612,-0.003,-0.000,0.000,0.096,6.259,-7.541,-4.457,4.457,-13.701,-12.953
4732,16,-0.910,39.391,23.611,-0.003,-0.000,0.000,0.096,6.259,-7.541,-4.461,4.461,-13.791,-13.038
4733,16,-0.910,39.391,23.611,0.001,-0.002,0.000,0.081,6.307,-7.594,-4.482,4.482,-13.760,-13.008
4734,16,-0.910,39.391,23.611,0.001,-0.002,0.000,0.081,6.307,-7.594,-4.482,4.482,-13.760,-13.008
4735,16,-0.906,39.391,23.612,0.004,0.004,0.000,0.220,6.321,-7.632,-4.483,4.483,-13.758,-13.009
4736,16,-0.905,39.398,23.609,0.004,0.004,0.000,0.220,6.321,-7.632,-4.501,4.501,-13.863,-13.108
4737,16,-0.907,39.394,23.608,0.000,-0.005,0.000,0.163,6.254,-7.714,-4.478,4.478,-13.717,-12.967
4738,16,-0.907,39.394,23.608,0.000,-0.005,0.000,0.163,6.254,-7.714,-4.478,4.478,-13.717,-12.967
4739,16,-0.907,39.391,23.608,0.000,0.001,0.000,-0.010,6.206,-7.680,-4.478,4.478,-13.713,-12.963
4740,16,-0.907,39.394,23.608,0.000,0.001,0.000,-0.010,6.206,-7.680,-4.478,4.478,-13.809,-13.059
4741,16,-0.907,39.391,23.608,0.000,-0.002,0.000,0.211,6.216,-7.565,-4.478,4.478,-13.759,-13.008
4742,16,-0.907,39.391,23.608,0.000,-0.002,0.000,0.211,6.216,-7.565,-4.478,4.478,-13.759,-13.008
4743,16,-0.907,39.383,23.604,0.001,-0.012,0.005,0.100,6.752,-7.340,-4.544,4.544,-13.886,-12.868
4744,16,-0.908,39.380,23.603,0.001,-0.012,0.005,0.100,6.752,-7.340,-4.549,4.549,-13.738,-12.723
4745,16,-0.871,39.243,23.614,0.058,-0.259,-0.018,0.866,8.321,-6.493,-4.547,4.547,-9.406,-9.603
4746,16,-0.819,39.170,23.632,0.058,-0.259,-0.018,0.866,8.321,-6.493,-4.562,4.562,-9.278,-9.523
4747,16,-0.769,38.905,23.675,0.019,-0.331,-0.032,-1.125,0.833,-11.006,-4.385,4.385,-8.712,-9.658
4748,16,-0.774,38.717,23.682,0.019,-0.331,-0.032,-1.125,0.833,-11.006,-4.209,4.209,-7.232,-8.205
4749,16,-0.768,38.912,23.682,0.010,0.361,-0.004,0.345,9.264,-5.819,-4.507,4.507,-18.084,-17.695
4750,16,-0.782,39.016,23.676,0.010,0.361,-0.004,0.345,9.264,-5.819,-4.504,4.504,-18.242,-17.834
4751,16,-0.780,39.020,23.681,-0.063,-0.331,0.011,0.120,3.015,-9.661,-4.691,4.691,-18.620,-17.468
4752,16,-0.832,38.714,23.681,-0.063,-0.331,0.011,0.120,3.015,-9.661,-4.303,4.303,-8.288,-7.142
4753,16,-1.381,40.193,23.170,-0.393,2.458,0.639,1.086,53.780,8.116,-10.383,10.383,-66.265,-33.066
4754,16,-2.052,41.024,22.755,-0.393,2.458,0.639,1.086,53.780,8.116,-10.228,10.228,-67.825,-33.868
4755,16,-1.822,42.086,22.845,0.025,0.168,-0.212,1.139,152.173,-8.077,0.336,-0.336,-47.807,-56.401
4756,16,-1.724,42.397,22.937,0.025,0.168,-0.212,1.139,152.173,-8.077,-1.883,1.883,-15.954,-24.253
4757,16,-2.017,42.656,22.645,-0.164,0.043,0.364,4.302,150.259,-0.718,-8.016,8.016,-28.918,-8.438
4758,16,-2.293,42.808,22.448,-0.164,0.043,0.364,4.302,150.259,-0.718,-7.960,7.960,-29.302,-8.480
4759,16,-2.285,42.894,22.439,-0.116,-0.544,-0.206,-0.201,128.046,-3.565,-0.842,0.842,-15.181,-22.847
4760,16,-2.208,42.815,22.695,-0.116,-0.544,-0.206,-0.201,128.046,-3.565,-1.158,1.158,-6.814,-14.213
4761,16,-1.131,42.265,22.965,2.236,-1.316,0.005,-2.163,73.667,1.397,-15.725,15.725,0.528,2.024
4762,16,-0.013,41.901,23.325,2.236,-1.316,0.005,-2.163,73.667,1.397,-15.993,15.993,1.652,1.932
4763,16,0.564,41.234,23.532,2.363,-1.986,-0.415,0.325,0.904,-3.699,-10.884,10.884,13.413,-7.920
4764,16,2.459,39.787,24.386,2.363,-1.986,-0.415,0.325,0.904,-3.699,-12.274,12.274,25.305,3.465
4765,16,3.559,38.635,24.921,2.143,-2.302,-0.438,0.177,2.345,-1.402,-11.119,11.119,32.870,8.278
4766,16,4.723,37.943,25.388,2.143,-2.302,-0.438,0.177,2.345,-1.402,-11.555,11.555,34.169,8.986
4767,16,5.154,36.904,25.670,2.239,-2.537,-0.533,0.053,2.426,0.239,-11.810,11.810,35.567,10.559
4768,16,6.807,34.961,26.422,2.239,-2.537,-0.533,0.053,2.426,0.239,-11.967,11.967,44.002,14.423
4769,16,7.822,33.630,26.912,2.239,-2.537,-0.533,0.067,2.503,1.220,-12.588,12.588,45.664,16.559
4770,16,8.871,32.819,27.327,1.989,-2.645,-0.636,0.067,2.503,1.220,-10.642,10.642,50.794,16.820
4771,16,10.210,30.748,28.229,1.867,-2.542,-0.701,0.421,2.479,3.077,-11.033,11.033,52.084,19.017
4772,16,10.472,29.621,28.381,1.867,-2.542,-0.701,0.421,2.479,3.077,-10.648,10.648,54.194,19.491
4773,16,11.357,28.418,28.853,1.867,-2.542,-0.701,0.488,2.172,3.909,-11.396,11.396,55.271,21.782
4774,16,12.376,27.734,29.207,2.090,-2.172,-0.663,0.488,2.172,3.909,-13.718,13.718,49.542,18.842
4775,16,13.815,26.162,30.076,2.166,-1.811,-0.704,0.407,2.082,4.039,-14.190,14.190,50.299,20.721
4776,16,14.207,25.452,30.258,2.166,-1.811,-0.704,0.407,2.082,4.039,-15.300,15.300,46.976,17.361
4777,16,15.186,24.660,30.756,2.166,-1.811,-0.704,0.569,2.067,3.967,-16.030,16.030,47.329,19.135
4778,16,15.679,24.314,31.018,2.194,-1.459,-0.747,0.569,2.067,3.967,-15.815,15.815,43.484,13.853
4779,16,17.703,23.190,32.061,2.272,-1.127,-0.742,0.675,2.096,4.000,-16.182,16.182,43.655,15.493
4780,16,18.202,22.873,32.331,2.272,-1.127,-0.742,0.675,2.096,4.000,-17.126,17.126,38.741,12.799
4781,16,19.243,22.460,32.858,2.272,-1.127,-0.742,0.727,2.058,4.158,-17.452,17.452,38.584,13.949
4782,16,20.256,22.148,33.195,2.356,-0.836,-0.706,0.727,2.058,4.158,-18.620,18.620,33.288,11.643
4783,16,20.835,21.972,33.645,2.418,-0.567,-0.649,0.837,2.163,3.670,-18.793,18.793,33.137,12.182
4784,16,22.471,21.730,34.428,2.418,-0.567,-0.649,0.837,2.163,3.670,-20.532,20.532,26.471,11.236
4785,16,23.613,21.662,34.950,2.418,-0.567,-0.649,0.885,2.168,3.110,-20.431,20.431,26.823,11.185
4786,16,24.208,21.668,35.209,2.599,-0.274,-0.577,0.885,2.168,3.110,-22.325,22.325,20.603,8.918
4787,16,25.400,21.688,35.726,2.836,-0.001,-0.463,0.938,2.244,2.402,-22.511,22.511,20.100,9.160
4788,16,27.388,21.976,36.494,2.836,-0.001,-0.463,0.938,2.244,2.402,-25.361,25.361,12.880,8.608
4789,16,28.749,22.247,36.989,2.836,-0.001,-0.463,0.957,2.421,1.459,-25.320,25.320,11.937,7.501
4790,16,29.449,22.423,37.233,2.969,0.241,-0.314,0.957,2.421,1.459,-27.844,27.844,4.482,7.479
4791,16,30.854,22.771,37.723,3.018,0.425,-0.156,0.938,2.546,0.311,-27.818,27.818,3.972,6.868
4792,16,32.994,23.491,38.423,3.018,0.425,-0.156,0.938,2.546,0.311,-30.269,30.269,-4.457,7.263
4793,16,34.398,24.023,38.871,3.018,0.425,-0.156,0.914,2.555,-0.656,-29.627,29.627,-3.605,5.545
4794,16,35.088,24.320,39.094,2.941,0.576,0.015,0.914,2.555,-0.656,-31.233,31.233,-10.150,6.958
4795,16,36.475,24.898,39.538,2.716,0.757,0.183,0.828,2.536,-1.833,-30.940,30.940,-10.343,5.593
4796,16,38.369,25.945,40.201,2.716,0.757,0.183,0.828,2.536,-1.833,-31.717,31.717,-18.450,5.087
4797,16,39.528,26.692,40.661,2.716,0.757,0.183,0.699,2.622,-3.302,-30.756,30.756,-17.024,2.673
4798,16,40.055,27.088,40.902,2.312,0.958,0.325,0.699,2.622,-3.302,-30.213,30.213,-23.308,2.314
4799,16,41.124,27.860,41.390,1.781,1.177,0.414,0.608,2.689,-4.287,-29.630,29.630,-23.021,0.265
4800,16,42.330,29.146,42.216,1.781,1.177,0.414,0.608,2.689,-4.287,-27.543,27.543,-29.195,-3.646
4801,16,43.002,30.010,42.810,1.781,1.177,0.414,0.589,2.661,-4.431,-26.327,26.327,-27.169,-6.485
4802,16,43.265,30.456,43.128,1.185,1.366,0.469,0.589,2.661,-4.431,-23.641,23.641,-30.921,-9.047
4803,16,43.805,31.324,43.765,0.638,1.547,0.507,0.660,2.742,-5.417,-22.886,22.886,-30.301,-11.448
4804,16,44.230,32.696,44.825,0.638,1.547,0.507,0.660,2.742,-5.417,-19.956,19.956,-34.474,-16.410
4805,16,44.419,33.633,45.570,0.638,1.547,0.507,0.593,2.905,-6.924,-18.598,18.598,-32.118,-19.488
4806,16,44.461,34.116,45.961,0.147,1.775,0.569,0.593,2.905,-6.924,-16.489,16.489,-36.556,-22.540
4807,16,44.564,35.068,46.752,-0.214,2.022,0.634,0.488,3.359,-8.570,-15.644,15.644,-35.827,-25.190
4808,16,44.522,36.632,48.060,-0.214,2.022,0.634,0.488,3.359,-8.570,-13.892,13.892,-41.745,-30.894
4809,16,44.462,37.713,48.983,-0.214,2.022,0.634,0.301,3.728,-10.269,-12.329,12.329,-39.035,-34.437
4810,16,44.411,38.281,49.466,-0.529,2.282,0.707,0.301,3.728,-10.269,-11.175,11.175,-44.178,-37.888
4811,16,43.596,40.262,51.106,-1.059,2.637,0.771,0.014,4.192,-12.188,-10.196,10.196,-43.368,-40.997
4812,16,43.944,41.313,52.121,-1.059,2.637,0.771,0.014,4.192,-12.188,-6.716,6.716,-48.786,-49.743
4813,16,43.658,42.643,53.334,-1.059,2.637,0.771,-0.196,4.321,-12.408,-5.593,5.593,-47.955,-53.406
4814,16,43.498,43.346,53.988,-1.498,2.976,0.786,-0.196,4.321,-12.408,-2.996,2.996,-52.758,-59.820
4815,16,43.198,44.737,55.298,-1.781,3.352,0.766,-0.301,4.187,-13.030,-1.830,1.830,-51.924,-63.648
4816,16,42.813,47.039,57.611,-1.781,3.352,0.766,-0.301,4.187,-13.030,1.788,-1.788,-55.358,-75.889
4817,16,42.727,48.638,59.308,-1.781,3.352,0.766,-0.263,3.254,-13.958,3.194,-3.194,-54.212,-80.365
4818,16,42.757,49.470,60.226,-1.745,3.740,0.732,-0.263,3.254,-13.958,4.197,-4.197,-58.223,-89.112
4819,16,42.226,52.316,63.171,-1.662,3.858,0.708,-0.383,2.862,-12.135,5.738,-5.738,-56.776,-93.828
4820,16,43.412,53.630,65.176,-1.662,3.858,0.708,-0.383,2.862,-12.135,8.123,-8.123,-55.176,-103.431
4821,16,43.902,55.245,67.289,-1.662,3.858,0.708,-0.321,3.043,-11.834,9.836,-9.836,-53.131,-108.240
4822,16,44.191,56.024,68.368,-1.564,3.725,0.663,-0.321,3.043,-11.834,10.781,-10.781,-48.989,-109.835
4823,16,44.609,58.668,71.698,-1.224,3.643,0.647,-0.110,3.225,-11.231,12.287,-12.287,-47.145,-114.015
4824,16,46.336,59.785,74.077,-1.224,3.643,0.647,-0.110,3.225,-11.231,10.787,-10.787,-46.783,-114.452
4825,16,47.598,61.202,76.501,-1.224,3.643,0.647,-0.062,3.259,-11.374,10.787,-10.787,-46.783,-114.452
4826,16,48.337,61.885,77.741,-0.715,3.510,0.656,-0.062,3.259,-11.374,8.121,-8.121,-45.120,-112.310
4827,16,49.952,63.229,80.349,-0.019,3.377,0.693,-0.110,3.287,-10.958,8.121,-8.121,-45.120,-112.310
4828,16,53.126,65.116,84.379,-0.019,3.377,0.693,-0.110,3.287,-10.958,4.177,-4.177,-44.150,-109.476
4829,16,55.615,66.299,87.226,-0.019,3.377,0.693,-0.215,3.393,-10.834,4.177,-4.177,-43.481,-108.807
4830,16,56.993,66.868,88.677,0.673,3.220,0.770,-0.215,3.393,-10.834,-0.244,0.244,-42.511,-104.002
4831,16,59.945,67.958,91.775,1.191,3.046,0.833,-0.584,3.455,-11.169,-0.244,0.244,-40.890,-102.381
4832,16,64.938,69.441,96.508,1.191,3.046,0.833,-0.584,3.455,-11.169,-3.618,3.618,-40.381,-98.729
4833,16,67.378,70.220,98.813,1.191,3.046,0.833,-1.053,3.661,-11.130,-3.618,3.618,-34.880,-93.228
4834,16,70.277,70.721,101.460,1.369,2.788,0.871,-1.053,3.661,-11.130,-4.987,4.987,-29.780,-86.210
4835,16,74.072,71.473,104.960,1.324,2.500,0.842,-1.426,3.737,-10.264,-4.987,4.987,-26.570,-83.000
4836,16,79.496,72.375,109.941,1.324,2.500,0.842,-1.426,3.737,-10.264,-4.390,4.390,-20.893,-78.815
4837,16,82.226,72.852,112.445,1.324,2.500,0.842,-1.536,3.890,-9.857,-4.390,4.390,-14.296,-72.218
4838,16,84.951,73.056,114.956,1.288,2.269,0.757,-1.536,3.890,-9.857,-3.157,3.157,-6.270,-68.400
4839,16,88.649,73.411,118.360,1.163,2.003,0.648,-1.775,3.938,-9.747,-3.157,3.157,-2.676,-64.806
4840,16,93.498,73.738,122.847,1.163,2.003,0.648,-1.775,3.938,-9.747,-1.162,1.162,5.024,-62.592
4841,16,95.885,73.895,125.100,1.163,2.003,0.648,-2.115,4.144,-9.350,-1.162,1.162,11.022,-56.594
4842,16,97.852,73.884,126.963,0.913,1.762,0.491,-2.115,4.144,-9.350,2.047,-2.047,20.315,-55.131
4843,16,100.556,73.910,129.548,0.523,1.549,0.257,-2.149,4.125,-9.049,2.047,-2.047,22.979,-52.466
4844,16,103.501,73.739,132.624,0.523,1.549,0.257,-2.149,4.125,-9.049,6.926,-6.926,32.382,-54.782
4845,16,104.768,73.570,134.112,0.523,1.549,0.257,-2.110,4.216,-8.757,6.926,-6.926,35.910,-51.253
4846,16,105.559,73.410,135.042,0.069,1.321,-0.020,-2.110,4.216,-8.757,12.657,-12.657,46.811,-54.201
4847,16,106.614,73.144,136.413,-0.554,1.091,-0.322,-2.091,4.273,-8.355,12.657,-12.657,47.743,-53.269
4848,16,106.748,72.548,137.517,-0.554,1.091,-0.322,-2.091,4.273,-8.355,19.541,-19.541,57.850,-58.235
4849,16,106.544,72.092,138.065,-0.554,1.091,-0.322,-1.799,4.158,-7.695,19.541,-19.541,58.179,-57.906
4850,16,106.177,71.851,138.141,-0.993,0.903,-0.584,-1.799,4.158,-7.695,25.011,-25.011,66.993,-62.195
4851,16,105.578,71.352,138.415,-1.189,0.789,-0.718,-1.617,4.177,-7.575,25.011,-25.011,66.289,-62.899
4852,16,104.203,70.528,138.500,-1.189,0.789,-0.718,-1.617,4.177,-7.575,27.669,-27.669,69.779,-66.120
4853,16,103.285,69.931,138.548,-1.189,0.789,-0.718,-1.603,4.398,-7.608,27.669,-27.669,68.790,-67.110
4854,16,102.309,69.671,138.114,-1.331,0.478,-0.865,-1.603,4.398,-7.608,30.215,-30.215,75.966,-67.284
4855,16,100.921,69.088,137.751,-1.339,0.075,-0.996,-1.589,4.417,-7.015,30.215,-30.215,74.593,-68.657
4856,16,98.039,68.163,136.347,-1.339,0.075,-0.996,-1.589,4.417,-7.015,31.895,-31.895,80.917,-68.884
4857,16,96.482,67.470,135.676,-1.339,0.075,-0.996,-1.526,4.350,-6.556,31.895,-31.895,79.461,-70.340
4858,16,94.931,67.176,134.643,-1.276,-0.272,-1.113,-1.526,4.350,-6.556,33.046,-33.046,85.964,-69.696
4859,16,92.844,66.487,133.470,-0.984,-0.573,-1.250,-1.526,4.316,-6.130,33.046,-33.046,84.126,-71.534
4860,16,89.588,65.323,131.279,-0.984,-0.573,-1.250,-1.388,4.316,-6.130,33.291,-33.291,90.677,-71.801
4861,16,88.005,64.467,130.211,-0.984,-0.573,-1.250,-1.282,4.297,-5.929,33.291,-33.291,87.813,-74.664
4862,16,86.499,64.051,129.016,-0.611,-0.861,-1.358,-1.282,4.297,-5.929,32.785,-32.785,93.453,-74.458
4863,16,84.570,63.159,127.558,-0.164,-1.145,-1.449,-1.282,4.177,-5.972,32.785,-32.785,92.013,-75.898
4864,16,81.835,61.686,125.095,-0.164,-1.145,-1.449,-1.177,4.177,-5.972,31.680,-31.680,98.107,-74.331
4865,16,80.606,60.652,123.864,-0.164,-1.145,-1.449,-1.297,4.302,-5.790,31.680,-31.680,95.759,-76.679
4866,16,79.353,60.100,122.677,0.151,-1.384,-1.537,-1.297,4.302,-5.790,31.208,-31.208,100.602,-76.256
4867,16,77.209,57.976,120.012,0.467,-1.612,-1.648,-1.297,4.230,-5.235,31.208,-31.208,99.823,-77.035
4868,16,75.789,57.182,118.755,0.467,-1.612,-1.648,-1.182,4.230,-5.235,31.017,-31.017,105.026,-77.373
4869,16,75.007,55.951,117.557,0.467,-1.612,-1.648,-1.215,4.230,-4.857,31.017,-31.017,104.938,-77.461
4870,16,74.085,55.260,116.491,0.817,-1.790,-1.744,-1.215,4.230,-4.857,30.463,-30.463,109.563,-77.629
4871,16,72.921,52.675,114.054,1.123,-1.909,-1.876,-1.215,4.154,-4.819,30.463,-30.463,109.489,-77.703
4872,16,71.997,51.811,113.016,1.123,-1.909,-1.876,-1.364,4.154,-4.819,30.585,-30.585,115.980,-77.816
4873,16,71.764,50.402,112.006,1.123,-1.909,-1.876,-1.349,4.154,-4.776,29.905,-29.905,113.863,-77.215
4874,16,71.285,49.600,111.193,1.440,-1.914,-2.018,-1.349,4.154,-4.776,29.065,-29.065,115.553,-78.513
4875,16,70.965,48.105,110.073,1.745,-1.851,-2.150,-1.349,4.125,-4.819,27.237,-27.237,112.413,-74.340
4876,16,70.948,45.778,108.618,1.745,-1.851,-2.150,-1.402,4.125,-4.819,24.806,-24.806,111.488,-71.634
4877,16,71.278,44.257,107.889,1.745,-1.851,-2.150,-1.354,4.115,-4.618,22.810,-22.810,107.542,-67.597
4878,16,71.253,43.425,107.364,2.015,-1.744,-2.271,-1.354,4.115,-4.618,21.983,-21.983,107.420,-69.822
4879,16,72.207,40.367,105.932,2.254,-1.606,-2.384,-1.354,4.110,-4.369,20.142,-20.142,104.530,-65.349
4880,16,72.407,39.468,105.646,2.254,-1.606,-2.384,-1.373,4.110,-4.369,17.571,-17.571,101.060,-63.305
4881,16,73.165,37.912,105.152,2.254,-1.606,-2.384,-1.440,4.053,-4.201,15.752,-15.752,98.229,-58.859
4882,16,73.489,37.096,104.851,2.478,-1.431,-2.467,-1.440,4.053,-4.201,14.708,-14.708,96.259,-61.131
4883,16,74.282,35.529,104.362,2.666,-1.283,-2.518,-1.440,3.938,-4.130,12.854,-12.854,93.288,-56.685
4884,16,75.728,33.192,103.767,2.666,-1.283,-2.518,-1.493,3.938,-4.130,9.763,-9.763,87.889,-53.491
4885,16,76.772,31.663,103.421,2.666,-1.283,-2.518,-1.550,3.953,-3.962,7.921,-7.921,84.784,-49.226
4886,16,77.306,30.894,103.251,2.810,-1.120,-2.544,-1.550,3.953,-3.962,6.588,-6.588,81.491,-50.064
4887,16,78.393,29.387,102.916,2.810,-0.935,-2.544,-1.550,3.953,-3.857,4.747,-4.747,78.265,-45.924
4888,16,80.206,27.178,102.546,2.936,-0.935,-2.547,-1.589,3.953,-3.857,1.433,-1.433,70.771,-42.678
4889,16,81.404,25.719,102.320,2.936,-0.935,-2.547,-1.603,3.909,-3.651,-0.383,0.383,67.368,-38.819
4890,16,82.037,25.017,102.254,2.902,-0.723,-2.550,-1.603,3.909,-3.651,-1.050,1.050,62.737,-40.101
4891,16,84.162,22.385,101.691,2.754,-0.464,-2.546,-1.603,3.838,-3.393,-2.831,2.831,59.261,-36.451
4892,16,85.039,21.522,101.993,2.754,-0.464,-2.546,-1.522,3.838,-3.393,-4.753,4.753,50.210,-34.853
4893,16,86.162,20.144,101.980,2.754,-0.464,-2.546,-1.345,3.785,-3.292,-6.486,6.486,46.637,-31.491
4894,16,86.768,19.495,102.058,2.585,-0.132,-2.519,-1.345,3.785,-3.292,-6.796,6.796,39.491,-34.034
4895,16,87.896,18.168,102.137,2.346,0.223,-2.458,-1.345,3.598,-3.374,-8.466,8.466,35.926,-30.919
4896,16,89.453,16.249,102.524,2.346,0.223,-2.458,-1.158,3.598,-3.374,-10.454,10.454,23.383,-30.715
4897,16,90.332,14.976,102.834,2.346,0.223,-2.458,-1.258,3.522,-3.163,-12.039,12.039,20.575,-27.182
4898,16,90.764,14.375,103.077,1.870,0.591,-2.402,-1.258,3.522,-3.163,-11.100,11.100,12.255,-29.735
4899,16,91.548,13.142,103.499,1.385,0.954,-2.383,-1.258,3.307,-2.713,-12.635,12.635,8.838,-27.012
4900,16,92.359,11.304,104.422,1.385,0.954,-2.383,-1.244,3.307,-2.713,-12.714,12.714,-2.551,-28.390
4901,16,92.424,10.392,104.823,1.385,0.954,-2.383,-1.359,3.431,-3.292,-13.877,13.877,-4.202,-25.392
4902,16,92.696,9.474,105.521,0.552,1.301,-2.379,-1.359,3.431,-3.292,-10.275,10.275,-10.463,-29.400
4903,16,92.757,8.256,106.318,-0.502,1.482,-2.384,-1.359,3.618,-4.058,-10.275,10.275,-10.571,-29.508
4904,16,91.936,6.430,107.689,-0.502,1.482,-2.384,-1.546,3.618,-4.058,-4.941,4.941,-13.806,-33.009
4905,16,91.059,5.559,108.627,-0.502,1.482,-2.384,-1.416,3.699,-4.843,-4.941,4.941,-12.193,-31.396
4906,16,90.216,4.596,109.088,-2.015,1.473,-2.460,-1.416,3.699,-4.843,3.574,-3.574,-9.687,-32.671
4907,16,88.764,3.389,110.061,-3.105,1.441,-2.546,-1.416,3.689,-6.120,3.574,-3.574,-8.764,-31.748
4908,16,85.617,1.559,111.574,-3.105,1.441,-2.546,-1.077,3.689,-6.120,10.101,-10.101,-5.221,-32.520
4909,16,83.750,0.802,112.815,-3.105,1.441,-2.546,-0.952,3.799,-6.876,10.101,-10.101,-2.592,-29.891
4910,16,82.073,-0.245,113.188,-3.732,1.382,-2.616,-0.952,3.799,-6.876,14.112,-14.112,1.360,-29.455
4911,16,79.565,-1.409,114.327,-3.659,1.297,-2.643,-0.952,4.015,-7.273,14.112,-14.112,3.407,-27.408
4912,16,75.833,-3.106,116.083,-3.659,1.297,-2.643,-0.756,4.015,-7.273,14.082,-14.082,7.078,-25.069
4913,16,73.911,-3.674,117.314,-3.659,1.297,-2.643,-0.622,3.929,-7.915,14.082,-14.082,10.165,-21.981
4914,16,72.370,-4.735,117.950,-3.111,1.242,-2.688,-0.622,3.929,-7.915,11.899,-11.899,13.644,-20.739
4915,16,70.138,-5.778,119.253,-2.118,1.250,-2.698,-0.622,3.608,-7.814,11.899,-11.899,15.815,-18.568
4916,16,67.597,-7.275,121.305,-2.118,1.250,-2.698,-0.388,3.608,-7.814,7.068,-7.068,17.055,-17.861
4917,16,66.347,-7.755,122.370,-2.118,1.250,-2.698,-0.163,3.512,-6.833,7.068,-7.068,19.921,-14.994
4918,16,65.642,-8.685,123.426,-1.000,1.234,-2.671,-0.163,3.512,-6.833,1.134,-1.134,20.484,-13.047
4919,16,64.523,-9.586,124.868,0.242,1.242,-2.632,-0.163,3.503,-6.350,1.134,-1.134,21.870,-11.661
4920,16,63.866,-10.864,127.058,0.242,1.242,-2.632,0.010,3.503,-6.350,-5.556,5.556,20.296,-11.317
4921,16,63.489,-11.307,127.917,0.242,1.242,-2.632,0.158,3.618,-6.249,-5.556,5.556,22.542,-9.071
4922,16,63.839,-12.042,129.337,1.456,1.405,-2.562,0.158,3.618,-6.249,-12.507,12.507,18.509,-9.589
4923,16,64.017,-12.801,130.888,2.406,1.761,-2.476,0.158,3.579,-6.383,-12.507,12.507,18.717,-9.381
4924,16,65.002,-13.763,133.460,2.406,1.761,-2.476,0.163,3.579,-6.383,-18.336,18.336,9.011,-14.773
4925,16,65.276,-14.031,134.372,2.406,1.761,-2.476,0.182,3.464,-6.618,-18.336,18.336,10.879,-12.905
4926,16,66.426,-14.633,136.177,3.332,2.085,-2.360,0.182,3.464,-6.618,-24.416,24.416,2.519,-15.459
4927,16,67.511,-15.208,138.034,3.332,2.085,-2.360,0.182,3.464,-6.618,-24.416,24.416,1.708,-16.270
4928,16,69.472,-16.009,140.930,4.045,2.348,-2.222,0.057,3.493,-6.852,-29.697,29.697,-9.460,-20.568
4929,16,70.211,-16.150,141.951,4.045,2.348,-2.222,0.057,3.493,-6.852,-29.697,29.697,-7.799,-18.906
4930,16,71.641,-16.789,143.941,4.374,2.348,-2.094,-0.077,3.388,-6.690,-32.941,32.941,-12.224,-16.939
4931,16,73.159,-17.287,146.037,4.374,2.650,-2.094,-0.077,3.388,-6.690,-32.941,32.941,-17.947,-22.662
4932,16,75.474,-18.004,149.313,4.590,2.942,-1.944,-0.148,3.412,-6.876,-35.449,35.449,-30.791,-27.997
4933,16,76.344,-17.976,150.564,4.590,2.942,-1.944,-0.148,3.412,-6.876,-35.449,35.449,-28.999,-26.205
4934,16,77.806,-18.710,152.732,4.776,2.942,-1.776,-0.297,3.431,-7.149,-37.553,37.553,-34.591,-23.381
4935,16,79.370,-19.165,155.115,4.776,3.271,-1.776,-0.297,3.431,-7.149,-37.553,37.553,-40.878,-29.668
4936,16,81.804,-19.798,158.803,5.076,3.536,-1.549,-0.402,3.359,-7.833,-40.389,40.389,-55.934,-33.379
4937,16,82.827,-19.598,160.345,5.076,3.536,-1.549,-0.402,3.359,-7.833,-40.389,40.389,-53.992,-31.437
4938,16,84.263,-20.426,162.590,5.154,3.536,-1.332,-0.718,3.287,-8.140,-43.105,43.105,-60.906,-27.485
4939,16,85.881,-20.832,165.179,5.154,3.755,-1.332,-0.718,3.287,-8.140,-43.105,43.105,-65.794,-32.373
4940,16,88.194,-21.442,169.166,5.100,3.972,-1.146,-1.029,3.240,-8.709,-45.422,45.422,-79.409,-36.720
4941,16,89.257,-21.144,170.995,5.100,3.972,-1.146,-1.029,3.240,-8.709,-45.422,45.422,-77.266,-34.577
4942,16,90.312,-22.086,173.248,4.752,3.972,-1.016,-1.512,3.287,-8.618,-47.047,47.047,-81.693,-32.507
4943,16,91.544,-22.528,176.025,4.752,4.158,-1.016,-1.512,3.287,-8.618,-47.047,47.047,-85.740,-36.553
4944,16,92.961,-23.224,-179.712,4.140,4.337,-0.941,-1.900,3.225,-9.020,-46.190,46.190,-95.381,-42.413
4945,16,93.652,-22.922,-177.642,4.140,4.337,-0.941,-1.900,3.225,-9.020,-46.190,46.190,-92.598,-39.629
4946,16,93.890,-23.967,-175.376,3.328,4.337,-0.965,-2.115,3.259,-9.192,-41.825,41.825,-92.317,-40.573
4947,16,94.154,-24.487,-172.440,3.328,4.463,-0.965,-2.115,3.259,-9.192,-41.825,41.825,-94.464,-42.721
4948,16,93.990,-25.295,-167.978,2.468,4.552,-1.025,-2.216,3.240,-9.451,-36.781,36.781,-97.788,-49.027
4949,16,94.003,-25.040,-165.838,2.468,4.552,-1.025,-2.216,3.240,-9.451,-36.781,36.781,-94.092,-45.331
4950,16,93.272,-26.106,-163.486,1.592,4.552,-1.156,-2.182,3.244,-9.355,-30.760,30.760,-90.011,-47.802
4951,16,92.430,-26.642,-160.489,1.592,4.533,-1.156,-2.182,3.244,-9.355,-30.760,30.760,-88.757,-46.547
4952,16,90.619,-27.439,-156.040,0.658,4.423,-1.324,-2.043,3.249,-9.585,-23.990,23.990,-84.469,-50.676
4953,16,89.947,-27.237,-154.090,0.658,4.423,-1.324,-2.043,3.249,-9.585,-23.990,23.990,-80.019,-46.225
4954,16,88.258,-28.178,-151.625,-0.257,4.423,-1.519,-1.952,3.211,-9.719,-16.978,16.978,-73.094,-49.048
4955,16,86.333,-28.641,-148.720,-0.257,4.274,-1.519,-1.952,3.211,-9.719,-16.978,16.978,-68.605,-44.559
4956,16,82.987,-29.292,-144.385,-1.054,4.142,-1.760,-1.809,3.273,-9.738,-9.985,9.985,-60.111,-48.102
4957,16,81.726,-29.146,-142.726,-1.054,4.142,-1.760,-1.809,3.273,-9.738,-9.985,9.985,-55.034,-43.025
4958,16,79.305,-29.840,-140.068,-1.402,4.142,-1.998,-1.632,3.287,-9.944,-5.260,5.260,-46.016,-45.938
4959,16,75.431,-30.284,-135.785,-1.402,3.959,-1.998,-1.632,3.287,-9.944,-5.260,5.260,-40.175,-40.096
4960,16,72.867,-30.598,-133.021,-1.442,3.717,-2.224,-1.416,3.321,-10.336,-2.235,2.235,-26.245,-37.459
4961,16,71.571,-30.543,-131.563,-1.442,3.717,-2.224,-1.416,3.321,-10.336,-2.235,2.235,-24.664,-35.877
4962,16,69.069,-30.929,-128.894,-1.311,3.717,-2.400,-1.168,3.445,-10.690,-0.693,0.693,-17.103,-37.105
4963,16,66.620,-31.113,-126.205,-1.311,3.461,-2.400,-1.168,3.445,-10.690,-0.693,0.693,-10.871,-30.873
4964,16,63.197,-31.326,-122.267,-0.968,3.201,-2.518,-0.780,3.460,-11.011,-0.930,0.930,-4.202,-30.116
4965,16,62.172,-31.338,-120.899,-0.968,3.201,-2.518,-0.780,3.460,-11.011,-0.930,0.930,-4.202,-30.116
4966,16,60.059,-31.458,-118.454,-0.570,3.201,-2.578,-0.785,3.646,-11.097,-2.176,2.176,-2.710,-31.607
4967,16,58.173,-31.524,-116.007,-0.570,2.899,-2.578,-0.785,3.646,-11.097,-2.176,2.176,1.612,-27.285
4968,16,55.577,-31.631,-112.499,-0.331,2.558,-2.638,-0.598,3.737,-11.312,-2.624,2.624,7.973,-23.907
4969,16,54.782,-31.601,-111.336,-0.331,2.558,-2.638,-0.598,3.737,-11.312,-2.624,2.624,7.973,-23.907
4970,16,53.248,-31.730,-109.149,0.056,2.558,-2.664,-0.340,3.862,-10.862,-4.229,4.229,8.639,-24.573
4971,16,51.897,-31.810,-107.016,0.056,2.237,-2.664,-0.340,3.862,-10.862,-4.229,4.229,13.219,-19.992
4972,16,50.172,-31.952,-103.950,0.444,1.965,-2.674,-0.426,3.909,-10.929,-6.048,6.048,17.339,-16.351
4973,16,49.700,-31.920,-102.929,0.444,1.965,-2.674,-0.426,3.909,-10.929,-6.048,6.048,17.339,-16.351
4974,16,48.707,-32.127,-101.011,0.733,1.965,-2.703,-0.632,3.991,-11.829,-7.132,7.132,18.058,-17.070
4975,16,48.113,-32.414,-99.269,0.733,1.686,-2.703,-0.632,3.991,-11.829,-7.132,7.132,22.046,-13.083
4976,16,46.826,-32.605,-96.415,0.958,1.413,-2.756,-0.809,4.067,-12.183,-7.590,7.590,27.288,-10.504
4977,16,46.562,-32.649,-95.512,0.958,1.413,-2.756,-0.809,4.067,-12.183,-7.590,7.590,27.288,-10.504
4978,16,45.944,-33.020,-93.790,1.209,1.413,-2.845,-0.809,4.063,-11.704,-7.729,7.729,29.525,-12.741
4979,16,45.559,-33.427,-92.152,1.209,1.129,-2.845,-0.809,4.063,-11.704,-7.729,7.729,33.573,-8.693
4980,16,44.922,-34.045,-89.627,1.429,0.855,-2.972,-0.847,4.139,-10.925,-7.242,7.242,40.654,-7.951
4981,16,44.809,-34.231,-88.801,1.429,0.855,-2.972,-0.847,4.139,-10.925,-7.242,7.242,40.654,-7.951
4982,16,44.530,-34.843,-87.193,1.767,0.855,-3.113,-0.555,4.053,-10.508,-7.178,7.178,44.169,-11.466
4983,16,44.314,-35.427,-85.531,1.767,0.611,-3.113,-0.555,4.053,-10.508,-7.178,7.178,47.654,-7.981
4984,16,42.186,-30.222,-70.659,10.304,20.960,-9.046,48.153,6.460,-101.536,40.250,-40.250,64.286,-235.714
4985,16,44.742,-25.298,-63.879,10.304,20.960,-9.046,48.153,6.460,-101.536,40.250,-40.250,64.286,-235.714
4986,16,44.137,-22.810,-53.112,10.304,20.960,-5.218,-0.641,36.324,1.072,5.471,-5.471,-5.273,-166.156
4987,16,52.275,-18.653,-40.516,15.206,13.002,-5.218,-0.641,36.324,1.072,5.471,-5.471,-5.273,-166.156
4988,16,56.446,-14.377,-31.823,12.236,15.714,-2.168,0.775,-3.326,-1.349,-32.652,32.652,-81.519,-89.910
4989,16,61.515,-11.629,-27.343,12.236,15.714,-2.168,0.775,-3.326,-1.349,-32.652,32.652,-81.519,-89.910
4990,16,63.323,-8.801,-18.884,10.821,15.714,-0.604,0.598,-2.704,-0.158,-52.200,52.200,-120.614,-50.814
4991,16,70.546,-4.011,-6.167,10.821,15.428,-0.604,0.598,-2.704,-0.158,-52.200,52.200,-120.614,-50.814
4992,16,75.525,-0.994,1.951,10.152,14.872,0.869,-0.153,-0.134,0.493,-70.616,70.616,-157.446,-13.983
4993,16,79.540,0.182,6.020,10.152,14.872,0.869,-0.153,-0.134,0.493,-70.616,70.616,-157.446,-13.983
4994,16,83.694,2.679,14.299,10.152,14.872,2.602,-0.230,-0.775,0.431,-92.281,92.281,-200.775,29.347
4995,16,89.021,2.158,19.902,10.266,14.564,2.602,-0.230,-0.775,0.431,-92.281,92.281,-200.775,29.347
4996,16,99.263,7.273,34.802,10.849,13.778,4.076,0.053,-0.952,-1.392,-109.750,109.750,-235.714,64.286
4997,16,103.023,7.628,38.738,10.849,13.778,4.076,0.053,-0.952,-1.392,-109.750,109.750,-235.714,64.286
4998,16,109.711,8.613,46.888,10.849,13.778,5.421,0.005,-0.876,-1.373,-109.750,109.750,-235.714,64.286
4999,16,116.034,7.368,51.915,11.598,12.651,5.421,0.005,-0.876,-1.373,-109.750,109.750,-235.714,64.286
5000,16,128.513,8.785,66.055,12.239,11.201,6.786,-0.349,-0.986,-1.287,-109.750,109.750,-235.714,64.286
5001,16,132.227,8.584,69.987,12.239,11.201,6.786,-0.349,-0.986,-1.287,-109.750,109.750,-235.714,64.286
5002,16,140.170,7.694,76.819,12.239,11.201,8.033,-0.895,-1.225,-0.684,-109.750,109.750,-235.714,64.286
5003,16,147.393,6.179,81.501,12.701,9.313,8.033,-0.895,-1.225,-0.684,-109.750,109.750,-235.714,64.286
5004,16,159.952,4.818,93.331,13.081,7.292,9.070,-0.928,-1.144,0.048,-109.750,109.750,-235.714,64.286
5005,16,163.853,4.201,97.731,13.081,7.292,9.070,-0.928,-1.144,0.048,-109.750,109.750,-235.714,64.286
5006,16,172.023,2.270,102.518,13.081,7.292,9.921,-0.971,-0.981,0.469,-109.750,109.750,-235.714,64.286
5007,16,-179.964,0.334,107.369,13.335,5.208,9.921,-0.971,-0.981,0.469,-109.750,109.750,-235.714,64.286
5008,16,-168.141,-2.571,117.122,13.516,2.461,10.625,-0.431,-1.220,-0.115,-109.750,109.750,-213.725,86.275
5009,16,-164.132,-4.099,122.550,13.516,2.461,10.625,-0.431,-1.220,-0.115,-109.750,109.750,-213.725,86.275
5010,16,-156.615,-5.826,125.702,13.516,2.461,10.914,-1.378,-1.101,0.947,-109.750,109.750,-213.725,86.275
5011,16,-149.028,-8.041,131.292,13.466,-0.214,10.914,-1.378,-1.101,0.947,-109.750,109.750,-175.513,124.487
5012,16,-140.034,-12.776,139.870,13.202,-2.668,10.583,-1.354,-1.134,1.096,-109.750,109.750,-140.450,159.550
5013,16,-137.212,-15.845,146.062,13.202,-2.668,10.583,-1.354,-1.134,1.096,-109.750,109.750,-140.450,159.550
5014,16,-132.022,-17.469,148.534,13.202,-2.668,10.211,-0.900,-1.244,1.029,-109.750,109.750,-140.450,159.550
5015,16,-127.694,-20.404,154.822,12.565,-4.911,10.211,-0.900,-1.244,1.029,-109.750,109.750,-108.416,191.584
5016,16,-121.241,-24.336,164.604,11.764,-7.091,9.381,-0.928,-1.871,0.952,-109.750,109.750,-76.304,223.696
5017,16,-119.735,-27.733,171.944,11.764,-7.091,9.381,-0.928,-1.871,0.952,-109.750,109.750,-77.265,222.735
5018,16,-115.198,-28.245,175.325,11.764,-7.091,8.343,-0.876,-3.378,0.804,-109.750,109.750,-77.265,222.735
5019,16,-113.415,-30.665,-176.918,10.948,-8.826,8.343,-0.876,-3.378,0.804,-109.750,109.750,-64.286,235.714
5020,16,-110.115,-34.830,-164.869,10.152,-10.420,7.335,-0.986,-0.517,1.067,-101.443,101.443,-47.671,219.100
5021,16,-111.412,-37.851,-156.737,10.152,-10.420,7.335,-0.986,-0.517,1.067,-101.443,101.443,-47.671,219.100
5022,16,-109.484,-38.047,-151.499,10.152,-10.420,6.261,-0.359,0.148,1.096,-88.007,88.007,-20.800,192.228
5023,16,-111.068,-38.704,-142.200,9.968,-11.404,6.261,-0.359,0.148,1.096,-88.007,88.007,-20.800,192.228
5024,16,-111.704,-40.952,-127.187,9.539,-12.083,5.092,-0.479,0.799,1.488,-73.400,73.400,8.415,163.013
5025,16,-112.517,-41.087,-122.175,9.539,-12.083,5.092,-0.479,0.799,1.488,-73.400,73.400,8.415,163.013
5026,16,-114.261,-40.654,-112.211,9.539,-12.083,3.758,-0.852,0.933,1.378,-56.728,56.728,41.758,129.671
5027,16,-116.457,-38.235,-103.531,9.228,-12.564,3.758,-0.852,0.933,1.378,-56.728,56.728,41.758,129.671
5028,16,-117.307,-36.201,-88.708,9.153,-12.974,2.351,-0.809,1.306,0.943,-39.138,39.138,76.938,94.490
5029,16,-117.486,-34.886,-84.339,9.153,-12.974,2.351,-0.809,1.306,0.943,-39.138,39.138,76.938,94.490
5030,16,-117.284,-31.808,-76.019,9.153,-12.974,0.967,-0.651,1.426,0.445,-21.841,21.841,111.533,59.896
5031,16,-115.585,-26.653,-64.348,9.172,-13.209,0.967,-0.651,1.426,0.445,-21.841,21.841,111.533,59.896
5032,16,-113.269,-22.659,-57.208,9.458,-13.270,-0.478,-0.684,1.560,0.268,-3.771,3.771,147.672,23.757
5033,16,-111.835,-20.788,-53.689,9.458,-13.270,-0.478,-0.684,1.560,0.268,-3.771,3.771,147.672,23.757
5034,16,-108.454,-17.008,-46.826,9.458,-13.270,-1.889,2.728,5.359,1.306,13.859,-13.859,182.932,-11.504
5035,16,-102.842,-11.698,-36.249,9.949,-12.951,-1.889,2.728,5.359,1.306,13.859,-13.859,182.932,-11.504
5036,16,-107.226,-8.415,-32.509,-6.395,-7.422,-3.324,88.535,99.182,29.893,91.795,-91.795,218.805,-47.376
5037,16,-109.311,-6.685,-30.734,-6.395,-7.422,-3.324,88.535,99.182,29.893,91.795,-91.795,218.805,-47.376
5038,16,-110.738,-3.490,-29.239,-6.395,-7.422,-4.411,-5.029,5.996,0.091,100.250,-100.250,235.714,-64.286
5039,16,-109.034,0.741,-29.746,2.060,-0.777,-4.411,-5.029,5.996,0.091,67.449,-67.449,146.446,-153.554
5040,16,-107.120,3.664,-29.996,3.508,-0.787,-4.600,1.857,3.187,-0.952,60.210,-60.210,150.526,-149.474
5041,16,-106.169,5.122,-30.083,3.508,-0.787,-4.600,1.857,3.187,-0.952,60.210,-60.210,151.635,-148.365
5042,16,-104.225,8.028,-30.382,3.508,-0.787,-4.600,-0.148,0.445,0.627,60.210,-60.210,153.710,-146.290
5043,16,-101.274,12.377,-30.941,3.772,-0.141,-4.751,-0.148,0.445,0.627,58.889,-58.889,145.898,-154.102
5044,16,-99.490,15.247,-31.578,3.639,0.490,-4.824,0.785,-0.335,0.608,59.555,-59.555,139.562,-160.438
5045,16,-98.604,16.683,-31.867,3.639,0.490,-4.824,0.785,-0.335,0.608,59.555,-59.555,140.178,-159.822
5046,16,-97.042,19.461,-32.603,3.639,0.490,-4.824,1.369,0.632,0.234,57.926,-57.926,137.906,-155.578
5047,16,-95.043,23.499,-33.933,3.205,1.229,-4.590,1.369,0.632,0.234,54.696,-54.696,117.167,-154.726
5048,16,-94.080,25.832,-35.174,2.912,1.914,-4.010,1.479,1.421,-0.033,43.506,-43.506,82.865,-138.406
5049,16,-93.618,27.000,-35.792,2.912,1.914,-4.010,1.479,1.421,-0.033,42.051,-42.051,80.109,-135.343
5050,16,-92.903,29.004,-37.171,2.912,1.914,-4.010,2.316,5.201,-0.115,39.552,-39.552,75.310,-130.148
5051,16,-92.123,30.132,-38.014,2.527,2.447,-2.841,2.316,5.201,-0.115,25.465,-25.465,35.748,-105.646
5052,16,-91.912,32.548,-40.957,2.200,2.349,-1.679,1.407,13.059,0.703,9.553,-9.553,2.170,-69.039
5053,16,-91.784,33.073,-41.698,2.200,2.349,-1.679,1.407,13.059,0.703,8.898,-8.898,0.874,-67.713
5054,16,-91.582,34.208,-43.210,2.200,2.349,-1.679,0.220,22.122,2.216,7.479,-7.479,-1.934,-64.846
5055,16,-91.050,35.026,-44.120,2.162,2.374,-1.899,0.220,22.122,2.216,9.398,-9.398,1.131,-68.711
5056,16,-91.758,37.157,-47.331,1.604,2.637,-1.675,-0.254,8.604,1.450,6.675,-6.675,-15.660,-63.446
5057,16,-91.961,37.704,-48.232,1.604,2.637,-1.675,-0.254,8.604,1.450,6.036,-6.036,-14.674,-59.904
5058,16,-92.884,38.738,-50.167,1.604,2.637,-1.675,0.105,3.613,1.144,4.752,-4.752,-16.992,-57.086
5059,16,-93.433,39.345,-51.249,0.192,2.925,-1.530,0.105,3.613,1.144,9.253,-9.253,-26.070,-55.916
5060,16,-97.031,40.505,-55.789,-0.248,3.357,-0.658,-0.986,5.785,2.259,-1.105,1.105,-59.324,-38.941
5061,16,-98.018,40.660,-57.026,-0.248,3.357,-0.658,-0.986,5.785,2.259,-0.978,0.978,-55.778,-35.902
5062,16,-99.993,40.785,-59.655,-0.248,3.357,-0.658,-2.297,9.920,4.627,-1.061,1.061,-55.398,-35.190
5063,16,-100.835,40.542,-61.264,0.118,3.806,-0.255,-2.297,9.920,4.627,-7.607,7.607,-71.089,-32.028
5064,16,-104.720,40.173,-66.678,0.567,4.024,0.238,-3.943,11.977,6.020,-16.095,16.095,-89.250,-25.203
5065,16,-105.583,39.917,-68.086,0.567,4.024,0.238,-3.943,11.977,6.020,-15.002,15.002,-83.527,-23.853
5066,16,-107.209,39.266,-70.794,0.567,4.024,0.238,-2.034,4.957,4.216,-14.125,14.125,-81.661,-25.494
5067,16,-107.695,38.490,-72.367,0.648,3.903,0.590,-2.034,4.957,4.216,-17.982,17.982,-87.073,-17.097
5068,16,-110.538,36.929,-77.173,1.215,4.114,1.013,-0.010,3.541,3.929,-24.106,24.106,-96.864,-13.750
5069,16,-111.059,36.346,-78.410,1.215,4.114,1.013,-0.010,3.541,3.929,-23.397,23.397,-95.660,-15.380
5070,16,-111.943,35.025,-80.921,1.215,4.114,1.013,-1.096,3.268,3.685,-21.819,21.819,-93.076,-19.109
5071,16,-112.952,32.804,-84.699,1.754,4.511,1.343,-1.096,3.268,3.685,-27.118,27.118,-104.678,-20.297
5072,16,-113.369,31.101,-87.351,2.204,4.933,1.537,-1.254,3.091,3.862,-29.856,29.856,-116.051,-29.706
5073,16,-113.545,30.247,-88.655,2.204,4.933,1.537,-1.254,3.091,3.862,-27.768,27.768,-109.329,-31.339
5074,16,-113.647,28.399,-91.306,2.204,4.933,1.537,-0.144,2.522,2.756,-25.651,25.651,-106.155,-36.630
5075,16,-113.337,25.442,-95.318,2.965,5.348,1.877,-0.144,2.522,2.756,-31.770,31.770,-117.585,-38.799
5076,16,-113.584,22.881,-98.097,2.064,6.028,2.644,7.637,1.517,5.876,-32.460,32.460,-135.490,-35.938
5077,16,-113.650,21.585,-99.446,2.064,6.028,2.644,7.637,1.517,5.876,-30.976,30.976,-132.521,-38.908
5078,16,-116.020,18.541,-102.398,2.064,6.028,2.644,18.514,2.766,7.159,-27.717,27.717,-126.004,-45.424
5079,16,-118.359,16.338,-103.472,-5.824,7.693,3.375,18.514,2.766,7.159,-1.842,1.842,-139.899,-31.529
5080,16,-126.679,8.908,-109.102,-6.302,7.860,3.384,6.216,-1.761,3.685,4.431,-4.431,-127.352,-44.077
5081,16,-128.682,6.824,-110.199,-6.302,7.860,3.384,6.216,-1.761,3.685,6.045,-6.045,-124.125,-47.304
5082,16,-132.908,2.427,-112.167,-6.302,7.860,3.384,-1.656,-3.321,2.493,7.946,-7.946,-120.323,-51.106
5083,16,-139.504,-4.611,-114.463,-7.644,8.199,3.640,-1.656,-3.321,2.493,4.750,-4.750,-126.715,-44.714
5084,16,-141.485,-6.185,-113.998,-3.218,1.779,1.953,-13.331,-47.440,63.547,19.433,-19.433,-52.801,-55.170
5085,16,-142.488,-7.011,-113.735,-3.218,1.779,1.953,-13.331,-47.440,63.547,19.433,-19.433,-52.801,-55.170
5086,16,-143.138,-7.472,-113.289,-3.218,1.779,1.953,-3.235,-5.733,0.474,19.433,-19.433,-52.801,-55.170
5087,16,-142.733,-7.129,-113.132,1.479,-1.403,-0.887,-3.235,-5.733,0.474,31.449,-31.449,63.655,-80.713
5088,16,-142.632,-6.046,-112.994,-0.810,-0.246,-1.198,2.929,-0.019,-0.196,46.778,-46.778,54.904,-105.017
5089,16,-142.903,-5.886,-113.113,-0.810,-0.246,-1.198,2.929,-0.019,-0.196,46.778,-46.778,54.904,-105.017
5090,16,-143.621,-5.665,-113.240,-0.810,-0.246,-1.198,-1.388,-1.579,2.225,46.778,-46.778,54.904,-105.017
5091,16,-144.985,-5.479,-113.316,-1.376,-0.227,-0.642,-1.388,-1.579,2.225,42.661,-42.661,40.729,-91.389
5092,16,-145.256,-5.339,-113.605,-1.376,-0.227,-0.642,-1.388,-1.579,2.225,42.661,-42.661,40.729,-91.389
5093,16,-145.080,-5.255,-113.846,0.872,0.098,-1.154,-7.187,-2.340,15.365,37.809,-37.809,48.871,-108.814
5094,16,-144.749,-5.070,-114.355,0.872,0.098,-1.154,-3.756,-5.838,10.920,37.809,-37.809,48.871,-108.814
5095,16,-144.503,-4.836,-114.426,1.095,-0.820,-0.703,-3.756,-5.838,10.920,31.063,-31.063,50.723,-84.430
5096,16,-144.076,-4.130,-114.328,1.095,-0.820,-0.703,-3.756,-5.838,10.920,31.063,-31.063,50.723,-84.430
5097,16,-144.200,-4.114,-114.326,-0.005,-0.223,-0.182,4.091,-2.761,9.245,30.054,-30.054,29.163,-79.945
5098,16,-144.421,-4.087,-114.300,-0.005,-0.223,-0.182,0.297,-1.971,10.413,30.054,-30.054,29.163,-79.945
5099,16,-144.838,-4.420,-114.258,-0.115,0.141,0.091,0.297,-1.971,10.413,27.193,-27.193,17.156,-78.317
5100,16,-145.080,-4.633,-114.226,-0.115,0.141,0.091,0.297,-1.971,10.413,27.193,-27.193,17.156,-78.317
5101,16,-145.180,-4.741,-114.209,0.007,0.147,0.102,-0.115,-3.259,9.111,26.434,-26.434,16.772,-78.115
5102,16,-145.382,-4.959,-114.174,0.007,0.147,0.102,-0.364,-2.991,8.805,26.434,-26.434,16.772,-78.115
5103,16,-145.738,-5.155,-114.108,-0.058,0.025,0.029,-0.364,-2.991,8.805,27.678,-27.678,20.359,-78.202
5104,16,-145.949,-5.252,-114.059,-0.058,0.025,0.029,-0.364,-2.991,8.805,27.678,-27.678,20.359,-78.202
5105,16,-146.045,-5.278,-114.042,0.023,-0.080,-0.048,-0.077,-2.833,9.211,28.232,-28.232,23.768,-78.628
5106,16,-146.233,-5.328,-114.000,0.023,-0.080,-0.048,0.273,-2.622,9.776,28.232,-28.232,23.768,-78.628
5107,16,-146.527,-5.477,-113.945,0.000,0.001,-0.005,0.273,-2.622,9.776,27.817,-27.817,21.547,-78.720
5108,16,-146.724,-5.581,-113.903,0.000,0.001,-0.005,0.273,-2.622,9.776,27.817,-27.817,21.547,-78.720
5109,16,-146.822,-5.634,-113.889,-0.006,0.022,0.014,-0.062,-2.814,9.207,27.609,-27.609,20.763,-78.545
5110,16,-147.018,-5.742,-113.850,-0.006,0.022,0.014,-0.010,-2.771,9.302,27.609,-27.609,20.763,-78.545
5111,16,-147.304,-5.864,-113.795,-0.000,-0.016,-0.009,-0.010,-2.771,9.302,27.857,-27.857,21.870,-78.556
5112,16,-147.491,-5.948,-113.752,-0.000,-0.016,-0.009,-0.010,-2.771,9.302,27.857,-27.857,21.870,-78.556
5113,16,-147.586,-5.993,-113.741,-0.002,0.003,0.002,0.072,-2.699,9.393,27.734,-27.734,21.330,-78.564
5114,16,-147.776,-6.077,-113.705,-0.002,0.003,0.002,-0.033,-2.790,9.288,27.734,-27.734,21.330,-78.564
5115,16,-148.053,-6.204,-113.652,-0.000,0.001,0.001,-0.033,-2.790,9.288,27.737,-27.737,21.387,-78.560
5116,16,-148.235,-6.284,-113.614,-0.000,0.001,0.001,-0.033,-2.790,9.288,27.737,-27.737,21.387,-78.560
5117,16,-148.328,-6.321,-113.603,-0.001,-0.005,-0.002,0.019,-2.742,9.345,27.782,-27.782,21.558,-78.549
5118,16,-148.512,-6.394,-113.571,-0.001,-0.005,-0.002,0.019,-2.747,9.336,27.782,-27.782,21.558,-78.549
5119,16,-148.608,-6.440,-113.531,-0.000,0.002,0.000,0.019,-2.747,9.336,27.750,-27.750,21.398,-78.602
5120,16,-148.962,-6.586,-113.488,-0.000,0.002,0.000,0.019,-2.747,9.336,27.750,-27.750,21.398,-78.602
5121,16,-149.051,-6.621,-113.476,-0.000,-0.004,-0.002,0.000,-2.761,9.331,27.777,-27.777,21.543,-78.564
5122,16,-149.230,-6.693,-113.445,-0.000,-0.004,-0.002,0.000,-2.742,9.345,27.777,-27.777,21.543,-78.564
5123,16,-149.322,-6.734,-113.409,-0.001,-0.000,0.000,0.019,-2.742,9.345,27.755,-27.755,21.429,-78.571
5124,16,-149.669,-6.871,-113.367,-0.001,-0.000,0.000,0.019,-2.742,9.345,27.755,-27.755,21.429,-78.571
5125,16,-149.757,-6.906,-113.358,-0.000,-0.000,0.000,0.000,-2.761,9.307,27.750,-27.750,21.429,-78.571
5126,16,-149.930,-6.976,-113.327,-0.000,-0.000,0.000,0.000,-2.747,9.341,27.750,-27.750,21.429,-78.571
5127,16,-150.021,-7.013,-113.292,-0.000,-0.003,-0.002,0.014,-2.747,9.341,30.027,-30.027,21.527,-78.579
5128,16,-150.364,-7.146,-113.240,-0.000,-0.003,-0.002,0.014,-2.747,9.341,30.027,-30.027,21.527,-78.579
5129,16,-150.451,-7.183,-113.211,-0.019,-0.002,0.000,0.057,-2.795,9.274,30.096,-30.096,21.459,-78.541
5130,16,-150.625,-7.264,-113.125,-0.019,-0.002,0.000,0.057,-2.929,9.446,30.096,-30.096,21.459,-78.541
5131,16,-150.751,-7.315,-113.018,-0.110,-0.010,0.000,-0.263,-2.929,9.446,30.549,-30.549,21.566,-78.434
5132,16,-151.134,-7.458,-112.822,-0.110,-0.010,0.000,-0.263,-2.929,9.446,30.549,-30.549,21.566,-78.434
5133,16,-151.190,-7.500,-112.734,0.049,-0.036,-0.028,0.024,-2.598,9.231,30.101,-30.101,22.638,-78.746
5134,16,-151.311,-7.568,-112.577,0.049,-0.036,-0.028,0.024,-2.613,9.475,30.101,-30.101,22.638,-78.746
5135,16,-151.404,-7.627,-112.428,-0.002,-0.013,-0.009,0.081,-2.613,9.475,30.117,-30.117,21.824,-78.602
5136,16,-151.686,-7.787,-112.165,-0.002,-0.013,-0.009,0.081,-2.613,9.475,30.117,-30.117,21.824,-78.602
5137,16,-151.751,-7.846,-112.050,0.002,0.005,0.002,-0.033,-2.766,9.264,29.963,-29.963,21.299,-78.594
5138,16,-151.892,-7.948,-111.860,0.002,0.005,0.002,-0.033,-2.761,9.336,29.963,-29.963,21.299,-78.594
5139,16,-152.103,-8.087,-111.571,0.001,-0.006,-0.005,-0.038,-2.761,9.336,30.061,-30.061,21.653,-78.613
5140,16,-152.252,-8.171,-111.400,0.001,-0.006,-0.005,-0.038,-2.761,9.336,30.061,-30.061,21.653,-78.613
5141,16,-152.312,-8.231,-111.275,0.000,-0.000,0.000,0.005,-2.723,9.345,30.000,-30.000,21.429,-78.571
5142,16,-152.451,-8.327,-111.077,0.000,-0.000,0.000,0.005,-2.732,9.341,30.000,-30.000,21.429,-78.571
5143,16,-152.539,-8.387,-110.900,0.000,-0.002,-0.001,0.000,-2.732,9.341,30.013,-30.013,21.486,-78.568
5144,16,-152.805,-8.550,-110.602,0.000,-0.002,-0.001,0.000,-2.732,9.341,30.013,-30.013,21.486,-78.568
5145,16,-152.866,-8.610,-110.474,-0.001,-0.000,0.000,-0.010,-2.742,9.326,30.005,-30.005,21.429,-78.571
5146,16,-153.004,-8.701,-110.274,-0.001,-0.000,0.000,-0.010,-2.737,9.341,29.987,-29.987,21.393,-78.535
5147,16,-153.071,-8.748,-110.173,-0.000,-0.002,-0.001,0.000,-2.737,9.341,29.981,-29.981,21.421,-78.503
5148,16,-153.349,-8.918,-109.799,-0.000,-0.002,-0.001,0.000,-2.737,9.341,29.900,-29.900,21.259,-78.341
5149,16,-153.409,-8.973,-109.675,-0.000,-0.000,0.000,0.000,-2.732,9.326,29.883,-29.883,21.195,-78.338
5150,16,-153.544,-9.064,-109.475,-0.000,-0.000,0.000,0.000,-2.742,9.341,29.850,-29.850,21.128,-78.270
5151,16,-153.746,-9.192,-109.179,-0.000,-0.001,-0.001,-0.005,-2.742,9.341,29.841,-29.841,21.125,-78.237
5152,16,-153.860,-9.229,-109.003,-0.000,-0.001,-0.001,-0.005,-2.742,9.341,29.743,-29.743,20.929,-78.042
5153,16,-153.948,-9.323,-108.883,-0.003,-0.001,-0.001,0.010,-2.732,9.336,29.764,-29.764,20.939,-78.051
5154,16,-154.082,-9.409,-108.685,-0.003,-0.001,-0.001,0.010,-2.751,9.321,29.724,-29.724,20.860,-77.973
5155,16,-154.148,-9.451,-108.587,0.001,-0.001,-0.001,0.000,-2.751,9.321,29.682,-29.682,20.818,-77.931
5156,16,-154.388,-9.567,-108.217,0.001,-0.001,-0.001,0.000,-2.751,9.321,29.772,-29.772,20.999,-78.111
5157,16,-154.477,-9.660,-108.099,-0.002,-0.001,0.000,0.005,-2.728,9.336,29.582,-29.582,20.586,-77.699
5158,16,-154.609,-9.740,-107.907,-0.002,-0.001,0.000,0.005,-2.737,9.331,29.536,-29.536,20.495,-77.608
5159,16,-154.675,-9.780,-107.809,-0.001,-0.000,0.000,0.000,-2.737,9.331,29.509,-29.509,20.435,-77.578
5160,16,-154.916,-9.893,-107.444,-0.001,-0.000,0.000,0.000,-2.737,9.331,29.397,-29.397,20.212,-77.355
5161,16,-155.002,-9.982,-107.327,-0.002,-0.002,-0.001,0.010,-2.732,9.321,29.415,-29.415,20.268,-77.350
5162,16,-155.132,-10.057,-107.136,-0.002,-0.002,-0.001,0.010,-2.732,9.307,29.365,-29.365,20.167,-77.249
5163,16,-155.195,-10.099,-107.041,-0.000,-0.001,0.000,0.010,-2.732,9.307,29.320,-29.320,20.084,-77.196
5164,16,-155.430,-10.202,-106.685,-0.000,-0.001,0.000,0.010,-2.732,9.307,29.392,-29.392,20.229,-77.341
5165,16,-155.516,-10.286,-106.566,-0.000,-0.000,-0.001,0.005,-2.737,9.331,29.209,-29.209,19.846,-76.989
5166,16,-155.642,-10.363,-106.379,-0.000,-0.000,-0.001,0.005,-2.737,9.326,29.162,-29.162,19.752,-76.895
5167,16,-155.706,-10.398,-106.285,-0.000,-0.001,0.000,0.000,-2.737,9.326,29.120,-29.120,19.684,-76.797
5168,16,-155.938,-10.501,-105.932,-0.000,-0.001,0.000,0.000,-2.737,9.326,29.189,-29.189,19.822,-76.934
5169,16,-156.020,-10.582,-105.817,-0.000,-0.000,0.000,0.000,-2.732,9.341,28.993,-28.993,19.414,-76.557
5170,16,-156.146,-10.657,-105.632,-0.000,-0.000,0.000,0.000,-2.732,9.345,28.941,-28.941,19.311,-76.454
5171,16,-156.208,-10.693,-105.541,-0.000,-0.001,0.000,0.000,-2.732,9.345,28.915,-28.915,19.274,-76.386
5172,16,-156.437,-10.788,-105.192,-0.000,-0.001,0.000,0.000,-2.732,9.345,28.974,-28.974,19.393,-76.505
5173,16,-156.519,-10.866,-105.076,-0.000,-0.001,0.000,0.000,-2.737,9.331,28.776,-28.776,18.996,-76.109
5174,16,-156.642,-10.936,-104.895,-0.000,-0.001,0.000,0.000,-2.732,9.345,28.721,-28.721,18.885,-75.997
5175,16,-156.705,-10.971,-104.804,-0.000,-0.000,0.000,0.000,-2.732,9.345,28.692,-28.692,18.813,-75.956
5176,16,-156.929,-11.060,-104.470,-0.000,-0.000,0.000,0.000,-2.732,9.345,28.743,-28.743,18.915,-76.058
5177,16,-157.011,-11.137,-104.353,-0.000,-0.001,0.000,0.000,-2.737,9.336,28.546,-28.546,18.536,-75.648
5178,16,-157.133,-11.202,-104.174,-0.000,-0.001,0.000,0.000,-2.732,9.331,28.486,-28.486,18.417,-75.529
5179,16,-157.190,-11.236,-104.085,-0.000,-0.000,0.000,0.000,-2.732,9.331,28.460,-28.460,18.349,-75.492
5180,16,-157.412,-11.324,-103.753,-0.000,-0.000,0.000,0.000,-2.732,9.331,28.507,-28.507,18.443,-75.586
5181,16,-157.492,-11.396,-103.641,-0.000,-0.000,0.000,-0.005,-2.737,9.326,28.309,-28.309,18.046,-75.189
5182,16,-157.615,-11.459,-103.466,-0.000,-0.000,0.000,-0.005,-2.737,9.341,28.244,-28.244,17.917,-75.060
5183,16,-157.672,-11.491,-103.376,-0.000,-0.000,0.000,0.000,-2.737,9.341,28.216,-28.216,17.861,-75.004
5184,16,-157.891,-11.573,-103.052,-0.000,-0.000,0.000,0.000,-2.737,9.341,28.256,-28.256,17.940,-75.083
5185,16,-157.970,-11.647,-102.937,-0.000,-0.000,0.000,0.000,-2.737,9.321,28.059,-28.059,17.547,-74.690
5186,16,-158.088,-11.707,-102.764,-0.000,-0.000,0.000,0.000,-2.737,9.341,27.995,-27.995,17.419,-74.562
