timestamp,angle_roll,angle_pitch,angle_yaw,gyro_x,gyro_y,gyro_z,acc_x,acc_y,acc_z,target_roll,target_pitch,target_yaw,target_wx,target_wy,target_wz,rudder1,rudder2,rudder3,rudder4
2026-01-27 11:08:05.900,0.000,0.000,0.000,0.000,0.000,0.000,0.000,0.000,0.000,0.000,0.000,0.000,0.000,0.000,0.000,0.000,0.000,0.000,0.000
2026-01-27 11:08:05.921,0.000,0.000,0.000,0.000,0.000,0.000,0.000,0.000,0.000,0.000,0.000,0.000,0.000,0.000,0.000,0.000,0.000,0.000,0.000
2026-01-27 11:08:05.941,0.000,0.000,0.000,0.000,0.000,0.000,0.000,0.000,0.000,0.000,0.000,0.000,0.000,0.000,0.000,0.000,0.000,0.000,0.000
2026-01-27 11:08:05.962,0.000,0.000,0.000,0.000,0.000,0.000,0.000,0.000,0.000,0.000,0.000,0.000,0.000,0.000,0.000,0.000,0.000,0.000,0.000
2026-01-27 11:08:05.987,0.000,0.000,0.000,0.000,0.000,0.000,0.000,0.000,0.000,0.000,0.000,0.000,0.000,0.000,0.000,0.000,0.000,0.000,0.000
2026-01-27 11:08:06.008,0.000,0.000,0.000,0.000,0.000,0.000,0.000,0.000,0.000,0.000,0.000,0.000,0.000,0.000,0.000,0.000,0.000,0.000,0.000
2026-01-27 11:08:06.029,0.000,0.000,0.000,0.000,0.000,0.000,0.000,0.000,0.000,0.000,0.000,0.000,0.000,0.000,0.000,0.000,0.000,0.000,0.000
2026-01-27 11:08:06.040,0.000,0.000,0.000,0.000,0.000,0.000,0.000,0.000,0.000,0.000,0.000,0.000,0.000,0.000,0.000,0.000,0.000,0.000,0.000
2026-01-27 11:08:06.061,0.000,0.000,0.000,0.000,0.000,0.000,0.000,0.000,0.000,0.000,0.000,0.000,0.000,0.000,0.000,0.000,0.000,0.000,0.000
2026-01-27 11:08:06.082,0.000,0.000,0.000,0.000,0.000,0.000,0.000,0.000,0.000,0.000,0.000,0.000,0.000,0.000,0.000,0.000,0.000,0.000,0.000
2026-01-27 11:08:06.103,0.000,0.000,0.000,0.000,0.000,0.000,0.000,0.000,0.000,0.000,0.000,0.000,0.000,0.000,0.000,0.000,0.000,0.000,0.000
2026-01-27 11:08:06.123,0.000,0.000,0.000,0.000,0.000,0.000,0.000,0.000,0.000,0.000,0.000,0.000,0.000,0.000,0.000,0.000,0.000,0.000,0.000
2026-01-27 11:08:06.144,0.000,0.000,0.000,0.000,0.000,0.000,0.000,0.000,0.000,0.000,0.000,0.000,0.000,0.000,0.000,0.000,0.000,0.000,0.000
2026-01-27 11:08:06.165,0.000,0.000,0.000,0.000,0.000,0.000,0.000,0.000,0.000,0.000,0.000,0.000,0.000,0.000,0.000,30.000,0.000,0.000,0.000
2026-01-27 11:08:06.188,0.000,0.000,0.000,0.000,0.000,0.000,0.000,0.000,0.000,0.000,0.000,0.000,0.000,0.000,0.000,30.000,0.000,0.000,0.000
2026-01-27 11:08:06.209,0.000,0.000,0.000,0.000,0.000,0.000,0.000,0.000,0.000,0.000,0.000,0.000,0.000,0.000,0.000,30.000,0.000,0.000,0.000
2026-01-27 11:08:06.220,0.000,0.000,0.000,0.000,0.000,0.000,0.000,0.000,0.000,0.000,0.000,0.000,0.000,0.000,0.000,30.000,0.000,0.000,0.000
2026-01-27 11:08:06.240,0.000,0.000,0.000,0.000,0.000,0.000,0.000,0.000,0.000,0.000,0.000,0.000,0.000,0.000,0.000,30.000,0.000,0.000,0.000
2026-01-27 11:08:06.261,0.000,0.000,0.000,0.000,0.000,0.000,0.000,0.000,0.000,0.000,0.000,0.000,0.000,0.000,0.000,30.000,0.000,0.000,0.000
2026-01-27 11:08:06.282,0.000,0.000,0.000,0.000,0.000,0.000,0.000,0.000,0.000,0.000,0.000,0.000,0.000,0.000,0.000,30.000,0.000,0.000,0.000
2026-01-27 11:08:06.303,0.000,0.000,0.000,0.000,0.000,0.000,0.000,0.000,0.000,0.000,0.000,0.000,0.000,0.000,0.000,30.000,0.000,0.000,0.000
2026-01-27 11:08:06.324,0.000,0.000,0.000,0.000,0.000,0.000,0.000,0.000,0.000,0.000,0.000,0.000,0.000,0.000,0.000,30.000,0.000,0.000,0.000
2026-01-27 11:08:06.346,0.000,0.000,0.000,0.000,0.000,0.000,0.000,0.000,0.000,0.000,0.000,0.000,0.000,0.000,0.000,30.000,0.000,0.000,0.000
2026-01-27 11:08:06.366,0.000,0.000,0.000,0.000,0.000,0.000,0.000,0.000,0.000,0.000,0.000,0.000,0.000,0.000,0.000,30.000,0.000,0.000,0.000
2026-01-27 11:08:06.387,0.000,0.000,0.000,0.000,0.000,0.000,0.000,0.000,0.000,0.000,0.000,0.000,0.000,0.000,0.000,30.000,0.000,0.000,0.000
2026-01-27 11:08:06.408,0.000,0.000,0.000,0.000,0.000,0.000,0.000,0.000,0.000,0.000,0.000,0.000,0.000,0.000,0.000,30.000,0.000,0.000,0.000
2026-01-27 11:08:06.429,0.000,0.000,0.000,0.000,0.000,0.000,0.000,0.000,0.000,0.000,0.000,0.000,0.000,0.000,0.000,30.000,0.000,0.000,0.000
2026-01-27 11:08:06.440,0.000,0.000,0.000,0.000,0.000,0.000,0.000,0.000,0.000,0.000,0.000,0.000,0.000,0.000,0.000,30.000,0.000,0.000,0.000
2026-01-27 11:08:06.460,0.000,0.000,0.000,0.000,0.000,0.000,0.000,0.000,0.000,0.000,0.000,0.000,0.000,0.000,0.000,30.000,30.000,0.000,0.000
2026-01-27 11:08:06.481,0.000,0.000,0.000,0.000,0.000,0.000,0.000,0.000,0.000,0.000,0.000,0.000,0.000,0.000,0.000,30.000,30.000,0.000,0.000
2026-01-27 11:08:06.503,0.000,0.000,0.000,0.000,0.000,0.000,0.000,0.000,0.000,0.000,0.000,0.000,0.000,0.000,0.000,30.000,30.000,0.000,0.000
2026-01-27 11:08:06.523,0.000,0.000,0.000,0.000,0.000,0.000,0.000,0.000,0.000,0.000,0.000,0.000,0.000,0.000,0.000,30.000,30.000,0.000,0.000
2026-01-27 11:08:06.544,0.000,0.000,0.000,0.000,0.000,0.000,0.000,0.000,0.000,0.000,0.000,0.000,0.000,0.000,0.000,30.000,30.000,0.000,0.000
2026-01-27 11:08:06.565,0.000,0.000,0.000,0.000,0.000,0.000,0.000,0.000,0.000,0.000,0.000,0.000,0.000,0.000,0.000,30.000,30.000,0.000,0.000
2026-01-27 11:08:06.591,0.000,0.000,0.000,0.000,0.000,0.000,0.000,0.000,0.000,0.000,0.000,0.000,0.000,0.000,0.000,30.000,30.000,0.000,0.000
2026-01-27 11:08:06.613,0.000,0.000,0.000,0.000,0.000,0.000,0.000,0.000,0.000,0.000,0.000,0.000,0.000,0.000,0.000,30.000,30.000,0.000,0.000
2026-01-27 11:08:06.623,0.000,0.000,0.000,0.000,0.000,0.000,0.000,0.000,0.000,0.000,0.000,0.000,0.000,0.000,0.000,30.000,30.000,0.000,0.000
2026-01-27 11:08:06.644,0.000,0.000,0.000,0.000,0.000,0.000,0.000,0.000,0.000,0.000,0.000,0.000,0.000,0.000,0.000,30.000,30.000,0.000,0.000
2026-01-27 11:08:06.665,0.000,0.000,0.000,0.000,0.000,0.000,0.000,0.000,0.000,0.000,0.000,0.000,0.000,0.000,0.000,30.000,30.000,0.000,0.000
2026-01-27 11:08:06.686,0.000,0.000,0.000,0.000,0.000,0.000,0.000,0.000,0.000,0.000,0.000,0.000,0.000,0.000,0.000,30.000,30.000,0.000,0.000
2026-01-27 11:08:06.706,0.000,0.000,0.000,0.000,0.000,0.000,0.000,0.000,0.000,0.000,0.000,0.000,0.000,0.000,0.000,30.000,30.000,0.000,0.000
2026-01-27 11:08:06.727,0.000,0.000,0.000,0.000,0.000,0.000,0.000,0.000,0.000,0.000,0.000,0.000,0.000,0.000,0.000,30.000,30.000,0.000,0.000
2026-01-27 11:08:06.748,0.000,0.000,0.000,0.000,0.000,0.000,0.000,0.000,0.000,0.000,0.000,0.000,0.000,0.000,0.000,30.000,30.000,0.000,0.000
2026-01-27 11:08:06.769,0.000,0.000,0.000,0.000,0.000,0.000,0.000,0.000,0.000,0.000,0.000,0.000,0.000,0.000,0.000,30.000,30.000,30.000,0.000
2026-01-27 11:08:06.789,0.000,0.000,0.000,0.000,0.000,0.000,0.000,0.000,0.000,0.000,0.000,0.000,0.000,0.000,0.000,30.000,30.000,30.000,0.000
2026-01-27 11:08:06.800,0.000,0.000,0.000,0.000,0.000,0.000,0.000,0.000,0.000,0.000,0.000,0.000,0.000,0.000,0.000,30.000,30.000,30.000,0.000
2026-01-27 11:08:06.821,0.000,0.000,0.000,0.000,0.000,0.000,0.000,0.000,0.000,0.000,0.000,0.000,0.000,0.000,0.000,30.000,30.000,30.000,0.000
2026-01-27 11:08:06.841,0.000,0.000,0.000,0.000,0.000,0.000,0.000,0.000,0.000,0.000,0.000,0.000,0.000,0.000,0.000,30.000,30.000,30.000,0.000
2026-01-27 11:08:06.862,0.000,0.000,0.000,0.000,0.000,0.000,0.000,0.000,0.000,0.000,0.000,0.000,0.000,0.000,0.000,30.000,30.000,30.000,0.000
2026-01-27 11:08:06.883,0.000,0.000,0.000,0.000,0.000,0.000,0.000,0.000,0.000,0.000,0.000,0.000,0.000,0.000,0.000,30.000,30.000,30.000,0.000
2026-01-27 11:08:06.903,0.000,0.000,0.000,0.000,0.000,0.000,0.000,0.000,0.000,0.000,0.000,0.000,0.000,0.000,0.000,30.000,30.000,30.000,0.000
2026-01-27 11:08:06.924,0.000,0.000,0.000,0.000,0.000,0.000,0.000,0.000,0.000,0.000,0.000,0.000,0.000,0.000,0.000,30.000,30.000,30.000,0.000
2026-01-27 11:08:06.945,0.000,0.000,0.000,0.000,0.000,0.000,0.000,0.000,0.000,0.000,0.000,0.000,0.000,0.000,0.000,30.000,30.000,30.000,0.000
2026-01-27 11:08:06.965,0.000,0.000,0.000,0.000,0.000,0.000,0.000,0.000,0.000,0.000,0.000,0.000,0.000,0.000,0.000,30.000,30.000,30.000,0.000
2026-01-27 11:08:06.986,0.000,0.000,0.000,0.000,0.000,0.000,0.000,0.000,0.000,0.000,0.000,0.000,0.000,0.000,0.000,30.000,30.000,30.000,0.000
2026-01-27 11:08:07.007,0.000,0.000,0.000,0.000,0.000,0.000,0.000,0.000,0.000,0.000,0.000,0.000,0.000,0.000,0.000,30.000,30.000,30.000,0.000
2026-01-27 11:08:07.028,0.000,0.000,0.000,0.000,0.000,0.000,0.000,0.000,0.000,0.000,0.000,0.000,0.000,0.000,0.000,30.000,30.000,30.000,0.000
2026-01-27 11:08:07.049,0.000,0.000,0.000,0.000,0.000,0.000,0.000,0.000,0.000,0.000,0.000,0.000,0.000,0.000,0.000,30.000,30.000,30.000,30.000
2026-01-27 11:08:07.060,0.000,0.000,0.000,0.000,0.000,0.000,0.000,0.000,0.000,0.000,0.000,0.000,0.000,0.000,0.000,30.000,30.000,30.000,30.000
2026-01-27 11:08:07.080,0.000,0.000,0.000,0.000,0.000,0.000,0.000,0.000,0.000,0.000,0.000,0.000,0.000,0.000,0.000,30.000,30.000,30.000,30.000
2026-01-27 11:08:07.101,0.000,0.000,0.000,0.000,0.000,0.000,0.000,0.000,0.000,0.000,0.000,0.000,0.000,0.000,0.000,30.000,30.000,30.000,30.000
2026-01-27 11:08:07.122,0.000,0.000,0.000,0.000,0.000,0.000,0.000,0.000,0.000,0.000,0.000,0.000,0.000,0.000,0.000,30.000,30.000,30.000,30.000
2026-01-27 11:08:07.143,0.000,0.000,0.000,0.000,0.000,0.000,0.000,0.000,0.000,0.000,0.000,0.000,0.000,0.000,0.000,30.000,30.000,30.000,30.000
2026-01-27 11:08:07.164,0.000,0.000,0.000,0.000,0.000,0.000,0.000,0.000,0.000,0.000,0.000,0.000,0.000,0.000,0.000,30.000,30.000,30.000,30.000
2026-01-27 11:08:07.185,0.000,0.000,0.000,0.000,0.000,0.000,0.000,0.000,0.000,0.000,0.000,0.000,0.000,0.000,0.000,30.000,30.000,30.000,30.000
2026-01-27 11:08:07.205,0.000,0.000,0.000,0.000,0.000,0.000,0.000,0.000,0.000,0.000,0.000,0.000,0.000,0.000,0.000,30.000,30.000,30.000,30.000
2026-01-27 11:08:07.226,0.000,0.000,0.000,0.000,0.000,0.000,0.000,0.000,0.000,0.000,0.000,0.000,0.000,0.000,0.000,30.000,30.000,30.000,30.000
2026-01-27 11:08:07.247,0.000,0.000,0.000,0.000,0.000,0.000,0.000,0.000,0.000,0.000,0.000,0.000,0.000,0.000,0.000,30.000,30.000,30.000,30.000
2026-01-27 11:08:07.268,0.000,0.000,0.000,0.000,0.000,0.000,0.000,0.000,0.000,0.000,0.000,0.000,0.000,0.000,0.000,30.000,30.000,30.000,30.000
2026-01-27 11:08:07.289,0.000,0.000,0.000,0.000,0.000,0.000,0.000,0.000,0.000,0.000,0.000,0.000,0.000,0.000,0.000,30.000,30.000,30.000,30.000
2026-01-27 11:08:07.300,0.000,0.000,0.000,0.000,0.000,0.000,0.000,0.000,0.000,0.000,0.000,0.000,0.000,0.000,0.000,30.000,30.000,30.000,30.000
2026-01-27 11:08:07.321,0.000,0.000,0.000,0.000,0.000,0.000,0.000,0.000,0.000,0.000,0.000,0.000,0.000,0.000,0.000,30.000,30.000,30.000,30.000
2026-01-27 11:08:07.342,0.000,0.000,0.000,0.000,0.000,0.000,0.000,0.000,0.000,0.000,0.000,0.000,0.000,0.000,0.000,5.000,-5.000,0.000,-6.000
2026-01-27 11:08:07.362,0.000,0.000,0.000,0.000,0.000,0.000,0.000,0.000,0.000,0.000,0.000,0.000,0.000,0.000,0.000,5.000,-5.000,0.000,-6.000
2026-01-27 11:08:07.383,0.000,0.000,0.000,0.000,0.000,0.000,0.000,0.000,0.000,0.000,0.000,0.000,0.000,0.000,0.000,5.000,-5.000,0.000,-6.000
2026-01-27 11:08:07.404,0.000,0.000,0.000,0.000,0.000,0.000,0.000,0.000,0.000,0.000,0.000,0.000,0.000,0.000,0.000,5.000,-5.000,0.000,-6.000
2026-01-27 11:08:07.466,0.000,0.000,0.000,0.000,0.000,0.000,0.000,0.000,0.000,0.000,0.000,0.000,0.000,0.000,0.000,5.000,-5.000,0.000,-6.000
2026-01-27 11:08:07.487,0.000,0.000,0.000,0.000,0.000,0.000,0.000,0.000,0.000,0.000,0.000,0.000,0.000,0.000,0.000,5.000,-5.000,0.000,-6.000
2026-01-27 11:08:07.508,0.000,0.000,0.000,0.000,0.000,0.000,0.000,0.000,0.000,0.000,0.000,0.000,0.000,0.000,0.000,5.000,-5.000,0.000,-6.000
2026-01-27 11:08:07.529,0.000,0.000,0.000,0.000,0.000,0.000,0.000,0.000,0.000,0.000,0.000,0.000,0.000,0.000,0.000,5.000,-5.000,0.000,-6.000
2026-01-27 11:08:07.539,0.000,0.000,0.000,0.000,0.000,0.000,0.000,0.000,0.000,0.000,0.000,0.000,0.000,0.000,0.000,5.000,-5.000,0.000,-6.000
2026-01-27 11:08:07.560,0.000,0.000,0.000,0.000,0.000,0.000,0.000,0.000,0.000,0.000,0.000,0.000,0.000,0.000,0.000,5.000,-5.000,0.000,-6.000
2026-01-27 11:08:07.581,0.000,0.000,0.000,0.000,0.000,0.000,0.000,0.000,0.000,0.000,0.000,0.000,0.000,0.000,0.000,5.000,-5.000,0.000,-6.000
2026-01-27 11:08:07.602,0.000,0.000,0.000,0.000,0.000,0.000,0.000,0.000,0.000,0.000,0.000,0.000,0.000,0.000,0.000,5.000,-5.000,0.000,-6.000
2026-01-27 11:08:07.623,0.000,0.000,0.000,0.000,0.000,0.000,0.000,0.000,0.000,0.000,0.000,0.000,0.000,0.000,0.000,5.000,-5.000,0.000,-6.000
2026-01-27 11:08:07.643,0.000,0.000,0.000,0.000,0.000,0.000,0.000,0.000,0.000,0.000,0.000,0.000,0.000,0.000,0.000,5.000,-5.000,0.000,-6.000
2026-01-27 11:08:07.664,0.000,0.000,0.000,0.000,0.000,0.000,0.000,0.000,0.000,0.000,0.000,0.000,0.000,0.000,0.000,5.000,-5.000,0.000,-6.000
2026-01-27 11:08:07.685,0.000,0.000,0.000,0.000,0.000,0.000,0.000,0.000,0.000,0.000,0.000,0.000,0.000,0.000,0.000,5.000,-5.000,0.000,-6.000
2026-01-27 11:08:07.707,0.000,0.000,0.000,0.000,0.000,0.000,0.000,0.000,0.000,0.000,0.000,0.000,0.000,0.000,0.000,5.000,-5.000,0.000,-6.000
2026-01-27 11:08:07.727,0.000,0.000,0.000,0.000,0.000,0.000,0.000,0.000,0.000,0.000,0.000,0.000,0.000,0.000,0.000,5.000,-5.000,0.000,-6.000
2026-01-27 11:08:07.748,0.000,0.000,0.000,0.000,0.000,0.000,0.000,0.000,0.000,0.000,0.000,0.000,0.000,0.000,0.000,5.000,-5.000,0.000,-6.000
2026-01-27 11:08:07.769,0.000,0.000,0.000,0.000,0.000,0.000,0.000,0.000,0.000,0.000,0.000,0.000,0.000,0.000,0.000,5.000,-5.000,0.000,-6.000
2026-01-27 11:08:07.790,0.000,0.000,0.000,0.000,0.000,0.000,0.000,0.000,0.000,0.000,0.000,0.000,0.000,0.000,0.000,5.000,-5.000,0.000,-6.000
2026-01-27 11:08:07.800,0.000,0.000,0.000,0.000,0.000,0.000,0.000,0.000,0.000,0.000,0.000,0.000,0.000,0.000,0.000,5.000,-5.000,0.000,-6.000
2026-01-27 11:08:07.820,0.000,0.000,0.000,0.000,0.000,0.000,0.000,0.000,0.000,0.000,0.000,0.000,0.000,0.000,0.000,5.000,-5.000,0.000,-6.000
2026-01-27 11:08:07.842,0.000,0.000,0.000,0.000,0.000,0.000,0.000,0.000,0.000,0.000,0.000,0.000,0.000,0.000,0.000,5.000,-5.000,0.000,-6.000
2026-01-27 11:08:07.862,0.000,0.000,0.000,0.000,0.000,0.000,0.000,0.000,0.000,0.000,0.000,0.000,0.000,0.000,0.000,5.000,-5.000,0.000,-6.000
2026-01-27 11:08:07.883,0.000,0.000,0.000,0.000,0.000,0.000,0.000,0.000,0.000,0.000,0.000,0.000,0.000,0.000,0.000,5.000,-5.000,0.000,-6.000
2026-01-27 11:08:07.904,0.000,0.000,0.000,0.000,0.000,0.000,0.000,0.000,0.000,0.000,0.000,0.000,0.000,0.000,0.000,5.000,-5.000,0.000,-6.000
2026-01-27 11:08:07.925,0.000,0.000,0.000,0.000,0.000,0.000,0.000,0.000,0.000,0.000,0.000,0.000,0.000,0.000,0.000,5.000,-5.000,0.000,-6.000
2026-01-27 11:08:07.947,0.000,0.000,0.000,0.000,0.000,0.000,0.000,0.000,0.000,0.000,0.000,0.000,0.000,0.000,0.000,5.000,-5.000,0.000,-6.000
2026-01-27 11:08:07.968,0.000,0.000,0.000,0.000,0.000,0.000,0.000,0.000,0.000,0.000,0.000,0.000,0.000,0.000,0.000,5.000,-5.000,0.000,-6.000
2026-01-27 11:08:07.989,0.000,0.000,0.000,0.000,0.000,0.000,0.000,0.000,0.000,0.000,0.000,0.000,0.000,0.000,0.000,5.000,-5.000,0.000,-6.000
2026-01-27 11:08:08.010,0.000,0.000,0.000,0.000,0.000,0.000,0.000,0.000,0.000,0.000,0.000,0.000,0.000,0.000,0.000,5.000,-5.000,0.000,-6.000
2026-01-27 11:08:08.021,0.000,0.000,0.000,0.000,0.000,0.000,0.000,0.000,0.000,0.000,0.000,0.000,0.000,0.000,0.000,5.000,-5.000,0.000,-6.000
2026-01-27 11:08:08.042,0.000,0.000,0.000,0.000,0.000,0.000,0.000,0.000,0.000,0.000,0.000,0.000,0.000,0.000,0.000,5.000,-5.000,0.000,-6.000
2026-01-27 11:08:08.063,0.000,0.000,0.000,0.000,0.000,0.000,0.000,0.000,0.000,0.000,0.000,0.000,0.000,0.000,0.000,5.000,-5.000,0.000,-6.000
2026-01-27 11:08:08.084,0.000,0.000,0.000,0.000,0.000,0.000,0.000,0.000,0.000,0.000,0.000,0.000,0.000,0.000,0.000,5.000,-5.000,0.000,-6.000
2026-01-27 11:08:08.105,0.000,0.000,0.000,0.000,0.000,0.000,0.000,0.000,0.000,0.000,0.000,0.000,0.000,0.000,0.000,5.000,-5.000,0.000,-6.000
2026-01-27 11:08:08.126,0.000,0.000,0.000,0.000,0.000,0.000,0.000,0.000,0.000,0.000,0.000,0.000,0.000,0.000,0.000,5.000,-5.000,0.000,-6.000
2026-01-27 11:08:08.146,0.000,0.000,0.000,0.000,0.000,0.000,0.000,0.000,0.000,0.000,0.000,0.000,0.000,0.000,0.000,5.000,-5.000,0.000,-6.000
2026-01-27 11:08:08.167,0.000,0.000,0.000,0.000,0.000,0.000,0.000,0.000,0.000,0.000,0.000,0.000,0.000,0.000,0.000,5.000,-5.000,0.000,-6.000
2026-01-27 11:08:08.187,0.000,0.000,0.000,0.000,0.000,0.000,0.000,0.000,0.000,0.000,0.000,0.000,0.000,0.000,0.000,5.000,-5.000,0.000,-6.000
2026-01-27 11:08:08.208,0.000,0.000,0.000,0.000,0.000,0.000,0.000,0.000,0.000,0.000,0.000,0.000,0.000,0.000,0.000,5.000,-5.000,0.000,-6.000
2026-01-27 11:08:08.229,0.000,0.000,0.000,0.000,0.000,0.000,0.000,0.000,0.000,0.000,0.000,0.000,0.000,0.000,0.000,5.000,-5.000,0.000,-6.000
2026-01-27 11:08:08.240,0.000,0.000,0.000,0.000,0.000,0.000,0.000,0.000,0.000,0.000,0.000,0.000,0.000,0.000,0.000,5.000,-5.000,0.000,-6.000
2026-01-27 11:08:08.261,0.000,0.000,0.000,0.000,0.000,0.000,0.000,0.000,0.000,0.000,0.000,0.000,0.000,0.000,0.000,5.000,-5.000,0.000,-6.000
2026-01-27 11:08:08.282,0.000,0.000,0.000,0.000,0.000,0.000,0.000,0.000,0.000,0.000,0.000,0.000,0.000,0.000,0.000,5.000,-5.000,0.000,-6.000
2026-01-27 11:08:08.303,0.000,0.000,0.000,0.000,0.000,0.000,0.000,0.000,0.000,0.000,0.000,0.000,0.000,0.000,0.000,5.000,-5.000,0.000,-6.000
2026-01-27 11:08:08.324,0.000,0.000,0.000,0.000,0.000,0.000,0.000,0.000,0.000,0.000,0.000,0.000,0.000,0.000,0.000,5.000,-5.000,0.000,-6.000
2026-01-27 11:08:08.345,0.000,0.000,0.000,0.000,0.000,0.000,0.000,0.000,0.000,0.000,0.000,0.000,0.000,0.000,0.000,5.000,-5.000,0.000,-6.000
2026-01-27 11:08:08.365,0.000,0.000,0.000,0.000,0.000,0.000,0.000,0.000,0.000,0.000,0.000,0.000,0.000,0.000,0.000,5.000,-5.000,0.000,-6.000
2026-01-27 11:08:08.386,0.000,0.000,0.000,0.000,0.000,0.000,0.000,0.000,0.000,0.000,0.000,0.000,0.000,0.000,0.000,5.000,-5.000,0.000,-6.000
2026-01-27 11:08:08.407,0.000,0.000,0.000,0.000,0.000,0.000,0.000,0.000,0.000,0.000,0.000,0.000,0.000,0.000,0.000,5.000,-5.000,0.000,-6.000
2026-01-27 11:08:08.428,0.000,0.000,0.000,0.000,0.000,0.000,0.000,0.000,0.000,0.000,0.000,0.000,0.000,0.000,0.000,5.000,-5.000,0.000,-6.000
2026-01-27 11:08:08.514,0.000,0.000,0.000,0.000,0.000,0.000,0.000,0.000,0.000,0.000,0.000,0.000,0.000,0.000,0.000,5.000,-5.000,0.000,-6.000
2026-01-27 11:08:08.514,0.000,0.000,0.000,0.000,0.000,0.000,0.000,0.000,0.000,0.000,0.000,0.000,0.000,0.000,0.000,5.000,-5.000,0.000,-6.000
2026-01-27 11:08:08.515,0.000,0.000,0.000,0.000,0.000,0.000,0.000,0.000,0.000,0.000,0.000,0.000,0.000,0.000,0.000,5.000,-5.000,0.000,-6.000
2026-01-27 11:08:08.515,0.000,0.000,0.000,0.000,0.000,0.000,0.000,0.000,0.000,0.000,0.000,0.000,0.000,0.000,0.000,5.000,-5.000,0.000,-6.000
2026-01-27 11:08:08.532,0.000,0.000,0.000,0.000,0.000,0.000,0.000,0.000,0.000,0.000,0.000,0.000,0.000,0.000,0.000,5.000,-5.000,0.000,-6.000
2026-01-27 11:08:08.543,0.000,0.000,0.000,0.000,0.000,0.000,0.000,0.000,0.000,0.000,0.000,0.000,0.000,0.000,0.000,5.000,-5.000,0.000,-6.000
2026-01-27 11:08:08.563,0.000,0.000,0.000,0.000,0.000,0.000,0.000,0.000,0.000,0.000,0.000,0.000,0.000,0.000,0.000,5.000,-5.000,0.000,-6.000
2026-01-27 11:08:08.584,0.000,0.000,0.000,0.000,0.000,0.000,0.000,0.000,0.000,0.000,0.000,0.000,0.000,0.000,0.000,5.000,-5.000,0.000,-6.000
2026-01-27 11:08:08.604,0.000,0.000,0.000,0.000,0.000,0.000,0.000,0.000,0.000,0.000,0.000,0.000,0.000,0.000,0.000,5.000,-5.000,0.000,-6.000
2026-01-27 11:08:08.625,0.000,0.000,0.000,0.000,0.000,0.000,0.000,0.000,0.000,0.000,0.000,0.000,0.000,0.000,0.000,5.000,-5.000,0.000,-6.000
2026-01-27 11:08:08.646,0.000,0.000,0.000,0.000,0.000,0.000,0.000,0.000,0.000,0.000,0.000,0.000,0.000,0.000,0.000,5.000,-5.000,0.000,-6.000
2026-01-27 11:08:08.666,0.000,0.000,0.000,0.000,0.000,0.000,0.000,0.000,0.000,0.000,0.000,0.000,0.000,0.000,0.000,5.000,-5.000,0.000,-6.000
2026-01-27 11:08:08.687,0.000,0.000,0.000,0.000,0.000,0.000,0.000,0.000,0.000,0.000,0.000,0.000,0.000,0.000,0.000,5.000,-5.000,0.000,-6.000
2026-01-27 11:08:08.708,0.000,0.000,0.000,0.000,0.000,0.000,0.000,0.000,0.000,0.000,0.000,0.000,0.000,0.000,0.000,5.000,-5.000,0.000,-6.000
2026-01-27 11:08:08.728,0.000,0.000,0.000,0.000,0.000,0.000,0.000,0.000,0.000,0.000,0.000,0.000,0.000,0.000,0.000,5.000,-5.000,0.000,-6.000
2026-01-27 11:08:08.749,0.000,0.000,0.000,0.000,0.000,0.000,0.000,0.000,0.000,0.000,0.000,0.000,0.000,0.000,0.000,5.000,-5.000,0.000,-6.000
2026-01-27 11:08:08.759,0.000,0.000,0.000,0.000,0.000,0.000,0.000,0.000,0.000,0.000,0.000,0.000,0.000,0.000,0.000,5.000,-5.000,0.000,-6.000
2026-01-27 11:08:08.780,0.000,0.000,0.000,0.000,0.000,0.000,0.000,0.000,0.000,0.000,0.000,0.000,0.000,0.000,0.000,5.000,-5.000,0.000,-6.000
2026-01-27 11:08:08.801,0.000,0.000,0.000,0.000,0.000,0.000,0.000,0.000,0.000,0.000,0.000,0.000,0.000,0.000,0.000,5.000,-5.000,0.000,-6.000
2026-01-27 11:08:08.822,0.000,0.000,0.000,0.000,0.000,0.000,0.000,0.000,0.000,0.000,0.000,0.000,0.000,0.000,0.000,5.000,-5.000,0.000,-6.000
2026-01-27 11:08:08.843,0.000,0.000,0.000,0.000,0.000,0.000,0.000,0.000,0.000,0.000,0.000,0.000,0.000,0.000,0.000,5.000,-5.000,0.000,-6.000
2026-01-27 11:08:08.864,0.000,0.000,0.000,0.000,0.000,0.000,0.000,0.000,0.000,0.000,0.000,0.000,0.000,0.000,0.000,5.000,-5.000,0.000,-6.000
2026-01-27 11:08:08.886,0.000,0.000,0.000,0.000,0.000,0.000,0.000,0.000,0.000,0.000,0.000,0.000,0.000,0.000,0.000,5.000,-5.000,0.000,-6.000
2026-01-27 11:08:08.906,0.000,0.000,0.000,0.000,0.000,0.000,0.000,0.000,0.000,0.000,0.000,0.000,0.000,0.000,0.000,5.000,-5.000,0.000,-6.000
2026-01-27 11:08:08.927,0.000,0.000,0.000,0.000,0.000,0.000,0.000,0.000,0.000,0.000,0.000,0.000,0.000,0.000,0.000,5.000,-5.000,0.000,-6.000
2026-01-27 11:08:08.948,0.000,0.000,0.000,0.000,0.000,0.000,0.000,0.000,0.000,0.000,0.000,0.000,0.000,0.000,0.000,5.000,-5.000,0.000,-6.000
2026-01-27 11:08:08.969,0.000,0.000,0.000,0.000,0.000,0.000,0.000,0.000,0.000,0.000,0.000,0.000,0.000,0.000,0.000,5.000,-5.000,0.000,-6.000
2026-01-27 11:08:08.980,0.000,0.000,0.000,0.000,0.000,0.000,0.000,0.000,0.000,0.000,0.000,0.000,0.000,0.000,0.000,5.000,-5.000,0.000,-6.000
2026-01-27 11:08:09.001,0.000,0.000,0.000,0.000,0.000,0.000,0.000,0.000,0.000,0.000,0.000,0.000,0.000,0.000,0.000,5.000,-5.000,0.000,-6.000
2026-01-27 11:08:09.022,0.000,0.000,0.000,0.000,0.000,0.000,0.000,0.000,0.000,0.000,0.000,0.000,0.000,0.000,0.000,5.000,-5.000,0.000,-6.000
2026-01-27 11:08:09.043,0.000,0.000,0.000,0.000,0.000,0.000,0.000,0.000,0.000,0.000,0.000,0.000,0.000,0.000,0.000,5.000,-5.000,0.000,-6.000
2026-01-27 11:08:09.064,0.000,0.000,0.000,0.000,0.000,0.000,0.000,0.000,0.000,0.000,0.000,0.000,0.000,0.000,0.000,5.000,-5.000,0.000,-6.000
2026-01-27 11:08:09.085,0.000,0.000,0.000,0.000,0.000,0.000,0.000,0.000,0.000,0.000,0.000,0.000,0.000,0.000,0.000,5.000,-5.000,0.000,-6.000
2026-01-27 11:08:09.106,0.000,0.000,0.000,0.000,0.000,0.000,0.000,0.000,0.000,0.000,0.000,0.000,0.000,0.000,0.000,5.000,-5.000,0.000,-6.000
2026-01-27 11:08:09.126,0.000,0.000,0.000,0.000,0.000,0.000,0.000,0.000,0.000,0.000,0.000,0.000,0.000,0.000,0.000,5.000,-5.000,0.000,-6.000
2026-01-27 11:08:09.147,0.000,0.000,0.000,0.000,0.000,0.000,0.000,0.000,0.000,0.000,0.000,0.000,0.000,0.000,0.000,5.000,-5.000,0.000,-6.000
2026-01-27 11:08:09.168,0.000,0.000,0.000,0.000,0.000,0.000,0.000,0.000,0.000,0.000,0.000,0.000,0.000,0.000,0.000,5.000,-5.000,0.000,-6.000
2026-01-27 11:08:09.189,0.000,0.000,0.000,0.000,0.000,0.000,0.000,0.000,0.000,0.000,0.000,0.000,0.000,0.000,0.000,5.000,-5.000,0.000,-6.000
2026-01-27 11:08:09.199,0.000,0.000,0.000,0.000,0.000,0.000,0.000,0.000,0.000,0.000,0.000,0.000,0.000,0.000,0.000,5.000,-5.000,0.000,-6.000
2026-01-27 11:08:09.220,0.000,0.000,0.000,0.000,0.000,0.000,0.000,0.000,0.000,0.000,0.000,0.000,0.000,0.000,0.000,5.000,-5.000,0.000,-6.000
2026-01-27 11:08:09.241,0.000,0.000,0.000,0.000,0.000,0.000,0.000,0.000,0.000,0.000,0.000,0.000,0.000,0.000,0.000,5.000,-5.000,0.000,-6.000
2026-01-27 11:08:09.261,0.000,0.000,0.000,0.000,0.000,0.000,0.000,0.000,0.000,0.000,0.000,0.000,0.000,0.000,0.000,5.000,-5.000,0.000,-6.000
2026-01-27 11:08:09.282,0.000,0.000,0.000,0.000,0.000,0.000,0.000,0.000,0.000,0.000,0.000,0.000,0.000,0.000,0.000,5.000,-5.000,27.500,-33.500
2026-01-27 11:08:09.303,0.000,0.000,0.000,0.000,0.000,0.000,0.000,0.000,0.000,0.000,0.000,0.000,0.000,0.000,0.000,5.000,-5.000,27.500,-33.500
2026-01-27 11:08:09.324,0.000,0.000,0.000,0.000,0.000,0.000,0.000,0.000,0.000,0.000,0.000,0.000,0.000,0.000,0.000,5.000,-5.000,27.500,-33.500
2026-01-27 11:08:09.344,0.000,0.000,0.000,0.000,0.000,0.000,0.000,0.000,0.000,0.000,0.000,0.000,0.000,0.000,0.000,5.000,-5.000,27.500,-33.500
2026-01-27 11:08:09.365,0.000,0.000,0.000,0.000,0.000,0.000,0.000,0.000,0.000,0.000,0.000,0.000,0.000,0.000,0.000,5.000,-5.000,27.500,-33.500
2026-01-27 11:08:09.386,0.000,0.000,0.000,0.000,0.000,0.000,0.000,0.000,0.000,0.000,0.000,0.000,0.000,0.000,0.000,5.000,-5.000,27.500,-33.500
2026-01-27 11:08:09.407,0.000,0.000,0.000,0.000,0.000,0.000,0.000,0.000,0.000,0.000,0.000,0.000,0.000,0.000,0.000,5.000,-5.000,27.500,-33.500
2026-01-27 11:08:09.428,0.000,0.000,0.000,0.000,0.000,0.000,0.000,0.000,0.000,0.000,0.000,0.000,0.000,0.000,0.000,5.000,-5.000,27.500,-33.500
2026-01-27 11:08:09.449,0.000,0.000,0.000,0.000,0.000,0.000,0.000,0.000,0.000,0.000,0.000,0.000,0.000,0.000,0.000,5.000,-5.000,27.500,-33.500
2026-01-27 11:08:09.469,0.000,0.000,0.000,0.000,0.000,0.000,0.000,0.000,0.000,0.000,0.000,0.000,0.000,0.000,0.000,5.000,-5.000,27.500,-33.500
2026-01-27 11:08:09.480,0.000,0.000,0.000,0.000,0.000,0.000,0.000,0.000,0.000,0.000,0.000,0.000,0.000,0.000,0.000,5.000,-5.000,27.500,-33.500
2026-01-27 11:08:09.500,0.000,0.000,0.000,0.000,0.000,0.000,0.000,0.000,0.000,0.000,0.000,0.000,0.000,0.000,0.000,5.000,-5.000,27.500,-33.500
2026-01-27 11:08:09.522,0.000,0.000,0.000,0.000,0.000,0.000,0.000,0.000,0.000,0.000,0.000,0.000,0.000,0.000,0.000,5.000,-5.000,27.500,-33.500
2026-01-27 11:08:09.543,0.000,0.000,0.000,0.000,0.000,0.000,0.000,0.000,0.000,0.000,0.000,0.000,0.000,0.000,0.000,5.000,-5.000,27.500,-33.500
2026-01-27 11:08:09.564,0.000,0.000,0.000,0.000,0.000,0.000,0.000,0.000,0.000,0.000,0.000,0.000,0.000,0.000,0.000,5.000,-5.000,27.500,-33.500
2026-01-27 11:08:09.584,0.000,0.000,0.000,0.000,0.000,0.000,0.000,0.000,0.000,0.000,0.000,0.000,0.000,0.000,0.000,5.000,-5.000,27.500,-33.500
2026-01-27 11:08:09.605,0.000,0.000,0.000,0.000,0.000,0.000,0.000,0.000,0.000,0.000,0.000,0.000,0.000,0.000,0.000,5.000,-5.000,27.500,-33.500
2026-01-27 11:08:09.627,0.000,0.000,0.000,0.000,0.000,0.000,0.000,0.000,0.000,0.000,0.000,0.000,0.000,0.000,0.000,5.000,-5.000,27.500,-33.500
2026-01-27 11:08:09.647,0.000,0.000,0.000,0.000,0.000,0.000,0.000,0.000,0.000,0.000,0.000,0.000,0.000,0.000,0.000,5.000,-5.000,27.500,-33.500
2026-01-27 11:08:09.668,0.000,0.000,0.000,0.000,0.000,0.000,0.000,0.000,0.000,0.000,0.000,0.000,0.000,0.000,0.000,5.000,-5.000,27.500,-33.500
2026-01-27 11:08:09.689,0.000,0.000,0.000,0.000,0.000,0.000,0.000,0.000,0.000,0.000,0.000,0.000,0.000,0.000,0.000,5.000,-5.000,27.500,-33.500
2026-01-27 11:08:09.699,0.000,0.000,0.000,0.000,0.000,0.000,0.000,0.000,0.000,0.000,0.000,0.000,0.000,0.000,0.000,5.000,-5.000,27.500,-33.500
2026-01-27 11:08:09.720,0.000,0.000,0.000,0.000,0.000,0.000,0.000,0.000,0.000,0.000,0.000,0.000,0.000,0.000,0.000,5.000,-5.000,27.500,-33.500
2026-01-27 11:08:09.741,0.000,0.000,0.000,0.000,0.000,0.000,0.000,0.000,0.000,0.000,0.000,0.000,0.000,0.000,0.000,5.000,-5.000,27.500,-33.500
2026-01-27 11:08:09.762,0.000,0.000,0.000,0.000,0.000,0.000,0.000,0.000,0.000,0.000,0.000,0.000,0.000,0.000,0.000,5.000,-5.000,27.500,-33.500
2026-01-27 11:08:09.803,0.000,0.000,0.000,0.000,0.000,0.000,0.000,0.000,0.000,0.000,0.000,0.000,0.000,0.000,0.000,5.000,-5.000,27.500,-33.500
2026-01-27 11:08:09.803,0.000,0.000,0.000,0.000,0.000,0.000,0.000,0.000,0.000,0.000,0.000,0.000,0.000,0.000,0.000,5.000,-5.000,27.500,-33.500
2026-01-27 11:08:09.825,0.000,0.000,0.000,0.000,0.000,0.000,0.000,0.000,0.000,0.000,0.000,0.000,0.000,0.000,0.000,5.000,-5.000,27.500,-33.500
2026-01-27 11:08:09.846,0.000,0.000,0.000,0.000,0.000,0.000,0.000,0.000,0.000,0.000,0.000,0.000,0.000,0.000,0.000,5.000,-5.000,27.500,-33.500
2026-01-27 11:08:09.867,0.000,0.000,0.000,0.000,0.000,0.000,0.000,0.000,0.000,0.000,0.000,0.000,0.000,0.000,0.000,5.000,-5.000,27.500,-33.500
2026-01-27 11:08:09.888,0.000,0.000,0.000,0.000,0.000,0.000,0.000,0.000,0.000,0.000,0.000,0.000,0.000,0.000,0.000,5.000,-5.000,27.500,-33.500
2026-01-27 11:08:09.908,0.000,0.000,0.000,0.000,0.000,0.000,0.000,0.000,0.000,0.000,0.000,0.000,0.000,0.000,0.000,5.000,-5.000,27.500,-33.500
2026-01-27 11:08:09.929,0.000,0.000,0.000,0.000,0.000,0.000,0.000,0.000,0.000,0.000,0.000,0.000,0.000,0.000,0.000,5.000,-5.000,0.000,-6.000
2026-01-27 11:08:09.940,0.000,0.000,0.000,0.000,0.000,0.000,0.000,0.000,0.000,0.000,0.000,0.000,0.000,0.000,0.000,5.000,-5.000,27.500,-33.500
2026-01-27 11:08:09.961,0.000,0.000,0.000,0.000,0.000,0.000,0.000,0.000,0.000,0.000,0.000,0.000,0.000,0.000,0.000,5.000,-5.000,27.500,-33.500
2026-01-27 11:08:09.982,0.000,0.000,0.000,0.000,0.000,0.000,0.000,0.000,0.000,0.000,0.000,0.000,0.000,0.000,0.000,5.000,-5.000,27.500,-33.500
2026-01-27 11:08:10.003,0.000,0.000,0.000,0.000,0.000,0.000,0.000,0.000,0.000,0.000,0.000,0.000,0.000,0.000,0.000,5.000,-5.000,27.500,-33.500
2026-01-27 11:08:10.023,0.000,0.000,0.000,0.000,0.000,0.000,0.000,0.000,0.000,0.000,0.000,0.000,0.000,0.000,0.000,5.000,-5.000,27.500,-33.500
2026-01-27 11:08:10.045,0.000,0.000,0.000,0.000,0.000,0.000,0.000,0.000,0.000,0.000,0.000,0.000,0.000,0.000,0.000,5.000,-5.000,27.500,-33.500
2026-01-27 11:08:10.066,0.000,0.000,0.000,0.000,0.000,0.000,0.000,0.000,0.000,0.000,0.000,0.000,0.000,0.000,0.000,5.000,-5.000,27.500,-33.500
2026-01-27 11:08:10.088,16.536,6.948,-121.230,-0.234,-0.015,0.031,-2.823,1.101,-9.499,0.000,0.000,0.000,0.000,0.000,0.000,-16.497,-26.497,12.889,-26.734
2026-01-27 11:08:10.109,16.370,6.864,-121.295,-0.163,-0.131,0.035,-2.823,1.058,-9.216,0.000,0.000,0.000,0.000,0.000,0.000,-17.346,-27.346,14.683,-28.659
2026-01-27 11:08:10.129,16.182,6.612,-121.382,-0.130,-0.190,0.035,-2.833,0.986,-9.216,0.000,0.000,0.000,0.000,0.000,0.000,-17.555,-27.555,15.889,-30.013
2026-01-27 11:08:10.140,16.004,6.488,-121.403,-0.184,-0.168,0.018,-2.460,0.924,-9.030,0.000,0.000,0.000,0.000,0.000,0.000,-16.496,-26.496,15.978,-29.610
2026-01-27 11:08:10.160,15.825,6.377,-121.332,-0.131,-0.076,-0.032,-2.373,0.852,-9.030,0.000,0.000,0.000,0.000,0.000,0.000,-17.012,-27.012,15.514,-27.660
2026-01-27 11:08:10.181,15.712,6.317,-121.292,-0.137,-0.063,-0.035,-2.383,0.852,-9.312,0.000,0.000,0.000,0.000,0.000,0.000,-16.767,-26.767,15.452,-27.502
2026-01-27 11:08:10.223,15.502,6.279,-121.282,-0.151,-0.036,0.000,-2.383,0.924,-9.312,0.000,0.000,0.000,0.000,0.000,0.000,-16.221,-26.221,14.629,-27.667
2026-01-27 11:08:10.223,15.340,6.279,-121.316,-0.115,-0.002,0.068,-2.383,0.976,-9.417,0.000,0.000,0.000,0.000,0.000,0.000,-16.282,-26.282,13.303,-27.722
2026-01-27 11:08:10.244,15.235,6.288,-121.355,-0.115,-0.002,0.068,-2.622,1.077,-9.527,0.000,0.000,0.000,0.000,0.000,0.000,-16.381,-26.381,13.155,-28.118
2026-01-27 11:08:10.276,15.063,6.308,-121.403,-0.189,-0.012,0.028,-2.622,1.077,-9.513,0.000,0.000,0.000,0.000,0.000,0.000,-16.329,-26.329,13.333,-28.053
2026-01-27 11:08:10.287,14.900,6.302,-121.417,-0.189,-0.012,0.028,-2.598,1.129,-9.489,0.000,0.000,0.000,0.000,0.000,0.000,-14.770,-24.770,13.986,-27.576
2026-01-27 11:08:10.308,14.602,6.250,-121.439,-0.209,-0.035,0.012,-2.555,1.101,-9.489,0.000,0.000,0.000,0.000,0.000,0.000,-13.987,-23.987,14.726,-27.737
2026-01-27 11:08:10.328,14.421,6.208,-121.473,-0.218,-0.061,0.037,-2.469,1.043,-9.475,0.000,0.000,0.000,0.000,0.000,0.000,-13.601,-23.601,14.812,-28.548
2026-01-27 11:08:10.349,14.045,6.112,-121.597,-0.259,-0.083,0.108,-2.498,0.904,-9.475,0.000,0.000,0.000,0.000,0.000,0.000,-12.398,-22.398,14.226,-30.129
2026-01-27 11:08:10.360,13.813,6.043,-121.697,-0.270,-0.113,0.108,-2.579,0.818,-9.475,0.000,0.000,0.000,0.000,0.000,0.000,-11.922,-21.922,14.891,-30.584
2026-01-27 11:08:10.381,13.464,5.930,-121.863,-0.235,-0.109,0.104,-2.603,0.799,-9.475,0.000,0.000,0.000,0.000,0.000,0.000,-11.881,-21.881,15.144,-30.572
2026-01-27 11:08:10.402,13.225,5.863,-121.945,-0.284,-0.103,0.104,-2.565,0.766,-9.566,0.000,0.000,0.000,0.000,0.000,0.000,-10.816,-20.816,15.162,-30.615
2026-01-27 11:08:10.423,12.758,5.700,-121.993,-0.350,-0.124,-0.009,-2.598,0.732,-9.566,0.000,0.000,0.000,0.000,0.000,0.000,-9.062,-19.062,17.646,-29.273
2026-01-27 11:08:10.444,12.479,5.585,-121.975,-0.350,-0.131,-0.009,-2.445,0.694,-9.676,0.000,0.000,0.000,0.000,0.000,0.000,-8.709,-18.709,17.801,-29.701
2026-01-27 11:08:10.465,11.945,5.373,-121.843,-0.447,-0.144,-0.105,-2.278,0.703,-9.676,0.000,0.000,0.000,0.000,0.000,0.000,-6.284,-16.284,20.006,-28.648
2026-01-27 11:08:10.486,11.539,5.131,-121.750,-0.447,-0.144,-0.105,-2.110,0.713,-9.604,0.000,0.000,0.000,0.000,0.000,0.000,-5.850,-15.850,20.251,-29.066
2026-01-27 11:08:10.507,10.941,4.924,-121.526,-0.441,-0.212,-0.143,-1.909,0.613,-9.522,0.000,0.000,0.000,0.000,0.000,0.000,-5.172,-15.172,22.373,-29.823
2026-01-27 11:08:10.528,10.540,4.616,-121.403,-0.441,-0.212,-0.143,-1.818,0.646,-9.546,0.000,0.000,0.000,0.000,0.000,0.000,-4.452,-14.452,22.751,-30.228
2026-01-27 11:08:10.549,10.023,4.341,-121.202,-0.382,-0.262,-0.140,-1.641,0.598,-9.542,0.000,0.000,0.000,0.000,0.000,0.000,-4.713,-14.713,24.035,-31.453
2026-01-27 11:08:10.570,9.669,3.996,-121.090,-0.382,-0.262,-0.140,-1.637,0.526,-9.609,0.000,0.000,0.000,0.000,0.000,0.000,-4.034,-14.034,24.486,-31.912
2026-01-27 11:08:10.580,9.195,3.555,-120.957,-0.359,-0.303,-0.087,-1.488,0.507,-9.513,0.000,0.000,0.000,0.000,0.000,0.000,-3.656,-13.656,25.024,-34.075
2026-01-27 11:08:10.601,8.917,3.302,-120.861,-0.359,-0.303,-0.087,-1.445,0.464,-9.556,0.000,0.000,0.000,0.000,0.000,0.000,-3.269,-13.269,25.423,-34.317
2026-01-27 11:08:10.622,8.532,2.925,-120.770,-0.291,-0.228,-0.082,-1.369,0.373,-9.570,0.000,0.000,0.000,0.000,0.000,0.000,-3.715,-13.715,24.724,-33.763
2026-01-27 11:08:10.643,8.273,2.751,-120.673,-0.291,-0.228,-0.082,-1.225,0.416,-9.546,0.000,0.000,0.000,0.000,0.000,0.000,-3.332,-13.332,25.146,-34.053
2026-01-27 11:08:10.664,7.928,2.442,-120.599,-0.266,-0.206,-0.067,-1.148,0.373,-9.513,0.000,0.000,0.000,0.000,0.000,0.000,-3.228,-13.228,25.129,-34.430
2026-01-27 11:08:10.684,7.703,2.275,-120.538,-0.266,-0.206,-0.067,-1.077,0.306,-9.513,0.000,0.000,0.000,0.000,0.000,0.000,-2.847,-12.847,25.402,-34.590
2026-01-27 11:08:10.705,7.485,1.954,-120.505,-0.093,-0.252,-0.033,-1.014,0.335,-9.475,0.000,0.000,0.000,0.000,0.000,0.000,-5.381,-15.381,26.171,-36.412
2026-01-27 11:08:10.726,7.459,1.726,-120.500,-0.093,-0.252,-0.033,-1.072,0.234,-9.513,0.000,0.000,0.000,0.000,0.000,0.000,-5.103,-15.103,26.391,-36.663
2026-01-27 11:08:10.747,7.551,1.304,-120.539,0.114,-0.332,0.007,-1.125,0.191,-9.503,0.000,0.000,0.000,0.000,0.000,0.000,-8.603,-18.603,27.065,-38.935
2026-01-27 11:08:10.769,7.676,1.018,-120.586,0.114,-0.332,0.007,-1.206,0.120,-9.465,0.000,0.000,0.000,0.000,0.000,0.000,-8.571,-18.571,27.031,-38.969
2026-01-27 11:08:10.790,8.019,0.489,-120.677,0.294,-0.399,0.003,-1.407,0.048,-9.489,0.000,0.000,0.000,0.000,0.000,0.000,-12.094,-22.094,26.866,-39.134
2026-01-27 11:08:10.811,8.267,0.162,-120.729,0.294,-0.399,-0.010,-1.412,0.014,-9.451,0.000,0.000,0.000,0.000,0.000,0.000,-12.232,-22.232,26.872,-39.128
2026-01-27 11:08:10.822,8.662,-0.380,-120.794,0.259,-0.391,-0.027,-1.522,-0.134,-9.312,0.000,0.000,0.000,0.000,0.000,0.000,-12.299,-22.299,26.865,-39.135
2026-01-27 11:08:10.843,8.920,-0.698,-120.821,0.259,-0.391,-0.038,-1.565,-0.373,-9.192,0.000,0.000,0.000,0.000,0.000,0.000,-12.772,-22.772,26.832,-39.168
2026-01-27 11:08:10.864,9.526,-1.193,-120.858,0.469,-0.336,-0.023,-1.694,-0.440,-9.111,0.000,0.000,0.000,0.000,0.000,0.000,-17.129,-27.129,26.160,-39.840
2026-01-27 11:08:10.885,9.922,-1.448,-120.884,0.477,-0.336,0.000,-1.933,-0.517,-9.288,0.000,0.000,0.000,0.000,0.000,0.000,-17.663,-27.663,25.632,-40.368
2026-01-27 11:08:10.906,10.457,-1.725,-120.948,0.235,-0.130,0.052,-2.015,-0.445,-9.369,0.000,0.000,0.000,0.000,0.000,0.000,-14.325,-24.325,24.391,-41.609
2026-01-27 11:08:10.927,10.612,-1.784,-120.991,0.084,-0.007,0.078,-1.952,-0.665,-9.231,0.000,0.000,0.000,0.000,0.000,0.000,-12.872,-22.872,23.910,-41.781
2026-01-27 11:08:10.948,10.673,-1.708,-121.048,-0.014,0.109,0.080,-1.957,-0.746,-9.192,0.000,0.000,0.000,0.000,0.000,0.000,-11.239,-21.239,21.713,-39.659
2026-01-27 11:08:10.969,10.676,-1.589,-121.041,0.036,0.191,0.018,-1.804,-0.689,-9.221,0.000,0.000,0.000,0.000,0.000,0.000,-12.235,-22.235,21.571,-37.591
2026-01-27 11:08:10.990,10.750,-1.338,-120.912,0.078,0.193,-0.053,-1.799,-0.522,-9.451,0.000,0.000,0.000,0.000,0.000,0.000,-13.061,-23.061,22.440,-35.872
2026-01-27 11:08:11.011,10.794,-1.198,-120.789,0.013,0.183,-0.080,-1.742,-0.258,-9.656,0.000,0.000,0.000,0.000,0.000,0.000,-12.036,-22.036,22.635,-35.580
2026-01-27 11:08:11.022,10.769,-0.982,-120.579,-0.056,0.181,-0.068,-1.684,-0.144,-9.680,0.000,0.000,0.000,0.000,0.000,0.000,-10.753,-20.753,22.220,-35.409
2026-01-27 11:08:11.042,10.746,-0.825,-120.475,-0.017,0.168,-0.040,-1.708,-0.081,-9.700,0.000,0.000,0.000,0.000,0.000,0.000,-11.482,-21.482,21.856,-35.717
2026-01-27 11:08:11.063,10.729,-0.665,-120.362,0.038,0.128,-0.012,-1.680,0.072,-9.781,0.000,0.000,0.000,0.000,0.000,0.000,-12.414,-22.414,21.874,-36.629
2026-01-27 11:08:11.083,10.773,-0.557,-120.324,0.047,0.082,0.007,-1.694,0.110,-9.862,0.000,0.000,0.000,0.000,0.000,0.000,-12.462,-22.462,22.103,-37.263
2026-01-27 11:08:11.104,10.823,-0.491,-120.330,0.056,0.037,0.044,-1.742,-0.038,-9.877,0.000,0.000,0.000,0.000,0.000,0.000,-12.705,-22.705,22.149,-38.578
2026-01-27 11:08:11.125,10.872,-0.455,-120.379,0.063,-0.001,0.091,-1.861,-0.105,-9.900,0.000,0.000,0.000,0.000,0.000,0.000,-12.848,-22.848,21.936,-39.608
2026-01-27 11:08:11.146,10.940,-0.446,-120.522,0.043,-0.016,0.133,-2.000,-0.105,-9.848,0.000,0.000,0.000,0.000,0.000,0.000,-12.601,-22.601,21.407,-40.621
2026-01-27 11:08:11.167,10.965,-0.445,-120.683,0.021,-0.029,0.156,-2.115,-0.182,-9.728,0.000,0.000,0.000,0.000,0.000,0.000,-12.367,-22.367,21.320,-41.011
2026-01-27 11:08:11.188,10.997,-0.451,-120.847,0.026,-0.028,0.147,-2.216,-0.239,-9.618,0.000,0.000,0.000,0.000,0.000,0.000,-12.495,-22.495,21.442,-40.865
2026-01-27 11:08:11.209,11.027,-0.451,-120.982,0.033,-0.023,0.118,-2.330,-0.292,-9.570,0.000,0.000,0.000,0.000,0.000,0.000,-12.640,-22.640,21.776,-40.403
2026-01-27 11:08:11.230,11.085,-0.467,-121.074,0.034,-0.023,0.080,-2.354,-0.378,-9.494,0.000,0.000,0.000,0.000,0.000,0.000,-12.754,-22.754,22.437,-39.781
2026-01-27 11:08:11.251,11.129,-0.488,-121.107,0.025,-0.018,0.040,-2.306,-0.435,-9.379,0.000,0.000,0.000,0.000,0.000,0.000,-12.673,-22.673,22.857,-39.256
2026-01-27 11:08:11.271,11.186,-0.511,-121.081,0.042,-0.011,0.003,-2.254,-0.450,-9.326,0.000,0.000,0.000,0.000,0.000,0.000,-13.067,-23.067,23.283,-38.628
2026-01-27 11:08:11.293,11.293,-0.550,-121.008,0.075,-0.011,-0.038,-2.182,-0.416,-9.283,0.000,0.000,0.000,0.000,0.000,0.000,-13.610,-23.610,23.916,-38.070
2026-01-27 11:08:11.304,11.375,-0.578,-120.917,0.084,-0.000,-0.070,-2.139,-0.416,-9.278,0.000,0.000,0.000,0.000,0.000,0.000,-13.957,-23.957,24.230,-37.562
2026-01-27 11:08:11.325,11.517,-0.593,-120.725,0.087,0.034,-0.096,-2.077,-0.311,-9.312,0.000,0.000,0.000,0.000,0.000,0.000,-14.155,-24.155,24.057,-36.701
2026-01-27 11:08:11.346,11.595,-0.575,-120.590,0.077,0.068,-0.108,-1.991,-0.268,-9.388,0.000,0.000,0.000,0.000,0.000,0.000,-14.188,-24.188,23.656,-36.048
2026-01-27 11:08:11.366,11.716,-0.507,-120.359,0.072,0.095,-0.101,-1.924,-0.263,-9.451,0.000,0.000,0.000,0.000,0.000,0.000,-14.316,-24.316,23.013,-35.653
2026-01-27 11:08:11.429,11.819,-0.414,-120.188,0.093,0.123,-0.088,-1.919,-0.234,-9.580,0.000,0.000,0.000,0.000,0.000,0.000,-14.724,-24.724,22.301,-35.341
2026-01-27 11:08:11.450,11.922,-0.294,-120.075,0.092,0.131,-0.060,-1.943,-0.148,-9.728,0.000,0.000,0.000,0.000,0.000,0.000,-14.894,-24.894,21.514,-35.425
2026-01-27 11:08:11.471,12.002,-0.212,-119.946,0.055,0.091,-0.031,-1.933,-0.077,-9.719,0.000,0.000,0.000,0.000,0.000,0.000,-14.443,-24.443,21.590,-36.372
2026-01-27 11:08:11.494,12.065,-0.181,-119.890,0.072,0.020,-0.021,-1.967,-0.053,-9.652,0.000,0.000,0.000,0.000,0.000,0.000,-14.818,-24.818,22.403,-37.502
2026-01-27 11:08:11.505,12.186,-0.208,-119.833,0.125,-0.023,-0.015,-2.043,-0.120,-9.637,0.000,0.000,0.000,0.000,0.000,0.000,-15.937,-25.937,23.029,-38.478
2026-01-27 11:08:11.526,12.516,-0.244,-119.736,0.064,0.039,-0.013,-2.172,-0.105,-9.671,0.000,0.000,0.000,0.000,0.000,0.000,-15.368,-25.368,0.000,-6.000
2026-01-27 11:08:11.547,12.604,-0.202,-119.655,0.079,0.036,-0.035,-2.211,-0.105,-9.637,0.000,0.000,0.000,0.000,0.000,0.000,-15.481,-25.481,21.789,-37.575
2026-01-27 11:08:11.568,12.663,-0.165,-119.567,0.049,0.088,-0.049,-2.278,-0.048,-9.513,0.000,0.000,0.000,0.000,0.000,0.000,-15.391,-25.391,21.490,-36.220
2026-01-27 11:08:11.589,12.720,-0.085,-119.450,0.054,0.096,-0.074,-2.134,0.029,-9.566,0.000,0.000,0.000,0.000,0.000,0.000,-15.570,-25.570,21.667,-35.529
2026-01-27 11:08:11.610,12.775,-0.037,-119.363,0.086,0.039,-0.036,-2.101,0.139,-9.752,0.000,0.000,0.000,0.000,0.000,0.000,-16.112,-26.112,21.838,-36.949
2026-01-27 11:08:11.631,12.863,-0.042,-119.341,0.035,-0.047,0.012,-2.182,0.096,-9.609,0.000,0.000,0.000,0.000,0.000,0.000,-15.360,-25.360,22.474,-39.342
2026-01-27 11:08:11.652,12.952,-0.074,-119.376,0.224,-0.077,0.022,-2.034,0.220,-9.417,0.000,0.000,0.000,0.000,0.000,0.000,-18.451,-28.451,22.656,-39.691
2026-01-27 11:08:11.673,13.278,-0.225,-119.473,0.264,-0.160,0.037,-1.914,0.694,-9.790,0.000,0.000,0.000,0.000,0.000,0.000,-19.717,-29.717,23.858,-41.811
2026-01-27 11:08:11.693,13.408,-0.426,-119.590,0.075,-0.297,0.075,-1.833,0.895,-9.972,0.000,0.000,0.000,0.000,0.000,0.000,-16.953,-26.953,23.390,-42.610
2026-01-27 11:08:11.704,13.551,-0.802,-119.886,0.115,-0.435,0.112,-1.790,0.780,-9.838,0.000,0.000,0.000,0.000,0.000,0.000,-17.930,-27.930,22.529,-43.471
2026-01-27 11:08:11.725,13.614,-1.225,-120.160,0.222,-0.561,0.175,-1.761,0.431,-9.862,0.000,0.000,0.000,0.000,0.000,0.000,-19.558,-29.558,21.502,-44.000
2026-01-27 11:08:11.746,13.915,-1.954,-120.704,0.240,-0.658,0.250,-1.909,0.153,-9.800,0.000,0.000,0.000,0.000,0.000,0.000,-20.429,-30.429,19.749,-44.000
2026-01-27 11:08:11.767,14.082,-2.401,-121.243,0.145,-0.666,0.328,-2.077,-0.211,-9.685,0.000,0.000,0.000,0.000,0.000,0.000,-19.266,-29.266,18.537,-44.000
2026-01-27 11:08:11.834,14.204,-3.115,-121.889,0.012,-0.594,0.390,-2.450,-0.842,-9.546,0.000,0.000,0.000,0.000,0.000,0.000,-17.201,-27.201,17.102,-44.000
2026-01-27 11:08:11.834,14.166,-3.409,-122.518,-0.198,-0.410,0.419,-2.909,-1.546,-9.140,0.000,0.000,0.000,0.000,0.000,0.000,-14.373,-24.373,16.735,-44.000
2026-01-27 11:08:11.834,13.743,-3.616,-123.089,-0.508,-0.081,0.338,-3.091,-1.684,-8.475,0.000,0.000,0.000,0.000,0.000,0.000,-8.263,-18.263,18.285,-44.000
2026-01-27 11:08:11.847,13.282,-3.371,-123.302,-0.410,0.304,0.094,-2.799,-1.742,-8.422,0.000,0.000,0.000,0.000,0.000,0.000,-9.800,-19.800,19.290,-41.191
2026-01-27 11:08:11.868,13.019,-2.826,-123.117,-0.157,0.561,-0.175,-3.024,-1.536,-8.762,0.000,0.000,0.000,0.000,0.000,0.000,-13.760,-23.760,18.327,-31.488
2026-01-27 11:08:11.888,12.709,-2.348,-122.830,-0.326,0.622,-0.256,-2.756,-1.340,-9.321,0.000,0.000,0.000,0.000,0.000,0.000,-10.051,-20.051,18.971,-29.095
2026-01-27 11:08:11.909,12.253,-1.715,-122.351,-0.558,0.619,-0.249,-2.283,-0.842,-9.369,0.000,0.000,0.000,0.000,0.000,0.000,-5.175,-15.175,18.453,-27.874
2026-01-27 11:08:11.930,11.621,-1.189,-122.081,-0.553,0.590,-0.194,-2.158,-0.761,-9.207,0.000,0.000,0.000,0.000,0.000,0.000,-4.837,-14.837,17.809,-28.033
2026-01-27 11:08:11.951,11.136,-0.542,-121.737,-0.248,0.515,-0.150,-1.933,-0.412,-9.427,0.000,0.000,0.000,0.000,0.000,0.000,-8.562,-18.562,17.938,-28.613
2026-01-27 11:08:11.972,11.128,-0.294,-121.593,0.064,0.290,-0.119,-2.038,0.010,-10.011,0.000,0.000,0.000,0.000,0.000,0.000,-13.247,-23.247,20.411,-31.896
2026-01-27 11:08:11.993,11.310,-0.188,-121.496,0.130,0.022,-0.045,-2.053,0.191,-10.221,0.000,0.000,0.000,0.000,0.000,0.000,-14.533,-24.533,23.089,-36.902
2026-01-27 11:08:12.014,11.312,-0.295,-121.527,-0.088,-0.162,0.020,-2.273,-0.177,-10.417,0.000,0.000,0.000,0.000,0.000,0.000,-11.248,-21.248,25.006,-40.825
2026-01-27 11:08:12.025,11.096,-0.508,-121.614,-0.228,-0.112,0.031,-2.503,-0.871,-9.747,0.000,0.000,0.000,0.000,0.000,0.000,-8.808,-18.808,24.469,-40.558
2026-01-27 11:08:12.045,11.196,-0.569,-121.599,0.248,0.002,-0.077,-2.507,-1.005,-9.369,0.000,0.000,0.000,0.000,0.000,0.000,-16.139,-26.139,24.372,-37.360
2026-01-27 11:08:12.066,11.670,-0.662,-121.471,0.350,-0.026,-0.131,-2.393,-0.129,-9.776,0.000,0.000,0.000,0.000,0.000,0.000,-18.473,-28.473,25.467,-37.308
2026-01-27 11:08:12.087,11.730,-0.752,-121.360,-0.097,-0.063,-0.186,-2.350,0.517,-9.896,0.000,0.000,0.000,0.000,0.000,0.000,-11.807,-21.807,26.938,-37.192
2026-01-27 11:08:12.108,11.533,-0.934,-121.073,-0.192,-0.072,-0.299,-1.962,0.479,-9.594,0.000,0.000,0.000,0.000,0.000,0.000,-10.076,-20.076,29.094,-35.907
2026-01-27 11:08:12.129,11.450,-1.092,-120.854,-0.065,-0.147,-0.326,-1.546,0.225,-9.522,0.000,0.000,0.000,0.000,0.000,0.000,-11.882,-21.882,29.973,-36.027
2026-01-27 11:08:12.150,11.419,-1.392,-120.554,-0.000,-0.175,-0.259,-1.378,0.043,-9.465,0.000,0.000,0.000,0.000,0.000,0.000,-12.841,-22.841,28.877,-37.123
2026-01-27 11:08:12.172,11.407,-1.605,-120.397,0.007,-0.121,-0.183,-1.383,0.081,-9.427,0.000,0.000,0.000,0.000,0.000,0.000,-12.960,-22.960,27.702,-38.298
2026-01-27 11:08:12.192,11.273,-1.671,-120.345,-0.167,-0.062,-0.079,-1.536,-0.488,-9.628,0.000,0.000,0.000,0.000,0.000,0.000,-10.122,-20.122,26.157,-39.843
2026-01-27 11:08:12.213,10.868,-1.654,-120.342,-0.391,0.079,-0.006,-2.019,-1.101,-9.077,0.000,0.000,0.000,0.000,0.000,0.000,-6.339,-16.339,23.511,-39.114
2026-01-27 11:08:12.234,10.864,-1.419,-120.196,0.104,0.249,-0.117,-2.005,-1.364,-9.039,0.000,0.000,0.000,0.000,0.000,0.000,-13.537,-23.537,22.425,-34.447
2026-01-27 11:08:12.255,11.101,-1.128,-119.903,0.191,0.245,-0.129,-2.383,-1.101,-9.384,0.000,0.000,0.000,0.000,0.000,0.000,-15.039,-25.039,22.392,-34.078
2026-01-27 11:08:12.265,11.139,-0.992,-119.659,0.017,0.236,-0.182,-2.460,-0.569,-9.570,0.000,0.000,0.000,0.000,0.000,0.000,-12.618,-22.618,22.956,-32.998
2026-01-27 11:08:12.287,11.093,-0.815,-119.213,-0.076,0.240,-0.303,-2.359,-0.273,-9.566,0.000,0.000,0.000,0.000,0.000,0.000,-11.137,-21.137,24.525,-30.801
2026-01-27 11:08:12.309,10.973,-0.660,-118.548,-0.100,0.193,-0.365,-2.163,-0.278,-9.661,0.000,0.000,0.000,0.000,0.000,0.000,-10.685,-20.685,26.069,-30.351
2026-01-27 11:08:12.330,10.947,-0.618,-118.123,-0.045,0.146,-0.396,-1.876,-0.067,-9.685,0.000,0.000,0.000,0.000,0.000,0.000,-11.362,-21.362,27.187,-30.414
2026-01-27 11:08:12.350,11.000,-0.602,-117.445,0.047,0.092,-0.391,-1.680,0.158,-9.891,0.000,0.000,0.000,0.000,0.000,0.000,-12.768,-22.768,27.897,-31.294
2026-01-27 11:08:12.371,11.022,-0.675,-117.134,0.023,-0.016,-0.316,-1.589,0.234,-10.034,0.000,0.000,0.000,0.000,0.000,0.000,-12.506,-22.506,28.447,-34.168
2026-01-27 11:08:12.392,11.007,-0.865,-116.758,-0.014,-0.102,-0.227,-1.488,0.273,-9.934,0.000,0.000,0.000,0.000,0.000,0.000,-11.954,-21.954,28.528,-37.000
2026-01-27 11:08:12.412,11.018,-1.013,-116.625,0.018,-0.148,-0.157,-1.445,0.230,-9.810,0.000,0.000,0.000,0.000,0.000,0.000,-12.449,-22.449,27.640,-38.360
2026-01-27 11:08:12.433,11.027,-1.224,-116.507,0.037,-0.154,-0.093,-1.464,0.148,-9.738,0.000,0.000,0.000,0.000,0.000,0.000,-12.767,-22.767,26.609,-39.391
2026-01-27 11:08:12.454,11.108,-1.363,-116.451,0.082,-0.144,-0.067,-1.522,0.124,-9.709,0.000,0.000,0.000,0.000,0.000,0.000,-13.577,-23.577,26.150,-39.850
2026-01-27 11:08:12.475,11.122,-1.538,-116.398,0.023,-0.136,-0.054,-1.651,0.144,-9.690,0.000,0.000,0.000,0.000,0.000,0.000,-12.733,-22.733,25.895,-40.105
2026-01-27 11:08:12.495,11.102,-1.632,-116.371,-0.027,-0.111,-0.053,-1.598,0.153,-9.575,0.000,0.000,0.000,0.000,0.000,0.000,-11.962,-21.962,25.861,-40.139
2026-01-27 11:08:12.516,11.015,-1.742,-116.345,-0.051,-0.086,-0.038,-1.598,0.062,-9.484,0.000,0.000,0.000,0.000,0.000,0.000,-11.458,-21.458,25.642,-40.358
2026-01-27 11:08:12.526,10.955,-1.810,-116.365,-0.039,-0.082,-0.003,-1.574,-0.038,-9.408,0.000,0.000,0.000,0.000,0.000,0.000,-11.581,-21.581,25.116,-40.884
2026-01-27 11:08:12.547,10.934,-1.887,-116.413,0.002,-0.097,0.030,-1.589,-0.153,-9.374,0.000,0.000,0.000,0.000,0.000,0.000,-12.154,-22.154,24.609,-41.391
2026-01-27 11:08:12.568,10.961,-1.972,-116.506,0.027,-0.102,0.059,-1.694,-0.297,-9.374,0.000,0.000,0.000,0.000,0.000,0.000,-12.539,-22.539,24.157,-41.843
2026-01-27 11:08:12.589,10.967,-2.017,-116.580,0.020,-0.076,0.081,-1.766,-0.397,-9.379,0.000,0.000,0.000,0.000,0.000,0.000,-12.487,-22.487,23.787,-42.213
2026-01-27 11:08:12.610,10.957,-2.033,-116.689,-0.011,-0.039,0.089,-1.847,-0.483,-9.350,0.000,0.000,0.000,0.000,0.000,0.000,-12.020,-22.020,23.657,-42.343
2026-01-27 11:08:12.632,10.960,-2.010,-116.733,0.006,-0.000,0.079,-1.933,-0.502,-9.403,0.000,0.000,0.000,0.000,0.000,0.000,-12.269,-22.269,23.824,-42.176
2026-01-27 11:08:12.653,10.982,-1.953,-116.768,0.022,0.033,0.065,-2.005,-0.560,-9.484,0.000,0.000,0.000,0.000,0.000,0.000,-12.531,-22.531,23.514,-41.439
2026-01-27 11:08:12.673,11.010,-1.881,-116.754,0.020,0.060,0.045,-2.062,-0.589,-9.585,0.000,0.000,0.000,0.000,0.000,0.000,-12.543,-22.543,23.301,-40.594
2026-01-27 11:08:12.694,11.011,-1.797,-116.700,0.000,0.068,0.019,-2.043,-0.598,-9.661,0.000,0.000,0.000,0.000,0.000,0.000,-12.229,-22.229,23.489,-39.975
2026-01-27 11:08:12.715,11.000,-1.772,-116.633,-0.016,0.038,0.000,-2.010,-0.574,-9.666,0.000,0.000,0.000,0.000,0.000,0.000,-11.974,-21.974,24.171,-40.045
2026-01-27 11:08:12.735,11.013,-1.794,-116.542,0.016,-0.007,-0.018,-2.005,-0.550,-9.666,0.000,0.000,0.000,0.000,0.000,0.000,-12.467,-22.467,25.139,-40.483
2026-01-27 11:08:12.756,11.064,-1.848,-116.457,0.042,-0.035,-0.033,-2.000,-0.531,-9.695,0.000,0.000,0.000,0.000,0.000,0.000,-12.945,-22.945,25.506,-40.494
2026-01-27 11:08:12.777,11.089,-1.933,-116.335,0.025,-0.045,-0.054,-1.938,-0.469,-9.695,0.000,0.000,0.000,0.000,0.000,0.000,-12.732,-22.732,25.798,-40.202
2026-01-27 11:08:12.788,11.080,-1.998,-116.223,-0.015,-0.050,-0.061,-1.900,-0.459,-9.537,0.000,0.000,0.000,0.000,0.000,0.000,-12.136,-22.136,25.867,-40.133
2026-01-27 11:08:12.810,11.039,-2.094,-116.091,-0.031,-0.054,-0.051,-1.847,-0.459,-9.537,0.000,0.000,0.000,0.000,0.000,0.000,-11.863,-21.863,25.716,-40.284
2026-01-27 11:08:12.831,11.053,-2.157,-116.016,0.005,-0.054,-0.049,-1.866,-0.306,-9.479,0.000,0.000,0.000,0.000,0.000,0.000,-12.411,-22.411,25.654,-40.346
2026-01-27 11:08:12.851,11.080,-2.221,-115.921,0.023,-0.040,-0.048,-1.876,-0.306,-9.479,0.000,0.000,0.000,0.000,0.000,0.000,-12.732,-22.732,25.605,-40.395
2026-01-27 11:08:12.872,11.093,-2.243,-115.865,0.014,-0.020,-0.030,-1.876,-0.306,-9.527,0.000,0.000,0.000,0.000,0.000,0.000,-12.609,-22.609,25.321,-40.679
2026-01-27 11:08:12.893,11.100,-2.267,-115.805,0.000,-0.013,-0.012,-1.890,-0.397,-9.546,0.000,0.000,0.000,0.000,0.000,0.000,-12.416,-22.416,25.038,-40.962
2026-01-27 11:08:12.914,11.100,-2.271,-115.767,0.000,-0.002,0.002,-1.890,-0.397,-9.551,0.000,0.000,0.000,0.000,0.000,0.000,-12.415,-22.415,24.830,-41.170
2026-01-27 11:08:12.934,11.099,-2.262,-115.733,-0.002,0.007,0.009,-1.890,-0.450,-9.470,0.000,0.000,0.000,0.000,0.000,0.000,-12.380,-22.380,24.738,-41.262
2026-01-27 11:08:12.956,11.130,-2.263,-115.673,0.017,0.003,-0.005,-1.890,-0.450,-9.470,0.000,0.000,0.000,0.000,0.000,0.000,-12.690,-22.690,24.939,-41.061
2026-01-27 11:08:12.977,11.157,-2.268,-115.631,0.032,-0.003,-0.013,-1.890,-0.498,-9.518,0.000,0.000,0.000,0.000,0.000,0.000,-12.984,-22.984,25.028,-40.972
2026-01-27 11:08:12.998,11.194,-2.274,-115.560,0.027,0.001,-0.011,-1.890,-0.498,-9.518,0.000,0.000,0.000,0.000,0.000,0.000,-12.939,-22.939,24.984,-41.016
2026-01-27 11:08:13.008,11.201,-2.271,-115.517,0.007,0.011,-0.004,-1.895,-0.517,-9.556,0.000,0.000,0.000,0.000,0.000,0.000,-12.686,-22.686,24.879,-41.121
2026-01-27 11:08:13.029,11.206,-2.249,-115.445,0.002,0.023,-0.002,-1.919,-0.526,-9.570,0.000,0.000,0.000,0.000,0.000,0.000,-12.616,-22.616,24.849,-41.151
2026-01-27 11:08:13.050,11.213,-2.235,-115.384,0.007,0.026,-0.021,-1.861,-0.440,-9.527,0.000,0.000,0.000,0.000,0.000,0.000,-12.701,-22.701,25.102,-40.820
2026-01-27 11:08:13.071,11.225,-2.224,-115.260,0.014,0.021,-0.044,-1.838,-0.368,-9.542,0.000,0.000,0.000,0.000,0.000,0.000,-12.814,-22.814,25.476,-40.524
2026-01-27 11:08:13.093,11.232,-2.218,-115.196,0.010,0.017,-0.032,-1.881,-0.373,-9.575,0.000,0.000,0.000,0.000,0.000,0.000,-12.760,-22.760,25.298,-40.702
2026-01-27 11:08:13.114,11.261,-2.203,-115.130,0.023,0.015,0.003,-1.914,-0.378,-9.570,0.000,0.000,0.000,0.000,0.000,0.000,-12.999,-22.999,24.766,-41.234
2026-01-27 11:08:13.135,11.285,-2.186,-115.119,0.028,0.016,0.029,-1.957,-0.373,-9.594,0.000,0.000,0.000,0.000,0.000,0.000,-13.113,-23.113,24.373,-41.627
2026-01-27 11:08:13.159,11.337,-2.145,-115.104,0.035,0.029,0.033,-1.943,-0.364,-9.618,0.000,0.000,0.000,0.000,0.000,0.000,-13.281,-23.281,24.085,-41.479
2026-01-27 11:08:13.179,11.353,-2.120,-115.085,0.020,0.026,0.018,-1.957,-0.383,-9.618,0.000,0.000,0.000,0.000,0.000,0.000,-13.101,-23.101,24.303,-41.256
2026-01-27 11:08:13.189,11.349,-2.110,-115.043,-0.007,0.004,0.009,-1.943,-0.479,-9.575,0.000,0.000,0.000,0.000,0.000,0.000,-12.677,-22.677,24.673,-41.327
2026-01-27 11:08:13.210,11.368,-2.121,-115.014,0.020,-0.010,0.004,-1.943,-0.479,-9.580,0.000,0.000,0.000,0.000,0.000,0.000,-13.125,-23.125,24.724,-41.276
2026-01-27 11:08:13.231,11.419,-2.143,-114.963,0.040,-0.013,0.000,-1.924,-0.469,-9.594,0.000,0.000,0.000,0.000,0.000,0.000,-13.516,-23.516,24.756,-41.244
2026-01-27 11:08:13.252,11.441,-2.157,-114.926,0.027,-0.012,-0.007,-1.924,-0.469,-9.633,0.000,0.000,0.000,0.000,0.000,0.000,-13.338,-23.338,24.855,-41.145
2026-01-27 11:08:13.273,11.450,-2.187,-114.854,0.001,-0.014,-0.017,-1.909,-0.397,-9.618,0.000,0.000,0.000,0.000,0.000,0.000,-12.972,-22.972,24.984,-41.016
2026-01-27 11:08:13.294,11.443,-2.201,-114.801,-0.003,-0.007,-0.028,-1.909,-0.397,-9.570,0.000,0.000,0.000,0.000,0.000,0.000,-12.898,-22.898,25.143,-40.857
2026-01-27 11:08:13.315,11.442,-2.212,-114.701,0.001,0.004,-0.033,-1.938,-0.335,-9.566,0.000,0.000,0.000,0.000,0.000,0.000,-12.960,-22.960,25.221,-40.779
2026-01-27 11:08:13.336,11.449,-2.209,-114.655,0.013,0.010,-0.016,-1.938,-0.335,-9.609,0.000,0.000,0.000,0.000,0.000,0.000,-13.148,-23.148,24.962,-41.038
2026-01-27 11:08:13.357,11.455,-2.208,-114.622,0.001,-0.003,0.013,-1.995,-0.354,-9.604,0.000,0.000,0.000,0.000,0.000,0.000,-12.981,-22.981,24.528,-41.472
2026-01-27 11:08:13.378,11.452,-2.226,-114.631,-0.006,-0.026,0.035,-1.995,-0.354,-9.522,0.000,0.000,0.000,0.000,0.000,0.000,-12.866,-22.866,24.189,-41.811
2026-01-27 11:08:13.398,11.493,-2.260,-114.641,0.035,-0.032,0.030,-2.010,-0.488,-9.508,0.000,0.000,0.000,0.000,0.000,0.000,-13.563,-23.563,24.237,-41.763
2026-01-27 11:08:13.409,11.531,-2.285,-114.636,0.046,-0.033,0.016,-2.010,-0.488,-9.542,0.000,0.000,0.000,0.000,0.000,0.000,-13.779,-23.779,24.421,-41.579
2026-01-27 11:08:13.430,11.593,-2.341,-114.606,0.040,-0.042,0.002,-1.986,-0.546,-9.585,0.000,0.000,0.000,0.000,0.000,0.000,-13.808,-23.808,24.579,-41.421
2026-01-27 11:08:13.451,11.605,-2.397,-114.576,0.019,-0.052,-0.005,-1.986,-0.546,-9.570,0.000,0.000,0.000,0.000,0.000,0.000,-13.506,-23.506,24.670,-41.330
2026-01-27 11:08:13.473,11.629,-2.461,-114.519,0.010,-0.045,-0.014,-1.938,-0.507,-9.542,0.000,0.000,0.000,0.000,0.000,0.000,-13.406,-23.406,24.765,-41.235
2026-01-27 11:08:13.493,11.634,-2.484,-114.460,0.011,-0.014,-0.023,-1.938,-0.507,-9.546,0.000,0.000,0.000,0.000,0.000,0.000,-13.432,-23.432,24.899,-41.101
2026-01-27 11:08:13.514,11.645,-2.486,-114.362,0.005,0.010,-0.031,-1.890,-0.392,-9.566,0.000,0.000,0.000,0.000,0.000,0.000,-13.369,-23.369,25.006,-40.994
2026-01-27 11:08:13.535,11.636,-2.484,-114.290,-0.005,0.014,-0.026,-1.890,-0.392,-9.609,0.000,0.000,0.000,0.000,0.000,0.000,-13.195,-23.195,24.930,-41.070
2026-01-27 11:08:13.566,11.611,-2.481,-114.245,-0.015,0.004,-0.009,-1.943,-0.330,-9.585,0.000,0.000,0.000,0.000,0.000,0.000,-13.009,-23.009,24.688,-41.312
2026-01-27 11:08:13.576,11.606,-2.496,-114.234,-0.005,-0.015,0.010,-1.943,-0.330,-9.499,0.000,0.000,0.000,0.000,0.000,0.000,-13.149,-23.149,24.413,-41.587
2026-01-27 11:08:13.597,11.644,-2.515,-114.243,0.033,-0.026,0.019,-2.096,-0.383,-9.499,0.000,0.000,0.000,0.000,0.000,0.000,-13.788,-23.788,24.245,-41.755
2026-01-27 11:08:13.618,11.703,-2.539,-114.266,0.052,-0.028,0.034,-2.096,-0.383,-9.532,0.000,0.000,0.000,0.000,0.000,0.000,-14.168,-24.168,23.987,-42.013
2026-01-27 11:08:13.639,11.685,-2.538,-114.316,-0.020,-0.014,0.059,-2.072,-0.546,-9.532,0.000,0.000,0.000,0.000,0.000,0.000,-13.052,-23.052,23.628,-42.372
2026-01-27 11:08:13.650,11.686,-2.529,-114.320,-0.003,0.001,0.033,-2.072,-0.627,-9.537,0.000,0.000,0.000,0.000,0.000,0.000,-13.309,-23.309,24.014,-41.986
2026-01-27 11:08:13.681,11.685,-2.531,-114.305,-0.002,-0.002,0.022,-2.077,-0.656,-9.537,0.000,0.000,0.000,0.000,0.000,0.000,-13.325,-23.325,24.173,-41.827
2026-01-27 11:08:13.692,11.691,-2.536,-114.288,-0.000,-0.006,0.014,-2.034,-0.665,-9.527,0.000,0.000,0.000,0.000,0.000,0.000,-13.366,-23.366,24.297,-41.703
2026-01-27 11:08:13.713,11.727,-2.576,-114.226,0.021,-0.019,-0.005,-2.010,-0.613,-9.527,0.000,0.000,0.000,0.000,0.000,0.000,-13.751,-23.751,24.552,-41.448
2026-01-27 11:08:13.733,11.756,-2.606,-114.166,0.030,-0.021,-0.039,-1.962,-0.555,-9.542,0.000,0.000,0.000,0.000,0.000,0.000,-13.923,-23.923,25.042,-40.958
2026-01-27 11:08:13.754,11.751,-2.642,-114.040,0.000,-0.011,-0.059,-1.943,-0.522,-9.542,0.000,0.000,0.000,0.000,0.000,0.000,-13.469,-23.469,25.320,-40.680
2026-01-27 11:08:13.775,11.738,-2.654,-113.970,-0.014,0.001,-0.052,-1.933,-0.479,-9.599,0.000,0.000,0.000,0.000,0.000,0.000,-13.243,-23.243,25.226,-40.774
2026-01-27 11:08:13.796,11.755,-2.666,-113.893,0.014,0.005,-0.029,-1.971,-0.392,-9.599,0.000,0.000,0.000,0.000,0.000,0.000,-13.688,-23.688,24.862,-41.138
2026-01-27 11:08:13.817,11.760,-2.673,-113.864,0.005,-0.004,-0.010,-1.986,-0.416,-9.561,0.000,0.000,0.000,0.000,0.000,0.000,-13.567,-23.567,24.571,-41.429
2026-01-27 11:08:13.838,11.752,-2.700,-113.841,-0.004,-0.016,0.001,-1.991,-0.421,-9.561,0.000,0.000,0.000,0.000,0.000,0.000,-13.413,-23.413,24.405,-41.595
2026-01-27 11:08:13.859,11.755,-2.715,-113.830,-0.001,-0.017,0.000,-2.019,-0.474,-9.451,0.000,0.000,0.000,0.000,0.000,0.000,-13.468,-23.468,24.415,-41.585
2026-01-27 11:08:13.911,11.768,-2.735,-113.805,0.010,-0.015,0.000,-1.976,-0.498,-9.451,0.000,0.000,0.000,0.000,0.000,0.000,-13.652,-23.652,24.399,-41.601
2026-01-27 11:08:13.932,11.781,-2.742,-113.790,0.015,-0.006,0.000,-1.981,-0.546,-9.446,0.000,0.000,0.000,0.000,0.000,0.000,-13.751,-23.751,24.394,-41.606
2026-01-27 11:08:13.953,11.797,-2.739,-113.755,0.010,0.002,-0.005,-1.991,-0.507,-9.446,0.000,0.000,0.000,0.000,0.000,0.000,-13.697,-23.697,24.472,-41.528
2026-01-27 11:08:13.974,11.807,-2.744,-113.734,0.012,0.001,-0.005,-2.053,-0.526,-9.451,0.000,0.000,0.000,0.000,0.000,0.000,-13.745,-23.745,24.461,-41.539
2026-01-27 11:08:13.995,11.834,-2.745,-113.702,0.027,-0.001,0.000,-2.105,-0.565,-9.451,0.000,0.000,0.000,0.000,0.000,0.000,-14.043,-24.043,24.362,-41.638
2026-01-27 11:08:14.015,11.858,-2.742,-113.680,0.027,0.010,0.000,-2.086,-0.550,-9.546,0.000,0.000,0.000,0.000,0.000,0.000,-14.047,-24.047,24.358,-41.642
2026-01-27 11:08:14.036,11.906,-2.698,-113.611,0.029,0.045,-0.027,-2.048,-0.522,-9.546,0.000,0.000,0.000,0.000,0.000,0.000,-14.140,-24.140,24.784,-41.216
2026-01-27 11:08:14.057,11.935,-2.664,-113.558,0.029,0.045,-0.027,-2.015,-0.531,-9.613,0.000,0.000,0.000,0.000,0.000,0.000,-14.192,-24.192,24.748,-41.252
2026-01-27 11:08:14.078,11.933,-2.640,-113.476,0.005,0.012,-0.015,-1.971,-0.550,-9.613,0.000,0.000,0.000,0.000,0.000,0.000,-13.846,-23.846,24.555,-41.445
2026-01-27 11:08:14.099,11.938,-2.635,-113.438,0.005,0.012,-0.015,-2.034,-0.584,-9.623,0.000,0.000,0.000,0.000,0.000,0.000,-13.843,-23.843,24.580,-41.420
2026-01-27 11:08:14.110,11.980,-2.659,-113.390,0.021,-0.010,-0.010,-2.024,-0.512,-9.618,0.000,0.000,0.000,0.000,0.000,0.000,-14.150,-24.150,24.473,-41.527
2026-01-27 11:08:14.131,11.996,-2.677,-113.331,-0.001,-0.000,-0.028,-2.010,-0.431,-9.604,0.000,0.000,0.000,0.000,0.000,0.000,-14.178,-24.178,24.460,-41.540
2026-01-27 11:08:14.152,11.988,-2.686,-113.286,-0.001,-0.000,-0.028,-1.971,-0.407,-9.618,0.000,0.000,0.000,0.000,0.000,0.000,-13.830,-23.830,24.732,-41.268
2026-01-27 11:08:14.172,11.962,-2.698,-113.213,-0.013,-0.009,-0.019,-1.952,-0.440,-9.609,0.000,0.000,0.000,0.000,0.000,0.000,-13.530,-23.530,24.850,-41.150
2026-01-27 11:08:14.193,11.952,-2.715,-113.189,-0.013,-0.009,0.000,-1.957,-0.412,-9.556,0.000,0.000,0.000,0.000,0.000,0.000,-13.601,-23.601,24.323,-41.677
2026-01-27 11:08:14.214,11.954,-2.744,-113.176,0.012,-0.020,0.012,-1.995,-0.426,-9.522,0.000,0.000,0.000,0.000,0.000,0.000,-13.756,-23.756,24.318,-41.682
2026-01-27 11:08:14.234,11.959,-2.756,-113.176,0.012,-0.020,0.012,-2.029,-0.459,-9.479,0.000,0.000,0.000,0.000,0.000,0.000,-13.985,-23.985,24.130,-41.870
2026-01-27 11:08:14.276,11.953,-2.759,-113.181,-0.019,0.002,0.018,-2.019,-0.469,-9.432,0.000,0.000,0.000,0.000,0.000,0.000,-13.461,-23.461,24.034,-41.966
2026-01-27 11:08:14.297,11.938,-2.750,-113.177,-0.019,0.002,0.018,-2.062,-0.483,-9.451,0.000,0.000,0.000,0.000,0.000,0.000,-13.487,-23.487,24.046,-41.954
2026-01-27 11:08:14.318,11.960,-2.724,-113.165,0.025,0.020,0.011,-2.067,-0.507,-9.503,0.000,0.000,0.000,0.000,0.000,0.000,-14.217,-24.217,24.156,-41.844
2026-01-27 11:08:14.339,11.976,-2.706,-113.154,0.025,0.020,0.011,-2.077,-0.546,-9.518,0.000,0.000,0.000,0.000,0.000,0.000,-14.197,-24.197,24.155,-41.845
2026-01-27 11:08:14.359,11.988,-2.670,-113.134,0.002,0.025,0.016,-2.082,-0.550,-9.518,0.000,0.000,0.000,0.000,0.000,0.000,-13.876,-23.876,24.079,-41.921
2026-01-27 11:08:14.380,11.988,-2.651,-113.120,0.002,0.025,0.016,-2.082,-0.550,-9.532,0.000,0.000,0.000,0.000,0.000,0.000,-13.876,-23.876,24.088,-41.912
2026-01-27 11:08:14.390,12.005,-2.628,-113.090,0.023,0.017,0.004,-2.105,-0.531,-9.566,0.000,0.000,0.000,0.000,0.000,0.000,-14.274,-24.274,24.290,-41.710
2026-01-27 11:08:14.411,12.024,-2.614,-113.064,0.023,0.017,0.004,-2.096,-0.526,-9.623,0.000,0.000,0.000,0.000,0.000,0.000,-14.247,-24.247,24.260,-41.740
2026-01-27 11:08:14.431,12.019,-2.601,-113.004,-0.029,0.011,-0.012,-2.082,-0.502,-9.594,0.000,0.000,0.000,0.000,0.000,0.000,-13.355,-23.355,24.527,-41.473
2026-01-27 11:08:14.452,12.004,-2.600,-112.963,-0.029,0.011,-0.025,-2.029,-0.450,-9.575,0.000,0.000,0.000,0.000,0.000,0.000,-13.431,-23.431,24.705,-41.295
2026-01-27 11:08:14.473,12.001,-2.610,-112.895,-0.010,-0.003,-0.015,-2.048,-0.455,-9.613,0.000,0.000,0.000,0.000,0.000,0.000,-13.687,-23.687,24.536,-41.464
2026-01-27 11:08:14.494,11.985,-2.629,-112.864,-0.020,-0.022,0.000,-2.043,-0.469,-9.537,0.000,0.000,0.000,0.000,0.000,0.000,-13.703,-23.703,24.559,-41.441
2026-01-27 11:08:14.515,11.976,-2.658,-112.849,0.006,-0.026,0.001,-2.034,-0.459,-9.489,0.000,0.000,0.000,0.000,0.000,0.000,-13.920,-23.920,24.315,-41.685
2026-01-27 11:08:14.536,11.992,-2.679,-112.834,0.011,-0.007,0.006,-2.082,-0.483,-9.479,0.000,0.000,0.000,0.000,0.000,0.000,-13.943,-23.943,24.303,-41.697
2026-01-27 11:08:14.557,11.999,-2.682,-112.822,-0.009,0.011,0.010,-2.082,-0.474,-9.432,0.000,0.000,0.000,0.000,0.000,0.000,-13.736,-23.736,24.169,-41.831
2026-01-27 11:08:14.578,11.990,-2.665,-112.799,-0.009,0.011,-0.004,-2.067,-0.512,-9.432,0.000,0.000,0.000,0.000,0.000,0.000,-13.718,-23.718,24.421,-41.579
2026-01-27 11:08:14.598,11.993,-2.639,-112.754,0.007,0.027,-0.014,-2.048,-0.546,-9.446,0.000,0.000,0.000,0.000,0.000,0.000,-13.747,-23.747,24.392,-41.608
2026-01-27 11:08:14.619,12.002,-2.620,-112.719,0.007,0.027,-0.014,-2.024,-0.536,-9.484,0.000,0.000,0.000,0.000,0.000,0.000,-13.974,-23.974,24.540,-41.460
2026-01-27 11:08:14.640,12.019,-2.585,-112.680,0.017,0.036,-0.018,-2.038,-0.512,-9.532,0.000,0.000,0.000,0.000,0.000,0.000,-13.980,-23.980,24.575,-41.425
2026-01-27 11:08:14.650,12.077,-2.565,-112.716,0.017,0.036,-0.018,-1.952,-0.345,-9.455,0.000,0.000,0.000,0.000,0.000,0.000,-14.229,-24.229,24.588,-41.412
2026-01-27 11:08:14.671,12.287,-2.532,-112.754,0.201,-0.012,-0.006,-1.928,0.158,-9.690,0.000,0.000,0.000,0.000,0.000,0.000,-16.666,-26.666,24.704,-41.296
2026-01-27 11:08:14.691,12.421,-2.581,-112.837,0.201,-0.012,-0.006,-1.799,0.402,-9.843,0.000,0.000,0.000,0.000,0.000,0.000,-17.534,-27.534,24.248,-41.752
2026-01-27 11:08:14.713,12.292,-2.684,-113.114,-0.131,-0.127,0.079,-1.718,0.330,-9.589,0.000,0.000,0.000,0.000,0.000,0.000,-13.350,-23.350,23.430,-42.570
2026-01-27 11:08:14.733,12.207,-2.756,-113.304,-0.131,-0.127,0.079,-1.704,0.019,-9.465,0.000,0.000,0.000,0.000,0.000,0.000,-12.231,-22.231,23.007,-42.993
2026-01-27 11:08:14.754,12.220,-2.857,-113.682,0.044,-0.114,0.166,-1.799,-0.158,-9.446,0.000,0.000,0.000,0.000,0.000,0.000,-14.323,-24.323,22.466,-43.534
2026-01-27 11:08:14.775,12.255,-2.890,-113.941,0.044,-0.114,0.166,-1.952,-0.392,-9.384,0.000,0.000,0.000,0.000,0.000,0.000,-14.941,-24.941,21.628,-44.000
2026-01-27 11:08:14.796,12.199,-2.796,-114.376,-0.064,0.054,0.210,-1.995,-0.651,-9.302,0.000,0.000,0.000,0.000,0.000,0.000,-13.886,-23.886,20.992,-44.000
2026-01-27 11:08:14.817,12.145,-2.681,-114.620,-0.064,0.054,0.210,-2.125,-0.857,-9.293,0.000,0.000,0.000,0.000,0.000,0.000,-13.133,-23.133,21.097,-44.000
2026-01-27 11:08:14.838,12.100,-2.454,-114.915,-0.016,0.146,0.194,-2.259,-0.971,-9.379,0.000,0.000,0.000,0.000,0.000,0.000,-13.900,-23.900,19.774,-42.859
2026-01-27 11:08:14.859,12.093,-2.287,-115.200,-0.016,0.146,0.194,-2.335,-0.890,-9.551,0.000,0.000,0.000,0.000,0.000,0.000,-13.731,-23.731,19.645,-42.652
2026-01-27 11:08:14.880,12.138,-2.077,-115.455,0.020,0.108,0.157,-2.407,-0.919,-9.671,0.000,0.000,0.000,0.000,0.000,0.000,-14.299,-24.299,20.640,-42.321
2026-01-27 11:08:14.890,12.156,-1.977,-115.696,0.020,0.108,0.157,-2.440,-0.842,-9.723,0.000,0.000,0.000,0.000,0.000,0.000,-14.342,-24.342,20.398,-42.131
2026-01-27 11:08:14.911,12.196,-1.900,-115.910,0.044,0.019,0.065,-2.440,-0.727,-9.790,0.000,0.000,0.000,0.000,0.000,0.000,-14.816,-24.816,23.261,-41.935
2026-01-27 11:08:14.931,12.249,-1.912,-116.044,0.044,0.019,0.065,-2.388,-0.636,-9.786,0.000,0.000,0.000,0.000,0.000,0.000,-14.833,-24.833,22.975,-41.998
2026-01-27 11:08:14.953,12.270,-1.984,-116.142,0.000,-0.044,-0.033,-2.287,-0.598,-9.700,0.000,0.000,0.000,0.000,0.000,0.000,-14.152,-24.152,25.019,-40.981
2026-01-27 11:08:14.973,12.287,-2.054,-116.195,0.000,-0.044,-0.033,-2.220,-0.483,-9.666,0.000,0.000,0.000,0.000,0.000,0.000,-14.250,-24.250,24.893,-41.107
2026-01-27 11:08:14.994,12.272,-2.167,-116.253,-0.003,-0.067,-0.051,-2.125,-0.378,-9.566,0.000,0.000,0.000,0.000,0.000,0.000,-14.207,-24.207,25.125,-40.875
2026-01-27 11:08:15.065,12.292,-2.253,-116.294,-0.003,-0.067,-0.051,-2.067,-0.316,-9.522,0.000,0.000,0.000,0.000,0.000,0.000,-14.230,-24.230,25.093,-40.907
2026-01-27 11:08:15.065,12.297,-2.377,-116.392,-0.004,-0.069,-0.014,-1.986,-0.316,-9.455,0.000,0.000,0.000,0.000,0.000,0.000,-14.221,-24.221,24.432,-41.568
2026-01-27 11:08:15.065,12.294,-2.436,-116.465,-0.004,-0.069,-0.014,-1.948,-0.335,-9.360,0.000,0.000,0.000,0.000,0.000,0.000,-14.237,-24.237,24.469,-41.531
2026-01-27 11:08:15.083,12.302,-2.515,-116.607,0.022,-0.054,0.021,-1.991,-0.368,-9.374,0.000,0.000,0.000,0.000,0.000,0.000,-14.748,-24.748,23.870,-42.130
2026-01-27 11:08:15.094,12.331,-2.554,-116.702,0.022,-0.054,0.032,-2.077,-0.368,-9.446,0.000,0.000,0.000,0.000,0.000,0.000,-14.706,-24.706,23.723,-42.277
2026-01-27 11:08:15.115,12.401,-2.590,-116.863,0.046,-0.019,0.033,-2.110,-0.373,-9.494,0.000,0.000,0.000,0.000,0.000,0.000,-15.173,-25.173,23.657,-42.343
2026-01-27 11:08:15.136,12.434,-2.591,-116.957,0.046,-0.019,0.026,-2.091,-0.402,-9.522,0.000,0.000,0.000,0.000,0.000,0.000,-15.223,-25.223,23.759,-42.241
2026-01-27 11:08:15.157,12.428,-2.558,-117.094,-0.025,0.025,0.032,-2.096,-0.455,-9.518,0.000,0.000,0.000,0.000,0.000,0.000,-14.068,-24.068,23.664,-42.336
2026-01-27 11:08:15.178,12.416,-2.535,-117.185,0.004,0.025,0.045,-2.149,-0.531,-9.537,0.000,0.000,0.000,0.000,0.000,0.000,-14.566,-24.566,23.499,-42.501
2026-01-27 11:08:15.198,12.259,-2.511,-117.341,-0.291,0.009,0.076,-2.488,-1.392,-9.786,0.000,0.000,0.000,0.000,0.000,0.000,-9.111,-19.111,23.052,-42.948
2026-01-27 11:08:15.220,12.047,-2.469,-117.405,-0.184,0.140,0.004,-2.474,-1.455,-9.168,0.000,0.000,0.000,0.000,0.000,0.000,-11.152,-21.152,22.814,-40.215
2026-01-27 11:08:15.230,12.022,-2.275,-117.276,0.206,0.224,-0.150,-2.598,-1.373,-9.250,0.000,0.000,0.000,0.000,0.000,0.000,-16.942,-26.942,23.665,-36.278
2026-01-27 11:08:15.251,12.205,-2.083,-116.999,0.054,0.182,-0.170,-2.651,-0.790,-9.513,0.000,0.000,0.000,0.000,0.000,0.000,-17.150,-27.150,23.452,-36.109
2026-01-27 11:08:15.272,12.213,-2.035,-116.676,-0.062,0.141,-0.223,-2.440,-0.412,-9.484,0.000,0.000,0.000,0.000,0.000,0.000,-13.206,-23.206,25.624,-36.070
2026-01-27 11:08:15.293,12.202,-1.967,-116.255,0.028,0.093,-0.268,-2.321,-0.316,-9.551,0.000,0.000,0.000,0.000,0.000,0.000,-13.144,-23.144,25.587,-35.965
2026-01-27 11:08:15.314,12.225,-1.983,-115.985,0.052,0.039,-0.257,-2.153,-0.148,-9.618,0.000,0.000,0.000,0.000,0.000,0.000,-14.930,-24.930,27.589,-36.988
2026-01-27 11:08:15.335,12.300,-2.045,-115.538,0.029,0.001,-0.230,-1.995,-0.010,-9.656,0.000,0.000,0.000,0.000,0.000,0.000,-14.648,-24.648,27.777,-38.223
2026-01-27 11:08:15.356,12.333,-2.091,-115.298,0.043,-0.002,-0.215,-1.871,0.024,-9.637,0.000,0.000,0.000,0.000,0.000,0.000,-14.966,-24.966,27.591,-38.409
2026-01-27 11:08:15.377,12.377,-2.160,-114.958,0.020,-0.002,-0.170,-1.814,0.000,-9.666,0.000,0.000,0.000,0.000,0.000,0.000,-14.654,-24.654,26.763,-39.237
2026-01-27 11:08:15.398,12.389,-2.182,-114.799,0.014,0.006,-0.125,-1.708,-0.019,-9.652,0.000,0.000,0.000,0.000,0.000,0.000,-14.630,-24.630,26.177,-39.823
2026-01-27 11:08:15.419,12.394,-2.195,-114.617,0.005,0.010,-0.078,-1.727,-0.057,-9.642,0.000,0.000,0.000,0.000,0.000,0.000,-14.490,-24.490,25.350,-40.650
2026-01-27 11:08:15.440,12.394,-2.195,-114.542,0.014,0.001,-0.040,-1.751,-0.024,-9.637,0.000,0.000,0.000,0.000,0.000,0.000,-14.639,-24.639,24.907,-41.093
2026-01-27 11:08:15.450,12.378,-2.196,-114.492,-0.018,-0.014,-0.017,-1.861,0.005,-9.604,0.000,0.000,0.000,0.000,0.000,0.000,-14.054,-24.054,24.505,-41.495
2026-01-27 11:08:15.471,12.360,-2.206,-114.480,0.013,-0.031,-0.018,-1.857,0.014,-9.542,0.000,0.000,0.000,0.000,0.000,0.000,-14.572,-24.572,24.583,-41.417
2026-01-27 11:08:15.492,12.336,-2.236,-114.481,-0.027,-0.034,0.007,-1.928,-0.105,-9.499,0.000,0.000,0.000,0.000,0.000,0.000,-13.843,-23.843,24.137,-41.863
2026-01-27 11:08:15.514,12.271,-2.214,-114.558,0.005,-0.001,0.051,-1.991,-0.340,-9.369,0.000,0.000,0.000,0.000,0.000,0.000,-14.321,-24.321,0.000,-6.000
2026-01-27 11:08:15.535,12.272,-2.176,-114.607,0.010,0.007,0.059,-2.043,-0.378,-9.475,0.000,0.000,0.000,0.000,0.000,0.000,-14.382,-24.382,23.478,-42.522
2026-01-27 11:08:15.566,12.278,-2.152,-114.627,0.007,0.006,0.056,-2.101,-0.464,-9.436,0.000,0.000,0.000,0.000,0.000,0.000,-14.358,-24.358,23.521,-42.479
2026-01-27 11:08:15.577,12.295,-2.080,-114.623,0.022,0.053,0.052,-2.196,-0.550,-9.288,0.000,0.000,0.000,0.000,0.000,0.000,-14.591,-24.591,22.867,-41.683
2026-01-27 11:08:15.598,12.293,-2.008,-114.591,-0.015,0.088,0.030,-2.263,-0.589,-9.522,0.000,0.000,0.000,0.000,0.000,0.000,-14.031,-24.031,22.547,-40.619
2026-01-27 11:08:15.620,12.298,-1.922,-114.498,0.016,0.045,-0.005,-2.158,-0.421,-9.656,0.000,0.000,0.000,0.000,0.000,0.000,-14.494,-24.494,23.644,-40.614
2026-01-27 11:08:15.630,12.330,-1.916,-114.438,0.045,0.000,-0.020,-2.172,-0.440,-9.690,0.000,0.000,0.000,0.000,0.000,0.000,-14.976,-24.976,24.502,-41.042
2026-01-27 11:08:15.651,12.359,-1.950,-114.351,0.002,-0.029,-0.014,-2.144,-0.479,-9.671,0.000,0.000,0.000,0.000,0.000,0.000,-14.377,-24.377,24.616,-41.384
2026-01-27 11:08:15.672,12.368,-1.986,-114.300,0.016,-0.035,-0.020,-2.101,-0.488,-9.575,0.000,0.000,0.000,0.000,0.000,0.000,-14.610,-24.610,24.689,-41.311
2026-01-27 11:08:15.694,12.392,-2.034,-114.207,0.017,-0.020,-0.025,-2.115,-0.440,-9.585,0.000,0.000,0.000,0.000,0.000,0.000,-14.652,-24.652,24.733,-41.267
2026-01-27 11:08:15.715,12.389,-2.043,-114.154,-0.015,0.010,-0.016,-2.120,-0.373,-9.570,0.000,0.000,0.000,0.000,0.000,0.000,-14.186,-24.186,24.403,-41.212
2026-01-27 11:08:15.737,12.356,-2.035,-114.071,-0.026,0.016,-0.019,-2.120,-0.268,-9.551,0.000,0.000,0.000,0.000,0.000,0.000,-14.002,-24.002,24.359,-41.057
2026-01-27 11:08:15.758,12.374,-2.032,-114.023,0.037,0.002,-0.034,-2.082,-0.234,-9.441,0.000,0.000,0.000,0.000,0.000,0.000,-14.944,-24.944,24.782,-41.027
2026-01-27 11:08:15.779,12.386,-2.051,-113.962,-0.009,-0.012,-0.014,-2.149,-0.215,-9.460,0.000,0.000,0.000,0.000,0.000,0.000,-14.280,-24.280,24.562,-41.438
2026-01-27 11:08:15.799,12.421,-2.051,-113.938,0.053,-0.005,-0.006,-2.062,-0.215,-9.446,0.000,0.000,0.000,0.000,0.000,0.000,-15.258,-25.258,24.434,-41.566
2026-01-27 11:08:15.810,12.459,-2.069,-113.931,0.014,-0.016,0.018,-2.125,-0.349,-9.489,0.000,0.000,0.000,0.000,0.000,0.000,-14.725,-24.725,24.045,-41.955
2026-01-27 11:08:15.831,12.467,-2.069,-113.939,0.004,-0.003,0.031,-2.101,-0.421,-9.489,0.000,0.000,0.000,0.000,0.000,0.000,-14.598,-24.598,23.848,-42.152
2026-01-27 11:08:15.852,12.499,-2.054,-113.921,0.034,0.015,0.001,-2.072,-0.397,-9.484,0.000,0.000,0.000,0.000,0.000,0.000,-15.076,-25.076,24.031,-41.451
2026-01-27 11:08:15.873,12.516,-2.025,-113.873,0.004,0.037,-0.017,-2.086,-0.349,-9.532,0.000,0.000,0.000,0.000,0.000,0.000,-14.670,-24.670,23.914,-40.793
2026-01-27 11:08:15.894,12.505,-1.970,-113.813,-0.012,0.046,-0.023,-2.067,-0.287,-9.551,0.000,0.000,0.000,0.000,0.000,0.000,-14.408,-24.408,23.849,-40.500
2026-01-27 11:08:15.915,12.503,-1.946,-113.759,0.004,0.031,-0.016,-2.048,-0.273,-9.599,0.000,0.000,0.000,0.000,0.000,0.000,-14.641,-24.641,23.914,-40.757
2026-01-27 11:08:15.935,12.507,-1.922,-113.741,0.007,0.012,0.016,-2.072,-0.301,-9.609,0.000,0.000,0.000,0.000,0.000,0.000,-14.687,-24.687,23.701,-41.490
2026-01-27 11:08:15.956,12.506,-1.915,-113.753,-0.001,0.000,0.038,-2.067,-0.292,-9.566,0.000,0.000,0.000,0.000,0.000,0.000,-14.563,-24.563,23.527,-41.980
2026-01-27 11:08:15.977,12.513,-1.908,-113.781,0.014,-0.006,0.037,-2.110,-0.354,-9.556,0.000,0.000,0.000,0.000,0.000,0.000,-14.798,-24.798,23.627,-42.051
2026-01-27 11:08:15.998,12.529,-1.908,-113.798,0.017,-0.011,0.039,-2.216,-0.435,-9.566,0.000,0.000,0.000,0.000,0.000,0.000,-14.870,-24.870,23.650,-42.151
2026-01-27 11:08:16.018,12.550,-1.906,-113.825,0.010,-0.003,0.042,-2.283,-0.459,-9.546,0.000,0.000,0.000,0.000,0.000,0.000,-14.793,-24.793,23.492,-42.075
2026-01-27 11:08:16.039,12.556,-1.897,-113.824,0.003,0.010,0.018,-2.273,-0.416,-9.527,0.000,0.000,0.000,0.000,0.000,0.000,-14.703,-24.703,23.640,-41.518
2026-01-27 11:08:16.060,12.544,-1.875,-113.776,-0.018,0.027,-0.011,-2.259,-0.388,-9.551,0.000,0.000,0.000,0.000,0.000,0.000,-14.359,-24.359,23.796,-40.781
2026-01-27 11:08:16.071,12.523,-1.862,-113.724,-0.034,0.025,-0.025,-2.187,-0.397,-9.479,0.000,0.000,0.000,0.000,0.000,0.000,-14.088,-24.088,24.034,-40.579
2026-01-27 11:08:16.092,12.505,-1.856,-113.645,0.014,0.000,-0.032,-2.149,-0.416,-9.451,0.000,0.000,0.000,0.000,0.000,0.000,-14.899,-24.899,24.597,-40.862
2026-01-27 11:08:16.113,12.528,-1.864,-113.595,0.027,-0.005,-0.022,-2.139,-0.368,-9.499,0.000,0.000,0.000,0.000,0.000,0.000,-15.007,-25.007,24.449,-41.065
2026-01-27 11:08:16.135,12.540,-1.876,-113.532,-0.017,0.012,-0.010,-2.105,-0.325,-9.460,0.000,0.000,0.000,0.000,0.000,0.000,-14.372,-24.372,24.008,-41.026
2026-01-27 11:08:16.156,12.516,-1.846,-113.476,-0.022,0.034,-0.007,-2.062,-0.316,-9.412,0.000,0.000,0.000,0.000,0.000,0.000,-14.273,-24.273,23.634,-40.696
2026-01-27 11:08:16.177,12.509,-1.808,-113.439,-0.003,0.063,-0.004,-2.077,-0.306,-9.455,0.000,0.000,0.000,0.000,0.000,0.000,-14.525,-24.525,23.103,-40.205
2026-01-27 11:08:16.198,12.521,-1.712,-113.388,-0.000,0.085,0.000,-2.082,-0.234,-9.542,0.000,0.000,0.000,0.000,0.000,0.000,-14.585,-24.585,22.526,-39.696
2026-01-27 11:08:16.219,12.511,-1.628,-113.337,0.003,0.065,0.000,-2.129,-0.201,-9.613,0.000,0.000,0.000,0.000,0.000,0.000,-14.607,-24.607,22.828,-39.946
2026-01-27 11:08:16.239,12.512,-1.597,-113.321,-0.003,0.026,0.011,-2.163,-0.225,-9.633,0.000,0.000,0.000,0.000,0.000,0.000,-14.508,-24.508,23.202,-40.605
2026-01-27 11:08:16.250,12.517,-1.577,-113.309,0.006,0.005,0.017,-2.192,-0.254,-9.585,0.000,0.000,0.000,0.000,0.000,0.000,-14.651,-24.651,23.388,-40.970
2026-01-27 11:08:16.271,12.531,-1.570,-113.301,0.019,0.007,0.005,-2.163,-0.244,-9.556,0.000,0.000,0.000,0.000,0.000,0.000,-14.870,-24.870,23.514,-40.754
2026-01-27 11:08:16.292,12.539,-1.553,-113.272,-0.005,0.016,-0.003,-2.134,-0.258,-9.546,0.000,0.000,0.000,0.000,0.000,0.000,-14.513,-24.513,23.491,-40.470
2026-01-27 11:08:16.313,12.534,-1.543,-113.255,-0.007,0.012,0.001,-2.172,-0.316,-9.542,0.000,0.000,0.000,0.000,0.000,0.000,-14.473,-24.473,23.483,-40.580
2026-01-27 11:08:16.333,12.534,-1.525,-113.235,0.004,0.013,0.014,-2.158,-0.282,-9.561,0.000,0.000,0.000,0.000,0.000,0.000,-14.649,-24.649,23.251,-40.718
2026-01-27 11:08:16.354,12.534,-1.514,-113.223,-0.012,0.013,0.001,-2.125,-0.191,-9.575,0.000,0.000,0.000,0.000,0.000,0.000,-14.407,-24.407,23.434,-40.510
2026-01-27 11:08:16.375,12.510,-1.514,-113.198,-0.018,-0.005,-0.003,-2.125,-0.278,-9.575,0.000,0.000,0.000,0.000,0.000,0.000,-14.271,-24.271,23.784,-40.711
2026-01-27 11:08:16.396,12.516,-1.531,-113.187,0.012,-0.030,-0.002,-2.110,-0.297,-9.561,0.000,0.000,0.000,0.000,0.000,0.000,-14.732,-24.732,24.150,-41.127
2026-01-27 11:08:16.417,12.539,-1.581,-113.178,0.019,-0.037,0.006,-2.163,-0.345,-9.566,0.000,0.000,0.000,0.000,0.000,0.000,-14.888,-24.888,24.180,-41.472
2026-01-27 11:08:16.438,12.546,-1.596,-113.167,0.001,-0.011,0.000,-2.153,-0.287,-9.527,0.000,0.000,0.000,0.000,0.000,0.000,-14.626,-24.626,23.886,-40.999
2026-01-27 11:08:16.459,12.540,-1.596,-113.129,-0.010,0.012,-0.009,-2.168,-0.340,-9.527,0.000,0.000,0.000,0.000,0.000,0.000,-14.455,-24.455,23.682,-40.532
2026-01-27 11:08:16.470,12.525,-1.589,-113.108,-0.026,0.013,-0.005,-2.163,-0.273,-9.518,0.000,0.000,0.000,0.000,0.000,0.000,-14.193,-24.193,23.618,-40.548
2026-01-27 11:08:16.491,12.504,-1.579,-113.070,-0.010,0.005,-0.012,-2.158,-0.220,-9.513,0.000,0.000,0.000,0.000,0.000,0.000,-14.397,-24.397,23.826,-40.538
2026-01-27 11:08:16.513,12.511,-1.591,-113.041,0.014,-0.012,-0.025,-2.125,-0.211,-9.522,0.000,0.000,0.000,0.000,0.000,0.000,-14.761,-24.761,24.284,-40.627
2026-01-27 11:08:16.533,12.522,-1.617,-112.996,0.000,-0.016,-0.018,-2.067,-0.215,-9.566,0.000,0.000,0.000,0.000,0.000,0.000,-14.575,-24.575,24.275,-40.839
2026-01-27 11:08:16.575,12.488,-1.642,-112.985,-0.030,-0.017,0.000,-2.038,-0.263,-9.522,0.000,0.000,0.000,0.000,0.000,0.000,-14.100,-24.100,24.044,-41.145
2026-01-27 11:08:16.585,12.478,-1.651,-112.998,-0.013,-0.019,0.021,-2.077,-0.321,-9.479,0.000,0.000,0.000,0.000,0.000,0.000,-14.317,-24.317,23.792,-41.523
2026-01-27 11:08:16.595,12.487,-1.655,-113.012,0.015,-0.009,0.020,-2.120,-0.273,-9.494,0.000,0.000,0.000,0.000,0.000,0.000,-14.739,-24.739,23.652,-41.358
2026-01-27 11:08:16.616,12.491,-1.649,-113.009,0.000,0.006,0.010,-2.158,-0.273,-9.537,0.000,0.000,0.000,0.000,0.000,0.000,-14.529,-24.529,23.576,-40.966
2026-01-27 11:08:16.648,12.486,-1.645,-112.990,-0.005,0.003,0.000,-2.168,-0.278,-9.527,0.000,0.000,0.000,0.000,0.000,0.000,-14.447,-24.447,23.764,-40.863
2026-01-27 11:08:16.658,12.486,-1.641,-112.980,-0.005,0.002,0.001,-2.158,-0.273,-9.522,0.000,0.000,0.000,0.000,0.000,0.000,-14.440,-24.440,23.761,-40.884
2026-01-27 11:08:16.679,12.471,-1.632,-112.968,-0.017,0.009,0.010,-2.125,-0.282,-9.537,0.000,0.000,0.000,0.000,0.000,0.000,-14.245,-24.245,23.536,-40.900
2026-01-27 11:08:16.700,12.467,-1.626,-112.962,-0.001,0.001,0.005,-2.110,-0.340,-9.537,0.000,0.000,0.000,0.000,0.000,0.000,-14.473,-24.473,23.707,-40.931
2026-01-27 11:08:16.710,12.470,-1.634,-112.953,0.002,-0.007,0.006,-2.129,-0.340,-9.551,0.000,0.000,0.000,0.000,0.000,0.000,-14.523,-24.523,23.824,-41.086
2026-01-27 11:08:16.752,12.463,-1.639,-112.943,-0.011,-0.005,0.000,-2.139,-0.292,-9.570,0.000,0.000,0.000,0.000,0.000,0.000,-14.325,-24.325,23.898,-40.969
2026-01-27 11:08:16.752,12.430,-1.682,-112.891,-0.010,-0.016,0.000,-2.163,-0.311,-9.570,0.000,0.000,0.000,0.000,0.000,0.000,-14.292,-24.292,0.000,-6.000
2026-01-27 11:08:16.773,12.397,-1.717,-112.838,-0.031,-0.026,-0.010,-2.158,-0.282,-9.566,0.000,0.000,0.000,0.000,0.000,0.000,-13.939,-23.939,24.453,-41.234
2026-01-27 11:08:16.794,12.431,-1.720,-112.789,0.037,-0.001,-0.022,-2.067,-0.335,-9.298,0.000,0.000,0.000,0.000,0.000,0.000,-15.002,-25.002,24.277,-40.706
2026-01-27 11:08:16.815,12.441,-1.707,-112.702,-0.003,0.020,-0.020,-2.158,-0.354,-9.518,0.000,0.000,0.000,0.000,0.000,0.000,-14.410,-24.410,23.916,-40.414
2026-01-27 11:08:16.836,12.428,-1.679,-112.654,-0.017,0.037,-0.009,-2.077,-0.354,-9.542,0.000,0.000,0.000,0.000,0.000,0.000,-14.178,-24.178,23.451,-40.263
2026-01-27 11:08:16.856,12.421,-1.682,-112.599,-0.002,-0.005,-0.005,-2.129,-0.196,-9.733,0.000,0.000,0.000,0.000,0.000,0.000,-14.395,-24.395,24.041,-40.944
2026-01-27 11:08:16.876,12.452,-1.708,-112.583,0.033,-0.030,-0.006,-2.091,-0.196,-9.642,0.000,0.000,0.000,0.000,0.000,0.000,-14.969,-24.969,24.444,-41.361
2026-01-27 11:08:16.898,12.433,-1.732,-112.557,-0.025,-0.014,-0.011,-2.086,-0.239,-9.613,0.000,0.000,0.000,0.000,0.000,0.000,-14.076,-24.076,24.307,-41.096
2026-01-27 11:08:16.929,12.400,-1.738,-112.534,-0.036,-0.004,-0.016,-2.038,-0.258,-9.522,0.000,0.000,0.000,0.000,0.000,0.000,-13.853,-23.853,24.266,-40.872
2026-01-27 11:08:16.939,12.395,-1.741,-112.513,0.002,-0.003,-0.003,-2.086,-0.282,-9.532,0.000,0.000,0.000,0.000,0.000,0.000,-14.421,-24.421,24.065,-41.053
2026-01-27 11:08:16.960,12.402,-1.737,-112.521,0.010,0.001,0.019,-2.115,-0.234,-9.542,0.000,0.000,0.000,0.000,0.000,0.000,-14.542,-24.542,23.656,-41.317
2026-01-27 11:08:16.971,12.402,-1.722,-112.542,-0.004,0.005,0.023,-2.168,-0.325,-9.542,0.000,0.000,0.000,0.000,0.000,0.000,-14.333,-24.333,23.511,-41.288
2026-01-27 11:08:16.992,12.397,-1.722,-112.549,-0.005,-0.004,0.014,-2.182,-0.325,-9.513,0.000,0.000,0.000,0.000,0.000,0.000,-14.310,-24.310,23.802,-41.289
2026-01-27 11:08:17.013,12.402,-1.734,-112.543,0.003,-0.012,0.002,-2.177,-0.349,-9.494,0.000,0.000,0.000,0.000,0.000,0.000,-14.448,-24.448,24.102,-41.251
2026-01-27 11:08:17.033,12.412,-1.734,-112.528,0.009,-0.000,-0.009,-2.163,-0.349,-9.503,0.000,0.000,0.000,0.000,0.000,0.000,-14.542,-24.542,24.079,-40.916
2026-01-27 11:08:17.054,12.418,-1.722,-112.484,0.001,0.017,-0.015,-2.153,-0.354,-9.518,0.000,0.000,0.000,0.000,0.000,0.000,-14.438,-24.438,23.902,-40.544
2026-01-27 11:08:17.075,12.429,-1.705,-112.441,0.002,0.019,-0.020,-2.153,-0.354,-9.561,0.000,0.000,0.000,0.000,0.000,0.000,-14.460,-24.460,23.937,-40.416
2026-01-27 11:08:17.096,12.439,-1.699,-112.407,0.010,0.013,-0.021,-2.129,-0.316,-9.594,0.000,0.000,0.000,0.000,0.000,0.000,-14.596,-24.596,24.026,-40.478
2026-01-27 11:08:17.118,12.460,-1.713,-112.371,0.018,-0.007,-0.015,-2.149,-0.335,-9.609,0.000,0.000,0.000,0.000,0.000,0.000,-14.747,-24.747,24.240,-40.905
2026-01-27 11:08:17.139,12.491,-1.745,-112.347,0.034,-0.028,-0.015,-2.153,-0.340,-9.613,0.000,0.000,0.000,0.000,0.000,0.000,-15.050,-25.050,24.561,-41.283
2026-01-27 11:08:17.160,12.486,-1.800,-112.318,-0.007,-0.030,-0.023,-2.115,-0.282,-9.585,0.000,0.000,0.000,0.000,0.000,0.000,-14.435,-24.435,24.753,-41.247
2026-01-27 11:08:17.171,12.469,-1.829,-112.269,-0.022,-0.026,-0.035,-2.120,-0.287,-9.465,0.000,0.000,0.000,0.000,0.000,0.000,-14.177,-24.177,24.923,-41.077
2026-01-27 11:08:17.191,12.466,-1.872,-112.209,0.002,-0.022,-0.046,-2.067,-0.268,-9.465,0.000,0.000,0.000,0.000,0.000,0.000,-14.549,-24.549,25.072,-40.928
2026-01-27 11:08:17.212,12.457,-1.901,-112.166,-0.011,-0.023,-0.037,-2.019,-0.263,-9.393,0.000,0.000,0.000,0.000,0.000,0.000,-14.340,-24.340,24.935,-41.065
2026-01-27 11:08:17.233,12.457,-1.933,-112.142,-0.000,-0.028,-0.022,-2.034,-0.282,-9.393,0.000,0.000,0.000,0.000,0.000,0.000,-14.505,-24.505,24.702,-41.298
2026-01-27 11:08:17.254,12.468,-1.938,-112.130,0.012,-0.003,-0.007,-2.024,-0.292,-9.475,0.000,0.000,0.000,0.000,0.000,0.000,-14.697,-24.697,24.307,-41.369
2026-01-27 11:08:17.275,12.468,-1.900,-112.123,-0.004,0.025,0.000,-2.000,-0.292,-9.475,0.000,0.000,0.000,0.000,0.000,0.000,-14.447,-24.447,23.756,-41.020
2026-01-27 11:08:17.295,12.459,-1.869,-112.122,0.001,0.031,0.009,-2.010,-0.335,-9.542,0.000,0.000,0.000,0.000,0.000,0.000,-14.517,-24.517,23.485,-40.970
2026-01-27 11:08:17.317,12.469,-1.829,-112.128,0.005,0.028,0.014,-2.034,-0.335,-9.542,0.000,0.000,0.000,0.000,0.000,0.000,-14.586,-24.586,23.421,-41.051
2026-01-27 11:08:17.338,12.436,-1.789,-112.135,-0.021,0.037,0.020,-2.101,-0.345,-9.470,0.000,0.000,0.000,0.000,0.000,0.000,-14.137,-24.137,23.136,-40.896
2026-01-27 11:08:17.359,12.413,-1.661,-112.115,-0.019,0.087,0.017,-2.101,-0.345,-9.470,0.000,0.000,0.000,0.000,0.000,0.000,-14.135,-24.135,22.361,-39.957
2026-01-27 11:08:17.380,12.414,-1.585,-112.091,0.002,0.095,0.004,-2.144,-0.316,-9.527,0.000,0.000,0.000,0.000,0.000,0.000,-14.435,-24.435,22.298,-39.416
2026-01-27 11:08:17.390,12.389,-1.499,-112.062,-0.022,0.069,0.012,-2.144,-0.316,-9.527,0.000,0.000,0.000,0.000,0.000,0.000,-14.029,-24.029,22.519,-39.804
2026-01-27 11:08:17.411,12.405,-1.466,-112.035,0.015,0.045,-0.007,-2.172,-0.215,-9.513,0.000,0.000,0.000,0.000,0.000,0.000,-14.600,-24.600,23.098,-39.773
2026-01-27 11:08:17.431,12.451,-1.439,-111.987,0.045,0.025,-0.018,-2.172,-0.215,-9.513,0.000,0.000,0.000,0.000,0.000,0.000,-15.103,-25.103,23.526,-39.903
2026-01-27 11:08:17.453,12.435,-1.414,-111.969,-0.019,0.033,-0.003,-2.144,-0.325,-9.537,0.000,0.000,0.000,0.000,0.000,0.000,-14.131,-24.131,23.135,-39.928
2026-01-27 11:08:17.473,12.386,-1.346,-111.979,-0.050,0.048,0.030,-2.153,-0.258,-9.537,0.000,0.000,0.000,0.000,0.000,0.000,-13.584,-23.584,22.362,-40.053
2026-01-27 11:08:17.495,12.371,-1.279,-111.994,-0.007,0.052,0.037,-2.153,-0.258,-9.532,0.000,0.000,0.000,0.000,0.000,0.000,-14.210,-24.210,22.141,-40.019
2026-01-27 11:08:17.515,12.364,-1.239,-112.000,-0.012,0.046,0.032,-2.134,-0.187,-9.484,0.000,0.000,0.000,0.000,0.000,0.000,-14.115,-24.115,22.259,-39.924
2026-01-27 11:08:17.536,12.314,-1.196,-111.971,-0.039,0.035,-0.017,-2.134,-0.187,-9.484,0.000,0.000,0.000,0.000,0.000,0.000,-13.651,-23.651,22.783,-39.634
2026-01-27 11:08:17.557,12.291,-1.188,-111.942,-0.031,0.020,-0.017,-2.077,-0.278,-9.499,0.000,0.000,0.000,0.000,0.000,0.000,-13.710,-23.710,23.358,-39.456
2026-01-27 11:08:17.579,12.274,-1.185,-111.905,-0.010,0.003,-0.011,-2.053,-0.325,-9.508,0.000,0.000,0.000,0.000,0.000,0.000,-14.008,-24.008,23.523,-39.799
2026-01-27 11:08:17.600,12.292,-1.198,-111.900,0.019,-0.010,0.006,-2.053,-0.335,-9.537,0.000,0.000,0.000,0.000,0.000,0.000,-14.463,-24.463,23.464,-40.272
2026-01-27 11:08:17.611,12.337,-1.207,-111.899,0.031,-0.003,0.015,-2.110,-0.301,-9.618,0.000,0.000,0.000,0.000,0.000,0.000,-14.714,-24.714,23.227,-40.338
2026-01-27 11:08:17.632,12.333,-1.200,-111.894,-0.005,0.009,0.011,-2.153,-0.234,-9.628,0.000,0.000,0.000,0.000,0.000,0.000,-14.160,-24.160,23.111,-40.083
2026-01-27 11:08:17.653,12.313,-1.194,-111.874,-0.017,0.011,-0.001,-2.168,-0.196,-9.604,0.000,0.000,0.000,0.000,0.000,0.000,-13.949,-23.949,23.258,-39.855
2026-01-27 11:08:17.674,12.295,-1.197,-111.854,-0.025,0.002,-0.011,-2.129,-0.196,-9.551,0.000,0.000,0.000,0.000,0.000,0.000,-13.813,-23.813,23.542,-39.840
2026-01-27 11:08:17.695,12.304,-1.219,-111.821,0.009,-0.012,-0.020,-2.115,-0.182,-9.518,0.000,0.000,0.000,0.000,0.000,0.000,-14.326,-24.326,23.915,-39.951
2026-01-27 11:08:17.716,12.321,-1.245,-111.802,0.019,-0.026,-0.019,-2.115,-0.182,-9.489,0.000,0.000,0.000,0.000,0.000,0.000,-14.513,-24.513,24.126,-40.225
2026-01-27 11:08:17.737,12.339,-1.278,-111.775,0.010,-0.016,-0.014,-2.058,-0.220,-9.465,0.000,0.000,0.000,0.000,0.000,0.000,-14.401,-24.401,23.931,-40.229
2026-01-27 11:08:17.757,12.328,-1.276,-111.763,-0.013,-0.000,-0.009,-2.058,-0.220,-9.432,0.000,0.000,0.000,0.000,0.000,0.000,-14.047,-24.047,23.613,-40.059
2026-01-27 11:08:17.779,12.325,-1.264,-111.736,-0.002,0.014,-0.006,-2.062,-0.220,-9.432,0.000,0.000,0.000,0.000,0.000,0.000,-14.201,-24.201,23.361,-39.859
2026-01-27 11:08:17.799,12.346,-1.247,-111.720,0.025,0.026,-0.005,-2.062,-0.220,-9.499,0.000,0.000,0.000,0.000,0.000,0.000,-14.632,-24.632,23.140,-39.676
2026-01-27 11:08:17.820,12.355,-1.204,-111.702,0.000,0.031,0.003,-2.120,-0.191,-9.537,0.000,0.000,0.000,0.000,0.000,0.000,-14.274,-24.274,22.878,-39.647
2026-01-27 11:08:17.830,12.354,-1.186,-111.700,0.000,0.021,0.004,-2.120,-0.191,-9.556,0.000,0.000,0.000,0.000,0.000,0.000,-14.272,-24.272,22.988,-39.778
2026-01-27 11:08:17.872,12.378,-1.165,-111.689,0.020,0.015,-0.001,-2.096,-0.239,-9.566,0.000,0.000,0.000,0.000,0.000,0.000,-14.612,-24.612,23.127,-39.763
2026-01-27 11:08:17.872,12.392,-1.152,-111.675,0.018,0.018,-0.004,-2.096,-0.239,-9.551,0.000,0.000,0.000,0.000,0.000,0.000,-14.599,-24.599,23.106,-39.647
2026-01-27 11:08:17.893,12.420,-1.126,-111.648,0.018,0.020,-0.007,-2.134,-0.191,-9.551,0.000,0.000,0.000,0.000,0.000,0.000,-14.641,-24.641,23.078,-39.529
2026-01-27 11:08:17.914,12.425,-1.101,-111.637,0.001,0.029,-0.003,-2.134,-0.191,-9.594,0.000,0.000,0.000,0.000,0.000,0.000,-14.389,-24.389,22.857,-39.423
2026-01-27 11:08:17.935,12.411,-1.073,-111.614,-0.007,0.025,-0.009,-2.072,-0.115,-9.575,0.000,0.000,0.000,0.000,0.000,0.000,-14.235,-24.235,22.976,-39.349
2026-01-27 11:08:17.955,12.419,-1.065,-111.587,0.006,0.013,-0.022,-2.072,-0.115,-9.585,0.000,0.000,0.000,0.000,0.000,0.000,-14.456,-24.456,23.347,-39.307
2026-01-27 11:08:17.977,12.431,-1.068,-111.560,0.014,0.002,-0.018,-2.015,-0.129,-9.589,0.000,0.000,0.000,0.000,0.000,0.000,-14.588,-24.588,23.440,-39.541
2026-01-27 11:08:17.997,12.436,-1.079,-111.562,0.007,-0.014,0.000,-2.015,-0.129,-9.580,0.000,0.000,0.000,0.000,0.000,0.000,-14.500,-24.500,23.418,-40.074
2026-01-27 11:08:18.018,12.435,-1.109,-111.598,-0.002,-0.030,0.019,-2.077,-0.144,-9.522,0.000,0.000,0.000,0.000,0.000,0.000,-14.358,-24.358,23.405,-40.656
2026-01-27 11:08:18.039,12.458,-1.122,-111.620,0.030,-0.022,0.013,-2.077,-0.144,-9.489,0.000,0.000,0.000,0.000,0.000,0.000,-14.875,-24.875,23.390,-40.478
2026-01-27 11:08:18.060,12.486,-1.130,-111.635,0.018,-0.004,0.003,-2.101,-0.187,-9.566,0.000,0.000,0.000,0.000,0.000,0.000,-14.744,-24.744,23.257,-40.087
2026-01-27 11:08:18.071,12.483,-1.127,-111.644,-0.001,-0.000,0.000,-2.101,-0.187,-9.585,0.000,0.000,0.000,0.000,0.000,0.000,-14.450,-24.450,23.240,-39.969
2026-01-27 11:08:18.092,12.498,-1.149,-111.653,0.016,-0.021,0.000,-2.105,-0.225,-9.532,0.000,0.000,0.000,0.000,0.000,0.000,-14.732,-24.732,23.577,-40.335
2026-01-27 11:08:18.113,12.541,-1.185,-111.671,0.040,-0.033,0.003,-2.105,-0.225,-9.475,0.000,0.000,0.000,0.000,0.000,0.000,-15.168,-25.168,23.721,-40.635
2026-01-27 11:08:18.134,12.619,-1.210,-111.691,0.065,-0.032,0.012,-2.129,-0.479,-9.475,0.000,0.000,0.000,0.000,0.000,0.000,-15.667,-25.667,23.563,-40.821
2026-01-27 11:08:18.155,12.743,-1.264,-111.726,0.114,-0.047,0.025,-2.129,-0.976,-9.499,0.000,0.000,0.000,0.000,0.000,0.000,-16.593,-26.593,23.592,-41.373
2026-01-27 11:08:18.177,12.991,-1.377,-111.791,0.217,-0.103,0.036,-2.469,-1.881,-9.499,0.000,0.000,0.000,0.000,0.000,0.000,-18.557,-28.557,23.781,-42.219
2026-01-27 11:08:18.198,13.607,-1.823,-111.938,0.573,-0.538,0.167,-2.469,-1.881,-9.810,0.000,0.000,0.000,0.000,0.000,0.000,-21.957,-31.957,22.763,-43.237
2026-01-27 11:08:18.220,14.111,-2.266,-112.100,0.573,-0.538,0.167,-3.637,-2.574,-10.140,0.000,0.000,0.000,0.000,0.000,0.000,-25.000,-35.000,20.991,-44.000
2026-01-27 11:08:18.241,15.171,-3.375,-112.354,0.722,-0.770,0.038,-3.637,-2.574,-10.140,0.000,0.000,0.000,0.000,0.000,0.000,-25.000,-35.000,20.672,-44.000
2026-01-27 11:08:18.251,15.813,-4.125,-112.428,0.722,-0.869,0.038,-4.154,-2.665,-10.154,0.000,0.000,0.000,0.000,0.000,0.000,-25.000,-35.000,21.328,-44.000
2026-01-27 11:08:18.272,16.709,-5.279,-112.282,0.429,-0.594,-0.207,-4.154,-2.665,-10.154,0.000,0.000,0.000,0.000,0.000,0.000,-25.000,-35.000,22.829,-43.171
2026-01-27 11:08:18.293,17.059,-5.905,-112.095,0.429,-0.594,-0.207,-3.651,-2.354,-9.723,0.000,0.000,0.000,0.000,0.000,0.000,-25.000,-35.000,23.510,-42.490
2026-01-27 11:08:18.314,17.234,-6.337,-111.631,-0.015,0.007,-0.172,-3.651,-2.354,-9.723,0.000,0.000,0.000,0.000,0.000,0.000,-24.263,-34.263,23.224,-42.776
2026-01-27 11:08:18.335,17.252,-6.370,-111.316,-0.015,0.007,-0.172,-3.359,-0.407,-9.436,0.000,0.000,0.000,0.000,0.000,0.000,-22.440,-32.440,22.644,-43.356
2026-01-27 11:08:18.355,17.095,-6.102,-110.683,-0.180,0.485,-0.230,-3.359,-0.407,-9.369,0.000,0.000,0.000,0.000,0.000,0.000,-21.683,-31.683,23.191,-42.809
2026-01-27 11:08:18.376,16.986,-5.704,-110.258,-0.180,0.485,-0.230,-2.957,1.014,-9.336,0.000,0.000,0.000,0.000,0.000,0.000,-19.426,-29.426,21.373,-39.372
2026-01-27 11:08:18.392,16.373,-4.901,-109.649,-0.431,0.787,-0.201,-2.957,1.014,-9.369,0.000,0.000,0.000,0.000,0.000,0.000,-15.873,-25.873,18.025,-35.339
2026-01-27 11:08:18.434,16.055,-4.203,-109.273,-0.431,0.787,-0.201,-2.723,1.555,-9.331,0.000,0.000,0.000,0.000,0.000,0.000,-13.950,-23.950,15.598,-32.064
2026-01-27 11:08:18.434,15.495,-3.278,-108.807,-0.344,0.594,-0.172,-2.723,1.646,-9.269,0.000,0.000,0.000,0.000,0.000,0.000,-13.575,-23.575,16.004,-31.662
2026-01-27 11:08:18.456,15.199,-2.802,-108.550,-0.344,0.594,-0.172,-2.531,1.498,-8.991,0.000,0.000,0.000,0.000,0.000,0.000,-13.727,-23.727,17.178,-32.468
2026-01-27 11:08:18.477,14.880,-2.182,-108.361,-0.227,0.372,-0.072,-2.531,1.110,-8.762,0.000,0.000,0.000,0.000,0.000,0.000,-14.762,-24.762,18.527,-34.311
2026-01-27 11:08:18.498,14.722,-1.814,-108.292,-0.227,0.372,-0.072,-2.345,0.636,-8.714,0.000,0.000,0.000,0.000,0.000,0.000,-14.621,-24.621,18.292,-35.293
2026-01-27 11:08:18.519,14.580,-1.180,-108.255,0.156,0.440,0.038,-2.483,0.081,-8.714,0.000,0.000,0.000,0.000,0.000,0.000,-20.809,-30.809,14.923,-34.709
2026-01-27 11:08:18.541,14.731,-0.715,-108.227,0.156,0.505,0.038,-2.933,-0.388,-9.709,0.000,0.000,0.000,0.000,0.000,0.000,-20.249,-30.249,13.491,-32.918
2026-01-27 11:08:18.551,15.284,-0.062,-108.159,0.292,0.404,0.005,-3.531,-0.479,-9.709,0.000,0.000,0.000,0.000,0.000,0.000,-22.859,-32.859,14.723,-32.846
2026-01-27 11:08:18.572,15.623,0.387,-108.050,0.292,0.404,0.005,-3.771,-0.268,-10.704,0.000,0.000,0.000,0.000,0.000,0.000,-23.556,-33.556,13.932,-32.142
2026-01-27 11:08:18.593,15.997,0.657,-107.502,0.297,0.296,-0.540,-3.775,-0.057,-10.704,0.000,0.000,0.000,0.000,0.000,0.000,-24.228,-34.228,24.226,-24.526
2026-01-27 11:08:18.614,16.295,0.800,-106.950,0.297,0.296,-0.540,-3.397,-0.182,-11.834,0.000,0.000,0.000,0.000,0.000,0.000,-24.629,-34.629,22.994,-24.975
2026-01-27 11:08:18.635,16.542,0.531,-105.772,0.032,-0.166,-0.834,-3.211,-0.325,-11.714,0.000,0.000,0.000,0.000,0.000,0.000,-20.645,-30.645,35.373,-28.669
2026-01-27 11:08:18.656,16.520,0.076,-104.982,0.032,-0.166,-0.834,-3.125,-0.392,-11.604,0.000,0.000,0.000,0.000,0.000,0.000,-21.076,-31.076,34.945,-28.925
2026-01-27 11:08:18.677,16.586,-0.783,-103.938,0.082,-0.562,-0.867,-2.728,-0.292,-11.355,0.000,0.000,0.000,0.000,0.000,0.000,-22.272,-32.272,36.093,-29.907
2026-01-27 11:08:18.698,16.535,-1.616,-103.239,0.082,-0.562,-0.867,-2.704,-0.311,-11.087,0.000,0.000,0.000,0.000,0.000,0.000,-22.051,-32.051,35.725,-30.275
2026-01-27 11:08:18.718,16.241,-2.851,-102.455,-0.328,-0.703,-0.713,-2.402,-0.249,-10.283,0.000,0.000,0.000,0.000,0.000,0.000,-14.979,-24.979,32.778,-33.222
2026-01-27 11:08:18.739,15.901,-3.630,-101.830,-0.328,-0.703,-0.713,-2.082,-0.139,-9.470,0.000,0.000,0.000,0.000,0.000,0.000,-15.177,-25.177,32.774,-33.226
2026-01-27 11:08:18.761,15.157,-4.830,-101.246,-0.486,-0.703,-0.757,-1.675,-0.220,-8.833,0.000,0.000,0.000,0.000,0.000,0.000,-11.720,-21.720,33.402,-32.598
2026-01-27 11:08:18.771,14.718,-5.568,-100.555,-0.486,-0.703,-0.757,-1.493,-0.397,-8.546,0.000,0.000,0.000,0.000,0.000,0.000,-11.222,-21.222,33.192,-32.808
2026-01-27 11:08:18.792,14.077,-6.575,-99.703,-0.304,-0.494,-0.884,-1.292,-0.569,-8.364,0.000,0.000,0.000,0.000,0.000,0.000,-13.294,-23.294,35.131,-30.869
2026-01-27 11:08:18.813,13.735,-7.099,-98.926,-0.304,-0.494,-0.884,-1.311,-0.780,-8.130,0.000,0.000,0.000,0.000,0.000,0.000,-12.614,-22.614,35.002,-30.998
2026-01-27 11:08:18.834,13.252,-7.660,-97.791,-0.192,-0.124,-0.835,-1.522,-0.991,-7.919,0.000,0.000,0.000,0.000,0.000,0.000,-13.739,-23.739,34.226,-31.774
2026-01-27 11:08:18.855,12.965,-7.810,-97.106,-0.192,-0.124,-0.835,-1.861,-1.144,-7.862,0.000,0.000,0.000,0.000,0.000,0.000,-13.158,-23.158,34.442,-31.558
2026-01-27 11:08:18.877,12.567,-7.823,-95.973,-0.277,0.328,-0.724,-1.684,-1.010,-8.106,0.000,0.000,0.000,0.000,0.000,0.000,-11.020,-21.020,32.406,-32.457
2026-01-27 11:08:18.897,12.083,-7.514,-95.226,-0.277,0.328,-0.724,-1.560,-0.804,-8.345,0.000,0.000,0.000,0.000,0.000,0.000,-10.416,-20.416,33.427,-32.573
2026-01-27 11:08:18.917,11.121,-6.869,-93.953,-0.706,0.634,-0.665,-1.479,-0.775,-8.489,0.000,0.000,0.000,0.000,0.000,0.000,-1.646,-11.646,28.475,-28.025
2026-01-27 11:08:18.938,10.437,-6.407,-93.225,-0.706,0.634,-0.665,-1.244,-0.943,-8.527,0.000,0.000,0.000,0.000,0.000,0.000,-1.194,-11.194,29.370,-27.615
2026-01-27 11:08:18.960,9.386,-5.558,-92.151,-0.601,0.663,-0.365,-1.048,-1.230,-8.580,0.000,0.000,0.000,0.000,0.000,0.000,-1.249,-11.249,24.948,-31.244
2026-01-27 11:08:18.981,8.891,-5.048,-91.619,-0.601,0.663,-0.201,-1.340,-1.287,-8.805,0.000,0.000,0.000,0.000,0.000,0.000,-0.169,-10.169,22.935,-32.578
2026-01-27 11:08:19.002,8.375,-4.190,-90.907,-0.206,0.654,-0.130,-1.172,-1.407,-8.924,0.000,0.000,0.000,0.000,0.000,0.000,-5.791,-15.791,20.972,-32.087
2026-01-27 11:08:19.012,8.225,-3.661,-90.509,-0.206,0.654,-0.136,-0.991,-0.924,-9.202,0.000,0.000,0.000,0.000,0.000,0.000,-4.929,-14.929,20.778,-30.986
2026-01-27 11:08:19.033,7.830,-2.322,-89.390,-0.151,0.408,-0.067,-1.120,-0.703,-8.996,0.000,0.000,0.000,0.000,0.000,0.000,-4.523,-14.523,0.000,-6.000
2026-01-27 11:08:19.064,7.749,-2.036,-89.102,-0.003,0.408,-0.017,-1.220,-0.632,-9.058,0.000,0.000,0.000,0.000,0.000,0.000,-7.102,-17.102,20.901,-33.487
2026-01-27 11:08:19.075,7.897,-1.683,-88.678,0.239,0.241,-0.002,-1.282,-0.914,-8.867,0.000,0.000,0.000,0.000,0.000,0.000,-11.578,-21.578,22.782,-35.879
2026-01-27 11:08:19.096,8.258,-1.395,-88.333,0.263,0.222,0.026,-1.282,-0.981,-8.824,0.000,0.000,0.000,0.000,0.000,0.000,-11.258,-21.258,22.347,-35.468
2026-01-27 11:08:19.117,8.470,-1.270,-87.993,0.263,0.222,0.026,-1.699,-1.168,-8.819,0.000,0.000,0.000,0.000,0.000,0.000,-12.173,-22.173,21.732,-35.883
2026-01-27 11:08:19.138,8.743,-1.101,-87.645,0.234,0.127,0.045,-1.469,-1.646,-8.867,0.000,0.000,0.000,0.000,0.000,0.000,-10.748,-20.748,22.275,-36.857
2026-01-27 11:08:19.159,8.972,-1.045,-87.403,0.234,0.127,0.045,-1.579,-1.981,-9.125,0.000,0.000,0.000,0.000,0.000,0.000,-12.510,-22.510,22.340,-37.387
2026-01-27 11:08:19.180,9.283,-0.846,-87.103,0.151,0.209,0.118,-1.689,-2.216,-9.312,0.000,0.000,0.000,0.000,0.000,0.000,-12.701,-22.701,20.581,-37.058
2026-01-27 11:08:19.201,9.416,-0.739,-86.872,0.151,0.209,0.118,-1.751,-2.498,-9.412,0.000,0.000,0.000,0.000,0.000,0.000,-11.933,-21.933,19.417,-36.884
2026-01-27 11:08:19.221,9.570,-0.659,-86.399,0.077,0.121,-0.050,-1.503,-3.005,-9.637,0.000,0.000,0.000,0.000,0.000,0.000,-11.205,-21.205,20.710,-36.883
2026-01-27 11:08:19.232,9.646,-0.674,-85.991,0.077,0.121,-0.050,-1.024,-3.445,-9.661,0.000,0.000,0.000,0.000,0.000,0.000,-11.167,-21.167,23.061,-35.635
2026-01-27 11:08:19.253,9.707,-0.780,-85.262,-0.004,0.093,-0.324,-0.636,-3.986,-9.494,0.000,0.000,0.000,0.000,0.000,0.000,-9.994,-19.994,27.934,-31.881
2026-01-27 11:08:19.274,9.759,-0.857,-84.506,-0.004,0.093,-0.324,-0.412,-5.020,-9.661,0.000,0.000,0.000,0.000,0.000,0.000,-10.143,-20.143,27.765,-32.320
2026-01-27 11:08:19.295,9.751,-0.654,-83.475,-0.005,0.683,-0.266,-0.010,-5.608,-10.049,0.000,0.000,0.000,0.000,0.000,0.000,-10.140,-20.140,16.724,-23.052
2026-01-27 11:08:19.316,9.899,-0.202,-82.586,-0.005,0.683,-0.266,-0.191,-5.560,-10.389,0.000,0.000,0.000,0.000,0.000,0.000,-10.296,-20.296,17.196,-23.231
2026-01-27 11:08:19.337,9.778,0.661,-81.390,-0.092,0.923,-0.262,-0.679,-5.077,-10.484,0.000,0.000,0.000,0.000,0.000,0.000,-8.755,-18.755,12.554,-18.150
2026-01-27 11:08:19.358,9.834,1.415,-80.027,0.059,0.699,-0.331,-0.962,-4.704,-10.355,0.000,0.000,0.000,0.000,0.000,0.000,-8.689,-18.689,11.916,-17.208
2026-01-27 11:08:19.389,10.018,1.689,-79.170,0.059,0.699,-0.331,-1.517,-3.608,-10.570,0.000,0.000,0.000,0.000,0.000,0.000,-11.312,-21.312,15.609,-18.740
2026-01-27 11:08:19.400,10.822,1.506,-77.986,0.947,0.005,-0.590,-1.512,-3.015,-10.633,0.000,0.000,0.000,0.000,0.000,0.000,-25.000,-35.000,29.778,-25.813
2026-01-27 11:08:19.424,12.372,0.871,-76.447,1.139,-0.236,-0.613,-1.814,-2.876,-10.963,0.000,0.000,0.000,0.000,0.000,0.000,-25.000,-35.000,29.751,-26.591
2026-01-27 11:08:19.435,13.371,0.303,-75.600,1.088,-0.236,-0.452,-3.307,-2.857,-11.006,0.000,0.000,0.000,0.000,0.000,0.000,-25.000,-35.000,31.550,-34.413
2026-01-27 11:08:19.457,15.134,-1.068,-74.549,1.370,-0.941,-0.356,-4.149,-2.216,-10.590,0.000,0.000,0.000,0.000,0.000,0.000,-25.000,-35.000,30.928,-35.072
2026-01-27 11:08:19.478,16.474,-2.191,-74.046,1.891,-1.321,-0.523,-4.488,-1.924,-10.527,0.000,0.000,0.000,0.000,0.000,0.000,-25.000,-35.000,30.325,-35.675
2026-01-27 11:08:19.499,19.226,-4.545,-73.194,1.984,-1.491,-0.716,-4.154,-1.407,-10.130,0.000,0.000,0.000,0.000,0.000,0.000,-25.000,-35.000,28.914,-37.086
2026-01-27 11:08:19.520,20.833,-6.056,-72.650,1.984,-1.491,-0.842,-4.192,-0.254,-9.451,0.000,0.000,0.000,0.000,0.000,0.000,-25.000,-35.000,30.929,-35.071
2026-01-27 11:08:19.541,22.849,-8.008,-71.594,1.684,-1.311,-0.834,-4.886,0.531,-9.317,0.000,0.000,0.000,0.000,0.000,0.000,-25.000,-35.000,28.345,-37.655
2026-01-27 11:08:19.562,24.537,-9.766,-71.219,1.684,-1.311,-0.834,-5.312,0.914,-9.121,0.000,0.000,0.000,0.000,0.000,0.000,-25.000,-35.000,26.243,-39.757
2026-01-27 11:08:19.573,26.477,-11.722,-70.612,1.238,-1.213,-0.683,-5.192,1.971,-8.556,0.000,0.000,0.000,0.000,0.000,0.000,-25.000,-35.000,20.976,-44.000
2026-01-27 11:08:19.594,27.406,-12.826,-70.358,1.238,-1.213,-0.683,-5.718,3.163,-8.106,0.000,0.000,0.000,0.000,0.000,0.000,-25.000,-35.000,19.760,-44.000
2026-01-27 11:08:19.615,28.656,-14.384,-70.107,0.856,-0.910,-0.641,-6.130,4.015,-7.891,0.000,0.000,0.000,0.000,0.000,0.000,-25.000,-35.000,16.753,-44.000
2026-01-27 11:08:19.636,29.290,-15.120,-70.054,0.856,-0.910,-0.690,-6.020,4.144,-7.407,0.000,0.000,0.000,0.000,0.000,0.000,-25.000,-35.000,16.586,-44.000
2026-01-27 11:08:19.657,29.959,-16.121,-69.990,0.289,-0.568,-0.837,-5.560,4.302,-6.728,0.000,0.000,0.000,0.000,0.000,0.000,-25.000,-35.000,17.685,-44.000
2026-01-27 11:08:19.678,30.073,-16.654,-69.859,-0.005,-0.568,-1.141,-4.278,4.144,-6.101,0.000,0.000,0.000,0.000,0.000,0.000,-24.920,-34.920,21.362,-44.000
2026-01-27 11:08:19.699,29.697,-17.429,-69.200,-0.311,-0.113,-1.409,-3.646,2.354,-5.804,0.000,0.000,0.000,0.000,0.000,0.000,-19.570,-29.570,25.593,-40.407
2026-01-27 11:08:19.720,29.299,-17.835,-68.664,-0.224,-0.113,-1.366,-4.015,1.019,-6.106,0.000,0.000,0.000,0.000,0.000,0.000,-21.644,-31.644,24.196,-41.804
2026-01-27 11:08:19.741,28.927,-18.258,-67.813,0.143,0.177,-1.146,-3.895,0.450,-6.857,0.000,0.000,0.000,0.000,0.000,0.000,-25.000,-35.000,20.235,-44.000
2026-01-27 11:08:19.762,28.874,-18.282,-67.401,0.013,0.356,-0.823,-3.771,0.105,-7.546,0.000,0.000,0.000,0.000,0.000,0.000,-25.000,-35.000,15.633,-44.000
2026-01-27 11:08:19.782,28.666,-17.917,-67.003,-0.115,0.432,-0.508,-3.953,-0.282,-8.077,0.000,0.000,0.000,0.000,0.000,0.000,-22.955,-32.955,9.326,-44.000
2026-01-27 11:08:19.793,28.525,-17.535,-66.891,-0.055,0.497,-0.218,-4.273,-0.809,-8.752,0.000,0.000,0.000,0.000,0.000,0.000,-24.169,-34.169,5.399,-44.000
2026-01-27 11:08:19.814,28.332,-16.688,-66.813,-0.151,0.463,0.036,-4.508,-1.369,-8.800,0.000,0.000,0.000,0.000,0.000,0.000,-22.491,-32.491,2.529,-44.000
2026-01-27 11:08:19.835,28.159,-16.189,-66.711,-0.198,0.319,0.042,-3.790,-1.215,-8.187,0.000,0.000,0.000,0.000,0.000,0.000,-22.028,-32.028,5.461,-44.000
2026-01-27 11:08:19.856,27.980,-15.626,-66.355,0.104,0.120,0.006,-4.603,-1.718,-8.604,0.000,0.000,0.000,0.000,0.000,0.000,-25.000,-35.000,6.730,-44.000
2026-01-27 11:08:19.876,28.199,-15.443,-66.132,0.636,-0.079,0.140,-5.570,-2.216,-9.240,0.000,0.000,0.000,0.000,0.000,0.000,-25.000,-35.000,4.625,-44.000
2026-01-27 11:08:19.897,29.167,-15.277,-65.860,0.724,-0.080,0.148,-5.010,-1.469,-9.350,0.000,0.000,0.000,0.000,0.000,0.000,-25.000,-35.000,3.901,-44.000
2026-01-27 11:08:19.918,29.673,-15.143,-65.567,0.170,0.005,0.000,-4.503,-1.268,-9.092,0.000,0.000,0.000,0.000,0.000,0.000,-25.000,-35.000,5.942,-44.000
2026-01-27 11:08:19.939,29.717,-15.079,-64.777,0.101,-0.005,-0.070,-5.273,-1.732,-9.183,0.000,0.000,0.000,0.000,0.000,0.000,-25.000,-35.000,7.208,-44.000
2026-01-27 11:08:19.960,29.840,-15.043,-64.112,0.194,0.007,-0.068,-4.852,-1.900,-9.321,0.000,0.000,0.000,0.000,0.000,0.000,-25.000,-35.000,6.941,-44.000
2026-01-27 11:08:19.981,29.826,-14.949,-63.269,0.009,0.077,-0.068,-4.833,-1.914,-9.537,0.000,0.000,0.000,0.000,0.000,0.000,-24.664,-34.664,7.044,-44.000
2026-01-27 11:08:20.002,29.809,-14.901,-62.531,0.017,0.028,-0.039,-5.101,-2.201,-9.728,0.000,0.000,0.000,0.000,0.000,0.000,-25.000,-35.000,6.662,-44.000
2026-01-27 11:08:20.023,29.816,-14.854,-61.721,0.206,-0.087,-0.017,-5.422,-2.105,-9.991,0.000,0.000,0.000,0.000,0.000,0.000,-25.000,-35.000,6.301,-44.000
2026-01-27 11:08:20.033,29.965,-14.945,-61.019,0.164,-0.198,-0.063,-5.450,-2.158,-9.972,0.000,0.000,0.000,0.000,0.000,0.000,-25.000,-35.000,6.865,-44.000
2026-01-27 11:08:20.054,30.089,-15.213,-60.317,0.093,-0.288,-0.150,-5.446,-2.335,-9.680,0.000,0.000,0.000,0.000,0.000,0.000,-25.000,-35.000,8.045,-44.000
2026-01-27 11:08:20.075,30.100,-15.547,-59.524,0.116,-0.330,-0.266,-5.355,-2.536,-9.432,0.000,0.000,0.000,0.000,0.000,0.000,-25.000,-35.000,9.264,-44.000
2026-01-27 11:08:20.096,30.107,-16.125,-58.480,0.017,-0.311,-0.363,-5.302,-2.464,-9.441,0.000,0.000,0.000,0.000,0.000,0.000,-25.000,-35.000,10.389,-44.000
2026-01-27 11:08:20.116,29.837,-16.485,-57.699,-0.307,-0.221,-0.407,-5.120,-2.321,-9.188,0.000,0.000,0.000,0.000,0.000,0.000,-20.398,-30.398,10.684,-44.000
2026-01-27 11:08:20.178,29.176,-16.974,-56.508,-0.445,-0.181,-0.391,-5.154,-2.684,-8.991,0.000,0.000,0.000,0.000,0.000,0.000,-17.975,-27.975,10.437,-44.000
2026-01-27 11:08:20.199,28.735,-17.155,-55.756,-0.326,-0.160,-0.271,-5.431,-2.771,-9.030,0.000,0.000,0.000,0.000,0.000,0.000,-20.110,-30.110,8.835,-44.000
2026-01-27 11:08:20.220,28.200,-17.444,-54.751,-0.319,-0.100,-0.235,-5.173,-2.507,-8.996,0.000,0.000,0.000,0.000,0.000,0.000,-20.241,-30.241,8.459,-44.000
2026-01-27 11:08:20.241,27.710,-17.439,-53.953,-0.467,0.202,-0.461,-4.527,-1.321,-9.369,0.000,0.000,0.000,0.000,0.000,0.000,-18.001,-28.001,12.222,-44.000
2026-01-27 11:08:20.261,25.996,-17.405,-52.061,-1.409,0.758,-0.845,-3.139,1.172,-9.365,0.000,0.000,0.000,0.000,0.000,0.000,-1.503,-11.503,11.682,-38.784
2026-01-27 11:08:20.283,22.621,-16.274,-49.727,-2.675,1.267,-1.063,-2.469,1.790,-9.188,0.000,0.000,0.000,0.000,0.000,0.000,15.123,5.123,10.668,-27.334
2026-01-27 11:08:20.303,19.730,-15.383,-48.070,-3.114,1.371,-0.855,-3.091,1.235,-8.972,0.000,0.000,0.000,0.000,0.000,0.000,21.707,11.707,10.473,-24.397
2026-01-27 11:08:20.314,15.600,-13.664,-46.094,-2.373,1.225,-0.324,-4.479,1.943,-8.977,0.000,0.000,0.000,0.000,0.000,0.000,14.443,4.443,9.149,-30.099
2026-01-27 11:08:20.335,13.501,-12.230,-45.481,-1.656,1.117,0.043,-3.665,2.479,-8.475,0.000,0.000,0.000,0.000,0.000,0.000,6.343,-3.657,6.820,-35.656
2026-01-27 11:08:20.355,12.018,-11.118,-45.192,-1.833,1.207,-0.089,-1.273,2.991,-8.120,0.000,0.000,0.000,0.000,0.000,0.000,12.493,2.493,9.495,-30.297
2026-01-27 11:08:20.376,9.621,-9.624,-44.815,-1.927,1.388,-0.195,-1.091,3.086,-8.805,0.000,0.000,0.000,0.000,0.000,0.000,18.062,8.062,10.533,-23.826
2026-01-27 11:08:20.397,7.485,-7.344,-44.776,-1.719,1.358,0.140,-1.861,2.785,-10.121,0.000,0.000,0.000,0.000,0.000,0.000,18.860,8.860,8.045,-27.208
2026-01-27 11:08:20.417,6.376,-6.161,-45.155,-1.312,1.089,0.577,-1.450,2.350,-10.733,0.000,0.000,0.000,0.000,0.000,0.000,14.437,4.437,6.317,-37.022
2026-01-27 11:08:20.439,4.772,-4.732,-46.229,-1.277,0.578,0.794,0.048,2.771,-10.121,0.000,0.000,0.000,0.000,0.000,0.000,16.556,6.556,11.346,-44.000
2026-01-27 11:08:20.461,3.451,-4.170,-47.317,-1.317,0.160,0.915,0.445,3.086,-9.250,0.000,0.000,0.000,0.000,0.000,0.000,19.384,9.384,14.518,-44.000
2026-01-27 11:08:20.481,2.604,-3.974,-48.402,-1.073,-0.072,1.255,-0.689,2.216,-8.709,0.000,0.000,0.000,0.000,0.000,0.000,16.961,6.961,9.834,-44.000
2026-01-27 11:08:20.502,1.807,-3.801,-50.844,-0.541,-0.107,1.715,-1.369,0.790,-8.326,0.000,0.000,0.000,0.000,0.000,0.000,10.282,0.282,3.361,-44.000
2026-01-27 11:08:20.523,1.803,-3.612,-53.138,-0.130,-0.031,1.876,-0.321,1.325,-7.513,0.000,0.000,0.000,0.000,0.000,0.000,4.154,-5.846,0.966,-44.000
2026-01-27 11:08:20.534,2.077,-3.423,-55.269,0.144,-0.026,1.653,0.435,1.440,-7.264,0.000,0.000,0.000,0.000,0.000,0.000,-0.440,-10.440,4.163,-44.000
2026-01-27 11:08:20.554,2.432,-3.105,-57.141,0.189,0.107,1.489,0.148,-0.244,-7.929,0.000,0.000,0.000,0.000,0.000,0.000,-1.689,-11.689,6.463,-44.000
2026-01-27 11:08:20.575,2.673,-2.738,-58.415,0.174,0.320,1.474,0.177,-1.804,-9.140,0.000,0.000,0.000,0.000,0.000,0.000,-1.814,-11.814,3.387,-44.000
2026-01-27 11:08:20.596,2.843,-2.078,-60.350,-0.018,0.322,1.459,0.689,-1.919,-9.121,0.000,0.000,0.000,0.000,0.000,0.000,0.821,-9.179,2.511,-44.000
2026-01-27 11:08:20.617,2.736,-1.733,-61.352,-0.219,0.292,1.299,1.163,-0.833,-8.101,0.000,0.000,0.000,0.000,0.000,0.000,4.007,-5.993,4.980,-44.000
2026-01-27 11:08:20.638,2.386,-1.097,-62.798,-0.261,0.440,1.172,1.249,-1.105,-7.656,0.000,0.000,0.000,0.000,0.000,0.000,5.232,-4.768,3.862,-44.000
2026-01-27 11:08:20.661,2.274,-0.263,-64.173,-0.097,0.734,1.247,0.435,-2.718,-9.168,0.000,0.000,0.000,0.000,0.000,0.000,2.964,-7.036,-2.389,-42.902
2026-01-27 11:08:20.682,2.132,0.410,-65.078,-0.211,0.919,1.413,0.268,-2.570,-9.977,0.000,0.000,0.000,0.000,0.000,0.000,4.859,-5.141,-8.941,-41.100
2026-01-27 11:08:20.703,0.900,2.491,-67.362,-0.476,0.785,1.076,1.072,-1.067,-7.776,0.000,0.000,0.000,0.000,0.000,0.000,10.704,0.704,0.000,-6.000
2026-01-27 11:08:20.724,0.651,3.648,-68.252,0.130,0.996,0.856,1.278,-2.637,-9.527,0.000,0.000,0.000,0.000,0.000,0.000,2.116,-7.884,-2.033,-30.045
2026-01-27 11:08:20.734,0.702,4.264,-68.699,-0.144,1.191,1.010,0.488,-2.292,-10.958,0.000,0.000,0.000,0.000,0.000,0.000,6.086,-3.914,-12.127,-24.568
2026-01-27 11:08:20.755,-0.022,5.709,-69.666,-0.643,1.217,1.239,0.254,-1.024,-9.891,0.000,0.000,0.000,0.000,0.000,0.000,14.684,4.684,-18.011,-25.145
2026-01-27 11:08:20.776,-1.183,7.137,-71.158,-0.693,1.133,1.392,0.053,0.397,-7.666,0.000,0.000,0.000,0.000,0.000,0.000,16.463,6.463,-20.388,-27.070
2026-01-27 11:08:20.797,-1.361,8.035,-72.044,0.258,1.271,1.192,-0.062,-1.440,-9.298,0.000,0.000,0.000,0.000,0.000,0.000,3.190,-6.810,-21.736,-19.526
2026-01-27 11:08:20.818,-0.674,9.501,-73.464,0.816,1.329,1.365,-0.732,-2.345,-12.116,0.000,0.000,0.000,0.000,0.000,0.000,-7.732,-17.732,-28.595,-19.038
2026-01-27 11:08:20.839,-0.554,10.454,-74.808,0.343,1.086,1.725,-0.880,-0.622,-11.791,0.000,0.000,0.000,0.000,0.000,0.000,0.688,-9.312,-31.453,-26.155
2026-01-27 11:08:20.860,-0.531,11.311,-76.525,0.264,0.805,1.663,-0.943,-0.651,-12.068,0.000,0.000,0.000,0.000,0.000,0.000,1.835,-8.165,-27.936,-27.848
2026-01-27 11:08:20.880,-0.108,12.092,-78.548,0.771,0.698,1.547,-9.336,-8.149,-28.175,0.000,0.000,0.000,0.000,0.000,0.000,-6.480,-16.480,-26.085,-26.310
2026-01-27 11:08:20.901,0.370,12.275,-80.338,0.667,0.230,1.751,-3.345,-1.646,-15.226,0.000,0.000,0.000,0.000,0.000,0.000,-5.303,-15.303,-22.560,-36.007
2026-01-27 11:08:20.922,0.472,11.883,-81.839,0.306,-0.535,1.916,-3.388,-0.249,-13.025,0.000,0.000,0.000,0.000,0.000,0.000,-0.295,-10.295,-12.814,-44.000
2026-01-27 11:08:20.943,0.717,10.400,-84.283,0.517,-1.115,1.710,-2.866,0.234,-11.111,0.000,0.000,0.000,0.000,0.000,0.000,-3.412,-13.412,0.842,-44.000
2026-01-27 11:08:20.964,1.474,9.223,-85.461,1.304,-1.311,1.273,-2.436,-0.211,-11.929,0.000,0.000,0.000,0.000,0.000,0.000,-16.780,-26.780,10.682,-44.000
2026-01-27 11:08:20.975,3.108,7.067,-87.153,1.196,-1.503,1.089,-2.713,-0.201,-12.374,0.000,0.000,0.000,0.000,0.000,0.000,-17.831,-27.831,12.987,-44.000
2026-01-27 11:08:20.996,3.871,5.183,-88.450,0.562,-1.643,1.013,-2.986,0.005,-11.518,0.000,0.000,0.000,0.000,0.000,0.000,-9.093,-19.093,13.887,-44.000
2026-01-27 11:08:21.017,4.224,3.833,-89.289,0.355,-1.506,0.735,-2.838,-0.110,-10.432,0.000,0.000,0.000,0.000,0.000,0.000,-6.778,-16.778,17.725,-44.000
2026-01-27 11:08:21.038,4.890,1.775,-90.360,0.487,-1.364,0.430,-2.723,-0.761,-10.039,0.000,0.000,0.000,0.000,0.000,0.000,-9.950,-19.950,21.784,-44.000
2026-01-27 11:08:21.059,5.323,0.357,-91.016,0.261,-1.173,0.320,-3.125,-1.517,-9.484,0.000,0.000,0.000,0.000,0.000,0.000,-6.659,-16.659,23.324,-42.676
2026-01-27 11:08:21.080,5.328,-0.521,-91.411,-0.047,-0.720,0.198,-2.785,-1.675,-9.001,0.000,0.000,0.000,0.000,0.000,0.000,-2.590,-12.590,24.812,-41.188
2026-01-27 11:08:21.101,5.351,-1.181,-91.803,-0.200,-0.341,0.021,-2.608,-2.091,-8.766,0.000,0.000,0.000,0.000,0.000,0.000,-0.354,-10.354,27.351,-38.649
2026-01-27 11:08:21.123,5.182,-1.408,-91.871,-0.315,-0.123,-0.117,-2.345,-1.933,-8.613,0.000,0.000,0.000,0.000,0.000,0.000,1.629,-8.371,29.472,-36.528
2026-01-27 11:08:21.143,4.827,-1.607,-91.746,-0.341,-0.004,-0.285,-1.909,-1.689,-8.771,0.000,0.000,0.000,0.000,0.000,0.000,2.598,-7.402,32.034,-33.763
2026-01-27 11:08:21.164,4.623,-1.663,-91.493,-0.288,0.066,-0.492,-1.254,-1.168,-9.192,0.000,0.000,0.000,0.000,0.000,0.000,2.077,-7.923,34.229,-29.610
2026-01-27 11:08:21.175,4.211,-1.713,-90.852,-0.386,0.086,-0.646,-0.866,-0.426,-9.656,0.000,0.000,0.000,0.000,0.000,0.000,4.229,-5.771,36.500,-26.899
2026-01-27 11:08:21.195,3.623,-1.820,-90.270,-0.535,0.071,-0.683,-0.809,-0.359,-9.905,0.000,0.000,0.000,0.000,0.000,0.000,7.014,-2.986,37.492,-26.465
2026-01-27 11:08:21.216,3.210,-1.875,-89.669,-0.503,0.018,-0.720,-0.455,-0.249,-10.030,0.000,0.000,0.000,0.000,0.000,0.000,7.511,-2.489,38.000,-26.657
2026-01-27 11:08:21.237,2.645,-1.986,-89.066,-0.457,-0.099,-0.735,-0.129,-0.158,-10.255,0.000,0.000,0.000,0.000,0.000,0.000,7.738,-2.262,38.000,-26.177
2026-01-27 11:08:21.258,1.998,-2.368,-88.467,-0.501,-0.218,-0.689,0.134,-0.120,-10.350,0.000,0.000,0.000,0.000,0.000,0.000,8.989,-1.011,38.000,-26.702
2026-01-27 11:08:21.279,1.530,-2.618,-88.100,-0.511,-0.294,-0.605,0.359,-0.234,-10.221,0.000,0.000,0.000,0.000,0.000,0.000,10.262,0.262,38.000,-27.653
2026-01-27 11:08:21.299,0.997,-3.045,-87.773,-0.450,-0.370,-0.527,0.617,-0.268,-9.972,0.000,0.000,0.000,0.000,0.000,0.000,10.204,0.204,37.432,-28.568
2026-01-27 11:08:21.321,0.330,-3.646,-87.526,-0.464,-0.425,-0.423,0.732,-0.330,-9.896,0.000,0.000,0.000,0.000,0.000,0.000,11.023,1.023,36.046,-29.954
2026-01-27 11:08:21.341,-0.110,-4.028,-87.509,-0.501,-0.459,-0.295,0.756,-0.574,-9.776,0.000,0.000,0.000,0.000,0.000,0.000,12.684,2.684,34.483,-31.517
2026-01-27 11:08:21.362,-0.759,-4.683,-87.593,-0.425,-0.481,-0.192,0.622,-0.732,-9.733,0.000,0.000,0.000,0.000,0.000,0.000,12.180,2.180,33.144,-32.856
2026-01-27 11:08:21.383,-1.054,-5.084,-87.725,-0.350,-0.477,-0.109,0.651,-0.804,-9.599,0.000,0.000,0.000,0.000,0.000,0.000,11.941,1.941,32.208,-33.792
2026-01-27 11:08:21.404,-1.476,-5.571,-87.955,-0.372,-0.435,-0.046,0.727,-0.775,-9.369,0.000,0.000,0.000,0.000,0.000,0.000,12.971,2.971,31.529,-34.471
2026-01-27 11:08:21.425,-2.013,-6.102,-88.290,-0.379,-0.383,-0.021,0.708,-0.890,-9.168,0.000,0.000,0.000,0.000,0.000,0.000,13.749,3.749,31.416,-34.584
2026-01-27 11:08:21.435,-2.264,-6.425,-88.503,-0.292,-0.395,-0.005,0.727,-1.081,-9.221,0.000,0.000,0.000,0.000,0.000,0.000,13.026,3.026,31.412,-34.588
2026-01-27 11:08:21.456,-2.640,-6.999,-88.882,-0.238,-0.453,0.026,0.756,-1.148,-9.207,0.000,0.000,0.000,0.000,0.000,0.000,12.878,2.878,31.235,-34.765
2026-01-27 11:08:21.477,-2.795,-7.366,-89.161,-0.179,-0.458,0.084,0.593,-1.397,-9.197,0.000,0.000,0.000,0.000,0.000,0.000,12.218,2.218,30.462,-35.538
2026-01-27 11:08:21.498,-2.881,-7.830,-89.590,-0.103,-0.360,0.152,0.617,-1.680,-9.188,0.000,0.000,0.000,0.000,0.000,0.000,11.239,1.239,29.533,-36.467
2026-01-27 11:08:21.519,-2.935,-8.206,-90.154,-0.021,-0.278,0.225,0.622,-1.842,-9.178,0.000,0.000,0.000,0.000,0.000,0.000,10.119,0.119,28.520,-37.480
2026-01-27 11:08:21.539,-2.758,-8.447,-90.704,0.124,-0.224,0.297,0.426,-2.105,-9.106,0.000,0.000,0.000,0.000,0.000,0.000,7.655,-2.345,27.335,-38.665
2026-01-27 11:08:21.560,-2.274,-8.612,-91.435,0.418,-0.147,0.319,0.541,-1.699,-9.025,0.000,0.000,0.000,0.000,0.000,0.000,2.411,-7.589,26.694,-39.306
2026-01-27 11:08:21.581,-1.889,-8.792,-92.055,0.308,-0.101,0.363,0.727,-0.847,-9.475,0.000,0.000,0.000,0.000,0.000,0.000,3.478,-6.522,25.800,-40.200
2026-01-27 11:08:21.602,-1.763,-8.956,-92.968,-0.009,-0.137,0.390,0.770,-0.565,-9.623,0.000,0.000,0.000,0.000,0.000,0.000,8.020,-1.980,25.326,-40.674
2026-01-27 11:08:21.623,-1.709,-9.168,-93.516,-0.000,-0.243,0.387,0.751,-0.885,-9.551,0.000,0.000,0.000,0.000,0.000,0.000,7.809,-2.191,25.350,-40.650
2026-01-27 11:08:21.644,-1.536,-9.538,-94.477,0.146,-0.342,0.441,0.823,-1.302,-9.728,0.000,0.000,0.000,0.000,0.000,0.000,5.332,-4.668,24.432,-41.568
2026-01-27 11:08:21.731,-1.242,-9.914,-95.184,0.193,-0.383,0.548,0.732,-1.790,-9.810,0.000,0.000,0.000,0.000,0.000,0.000,4.162,-5.838,22.652,-43.348
2026-01-27 11:08:21.732,-0.896,-10.409,-96.490,0.147,-0.356,0.647,0.450,-2.302,-9.671,0.000,0.000,0.000,0.000,0.000,0.000,4.245,-5.755,20.924,-44.000
2026-01-27 11:08:21.732,-0.661,-10.629,-97.327,0.167,-0.266,0.692,0.110,-2.761,-9.546,0.000,0.000,0.000,0.000,0.000,0.000,3.592,-6.408,20.090,-44.000
2026-01-27 11:08:21.732,-0.301,-10.860,-98.686,0.143,-0.133,0.674,-0.191,-2.905,-9.479,0.000,0.000,0.000,0.000,0.000,0.000,3.322,-6.678,20.087,-44.000
2026-01-27 11:08:21.747,-0.134,-10.866,-99.423,0.102,-0.000,0.593,-0.426,-2.905,-9.321,0.000,0.000,0.000,0.000,0.000,0.000,3.689,-6.311,21.197,-44.000
2026-01-27 11:08:21.758,0.080,-10.764,-100.487,0.063,0.113,0.461,-0.598,-2.847,-9.293,0.000,0.000,0.000,0.000,0.000,0.000,3.902,-6.098,23.013,-42.987
2026-01-27 11:08:21.779,0.171,-10.575,-101.112,0.032,0.195,0.303,-0.627,-2.479,-9.489,0.000,0.000,0.000,0.000,0.000,0.000,4.235,-5.765,25.339,-40.661
2026-01-27 11:08:21.800,0.165,-10.416,-101.459,-0.037,0.216,0.165,-0.632,-2.479,-9.738,0.000,0.000,0.000,0.000,0.000,0.000,5.286,-4.714,27.406,-38.594
2026-01-27 11:08:21.820,0.032,-10.212,-101.907,-0.129,0.174,0.054,-0.459,-2.158,-9.738,0.000,0.000,0.000,0.000,0.000,0.000,6.898,-3.102,29.170,-36.830
2026-01-27 11:08:21.842,-0.084,-10.143,-102.063,-0.136,0.117,-0.045,-0.459,-2.158,-9.676,0.000,0.000,0.000,0.000,0.000,0.000,7.184,-2.816,30.730,-35.270
2026-01-27 11:08:21.863,-0.262,-10.094,-102.254,-0.113,0.060,-0.107,-0.100,-2.043,-9.676,0.000,0.000,0.000,0.000,0.000,0.000,7.147,-2.853,31.790,-34.210
2026-01-27 11:08:21.884,-0.348,-10.140,-102.359,-0.097,-0.018,-0.108,-0.100,-2.043,-9.599,0.000,0.000,0.000,0.000,0.000,0.000,7.030,-2.970,31.859,-34.141
2026-01-27 11:08:21.905,-0.425,-10.231,-102.553,-0.035,-0.037,-0.086,0.239,-1.928,-4.914,0.000,0.000,0.000,0.000,0.000,0.000,6.235,-3.765,31.596,-34.404
2026-01-27 11:08:21.925,-0.430,-10.240,-102.687,-0.001,0.017,-0.069,0.239,-1.928,-9.422,0.000,0.000,0.000,0.000,0.000,0.000,5.729,-4.271,31.343,-34.657
2026-01-27 11:08:21.936,-0.499,-10.147,-102.926,-0.054,0.107,-0.054,0.440,-1.560,-9.503,0.000,0.000,0.000,0.000,0.000,0.000,6.653,-3.347,31.171,-34.829
2026-01-27 11:08:21.956,-0.612,-10.024,-103.077,-0.127,0.163,-0.044,0.440,-1.560,-9.479,0.000,0.000,0.000,0.000,0.000,0.000,7.915,-2.085,31.084,-34.916
2026-01-27 11:08:21.977,-0.777,-9.858,-103.357,-0.103,0.124,-0.022,0.483,-1.507,-9.470,0.000,0.000,0.000,0.000,0.000,0.000,7.852,-2.148,30.883,-35.117
2026-01-27 11:08:22.009,-0.804,-9.807,-103.550,-0.027,0.069,0.009,0.483,-1.507,-9.470,0.000,0.000,0.000,0.000,0.000,0.000,6.728,-3.272,30.430,-35.570
2026-01-27 11:08:22.020,-0.806,-9.756,-103.920,0.005,0.042,0.051,0.412,-1.756,-9.599,0.000,0.000,0.000,0.000,0.000,0.000,6.254,-3.746,29.792,-36.208
2026-01-27 11:08:22.041,-0.776,-9.725,-104.182,0.022,0.036,0.092,0.412,-1.756,-9.680,0.000,0.000,0.000,0.000,0.000,0.000,5.945,-4.055,29.162,-36.838
2026-01-27 11:08:22.062,-0.756,-9.677,-104.631,0.010,0.049,0.107,0.321,-1.847,-9.685,0.000,0.000,0.000,0.000,0.000,0.000,6.106,-3.894,28.924,-37.076
2026-01-27 11:08:22.083,-0.792,-9.624,-104.938,-0.050,0.066,0.108,0.321,-1.847,-9.642,0.000,0.000,0.000,0.000,0.000,0.000,7.058,-2.942,28.931,-37.069
2026-01-27 11:08:22.104,-0.864,-9.537,-105.335,-0.055,0.077,0.098,0.091,-1.909,-9.604,0.000,0.000,0.000,0.000,0.000,0.000,7.259,-2.741,29.123,-36.877
2026-01-27 11:08:22.125,-0.865,-9.479,-105.591,-0.012,0.069,0.064,0.091,-1.909,-9.714,0.000,0.000,0.000,0.000,0.000,0.000,6.602,-3.398,29.632,-36.368
2026-01-27 11:08:22.136,-0.881,-9.445,-105.890,0.002,0.040,0.027,0.206,-1.842,-9.790,0.000,0.000,0.000,0.000,0.000,0.000,6.421,-3.579,30.202,-35.798
2026-01-27 11:08:22.157,-0.920,-9.424,-106.122,-0.045,0.039,0.009,0.206,-1.842,-9.824,0.000,0.000,0.000,0.000,0.000,0.000,7.187,-2.813,30.499,-35.501
2026-01-27 11:08:22.178,-1.020,-9.343,-106.337,-0.066,0.074,-0.001,0.311,-1.804,-9.719,0.000,0.000,0.000,0.000,0.000,0.000,7.676,-2.324,30.710,-35.290
2026-01-27 11:08:22.210,-1.135,-9.235,-106.601,-0.076,0.091,-0.003,0.325,-1.727,-9.700,0.000,0.000,0.000,0.000,0.000,0.000,7.915,-2.085,30.780,-35.220
2026-01-27 11:08:22.231,-1.210,-9.174,-106.767,-0.082,0.085,0.010,0.368,-1.641,-9.666,0.000,0.000,0.000,0.000,0.000,0.000,8.221,-1.779,30.671,-35.329
2026-01-27 11:08:22.241,-1.331,-9.092,-107.079,-0.086,0.068,0.040,0.282,-1.713,-9.609,0.000,0.000,0.000,0.000,0.000,0.000,8.401,-1.599,30.254,-35.746
2026-01-27 11:08:22.262,-1.338,-9.065,-107.267,-0.009,0.042,0.042,0.297,-1.646,-9.613,0.000,0.000,0.000,0.000,0.000,0.000,7.326,-2.674,30.273,-35.727
2026-01-27 11:08:22.282,-1.343,-9.065,-107.568,-0.003,0.007,0.032,0.354,-1.598,-9.700,0.000,0.000,0.000,0.000,0.000,0.000,7.253,-2.747,30.420,-35.580
2026-01-27 11:08:22.303,-1.380,-9.073,-107.746,-0.038,-0.003,0.032,0.330,-1.675,-9.656,0.000,0.000,0.000,0.000,0.000,0.000,7.843,-2.157,30.446,-35.554
2026-01-27 11:08:22.325,-1.443,-9.039,-108.233,-0.022,0.038,0.012,0.364,-1.708,-9.652,0.000,0.000,0.000,0.000,0.000,0.000,7.676,-2.324,0.000,-6.000
2026-01-27 11:08:22.346,-1.538,-9.004,-108.387,-0.105,0.051,0.019,0.383,-1.895,-9.781,0.000,0.000,0.000,0.000,0.000,0.000,9.107,-0.893,30.739,-35.261
2026-01-27 11:08:22.357,-2.074,-8.907,-108.618,-0.442,0.098,0.000,-0.177,-2.728,-9.704,0.000,0.000,0.000,0.000,0.000,0.000,15.102,5.102,31.406,-34.594
2026-01-27 11:08:22.377,-1.738,-8.790,-108.593,0.418,0.152,-0.187,0.373,-1.967,-9.159,0.000,0.000,0.000,0.000,0.000,0.000,1.585,-8.415,33.961,-32.039
2026-01-27 11:08:22.398,-1.584,-8.631,-108.642,0.056,0.130,-0.102,0.124,-0.703,-9.977,0.000,0.000,0.000,0.000,0.000,0.000,6.740,-3.260,32.570,-33.430
2026-01-27 11:08:22.419,-1.789,-8.606,-108.713,-0.231,0.040,-0.072,0.440,-0.703,-9.652,0.000,0.000,0.000,0.000,0.000,0.000,11.396,1.396,32.259,-33.741
2026-01-27 11:08:22.440,-2.074,-8.649,-108.710,-0.163,-0.047,-0.175,0.909,-1.263,-9.594,0.000,0.000,0.000,0.000,0.000,0.000,10.870,0.870,33.994,-32.006
2026-01-27 11:08:22.461,-1.989,-8.679,-108.703,0.128,-0.044,-0.159,0.909,-1.263,-9.475,0.000,0.000,0.000,0.000,0.000,0.000,6.340,-3.660,33.689,-32.311
2026-01-27 11:08:22.482,-2.089,-8.700,-108.912,-0.105,-0.011,0.030,0.278,-2.570,-9.776,0.000,0.000,0.000,0.000,0.000,0.000,10.021,0.021,30.934,-35.065
2026-01-27 11:08:22.503,-2.536,-8.589,-109.142,-0.531,0.134,0.111,0.278,-2.570,-9.589,0.000,0.000,0.000,0.000,0.000,0.000,17.107,7.107,29.998,-36.002
2026-01-27 11:08:22.524,-2.514,-7.667,-109.264,-0.025,0.298,-0.167,-0.254,-1.751,-9.819,0.000,0.000,0.000,0.000,0.000,0.000,9.453,-0.547,0.000,-6.000
2026-01-27 11:08:22.544,-2.831,-7.431,-108.953,-0.214,0.200,-0.317,0.292,-1.129,-9.695,0.000,0.000,0.000,0.000,0.000,0.000,12.842,2.842,36.527,-29.473
2026-01-27 11:08:22.565,-2.886,-7.327,-108.584,-0.022,0.128,-0.490,0.292,-1.129,-9.360,0.000,0.000,0.000,0.000,0.000,0.000,10.014,0.014,38.000,-26.873
2026-01-27 11:08:22.585,-3.083,-7.131,-107.978,-0.111,0.141,-0.488,0.957,-0.857,-9.350,0.000,0.000,0.000,0.000,0.000,0.000,11.677,1.677,38.000,-26.794
2026-01-27 11:08:22.596,-3.229,-6.944,-107.654,-0.125,0.211,-0.456,0.957,-0.857,-9.465,0.000,0.000,0.000,0.000,0.000,0.000,12.090,2.090,38.000,-27.211
2026-01-27 11:08:22.617,-3.477,-6.567,-107.219,-0.136,0.267,-0.389,1.163,-0.813,-9.575,0.000,0.000,0.000,0.000,0.000,0.000,12.684,2.684,37.902,-28.098
2026-01-27 11:08:22.638,-3.568,-6.284,-107.061,-0.101,0.283,-0.303,1.163,-0.813,-9.628,0.000,0.000,0.000,0.000,0.000,0.000,12.260,2.260,36.621,-29.379
2026-01-27 11:08:22.658,-3.705,-5.979,-106.913,-0.038,0.219,-0.206,1.144,-0.660,-9.704,0.000,0.000,0.000,0.000,0.000,0.000,11.542,1.542,35.217,-30.783
2026-01-27 11:08:22.680,-3.676,-5.834,-106.916,0.035,0.134,-0.128,1.144,-0.660,-9.853,0.000,0.000,0.000,0.000,0.000,0.000,10.372,0.372,34.014,-31.986
2026-01-27 11:08:22.701,-3.628,-5.765,-107.000,0.076,0.044,-0.053,1.053,-0.756,-9.905,0.000,0.000,0.000,0.000,0.000,0.000,9.679,-0.321,32.859,-33.141
2026-01-27 11:08:22.722,-3.577,-5.761,-107.120,0.070,-0.005,-0.003,1.053,-0.756,-9.924,0.000,0.000,0.000,0.000,0.000,0.000,9.682,-0.318,32.080,-33.920
2026-01-27 11:08:22.743,-3.499,-5.788,-107.321,0.076,-0.021,0.028,0.967,-0.986,-9.910,0.000,0.000,0.000,0.000,0.000,0.000,9.474,-0.526,31.574,-34.426
2026-01-27 11:08:22.764,-3.501,-5.814,-107.507,0.014,-0.029,0.069,0.967,-0.986,-9.862,0.000,0.000,0.000,0.000,0.000,0.000,10.409,0.409,30.956,-35.044
2026-01-27 11:08:22.785,-3.453,-5.858,-107.765,0.053,-0.035,0.074,0.790,-1.024,-9.795,0.000,0.000,0.000,0.000,0.000,0.000,9.740,-0.260,30.869,-35.131
2026-01-27 11:08:22.796,-3.423,-5.891,-107.982,0.046,-0.036,0.067,0.790,-1.024,-9.814,0.000,0.000,0.000,0.000,0.000,0.000,9.807,-0.193,30.951,-35.049
2026-01-27 11:08:22.817,-3.436,-5.966,-108.185,-0.001,-0.047,0.065,0.603,-1.187,-9.814,0.000,0.000,0.000,0.000,0.000,0.000,10.539,0.539,31.001,-34.999
2026-01-27 11:08:22.837,-3.413,-6.051,-108.385,0.020,-0.085,0.066,0.306,-0.598,-9.776,0.000,0.000,0.000,0.000,0.000,0.000,10.182,0.182,30.978,-35.022
2026-01-27 11:08:22.858,-3.370,-6.208,-108.581,0.059,-0.120,0.054,0.679,-1.062,-9.776,0.000,0.000,0.000,0.000,0.000,0.000,9.543,-0.457,31.146,-34.854
2026-01-27 11:08:22.878,-3.327,-6.381,-108.802,0.031,-0.131,0.054,0.679,-1.062,-9.771,0.000,0.000,0.000,0.000,0.000,0.000,9.930,-0.070,31.145,-34.855
2026-01-27 11:08:22.910,24.690,0.610,-61.585,0.083,0.107,0.148,-4.115,0.153,-8.853,0.000,0.000,10.265,0.265,30.846,-35.154,-25.000,-35.000,11.573,-40.360
